<COLLADA xmlns="http://www.collada.org/2005/11/COLLADASchema" version="1.4.1">
  <asset>
    <created>2026-09-17T15:28:49.691386</created>
    <modified>2026-09-17T15:28:49.691386</modified>
    <up_axis>Z_UP</up_axis>
  </asset>
  <library_effects>
    <effect id="55416b7ad53d434db5215cefe525ba13" name="55416b7ad53d434db5215cefe525ba13">
      <profile_COMMON>
        <technique sid="common">
          <phong>
            <emission>
              <color>0.0 0.0 0.0 1.0</color>
            </emission>
            <ambient>
              <color>0.0 0.0 0.0 1.0</color>
            </ambient>
            <diffuse>
              <color>0.7058823529411765 0.7058823529411765 0.7254901960784313 1.0</color>
            </diffuse>
            <specular>
              <color>0.0 0.0 0.0 1.0</color>
            </specular>
            <shininess>
              <float>0.0</float>
            </shininess>
            <reflective>
              <color>0.0 0.0 0.0 1.0</color>
            </reflective>
            <reflectivity>
              <float>0.0</float>
            </reflectivity>
            <transparent>
              <color>0.0 0.0 0.0 1.0</color>
            </transparent>
            <transparency>
              <float>1.0</float>
            </transparency>
          </phong>
        </technique>
        <extra>
          <technique profile="GOOGLEEARTH">
            <double_sided>0</double_sided>
          </technique>
        </extra>
      </profile_COMMON>
    </effect>
  </library_effects>
  <library_geometries>
    <geometry id="7fb737e78e8149119bd4e454df4b234b" name="4b983393b17e4a369a510787271f3f41">
      <mesh>
        <source id="verts-array">
          <float_array count="19059" id="verts-array-array">0.02675655 -0.06728464 -0.04230778 0.02612917 -0.06773824 -0.04253468 0.02619832 -0.06783877 -0.04254105 0.02032214 -0.07056981 -0.04621709 0.0191746 -0.07065126 -0.04721205 0.01923225 -0.07058223 -0.04727814 0.0276186 -0.06708345 -0.04270998 0.02759211 -0.06700265 -0.04292998 0.0281217 -0.06650126 -0.04287815 0.02867142 -0.06598081 -0.04282435 0.02870242 -0.06600896 -0.04271499 0.02872794 -0.06603212 -0.04262496 0.02872632 -0.06603065 -0.0425911 0.02760185 -0.06709184 -0.04258446 0.02642844 -0.06796598 -0.04301352 0.02636811 -0.06797683 -0.04279246 0.02149844 -0.07031336 -0.04532697 0.02038573 -0.07051186 -0.04631271 0.02399357 -0.06934418 -0.04401007 0.02392944 -0.06938207 -0.04384131 0.0227016 -0.06991267 -0.04453572 0.02156265 -0.0702595 -0.04544657 0.02044123 -0.07040445 -0.04640519 0.02075925 -0.07037397 -0.04614658 0.02302024 -0.06955202 -0.04405655 0.02253214 -0.06979869 -0.04433036 0.0226187 -0.06990898 -0.04439362 0.02196441 -0.07008561 -0.04464884 0.02142068 -0.07032691 -0.04520411 0.02134487 -0.07027335 -0.0451113 0.02074402 -0.07045544 -0.04555982 0.02024866 -0.07059686 -0.04611504 0.02053659 -0.07051829 -0.04571466 0.01903326 -0.07069986 -0.04705 0.01910304 -0.07067586 -0.04713 0.01960417 -0.07067112 -0.04651491 0.0201765 -0.07057732 -0.0460237 0.02736662 -0.06689297 -0.04220591 0.02726895 -0.06677881 -0.0422255 0.02684652 -0.06719583 -0.04229334 0.02501457 -0.06854411 -0.04293779 0.02374627 -0.06918509 -0.04364927 0.02379191 -0.06932409 -0.04361513 0.02384015 -0.06935741 -0.0436818 0.02388685 -0.06937744 -0.04375828 0.0274391 -0.06696777 -0.04226341 0.02836189 -0.06569986 -0.04205 0.02844607 -0.06577627 -0.04207484 0.02851635 -0.06584005 -0.04209558 0.02853257 -0.06585478 -0.04211208 0.02750746 -0.06703101 -0.04234963 0.02871772 -0.06602285 -0.0424119 0.02868018 -0.06598876 -0.04231796 0.02756386 -0.06707419 -0.04246004 0.02867891 -0.06598762 -0.04231481 0.02864263 -0.06595469 -0.04222403 0.02631787 -0.06794845 -0.04269064 0.02625953 -0.06790052 -0.04260534 0.01928847 -0.07051491 -0.04734259 0.02422723 -0.06915481 -0.04406129 0.02427577 -0.06913433 -0.04403524 0.02161285 -0.07014073 -0.0455719 0.02240136 -0.06992528 -0.04504104 0.02402398 -0.06924058 -0.04417035 0.0259324 -0.06820861 -0.04336276 0.02615386 -0.0680502 -0.04330316 0.02642109 -0.06785905 -0.04323124 0.02751106 -0.06707939 -0.04293792 -0.02736796 -0.06689176 -0.04220562 -0.02744045 -0.06696658 -0.0422631 -0.02626941 -0.06789345 -0.04260191 -0.02727052 -0.06677798 -0.04222473 -0.0283619 -0.06569986 -0.04205 -0.02684748 -0.06719588 -0.04229245 -0.02402979 -0.06925333 -0.04415264 -0.02402578 -0.06925498 -0.04415483 -0.02399636 -0.06934287 -0.04400867 -0.02149742 -0.07031364 -0.0453277 -0.02156162 -0.07025978 -0.04544728 -0.02031678 -0.07057063 -0.04622144 -0.02038036 -0.07051266 -0.04631694 -0.02240526 -0.06992393 -0.04503866 -0.02161159 -0.07014202 -0.04557195 -0.02078694 -0.07036863 -0.04612606 -0.02043655 -0.07040284 -0.04641052 -0.0263781 -0.06796999 -0.04278912 -0.02641579 -0.06797577 -0.04289989 -0.0251545 -0.06873757 -0.04325826 -0.0264384 -0.06795928 -0.04301041 -0.02811204 -0.06650372 -0.0428838 -0.02758757 -0.066994 -0.04293954 -0.02761997 -0.06708232 -0.04270972 -0.02739944 -0.06716987 -0.04295954 -0.02643132 -0.06785237 -0.04322822 -0.02614844 -0.0680518 -0.04330673 -0.02587872 -0.06824195 -0.04338159 -0.02422338 -0.06914743 -0.04407191 -0.02867891 -0.06598762 -0.04231481 -0.02868018 -0.06598876 -0.04231796 -0.02756524 -0.06707305 -0.04245974 -0.02871772 -0.06602285 -0.0424119 -0.02760323 -0.0670907 -0.04258418 -0.0287264 -0.06603072 -0.04259273 -0.02302943 -0.06953905 -0.04405886 -0.02375198 -0.06919997 -0.043629 -0.02379467 -0.06932268 -0.04361364 -0.02458142 -0.06881072 -0.04313555 -0.02505702 -0.06868865 -0.04308366 -0.02393223 -0.06938073 -0.04383986 -0.02388963 -0.06937608 -0.04375681 -0.02384292 -0.06935602 -0.04368031 -0.02495079 -0.06858338 -0.04296692 -0.02501481 -0.06854397 -0.0429377 -0.02620812 -0.06783158 -0.04253766 -0.02613888 -0.06773091 -0.04253144 -0.02676246 -0.06727986 -0.04230607 -0.02853545 -0.0658574 -0.04211502 -0.02750883 -0.06702983 -0.04234932 -0.02864263 -0.06595469 -0.04222403 -0.02632782 -0.0679415 -0.04268723 -0.02844607 -0.06577626 -0.04207484 -0.02851635 -0.06584005 -0.04209558 -0.02853257 -0.06585478 -0.04211208 -0.01910304 -0.07067586 -0.04713 -0.01903326 -0.07069986 -0.04705 -0.02019402 -0.07048403 -0.04607693 -0.02024332 -0.07059772 -0.04611949 -0.02078906 -0.07037339 -0.04557811 -0.0191746 -0.07065126 -0.04721205 -0.01923225 -0.07058223 -0.04727814 -0.01928847 -0.07051491 -0.04734259 -0.02145963 -0.07032565 -0.04526569 -0.02141966 -0.07032721 -0.04520485 -0.02137886 -0.07031874 -0.04514701 -0.02134679 -0.07026968 -0.04511057 -0.02155502 -0.07023096 -0.04493601 -0.02867142 -0.06598081 -0.04282435 -0.02870242 -0.06600896 -0.04271499 -0.02872794 -0.06603212 -0.04262496 0.01913942 -0.0704855 -0.04606845 0.01772949 -0.07069986 -0.04705001 0.01984557 -0.07037813 -0.04557684 0.02055245 -0.07027066 -0.04508472 0.02072364 -0.07024463 -0.04496554 0.02257944 -0.06953974 -0.04405732 0.02498402 -0.06855925 -0.04294913 0.02350797 -0.06918705 -0.0436029 0.02440385 -0.06884677 -0.04316446 -0.02603591 -0.06799081 -0.04260567 -0.02644069 -0.06773022 -0.04251108 -0.02728495 -0.06718671 -0.04231378 -0.02920826 -0.06569986 -0.04205 -0.02789541 -0.0667937 -0.04217111 -0.02788197 -0.06680235 -0.04217425 0.02347213 -0.07010741 -0.04355909 0.02081521 -0.07104925 -0.04515856 0.02084012 -0.07091089 -0.0452458 0.01933229 -0.07079299 -0.04624865 0.01799538 -0.07089897 -0.04734793 0.01789385 -0.07077214 -0.04723417 0.02355806 -0.06932258 -0.04358828 0.02387902 -0.06991664 -0.04336079 0.02377731 -0.06996432 -0.04341036 0.02377478 -0.06981534 -0.04355228 0.01780855 -0.07072783 -0.04713859 0.01918491 -0.07062267 -0.04609387 0.01787805 -0.0707524 -0.04721647 0.019417 -0.07107311 -0.04629875 0.01805684 -0.07110875 -0.0474168 0.01938703 -0.07092617 -0.04629124 0.0180261 -0.07100385 -0.04738236 0.01940022 -0.07133462 -0.04622119 0.01801464 -0.07143121 -0.04736951 0.01941996 -0.07121433 -0.04627246 0.01804951 -0.07133768 -0.04740859 0.01805539 -0.07115396 -0.04741517 0.01797495 -0.07153765 -0.04732504 0.01885562 -0.07142622 -0.04661804 0.0193858 -0.07135914 -0.04619243 0.0202492 -0.07124989 -0.0454993 0.02375332 -0.06971692 -0.04360487 0.02371778 -0.06961026 -0.04363629 0.02518696 -0.06888987 -0.04299333 0.0272548 -0.06793814 -0.04211915 0.02672184 -0.06817687 -0.04238762 0.02814563 -0.06717458 -0.04199533 0.02814174 -0.06715159 -0.04204066 0.02818281 -0.0671427 -0.04199016 0.02674486 -0.06823701 -0.04230671 0.02562802 -0.06889157 -0.04271749 0.02421416 -0.06972022 -0.04323752 0.02938927 -0.06586942 -0.04198415 0.02945709 -0.06593295 -0.04189249 0.02807012 -0.067042 -0.04213086 0.02665484 -0.06803356 -0.04248168 0.02367049 -0.06950376 -0.04364313 0.02361562 -0.06940577 -0.04362581 0.02508987 -0.06870732 -0.04300717 0.02719767 -0.06727777 -0.04230537 0.02797975 -0.06691924 -0.04217599 0.02656174 -0.06787822 -0.04251441 0.02645407 -0.06770911 -0.04252078 0.02920826 -0.06569986 -0.04205 0.0292972 -0.06578317 -0.04201765 0.02785795 -0.06675959 -0.04222151 0.02730183 -0.06719603 -0.04229214 0.0206124 -0.07033943 -0.04515001 0.01926127 -0.07068957 -0.04617861 0.02068104 -0.07041619 -0.04522001 0.02074541 -0.0705217 -0.04527124 0.02079716 -0.07064858 -0.04529429 0.02082956 -0.07078338 -0.04528487 0.02946735 -0.06604167 -0.04181162 0.0295226 -0.06599432 -0.04180394 0.03199913 -0.06355896 1.538994e-07 0.03199998 -0.06320371 1.948818e-07 0.03165112 -0.06312586 -3.065858e-05 0.03165171 -0.06295191 -6.18522e-05 0.03131802 -0.06271534 -0.0001204615 0.03130882 -0.06270401 -0.0001229407 -0.03022155 -0.06132257 -0.001440501 -0.03012245 -0.06120855 -0.001921875 -0.03027476 -0.06110345 -0.001896076 -0.03210746 -0.0630901 -3.518448e-05 -0.03205235 -0.06314837 -1.713943e-05 -0.03137119 -0.06263608 -0.0001092307 -0.03034089 -0.061241 -0.001433684 -0.0303147 -0.06107589 -0.001889311 -0.03041333 -0.0610629 -0.001886121 -0.03144104 -0.06209588 -0.0004280023 -0.03171703 -0.06236209 -0.0003111801 -0.03158721 -0.06244352 -0.0001775983 -0.03009025 -0.06166247 -0.001552132 -0.03007723 -0.06153713 -0.001498766 -0.03015399 -0.06175824 -0.001235827 -0.03023593 -0.06170898 -0.001082931 -0.03226595 -0.06292254 -0.0001834419 -0.03128283 -0.06217529 -0.0002973122 -0.0309948 -0.06191508 -0.0004766426 -0.03109231 -0.06186635 -0.0005287172 -0.03228417 -0.06290327 -0.0002363872 -0.03230292 -0.06282121 -0.0003876543 -0.03233349 -0.06285113 -0.0003797114 -0.03062976 -0.06138843 -0.001070644 -0.03072952 -0.06166543 -0.0007232344 -0.03050457 -0.061437 -0.001040724 -0.03118263 -0.06183888 -0.0005984789 -0.03075194 -0.06137149 -0.001119169 -0.03073837 -0.06214226 -0.0004604416 -0.03069743 -0.06222938 -0.0005100459 -0.03067198 -0.06220732 -0.0005440432 -0.030463 -0.0619139 -0.000737033 -0.03046065 -0.0620241 -0.0008262763 -0.03021987 -0.06181535 -0.001147848 -0.03019596 -0.06179462 -0.001179777 -0.03007093 -0.06129832 -0.001943911 -0.03013206 -0.06142619 -0.001463929 -0.03029899 -0.06160814 -0.001049561 -0.03 -0.06152686 -0.002 -0.03001775 -0.06141359 -0.001972203 -0.03002262 -0.0613825 -0.001964574 -0.032 -0.06320371 -7.339558e-18 -0.03180421 -0.06306404 -9.414438e-06 -0.03133431 -0.06271244 -0.0002003153 -0.03130852 -0.06269314 -0.0002107952 -0.0312979 -0.06268519 -0.0002151098 -0.03128728 -0.06267725 -0.000219424 -0.03128197 -0.06267328 -0.000221581 -0.03127931 -0.06267129 -0.0002226594 -0.03127666 -0.0626693 -0.0002237378 -0.03127401 -0.06266732 -0.0002248161 -0.03127135 -0.06266533 -0.0002258945 -0.03126604 -0.06266136 -0.000228051 -0.03122359 -0.0626296 -0.0002452969 -0.03113882 -0.06256617 -0.0002797372 -0.03097015 -0.06243996 -0.00034826 -0.0307523 -0.06227696 -0.0004367654 -0.03144009 -0.06256781 -0.0001125356 -0.03214715 -0.06304813 -4.818197e-05 -0.03220655 -0.06298533 -0.0001158119 -0.03151353 -0.06250212 -0.0001351876 -0.03081091 -0.06205996 -0.0004430307 -0.03053239 -0.06182284 -0.0007101531 -0.03067771 -0.06108927 -0.001892588 -0.03078721 -0.06112942 -0.00190244 -0.03080402 -0.06119467 -0.001688757 -0.03097859 -0.06143745 -0.001267418 -0.03108153 -0.0615806 -0.001018986 -0.03133774 -0.06185412 -0.0007943259 -0.03159041 -0.06212385 -0.000572782 -0.03181054 -0.06233931 -0.0005155855 -0.03089831 -0.06198173 -0.0004475898 -0.03062323 -0.06173682 -0.0007042796 -0.03039043 -0.06151347 -0.001033864 -0.03055493 -0.06104425 -0.001881542 -0.03127673 -0.06267629 -0.0001340821 -0.03127861 -0.06267758 -0.000133318 -0.03123776 -0.06263463 -0.0001496669 -0.03131092 -0.06271173 -0.0001212 -0.03131274 -0.06271351 -0.0001205024 -0.03130758 -0.06270818 -0.0001223971 -0.03130941 -0.0627099 -0.0001216901 -0.03129913 -0.06269911 -0.0001255058 -0.03139105 -0.06279937 -0.0002188994 -0.03137489 -0.06278329 -9.859281e-05 -0.03140109 -0.06281187 -0.000215293 -0.032 -0.06338099 -4.748328e-18 -0.03127322 -0.06267717 -0.0001356681 -0.03127507 -0.06267873 -0.0001349422 -0.03127168 -0.06267576 -0.0001362608 -0.03020151 -0.06154044 -0.001128425 -0.03 -0.06118556 -0.002 -0.03129293 -0.06269451 -0.000128053 -0.03129173 -0.06269284 -0.0001284093 -0.03129451 -0.06269583 -0.0001280871 -0.03130025 -0.06270135 -0.000125225 -0.03130209 -0.06270306 -0.000124518 -0.03129737 -0.06269864 -0.0001263639 -0.03129658 -0.06269746 -0.0001288752 -0.03129582 -0.06269716 -0.0001269085 -0.03128586 -0.06268812 -0.0001307546 -0.0312877 -0.06268976 -0.0001300381 -0.03128432 -0.06268657 -0.0001313128 -0.03128954 -0.0626914 -0.0001293217 -0.03127877 -0.06268187 -0.0001334905 -0.03128063 -0.06268343 -0.0001327646 -0.03128218 -0.06268484 -0.0001321874 -0.03127692 -0.0626803 -0.0001342163 -0.03125603 -0.06266294 -0.0001454577 -0.03126643 -0.06267122 -0.0001383207 -0.03126423 -0.06266978 -0.0001392023 -0.0312616 -0.06266765 -0.0001402494 -0.03125076 -0.0626592 -0.0001445856 -0.031253 -0.06266064 -0.0001463514 -0.03125421 -0.06266148 -0.0001448102 -0.03125709 -0.06266409 -0.0001420453 -0.03125973 -0.06266619 -0.0001409895 -0.03125988 -0.06266522 -0.000143582 -0.03127118 -0.06267254 -0.0001367517 -0.03126873 -0.06267343 -0.0001374285 -0.03124804 -0.0626572 -0.0001456776 -0.03125517 -0.06266163 -0.0001469439 -0.03123166 -0.06263235 -0.0001544385 -0.03115199 -0.06255087 -0.0001919618 -0.03148043 -0.0628781 -6.762847e-05 -0.03139599 -0.06279543 -9.222561e-05 -0.03135411 -0.06275429 -0.0001059721 -0.0313336 -0.06273548 -0.0001128996 -0.03132306 -0.06272417 -0.0001167581 -0.0313179 -0.06271884 -0.0001186227 -0.03131608 -0.06271698 -0.000119311 -0.03023392 -0.06130339 -0.001112567 -0.03069935 -0.06193435 -0.0004940222 -0.03071292 -0.06209737 -0.0004969034 -0.03072665 -0.06197137 -0.000457733 -0.03072728 -0.06204944 -0.000466707 -0.03138604 -0.06279312 -0.0002207025 -0.03138353 -0.06278999 -0.000221604 -0.03135353 -0.06275802 -0.0001058238 -0.03138102 -0.06278687 -0.0002225056 -0.03137852 -0.06278374 -0.000223407 -0.03137601 -0.06278062 -0.0002243085 -0.03134487 -0.06274799 -0.0001088833 -0.03134853 -0.06275221 -0.0001075804 -0.03134665 -0.06275009 -0.0001082274 -0.03144122 -0.06286189 -0.0002008653 -0.03140742 -0.06281422 -9.924393e-05 -0.0315215 -0.06296193 -0.0001720091 -0.03149127 -0.06290423 -7.835708e-05 -0.03167149 -0.06314886 -0.0001180894 -0.03166075 -0.06308886 -4.514411e-05 -0.03168184 -0.06316175 -0.0001143703 -0.03134231 -0.06274515 -0.0001097719 -0.03134052 -0.06274308 -0.0001104323 -0.03133539 -0.06273746 -0.0001122299 -0.03133719 -0.06273946 -0.0001115602 -0.03133874 -0.06274102 -0.0001110928 -0.03132847 -0.06272993 -0.0001147213 -0.03136096 -0.06276187 -0.0002297168 -0.03132486 -0.06272609 -0.0001160792 -0.03133181 -0.06273349 -0.0001135693 -0.03136814 -0.06277359 -0.0001018132 -0.03135976 -0.06276444 -0.0001116435 -0.03135098 -0.06275511 -0.0001066959 -0.03137099 -0.06277437 -0.0002261114 -0.03132666 -0.06272801 -0.0001154002 -0.03133002 -0.06273149 -0.0001142389 -0.03148335 -0.06288635 -6.680283e-05 -0.03148627 -0.06289461 -6.597719e-05 -0.03140258 -0.06280737 -9.004793e-05 -0.03165573 -0.06307041 -2.916277e-05 -0.03165158 -0.06304472 -2.994233e-05 -0.032 -0.06355826 -3.024459e-18 -0.032 -0.06346963 -3.886394e-18 -0.03138855 -0.06279624 -0.000219801 -0.03132126 -0.06272224 -0.0001174371 -0.03131971 -0.06272069 -0.0001179345 -0.03130575 -0.06270648 -0.0001231041 -0.03131456 -0.06271529 -0.0001198047 -0.03135584 -0.0627567 -0.0001053572 -0.03135757 -0.06275912 -0.0001047422 -0.03139764 -0.06279841 -9.168119e-05 -0.03139929 -0.0628014 -9.113677e-05 -0.03130392 -0.06270476 -0.000123811 -0.03130523 -0.06270556 -0.0001264266 -0.03127295 -0.06267372 -0.0001356103 -0.03127484 -0.06267501 -0.0001348462 -0.03123385 -0.06263319 -0.0001513512 -0.0312358 -0.06263391 -0.000150509 -0.03115685 -0.06254927 -0.0001852752 -0.03115268 -0.06255008 -0.0001872834 -0.03123189 -0.06263246 -0.0001521934 -0.0313593 -0.06276154 -0.0001041273 -0.03140093 -0.06280439 -9.059234e-05 -0.03099488 -0.06238972 -0.0002806384 -0.03099851 -0.06238094 -0.0002682401 -0.03134175 -0.06273793 -0.0002366227 -0.03101136 -0.06232618 -0.0003553878 -0.03136103 -0.06276396 -0.0001035123 -0.03 -0.06084422 -0.002 -0.03016416 -0.06120881 -0.001205276 -0.03021387 -0.0612762 -0.001139217 0.03550678 -0.06869986 -3.339291e-18 0.03576618 -0.06869986 -6.808738e-18 0.03444505 -0.06661586 -6.095983e-19 0.03483349 -0.06674281 3.719437e-18 0.03397461 -0.06596651 -5.698368e-19 0.0341459 -0.0657375 3.115477e-19 0.03306817 -0.06471535 3.741365e-19 0.03358873 -0.06492291 -3.10802e-18 0.03417714 -0.06582571 4.47356e-05 0.03207034 -0.06348726 2.344608e-05 0.03234482 -0.06321068 0.0004124439 0.0323407 -0.06321484 0.0006264386 0.03326858 -0.0642809 0.0006303478 0.03332749 -0.06434858 0.000630596 0.03441286 -0.06566313 0.0004170486 0.03234506 -0.06321045 0.0004001953 0.03433314 -0.06571811 0.0001950371 0.03215526 -0.06340176 5.122435e-05 0.0322126 -0.06334396 0.0001177244 0.03227871 -0.06327732 0.0001944017 0.03214404 -0.06341305 4.755409e-05 0.03214685 -0.06341022 4.847319e-05 0.03405774 -0.06518757 0.0006336726 0.03437654 -0.0656868 0.0006326774 0.03484665 -0.06642298 0.0006312098 0.03529156 -0.06711969 0.0006298209 0.0359586 -0.06851318 0.0004080384 0.03595879 -0.0685131 0.0003960194 0.03556032 -0.06768461 0.0006262194 0.03595423 -0.06851261 0.0006209409 0.03595518 -0.06851459 0.0006209282 0.03591794 -0.06852998 0.0003012352 0.03587092 -0.0685494 0.000192156 0.03586887 -0.06855025 0.0001903559 0.03578448 -0.06858513 0.0001164146 0.03569487 -0.06862215 4.698027e-05 0.03569853 -0.06862064 4.789534e-05 0.03570936 -0.06861616 5.059928e-05 0.03 -0.05875341 -0.01499165 0.03 -0.05855384 -0.01559278 0.02998185 -0.05845822 -0.01556737 0.0297294 -0.05811838 -0.01562594 0.0297291 -0.05815198 -0.01548118 0.02983679 -0.05823106 -0.01550317 0.02972536 -0.05963913 -0.007010151 0.02972917 -0.05970323 -0.006501154 0.02983271 -0.05973573 -0.006504267 0.02974688 -0.06000085 -0.004137793 0.02974962 -0.06005954 -0.003833894 0.02976694 -0.06043063 -0.001912334 0.02981013 -0.06046054 -0.001918674 0.02975299 -0.06013165 -0.003460457 0.02985149 -0.06051252 -0.001929692 0.0297142 -0.05945166 -0.008498798 0.02983063 -0.05918635 -0.0110597 0.02971777 -0.05921473 -0.01014182 0.02972422 -0.05869311 -0.01314931 0.02972213 -0.05892536 -0.01214845 0.02971973 -0.05908464 -0.01104392 0.02981483 -0.05689139 -0.01947613 0.02974451 -0.05685024 -0.01937564 0.0297281 -0.05799062 -0.01599934 0.0297165 -0.05684566 -0.01934534 0.02987499 -0.0569266 -0.0195621 0.02992598 -0.05833475 -0.01553248 0.02994559 -0.05696791 -0.01966298 0.02996772 -0.05703688 -0.01974268 0.03000002 -0.05713751 -0.01985895 0.02992312 -0.05929367 -0.01107681 0.03 -0.0594753 -0.01110361 0.02998116 -0.05942249 -0.01109734 0.02997425 -0.06072642 -0.001975031 0.03 -0.06084422 -0.002 0.03 -0.06019959 -0.006559443 0.02995627 -0.06064418 -0.001957598 0.02998139 -0.05997231 -0.006531077 0.02985307 -0.06051451 -0.001930112 0.02992408 -0.0598434 -0.00651647 0.02993145 -0.06061298 -0.001950986 0.03 -0.05981831 -0.009256195 -0.02985135 -0.06051826 -0.001930908 -0.02993787 -0.06060809 -0.001949948 -0.03018804 -0.06102844 -0.0009743586 -0.03214506 -0.06341204 4.785804e-05 -0.03178521 -0.06299486 3.292618e-05 -0.03142862 -0.06258533 -4.330069e-05 -0.03107871 -0.06218406 -0.000187697 -0.030726 -0.06186859 -0.0004497553 -0.03021296 -0.06120718 -0.001091548 -0.02998544 -0.06078888 -0.001988269 -0.03075076 -0.06180453 -0.0004023538 -0.03021426 -0.06114573 -0.001056087 -0.02996981 -0.06072946 -0.001975675 -0.03076762 -0.06168457 -0.0002793807 -0.03112204 -0.06206191 -5.127491e-05 -0.0315006 -0.0624603 0.0001018202 -0.03043109 -0.06130058 -0.000225715 -0.03023398 -0.06107228 -0.000576896 -0.03073678 -0.06159379 -0.000135742 -0.02986797 -0.06064837 -0.001228981 -0.02976694 -0.06043063 -0.001912334 -0.03012513 -0.06093119 -0.0008864677 -0.03008117 -0.06089529 -0.0008491422 -0.03003357 -0.06084016 -0.0009339522 -0.0323407 -0.06321484 0.0006264386 -0.03151626 -0.062393 0.000338558 -0.03234482 -0.06321068 0.0004124439 -0.03151445 -0.06237854 0.0002890375 -0.03188692 -0.06286619 0.0001819408 -0.03234506 -0.06321045 0.0004001953 -0.03227871 -0.06327732 0.0001944017 -0.03214686 -0.06341023 4.845113e-05 -0.03215526 -0.06340176 5.122435e-05 -0.03149946 -0.06237625 0.0003326918 -0.03074968 -0.06162883 7.087982e-05 -0.03067043 -0.06154717 -2.905472e-06 0.03408121 -0.06756084 0.00494406 0.03221942 -0.06677113 0.008237954 0.03272277 -0.06881431 0.01006104 0.01360594 -0.05346066 -0.0173799 0.008894481 -0.05326903 -0.01648594 0.008523498 -0.05336183 -0.01263289 0.004192907 -0.0532241 -0.0120808 0.004228945 -0.05331647 0.003557431 0.008590707 -0.0537228 0.00259333 0.008282727 -0.05355335 -0.005002242 -0.03352781 -0.06999016 0.009681218 -0.03291496 -0.06998619 0.01089559 -0.03272283 -0.06881433 0.01006095 0.01841424 -0.06996829 0.02863734 0.01920353 -0.06996755 0.02808372 0.01893583 -0.06814393 0.0271824 0.03401721 -0.0699994 0.008307737 0.03443199 -0.07000812 0.007093307 0.03444815 -0.06949683 0.006737697 0.03546375 -0.07002981 0.004072449 0.01936982 -0.05382392 -0.01942332 0.01870722 -0.05375652 -0.01942639 0.01859464 -0.05380827 -0.0187863 0.01549148 -0.05342943 -0.01944128 0.01435572 -0.05336363 -0.01942777 0.01394468 -0.05334245 -0.01926604 -0.01939011 -0.05385349 -0.0194239 -0.02031079 -0.05397004 -0.01941515 -0.01859471 -0.05380828 -0.01878632 -0.02972706 -0.05970967 -0.006106723 -0.02974878 -0.0601022 -0.00382305 -0.0296992 -0.06003281 -0.003780817 -0.03063893 -0.06198447 0.001526961 -0.02571175 -0.06005788 0.006932793 -0.03325697 -0.06430548 0.0006296801 -0.03141353 -0.06365009 0.004083877 -0.03114129 -0.06333961 0.003968627 -0.03116026 -0.06334139 0.003953583 -0.03116472 -0.06336633 0.003978545 0.03204759 -0.06606468 0.007452631 0.03201909 -0.06604432 0.007480506 0.03369731 -0.06582549 0.002941836 0.03232699 -0.06521259 0.005228929 0.03241354 -0.06542245 0.005434403 0.03249964 -0.06592026 0.006150644 0.03244896 -0.06599768 0.006406333 0.03235434 -0.06614221 0.006883733 0.03205174 -0.06606572 0.007444943 0.03116772 -0.0633801 0.003994189 0.031498 -0.06377149 0.004154797 0.03330905 -0.06430282 0.0007481069 0.03155543 -0.06383955 0.004182725 0.03203253 -0.06461947 0.004720612 0.03218555 -0.06486961 0.004893125 0.02821353 -0.06099642 0.004367975 0.02836752 -0.06114617 0.004479912 0.03063886 -0.06198444 0.001527049 0.02902729 -0.06148364 0.003969279 0.02984667 -0.0620602 0.003718299 0.03113239 -0.06333824 0.003977011 0.03116019 -0.06334136 0.003953673 0.0307339 -0.062866 0.003783231 0.02994497 -0.06214947 0.003725493 0.02787862 -0.06156156 0.006766286 0.02571167 -0.06005786 0.006932865 0.02790967 -0.06161984 0.006857009 0.02643153 -0.06151409 0.009537881 0.0282949 -0.06219489 0.007518712 0.02832953 -0.06224642 0.007577646 0.02776727 -0.06119549 0.00598205 0.02782344 -0.06114677 0.005711936 0.02793583 -0.06104928 0.005171522 0.02824404 -0.06111845 0.004677744 0.0282757 -0.06112556 0.004627023 0.02716696 -0.06325218 0.01194068 0.02892591 -0.06298881 0.00808189 0.02920873 -0.06330944 0.008181285 0.02950062 -0.06407824 0.009192347 0.02971692 -0.06388556 0.008359889 0.02981234 -0.06399373 0.008393423 0.03149825 -0.06567248 0.007989875 0.03014373 -0.06599618 0.01129632 0.03130422 -0.06549136 0.008078689 0.03072572 -0.06495138 0.008343481 0.03050594 -0.06472096 0.008355498 0.03012205 -0.06431846 0.008376488 -0.02981563 -0.06203559 0.003722175 -0.02897713 -0.06145345 0.003996096 -0.03065966 -0.06279033 0.003764732 -0.03066714 -0.06279885 0.003767896 -0.02890277 -0.06141536 0.004053432 -0.02841185 -0.06116391 0.004431918 -0.02814926 -0.06109751 0.004830468 -0.02795481 -0.06104833 0.005125605 -0.02777193 -0.06116546 0.005884327 -0.02784776 -0.06149923 0.006662811 -0.02795505 -0.0616717 0.00688622 -0.02643161 -0.06151412 0.009537806 -0.02822157 -0.06210013 0.007441187 -0.02829835 -0.06219742 0.007512696 -0.03196361 -0.06448879 0.00461563 -0.03234983 -0.06529485 0.005328062 -0.0323134 -0.0652097 0.005246645 -0.03369737 -0.06582551 0.002941735 -0.03208236 -0.06466987 0.004730436 -0.03221948 -0.06677115 0.00823786 -0.03201756 -0.06603869 0.00747443 -0.03212915 -0.06607626 0.007284585 -0.03237272 -0.06610936 0.006782562 -0.03248672 -0.06600185 0.006327071 -0.03444819 -0.06949685 0.006737595 -0.03249482 -0.06596313 0.006238862 -0.03243611 -0.06549644 0.005520831 -0.03062538 -0.06484773 0.008355442 -0.03068347 -0.06490895 0.008353637 -0.02789419 -0.06525194 0.01412209 -0.03012486 -0.0643203 0.008370992 -0.03142407 -0.0656089 0.008039376 -0.03142727 -0.06561131 0.008036518 -0.03197548 -0.06602452 0.007546023 -0.02843771 -0.062374 0.00764249 -0.02887859 -0.06293265 0.008053106 -0.02716704 -0.0632522 0.0119406 -0.02909061 -0.06317428 0.008133885 -0.02974399 -0.06391896 0.008382825 -0.02983429 -0.0640141 0.00838002 -0.02503132 -0.05889895 0.004149044 -0.02975115 -0.06014511 -0.003573421 -0.02441416 -0.05805111 0.001211578 -0.02972676 -0.05965893 -0.006495517 -0.02901186 -0.05899883 -0.009492433 -0.02972921 -0.05813688 -0.01547754 -0.0287151 -0.05772149 -0.01516991 -0.02973019 -0.05802668 -0.01594037 -0.0297299 -0.05800208 -0.01601131 -0.02972236 -0.05891097 -0.01222658 -0.02972327 -0.05906559 -0.01104183 -0.02972398 -0.05918596 -0.01011954 -0.02971643 -0.0568458 -0.01934539 -0.02881927 -0.05645334 -0.01935004 -0.02696698 -0.05564305 -0.01935963 -0.02305532 -0.05625128 -0.01124138 -0.02696254 -0.05564111 -0.01935965 -0.02663991 -0.05553987 -0.01936206 -0.02337566 -0.0549935 -0.01754661 -0.0236159 -0.05463545 -0.01938528 -0.02405618 -0.05472915 -0.01938133 -0.01805777 -0.05423021 -0.01523906 -0.02075098 -0.05402575 -0.01941097 -0.02322022 -0.05455125 -0.01938883 -0.01394582 -0.05334845 -0.01941345 -0.01401824 -0.05335326 -0.01941423 -0.01394475 -0.05334245 -0.01926605 -0.01551187 -0.05345255 -0.01943036 -0.01360601 -0.05346066 -0.01737992 -0.0170086 -0.05355204 -0.01944653 -0.01870338 -0.05376656 -0.01943042 -0.01002689 -0.05308796 -0.01937113 -0.009150533 -0.05321987 -0.01842262 -0.009292394 -0.05306804 -0.01936662 0.004529093 -0.0531886 -0.01796618 -6.143475e-13 -0.05287271 -0.01932147 -3.344316e-08 -0.05319465 -0.01782423 -4.838706e-06 -0.05287272 -0.01932147 -0.00452916 -0.0531886 -0.01796619 -0.002433023 -0.05288198 -0.01932449 -0.004639126 -0.05294182 -0.01933804 -0.007765449 -0.05302662 -0.01935724 0.009150463 -0.05321987 -0.01842261 0.007755483 -0.05300243 -0.01935326 0.004636518 -0.05295026 -0.01934047 0.01395695 -0.05334052 -0.01942302 0.009288727 -0.05307005 -0.01936748 0.008270159 -0.05301104 -0.01935536 0.01549417 -0.0534297 -0.01944127 0.01958087 -0.05384538 -0.01942235 0.0232363 -0.05453012 -0.01938822 0.02314044 -0.05450278 -0.01938898 0.02337558 -0.05499348 -0.01754657 0.02026334 -0.05397142 -0.01941595 0.02628354 -0.05539907 -0.01936413 0.02618134 -0.05536993 -0.01936494 0.02614744 -0.05544813 -0.0190415 0.02361375 -0.05463775 -0.01938524 0.02591452 -0.05622247 -0.01600048 0.02697964 -0.05567977 -0.01936007 0.02662908 -0.05553841 -0.01936212 0.02882754 -0.05642491 -0.01934928 0.02875629 -0.05685779 -0.01795106 0.02901587 -0.05650085 -0.01934818 0.02871502 -0.05772147 -0.01516984 0.02880594 -0.05843348 -0.01235296 0.02969912 -0.06003278 -0.003780734 0.02931526 -0.05945096 -0.006610515 0.02901178 -0.0589988 -0.009492356 0.02761174 -0.0598621 0.001689005 0.02999845 -0.0608184 -0.0008885148 0.02706592 -0.05901319 -0.001135013 0.03023046 -0.0610692 -0.0005926188 0.03004366 -0.06086913 -0.000820955 0.03000229 -0.06082483 -0.0008715161 0.031491 -0.0623684 0.0003444597 0.0308121 -0.06169211 0.0001183181 0.03068749 -0.06155866 -3.39923e-05 0.03233746 -0.06321162 0.0006264164 0.03151012 -0.06238746 0.0003508296 0.03566388 -0.06834754 0.001405575 0.03613061 -0.07004382 0.002119961 0.03622259 -0.06998186 0.001681187 0.03623104 -0.06991594 0.001559585 0.03625919 -0.06969661 0.001154936 0.03624226 -0.06958553 0.001067757 0.0358124 -0.07003714 0.003051634 0.03614281 -0.06908851 0.0007530684 0.03289672 -0.06998663 0.01088307 0.03363341 -0.06999134 0.009431446 0.03012381 -0.06996892 0.01634696 0.03110912 -0.06997521 0.01440545 0.03075843 -0.0681413 0.0131715 0.03123665 -0.06997602 0.01415417 0.02916188 -0.06996753 0.01769657 0.0296726 -0.06996827 0.01698002 0.02858915 -0.06749223 0.01606404 0.02699337 -0.06996439 0.02073902 0.02778141 -0.06996553 0.01963339 0.02692158 -0.06943712 0.02047488 0.0291314 -0.06996749 0.01773933 0.02623923 -0.0668795 0.01872895 0.02442433 -0.06895944 0.02296757 0.02577796 -0.06996369 0.02221772 0.02635604 -0.06996348 0.02163321 0.02172703 -0.06996518 0.02631371 0.0220388 -0.06996507 0.02599847 0.02175578 -0.06852645 0.02520842 0.02348256 -0.06996454 0.02453865 0.02456345 -0.06996414 0.02344574 0.02110397 -0.06996577 0.02675074 0.01637772 -0.0699702 0.03006579 0.01598437 -0.06781654 0.02887528 0.01566287 -0.06997082 0.03038958 0.01292227 -0.06754731 0.03027561 0.01319909 -0.06997297 0.03150553 0.009770688 -0.06733839 0.0313735 0.01070014 -0.06997515 0.03263741 0.0126919 -0.06997341 0.03173525 0.006448803 -0.06997739 0.03367196 0.006721695 -0.06997724 0.03360555 0.00655158 -0.06719033 0.03216242 0.009647197 -0.0699757 0.03289364 0.01003583 -0.0699755 0.03279907 0.004734399 -0.06997829 0.03408915 0.003287127 -0.0671029 0.03263731 0.003385874 -0.0699785 0.03418706 0.003243063 -0.06997852 0.03419743 -4.877046e-08 -0.06707425 0.03279609 -5.876335e-17 -0.06997903 0.03443288 -0.003290498 -0.06997837 0.03412757 -0.003287224 -0.06710291 0.03263731 -0.003378526 -0.06997835 0.0341194 -0.00673538 -0.06997739 0.03367252 -0.006524701 -0.06997751 0.03373233 -0.006551676 -0.06719033 0.0321624 -0.006026854 -0.06997781 0.03387368 -0.01321136 -0.06997303 0.03154154 -0.01273273 -0.06997346 0.031778 -0.01292237 -0.06754732 0.03027557 -0.01182025 -0.0699743 0.03222881 -0.009770783 -0.0673384 0.03137347 -0.01001771 -0.06997539 0.03274059 -0.009655847 -0.06997561 0.03284333 -0.01568224 -0.06997077 0.03032083 -0.01598446 -0.06781655 0.02887523 -0.01630893 -0.06997021 0.03001122 -0.02109027 -0.06996584 0.02672319 -0.01921557 -0.06996755 0.02810661 -0.01893592 -0.06814394 0.02718234 -0.01846719 -0.06996823 0.02865888 -0.01729428 -0.0699693 0.02952442 -0.02175587 -0.06852647 0.02520836 -0.02442441 -0.06895946 0.0229675 -0.02456187 -0.06996417 0.02344637 -0.02351596 -0.06996445 0.02453595 -0.02220858 -0.06996481 0.02589794 -0.02205414 -0.06996495 0.0260119 -0.02778504 -0.06996542 0.0196525 -0.02701584 -0.06996414 0.02075817 -0.02692165 -0.06943713 0.0204748 -0.02668283 -0.06996359 0.02123683 -0.02577801 -0.06996384 0.02217943 -0.02858921 -0.06749225 0.01606396 -0.02915126 -0.06996769 0.01768869 -0.02910746 -0.06996762 0.01775164 -0.02372923 -0.06631332 0.02115465 -0.03125229 -0.06997542 0.01419015 -0.03113486 -0.06997466 0.01442284 -0.03075849 -0.06814132 0.01317141 -0.03037282 -0.06996973 0.0159328 -0.0296338 -0.0699685 0.01699509 -0.03481715 -0.06642709 0.0006303472 -0.03552939 -0.06773357 0.0006244523 -0.03609477 -0.0688935 0.0006639652 -0.03613918 -0.06907715 0.000752862 -0.03595518 -0.06851459 0.0006209282 -0.03624962 -0.06989534 0.001459705 -0.03623488 -0.06991374 0.001541518 -0.0362404 -0.0695732 0.001059623 -0.03623787 -0.06948527 0.0009504125 -0.03613061 -0.07004382 0.002119961 -0.03581038 -0.07003722 0.003050256 -0.03545705 -0.07002994 0.004076678 -0.0344208 -0.07000857 0.00708705 -0.03400781 -0.07000005 0.008286813 -0.03440643 -0.0656737 0.0006337465 0.003013718 -0.06147337 0.02799722 0.002215927 -0.06170544 0.02832286 0.002342458 -0.06251825 0.02911469 0.002361432 -0.06264013 0.02923343 0.002204565 -0.06334532 0.02988474 0.003156159 -0.0641441 0.03048556 0.002142299 -0.06362523 0.03014326 0.001821058 -0.06412569 0.03058179 0.001465185 -0.06069815 0.02728838 0.002864693 -0.05912212 0.02520304 0.0009434599 -0.06042682 0.02699935 0.0007921918 -0.06034816 0.02691556 0.001728103 -0.06098687 0.02758801 0.002027388 -0.06131553 0.02792908 0.002095241 -0.06145585 0.0280708 -0.001675633 -0.06087711 0.0274763 -0.005720963 -0.05923816 0.02479637 -0.001861983 -0.06115238 0.02775815 -0.003013807 -0.06147337 0.02799721 -0.002068342 -0.0614572 0.02807026 -0.002188919 -0.06163531 0.02825263 -0.001168627 -0.0605354 0.02711493 -0.001025395 -0.06043886 0.02701285 -4.247504e-08 -0.05908498 0.02533874 -0.0002237076 -0.06023095 0.02678909 -0.0001409521 -0.06022737 0.02678522 -4.359741e-08 -0.06022127 0.02677862 -0.003156252 -0.06414411 0.03048555 -0.002010261 -0.06389988 0.03038798 -0.002173556 -0.06354665 0.03007255 -0.002334666 -0.06271407 0.02930029 -0.002362991 -0.06256769 0.02916452 -0.002239091 -0.06190404 0.02851546 -0.0009263697 -0.06495631 0.03129238 -0.00143723 -0.06463283 0.03102214 -0.001682579 -0.06431901 0.03075062 -0.001834515 -0.06412467 0.03058248 0.001813231 -0.06413788 0.03059247 0.001596065 -0.06447621 0.03088892 0.0001382033 -0.06521295 0.03150474 -4.751604e-08 -0.06521934 0.03150996 -0.0007397918 -0.06507445 0.03139107 0.001139711 -0.06482572 0.03118304 0.0009255772 -0.06498972 0.03132104 0.0001800662 -0.06521101 0.03150316 -0.02388414 -0.05752813 -0.001854581 -0.02346508 -0.05718647 -0.004990685 -0.0186109 -0.05589688 0.001801191 -0.01815504 -0.05566132 -0.001589786 -0.01362081 -0.05463865 0.004520875 -0.01320403 -0.05449742 0.0009037649 -0.008905731 -0.05378819 0.006387246 -0.008590773 -0.05372281 0.002593311 -0.01770928 -0.05503634 -0.008377782 -0.01279649 -0.05413225 -0.006342866 -0.008282791 -0.05355335 -0.005002257 -0.004063864 -0.05326881 -0.004256083 0.004391832 -0.05320213 -0.016003 -3.240293e-08 -0.05319874 -0.01585302 -3.089539e-08 -0.05320085 -0.01190882 -0.004391897 -0.05320213 -0.016003 -0.00419297 -0.0532241 -0.01208081 -0.008894549 -0.05326903 -0.01648595 -0.008523564 -0.05336184 -0.0126329 -0.01311509 -0.05368588 -0.01365018 0.009304029 -0.0541354 0.01010148 0.008905663 -0.05378818 0.006387268 0.006942831 -0.05383935 0.01080043 0.006631485 -0.05351348 0.007020242 0.004611436 -0.05364032 0.01129282 0.004397828 -0.05333113 0.007464127 0.002300512 -0.05353022 0.01158515 0.01362074 -0.05463864 0.004520909 0.01414789 -0.05503859 0.008057557 0.01664204 -0.05564756 0.006701181 -3.40672e-08 -0.05349651 0.01168223 0.002191886 -0.05323195 0.007726796 0.01123215 -0.05416229 0.00555676 0.01170347 -0.0545345 0.009189124 0.02659715 -0.05845998 -0.004079026 0.02622653 -0.05806311 -0.007085613 0.02586412 -0.05695948 -0.01305095 -0.004397894 -0.05333114 0.007464116 -3.244838e-08 -0.05320218 0.007813878 -0.004229008 -0.05331647 0.003557421 -3.11685e-08 -0.05320609 0.00386835 -2.991698e-08 -0.0531999 -0.004019407 0.004063803 -0.05326881 -0.004256076 0.01311502 -0.05368588 -0.01365016 0.008325555 -0.05345523 -0.00880619 0.01285309 -0.05390794 -0.009973902 0.01279642 -0.05413224 -0.006342841 0.01320396 -0.05449741 0.0009037956 -0.01918748 -0.05635738 0.005114103 -0.01414796 -0.05503861 0.008057521 -0.0093041 -0.05413541 0.01010145 -0.004611505 -0.05364033 0.01129281 0.01805769 -0.0542302 -0.01523903 0.01777119 -0.05463697 -0.01177409 0.0177092 -0.05503632 -0.008377747 0.01815497 -0.05566131 -0.001589743 0.01861082 -0.05589686 0.001801238 0.01918741 -0.05635735 0.005114153 0.02372916 -0.0663133 0.02115472 0.02297309 -0.06390772 0.01905893 0.02107696 -0.06580215 0.02332841 0.02033867 -0.06332829 0.02115413 0.01830026 -0.06535248 0.02523784 0.01760901 -0.06282064 0.02298851 0.0154161 -0.0649694 0.02687124 0.01479805 -0.06239013 0.02455302 0.01244197 -0.06465598 0.02821928 0.01191959 -0.06203965 0.02584068 0.009395303 -0.06441416 0.02927402 0.008987037 -0.0617708 0.02684574 0.006294035 -0.06424389 0.03003064 0.006013931 -0.06158274 0.02756523 0.02218207 -0.06176822 0.01670236 0.01956626 -0.06113211 0.01870929 0.0168858 -0.06057703 0.02045967 0.01415144 -0.06010839 0.02194741 0.01137307 -0.0597288 0.02316798 0.008559899 -0.05943931 0.02411797 0.005720879 -0.05923816 0.02479639 0.02789412 -0.06525192 0.01412217 0.03618725 -0.06922445 0.0007843688 0.02503124 -0.05889893 0.004149113 0.02441409 -0.05805108 0.001211644 0.02388406 -0.05752811 -0.001854519 0.023465 -0.05718645 -0.004990628 0.02305523 -0.05625126 -0.01124133 0.02311222 -0.05563504 -0.01435051 0.02244025 -0.05800558 0.006343575 0.02316679 -0.05918444 0.009238101 0.02393542 -0.06068144 0.01194645 0.02472068 -0.0624782 0.01444452 0.02549711 -0.06455203 0.01671192 -0.03233452 -0.06614538 0.006935216 -0.01830034 -0.06535249 0.02523779 -0.009395394 -0.06441417 0.02927399 -0.01244206 -0.06465599 0.02821924 -0.01541619 -0.06496941 0.0268712 -0.02297316 -0.06390774 0.01905887 -0.01760909 -0.06282066 0.02298846 -0.01191968 -0.06203966 0.02584065 -0.00601402 -0.06158274 0.02756521 -0.006294128 -0.0642439 0.03003062 -0.02218214 -0.06176824 0.0167023 -0.01688588 -0.06057705 0.02045963 -0.01137315 -0.0597288 0.02316795 0.02138204 -0.05992028 0.01410635 0.01878505 -0.05924082 0.01601696 0.01615437 -0.05865026 0.01767614 0.01349746 -0.05815391 0.01908082 0.01082032 -0.05775392 0.02022908 0.008127899 -0.05745071 0.02111986 0.005424491 -0.0572415 0.02175422 0.002713972 -0.05712186 0.02213373 -4.022888e-08 -0.0570839 0.02226025 -0.005424572 -0.05724151 0.0217542 -0.0108204 -0.05775393 0.02022905 -0.01615445 -0.05865027 0.01767609 -0.02138212 -0.0599203 0.01410629 0.02059896 -0.05838872 0.0112928 0.01985877 -0.05719453 0.008286703 0.01802039 -0.05768102 0.01310064 0.01729761 -0.05647593 0.009986407 0.01543842 -0.0570684 0.01466304 0.01476169 -0.05585651 0.01144756 0.01285734 -0.0565559 0.01597997 0.01225227 -0.0553409 0.01267313 0.01027929 -0.05614509 0.01705209 0.009767879 -0.05492998 0.01366632 0.007705048 -0.05583567 0.01788072 0.007305354 -0.05462265 0.01443075 0.00513438 -0.05562378 0.01846895 0.004860158 -0.05441396 0.01497146 0.002566443 -0.05550374 0.01882008 0.002426994 -0.054297 0.0152934 -3.803029e-08 -0.05546603 0.01893701 -3.595212e-08 -0.05426068 0.01540047 -0.005134456 -0.05562379 0.01846894 -0.00486023 -0.05441397 0.01497144 -0.01027936 -0.0561451 0.01705206 -0.009767952 -0.05492999 0.01366629 -0.0154385 -0.05706842 0.014663 -0.01476176 -0.05585653 0.01144752 -0.02059904 -0.05838874 0.01129274 -0.01985884 -0.05719455 0.008286649 0.002117616 -0.06226188 0.02862679 0.002147635 -0.0626535 0.02897275 0.00215213 -0.06262797 0.02899926 -0.001235682 -0.0647675 0.03076702 -0.001547881 -0.06442393 0.03050056 -0.001539983 -0.06438614 0.03053695 -0.001832221 -0.06394067 0.03005512 -0.001977596 -0.06367781 0.02984357 -0.001975338 -0.06364851 0.02987509 0.001033341 -0.06482204 0.03099458 0.001028926 -0.06483892 0.03096661 0.0005999873 -0.06506885 0.03114106 0.001385583 -0.06456694 0.03067887 0.001030456 -0.0648805 0.03091957 0.001028063 -0.06485875 0.03094137 0.0006031973 -0.06511547 0.03109493 -0.0007401463 -0.06516444 0.03101852 -0.0008412764 -0.065082 0.03095504 -0.0008462594 -0.06505372 0.03098352 -0.002011728 -0.06356239 0.02998607 -0.002083183 -0.06353885 0.03004265 -0.00159766 -0.06430943 0.03068034 0.0006067499 -0.06503665 0.0312023 0.0001203678 -0.0651447 0.03128517 0.0001238177 -0.06513516 0.03135568 0.0001273664 -0.06514373 0.03139683 0.001092988 -0.06480168 0.03112447 0.001773225 -0.06413017 0.03056751 0.002287654 -0.0625223 0.02910809 0.002153606 -0.0617247 0.02832667 0.002159501 -0.06334233 0.02986959 -0.0008840513 -0.06492515 0.03122617 -0.002090504 -0.06353948 0.03004508 -0.001638614 -0.06430805 0.03072052 0.002128604 -0.06173243 0.0283282 0.001731326 -0.06413327 0.03053094 0.002117501 -0.06335084 0.02984627 0.001066748 -0.06479651 0.03108395 0.0006231176 -0.06502593 0.03126891 0.001041339 -0.06480899 0.03102428 0.001697107 -0.06414849 0.0304865 0.002081157 -0.06336767 0.02981572 -0.0003878903 -0.0650959 0.0313246 -0.0003773222 -0.0651059 0.03125555 -0.000862494 -0.06491893 0.03118309 -0.0008409253 -0.06493057 0.03111988 -0.00123969 -0.06465717 0.0309033 0.00104295 -0.06492578 0.03088739 0.001035385 -0.06495339 0.03085642 0.000941685 -0.06505133 0.03093276 0.000613758 -0.06516659 0.03106743 0.0001249922 -0.0653212 0.0311364 0.000122571 -0.06528325 0.03115322 0.0002792561 -0.06531488 0.03113167 0.0006088223 -0.06518377 0.03103271 -3.00367e-07 -0.06532633 0.03114025 -0.000147387 -0.06533236 0.03114476 -0.0003832345 -0.06524112 0.03112235 -0.0003818237 -0.06526595 0.03109483 0.0001190966 -0.06517837 0.03122228 0.0001200458 -0.06522832 0.03117736 -0.0003732495 -0.065139 0.03119324 -0.0003758423 -0.06518766 0.03114781 -0.0008312002 -0.0649616 0.0310603 -0.0008339732 -0.06500562 0.03101353 -0.001224515 -0.06468598 0.03084806 -0.001547752 -0.06445502 0.03046906 -0.001496326 -0.064548 0.0305439 -0.001214526 -0.06477772 0.03072077 -0.001051099 -0.06491095 0.03082334 -0.00122409 -0.06472507 0.03080115 -0.001544965 -0.06435107 0.03058235 -0.001972863 -0.06361639 0.02990964 -0.001972592 -0.06361287 0.02991343 -0.001564766 -0.06432411 0.0306323 0.00215 -0.06268436 0.029 0.001926928 -0.06346805 0.02965466 0.002034575 -0.0634505 0.02970943 0.001792735 -0.0639395 0.03004849 0.001702682 -0.06425588 0.03031277 0.001673785 -0.06424409 0.03035837 0.00135962 -0.06461447 0.03059226 0.002016198 -0.06184879 0.02825338 0.002030748 -0.06182563 0.02827116 0.002057028 -0.0617838 0.02830329 0.002165682 -0.06260049 0.02902784 0.00206536 -0.06177782 0.02830619 0.002186134 -0.06257489 0.02905437 0.002093546 -0.06175759 0.028316 0.002214564 -0.06255231 0.02907762 0.002249255 -0.06253444 0.02909588 0.00203873 -0.06342025 0.02974397 0.001668157 -0.06420818 0.03039517 0.002054218 -0.06339164 0.02978048 0.001684496 -0.06416041 0.03046288 0.001675424 -0.06417471 0.03043931 0.001670013 -0.06419084 0.03041654 0.001395622 -0.06460698 0.03064339 0.00105705 -0.06493074 0.03083877 -0.002142045 -0.06282476 0.02917318 0.001634164 -0.06107191 0.02759025 -0.002280276 -0.06271927 0.02929432 -0.002211298 -0.06191226 0.02851819 -0.001854726 -0.06115831 0.02776095 -0.001159561 -0.06054831 0.02712497 -0.0001377354 -0.06025547 0.02681201 0.0009370481 -0.0604397 0.02700949 0.001719553 -0.06099275 0.02759043 0.00167329 -0.06102847 0.02759722 0.0009130632 -0.060477 0.02702858 -0.0001342645 -0.06029325 0.02683511 -0.0011296 -0.06058531 0.02714167 -0.001804023 -0.06119353 0.02776397 -0.002145809 -0.06194487 0.02850332 -0.002240746 -0.06273065 0.02927961 -0.00110301 -0.06062783 0.02714741 -0.001061208 -0.06065944 0.02713015 -0.0002696788 -0.06039161 0.02686702 0.0004683467 -0.06042664 0.02690166 0.0004002069 -0.06036772 0.02688263 -1.387314e-06 -0.06040435 0.02687961 -0.0001310948 -0.06033524 0.02684929 -0.0001303137 -0.06039822 0.02687356 0.0008548775 -0.06058691 0.02705878 0.00107137 -0.06067667 0.02714678 0.0008822712 -0.06054119 0.02703786 0.001128292 -0.06070028 0.02716992 0.001293676 -0.06078605 0.0272807 0.001861979 -0.06149329 0.02792516 0.001134753 -0.06070438 0.02717392 0.001545846 -0.06114872 0.02759713 0.001618758 -0.06109474 0.027582 0.001859635 -0.06148789 0.02792017 0.000891544 -0.06051932 0.02703744 -0.002106543 -0.0631833 0.02942955 -0.002135453 -0.06285171 0.02914408 -0.002150045 -0.06268436 0.029 -0.002081494 -0.06201566 0.0284495 -0.002096905 -0.06199078 0.0284704 -0.002176947 -0.06277116 0.02923244 -0.002157335 -0.06279738 0.02920339 -0.001969769 -0.06206219 0.02843572 -0.001812335 -0.06151886 0.02794294 -0.001745944 -0.06126049 0.02774158 -0.001072826 -0.06067039 0.02714064 -0.001091734 -0.06064988 0.02714607 -0.001077223 -0.06067453 0.02714461 -0.001751832 -0.06131005 0.02775357 -0.002205359 -0.06274831 0.02925854 -0.002118568 -0.06196673 0.02848873 -0.001761978 -0.06123735 0.02775228 -0.03433748 -0.06572122 0.0001974056 -0.03441592 -0.06566716 0.0004184332 -0.03550678 -0.06869986 -5.941377e-18 -0.03559466 -0.06866355 2.195065e-05 -0.0341831 -0.06582762 4.649258e-05 -0.03569484 -0.06862216 4.697371e-05 -0.03400974 -0.0659471 -7.507542e-18 -0.0359586 -0.06851318 0.0004080384 -0.03595879 -0.0685131 0.0003960194 -0.03587092 -0.0685494 0.000192156 -0.03586886 -0.06855026 0.000190343 -0.03569853 -0.06862064 4.789534e-05 -0.03570936 -0.06861616 5.059928e-05 -0.03578186 -0.0685862 0.0001141259 -0.01828608 -0.06777655 -0.04999465 -0.01839007 -0.06908129 -0.04924188 -0.02392082 -0.06769523 -0.04597184 -0.01319525 -0.06871577 -0.0522087 -0.01318726 -0.06701282 -0.05254899 -0.008523745 -0.06752661 -0.05392911 -0.02164397 -0.04893983 -0.05202709 -0.02270984 -0.04365318 -0.05168753 -0.01729738 -0.04351804 -0.05317199 -0.02778633 -0.04384477 -0.0496685 -0.01165426 -0.04343911 -0.05419667 -0.01025796 -0.05290539 -0.05435056 0.01634566 -0.01016893 -0.05335175 0.0193532 -0.01096607 -0.05264 0.01834948 -0.03383817 -0.05293154 0.01420709 -0.05864176 -0.0533405 0.009300586 -0.05879218 -0.05428777 0.01025835 -0.05290539 -0.05435051 0.02327625 -0.0399492 -0.05150142 0.02384435 -0.03442554 -0.05130908 0.02880154 -0.03519102 -0.04917511 -0.03495267 -0.05626845 -0.04283078 -0.03534789 -0.05530261 -0.04283005 -0.035406 -0.05482994 -0.04302104 -0.03631333 -0.04474122 -0.04280557 -0.03631337 -0.04439198 -0.0428056 -0.03599544 -0.04436088 -0.04331066 -0.03631368 -0.04092945 -0.04280588 -0.03628972 -0.03713006 -0.04280625 -0.03624034 -0.03712293 -0.04292891 -0.03628628 -0.03658369 -0.0428063 -0.03618754 -0.02092523 -0.04280782 -0.03525936 -0.0197919 -0.04415319 -0.03580622 -0.002302708 -0.04280545 -0.03566337 -0.000597829 -0.0427882 -0.03563834 -0.002077648 -0.04309385 -0.03071046 0.01629069 -0.04276328 -0.02974567 0.01800108 -0.04276362 -0.02874985 0.0192317 -0.04328166 -0.01456192 0.03247124 -0.04275256 -0.0142371 0.03262815 -0.04275221 -0.01421474 0.03133483 -0.04508924 0.02453331 0.02503267 -0.04276232 0.02360747 0.02584048 -0.04306757 0.0236042 0.02602169 -0.04276164 0.03492219 0.004188431 -0.04276495 0.03505449 0.003560012 -0.04276597 0.03437429 0.004975153 -0.0435809 0.03566376 -0.0005079154 -0.04278578 0.03563852 -0.002078066 -0.04309359 0.0342604 0.0005800035 -0.04473515 0.03631376 -0.04153756 -0.04280592 0.03631802 -0.04439373 -0.04280557 0.03599566 -0.0443609 -0.04331034 0.03632148 -0.04671597 -0.04280529 0.03628523 -0.04883778 -0.04280673 0.03576554 -0.04884438 -0.04365229 0.03085017 -0.06304215 -0.04285942 0.03056893 -0.06343764 -0.04285515 0.02965062 -0.06367929 -0.04365182 0.0240916 -0.06866364 -0.04482716 -0.02409117 -0.06866377 -0.04482747 -0.002405194 0.03014177 -0.05039665 -0.002210168 0.02986873 -0.05062424 -0.003609738 0.02976926 -0.05058088 -0.0278049 -0.04374029 -0.04965906 -0.02786745 -0.04384618 -0.04962865 -0.003760051 -0.02573427 -0.05491763 -0.001675572 -0.02573427 -0.05498363 -0.006392212 -0.02963115 -0.05474583 5.441472e-06 -0.009699071 -0.05498672 -7.485652e-06 -0.01295531 -0.05497377 -0.004732267 -0.01132801 -0.05486851 -0.009 -0.03178569 -0.0545255 -0.009 -0.0332999 -0.05452556 -0.01245527 -0.03344152 -0.05408028 0.0009743026 -0.01010713 -0.05499609 0.0009743026 -0.01329345 -0.05499564 0.006603543 -0.01525536 -0.05473077 0.004586634 -0.01455472 -0.05487683 0.006706697 -0.008641625 -0.05473285 0.004586634 -0.008840526 -0.05487628 0.007663975 -0.03178798 -0.05465701 0.006396337 -0.03074031 -0.05473107 0.00644412 -0.02573427 -0.05475187 0.01245573 -0.03344154 -0.05408021 0.007667785 -0.02573427 -0.05465606 0.007667785 -0.02152408 -0.05465513 0.009999461 -0.009003857 -0.05440032 0.007642636 -0.01561631 -0.05465553 0.01322024 -0.00951344 -0.05393921 0.007642636 -0.0198147 -0.05465694 0.006880828 -0.01955048 -0.05472228 0.006509685 -0.02152408 -0.05472317 0.006540822 -0.01943256 -0.05473916 0.002339462 -0.02152408 -0.05496816 0.001563359 -0.01770623 -0.05498623 4.008241e-07 -0.02152408 -0.05495952 -8.400974e-06 -0.0171611 -0.05496587 -0.003769129 -0.01585677 -0.05491716 -0.00297151 -0.02152408 -0.05494854 -0.006624375 -0.01486648 -0.05469906 -0.006966933 -0.03010598 -0.05471686 -0.009046488 -0.02573427 -0.05451977 -0.009046488 -0.02152408 -0.05451844 -0.009082306 -0.0009997133 -0.0544978 -0.009062491 -0.008670585 -0.05450863 -0.01321976 -0.00951335 -0.05393929 -0.009062491 -0.008885005 -0.0545088 -0.009062491 -0.01402087 -0.05451283 6.940067e-07 -0.0009983424 -0.0549779 1.53874e-05 -0.005498083 -0.05496089 -0.003880415 -0.000998931 -0.05491083 -0.00288713 -0.006512443 -0.05495214 -0.006812711 -0.0009993706 -0.05467801 -0.006704454 -0.007846506 -0.05469961 -0.008134823 -0.008346381 -0.05460498 0.003062789 -0.0008298773 -0.05494537 0.003404849 -0.004313553 -0.05490594 0.002186796 -0.0009886641 -0.05497341 0.002385686 -0.004669728 -0.05496803 0.001588678 -0.0009936485 -0.0549852 0.001044415 -0.0009981859 -0.05499593 0.003272289 -0.0007495899 -0.05493588 0.003422225 -0.0006921235 -0.05492909 0.006794523 -0.003128948 -0.05469942 0.00435042 -0.0003363881 -0.05488706 0.005285514 0.0002604928 -0.05483178 0.005573767 0.0005274545 -0.05481151 0.006095869 0.001010982 -0.0547748 0.006726692 -0.007388154 -0.05472529 0.007642636 -0.007073233 -0.05465103 0.0072616 0.00289206 -0.0546771 0.007526433 0.003742142 -0.05465183 0.01026746 0.004031343 -0.05434598 0.007642636 -0.002832549 -0.05464775 0.006761289 0.001894882 -0.05472145 0.006858265 0.002088165 -0.05471285 0.007122605 0.002615025 -0.05468942 0.000541442 -0.009514788 -0.0550001 0.0035624 -0.00847611 -0.0548857 0.005786933 -0.007711263 -0.05480147 0.005669074 -0.02573427 -0.05481256 0.002338374 -0.02738652 -0.05496816 0.0003392184 -0.02573427 -0.05499933 0.0116547 -0.04343911 -0.0541966 0.007642636 -0.0429161 -0.05465918 0.007642636 -0.03871771 -0.05465918 0.007663975 -0.03326042 -0.05465708 0.01205448 -0.03947429 -0.05413964 0.007663975 -0.03693632 -0.05465723 0.003012571 -0.03309333 -0.05491196 0.004662205 -0.03445625 -0.05487369 -7.22764e-06 -0.04137108 -0.05495979 0.006245241 -0.03576416 -0.05475953 0.006075766 -0.03926118 -0.05475025 0.002311033 -0.04056699 -0.05496904 -0.0006695368 -0.03005116 -0.05499739 3.875542e-05 -0.03063635 -0.05498096 -0.003710913 -0.03256487 -0.05491997 2.421704e-07 -0.0331675 -0.055 -0.004413748 -0.03314577 -0.05486758 -0.002999463 -0.04240895 -0.05494786 -0.006330897 -0.03473029 -0.05472467 -0.009 -0.03693632 -0.0545257 -0.01205403 -0.03947428 -0.0541397 -0.00644128 -0.02573427 -0.05471583 -0.005866363 -0.04340334 -0.05475891 -0.008263621 -0.04423483 -0.05460092 -0.009062491 -0.04451192 -0.05451889 0.005315498 -0.05065906 -0.05478769 0.005852173 -0.04353807 -0.05478737 0.006244722 -0.0434017 -0.05475927 0.007642636 -0.05145918 -0.05465321 0.0009743026 -0.04523896 -0.05499451 0.0009743026 -0.04842528 -0.05499454 6.26042e-06 -0.04883362 -0.0549606 0.004586634 -0.04397769 -0.05487798 0.004586634 -0.04969189 -0.05487818 0.002068345 -0.04954261 -0.05497533 -3.088434e-06 -0.04557559 -0.05497324 -0.003304328 -0.04769536 -0.05493695 -0.004732267 -0.04720441 -0.05487034 0.007642636 -0.05290811 -0.05463582 0.007642636 -0.05569986 -0.0546023 0.005876176 -0.05508253 -0.0547724 0.004596334 -0.05883422 -0.05482544 0.004944649 -0.05475698 -0.05481646 0.00127605 -0.0534749 -0.05498999 1.754856e-07 -0.05882934 -0.055 1.651113e-06 -0.05302953 -0.05497329 -0.009062491 -0.04986183 -0.05451829 -0.00525692 -0.05119178 -0.05479834 -0.005111609 -0.05290502 -0.05484103 -0.003503474 -0.05180457 -0.05492737 -0.0003895102 -0.05289282 -0.05496817 0.003239726 0.004176436 -0.05493727 0.00317926 0.004105469 -0.05493952 2.655581e-07 0.00496166 -0.05500216 0.002746491 0.003597548 -0.05495569 0.002570892 0.003472647 -0.05496149 0.002061413 0.003284721 -0.05497536 0.001826009 0.003197884 -0.05498177 0.003541876 0.01813862 -0.05490331 0.001849847 0.01130652 -0.05497847 2.719228e-07 0.01827464 -0.05498487 0.001516152 0.01131537 -0.0549856 0.001419106 0.01131291 -0.05498734 0.001305814 0.01131003 -0.05498938 0.001305814 0.007162711 -0.05499098 0.002068398 0.006950779 -0.05497248 0.003460486 0.005020959 -0.05492773 0.003450027 0.004980942 -0.05492818 0.003418716 0.004861167 -0.05492954 0.002589182 0.006806051 -0.05495985 0.00268739 0.006701058 -0.05495632 0.003245156 0.00610478 -0.05493629 0.003283663 0.005985869 -0.05493473 0.003463126 0.00543168 -0.05492748 0.003478969 0.005382759 -0.05492684 0.003493028 0.005145444 -0.05492633 0.007053005 0.0177311 -0.05466245 0.005878862 0.009508153 -0.05478333 0.005840068 0.009534312 -0.0547857 0.003936266 0.01081794 -0.05490213 0.003917669 0.01083048 -0.05490327 0.003497024 0.01092731 -0.05491857 0.007607772 0.004457137 -0.05464322 0.007686075 0.005145444 -0.05463492 0.007241783 0.007345868 -0.05467341 0.01050339 0.01705383 -0.05426783 0.00720118 0.007546959 -0.05467693 0.00693316 0.007944478 -0.0546985 0.001521487 0.003175808 -0.05498808 7.064845e-07 0.0031763 -0.05496792 -0.003458814 0.004858805 -0.05492792 -0.003669535 0.003177484 -0.0549193 -0.006890345 0.004549025 -0.05470793 -0.006869505 0.00317852 -0.05466643 -0.01026694 0.00403144 -0.05434604 -0.009082306 0.003179235 -0.05449157 -0.01356181 0.003308741 -0.05384637 -0.03281577 -0.04184045 -0.04661732 -0.03295962 -0.04258091 -0.04650294 -0.03433694 -0.04421976 -0.04528408 -0.03285948 -0.04342183 -0.04658245 -0.03274558 -0.04365503 -0.04667021 -0.03264511 -0.04154515 -0.04674757 -0.03480891 -0.0366039 -0.04480005 -0.03263399 -0.04152589 -0.04675607 -0.03304474 -0.03610466 -0.04644321 -0.03232989 -0.04099969 -0.04698817 -0.03201243 -0.04074755 -0.04721255 -0.02838195 -0.04084347 -0.04937819 -0.02869187 -0.04054168 -0.0492229 -0.02829283 -0.04034495 -0.04942558 -0.02924843 -0.04028437 -0.04892529 -0.02956257 -0.04013914 -0.04875731 -0.02880118 -0.03519096 -0.0491753 -0.03021887 -0.04009083 -0.04837514 -0.03102655 -0.03563176 -0.04789253 -0.03055196 -0.04006632 -0.04818117 -0.03117231 -0.04025454 -0.04778318 -0.03152737 -0.04036228 -0.04755539 -0.0277228 -0.0436013 -0.04969899 -0.02756579 -0.04282656 -0.04977402 -0.02766286 -0.04198274 -0.04972927 -0.02778232 -0.04174038 -0.04967206 -0.02327585 -0.03994918 -0.05150156 -0.02807899 -0.0411385 -0.04952999 -0.02820452 -0.04101625 -0.04946709 -0.0294476 -0.04517901 -0.04881103 -0.0289861 -0.04503809 -0.0490653 -0.02683255 -0.04891507 -0.05011251 -0.0324677 -0.04422402 -0.04688432 -0.03231534 -0.04437652 -0.04699478 -0.03170315 -0.04888252 -0.047444 -0.03217145 -0.04452054 -0.04709909 -0.03186087 -0.04483139 -0.04732425 -0.03135569 -0.04507076 -0.04766081 -0.03096367 -0.04525652 -0.04792199 -0.0304176 -0.04529762 -0.04825184 -0.02995102 -0.04533273 -0.04853367 -0.02855652 -0.04469905 -0.04928492 -0.02820944 -0.04442512 -0.04946235 -0.02788671 -0.04387879 -0.04961928 0.02796261 -0.04130921 -0.04958649 0.02771456 -0.04193581 -0.04970431 0.0276114 -0.04219639 -0.04975331 0.02271024 -0.04365319 -0.0516874 0.02758475 -0.04303886 -0.04976486 0.02778671 -0.04384479 -0.04966832 0.03255192 -0.04136315 -0.04681867 0.03215928 -0.04081836 -0.04711322 0.03304504 -0.03610473 -0.04644297 0.03186807 -0.04061347 -0.04731634 0.03146862 -0.04033241 -0.04759493 0.03098861 -0.04019517 -0.04790157 0.03102688 -0.03563183 -0.04789232 0.02953856 -0.04014545 -0.04877064 0.03002422 -0.04010546 -0.04848846 0.03052937 -0.04006387 -0.04819494 0.02906966 -0.04037453 -0.0490203 0.02861854 -0.04059493 -0.0492605 0.02829319 -0.04034498 -0.0494254 0.02824774 -0.04099871 -0.04944478 0.02819848 -0.04105235 -0.04946926 0.03433722 -0.04421978 -0.0452838 0.03259561 -0.04402896 -0.04678741 0.03281088 -0.0434582 -0.04661956 0.03291888 -0.04317188 -0.04653536 0.0329406 -0.04236527 -0.04651821 0.03480915 -0.03660398 -0.04479978 0.03270733 -0.04157878 -0.04670208 0.03263719 -0.04148146 -0.0467547 0.02780131 -0.04376023 -0.04966129 0.02782737 -0.043847 -0.04964883 0.02798358 -0.04406041 -0.04957207 0.02838382 -0.04460716 -0.04937539 0.02683294 -0.04891506 -0.05011233 0.02871274 -0.04482162 -0.04920451 0.03010904 -0.04534567 -0.04844211 0.0317035 -0.04888252 -0.04744376 0.02963461 -0.04523731 -0.04870783 0.029197 -0.04513737 -0.04895293 0.03061003 -0.0452803 -0.04813509 0.03110007 -0.04521636 -0.04783477 0.03152934 -0.04498742 -0.04754519 0.03195462 -0.04476061 -0.04725831 0.03229698 -0.04436982 -0.04700679 0.03231743 -0.04434649 -0.04699178 -0.002659543 0.03097632 -0.04964659 -0.003624292 0.03202529 -0.04848563 -0.002610373 0.0319864 -0.04865081 -0.00265491 0.0310715 -0.04955276 1.820682e-05 0.03406369 -0.04620863 2.906796e-07 0.03406121 -0.04621193 2.793582e-07 0.03411308 -0.04613558 -0.0005650155 0.03398293 -0.04631607 -0.003637737 0.03393696 -0.04606752 -0.0007407239 0.0339586 -0.04634844 -0.001456724 0.03363012 -0.04677243 -0.0022264 0.03281198 -0.0477444 -0.002573628 0.03212483 -0.04850594 -0.002577584 0.03210993 -0.04852154 -0.001574037 0.03352101 -0.04690475 -0.002128915 0.0330049 -0.04753059 0.002274336 0.0327403 -0.04782638 0.002201424 0.0329049 -0.04764649 0.003638293 0.0339369 -0.04606749 0.001644453 0.03346104 -0.04697785 0.001512621 0.03359267 -0.04681958 0.0007284571 0.03396209 -0.04634383 5.791434e-05 0.03405802 -0.04621619 0.002210868 0.02986835 -0.05062383 0.002319748 0.03005663 -0.05046359 0.003610289 0.02976921 -0.05058086 0.002511695 0.03038857 -0.05018112 0.002660078 0.03098059 -0.0496426 0.00261633 0.03190256 -0.04873397 0.003624846 0.03202524 -0.0484856 0.002612842 0.03197609 -0.04866151 0.002554793 0.03210714 -0.0485183 2.75994e-07 0.02736978 -0.05239175 3.66373e-07 0.02865995 -0.05158933 0.0006243573 0.02870349 -0.05155664 0.001636216 0.02922854 -0.05114888 0.002055382 0.02959946 -0.05085264 0.003594669 0.02721067 -0.05231176 0.001436866 0.02905214 -0.05128977 -0.001883823 0.02941183 -0.05100506 -0.003594119 0.02721072 -0.05231178 -0.001728485 0.02930393 -0.05108974 -0.001102582 0.02886914 -0.05143092 -0.0006786871 0.02875448 -0.05151768 -0.0002616264 0.02864167 -0.05160305 -0.02672996 -0.06576452 -0.04498243 -0.01858043 -0.0701455 -0.04829043 -0.01715903 -0.07048203 -0.04905977 -0.01721306 -0.07048293 -0.04902446 -0.01722831 -0.07048317 -0.0490121 -0.01867205 -0.07050541 -0.04784212 -0.01331796 -0.0704188 -0.05140708 -0.01440031 -0.07043608 -0.05086311 -0.01500888 -0.07044622 -0.05046529 -0.0085706 -0.07035065 -0.0534244 -0.01029556 -0.07037351 -0.05278341 -0.01138505 -0.07038794 -0.05237855 -0.01155958 -0.07039072 -0.05229083 -0.01329168 -0.07011598 -0.05162628 -0.0126956 -0.07040887 -0.05171988 -0.005139405 -0.07031748 -0.05430922 -0.007798869 -0.07034257 -0.05364316 -0.008529828 -0.06931215 -0.05372144 -0.00836031 -0.07034787 -0.05350254 2.963099e-07 -0.07030184 -0.05475067 -0.002119353 -0.07030304 -0.05471472 -0.004181215 -0.06960099 -0.05460973 -0.002624223 -0.07030545 -0.05464694 -0.004190627 -0.07031294 -0.05443662 0.00443934 -0.07031301 -0.05443328 0.004193741 -0.07031211 -0.05445891 0.00418154 -0.06960098 -0.05460969 0.002644618 -0.07030644 -0.05462053 1.592028e-07 -0.06966893 -0.0549045 0.001201912 -0.07030115 -0.05477104 0.01030536 -0.0703732 -0.05279392 0.00856578 -0.07035132 -0.05340108 0.008530173 -0.06931211 -0.05372134 0.007755568 -0.07034113 -0.05368385 0.005262102 -0.07031999 -0.05424735 0.01147743 -0.07038984 -0.05230527 0.0108636 -0.07038022 -0.05259909 0.01319562 -0.06871571 -0.05220856 0.01388494 -0.0704276 -0.05115288 0.01332206 -0.07041878 -0.05142231 0.01329205 -0.07011592 -0.05162613 0.01271916 -0.07040932 -0.0517109 0.01502842 -0.07044666 -0.05043918 0.01839048 -0.06908119 -0.04924166 0.0166861 -0.0704743 -0.04940453 0.01709871 -0.07048073 -0.0490776 0.01858084 -0.07014539 -0.0482902 0.017217 -0.07048258 -0.04898388 0.01867097 -0.07050527 -0.04783186 0.02392126 -0.06769511 -0.04597155 0.02963985 -0.06474415 -0.04284107 0.02944687 -0.06501552 -0.04283815 0.02673041 -0.0657644 -0.04498211 0.02918552 -0.06538304 -0.04283418 0.0330658 -0.05963705 -0.04284872 0.03272394 -0.06016243 -0.04285037 0.03261968 -0.06018899 -0.04296012 0.03260133 -0.06035087 -0.04285096 0.02983656 -0.06074696 -0.04529188 0.03228527 -0.06083661 -0.04285249 0.03472786 -0.05678543 -0.04283183 0.03429993 -0.05753844 -0.04283689 0.03295027 -0.05703354 -0.04465828 0.03364642 -0.05868841 -0.04284463 0.03536474 -0.05533336 -0.04283138 0.03517622 -0.05576628 -0.04283145 0.03320133 -0.05503998 -0.04536407 0.0347473 -0.05675121 -0.0428316 0.03540631 -0.05482991 -0.04302064 0.03552342 -0.054812 -0.0428293 0.03542523 -0.05519447 -0.04283136 0.03576821 -0.05385854 -0.04282419 0.03556882 -0.05222652 -0.04357945 0.03594358 -0.05317549 -0.04282052 0.03626572 -0.04998009 -0.04280751 0.03625437 -0.05064429 -0.04280796 0.0360645 -0.05219067 -0.04281564 0.03632055 -0.04608981 -0.04280536 0.03630796 -0.03834918 -0.0428057 0.03624053 -0.03712301 -0.0429286 0.03630577 -0.03714545 -0.04280562 0.03628729 -0.02699232 -0.04280491 0.03630122 -0.03464803 -0.04280544 0.0354611 -0.01089227 -0.04366942 0.03603286 -0.01188725 -0.04281138 0.03618513 -0.02092754 -0.04280751 0.03583974 -0.003507281 -0.04279973 0.03595033 -0.006987201 -0.04281348 0.03595688 -0.007376218 -0.04281331 0.03577267 -0.001397016 -0.0427914 0.03580655 -0.002462933 -0.04279561 0.0353199 0.00229921 -0.04276804 0.03431881 0.002840882 -0.04432608 0.03555585 0.0003730413 -0.04278021 0.03556554 0.0002939384 -0.04278071 0.03443639 0.00649613 -0.04276118 0.03281201 0.01153423 -0.04276142 0.03324772 0.01043767 -0.04276103 0.03277843 0.00988598 -0.04397871 0.033996 0.007956443 -0.04276113 0.03413925 0.007481439 -0.04276114 0.0327628 0.01165809 -0.04276147 0.03082903 0.01266925 -0.04533335 0.03252896 0.01224659 -0.04276168 0.03090124 0.01467433 -0.04387996 0.03180533 0.01406773 -0.04276233 0.03122286 0.01522171 -0.04276277 0.02867722 0.01737811 -0.04508239 0.0300247 0.01759548 -0.04276367 0.03091665 0.01582838 -0.042763 0.02978715 0.01797423 -0.0427637 0.02875021 0.0192313 -0.04328149 0.02937099 0.0186378 -0.04276374 0.02874285 0.01963935 -0.04276382 0.02804494 0.02075215 -0.0427639 0.02626603 0.02180616 -0.04432395 0.02717908 0.02187724 -0.04276363 0.02469061 0.02486522 -0.04276243 0.02353908 0.02414112 -0.04526693 0.02573571 0.02375272 -0.04276319 0.02629627 0.02302435 -0.04276336 0.02065955 0.027968 -0.04384761 0.02189545 0.02757056 -0.04276017 0.02328825 0.02635801 -0.04276141 0.01751895 0.02980526 -0.04452344 0.01755363 0.03084381 -0.04275569 0.01766546 0.03078114 -0.0427558 0.0188048 0.02997777 -0.04275705 0.02051789 0.02876985 -0.04275893 0.02068061 0.02862818 -0.04275908 0.01548423 0.03200349 -0.04275355 0.01421525 0.03133462 -0.04508916 0.01452714 0.03253983 -0.04275257 0.01080941 0.03407438 -0.04274879 0.01132861 0.0339135 -0.04274919 0.01081415 0.03403589 -0.04288368 0.01194974 0.03364674 -0.04274985 0.011964 0.03364063 -0.04274986 0.00822659 0.03487467 -0.04274679 0.007266565 0.0349249 -0.04318415 0.007976714 0.0349521 -0.0427466 0.003650399 0.03570412 -0.04274422 0.004412811 0.03563809 -0.0427444 0.003650586 0.03546203 -0.04336799 0.004532735 0.0356277 -0.04274443 0.007264831 0.03509175 -0.04274615 0.001055964 0.03592886 -0.0427436 2.803062e-07 0.03564201 -0.04343035 0.0005158454 0.03591738 -0.04274363 -0.003647762 0.03569745 -0.04274425 -0.003393229 0.03573033 -0.04274415 -0.003650028 0.03546209 -0.043368 -0.002429974 0.03585475 -0.04274376 1.017871e-06 0.03590643 -0.04274365 -0.005878681 0.03540927 -0.04274516 -0.007266015 0.03492501 -0.04318418 -0.007220014 0.0350871 -0.04274609 -0.01081361 0.03403605 -0.04288374 -0.009317255 0.03458339 -0.04274755 -0.007260088 0.03507749 -0.04274612 -0.01195852 0.03363969 -0.04274989 -0.01096635 0.03399418 -0.04274901 -0.01080132 0.03405315 -0.04274887 -0.01077847 0.03254057 -0.04553889 -0.0126677 0.0333863 -0.04275052 -0.01588856 0.03183035 -0.042754 -0.01751846 0.02980552 -0.04452354 -0.01753356 0.03080621 -0.04275572 -0.021061 0.02828879 -0.04275941 -0.02066273 0.02859899 -0.04275899 -0.02065908 0.0279683 -0.04384772 -0.01900507 0.02989008 -0.04275725 -0.01792339 0.03056351 -0.04275613 -0.02460931 0.02501508 -0.04276241 -0.02394891 0.02565078 -0.04276189 -0.02360704 0.02584083 -0.0430677 -0.02358801 0.02599817 -0.04276161 -0.02183302 0.0276875 -0.04276022 -0.02651609 0.02275809 -0.04276349 -0.02629395 0.02302103 -0.04276336 -0.02626563 0.02180654 -0.0443241 -0.02461537 0.0250079 -0.04276242 -0.02353865 0.02414147 -0.04526707 -0.02875426 0.01965476 -0.04276384 -0.02700871 0.02217498 -0.04276376 -0.02907006 0.01919881 -0.04276386 -0.02876735 0.01963586 -0.04276384 -0.02867685 0.01737851 -0.04508257 -0.03093971 0.01588428 -0.0427632 -0.03090092 0.01467477 -0.04388015 -0.03252744 0.01236365 -0.04276155 -0.03235206 0.01275252 -0.04276173 -0.03094556 0.01587129 -0.04276319 -0.03277816 0.009886419 -0.04397893 -0.03281526 0.01153807 -0.04276139 -0.03082871 0.01266966 -0.04533355 -0.03258581 0.0121962 -0.04276152 -0.03413755 0.007490588 -0.04276135 -0.03389899 0.008429518 -0.04276079 -0.03366204 0.009109175 -0.04276092 -0.03437406 0.004975593 -0.04358114 -0.03439407 0.006481005 -0.04276196 -0.03271171 0.007789155 -0.04507813 -0.03507462 0.003533965 -0.04276584 -0.0349361 0.004347717 -0.04276324 -0.03467277 0.005384093 -0.04276262 -0.0355931 0.0002407934 -0.04277971 -0.03431858 0.002841307 -0.04432632 -0.03555229 0.0007278826 -0.04277478 -0.03540719 0.001580251 -0.04277206 -0.03426017 0.0005803984 -0.04473539 -0.0361648 -0.01732025 -0.04280817 -0.03605482 -0.01193703 -0.0428109 -0.0354609 -0.01089194 -0.04366968 -0.03597271 -0.007918695 -0.04281294 -0.03592938 -0.006168777 -0.042812 -0.03584514 -0.002767229 -0.04281015 -0.03582288 -0.002501609 -0.04280746 -0.03576528 -0.04884438 -0.04365264 -0.03631296 -0.04883734 -0.04280524 -0.03631298 -0.04860063 -0.04280526 -0.03606192 -0.05246137 -0.04281626 -0.03608426 -0.05219068 -0.04281527 -0.03556854 -0.05222654 -0.04357982 -0.0363129 -0.04942042 -0.04280519 -0.03554778 -0.05481409 -0.04282967 -0.03554991 -0.05480888 -0.04282967 -0.03563316 -0.05442721 -0.04282749 -0.03478094 -0.05668814 -0.0428311 -0.03320096 -0.05504001 -0.04536439 -0.03271782 -0.06016145 -0.04284992 -0.03306278 -0.05963092 -0.04284852 -0.03294989 -0.05703359 -0.04465863 -0.0332141 -0.0593982 -0.0428479 -0.03472557 -0.05678391 -0.0428317 -0.03259887 -0.06034439 -0.04285041 -0.03261926 -0.06018907 -0.04296051 -0.03097223 -0.06284607 -0.04285704 -0.02983612 -0.06074705 -0.0452922 -0.03058718 -0.06343826 -0.04285862 -0.03030842 -0.06386698 -0.04285975 -0.02965017 -0.0636794 -0.04365218 -0.02963804 -0.06473263 -0.04284525 -0.0267233 -0.06439678 -0.04582088 -0.02941698 -0.06501807 -0.04284047 0.03351455 -0.0523425 -0.04576728 0.03389369 -0.04886397 -0.04571949 0.032537 -0.04409586 -0.04683047 0.02757361 -0.05764681 -0.04839198 0.02534411 -0.05558679 -0.05014042 0.03032102 -0.05735134 -0.04671026 0.03068891 -0.05523895 -0.04727636 0.02222064 -0.01189923 -0.05180544 0.02492675 -0.01296023 -0.05084901 0.02745022 -0.01413962 -0.04977044 0.0297701 -0.01542585 -0.04856801 0.03186362 -0.01680633 -0.04723727 0.03370508 -0.01826677 -0.04577016 0.03525957 -0.01979213 -0.04415293 0.01546454 -0.05287001 -0.05348789 0.02073327 -0.05278363 -0.05217684 0.01998056 -0.05584792 -0.05211023 0.02601766 -0.05264234 -0.05028309 0.03114791 -0.05245199 -0.04756449 0.02480425 -0.0579146 -0.04978105 0.01937725 -0.05835092 -0.0518926 0.01782268 -0.03965799 -0.05305399 0.01729781 -0.04351805 -0.0531719 0.02164437 -0.04893983 -0.05202696 0.01356231 0.003308615 -0.05384629 0.01674902 0.002385182 -0.0532127 0.0198023 0.001268698 -0.05244916 0.0226974 -3.161469e-05 -0.05155921 0.02541105 -0.001503559 -0.05054621 0.02792031 -0.003133545 -0.04941264 0.03020347 -0.004905501 -0.04816006 0.03223801 -0.006802211 -0.04678806 0.03400041 -0.00880448 -0.04529362 0.03256761 0.003131991 -0.0462659 0.03058499 0.005552849 -0.04768715 0.02833416 0.007818429 -0.04899716 0.02583741 0.009906819 -0.05019252 0.02311713 0.01179737 -0.05126847 0.02019767 0.01347218 -0.05221976 0.01710412 0.01491491 -0.05304062 0.01386345 0.01611254 -0.0537253 0.007215999 0.03151358 -0.04827042 0.007187403 0.02927445 -0.05035382 0.01074057 0.0306663 -0.04791867 0.01069896 0.02845478 -0.04998264 0.01416619 0.02949244 -0.04743635 0.01411307 0.02731873 -0.04947354 0.0174611 0.0280032 -0.04682945 0.01739847 0.02587693 -0.04883276 0.02059513 0.02621373 -0.04610424 0.02052539 0.02414392 -0.04806678 0.02346506 0.02213614 -0.04718205 0.02619083 0.01987362 -0.04618514 0.01077901 0.03254041 -0.04553884 0.007242416 0.033411 -0.04586682 0.02859889 0.0152763 -0.0465881 0.02611014 0.01768195 -0.04773779 0.02338562 0.01986239 -0.04877634 0.02045056 0.02179672 -0.04969743 0.01733126 0.02346572 -0.05049445 0.01405608 0.02485369 -0.05116088 0.0106543 0.02594682 -0.05169014 0.007156716 0.02673512 -0.05207589 -0.004595979 -0.05883422 -0.05482546 -0.01937684 -0.05835094 -0.05189274 -0.0253437 -0.05558681 -0.0501406 -0.01998016 -0.05584794 -0.05211035 -0.02601725 -0.05264236 -0.05028326 -0.0303206 -0.05735139 -0.04671054 -0.02480383 -0.05791463 -0.04978125 -0.02803959 -0.05542242 -0.0488448 -0.03114753 -0.052452 -0.04756474 -0.03389337 -0.04886398 -0.04571978 -0.03253051 -0.04409542 -0.04683593 -0.01420671 -0.05864178 -0.05334059 -0.01546414 -0.05287001 -0.05348797 -0.02073286 -0.05278364 -0.05217697 -0.005820865 -0.04338756 -0.05476191 -0.01782225 -0.03965797 -0.05305409 -0.007241868 0.03341111 -0.04586686 0.01425075 0.03265854 -0.04275228 -0.01674854 0.002385339 -0.05321281 -0.01935275 -0.01096594 -0.05264012 -0.01980184 0.001268884 -0.05244928 -0.02269697 -3.139862e-05 -0.05155936 -0.02492635 -0.01296006 -0.05084916 -0.02541065 -0.00150332 -0.05054638 -0.007215453 0.03151368 -0.04827046 -0.01074004 0.03066645 -0.04791873 -0.01416567 0.02949264 -0.04743644 -0.0174606 0.02800344 -0.04682956 -0.02059466 0.02621402 -0.04610436 -0.01834904 -0.03383813 -0.05293164 -0.02384394 -0.03442549 -0.05130922 -0.03628908 -0.03702896 -0.04280626 -0.03370482 -0.01826655 -0.0457704 -0.03186332 -0.01680611 -0.04723748 -0.02976976 -0.01542564 -0.0485682 -0.008243901 -0.02152408 -0.05460087 -0.006508557 -0.02152408 -0.0547153 -0.02619043 0.01987399 -0.0461853 -0.02346462 0.02213646 -0.04718219 -0.02052493 0.02414421 -0.04806691 -0.01739797 0.02587718 -0.04883287 -0.01411256 0.02731893 -0.04947363 -0.01069842 0.02845493 -0.04998271 -0.007186858 0.02927455 -0.05035387 -0.007156174 0.02673521 -0.05207593 -0.01065377 0.02594696 -0.05169021 -0.01405556 0.02485388 -0.05116098 -0.01733077 0.02346595 -0.05049456 -0.0204501 0.021797 -0.04969757 -0.02338518 0.0198627 -0.04877649 -0.02610973 0.0176823 -0.04773796 -0.02859852 0.01527668 -0.04658829 -0.03075179 0.0104595 -0.04647395 -0.02851509 0.01296015 -0.04776512 -0.02602378 0.01526695 -0.04894687 -0.02330056 0.01735706 -0.05001338 -0.02037039 0.01921053 -0.0509585 -0.01725918 0.02080903 -0.05177572 -0.01399485 0.0221377 -0.05245862 -0.01060621 0.02318351 -0.05300065 -0.007123488 0.0239372 -0.0533955 -0.003577482 0.02439153 -0.05363683 2.747108e-07 0.02454341 -0.05371862 0.003578029 0.02439149 -0.0536368 0.007124028 0.0239371 -0.05339545 0.01060674 0.02318337 -0.05300057 0.01399537 0.02213751 -0.05245852 0.01725966 0.02080881 -0.0517756 0.02037086 0.01921027 -0.05095836 0.02330099 0.01735676 -0.05001322 0.02602418 0.01526661 -0.0489467 0.02851545 0.01295978 -0.04776493 0.03075211 0.01045909 -0.04647374 0.03271199 0.007788731 -0.04507791 0.03441481 0.006567715 -0.04276118 -0.03264137 0.005527614 -0.04585066 -0.03256733 0.003132379 -0.04626613 -0.03067037 0.008076577 -0.04726924 -0.03058466 0.005553206 -0.04768736 -0.02842677 0.01046286 -0.04857938 -0.0283338 0.007818764 -0.04899736 -0.02593279 0.0126634 -0.04977685 -0.02583701 0.009907125 -0.0501927 -0.02321099 0.01465642 -0.05085628 -0.0231167 0.01179764 -0.05126863 -0.02028602 0.01642296 -0.05181188 -0.0201972 0.01347241 -0.0522199 -0.0171834 0.01794567 -0.05263741 -0.01710363 0.01491511 -0.05304074 -0.01393059 0.01921058 -0.05332671 -0.01386294 0.01611271 -0.0537254 -0.01055586 0.02020552 -0.05387341 -0.01050287 0.01705395 -0.0542679 -0.00708889 0.02092202 -0.05427141 -0.00705247 0.01773118 -0.0546625 -0.003559873 0.02135356 -0.05451451 -0.003541335 0.01813866 -0.05490334 2.733526e-07 0.0214977 -0.05459687 0.003560417 0.02135352 -0.05451449 0.007089428 0.02092193 -0.05427136 0.01055639 0.02020538 -0.05387334 0.0139311 0.0192104 -0.05332661 0.01718389 0.01794545 -0.0526373 0.02028648 0.0164227 -0.05181174 0.02321142 0.01465612 -0.05085613 0.02593319 0.01266308 -0.04977668 0.02842713 0.01046251 -0.04857919 0.0306707 0.008076197 -0.04726904 0.03264165 0.005527211 -0.04585043 -0.03400016 -0.008804167 -0.04529386 -0.03223772 -0.006801913 -0.04678828 -0.03020314 -0.004905218 -0.04816027 -0.02791994 -0.003133284 -0.04941282 -0.00417794 -0.06776645 -0.05473421 -0.009300218 -0.05879219 -0.05428782 -0.008739104 -0.06346779 -0.05413239 -0.01347001 -0.0631303 -0.05299385 -0.02382777 -0.06650715 -0.04692436 -0.01827747 -0.0661879 -0.05051003 -0.01858239 -0.06255815 -0.05127928 -0.01837324 -0.0644296 -0.05091313 -0.02390576 -0.06345814 -0.0482574 -0.02382006 -0.06506023 -0.04764871 -0.02695902 -0.06127102 -0.0472165 -0.02409291 -0.06175213 -0.04881771 -0.01891392 -0.06054278 -0.05160612 -0.02438959 -0.05991397 -0.04932628 -0.02757319 -0.05764685 -0.04839221 -0.03068851 -0.05523898 -0.04727662 -0.03351421 -0.05234251 -0.04576758 0.02382821 -0.06650703 -0.04692409 0.01828649 -0.06777647 -0.04999445 0.03014422 -0.06403489 -0.04284872 0.02672375 -0.06439668 -0.04582058 0.0238205 -0.06506013 -0.04764845 0.01827788 -0.06618781 -0.05050984 0.01318763 -0.06701277 -0.05254887 0.008524089 -0.06752659 -0.05392903 1.590742e-07 -0.06781854 -0.05500039 1.63626e-07 -0.06362987 -0.05500162 0.004178265 -0.06776644 -0.05473417 0.004294218 -0.06360801 -0.05478702 0.008739454 -0.06346777 -0.05413232 0.01347039 -0.06313027 -0.05299374 0.01858279 -0.0625581 -0.05127913 0.02409335 -0.06175206 -0.04881749 0.02695946 -0.06127094 -0.04721623 -0.03085016 -0.06276544 -0.04211158 0.03603375 -0.007374445 -0.04258005 0.03638932 -0.04608963 -0.04257274 0.03634942 -0.04998309 -0.04243476 0.03587058 -0.0538826 -0.04244884 0.03587902 -0.05388452 -0.04259096 0.03026239 -0.06411703 -0.04262331 0.03237871 -0.06089732 -0.04261899 0.03237748 -0.06089664 -0.04247154 0.03638403 -0.03834914 -0.04257288 0.036371 -0.03834911 -0.04243436 0.03523257 -0.05579006 -0.04231347 0.03434025 -0.05756103 -0.04231637 0.03438359 -0.05758518 -0.04245913 0.03276644 0.01166005 -0.04227868 0.03400273 0.00795879 -0.04227834 0.03405832 0.007974891 -0.04240213 0.02937647 0.01864182 -0.04227978 0.03122993 0.01522586 -0.04227933 0.03128185 0.01525101 -0.04240363 0.01194571 0.03363396 -0.04227342 0.01548564 0.03200433 -0.04227506 0.01551314 0.03205592 -0.04239719 0.01880847 0.02998233 -0.0422767 0.02190435 0.02758078 -0.04227812 0.02194236 0.02762447 -0.0424018 0.004407142 0.03559898 -0.04227098 0.008219286 0.03484433 -0.04227198 0.008234163 0.03490141 -0.04239255 -0.007239295 0.03516943 -0.04251927 -0.01460071 0.03255067 -0.04252495 -0.03475131 0.00540304 -0.04253319 -0.03587429 -0.002298417 -0.0426969 -0.03589591 -0.002297262 -0.04257024 -0.03548314 0.001592195 -0.04254095 -0.03467377 0.005385017 -0.04227889 -0.03365474 0.009107647 -0.04227836 -0.03370991 0.009125112 -0.04240216 -0.03233673 0.01274683 -0.04227887 -0.03069865 0.01628529 -0.04227951 -0.03074983 0.01631187 -0.0424039 -0.03638649 -0.04474111 -0.04257299 -0.03613083 -0.05251389 -0.04258316 -0.03631995 -0.04474122 -0.04229985 -0.03631799 -0.0370288 -0.04229972 -0.03637155 -0.03702882 -0.04243425 -0.03568117 -0.05443884 -0.04231113 -0.0360686 -0.05250486 -0.04230528 -0.03612036 -0.05251237 -0.04244258 -0.03632842 -0.04860064 -0.04229931 -0.03637349 -0.04474113 -0.04243445 -0.03102344 -0.06287982 -0.04232801 -0.0331052 -0.0596574 -0.04232236 -0.03314604 -0.05968275 -0.04246803 -0.03540223 -0.002422744 -0.04205 -0.03562616 -0.002311954 -0.04210575 -0.0357372 -0.006173478 -0.04210687 0.0289279 0.01856977 -0.04205 0.02900991 0.01842034 -0.04205 0.02920648 0.01853894 -0.04210198 0.03023107 -0.06409551 -0.04275376 0.03026219 -0.0641169 -0.04247508 0.02986621 -0.0638202 -0.04205 0.02985358 -0.06383598 -0.04205 0.03005262 -0.06397288 -0.0421114 0.03193885 -0.0606131 -0.04205 0.03216362 -0.06075851 -0.04211095 0.03307722 -0.05885162 -0.04205 0.03416045 -0.05746083 -0.04210932 0.03392741 -0.05733092 -0.04205 0.03460913 -0.05611154 -0.04205 0.03504236 -0.05571264 -0.04210875 0.03478968 -0.05561142 -0.04205 0.03526497 -0.05429488 -0.04205 0.03562088 -0.05382618 -0.04210796 0.03536691 -0.05376967 -0.04205 0.03566913 -0.05221254 -0.04205 0.03609322 -0.0499717 -0.04210608 0.03584709 -0.04996018 -0.04205 0.03588529 -0.03670153 -0.04205 0.03588564 -0.03834901 -0.04205 0.03611454 -0.03834904 -0.04210603 0.03588703 -0.04475186 -0.04205 0.0361198 -0.04609033 -0.04210602 0.03588467 -0.04609092 -0.04205 0.03587857 -0.04956177 -0.04205 0.03576618 -0.007380793 -0.0421068 0.03552048 -0.00738653 -0.04205 0.03581339 -0.02264779 -0.04205 0.03546947 -0.004729183 -0.04205 0.03567091 -0.003511088 -0.04210715 0.03540676 -0.003518308 -0.04205 0.03525181 -0.0005262513 -0.04205 0.03537697 0.0003505256 -0.04210322 0.03512282 0.0003179219 -0.04205 0.03460312 0.003719037 -0.04205 0.03474187 0.004151126 -0.04210194 0.03450998 0.004102772 -0.04205 0.03381218 0.007903649 -0.04210168 0.03361789 0.007778456 -0.04205 0.03258098 0.01158942 -0.04210176 0.03236815 0.01150863 -0.04205 0.0310512 0.01513929 -0.04210189 0.03075469 0.01524126 -0.04205 0.03084294 0.01503884 -0.04205 0.03232209 0.01164608 -0.04205 0.02682019 0.02167541 -0.04205 0.02702979 0.02176598 -0.04210197 0.02448366 0.0244855 -0.04205 0.02455258 0.02473788 -0.04210186 0.02438524 0.02458239 -0.04205 0.02193317 0.02699657 -0.04205 0.0217742 0.02743114 -0.04210164 0.02161741 0.02724974 -0.04205 0.01913632 0.02923915 -0.04205 0.01869608 0.02981933 -0.04210135 0.01855513 0.02961331 -0.04205 0.01616548 0.03115169 -0.04205 0.01539269 0.03182996 -0.04210101 0.01527239 0.03160254 -0.04205 0.01305992 0.03271946 -0.04205 0.01187378 0.03345035 -0.04210068 0.01177801 0.03320446 -0.04205 0.009781518 0.03395982 -0.04205 0.008169636 0.03465384 -0.04210038 0.008102684 0.03439692 -0.04205 0.006410246 0.03483756 -0.04205 0.00438046 0.03540419 -0.04210017 0.004344421 0.03514477 -0.04205 0.0005114534 0.03569913 -0.04210008 0.0005064584 0.03544309 -0.04205 0.003014105 0.03534261 -0.04205 -0.0004595566 0.0354818 -0.04205 -0.003372656 0.03552696 -0.04210014 -0.003348028 0.035283 -0.04205 -0.003943063 0.03524205 -0.04205 -0.007177089 0.03489595 -0.04210031 -0.007126505 0.03467104 -0.04205 -0.01090203 0.03381334 -0.04210059 -0.0108263 0.03360151 -0.04205 -0.01072481 0.03364359 -0.04205 -0.007361299 0.03462893 -0.04205 -0.01403014 0.0322731 -0.04205 -0.01447685 0.03230007 -0.04210092 -0.01437059 0.03208682 -0.04205 -0.01715659 0.03056241 -0.04205 -0.01781978 0.03040443 -0.04210126 -0.01768436 0.03019611 -0.04205 -0.02010302 0.02851742 -0.04205 -0.02093613 0.02813717 -0.04210157 -0.02077292 0.02793882 -0.04205 -0.02291146 0.02609177 -0.04205 -0.02380978 0.02551547 -0.04210181 -0.02362279 0.02533302 -0.04205 -0.02550727 0.02332291 -0.04205 -0.02635894 0.02263409 -0.04210195 -0.02615396 0.02247204 -0.04205 -0.02783833 0.02025585 -0.04205 -0.02859161 0.01952321 -0.04210199 -0.02837278 0.01938304 -0.04205 -0.0299044 0.01688174 -0.04205 -0.03052236 0.01619376 -0.04210193 -0.03029434 0.01607647 -0.04205 -0.03172139 0.01312944 -0.04205 -0.0321531 0.01267146 -0.04210179 -0.03192569 0.012579 -0.04205 -0.03321512 0.009104898 -0.04205 -0.03346561 0.009047789 -0.04210169 -0.03324918 0.008979542 -0.04205 -0.03448043 0.005340105 -0.0421018 -0.03425241 0.005286662 -0.04205 -0.03520963 0.001550717 -0.04210263 -0.03503143 0.001230439 -0.04205 -0.03497854 0.001515364 -0.04205 -0.03433451 0.004984481 -0.04205 -0.03570997 -0.01577325 -0.04205 -0.03611509 -0.0370287 -0.04210602 -0.03553339 -0.007327536 -0.04205 -0.03550268 -0.00617923 -0.04205 -0.03612561 -0.04859964 -0.04210594 -0.03589296 -0.04474192 -0.04205 -0.03611703 -0.04474155 -0.04210604 -0.03588732 -0.0370286 -0.04205 -0.03588611 -0.03536211 -0.04205 -0.03586679 -0.05247555 -0.04210713 -0.03571785 -0.05182238 -0.04205 -0.03589578 -0.04860498 -0.04205 -0.03482489 -0.05620505 -0.04210866 -0.0352525 -0.0543231 -0.04205 -0.03548324 -0.05438559 -0.04210829 -0.03527109 -0.05427193 -0.04205 -0.03560584 -0.0524365 -0.04205 -0.03003888 -0.06356354 -0.04205 -0.03064233 -0.06262837 -0.04205 -0.03271568 -0.0594153 -0.04205 -0.03292952 -0.05954833 -0.04211049 -0.03304322 -0.05890771 -0.04205 -0.0345834 -0.05616478 -0.04205 -0.03106228 -0.06290545 -0.04247644 -0.03501008 -0.05629362 -0.04231301 -0.03573034 -0.05445206 -0.04245131 -0.03638208 -0.04860091 -0.04243364 -0.03506193 -0.05631841 -0.0425975 -0.0350556 -0.05631538 -0.04245412 -0.03106211 -0.06290533 -0.04262498 -0.03314821 -0.0596841 -0.04261468 -0.03102995 -0.06288411 -0.0427555 -0.03573796 -0.05445411 -0.04259403 -0.03503497 -0.05630552 -0.04272638 -0.03311827 -0.05966551 -0.04274466 -0.03639532 -0.04860098 -0.04257198 -0.03638462 -0.03702883 -0.04257274 -0.03473005 0.005398093 -0.04240296 -0.0354068 0.001580602 -0.04228294 -0.03546317 0.001589155 -0.04240906 -0.0358285 -0.00230095 -0.04229839 -0.03588228 -0.002298022 -0.04243226 -0.03594083 -0.006168494 -0.042304 -0.03599342 -0.006167205 -0.04244065 -0.03600457 -0.006166929 -0.04258076 -0.02882498 0.01967386 -0.04253495 -0.02880697 0.01966222 -0.04240435 -0.02875858 0.01963098 -0.04227981 -0.01456436 0.03247711 -0.04227461 -0.01096813 0.03399902 -0.042273 -0.01099595 0.03407717 -0.04252185 -0.00722073 0.03508784 -0.04227167 -0.003393202 0.03572243 -0.04227081 -0.003402045 0.03580615 -0.04251761 -0.03547006 0.001590228 -0.04266458 -0.03241038 0.01277707 -0.04253314 -0.03373092 0.009131758 -0.04253216 -0.03239018 0.01276877 -0.04240293 -0.03076898 0.01632181 -0.04253437 -0.02400811 0.02571039 -0.04253326 -0.0265763 0.02280714 -0.0425346 -0.02111225 0.0283529 -0.04253099 -0.01797104 0.03063887 -0.04252812 -0.01795862 0.03061967 -0.042399 -0.01792703 0.03057074 -0.04227626 -0.02109816 0.02833564 -0.04240125 -0.02106149 0.02829073 -0.04227775 -0.02399255 0.02569511 -0.04240302 -0.02395135 0.02565462 -0.04227893 -0.02655946 0.02279373 -0.04240407 -0.02651437 0.02275783 -0.04227963 0.02469825 0.02487284 -0.04227917 0.0247406 0.02491206 -0.04240339 0.02475654 0.02492679 -0.04253372 0.02195688 0.02764117 -0.0425317 0.02944413 0.01868277 -0.04253489 0.02723485 0.02191976 -0.04240423 0.02942576 0.01867165 -0.0424043 0.02718875 0.02188518 -0.04227973 0.03284094 0.01168842 -0.04253278 0.03282047 0.01168062 -0.04240264 0.03596975 -0.007375972 -0.04230362 0.03602242 -0.007374721 -0.04244008 0.03587481 -0.0035062 -0.04230539 0.03592707 -0.003504949 -0.04244273 0.03557549 0.0003753211 -0.04228584 0.03563151 0.0003823321 -0.04241343 0.03493641 0.004191322 -0.04227958 0.03499286 0.00420302 -0.04240401 0.03582053 -0.05387128 -0.04230947 0.0352792 -0.05580904 -0.04245481 0.0323376 -0.06087094 -0.04232471 0.03022362 -0.06409039 -0.04232709 0.03629598 -0.04998071 -0.04230006 0.03632269 -0.04608981 -0.04229971 0.0359376 -0.003504695 -0.04258335 0.03565037 0.0003847014 -0.0425465 0.03501396 0.00420743 -0.04253452 0.004418551 0.03568226 -0.04251794 0.0005159266 0.03597989 -0.04251713 0.0005155272 0.03595482 -0.04239041 0.004415169 0.03565759 -0.04239105 0.0005145838 0.03589561 -0.04227056 0.01197588 0.03371098 -0.04252264 0.00824035 0.03492514 -0.04251987 0.01196714 0.03368865 -0.04239471 0.01885437 0.0300489 -0.04252897 0.01552412 0.03207651 -0.04252581 0.01884149 0.03003021 -0.04239966 0.02725204 0.02193264 -0.04253481 0.03130134 0.01526045 -0.04253403 0.0340795 0.007981038 -0.04253212 0.03591204 -0.003505306 -0.04271115 0.03563569 0.0003828835 -0.04267075 0.03633976 -0.04998266 -0.04270032 0.03636232 -0.04998366 -0.04257338 0.03637625 -0.04608967 -0.04243425 0.03631745 -0.03834909 -0.04229979 0.03528549 -0.05581161 -0.04259836 0.03438834 -0.05758782 -0.04260371 0.03585183 -0.05387841 -0.04271935 0.03014962 -0.06403954 -0.04220071 0.03226214 -0.0608222 -0.04219947 0.03426174 -0.05751728 -0.04219508 0.03514932 -0.05575618 -0.04219355 0.03573287 -0.05385147 -0.04219144 0.0362063 -0.04997673 -0.04218646 0.03623292 -0.04609004 -0.04218628 0.03622768 -0.03834906 -0.04218632 0.03587995 -0.007378096 -0.04218834 0.03578499 -0.003508354 -0.04218928 0.03548676 0.0003642347 -0.04217891 0.03484907 0.004173262 -0.04217558 0.03391711 0.00793401 -0.04217492 0.03268312 0.01162832 -0.0421751 0.03114967 0.01518698 -0.04217545 0.02930016 0.01859563 -0.04217568 0.02711739 0.02183167 -0.04217566 -0.03094851 -0.06283036 -0.04220119 -0.03302887 -0.05961001 -0.04219823 -0.034929 -0.05625484 -0.0421933 -0.03559438 -0.05441549 -0.04219231 -0.0359797 -0.05249194 -0.04218923 -0.03623866 -0.0486002 -0.04218607 -0.03623018 -0.04474136 -0.04218635 -0.03622822 -0.03702876 -0.04218628 -0.03585104 -0.006170692 -0.04218854 -0.03573889 -0.00230583 -0.04218557 -0.03531849 0.001567213 -0.04217737 -0.03458693 0.005364841 -0.04217521 -0.03356975 0.009080751 -0.04217493 -0.03225425 0.01271298 -0.0421752 -0.0306195 0.0162442 -0.04217554 -0.02868363 0.0195826 -0.0421757 -0.02644459 0.02270227 -0.04217561 -0.02388776 0.02559212 -0.04217523 -0.02100514 0.0282217 -0.0421746 -0.01787877 0.0304959 -0.04217381 -0.01452493 0.03239735 -0.04217293 -0.01093832 0.03391528 -0.04217207 -0.00720103 0.03500121 -0.04217136 -0.003383916 0.03563414 -0.0421709 0.0005131697 0.03580685 -0.04217077 0.01718984 -0.07057247 -0.04894395 0.01270548 -0.07052584 -0.05168338 0.01501206 -0.07054997 -0.05041026 0.01028867 -0.07050234 -0.05275267 0.007806265 -0.07048205 -0.05360036 0.005258468 -0.07046662 -0.05422229 0.002643742 -0.07045728 -0.054608 -5.013416e-07 -0.07045432 -0.0547383 -0.002621497 -0.07045726 -0.05461027 -0.00521776 -0.07046642 -0.05423025 -0.01268426 -0.07052562 -0.05169424 -0.01028404 -0.0705023 -0.05275448 -0.01498675 -0.0705497 -0.05042571 -0.01718276 -0.07057243 -0.04894922 -0.007787095 -0.07048188 -0.05360541 -0.01712366 -0.07064236 -0.04886774 -0.0149326 -0.07063191 -0.05033509 -0.01263661 -0.07062076 -0.05159577 -0.01024394 -0.07060988 -0.05264989 -0.007755813 -0.0706003 -0.05349635 -0.00519627 -0.07059301 -0.0541182 -0.002610516 -0.07058866 -0.05449657 -4.992406e-07 -0.07058727 -0.05462398 0.002632679 -0.07058868 -0.05449425 0.005236818 -0.0705931 -0.05411027 0.007775004 -0.07060038 -0.05349132 0.01024855 -0.0706099 -0.05264809 0.01265765 -0.07062086 -0.051585 0.01495785 -0.07063203 -0.05031974 0.01713077 -0.07064238 -0.04886245 -4.964252e-07 -0.07067258 -0.0544708 -0.001895799 -0.07069986 -0.05424071 -0.002595925 -0.07067291 -0.0543448 -0.002570413 -0.07069986 -0.05412491 -0.00516802 -0.07067392 -0.05397091 -0.0051163 -0.07069986 -0.05368791 -0.007298687 -0.07069986 -0.05331331 -0.007715649 -0.07067564 -0.05335631 -0.007661399 -0.07069986 -0.05317697 -0.01019395 -0.07067791 -0.05251952 -0.01009606 -0.07069986 -0.05226183 -0.01257882 -0.0706805 -0.05147697 -0.01253491 -0.07069986 -0.05134511 -0.01486921 -0.07068317 -0.05022901 -0.01473026 -0.07069986 -0.04999955 -0.01705634 -0.0706857 -0.04877494 -0.01747631 -0.07069986 -0.04831648 -0.01695894 -0.07069986 -0.04863358 0.0170634 -0.07068571 -0.04876975 0.01691393 -0.07069986 -0.04856227 0.0148944 -0.0706832 -0.05021381 0.01019855 -0.07067791 -0.05251774 0.009206485 -0.07069986 -0.05272382 0.007734658 -0.07067566 -0.05335135 0.007665319 -0.07069986 -0.05309236 0.005208366 -0.07067394 -0.05396307 0.01480323 -0.07069986 -0.05006839 0.01440175 -0.07069986 -0.05035487 0.01259992 -0.07068052 -0.05146625 0.01248744 -0.07069986 -0.05122777 0.01011378 -0.07069986 -0.05231011 0.005151079 -0.07069986 -0.0536936 0.003588175 -0.07069986 -0.05406734 0.002617925 -0.07067291 -0.05434256 0.002599632 -0.07069986 -0.05409859 -4.50742e-06 -0.07069986 -0.05418092 -0.03549655 -0.05562265 -0.04205 -0.03581905 -0.0541436 -0.04205 0.03147781 -0.06267361 -0.04205 0.03177446 -0.06227804 -0.04205 0.03347224 -0.05948313 -0.04205 0.03419912 -0.05828654 -0.04205 0.03519177 -0.05612967 -0.04205 -0.03620465 -0.05237516 -0.04205 -0.03620927 -0.05225364 -0.04205 -0.03111281 -0.06330849 -0.04205 -0.0315236 -0.06264788 -0.04205 -0.03354895 -0.05939085 -0.04205 -0.03385863 -0.05889283 -0.04205 -0.03530833 -0.05599845 -0.04205 -0.006961023 0.03499048 -0.04205 -0.003197053 0.03571508 -0.04205 0.0007275976 0.03578549 -0.04205 0.002030235 0.03580885 -0.04205 0.004552881 0.03541319 -0.04205 -0.009149561 0.03456916 -0.04205 -0.01066547 0.03397531 -0.04205 -0.01427273 0.03256218 -0.04205 -0.01478627 0.032361 -0.04205 -0.0176238 0.03060667 -0.04205 0.008074516 0.03486085 -0.04205 0.00838174 0.03475171 -0.04205 0.01201819 0.03345989 -0.04205 -0.01998208 0.02914863 -0.04205 -0.0207905 0.02842448 -0.04205 -0.02368083 0.02583547 -0.04205 0.03586097 -0.003164487 -0.04205 0.03603131 -0.005014779 -0.04205 0.01387457 0.03280042 -0.04205 0.01549684 0.03185692 -0.04205 0.01885906 0.02990147 -0.04205 -0.02457075 0.02503833 -0.04205 -0.02623579 0.02292759 -0.04205 0.0193119 0.0296381 -0.04205 0.0218387 0.02746318 -0.04205 -0.02855047 0.0199933 -0.04205 -0.02861086 0.01988374 -0.04205 -0.03048369 0.01648598 -0.04205 0.0246513 0.0248681 -0.04205 -0.03167079 0.01433231 -0.04205 -0.0321619 0.01299888 -0.04205 -0.03349388 0.009382343 -0.04205 0.02418268 0.02544561 -0.04205 0.03606979 -0.006946916 -0.04205 0.03620956 -0.01396456 -0.04205 0.03635484 -0.03731699 -0.04205 0.02926409 0.01866831 -0.04205 0.03117264 0.01531547 -0.04205 0.02708627 0.02186733 -0.04205 0.02828173 0.02039409 -0.04205 0.03640103 -0.04474109 -0.04205 0.03639848 -0.044913 -0.04205 -0.03398808 0.008040516 -0.04205 -0.03450006 0.005678071 -0.04205 0.03568156 -0.05506544 -0.04205 0.03580157 -0.05434938 -0.04205 0.03611377 -0.05248654 -0.04205 0.03630291 -0.05135798 -0.04205 0.03634217 -0.04871026 -0.04205 -0.03531981 0.001895471 -0.04205 -0.03550082 0.001060216 -0.04205 -0.03574136 -0.001958782 -0.04205 -0.03604866 -0.005815873 -0.04205 0.03551334 0.0006116387 -0.04205 0.0354283 0.001535295 -0.04205 0.03478824 0.00434318 -0.04205 0.03261882 0.01174415 -0.04205 0.03140108 0.01491415 -0.04205 -0.03639912 -0.03596643 -0.04205 -0.03639908 -0.0367837 -0.04205 -0.03639888 -0.04167454 -0.04205 0.03393277 0.008096045 -0.04205 0.03380515 0.008655904 -0.04205 -0.03635598 -0.04839671 -0.04205 -0.03640485 -0.04711202 -0.04205 -0.03640201 -0.04452703 -0.04205 -0.02349683 -0.06925371 -0.04354501 -0.02334857 -0.06932303 -0.04360433 -0.01772953 -0.07069986 -0.04705 -0.01912571 -0.07056336 -0.04601629 -0.01948253 -0.07052847 -0.04575211 -0.01979082 -0.07045218 -0.04556198 -0.0205502 -0.07026426 -0.04509364 -0.02126918 -0.07008633 -0.04465023 -0.02200875 -0.06981485 -0.04427824 -0.022562 -0.06961177 -0.04399996 0.00948775 -0.07069986 -0.05217125 0.007084225 -0.07069986 -0.05296834 0.006426266 -0.07069986 -0.05318654 0.00470863 -0.07069986 -0.05353137 0.003344133 -0.07069986 -0.05380531 0.002302337 -0.07069986 -0.05388198 0.01579704 -0.07069986 -0.04858636 0.01516542 -0.07069986 -0.04908852 0.01376212 -0.07069986 -0.04996009 0.01240554 -0.07069986 -0.05080264 0.01163956 -0.07069986 -0.05116193 0.0002653888 -0.07069986 -0.0540319 -0.000143109 -0.07069986 -0.05401126 -0.002598461 -0.07069986 -0.05388725 -0.002745396 -0.07069986 -0.05387983 -0.004998389 -0.07069986 -0.05348734 -0.005750209 -0.07069986 -0.05335637 -0.007348768 -0.07069986 -0.05287654 -0.008716306 -0.07069986 -0.05246605 -0.009656592 -0.07069986 -0.05206052 -0.01160096 -0.07069986 -0.05122195 -0.01189325 -0.07069986 -0.05105378 -0.01695924 -0.07069986 -0.04771366 -0.01400543 -0.07069986 -0.04983853 -0.01437119 -0.07069986 -0.04962809 -0.01599118 -0.07069986 -0.04842975 0.03160399 -0.06275764 -0.04203646 -0.02929553 -0.06578162 -0.04201825 -0.0292972 -0.06578317 -0.04201765 -0.03163057 -0.06271634 -0.04203645 -0.03346242 -0.06030272 -0.04182877 -0.03389611 -0.05959504 -0.04182511 -0.03385521 -0.05957161 -0.04191861 -0.0368604 -0.04521114 -0.04174876 -0.03685669 -0.04452655 -0.04174895 -0.03678536 -0.04452662 -0.04186954 -0.03678346 -0.03678377 -0.04186957 -0.03642297 -0.005807566 -0.0418814 -0.03631437 -0.005809972 -0.04197352 -0.03259885 0.01317709 -0.04186286 -0.03093194 0.0167245 -0.04186456 -0.0308339 0.01667289 -0.04196569 0.03204437 -0.06261069 -0.04184066 0.03182892 -0.06289978 -0.04183752 0.03178207 -0.06287181 -0.04192818 0.03110433 -0.06387201 -0.04182697 0.02986999 -0.0655282 -0.041809 0.03614824 -0.05442112 -0.04187544 0.03617557 -0.05444276 -0.04178394 0.03553814 -0.05629297 -0.04188009 0.03558079 -0.0563171 -0.04179956 0.03547525 -0.05664969 -0.04180233 0.03538052 -0.05694823 -0.04180482 0.03495131 -0.05767673 -0.04180943 0.03379422 -0.05967413 -0.04191899 0.0337795 -0.05966566 -0.04182202 0.0334183 -0.06027872 -0.0418259 0.03224397 -0.06227192 -0.04183852 0.03685714 -0.04871428 -0.04174844 0.0368569 -0.04932464 -0.04174836 0.03679104 -0.04871378 -0.0418687 0.03667966 -0.05144738 -0.04176233 0.03656177 -0.05254457 -0.04188111 0.03685763 -0.04744973 -0.04174859 0.03678584 -0.04491258 -0.04186949 0.03685861 -0.04491249 -0.0417489 0.03658763 -0.05254959 -0.04176958 0.03652025 -0.05335655 -0.04177489 0.03618143 -0.05442428 -0.04178379 0.03685691 -0.0373168 -0.041749 0.0368573 -0.03847139 -0.04174909 0.03678334 -0.03731679 -0.0418696 0.0368583 -0.041801 -0.04174904 0.03685896 -0.04400647 -0.041749 0.03649703 -0.005736375 -0.0417676 0.03644843 -0.006938757 -0.04188062 0.03638758 -0.004431548 -0.04176107 0.03625287 -0.00313797 -0.04185444 0.03529154 0.004451727 -0.04185746 0.03558537 0.002975171 -0.04173098 0.03590478 0.0006659832 -0.0418378 0.03587195 0.001715487 -0.04173034 0.03587525 0.001676096 -0.04173054 0.0359592 0.0006753486 -0.04173554 0.0361291 -0.001350129 -0.04174567 0.03627903 -0.003137486 -0.0417546 0.03309814 0.01192755 -0.04186209 0.03324208 0.01140962 -0.04173654 0.03434634 0.008214226 -0.04185954 0.03429939 0.00862783 -0.04173383 0.03432996 0.008493451 -0.04173377 0.02965513 0.01890623 -0.0417416 0.0302086 0.0179282 -0.0417412 0.02968787 0.01892216 -0.04186515 0.03075658 0.01695985 -0.0417408 0.03155096 0.01550165 -0.04186406 0.03157656 0.01551086 -0.04174021 0.03190159 0.0149365 -0.04173998 0.03266475 0.01292861 -0.04173802 0.03305186 0.0119101 -0.04173703 0.0343902 0.00822865 -0.04173363 0.03485022 0.006206563 -0.04173261 0.03525176 0.00444158 -0.04173172 0.02498114 0.02516944 -0.04186418 0.02616759 0.02385711 -0.04174127 0.02748662 0.022174 -0.04186516 0.02669067 0.02331214 -0.04174174 0.01910409 0.03026289 -0.04185982 0.02051369 0.02916673 -0.04173551 0.02218988 0.02786884 -0.04186234 0.02222685 0.02790919 -0.04173771 0.02240086 0.02778146 -0.04173793 0.0234433 0.0266954 -0.04173886 0.02399168 0.02612407 -0.04173934 0.02494384 0.02513207 -0.04174019 0.01220523 0.03394649 -0.04185403 0.01221969 0.03398928 -0.04172494 0.0141243 0.03305598 -0.04172735 0.0157438 0.03231074 -0.0418569 0.006073997 0.03578178 -0.04171919 0.007205704 0.03546234 -0.04172023 0.00463031 0.03594651 -0.04184974 0.008493324 0.03516433 -0.04185153 0.008475081 0.03510403 -0.0417214 0.0107308 0.0344673 -0.04172347 0.01194177 0.03412547 -0.04172459 0.01572688 0.03227067 -0.04172939 0.01740617 0.03144779 -0.04173151 0.01907304 0.03022422 -0.04173366 0.0275172 0.02219733 -0.04174197 0.0286519 0.02066689 -0.0417423 0.02868097 0.02062768 -0.04174231 0.03169852 -0.06281824 -0.04199507 0.03370685 -0.05962243 -0.04199086 0.03550289 -0.05627035 -0.04198271 0.03611873 -0.05441922 -0.04197903 0.0364539 -0.05253144 -0.04197338 0.03668073 -0.04871305 -0.04196761 0.03667562 -0.04491271 -0.04196798 0.03667314 -0.03731677 -0.04196803 0.03633971 -0.006941104 -0.04197315 0.03622891 -0.003138157 -0.04196794 0.03584422 0.0006554853 -0.04196278 0.03518242 0.004428601 -0.04196237 0.03423945 0.008183083 -0.04196334 0.03299439 0.0118879 -0.04196453 0.03145126 0.01545321 -0.04196545 0.02959323 0.01886468 -0.04196596 0.02739815 0.02210741 -0.04196597 0.02489997 0.02509394 -0.04196551 0.02211712 0.02778497 -0.04196465 0.01904092 0.03017126 -0.04196347 0.01569132 0.03221225 -0.04196211 0.0121643 0.03384238 -0.04196077 0.008464662 0.03505596 -0.0419596 0.004614621 0.03583537 -0.04195876 0.0007351307 0.03626468 -0.04184896 0.03652324 -0.006937148 -0.04176631 0.03654554 -0.007959047 -0.04176521 0.03657069 -0.009111198 -0.04176397 0.03657805 -0.009719843 -0.04176358 0.03681 -0.02889547 -0.04175105 0.03685534 -0.03264347 -0.04174861 -0.007046737 0.03539846 -0.04195924 -0.007070634 0.03550804 -0.04185076 -0.003165814 0.03600772 -0.04195856 -0.003176598 0.03611949 -0.04184932 0.000732625 0.0361524 -0.0419584 -0.01441212 0.03286045 -0.04196161 -0.0178453 0.03096042 -0.04196299 -0.01790469 0.03105467 -0.04185878 -0.02108684 0.02878832 -0.04186148 -0.01446044 0.03296116 -0.04185582 -0.01079822 0.0343467 -0.0419603 -0.01083462 0.03445257 -0.04185303 -0.02885138 0.02004052 -0.04196601 -0.02894397 0.02010125 -0.04186527 -0.02655637 0.02318518 -0.04196585 -0.03564769 0.001951879 -0.04196237 -0.03575776 0.001969954 -0.04185745 -0.03488085 0.005767738 -0.04196259 -0.03498933 0.005793428 -0.04185793 -0.03383634 0.009496083 -0.04196377 -0.03394223 0.00953017 -0.04186046 -0.03249639 0.01313443 -0.04196489 -0.0266424 0.02325493 -0.04186492 -0.023933 0.02609485 -0.04196525 -0.02401127 0.02617341 -0.04186362 -0.02101747 0.0287015 -0.04196425 -0.03667515 -0.04452673 -0.041968 -0.03668188 -0.04839889 -0.0419676 -0.0367922 -0.04839899 -0.04186868 -0.03667325 -0.03678375 -0.04196802 -0.03648382 -0.05228347 -0.04197272 -0.03616505 -0.05421927 -0.04197843 -0.03626953 -0.05424214 -0.04189201 -0.03376764 -0.05952007 -0.04199069 -0.03172514 -0.06277701 -0.041995 -0.03180869 -0.06283062 -0.04192802 -0.03566884 -0.05615458 -0.04190103 -0.03557194 -0.05611327 -0.04198259 -0.03659203 -0.05229549 -0.04187967 -0.03613845 -0.001924152 -0.04196533 -0.03624887 -0.00191416 -0.04186381 6.46532e-14 0.03634336 -0.04171711 -0.003180661 0.036146 -0.04171786 -0.01073372 0.03450349 -0.04172335 -0.01010841 0.03476828 -0.04172261 -0.007199364 0.03540683 -0.04172042 -0.007055262 0.03543847 -0.04172031 -0.004088544 0.03608968 -0.04171807 -0.003629555 0.03611815 -0.04171797 -0.01740263 0.03130832 -0.04173148 -0.01583784 0.03234209 -0.04172942 -0.02395882 0.02612597 -0.04173929 -0.02341385 0.02665046 -0.04173873 -0.02113861 0.02884016 -0.04173641 -0.02055267 0.02922726 -0.04173564 -0.01786749 0.03100121 -0.0417321 -0.01445068 0.0329295 -0.04172777 -0.01413376 0.0330637 -0.04172739 -0.01083296 0.03446146 -0.04172347 -0.02892862 0.02008575 -0.04174189 -0.02857436 0.02057304 -0.04174182 -0.02662851 0.0232496 -0.04174141 -0.03076142 0.01696577 -0.04174085 -0.03029899 0.01788179 -0.04174142 -0.0297721 0.01892553 -0.04174207 -0.03627729 -0.001721049 -0.04173887 -0.03625478 -0.001205498 -0.04173666 -0.03569014 0.001956863 -0.04173465 -0.03567389 0.002047857 -0.04173459 -0.03555751 0.002699694 -0.04173417 -0.03500402 0.005799605 -0.0417322 -0.03495689 0.006063594 -0.04173203 -0.03327354 0.0113954 -0.04173665 -0.03485489 0.006634859 -0.04173167 -0.03427466 0.008381611 -0.0417335 -0.03389822 0.009514844 -0.04173468 -0.0327306 0.01302989 -0.04173836 -0.03269655 0.01313241 -0.04173847 -0.03089255 0.016706 -0.04174069 -0.02617545 0.02387279 -0.04174131 -0.02588526 0.02427196 -0.04174125 -0.02396326 0.0261217 -0.04173929 -0.03681925 -0.04744912 -0.04175222 -0.03684181 -0.0417841 -0.04174973 -0.03620973 -0.05446282 -0.04178603 -0.03625016 -0.05424135 -0.04178395 -0.0360445 -0.05536799 -0.04179452 -0.0356716 -0.05615236 -0.04180071 -0.03109756 -0.06387241 -0.04182595 -0.03185195 -0.06285603 -0.04183649 -0.03211422 -0.06250269 -0.04184015 -0.03225171 -0.06227833 -0.04183899 -0.03451518 -0.05858487 -0.04181988 -0.03494735 -0.05767581 -0.04181271 -0.03544612 -0.05662666 -0.04180445 -0.03660588 -0.05229264 -0.04176566 -0.03674411 -0.05153536 -0.04175855 -0.0368018 -0.04839786 -0.04175369 -0.03670394 -0.01637072 -0.04175698 -0.03677136 -0.02879856 -0.04175344 -0.03681469 -0.03678402 -0.04175116 -0.03657924 -0.009724485 -0.04176318 -0.03654571 -0.00793718 -0.04176484 -0.0365434 -0.007814134 -0.04176496 -0.03645578 -0.005807811 -0.04175637 -0.03639597 -0.004438506 -0.0417505 -0.03628551 -0.001909154 -0.04173967 -0.01777193 0.03084395 -0.04202875 -0.01435218 0.03273552 -0.04202842 -0.02093208 0.02859463 -0.04202905 -0.02383694 0.02599843 -0.04202929 -0.00701688 0.03526154 -0.04202786 -0.01075281 0.03421485 -0.04202811 -0.03071372 0.01660964 -0.0420294 -0.02873801 0.01996618 -0.04202947 -0.03370582 0.009454062 -0.04202894 -0.03474676 0.005735403 -0.04202866 -0.03551145 0.001929505 -0.04202861 -0.03237052 0.01308203 -0.04202921 -0.02645097 0.02309973 -0.04202944 -0.03654097 -0.04452688 -0.04202995 -0.03653908 -0.03678372 -0.04202995 -0.03604153 -0.05419222 -0.04203245 -0.03635383 -0.05226903 -0.04203108 -0.03545867 -0.05606499 -0.04203345 -0.03366743 -0.05946109 -0.0420354 -0.03654741 -0.04839877 -0.04202985 -0.03618421 -0.005812863 -0.04203127 -0.03600296 -0.001936415 -0.04202931 0.03539066 -0.05621992 -0.04203348 0.03360691 -0.05956331 -0.04203545 0.03632457 -0.05251569 -0.04203124 0.03654628 -0.04871215 -0.04202985 0.03654142 -0.04491287 -0.04202994 0.03599607 -0.05439048 -0.04203259 0.03653897 -0.03731674 -0.04202995 0.03620929 -0.006943913 -0.04203118 0.03609496 -0.003146799 -0.04202993 0.03570776 0.0006363895 -0.0420287 0.03286679 0.01183913 -0.04202912 0.03410753 0.008144645 -0.04202884 0.03132896 0.01539379 -0.04202934 0.02947731 0.0187943 -0.04202946 0.03504736 0.004399976 -0.04202861 0.02202766 0.02768185 -0.04202915 0.02480043 0.0250014 -0.04202935 0.004594991 0.03569629 -0.04202775 0.008428891 0.03492071 -0.04202795 0.01562632 0.03209026 -0.04202855 0.01211334 0.03371291 -0.04202823 0.01896298 0.0300582 -0.04202887 0.02728981 0.02202585 -0.04202946 0.0007294862 0.03601175 -0.04202766 -0.003152312 0.03586779 -0.0420277 -0.02945709 -0.06593295 -0.04189249 -0.0295226 -0.06599432 -0.04180394 -0.02986844 -0.06552839 -0.04180878 -0.02938927 -0.06586942 -0.04198415 0.0007312137 0.03627576 -0.04171737 0.003619707 0.0360087 -0.04171835 0.004630821 0.03591521 -0.0417187 -0.02806675 -0.0670424 -0.04213214 -0.02663964 -0.06804072 -0.04248675 -0.02670729 -0.06818543 -0.0423926 -0.02206375 -0.06989908 -0.04431538 -0.02060737 -0.07033739 -0.04514813 -0.01802634 -0.07100253 -0.04738259 -0.01939167 -0.07092196 -0.0462863 -0.01801001 -0.07093056 -0.0473643 -0.01933603 -0.07078864 -0.04624266 -0.01796732 -0.07087005 -0.04731646 -0.01789574 -0.07076859 -0.04723625 -0.01926427 -0.07068575 -0.04617158 -0.01789231 -0.07076372 -0.0472324 -0.01918749 -0.07061983 -0.04608607 -0.0178043 -0.0707292 -0.04713378 -0.02355053 -0.06932165 -0.04358863 -0.02649507 -0.06781141 -0.04251006 -0.02797566 -0.06691878 -0.04217678 -0.02813902 -0.0671529 -0.04204175 -0.02814404 -0.06717791 -0.04199407 -0.02818614 -0.06714176 -0.04198826 -0.02946736 -0.06604174 -0.04181156 -0.02727713 -0.06792221 -0.04211362 -0.01804639 -0.07130528 -0.04740508 -0.01940089 -0.07132156 -0.04620996 -0.01942581 -0.07121188 -0.04626849 -0.01806113 -0.07115594 -0.04742159 -0.02377214 -0.06996767 -0.04341191 -0.02376952 -0.06981659 -0.0435555 -0.02080586 -0.07110046 -0.04511863 -0.02083797 -0.07091004 -0.04524786 -0.02077031 -0.07111403 -0.04513909 -0.02082703 -0.07078152 -0.04528676 -0.02374773 -0.06971735 -0.0436081 -0.02223635 -0.07020272 -0.04441237 -0.02371169 -0.06960992 -0.04363919 -0.02218639 -0.07008438 -0.04440486 -0.02366384 -0.06950287 -0.04364534 -0.02212668 -0.0699808 -0.04437032 -0.02360846 -0.06940468 -0.04362712 -0.02067643 -0.07041343 -0.04521909 -0.02074147 -0.07051868 -0.04527144 -0.02079398 -0.07064591 -0.04529552 -0.0194224 -0.07106965 -0.04629454 -0.0180602 -0.07115184 -0.04742055 -0.02654569 -0.06788423 -0.04251852 -0.02659479 -0.06796192 -0.04251105 -0.01803839 -0.07138637 -0.04739611 -0.01801842 -0.07143398 -0.04737374 -0.0188433 -0.07140606 -0.04664599 -0.01797495 -0.07153765 -0.04732504 -0.02420938 -0.0697125 -0.04324995 -0.0256034 -0.06889898 -0.04273359 -0.02672985 -0.0682416 -0.04231634 0.01611477 -0.07113361 -0.04901072 0.01539413 -0.07150531 -0.04941097 0.01397708 -0.0714855 -0.05030779 0.01403223 -0.07138201 -0.05039593 -0.01339956 -0.07147756 -0.05066735 -0.01422377 -0.07148913 -0.05018377 -0.01426426 -0.07138542 -0.05024901 -0.01629013 -0.07098588 -0.04882416 -0.01616579 -0.07076485 -0.04866066 0.01596538 -0.07076456 -0.04881074 0.01391356 -0.0707614 -0.0502044 0.009507363 -0.07075513 -0.05240934 0.01175997 -0.07075817 -0.05140429 0.007157499 -0.07075256 -0.05321373 0.004759826 -0.0707507 -0.05379388 0.002325962 -0.07074964 -0.05414135 -0.0001454505 -0.07074933 -0.05424947 -0.002621836 -0.07074972 -0.05411215 -0.005048595 -0.07075088 -0.05373658 -0.007426923 -0.07075282 -0.05313378 -0.0141448 -0.07076176 -0.05006034 -0.01200962 -0.07075853 -0.05127749 -0.009758753 -0.07075544 -0.05230888 -0.01631505 -0.07128482 -0.04885645 -0.01629022 -0.0714147 -0.04882348 -0.01716174 -0.07152816 -0.04803562 -0.01631685 -0.07113585 -0.04885909 -0.01427929 -0.07111304 -0.05027277 -0.0142816 -0.07125697 -0.05027642 -0.01213081 -0.0712279 -0.05151226 -0.01211998 -0.0713542 -0.05149126 -0.01457591 -0.07149407 -0.04997717 -0.0159682 -0.07151242 -0.04893177 -0.01622597 -0.07151582 -0.04873823 -0.00264205 -0.0709128 -0.05430281 -0.005099383 -0.07103514 -0.05398346 -0.005087498 -0.07091819 -0.05392569 -0.007500646 -0.0710488 -0.05337542 -0.007483844 -0.07092729 -0.05332045 -0.009854328 -0.07106742 -0.05254316 -0.01212552 -0.07108957 -0.05150202 -0.009861075 -0.07120011 -0.0525597 -0.007507372 -0.0711765 -0.05339728 -0.009824442 -0.07142971 -0.05247283 -0.009855189 -0.07132373 -0.05254526 -0.008948347 -0.07141842 -0.0528599 -0.008595287 -0.07141492 -0.05296911 -0.007481789 -0.07140388 -0.05331356 -0.002651327 -0.07114862 -0.0543903 -0.003030644 -0.0713716 -0.05431919 -0.004196588 -0.0713785 -0.05410445 -0.005104671 -0.07115903 -0.05400916 -0.005091178 -0.0713838 -0.0539397 -0.005997021 -0.07138915 -0.05377286 -0.01014724 -0.07143386 -0.05233022 -0.01184013 -0.07145568 -0.05158229 -0.01209029 -0.07145919 -0.05143552 0.01402048 -0.07096867 -0.05037697 0.01608809 -0.07098436 -0.04897522 0.01404608 -0.07111043 -0.05041828 0.01187352 -0.07108694 -0.05163007 0.01184992 -0.07095284 -0.05158333 0.009580191 -0.07093823 -0.05259301 0.009600623 -0.07106517 -0.05264454 0.007228709 -0.07104695 -0.0534561 0.007235276 -0.07117414 -0.05347845 0.004812815 -0.0711574 -0.05406732 -0.0001470803 -0.0711451 -0.0545296 0.002352123 -0.07114787 -0.05441992 0.0007530353 -0.07136638 -0.05449323 0.002345823 -0.07137068 -0.05435206 0.007215033 -0.07140066 -0.05341366 0.006701102 -0.07139512 -0.05358899 0.004197868 -0.07137804 -0.054118 0.003628089 -0.07137415 -0.05423841 0.004797294 -0.07138213 -0.05399132 0.01404879 -0.07125376 -0.05042266 0.0118692 -0.07135063 -0.05162068 0.0102112 -0.0714343 -0.05232085 0.009607433 -0.07119728 -0.05266171 0.0118792 -0.07122463 -0.051641 0.01608955 -0.07141187 -0.04897607 0.01602952 -0.07151327 -0.04889742 0.01599544 -0.07151284 -0.04892496 0.0161135 -0.0712821 -0.04900863 0.01340015 -0.07147744 -0.05067291 0.01261501 -0.07146646 -0.05116982 0.01183205 -0.07145599 -0.05154472 0.009697869 -0.07142743 -0.05256665 0.009585316 -0.07142621 -0.05260504 0.008590569 -0.07141549 -0.0529444 0.01603532 -0.07085601 -0.04890458 0.0139739 -0.07084767 -0.0503018 0.0118102 -0.07083921 -0.05150435 0.009547708 -0.07083137 -0.05251108 0.007187728 -0.07082481 -0.05331662 0.00721245 -0.07092606 -0.05340077 0.004796518 -0.07091734 -0.05398322 0.004807764 -0.07103387 -0.05404125 0.002343931 -0.07091241 -0.05433205 -0.0001465632 -0.07091098 -0.05444072 -0.01623675 -0.07085682 -0.04875402 -0.01420623 -0.07084861 -0.05015738 -0.01206112 -0.07084016 -0.05137727 -0.009800198 -0.07083218 -0.05241047 -0.01425353 -0.07097042 -0.05023209 -0.01210169 -0.0709546 -0.05145584 -0.009833502 -0.07093973 -0.05249211 -0.007458241 -0.07082548 -0.05323653 -1.965183e-14 -0.07136605 -0.05450461 -0.0001464103 -0.07136632 -0.05449566 -0.002647193 -0.0713709 -0.05434265 0.004836385 -0.07560176 -0.04993321 0.009740241 -0.07512967 -0.04856212 0.01054186 -0.07611749 -0.0459385 0.03730335 -0.07957159 -0.004252303 0.03750008 -0.07941338 -0.0005371862 0.03750008 -0.08125724 -0.0001378649 0.03724686 -0.08319986 -0.004349369 0.03675691 -0.08319986 -0.007312158 0.03676529 -0.08141282 -0.007471303 0.03742529 -0.08319986 -0.002365483 0.03730755 -0.08319986 -0.003674572 0.03731521 -0.08133227 -0.003823877 0.03658601 -0.08319986 0.008229063 0.03674709 -0.08319986 0.007310212 0.03672454 -0.07908255 0.006845945 -0.009194261 -0.08319986 0.03635541 -0.007315571 -0.08319986 0.03677808 -0.007227512 -0.07722843 0.03618192 -0.03703315 -0.06914646 -0.01487246 -0.03579661 -0.07004627 -0.0188756 -0.03608777 -0.07190488 -0.01526008 -0.03363181 -0.08319986 -0.01658759 -0.03461294 -0.08319986 -0.01433643 -0.03460769 -0.08158695 -0.01450969 -0.0328885 -0.08027802 -0.01828609 -0.03096917 -0.08045159 -0.02142928 -0.03112555 -0.08176018 -0.02098775 -0.03191494 -0.08319986 -0.0196898 -0.03303886 -0.08319986 -0.017659 -0.03302449 -0.08167485 -0.01783449 -0.003618411 -0.03743779 -0.01868071 -0.007203435 -0.03691348 -0.01888252 -0.007074662 -0.03752935 -0.02031379 -0.01730072 -0.03378471 -0.02116696 -0.01714795 -0.03444041 -0.02196872 -0.01390211 -0.03575257 -0.02127799 -0.02041408 -0.03205982 -0.02192369 -0.02024378 -0.03286144 -0.0227859 -0.03708465 -0.04242476 -0.03637137 -0.03750004 -0.04214825 -0.03876912 -0.03750002 -0.04747922 -0.03877484 -0.03730908 -0.06233296 -0.02414386 -0.03676167 -0.06183916 -0.02198491 -0.03674494 -0.06024485 -0.02567055 -0.03676235 -0.05936322 -0.03680515 -0.03486658 -0.059977 -0.040185 -0.03480679 -0.06275632 -0.03774263 -0.004342382 -0.0731988 -0.05308377 -0.00882169 -0.07280748 -0.05198233 -0.008626337 -0.07165185 -0.05285279 0.03700016 -0.047505 -0.03613557 0.03750002 -0.04747922 -0.03877484 0.03750004 -0.04214825 -0.03876912 0.03581069 -0.01097059 -0.02496483 0.03585133 -0.01087476 -0.02190389 0.03459686 -0.0143383 -0.02127435 0.03453842 -0.01442015 -0.02403176 0.03445943 -0.01521273 -0.02651838 0.03575575 -0.01186551 -0.02772242 0.03028956 -0.05420003 -0.02635661 0.03009034 -0.05471795 -0.02517435 0.03271707 -0.05503574 -0.0271949 0.03732058 -0.06343278 -0.02017931 0.03749998 -0.06396559 -0.02244694 0.03749998 -0.06282555 -0.02637332 0.03223538 -0.06357815 -0.04084898 0.03226414 -0.06479591 -0.03953919 0.03486658 -0.059977 -0.040185 0.03708465 -0.04187177 -0.04116827 0.03564903 0.004431194 -0.04097038 0.03436153 0.009436665 -0.04093802 0.03084433 0.01723435 -0.04152225 -0.03717022 -0.02942278 -0.04086691 -0.03708465 -0.04187177 -0.04116827 -0.03686745 -0.05438321 -0.04061409 -0.02955064 -0.06671618 -0.04083561 0.03748098 0.00119455 -0.01805 0.03746264 1.525494e-06 -0.01805 0.03750008 4.662189e-06 -0.02397813 0.03742668 -0.002338791 -0.01805 0.03730677 -0.003673302 -0.01805 0.03731403 -0.003668705 -0.02326143 0.03724641 -0.004345143 -0.01805 0.03675482 -0.007310541 -0.01805 0.03676122 -0.007306861 -0.022567 -0.03026142 -0.02210939 -0.01805 -0.03112417 -0.0208064 -0.01805 -0.03110993 -0.02082005 -0.02012067 0.01445089 -0.05314019 -0.02033591 0.01473107 -0.05265144 -0.02138639 0.009712159 -0.05258104 -0.0205455 0.03073151 -0.0570126 -0.02033744 0.03074183 -0.05812136 -0.01734813 0.03223538 -0.05857543 -0.01882452 -0.009794598 -0.07099285 0.03341825 -0.01033542 -0.07099252 0.03327335 -0.01040762 -0.07177356 0.03361012 -0.03176286 -0.07099224 0.01444358 -0.03182377 -0.0709925 0.01433781 -0.03239031 -0.07412741 0.01589918 -0.03074741 -0.06019334 -0.006657162 -0.03074306 -0.05998778 -0.008167527 -0.03262149 -0.06074171 -0.01041529 -0.0307315 -0.05701261 -0.02033745 -0.032346 -0.05690629 -0.02288575 -0.03074104 -0.05754808 -0.01896971 -0.03223538 -0.05857543 -0.01882452 -0.03074103 -0.05809576 -0.01733425 -0.03074102 -0.05854172 -0.01600251 -0.03234171 -0.05986116 -0.01469493 -0.03074102 -0.05873014 -0.01543987 -0.03073373 -0.05954644 -0.01141012 -0.03073153 -0.05944201 -0.01217735 -0.03073379 -0.05927188 -0.01295706 -0.03077463 -0.0608472 -0.003274715 -0.03303124 -0.06179327 -0.006201873 -0.03074914 -0.06027513 -0.00605627 -0.03352746 -0.06339452 -0.002245107 -0.03490892 -0.06599458 -0.0003723671 -0.03456369 -0.06549711 -0.000371925 -0.03550516 -0.0644389 -0.005913339 -0.03389328 -0.06453108 -0.0003710665 -0.03379421 -0.06442438 -0.0003716156 -0.03622073 -0.06852498 -0.0003868558 -0.03594796 -0.06795895 -0.0003830454 -0.03579661 -0.06646992 -0.002336606 -0.03521126 -0.06643023 -0.0003727542 -0.03703315 -0.06737867 -0.006348612 -0.03661064 -0.0709053 0.001193853 -0.0366129 -0.0708762 0.001147472 -0.03719579 -0.07249881 -0.0003616234 -0.0366489 -0.07041201 0.0004075478 -0.0366365 -0.07031482 0.0003365121 -0.03655377 -0.06966668 -0.0001372501 -0.03650366 -0.06948242 -0.0001864762 -0.03711793 -0.06972605 -0.003111309 -0.03642507 -0.06919348 -0.0002636684 -0.03630796 -0.06876291 -0.0003787018 -0.03635515 -0.07193851 0.003469084 -0.03510005 -0.07135203 0.007118624 -0.03528243 -0.07103296 0.00621513 -0.03554086 -0.07104127 0.005304896 -0.03626046 -0.0710644 0.002770334 -0.03644787 -0.07107042 0.002110249 -0.03419368 -0.07101523 0.00912188 -0.03445052 -0.07101942 0.008436165 -0.0350339 -0.07102892 0.006878663 -0.03376219 -0.07100821 0.01027387 -0.03550725 -0.07493082 0.009135103 -0.03354749 -0.07100639 0.0107309 -0.03410213 -0.07453035 0.01260157 -0.03319271 -0.0710034 0.01148614 -0.03198281 -0.07099319 0.01406164 -0.03012316 -0.07098516 0.01729084 -0.03039624 -0.07373238 0.01900617 -0.02998529 -0.07098456 0.01753025 -0.0276791 -0.0709806 0.02080723 -0.0277726 -0.07098062 0.02069664 -0.02814117 -0.07335421 0.02189949 -0.02825242 -0.07098148 0.02001002 -0.02986707 -0.07098436 0.01769942 -0.02293553 -0.07267691 0.02695637 -0.02263797 -0.0709815 0.02620741 -0.02266056 -0.07098149 0.02618936 -0.02564696 -0.0730003 0.02455688 -0.02388668 -0.07098085 0.02499443 -0.02531823 -0.07098012 0.02359929 -0.02616499 -0.0709803 0.02259788 -0.01695675 -0.07214063 0.03090424 -0.01679618 -0.07098696 0.03039763 -0.01690177 -0.07098686 0.03034377 -0.02003064 -0.07238899 0.02907829 -0.01873832 -0.07098503 0.02915393 -0.01986621 -0.07098389 0.02842321 -0.02141523 -0.07098256 0.0271849 -0.01374011 -0.07193474 0.03241922 -0.01363327 -0.07098985 0.03200914 -0.01364552 -0.07098983 0.03200445 -0.01588851 -0.07098779 0.03086053 -0.01290969 -0.07099044 0.03228652 -0.003490924 -0.07099576 0.03472575 -0.003517238 -0.07099576 0.03472436 -0.003508544 -0.07158951 0.03498465 -0.006561562 -0.07099469 0.03424082 -0.006987539 -0.07165828 0.03446769 -0.006948559 -0.07099456 0.03417936 -0.006961859 -0.07099455 0.03417724 -3.495733e-18 -0.07156675 0.0351576 4.972133e-17 -0.07099606 0.03490998 -0.003289786 -0.07099578 0.03473637 0.003339485 -0.07099567 0.03469728 0.001998195 -0.07099599 0.03485015 0.003508544 -0.07158951 0.03498465 0.006938802 -0.07099446 0.03413495 0.006617932 -0.07099462 0.03420702 0.006987539 -0.07165828 0.03446769 0.005564059 -0.07099515 0.03444375 0.003485828 -0.07099564 0.0346806 0.00907688 -0.07099339 0.03365468 0.01040762 -0.07177356 0.03361012 0.009815361 -0.07099283 0.03340501 0.01361491 -0.07098983 0.03196788 0.01292893 -0.07099043 0.03228309 0.01374011 -0.07193474 0.03241922 0.01235849 -0.07099093 0.03254521 0.01032699 -0.07099245 0.03323203 0.01566947 -0.07098804 0.0310238 0.01695675 -0.07214063 0.03090424 0.0159447 -0.07098777 0.03085976 0.02003064 -0.07238899 0.02907829 0.01886984 -0.07098489 0.0291163 0.01677652 -0.07098695 0.03036397 0.02261443 -0.07098163 0.02618026 0.02188372 -0.07098208 0.02685628 0.02293553 -0.07267691 0.02695637 0.02143436 -0.0709825 0.02719324 0.01978452 -0.07098404 0.0284304 0.02391046 -0.07098082 0.02498124 0.02564696 -0.0730003 0.02455688 0.02467213 -0.07098035 0.02427658 0.02766486 -0.07098082 0.02079618 0.02733076 -0.07098032 0.02126147 0.02814117 -0.07335421 0.02189949 0.02618041 -0.07098033 0.02256606 0.02524414 -0.07098034 0.02362787 0.03039624 -0.07373238 0.01900617 0.02986737 -0.07098436 0.01770036 0.02978002 -0.07098399 0.0178505 0.02823459 -0.07098167 0.02000275 0.03197008 -0.07099311 0.01408604 0.03182368 -0.0709925 0.01433769 0.03239031 -0.07412741 0.01589918 0.03175545 -0.07099222 0.01445497 0.03009836 -0.07098532 0.0173033 0.03319007 -0.07100371 0.01146742 0.03410213 -0.07453035 0.01260157 0.03353631 -0.07100672 0.01072425 0.03390055 -0.07100989 0.009942433 0.03550725 -0.07493082 0.009135103 0.03420661 -0.07101505 0.009114167 0.03626118 -0.07106436 0.002770646 0.03554586 -0.07104115 0.005301085 0.03635515 -0.07193851 0.003469084 0.03531881 -0.07103379 0.006104279 0.03510005 -0.07135203 0.007118624 0.03503281 -0.07102897 0.00687825 0.0344633 -0.07101937 0.008419499 0.03622073 -0.06852498 -0.0003868558 0.03642756 -0.06919463 -0.0002711807 0.03711793 -0.06972605 -0.003111309 0.0365081 -0.06945539 -0.0002261378 0.03651294 -0.0694849 -0.0002084594 0.03663862 -0.07025157 0.0002507523 0.03719579 -0.07249881 -0.0003616234 0.03663174 -0.07081366 0.0009857154 0.0366087 -0.07086314 0.001149113 0.03652107 -0.07105129 0.001770527 0.03644787 -0.07107042 0.002110249 0.03454388 -0.06545967 -0.0003717125 0.03490213 -0.06599603 -0.0003725797 0.03579661 -0.06646992 -0.002336606 0.03532836 -0.06663416 -0.0003736115 0.03547252 -0.06693961 -0.0003757511 0.03595134 -0.06795418 -0.0003828577 0.03703315 -0.06737867 -0.006348612 0.03408305 -0.06476973 -0.0003705969 0.03550516 -0.0644389 -0.005913339 0.03378583 -0.0644438 -0.0003721453 0.03352746 -0.06339452 -0.002245107 0.03233349 -0.06285113 -0.0003797114 0.03095012 -0.06141787 -0.001249863 0.03132312 -0.06184477 -0.0007688839 0.03134735 -0.0618725 -0.0007376406 0.03181171 -0.06234042 -0.0005125966 0.03201322 -0.06254347 -0.000414937 0.0323006 -0.06281953 -0.0003833291 0.03073678 -0.06002073 -0.008181871 0.03074847 -0.06024455 -0.006576777 0.03303124 -0.06179327 -0.006201873 0.03076113 -0.06048688 -0.004839017 0.03077499 -0.06082816 -0.003279279 0.03078721 -0.06112942 -0.00190244 0.03072954 -0.0595437 -0.01135171 0.03072524 -0.05979997 -0.00976504 0.03262149 -0.06074171 -0.01041529 0.03073392 -0.05928318 -0.01296476 0.03074231 -0.05855056 -0.01597832 0.03073493 -0.05922291 -0.01333792 0.03234171 -0.05986116 -0.01469493 0.03074421 -0.0583778 -0.01665674 0.02926286 -0.05626446 -0.02034229 0.02932199 -0.05628807 -0.02034192 0.02955682 -0.05632149 -0.02055184 0.02953913 -0.05639968 -0.02034123 0.032346 -0.05690629 -0.02288575 0.02353683 -0.05435546 -0.02038504 0.02359959 -0.05437287 -0.02038451 0.02460885 -0.05415125 -0.02212847 0.02427306 -0.05455969 -0.02037876 0.02735784 -0.0544213 -0.02350939 0.02663326 -0.05521442 -0.02035864 0.02686838 -0.05530831 -0.02035717 0.01576624 -0.05326992 -0.02035489 0.01930266 -0.05366267 -0.02041335 0.01954584 -0.05342999 -0.02142177 0.01968588 -0.05370523 -0.02041969 0.01980391 -0.05371834 -0.02042164 0.02026945 -0.0537978 -0.02041707 0.02489625 -0.05376439 -0.023435 0.01496214 -0.05318061 -0.0203416 0.01555105 -0.05324601 -0.02035133 0.01990992 -0.05280833 -0.0227056 0.007589264 -0.05259774 -0.0202596 0.007892198 -0.05262169 -0.02026297 0.009638232 -0.05275973 -0.02028239 0.01000066 -0.05171595 -0.02169346 0.004976438 -0.05171401 -0.02123487 0.006541035 -0.05257243 -0.02025565 0.004829809 -0.05253109 -0.0202492 -2.150219e-18 -0.05172359 -0.02109021 -1.184181e-15 -0.05241445 -0.02023101 -0.004976438 -0.05171401 -0.02123487 -0.003484285 -0.05244927 -0.0202375 -6.9534e-06 -0.05241451 -0.02023102 -0.009649896 -0.0527368 -0.02027917 -0.007903671 -0.05265537 -0.02026737 -0.009712159 -0.05258104 -0.0205455 -0.006147157 -0.05257345 -0.0202555 -0.004833688 -0.0525122 -0.02024662 -0.01929037 -0.0536846 -0.02039865 -0.01810249 -0.0535217 -0.02039859 -0.01954584 -0.05342999 -0.02142177 -0.01576973 -0.0532956 -0.02036412 -0.01505449 -0.05322628 -0.02035355 -0.02489625 -0.05376439 -0.023435 -0.02460885 -0.05415125 -0.02212847 -0.02360542 -0.05441098 -0.02038526 -0.02220484 -0.05408427 -0.02039878 -0.02008519 -0.0537936 -0.02039868 -0.01968429 -0.05373862 -0.02039866 -0.02813589 -0.0557701 -0.02034834 -0.03009034 -0.05471795 -0.02517435 -0.0291574 -0.05625909 -0.02034405 -0.02955682 -0.05632149 -0.02055184 -0.02952808 -0.05643653 -0.0203425 -0.02742264 -0.05552534 -0.02035346 -0.02538463 -0.05482601 -0.02036808 -0.02427129 -0.05456631 -0.02037883 -0.003660667 0.03732741 -0.03083572 -0.007286472 0.03678619 -0.03073519 -0.006657531 0.03690494 -0.01805 -0.01084281 0.03588992 -0.03057076 -0.008602939 0.03650036 -0.01805 -0.007312712 0.03676869 -0.01805 -0.01429595 0.03464808 -0.0303452 -0.01200516 0.03552657 -0.01805 -0.01087429 0.03585025 -0.01805 -0.01761278 0.03307238 -0.0300613 -0.01530576 0.03423413 -0.01805 -0.01433642 0.03461369 -0.01805 -0.02081555 0.0311578 -0.01805 -0.02020252 0.03159204 -0.01805 -0.02076196 0.03117865 -0.0297221 -0.01849491 0.03262124 -0.01805 -0.01766063 0.03304317 -0.01805 -0.02309112 0.02954592 -0.01805 -0.02371317 0.02898476 -0.02933063 -0.02376667 0.02896437 -0.01805 -0.02577801 0.02723293 -0.01805 -0.02643864 0.02651239 -0.02889011 -0.02648867 0.02649273 -0.01805 -0.02825351 0.02465451 -0.01805 -0.02891197 0.02378499 -0.02840377 -0.02897507 0.02378183 -0.01805 -0.02952019 0.02312253 -0.01805 -0.03110993 0.02082922 -0.02787491 -0.03115532 0.02081865 -0.01805 -0.03156908 0.02023566 -0.01805 -0.0330109 0.01767319 -0.02730672 -0.03304934 0.01766622 -0.01805 -0.03333971 0.01716221 -0.01805 -0.03459686 0.01434757 -0.02670223 -0.03462518 0.01434286 -0.01805 -0.03482294 0.01390911 -0.01805 -0.03585133 0.01088406 -0.02606402 -0.03549603 0.01208884 -0.01805 -0.03713695 0.005200965 -0.01805 -0.0367389 0.00730901 -0.01805 -0.03676122 0.00731617 -0.02539433 -0.03647909 0.008685028 -0.01805 -0.03584646 0.01087547 -0.01805 -0.03727739 0.003672538 -0.01805 -0.03731403 0.003678029 -0.02469604 -0.03746401 0.001641525 -0.01805 -0.03750008 4.662189e-06 -0.02397813 -0.03749274 8.176893e-07 -0.01805 -0.03749859 -0.0003327448 -0.01805 -0.03731403 -0.003668705 -0.02326143 -0.03731041 -0.003673913 -0.01805 -0.03729986 -0.003861295 -0.01805 -0.03676122 -0.007306861 -0.022567 -0.03677503 -0.007313924 -0.01805 -0.03676791 -0.007360728 -0.01805 -0.03585133 -0.01087476 -0.02190389 -0.0358987 -0.01082187 -0.01805 -0.03525972 -0.01274486 -0.01805 -0.03459686 -0.0143383 -0.02127435 -0.03459772 -0.0143318 -0.01805 -0.03223277 -0.01913212 -0.01805 -0.0330109 -0.01766397 -0.02067951 -0.0330207 -0.01765423 -0.01805 -0.03389889 -0.01600705 -0.01805 -0.02643864 -0.02650333 -0.01911863 -0.02651173 -0.02647679 -0.01805 -0.02889621 -0.0238603 -0.01805 -0.02102234 -0.03100476 -0.01805 -0.02373573 -0.02897353 -0.01805 -0.02371317 -0.02897576 -0.01868012 -0.0238862 -0.02886088 -0.01805 -0.01867788 -0.03244455 -0.01805 -0.01916147 -0.03218668 -0.01805 -0.02076196 -0.03116971 -0.01828693 -0.02076973 -0.03116521 -0.01805 -0.02067558 -0.03119248 -0.01961926 -0.01743055 -0.03331832 -0.02020211 -0.01758723 -0.03302613 -0.01805 -0.01414155 -0.0348433 -0.01965205 -0.01425746 -0.03459854 -0.01805 -0.01602361 -0.03385993 -0.01805 -0.01072193 -0.03604552 -0.0192093 -0.007250916 -0.03677828 -0.01805 -0.00930096 -0.03630897 -0.01805 -0.01079736 -0.03584107 -0.01805 -0.01273534 -0.0352351 -0.01805 -1.559927e-18 -0.0375241 -0.01805 -0.003494039 -0.03735277 -0.01805 -0.003638182 -0.03733161 -0.01805 -0.006970073 -0.03684257 -0.01805 0.003618411 -0.03743779 -0.01868071 0.003638477 -0.03732628 -0.01805 -1.563641e-18 -0.03761343 -0.01861192 0.0004501832 -0.03752125 -0.01805 0.007203435 -0.03691348 -0.01888252 0.005984474 -0.03702179 -0.01805 0.00390827 -0.03730978 -0.01805 0.01072193 -0.03604552 -0.0192093 0.00941872 -0.03627789 -0.01805 0.007244932 -0.03674876 -0.01805 0.01414155 -0.0348433 -0.01965205 0.01279404 -0.03521365 -0.01805 0.01079787 -0.03584304 -0.01805 0.01781728 -0.03294966 -0.01805 0.01760448 -0.03305794 -0.01805 0.01743055 -0.03331832 -0.02020211 0.0160939 -0.03382648 -0.01805 0.01425736 -0.03459851 -0.01805 0.02371317 -0.02897576 -0.01868012 0.02086327 -0.03111186 -0.01805 0.02076196 -0.03116971 -0.01828693 0.02077126 -0.03116738 -0.01805 0.01868522 -0.032426 -0.01805 0.02643864 -0.02650333 -0.01911863 0.02638667 -0.02660104 -0.01805 0.02372238 -0.02899534 -0.01805 0.02891197 -0.02377587 -0.01959966 0.0277381 -0.02519313 -0.01805 0.02647604 -0.02650793 -0.01805 0.03110993 -0.02082005 -0.02012067 0.02999646 -0.02246632 -0.01805 0.02892683 -0.02375782 -0.01805 0.03302173 -0.01765421 -0.01805 0.0319884 -0.01953666 -0.01805 0.03112508 -0.0208064 -0.01805 0.03452865 -0.01460426 -0.01805 0.03370734 -0.0164052 -0.01805 0.0366627 -0.007866258 -0.01805 0.03586293 -0.01087898 -0.01805 0.03575426 -0.01128837 -0.01805 0.03462495 -0.0143437 -0.01805 0.0372841 0.003673589 -0.01805 0.03731403 0.003678029 -0.02469604 0.03720065 0.004724367 -0.01805 0.03676122 0.00731617 -0.02539433 0.0367457 0.007310716 -0.01805 0.03658204 0.008241115 -0.01805 0.03585133 0.01088406 -0.02606402 0.0360951 0.01016226 -0.01805 0.03459686 0.01434757 -0.02670223 0.03497445 0.01352369 -0.01805 0.03585673 0.01087725 -0.01805 0.0330109 0.01767319 -0.02730672 0.03354011 0.01676723 -0.01805 0.03461424 0.01433826 -0.01805 0.03110993 0.02082922 -0.02787491 0.03179026 0.01988631 -0.01805 0.03303889 0.01766065 -0.01805 0.02891197 0.02378499 -0.02840377 0.03069465 0.02153907 -0.01805 0.03116658 0.02082714 -0.01805 0.02643864 0.02651239 -0.02889011 0.02852695 0.02433753 -0.01805 0.02896377 0.02377359 -0.01805 0.02371317 0.02898476 -0.02933063 0.02610112 0.02692337 -0.01805 0.02649714 0.02650123 -0.01805 0.02081119 0.0311489 -0.01805 0.02183517 0.03048616 -0.01805 0.02076196 0.03117865 -0.0297221 0.0234191 0.02928655 -0.01805 0.0237743 0.02897358 -0.01805 0.01886378 0.03240931 -0.01805 0.01761278 0.03307238 -0.0300613 0.01765718 0.03303738 -0.01805 0.0157188 0.03404637 -0.01805 0.01429595 0.03464808 -0.0303452 0.01433352 0.03460763 -0.01805 0.01240631 0.03538846 -0.01805 0.01084281 0.03588992 -0.03057076 0.010882 0.03587813 -0.01805 0.01051996 0.03599444 -0.01805 0.007286472 0.03678619 -0.03073519 0.007312628 0.03676995 -0.01805 0.007079598 0.0368263 -0.01805 0.003660667 0.03732741 -0.03083572 0.00367456 0.03731526 -0.01805 -0.00367241 0.03729853 -0.01805 -0.003136516 0.0373692 -0.01805 1.516726e-18 0.03750865 -0.0308698 -7.140736e-19 0.03750074 -0.01805 0.003570222 0.03733024 -0.01805 -0.01389712 -0.07292403 -0.04895568 -0.02441061 -0.07010827 -0.04236278 -0.01900713 -0.07170662 -0.0461263 -0.02972451 -0.06754345 -0.0392183 -0.03223538 -0.06357815 -0.04084898 -0.03682075 -0.05639379 -0.03944222 -0.03700016 -0.04745345 -0.04141432 -0.03692698 -0.0514296 -0.04135168 -0.03726133 -0.007706167 -0.03971001 -0.03658025 -0.004971074 -0.04155733 -0.03660554 -0.002731236 -0.04118402 -0.03662945 -0.000628503 -0.04044071 -0.03665187 0.001302144 -0.03936222 -0.03564903 0.004431194 -0.04097038 -0.03568766 0.006278848 -0.0395023 -0.03436153 0.009436665 -0.04093802 -0.03277995 0.01426177 -0.04034345 -0.03441274 0.0111295 -0.03908473 -0.03084433 0.01723435 -0.04152225 -0.03091168 0.01877139 -0.03919536 -0.02869786 0.0216288 -0.0401969 -0.02621873 0.02426585 -0.0411167 -0.02628588 0.02550831 -0.03833628 -0.02356312 0.02794501 -0.03908175 -0.02062084 0.03010785 -0.03974406 -0.01748619 0.03197538 -0.04031795 -0.01418869 0.03352983 -0.04079833 -0.01075884 0.03475541 -0.04118015 -0.007228789 0.03564035 -0.04145861 -0.003631313 0.03617498 -0.04162895 1.532338e-18 0.03635411 -0.04168673 0.003631313 0.03617498 -0.04162895 0.007228789 0.03564035 -0.04145861 0.01075884 0.03475541 -0.04118015 0.01418869 0.03352983 -0.04079833 0.01748619 0.03197538 -0.04031795 0.02062084 0.03010785 -0.03974406 0.02356312 0.02794501 -0.03908175 0.02621873 0.02426585 -0.0411167 0.02869786 0.0216288 -0.0401969 0.03091168 0.01877139 -0.03919536 0.03277995 0.01426177 -0.04034345 0.03441274 0.0111295 -0.03908473 0.03568766 0.006278848 -0.0395023 0.03665187 0.001302144 -0.03936222 0.03662945 -0.000628503 -0.04044071 0.03660554 -0.002731236 -0.04118402 0.03658025 -0.004971074 -0.04155733 0.03717022 -0.02942278 -0.04086691 0.03700016 -0.04745345 -0.04141432 0.03692698 -0.0514296 -0.04135168 0.03686745 -0.05438321 -0.04061409 0.03682075 -0.05639379 -0.03944222 0.03676235 -0.05936322 -0.03680515 0.02955064 -0.06671618 -0.04083561 0.02972451 -0.06754345 -0.0392183 0.02441061 -0.07010827 -0.04236278 0.01900713 -0.07170662 -0.0461263 0.01389712 -0.07292403 -0.04895568 0.01355949 -0.07204942 -0.05013329 0.00882169 -0.07280748 -0.05198233 0.008626337 -0.07165185 -0.05285279 0.00423732 -0.07200439 -0.0538648 -2.99185e-18 -0.07209434 -0.05420215 -0.00423732 -0.07200439 -0.0538648 -0.01355949 -0.07204942 -0.05013329 0.03486426 -0.06084776 -0.01805527 0.03501549 -0.06182031 -0.01393108 0.03676167 -0.06183916 -0.02198491 0.0368057 -0.06289796 -0.01797679 0.03730908 -0.06233296 -0.02414386 0.0373047 -0.06066424 -0.02772811 0.03674494 -0.06024485 -0.02567055 0.03480679 -0.05940577 -0.02195543 0.03749997 -0.0610831 -0.02985848 0.03749998 -0.05874586 -0.03295527 0.03730926 -0.058437 -0.03099282 0.03676235 -0.05812811 -0.02910154 0.03486658 -0.05751222 -0.02570936 0.03749997 -0.0620449 -0.02818494 -0.005553863 -0.04768728 -0.02273176 -1.982413e-18 -0.047687 -0.02255135 -1.853816e-18 -0.04459361 -0.02254999 0.005553863 -0.04768728 -0.02273176 0.006020264 -0.04457511 -0.0227719 0.01107432 -0.04768406 -0.02327922 0.01194155 -0.04449334 -0.02342777 0.01652327 -0.04767292 -0.02421704 0.01766429 -0.04432133 -0.02450923 -1.669136e-18 -0.04015112 -0.02196512 0.006711394 -0.03983524 -0.02225769 0.003468081 -0.03888177 -0.0211972 0.01678226 -0.03615557 -0.02302168 0.01359226 -0.03717131 -0.02235898 0.01322664 -0.03887624 -0.02310013 0.01029187 -0.03796761 -0.02182796 0.006908025 -0.03853901 -0.0214375 0.01983612 -0.03492916 -0.02380843 0.01935508 -0.03728493 -0.02443638 0.02272868 -0.03350246 -0.02471338 0.02491563 -0.03510672 -0.02623093 0.02543638 -0.03188891 -0.02573217 0.03301385 -0.0535729 -0.02932172 0.03077385 -0.05229166 -0.02842939 0.03051707 -0.05338563 -0.0274575 0.02559488 -0.0520528 -0.02570915 0.02522445 -0.0530568 -0.02464644 0.02032083 -0.051874 -0.02381966 0.01511065 -0.05176315 -0.02252598 0.03749999 -0.05605116 -0.03604312 0.03749999 -0.05417822 -0.03748016 0.03732452 -0.05587965 -0.03430979 0.03733672 -0.05407558 -0.03588239 0.03682075 -0.05570835 -0.03264133 0.03686745 -0.05397313 -0.03434435 0.03506714 -0.05536807 -0.02965968 0.03522756 -0.05377015 -0.03159514 0.03750001 -0.05133047 -0.03847836 0.03735228 -0.05128081 -0.03701465 0.03692698 -0.05123129 -0.03560411 0.0343939 -0.04296277 -0.03232559 0.03250134 -0.04321637 -0.03070187 0.03172946 -0.04757835 -0.03013002 0.02808694 -0.04367436 -0.02805713 0.02697344 -0.0476196 -0.02750802 0.02308526 -0.04404751 -0.02603339 0.02185006 -0.04765156 -0.02559533 0.02865844 -0.04098129 -0.02834763 0.03289749 -0.04005163 -0.03100481 0.0313629 -0.03589306 -0.02983386 0.0332831 -0.03489451 -0.03124533 0.03181703 -0.03091426 -0.02978013 0.02793614 -0.03010332 -0.02686214 0.02973697 -0.03241836 -0.02847841 0.03020641 -0.02816311 -0.0281022 0.02005033 -0.03384157 -0.02338812 0.02295646 -0.03220789 -0.0243277 0.02566827 -0.03036294 -0.02538231 0.02816191 -0.02832391 -0.02654778 0.03041545 -0.0261107 -0.02782126 0.01390211 -0.03575257 -0.02127799 0.01714795 -0.03444041 -0.02196872 0.01730072 -0.03378471 -0.02116696 0.02024378 -0.03286144 -0.0227859 0.02041408 -0.03205982 -0.02192369 0.02316217 -0.03103012 -0.02372182 0.02334326 -0.03006103 -0.02278928 0.02587769 -0.02896435 -0.02476995 0.02606205 -0.02780806 -0.02375717 0.02836582 -0.02668353 -0.02592508 0.02854531 -0.02532226 -0.02482193 0.03060425 -0.02420998 -0.02718307 0.03077044 -0.02262791 -0.02597899 0.02055882 -0.03148603 -0.02085163 0.02067558 -0.03119248 -0.01961926 0.02349716 -0.02936381 -0.02159387 0.02362132 -0.02900491 -0.02019881 0.02621873 -0.02697271 -0.02242293 0.02634513 -0.02654032 -0.02084561 0.02869786 -0.02433545 -0.02333381 0.02882093 -0.02382214 -0.0215556 0.03091168 -0.02147785 -0.02432216 0.03102563 -0.02087697 -0.02232518 0.03222524 -0.02608684 -0.02945344 0.03397054 -0.02389509 -0.03091944 0.03240702 -0.02374442 -0.02920173 0.03411545 -0.02124839 -0.03069021 0.03257118 -0.02156726 -0.02854132 0.03424632 -0.01878119 -0.02999878 0.0327157 -0.01975068 -0.02722496 0.03283852 -0.01842706 -0.02538455 0.0329376 -0.0177328 -0.02315137 0.0330109 -0.01766397 -0.02067951 0.03560753 -0.01587861 -0.03155688 0.03551651 -0.01864678 -0.03229078 0.03541573 -0.02160934 -0.03250754 0.03673925 -0.007417405 -0.02594949 0.03670956 -0.008417698 -0.02899614 0.03667275 -0.01030737 -0.0314832 0.03568766 -0.01356059 -0.02997684 0.03436153 -0.01671858 -0.02855768 0.0372687 -0.01147935 -0.03555962 0.03660554 -0.01437656 -0.03374413 0.03726133 -0.01323013 -0.03584846 0.03658025 -0.01596529 -0.03400954 0.03724547 -0.0168478 -0.03608489 0.03652577 -0.01925246 -0.03422764 0.03626736 -0.032766 -0.03459186 0.03493762 -0.03384829 -0.03282264 0.03662945 -0.01288784 -0.03321855 0.03727566 -0.009837816 -0.03498321 0.03728219 -0.008332433 -0.03414595 0.02371922 -0.04176055 -0.02626465 0.03728827 -0.006990114 -0.03307462 0.03730763 -0.003794501 -0.02698292 0.03730358 -0.004212143 -0.02872335 0.03729898 -0.004902268 -0.0303367 0.03750008 -0.000136653 -0.02805136 0.03750008 -0.0005958248 -0.0299577 0.03750008 -0.001352953 -0.03172575 0.03750007 -0.002378391 -0.03332572 0.03385707 -0.047555 -0.03180172 0.03597348 -0.04269759 -0.03420439 0.03717022 -0.03165955 -0.0365719 0.03750006 -0.0144193 -0.0380469 0.03750007 -0.01046814 -0.03777792 0.03750007 -0.008553864 -0.03745867 0.03750007 -0.00675814 -0.03682438 0.03750007 -0.005110586 -0.03590449 0.03750007 -0.003640803 -0.03472845 0.02741481 -0.0555265 -0.02035378 0.03732058 -0.06449817 -0.02471344 0.03730908 -0.06331796 -0.02860164 0.03486426 -0.06479751 -0.03467159 0.03234171 -0.06577206 -0.03800621 0.03482234 -0.0638879 -0.0363079 0.03480679 -0.06275632 -0.03774263 0.03501549 -0.06610338 -0.03094361 0.03262149 -0.06716648 -0.03443448 0.02995292 -0.06820083 -0.03744963 0.03674494 -0.06192072 -0.03404192 0.03674946 -0.06296673 -0.03248587 0.03676167 -0.06381103 -0.03075702 0.0368057 -0.06503206 -0.02691252 -3.046875e-18 -0.07330252 -0.05345172 0.004342382 -0.0731988 -0.05308377 0.03730589 -0.06250563 -0.03037264 0.0373047 -0.06150184 -0.03198775 0.03730926 -0.05905465 -0.03491678 0.03732452 -0.05622263 -0.03777579 0.03733672 -0.05428084 -0.03907748 0.03735228 -0.05138011 -0.03994184 0.03543198 -0.05113342 -0.03307381 0.03572328 0.007867491 -0.03774925 0.03667275 0.003025724 -0.03798338 0.036692 0.004507249 -0.03633898 0.03670956 0.005711755 -0.03446387 0.03575575 0.009159489 -0.03574863 0.03445943 0.01250661 -0.03696724 0.03283852 0.01572079 -0.03811726 0.02628588 0.02550831 -0.03833628 0.02876324 0.02282093 -0.03751285 0.03097222 0.01990913 -0.03661668 0.03289115 0.01680063 -0.03565262 0.0345014 0.01352557 -0.03462511 0.03578493 0.01011515 -0.03353753 0.03672533 0.006602278 -0.0323925 -0.009078313 -0.0737348 -0.05094737 -0.004480395 -0.07416178 -0.05213907 -3.087868e-18 -0.07427875 -0.05253789 0.004480395 -0.07416178 -0.05213907 0.009078313 -0.0737348 -0.05094737 -0.03234171 -0.06577206 -0.03800621 -0.03226414 -0.06479591 -0.03953919 -0.0368057 -0.06289796 -0.01797679 -0.03732058 -0.06343278 -0.02017931 -0.03749998 -0.06396559 -0.02244694 -0.03749998 -0.06282555 -0.02637332 -0.03732058 -0.06449817 -0.02471344 -0.03486658 -0.05751222 -0.02570936 -0.03480679 -0.05940577 -0.02195543 -0.03486426 -0.06084776 -0.01805527 -0.03501549 -0.06182031 -0.01393108 -0.03271707 -0.05503574 -0.0271949 -0.03735228 -0.05138011 -0.03994184 -0.03750001 -0.05133047 -0.03847836 -0.03733672 -0.05428084 -0.03907748 -0.03675124 0.007303884 -0.02780118 -0.03583286 0.01086977 -0.02863454 -0.03457031 0.01433149 -0.02942791 -0.0329776 0.0176556 -0.03017878 -0.03107163 0.02081043 -0.03088419 -0.02887061 0.02376535 -0.03154051 -0.02639616 0.02649225 -0.03214394 -0.02367144 0.02896448 -0.03269045 -0.02072272 0.03115856 -0.0331761 -0.01757758 0.03305275 -0.03359693 -0.01426612 0.03462913 -0.03394917 -0.01081946 0.03587176 -0.0342291 -0.007270431 0.0367688 -0.0344332 -0.003652504 0.03731061 -0.03455801 1.675136e-18 0.0374921 -0.03460033 0.003652504 0.03731061 -0.03455801 0.007270431 0.0367688 -0.0344332 0.01081946 0.03587176 -0.0342291 0.01426612 0.03462913 -0.03394917 0.01757758 0.03305275 -0.03359693 0.02072272 0.03115856 -0.0331761 0.02367144 0.02896448 -0.03269045 0.02639616 0.02649225 -0.03214394 0.02887061 0.02376535 -0.03154051 0.03107163 0.02081043 -0.03088419 0.0329776 0.0176556 -0.03017878 0.03457031 0.01433149 -0.02942791 0.03583286 0.01086977 -0.02863454 0.03675124 0.007303884 -0.02780118 0.03730763 0.003521187 -0.02912146 -0.0368057 -0.06503206 -0.02691252 -0.03730908 -0.06331796 -0.02860164 -0.03749997 -0.0620449 -0.02818494 -0.0373047 -0.06066424 -0.02772811 -0.03676235 -0.05812811 -0.02910154 -0.03506714 -0.05536807 -0.02965968 -0.03301385 -0.0535729 -0.02932172 -0.03028956 -0.05420003 -0.02635661 -0.03051707 -0.05338563 -0.0274575 -0.02522445 -0.0530568 -0.02464644 -0.01990992 -0.05280833 -0.0227056 -0.01473107 -0.05265144 -0.02138639 -0.01442372 -0.05316514 -0.02034423 -0.01033324 -0.05276867 -0.02028379 -0.03501549 -0.06610338 -0.03094361 -0.03676167 -0.06381103 -0.03075702 -0.03730589 -0.06250563 -0.03037264 -0.03749997 -0.0610831 -0.02985848 -0.03730926 -0.058437 -0.03099282 -0.03682075 -0.05570835 -0.03264133 -0.03522756 -0.05377015 -0.03159514 -0.03339206 -0.05103866 -0.03096754 -0.03077385 -0.05229166 -0.02842939 -0.03262149 -0.06716648 -0.03443448 -0.03486426 -0.06479751 -0.03467159 -0.03674946 -0.06296673 -0.03248587 -0.0373047 -0.06150184 -0.03198775 -0.03749998 -0.05874586 -0.03295527 -0.03732452 -0.05587965 -0.03430979 -0.03686745 -0.05397313 -0.03434435 -0.03543198 -0.05113342 -0.03307381 -0.03385707 -0.047555 -0.03180172 -0.02995292 -0.06820083 -0.03744963 -0.03482234 -0.0638879 -0.0363079 -0.03674494 -0.06192072 -0.03404192 -0.03730926 -0.05905465 -0.03491678 -0.03749999 -0.05605116 -0.03604312 -0.03733672 -0.05407558 -0.03588239 -0.03692698 -0.05123129 -0.03560411 -0.03568332 -0.0475304 -0.03378802 -0.0343939 -0.04296277 -0.03232559 -0.02559488 -0.0520528 -0.02570915 -0.02032083 -0.051874 -0.02381966 -0.02600893 -0.05079256 -0.02657242 -0.02078013 -0.05067543 -0.02470805 -0.02646802 -0.04930987 -0.02718349 -0.0212894 -0.04925672 -0.02531258 -0.02697344 -0.0476196 -0.02750802 -0.02185006 -0.04765156 -0.02559533 -0.02308526 -0.04404751 -0.02603339 -0.01766429 -0.04432133 -0.02450923 -0.02371922 -0.04176055 -0.02626465 -0.006020264 -0.04457511 -0.0227719 -0.01194155 -0.04449334 -0.02342777 -0.01107432 -0.04768406 -0.02327922 -0.01652327 -0.04767292 -0.02421704 -0.01068069 -0.04920686 -0.02311523 -0.01600537 -0.04922272 -0.02399321 -0.01032313 -0.0505714 -0.02257218 -0.01553493 -0.05060265 -0.02341586 -0.01000066 -0.05171595 -0.02169346 -0.01511065 -0.05176315 -0.02252598 0.03339206 -0.05103866 -0.03096754 0.03137911 -0.04937999 -0.0298043 0.03106087 -0.05094904 -0.02922728 0.02646802 -0.04930987 -0.02718349 0.02600893 -0.05079256 -0.02657242 0.0212894 -0.04925672 -0.02531258 0.02078013 -0.05067543 -0.02470805 0.01600537 -0.04922272 -0.02399321 0.01553493 -0.05060265 -0.02341586 0.01068069 -0.04920686 -0.02311523 0.01032313 -0.0505714 -0.02257218 0.005342164 -0.04920433 -0.02261379 0.005149868 -0.05056976 -0.02209985 -2.045568e-18 -0.0492062 -0.02245116 -2.102506e-18 -0.05057584 -0.02194895 -0.005342164 -0.04920433 -0.02261379 -0.005149868 -0.05056976 -0.02209985 0.03730358 0.003020493 -0.0311939 0.03729898 0.002196347 -0.03311682 0.03729387 0.001080973 -0.03485766 0.03728827 -0.0002914909 -0.03638458 0.03728219 -0.001888746 -0.03766543 0.03727566 -0.003678473 -0.03866805 0.0372687 -0.005628387 -0.03936029 0.03726133 -0.007706167 -0.03971001 0.03724547 -0.0119908 -0.04001159 0.03750005 -0.03054115 -0.03871823 0.03708465 -0.04242476 -0.03637137 0.03568332 -0.0475304 -0.03378802 -0.03732452 -0.05622263 -0.03777579 -0.03749999 -0.05417822 -0.03748016 -0.03735228 -0.05128081 -0.03701465 -0.03700016 -0.047505 -0.03613557 -0.03597348 -0.04269759 -0.03420439 -0.03493762 -0.03384829 -0.03282264 -0.03750005 -0.03054115 -0.03871823 -0.03717022 -0.03165955 -0.0365719 -0.03626736 -0.032766 -0.03459186 -0.03724547 -0.0119908 -0.04001159 -0.03750006 -0.0144193 -0.0380469 -0.03724547 -0.0168478 -0.03608489 -0.03652577 -0.01925246 -0.03422764 -0.03541573 -0.02160934 -0.03250754 -0.03020641 -0.02816311 -0.0281022 -0.03181703 -0.03091426 -0.02978013 -0.02973697 -0.03241836 -0.02847841 -0.0332831 -0.03489451 -0.03124533 -0.02433629 -0.03850079 -0.02641695 -0.02921471 -0.03683335 -0.02856727 -0.02865844 -0.04098129 -0.02834763 -0.02808694 -0.04367436 -0.02805713 -0.03172946 -0.04757835 -0.03013002 -0.03137911 -0.04937999 -0.0298043 -0.03106087 -0.05094904 -0.02922728 -0.03222524 -0.02608684 -0.02945344 -0.03364513 -0.02932329 -0.03121112 -0.03289749 -0.04005163 -0.03100481 -0.03250134 -0.04321637 -0.03070187 -0.03397054 -0.02389509 -0.03091944 -0.03667275 -0.01030737 -0.0314832 -0.03728827 -0.006990114 -0.03307462 -0.03728219 -0.008332433 -0.03414595 -0.03750007 -0.003640803 -0.03472845 -0.03750007 -0.005110586 -0.03590449 -0.03728827 -0.0002914909 -0.03638458 -0.03728219 -0.001888746 -0.03766543 -0.03667275 0.003025724 -0.03798338 -0.03729898 -0.004902268 -0.0303367 -0.03750008 -0.001352953 -0.03172575 -0.03750007 -0.002378391 -0.03332572 -0.03729898 0.002196347 -0.03311682 -0.03729387 0.001080973 -0.03485766 -0.03670956 0.005711755 -0.03446387 -0.036692 0.004507249 -0.03633898 -0.03575575 0.009159489 -0.03574863 -0.03572328 0.007867491 -0.03774925 -0.03445943 0.01250661 -0.03696724 -0.03283852 0.01572079 -0.03811726 -0.03560753 -0.01587861 -0.03155688 -0.03662945 -0.01288784 -0.03321855 -0.03660554 -0.01437656 -0.03374413 -0.03727566 -0.009837816 -0.03498321 -0.0372687 -0.01147935 -0.03555962 -0.03750007 -0.00675814 -0.03682438 -0.03750007 -0.008553864 -0.03745867 -0.03727566 -0.003678473 -0.03866805 -0.0372687 -0.005628387 -0.03936029 -0.03673925 -0.007417405 -0.02594949 -0.03730763 -0.003794501 -0.02698292 -0.03730358 -0.004212143 -0.02872335 -0.03750008 -0.000136653 -0.02805136 -0.03750008 -0.0005958248 -0.0299577 -0.03730763 0.003521187 -0.02912146 -0.03730358 0.003020493 -0.0311939 -0.03673925 0.007144077 -0.03016019 -0.03672533 0.006602278 -0.0323925 -0.03581069 0.01069723 -0.03115392 -0.03578493 0.01011515 -0.03353753 -0.03453842 0.01414672 -0.03209894 -0.0345014 0.01352557 -0.03462511 -0.0329376 0.01745928 -0.03299261 -0.03289115 0.01680063 -0.03565262 -0.03102563 0.02060333 -0.03383169 -0.03097222 0.01990913 -0.03661668 -0.02882093 0.02354839 -0.03461208 -0.02876324 0.02282093 -0.03751285 -0.02634513 0.02626645 -0.03532939 -0.02362132 0.02873092 -0.03597894 -0.02067558 0.03091837 -0.03655614 -0.01753529 0.03280711 -0.0370563 -0.01423029 0.03437919 -0.03747499 -0.01079141 0.03561863 -0.03780776 -0.007251163 0.03651356 -0.03805043 -0.003642698 0.0370542 -0.03819886 1.608489e-18 0.03723533 -0.0382492 0.003642698 0.0370542 -0.03819886 0.007251163 0.03651356 -0.03805043 0.01079141 0.03561863 -0.03780776 0.01423029 0.03437919 -0.03747499 0.01753529 0.03280711 -0.0370563 0.02067558 0.03091837 -0.03655614 0.02362132 0.02873092 -0.03597894 0.02634513 0.02626645 -0.03532939 0.02882093 0.02354839 -0.03461208 0.03102563 0.02060333 -0.03383169 0.0329376 0.01745928 -0.03299261 0.03453842 0.01414672 -0.03209894 0.03581069 0.01069723 -0.03115392 0.03673925 0.007144077 -0.03016019 -0.02587769 -0.02896435 -0.02476995 -0.02854531 -0.02532226 -0.02482193 -0.02836582 -0.02668353 -0.02592508 -0.03077044 -0.02262791 -0.02597899 -0.03060425 -0.02420998 -0.02718307 -0.0327157 -0.01975068 -0.02722496 -0.03257118 -0.02156726 -0.02854132 -0.03436153 -0.01671858 -0.02855768 -0.03424632 -0.01878119 -0.02999878 -0.03568766 -0.01356059 -0.02997684 -0.03091168 -0.02147785 -0.02432216 -0.03283852 -0.01842706 -0.02538455 -0.03445943 -0.01521273 -0.02651838 -0.03575575 -0.01186551 -0.02772242 -0.03670956 -0.008417698 -0.02899614 -0.0329376 -0.0177328 -0.02315137 -0.03453842 -0.01442015 -0.02403176 -0.03581069 -0.01097059 -0.02496483 -0.02491563 -0.03510672 -0.02623093 -0.01935508 -0.03728493 -0.02443638 -0.01983612 -0.03492916 -0.02380843 -0.02272868 -0.03350246 -0.02471338 -0.02543638 -0.03188891 -0.02573217 -0.02793614 -0.03010332 -0.02686214 -0.006492643 -0.04134716 -0.0227219 -0.003256699 -0.04148224 -0.02252299 -0.003368018 -0.0400727 -0.02203916 -1.62111e-18 -0.03899584 -0.02111555 -0.01881992 -0.03983265 -0.02473127 -0.0128199 -0.04078683 -0.02349377 -1.726295e-18 -0.04152607 -0.0224558 0.006492643 -0.04134716 -0.0227219 0.0128199 -0.04078683 -0.02349377 0.01881992 -0.03983265 -0.02473127 0.02433629 -0.03850079 -0.02641695 0.02921471 -0.03683335 -0.02856727 -0.02295646 -0.03220789 -0.0243277 -0.02566827 -0.03036294 -0.02538231 -0.02816191 -0.02832391 -0.02654778 -0.03041545 -0.0261107 -0.02782126 -0.03240702 -0.02374442 -0.02920173 -0.03411545 -0.02124839 -0.03069021 -0.03551651 -0.01864678 -0.03229078 -0.03658025 -0.01596529 -0.03400954 -0.03726133 -0.01323013 -0.03584846 -0.03750007 -0.01046814 -0.03777792 -0.02334326 -0.03006103 -0.02278928 -0.02349716 -0.02936381 -0.02159387 -0.02621873 -0.02697271 -0.02242293 -0.02634513 -0.02654032 -0.02084561 -0.02882093 -0.02382214 -0.0215556 -0.02891197 -0.02377587 -0.01959966 -0.02895677 -0.02378264 -0.01805 -0.02055882 -0.03148603 -0.02085163 -0.02362132 -0.02900491 -0.02019881 -0.03102563 -0.02087697 -0.02232518 -0.02869786 -0.02433545 -0.02333381 -0.02606205 -0.02780806 -0.02375717 -0.02316217 -0.03103012 -0.02372182 -0.02005033 -0.03384157 -0.02338812 -0.01678226 -0.03615557 -0.02302168 -0.01359226 -0.03717131 -0.02235898 -0.01053446 -0.03678522 -0.02072293 -0.01029187 -0.03796761 -0.02182796 -0.01322664 -0.03887624 -0.02310013 -0.006711394 -0.03983524 -0.02225769 -0.006908025 -0.03853901 -0.0214375 -0.003468081 -0.03888177 -0.0211972 -0.00355288 -0.0379779 -0.0200614 -1.585026e-18 -0.03812785 -0.01997545 0.00355288 -0.0379779 -0.0200614 0.007074662 -0.03752935 -0.02031379 0.01053446 -0.03678522 -0.02072293 -0.01075698 -0.08129198 -0.03636753 -0.007227512 -0.08134163 -0.03725363 -0.007314454 -0.08319986 -0.03677303 -0.003637129 -0.08137152 -0.03783362 -0.003674854 -0.08319986 -0.03731381 -0.007061825 -0.08319986 -0.03682916 -0.009195688 -0.08319986 -0.03635505 -0.01087326 -0.08319986 -0.0358445 -0.01418632 -0.08122297 -0.03513915 -0.01261571 -0.08319986 -0.03531421 -0.01433472 -0.08319986 -0.0346068 -0.01748339 -0.08113515 -0.03357958 -0.02645597 -0.08191673 -0.02666155 -0.0237302 -0.08198555 -0.02912814 -0.02378244 -0.08319986 -0.02897965 -0.01902686 -0.08319986 -0.03231451 -0.02071415 -0.08319986 -0.03125989 -0.02077797 -0.08204686 -0.03131596 -0.02083005 -0.08319986 -0.03117486 -0.02359632 -0.08319986 -0.02914548 -0.01589418 -0.08319986 -0.03396505 -0.01765821 -0.08319986 -0.03303562 -0.02061772 -0.08102936 -0.03170402 -0.0262439 -0.08319986 -0.02678643 -0.02650473 -0.08319986 -0.02650554 -0.02892885 -0.08184125 -0.02393932 -0.0235598 -0.08090658 -0.02952953 -0.02628249 -0.08076821 -0.02707685 -0.02875994 -0.08061584 -0.02436834 -0.02865263 -0.08319986 -0.02419239 -0.02897987 -0.08319986 -0.0237833 -0.02989538 -0.08319986 -0.02263878 -0.03504606 -0.08319986 -0.01334265 -0.03570417 -0.08319986 -0.0114655 -0.03585886 -0.08149868 -0.0110444 -0.03586202 -0.08319986 -0.0108794 -0.03676529 -0.08141282 -0.007471303 -0.03663366 -0.08319986 -0.008014331 -0.03675292 -0.08319986 -0.007311384 -0.03731521 -0.08133227 -0.003823877 -0.03722664 -0.08319986 -0.004519209 -0.03728903 -0.08319986 -0.003673397 -0.03750008 -0.08125724 -0.0001378649 -0.03039624 -0.07818885 -0.02305566 -0.03239031 -0.07783569 -0.01995334 -0.03410213 -0.0774678 -0.01666055 -0.02955163 -0.07633415 -0.02547346 -0.03165587 -0.07580635 -0.02244052 -0.03351665 -0.07525336 -0.01919566 -0.03510005 -0.07468647 -0.01574836 -0.03460536 -0.07265542 -0.01892599 -0.03280538 -0.07340056 -0.02233963 -0.03076363 -0.07412327 -0.02551109 -0.01582271 -0.07525754 -0.0433936 -0.01054186 -0.07611749 -0.0459385 -0.01228315 -0.07769141 -0.04073217 -0.01811372 -0.07700323 -0.03771015 -0.02089716 -0.0765513 -0.03578145 -0.02233232 -0.07497834 -0.03663683 -0.0235718 -0.0760315 -0.03358798 -0.02740819 -0.07353211 -0.03178155 -0.02852554 -0.07480971 -0.02844516 -0.03203083 -0.07184984 -0.02590246 -0.03406667 -0.07095406 -0.0225459 -0.03114699 -0.08319986 -0.02081118 -0.03449928 -0.08009849 -0.01496726 -0.03550725 -0.07709326 -0.01319841 -0.03635515 -0.07411963 -0.01210556 -0.03711793 -0.07116663 -0.01133889 -0.03750002 -0.06826338 -0.01061192 -0.03694829 -0.06748577 -0.018753 -0.03550516 -0.06850693 -0.02281241 -0.03352746 -0.06953057 -0.02646144 -0.03125555 -0.07053543 -0.02973559 -0.02628977 -0.07241084 -0.03533991 -0.02109167 -0.07401026 -0.03986439 -0.01523719 -0.07738376 -0.03936351 -0.03748699 -0.08319986 -0.000989546 -0.0374869 -0.08319986 -1.118702e-09 -0.03748682 -0.08319986 0.0009958994 -0.03730335 -0.07925449 0.003178095 -0.03750008 -0.07941338 -0.0005371862 -0.03730335 -0.07957159 -0.004252303 -0.03672454 -0.07973979 -0.007919631 -0.03586195 -0.08319986 0.01087937 -0.03578346 -0.0788959 0.01042893 -0.03662447 -0.08319986 0.008056227 -0.03672454 -0.07908255 0.006845945 -0.03728759 -0.08319986 0.00367327 -0.0372215 -0.08319986 0.004561398 -0.03675175 -0.08319986 0.007311153 -0.03570088 -0.08319986 0.01147574 -0.03504439 -0.08319986 0.01334704 -0.03449928 -0.07869947 0.01389565 -0.03461258 -0.08319986 0.01433625 -0.03361448 -0.08319986 0.01662269 -0.0328885 -0.07849937 0.01721579 -0.0298926 -0.08319986 0.02264244 -0.02875994 -0.07810992 0.02330037 -0.03096917 -0.07830124 0.02036025 -0.03303939 -0.08319986 0.01765925 -0.03189406 -0.08319986 0.01972362 -0.0311479 -0.08319986 0.02081178 -0.02897979 -0.08319986 0.02378323 -0.02864802 -0.08319986 0.02419786 -0.02628249 -0.07792947 0.0260096 -0.03657524 -0.07531755 0.005521146 -0.03725988 -0.07568119 0.001783386 -0.03750007 -0.07602361 -0.002034557 -0.03725988 -0.07636485 -0.005851898 -0.03750005 -0.07303382 -0.004320829 -0.02650349 -0.08319986 0.02650437 -0.02621429 -0.08319986 0.02681541 -0.0235598 -0.0777633 0.02846255 -0.02070982 -0.08319986 0.03126276 -0.01902468 -0.08319986 0.03231579 -0.02061772 -0.07761421 0.03063681 -0.01748339 -0.07748453 0.03251165 -0.02378137 -0.08319986 0.02897843 -0.02356487 -0.08319986 0.02917092 -0.02082996 -0.08319986 0.03117473 -0.01765791 -0.08319986 0.03303501 -0.01586135 -0.08319986 0.0339804 -0.01418632 -0.07737608 0.03407008 -0.01087352 -0.08319986 0.03584527 -0.01075698 -0.07729037 0.03529712 -0.01258167 -0.08319986 0.03532635 -0.0143348 -0.08319986 0.03460688 -0.007258752 -0.08319986 0.03679086 -0.003744149 -0.08319986 0.03731251 -0.003663997 -0.080152 0.03716595 -0.003675473 -0.08319986 0.03731595 -1.007236e-17 -0.08319986 0.0375 -0.003630663 -0.07719103 0.03671578 -0.003578044 -0.07433187 0.03598371 -5.618631e-18 -0.07717852 0.03689445 -4.323362e-18 -0.07431395 0.03615996 -0.03578346 -0.07991729 -0.01150173 -0.03657524 -0.07672213 -0.009587733 -0.03719579 -0.07356735 -0.0082788 -0.03750004 -0.07044715 -0.007226091 -0.03694829 -0.06546852 -0.009984 -0.03735785 -0.06597499 -0.01215309 -0.03750001 -0.06647792 -0.01437026 -0.03735785 -0.06698055 -0.01658656 -0.03523695 -0.06289328 -0.009817491 -0.03687019 -0.06398556 -0.01390537 -0.03733744 -0.06452546 -0.01610814 -0.03749999 -0.06506255 -0.01836826 -0.03733744 -0.06559937 -0.02062737 -0.03687019 -0.06613816 -0.02282701 -0.03523695 -0.06722289 -0.02690163 -0.03303124 -0.06830439 -0.03049465 -0.03054206 -0.06936119 -0.03365707 -0.02526051 -0.07132195 -0.03894018 -0.01994991 -0.07298056 -0.04309914 -0.01476802 -0.07426046 -0.04628786 -0.009740241 -0.07512967 -0.04856212 -0.005267502 -0.07659529 -0.04748204 -0.004836385 -0.07560176 -0.04993321 0.003570735 -0.08319986 0.0373295 0.003630663 -0.07719103 0.03671578 -7.496609e-18 -0.08014547 0.03734612 0.0105213 -0.08319986 0.03599373 0.01075698 -0.07729037 0.03529712 0.007227512 -0.07722843 0.03618192 0.003674956 -0.08319986 0.03731454 0.007080555 -0.08319986 0.03682557 0.007313417 -0.08319986 0.03676927 0.01748339 -0.07748453 0.03251165 0.01418632 -0.07737608 0.03407008 0.01572852 -0.08319986 0.03404209 0.0218444 -0.08319986 0.03048074 0.02343161 -0.08319986 0.02927807 0.02061772 -0.07761421 0.03063681 0.0235598 -0.0777633 0.02846255 0.01765903 -0.08319986 0.03303676 0.01887328 -0.08319986 0.03240443 0.02081333 -0.08319986 0.03114832 0.01088316 -0.08319986 0.03587745 0.01241607 -0.08319986 0.03538488 0.01433503 -0.08319986 0.03460698 0.02377709 -0.08319986 0.02897349 0.02611259 -0.08319986 0.02691445 0.02628249 -0.07792947 0.0260096 0.02650013 -0.08319986 0.02650111 0.02853731 -0.08319986 0.02432832 0.02875994 -0.07810992 0.02330037 0.0328885 -0.07849937 0.01721579 0.03096917 -0.07830124 0.02036025 0.03180049 -0.08319986 0.01987415 0.02896687 -0.08319986 0.02377344 0.03070381 -0.08319986 0.02152975 0.03116945 -0.08319986 0.0208268 0.03449928 -0.07869947 0.01389565 0.03498106 -0.08319986 0.01351219 0.03578346 -0.0788959 0.01042893 0.03585835 -0.08319986 0.01087671 0.03609983 -0.08319986 0.01015127 0.03304139 -0.08319986 0.01766018 0.03354857 -0.08319986 0.0167553 0.0346164 -0.08319986 0.01433777 0.03657524 -0.07531755 0.005521146 0.03720317 -0.08319986 0.004708559 0.03728476 -0.08319986 0.003672909 0.03730335 -0.07925449 0.003178095 0.03748168 -0.08319986 0.00117323 0.03746299 -0.08319986 5.910177e-07 0.03666371 -0.08319986 -0.007875732 0.03586772 -0.08319986 -0.01088102 0.03585886 -0.08149868 -0.0110444 0.03575601 -0.08319986 -0.0113028 0.03460769 -0.08158695 -0.01450969 0.03463353 -0.08319986 -0.01434621 0.03453118 -0.08319986 -0.01462371 0.03302449 -0.08167485 -0.01783449 0.03112555 -0.08176018 -0.02098775 0.03114624 -0.08319986 -0.02081088 0.02999967 -0.08319986 -0.02250041 0.02892885 -0.08184125 -0.02393932 0.033708 -0.08319986 -0.01643225 0.03303645 -0.08319986 -0.01765786 0.03199033 -0.08319986 -0.01956706 0.02895586 -0.08319986 -0.02376324 0.02774417 -0.08319986 -0.02522916 0.02645597 -0.08191673 -0.02666155 0.0178308 -0.08319986 -0.03298951 0.01762714 -0.08209995 -0.03320365 0.02086259 -0.08319986 -0.03116102 0.02077797 -0.08204686 -0.03131596 0.02371237 -0.08319986 -0.02905114 0.0237302 -0.08198555 -0.02912814 0.02637103 -0.08319986 -0.02666129 0.02651306 -0.08319986 -0.02651316 0.01433428 -0.08319986 -0.03460623 0.01430811 -0.08214425 -0.03477367 0.01605804 -0.08319986 -0.03388788 0.01767546 -0.08319986 -0.03306822 0.01075698 -0.08129198 -0.03636753 0.01418632 -0.08122297 -0.03513915 0.01275889 -0.08319986 -0.03526274 0.003637129 -0.08137152 -0.03783362 0.007227512 -0.08134163 -0.03725363 0.005906765 -0.08319986 -0.0370319 0.01087344 -0.08319986 -0.03584572 0.00937152 -0.08319986 -0.03631011 0.007307675 -0.08319986 -0.03674006 0.01748339 -0.08113515 -0.03357958 0.02061772 -0.08102936 -0.03170402 0.0235598 -0.08090658 -0.02952953 0.02628249 -0.08076821 -0.02707685 0.02875994 -0.08061584 -0.02436834 0.03096917 -0.08045159 -0.02142928 0.0328885 -0.08027802 -0.01828609 0.03449928 -0.08009849 -0.01496726 0.003932869 -0.08319986 -0.0372931 0.003674976 -0.08319986 -0.03730666 -1.152068e-18 -0.0813815 -0.03814818 -2.686118e-17 -0.08319986 -0.0375 -0.003554158 -0.08319986 -0.03733109 0.03725988 -0.07636485 -0.005851898 0.03657524 -0.07672213 -0.009587733 0.03635515 -0.07411963 -0.01210556 0.03510005 -0.07468647 -0.01574836 0.03460536 -0.07265542 -0.01892599 0.03280538 -0.07340056 -0.02233963 0.03203083 -0.07184984 -0.02590246 -0.02814117 -0.07852092 -0.02594506 -0.02722895 -0.07682774 -0.02828099 -0.02564696 -0.07882699 -0.0285998 -0.02471004 -0.07728018 -0.0308484 -0.02293553 -0.07910305 -0.03099829 -0.02201522 -0.07768583 -0.03315963 -0.02003064 -0.07934611 -0.03312106 -0.01916516 -0.07804066 -0.03519953 -0.01695675 -0.07955379 -0.03494969 -0.01618038 -0.07834151 -0.03695318 -0.01374011 -0.07972454 -0.03646882 -0.0130823 -0.07858673 -0.03840786 -0.01040762 -0.07985725 -0.03766467 -0.009892599 -0.0787754 -0.03955186 -0.006987539 -0.07995158 -0.038527 -0.006633765 -0.07890795 -0.04037635 -0.003514858 -0.08000756 -0.03909157 -0.003331725 -0.07898555 -0.04089633 -1.926918e-18 -0.08002601 -0.03939817 -2.714613e-18 -0.07901077 -0.04113021 0.003514858 -0.08000756 -0.03909157 0.003331725 -0.07898555 -0.04089633 0.006987539 -0.07995158 -0.038527 0.006633765 -0.07890795 -0.04037635 0.01040762 -0.07985725 -0.03766467 0.009892599 -0.0787754 -0.03955186 0.01374011 -0.07972454 -0.03646882 0.0130823 -0.07858673 -0.03840786 0.01695675 -0.07955379 -0.03494969 0.01618038 -0.07834151 -0.03695318 0.02003064 -0.07934611 -0.03312106 0.01916516 -0.07804066 -0.03519953 0.02293553 -0.07910305 -0.03099829 0.02201522 -0.07768583 -0.03315963 0.02564696 -0.07882699 -0.0285998 0.02471004 -0.07728018 -0.0308484 0.02814117 -0.07852092 -0.02594506 0.02722895 -0.07682774 -0.02828099 0.03039624 -0.07818885 -0.02305566 0.02955163 -0.07633415 -0.02547346 0.03239031 -0.07783569 -0.01995334 0.03750004 -0.07044715 -0.007226091 0.03750002 -0.06826338 -0.01061192 0.03703315 -0.06914646 -0.01487246 0.03694829 -0.06546852 -0.009984 0.03735785 -0.06597499 -0.01215309 0.03725988 -0.07568119 0.001783386 0.03750005 -0.07303382 -0.004320829 0.03711793 -0.07116663 -0.01133889 0.03579661 -0.07004627 -0.0188756 0.03550516 -0.06850693 -0.02281241 0.03352746 -0.06953057 -0.02646144 0.03750007 -0.07602361 -0.002034557 0.03719579 -0.07356735 -0.0082788 0.03608777 -0.07190488 -0.01526008 0.03406667 -0.07095406 -0.0225459 0.03125555 -0.07053543 -0.02973559 0.02628977 -0.07241084 -0.03533991 0.03694829 -0.06748577 -0.018753 0.03735785 -0.06698055 -0.01658656 0.03750001 -0.06647792 -0.01437026 0.02852554 -0.07480971 -0.02844516 0.0235718 -0.0760315 -0.03358798 0.02233232 -0.07497834 -0.03663683 0.02089716 -0.0765513 -0.03578145 0.01811372 -0.07700323 -0.03771015 0.03672454 -0.07973979 -0.007919631 0.03578346 -0.07991729 -0.01150173 0.03550725 -0.07709326 -0.01319841 0.03410213 -0.0774678 -0.01666055 0.03351665 -0.07525336 -0.01919566 0.03165587 -0.07580635 -0.02244052 0.03076363 -0.07412327 -0.02551109 0.02740819 -0.07353211 -0.03178155 0.02109167 -0.07401026 -0.03986439 0.01582271 -0.07525754 -0.0433936 0.01523719 -0.07738376 -0.03936351 0.01476802 -0.07426046 -0.04628786 0.01994991 -0.07298056 -0.04309914 0.02526051 -0.07132195 -0.03894018 0.03054206 -0.06936119 -0.03365707 0.03303124 -0.06830439 -0.03049465 0.03523695 -0.06722289 -0.02690163 0.03687019 -0.06613816 -0.02282701 0.03733744 -0.06559937 -0.02062737 0.03749999 -0.06506255 -0.01836826 0.03733744 -0.06452546 -0.01610814 0.03687019 -0.06398556 -0.01390537 0.03523695 -0.06289328 -0.009817491 0.03092927 -0.061394 -0.001276757 0.005267502 -0.07659529 -0.04748204 0.002633244 -0.07670356 -0.04787091 -3.149711e-18 -0.0757374 -0.05039336 -3.199705e-18 -0.07673717 -0.04800111 -0.002633244 -0.07670356 -0.04787091 0.01228315 -0.07769141 -0.04073217 0.009266912 -0.07792582 -0.04180703 0.006203977 -0.07808866 -0.04258104 0.003110518 -0.0781827 -0.043053 -3.170049e-18 -0.07821285 -0.04322436 -0.003110518 -0.0781827 -0.043053 -0.006203977 -0.07808866 -0.04258104 -0.009266912 -0.07792582 -0.04180703 0.03165257 -0.06239431 -0.0002372411 0.03171382 -0.06236002 -0.0003110258 0.03117973 -0.0618372 -0.0005990366 0.03062626 -0.0613877 -0.001072039 0.03050032 -0.06143723 -0.001042505 0.0307264 -0.06166657 -0.0007229034 0.03015105 -0.0617558 -0.00123772 0.03021429 -0.061812 -0.001144038 0.03023262 -0.0617121 -0.001087063 0.03073344 -0.06214403 -0.0004634245 0.0306894 -0.06222424 -0.000514527 0.03100079 -0.06246543 -0.0003176724 0.03176706 -0.06282853 -3.959217e-05 0.03143448 -0.06256798 -0.0001130034 0.0301488 -0.06119039 -0.001917371 0.03012241 -0.0612086 -0.001921839 0.03021777 -0.06132469 -0.001443452 0.03002254 -0.06138275 -0.001964575 0.03001691 -0.06141877 -0.001973413 0.03007515 -0.06154114 -0.001502907 0.03033717 -0.06124179 -0.001436008 0.03027174 -0.06110554 -0.001896552 0.03031465 -0.06107592 -0.001889285 0.03041062 -0.06106327 -0.001886185 0.03074943 -0.06137021 -0.001120517 0.03067699 -0.06108902 -0.001892518 0.03055326 -0.06104447 -0.001881577 0.03210653 -0.06309106 -2.767816e-05 0.03046012 -0.06191747 -0.0007390573 0.03060186 -0.06215643 -0.000569873 0.03066631 -0.06220635 -0.0005291278 0.03 -0.06152701 -0.001999975 0.0300884 -0.06166091 -0.001553865 0.03014809 -0.06175131 -0.00125267 0.03083894 -0.06161687 -0.0007657919 0.03099028 -0.06191462 -0.0004772248 0.03158266 -0.06244243 -0.0001771422 0.0318937 -0.06271147 -0.000113824 0.03119408 -0.06223923 -0.0002600208 0.03006845 -0.06130269 -0.001944929 0.0301289 -0.06142946 -0.001467541 0.03038594 -0.06151486 -0.001036344 0.03029486 -0.06161058 -0.001052893 0.03061976 -0.06173893 -0.0007045565 0.03052901 -0.06182582 -0.0007112806 0.03089328 -0.06198213 -0.0004487449 0.03080573 -0.06206115 -0.0004450443 0.03111234 -0.06231138 -0.0002464322 0.03211895 -0.06307793 -3.092777e-05 0.03220538 -0.06298657 -0.0001160437 0.03225501 -0.06293409 -0.0001649223 0.03228154 -0.06290605 -0.0002375246 0.03128008 -0.0621761 -0.0002964617 0.03108857 -0.06186514 -0.0005291092 0.03094619 -0.06159361 -0.0008279303 0.03071557 -0.06194788 -0.0005577353 0.03069874 -0.06192642 -0.0005700758 0.0304229 -0.06157485 -0.0007722353 0.03041896 -0.06156983 -0.0007751226 0.03005744 -0.06101737 -0.001544043 0.03004814 -0.06100315 -0.001563826 0.03023744 -0.06129244 -0.001161197 0.03018587 -0.06121363 -0.001270886 -0.03454671 -0.06550884 -0.0002260476 -0.03615471 -0.06855038 -0.0002411851 -0.03613027 -0.06855978 -0.0001872486 -0.03445313 -0.06557366 -0.0001033609 -0.03420288 -0.06574702 -1.443418e-17 -0.03433151 -0.06565791 -2.51164e-05 -0.03576618 -0.06869986 1.301556e-19 -0.03591355 -0.06864316 -3.593206e-05 -0.03596811 -0.06862217 -4.923637e-05 -0.03604919 -0.06859098 -0.0001182425 -0.03049945 -0.05703993 -0.02014708 -0.03051231 -0.05851099 -0.01599495 -0.03037713 -0.05852557 -0.01599917 -0.03015288 -0.05723451 -0.02 -0.03021759 -0.05717573 -0.02000685 -0.03024629 -0.05857727 -0.01601414 -0.03013383 -0.05725591 -0.02 -0.03013577 -0.05866209 -0.01603869 -0.03012469 -0.05726618 -0.02 -0.03005692 -0.05876857 -0.01606952 -0.03006247 -0.05737764 -0.02 -0.03003169 -0.05743277 -0.02 -0.03 -0.05785466 -0.01939435 -0.03 -0.05762067 -0.02 -0.03 -0.05984371 -0.01244904 -0.03 -0.05909952 -0.01575023 -0.03 -0.05897081 -0.01612701 -0.03 -0.06062181 -0.006718255 -0.03005696 -0.06038556 -0.006684621 -0.03 -0.06069743 -0.006161325 -0.03037742 -0.06013512 -0.00664892 -0.03024649 -0.06018836 -0.006656509 -0.03013587 -0.06027579 -0.006668972 -0.03058158 -0.05703026 -0.02021446 -0.03024437 -0.05716064 -0.02001823 -0.03027884 -0.05714122 -0.02003288 -0.0304478 -0.05704601 -0.02010472 -0.03051267 -0.06012017 -0.006646789 -0.03063756 -0.06013911 -0.006649489 -0.0305003 -0.0595136 -0.0114044 -0.0303676 -0.05953123 -0.01140719 -0.0302399 -0.05958568 -0.01141583 -0.03013233 -0.05967276 -0.01142964 -0.03005559 -0.05978113 -0.01144683 -0.03 -0.0599755 -0.01147838 -0.03 -0.06013608 -0.006550883 -0.03 -0.05713755 -0.01985891 -0.03 -0.05722744 -0.01992158 -0.03 -0.0584922 -0.01557381 -0.03 -0.05729542 -0.01993903 -0.03 -0.05753296 -0.02 -0.03 -0.05902134 -0.01390003 -0.03 -0.0594448 -0.01110179 -0.03 -0.06004194 -0.007155866 -0.03611578 -0.0699996 0.000642109 -0.03600841 -0.07005429 0.0005970033 -0.03601638 -0.07031676 0.0009105329 -0.03615145 -0.06921643 0.0004032644 -0.0360925 -0.0692727 0.0003020805 -0.0361637 -0.06961633 0.0004690893 -0.03567773 -0.06938619 0.0001497791 -0.03569109 -0.06943984 0.0001614874 -0.03579597 -0.06941561 0.0001436178 -0.03576976 -0.07051764 0.001245539 -0.03599555 -0.07050893 0.001270142 -0.03567772 -0.07069981 0.002001772 -0.03587395 -0.07064856 0.002052984 -0.03594743 -0.07062186 0.00165836 -0.03567093 -0.07069986 0.002 -0.0357311 -0.07064222 0.001612636 -0.03576132 -0.07061326 0.001418041 -0.03576622 -0.0705578 0.001317994 -0.03571433 -0.06953316 0.000181852 -0.03578204 -0.07008456 0.0005941503 -0.03589488 -0.07008725 0.0005746823 -0.03578387 -0.07009947 0.0006052917 -0.03579715 -0.07020757 0.0006861201 -0.03578686 -0.070324 0.0008961867 -0.03608166 -0.06883821 0.0004282453 -0.03599262 -0.06891011 0.0002093715 -0.0361793 -0.06916452 0.0005143981 -0.03622277 -0.06954413 0.00056291 -0.03620432 -0.0699255 0.0007088707 -0.03626349 -0.06983885 0.0007913651 -0.03621273 -0.07017802 0.001008919 -0.03624963 -0.07025518 0.001404632 -0.03613846 -0.07046832 0.001724959 -0.03605971 -0.07049401 0.002101464 -0.03606636 -0.07048801 0.002103197 -0.03610742 -0.07037877 0.002113913 -0.03619019 -0.07036184 0.00135345 -0.03627583 -0.07014059 0.001455362 -0.03628871 -0.06974904 0.000880454 -0.03624887 -0.06947246 0.000665609 -0.03615039 -0.07026444 0.002125127 -0.036124 -0.07025952 0.000951735 -0.03610206 -0.07044898 0.001307168 -0.03605167 -0.0705591 0.001690528 -0.03589486 -0.0706431 0.002058442 -0.03590425 -0.06937665 0.0001683959 -0.03600691 -0.06932786 0.0002215566 -0.03614037 -0.07014947 0.002122511 0.03396223 -0.07057688 0.008282839 0.03404506 -0.07047515 0.008315354 0.03133034 -0.07046442 0.01420109 -0.003306483 -0.0703405 0.034297 -0.003300742 -0.07046673 0.03424031 -1.384074e-05 -0.0704669 0.034407 -0.006542972 -0.07033974 0.03380563 -0.006531636 -0.07046622 0.03374988 -0.009700939 -0.0703385 0.0329995 -0.009684196 -0.0704654 0.03294529 -0.01572379 -0.07046303 0.03040655 -0.01275856 -0.07046431 0.03182734 -0.01278047 -0.07033686 0.03187945 -0.02113538 -0.07046057 0.02678551 -0.01851482 -0.07046173 0.02872212 -0.018546 -0.07033298 0.02876865 -0.02791457 -0.07019568 0.01974466 -0.0258303 -0.07045947 0.02223073 -0.02358766 -0.07045974 0.02460412 -0.02362642 -0.07032999 0.02464399 -0.02972829 -0.0703327 0.0170589 -0.02790064 -0.07033037 0.01973437 -0.000566495 -0.07069986 0.03397931 -1.454836e-05 -0.07069986 0.03395953 -1.375629e-05 -0.07064724 0.03420756 0.0357705 -0.07067663 0.002025998 0.03587487 -0.07065226 0.002053237 0.03386119 -0.07064893 0.008243174 0.03606155 -0.07049254 0.00210195 0.03610833 -0.07037867 0.002114156 0.03409954 -0.07035318 0.008336738 0.03605925 -0.07049815 0.002101349 0.03596992 -0.07057402 0.002078041 0.03596708 -0.07057643 0.002077299 0.03587891 -0.07065132 0.002054289 0.035671 -0.07069986 0.002000033 0.03458364 -0.07069986 0.005624166 0.03361712 -0.07069986 0.008147741 0.03298697 -0.07069986 0.00979304 0.02916023 -0.07069986 0.01705381 0.02932755 -0.07069986 0.01676637 0.02952946 -0.07064615 0.01689325 0.03094279 -0.07069986 0.01399133 0.03115435 -0.07064673 0.01410611 0.03116798 -0.07069986 0.01360445 0.02749341 -0.07069986 0.01941911 0.02770157 -0.07064584 0.01957199 0.02694416 -0.07069986 0.02019851 0.02565979 -0.07064573 0.02212012 0.02545679 -0.07069986 0.02194413 0.02450722 -0.07069986 0.02305857 0.02342824 -0.07064579 0.02447878 0.02324001 -0.07069986 0.02428478 0.02189803 -0.07069986 0.02558336 0.02100346 -0.07064595 0.02663395 0.02083483 -0.07069986 0.02642552 0.01909786 -0.07069986 0.02780139 0.01837567 -0.07064619 0.0285739 0.01823005 -0.07069986 0.02835466 0.01609899 -0.07069986 0.02971332 0.0155849 -0.07064646 0.03025428 0.01546509 -0.07069986 0.0300298 0.01297196 -0.07069986 0.03127452 0.01266075 -0.07064671 0.03165148 0.01256694 -0.07069986 0.03142592 0.002886208 -0.07069986 0.03385559 0.003201808 -0.07069986 0.0338101 0.003226161 -0.0706472 0.03404777 0.006323822 -0.07069986 0.03336008 0.006432328 -0.07064711 0.03356633 0.009532843 -0.07069986 0.03253774 0.00960123 -0.07064693 0.0327614 0.00972307 -0.07069986 0.03248899 -0.003255693 -0.07069986 0.03378562 -0.003280645 -0.0706472 0.03404184 -0.004071893 -0.07069986 0.03372683 -0.006491866 -0.0706471 0.03355429 -0.006440109 -0.07069986 0.03329561 -0.007506042 -0.07069986 0.03310151 -0.009625268 -0.07064693 0.03275441 -0.009546649 -0.07069986 0.03249792 -0.01084507 -0.07069986 0.03211386 -0.01268103 -0.07064671 0.03164297 -0.01257556 -0.07069986 0.03139178 -0.01413826 -0.07069986 0.03073971 -0.01562851 -0.07064645 0.03023038 -0.0154986 -0.07069986 0.02999089 -0.01730579 -0.07069986 0.02899609 -0.01840317 -0.07064619 0.0285555 -0.01825374 -0.07069986 0.02833396 -0.02030499 -0.07069986 0.02690119 -0.02100874 -0.07064595 0.02662966 -0.02084615 -0.07069986 0.02643118 -0.02317959 -0.07069986 0.0244046 -0.02344756 -0.07064579 0.02446001 -0.02328425 -0.07069986 0.02429255 -0.02567854 -0.07064573 0.02209883 -0.02548859 -0.07069986 0.02193246 -0.02589701 -0.07069986 0.02149519 -0.02769429 -0.07064584 0.01958185 -0.02747452 -0.07069986 0.01941863 -0.02840166 -0.07069986 0.01819819 -0.02951135 -0.07064615 0.01692184 -0.02927891 -0.07069986 0.01677552 -0.03069261 -0.07069986 0.01448287 -0.03114262 -0.07064673 0.01412784 -0.03092653 -0.07069986 0.01401189 -0.03273124 -0.07069986 0.01037826 -0.0338672 -0.07064894 0.008227798 -0.03362118 -0.07069986 0.008131146 -0.0343801 -0.07069986 0.006214857 -0.03410558 -0.07035324 0.008321291 -0.02785588 -0.07045999 0.01970128 -0.02587225 -0.07032958 0.02226715 -0.02968096 -0.07046154 0.01702903 -0.03131858 -0.07046439 0.01422291 -0.03412744 -0.07022477 0.008329866 -0.0341192 -0.07010301 0.008326636 -0.03138516 -0.07020405 0.0142589 -0.03136832 -0.07033698 0.01424979 -0.02974349 -0.07019863 0.01706845 -0.02588516 -0.07019469 0.02227833 -0.03405109 -0.07047519 0.008299921 -0.02117056 -0.07033124 0.0268288 -0.01575056 -0.07033494 0.03045605 -0.02118163 -0.07019679 0.02684243 -0.02363842 -0.0701952 0.02465633 -0.0157594 -0.07020146 0.0304724 -0.01855605 -0.07019899 0.02878365 -0.01278788 -0.07020389 0.03189707 -0.009706724 -0.07020598 0.0330182 -0.003308509 -0.07020852 0.03431701 -0.006546938 -0.07020755 0.03382513 0.006471732 -0.07046624 0.03376199 0.006482964 -0.07033975 0.03381776 0.003245923 -0.07046673 0.03424627 0.003251569 -0.07034051 0.03430298 -1.386489e-05 -0.07034075 0.03446402 0.0313801 -0.07033702 0.01422795 0.02969915 -0.07046156 0.0170003 0.02974651 -0.07033274 0.01703015 0.02786319 -0.07046 0.01969138 0.02790797 -0.07033037 0.01972445 0.02581148 -0.07045947 0.02225206 0.0258534 -0.07032959 0.02228852 0.02356823 -0.07045974 0.02462299 0.02360697 -0.07032999 0.02466289 0.02113008 -0.07046057 0.02678982 0.02116525 -0.07033125 0.02683311 0.01848716 -0.07046174 0.02874063 0.01851829 -0.070333 0.02878719 0.01567988 -0.07046305 0.03043061 0.01570658 -0.07033496 0.03048015 0.01273815 -0.07046431 0.03183591 0.01276003 -0.07033686 0.03188803 0.003253562 -0.07020853 0.034323 0.006486895 -0.07020757 0.03383728 -1.387343e-05 -0.07020884 0.0344842 0.01852833 -0.07019901 0.0288022 0.02117632 -0.07019679 0.02684674 0.01571542 -0.0702015 0.03049651 0.01276743 -0.07020391 0.03190566 0.009682496 -0.070206 0.03302525 0.02361896 -0.07019521 0.02467524 0.0258663 -0.0701947 0.02229974 0.02976172 -0.07019868 0.0170397 0.02792189 -0.07019569 0.01973474 0.03412139 -0.07022469 0.008345314 0.0361483 -0.07028136 0.002124585 0.03411313 -0.07010293 0.008342073 0.03614708 -0.07026339 0.002124267 0.03613936 -0.07014924 0.002122247 0.03139696 -0.0702041 0.01423705 0.03125165 -0.07057117 0.01415863 0.02962344 -0.07056965 0.01695255 0.02779116 -0.07056881 0.01963817 0.0257439 -0.07056854 0.02219328 0.02350585 -0.07056868 0.02455873 0.02107362 -0.07056912 0.02672032 0.0184374 -0.07056975 0.02866623 0.01563745 -0.07057044 0.03035185 0.01270355 -0.07057111 0.03175346 0.009633724 -0.0705717 0.0328669 0.009660034 -0.07046541 0.03295232 0.009676735 -0.07033851 0.03300655 -0.03396825 -0.07057691 0.008267431 -0.03123991 -0.07057115 0.01418041 -0.02960528 -0.07056964 0.01698122 -0.02778386 -0.07056881 0.01964805 -0.02576268 -0.07056854 0.02217198 -0.02352523 -0.07056868 0.0245399 -0.02107891 -0.07056912 0.02671602 -0.018465 -0.07056974 0.02864777 -0.01568124 -0.07057043 0.03032786 -0.0127239 -0.07057111 0.03174491 -0.009657828 -0.07057169 0.03285989 -0.006513832 -0.07057213 0.03366232 -0.003291741 -0.0705724 0.03415142 -1.380292e-05 -0.07057249 0.03431768 0.03613267 -0.07005047 0.002120499 0.03621433 -0.07018393 0.001021944 0.03619051 -0.07036504 0.00136865 0.03610361 -0.07045249 0.001322895 0.03629723 -0.0699812 0.001159246 0.03628945 -0.0697548 0.000888109 0.03618051 -0.06916802 0.0005172705 0.03581545 -0.06899965 6.992115e-05 0.03591306 -0.06895538 0.0001276877 0.03601086 -0.06933095 0.000225326 0.03590914 -0.06937977 0.0001715891 0.03579115 -0.07010096 0.0005727981 0.03574461 -0.06977631 0.0003608517 0.03597568 -0.06973937 0.0003513662 0.03576675 -0.07056496 0.001324839 0.03588644 -0.07054515 0.001259895 0.03577806 -0.07054903 0.001245142 0.03578 -0.0705463 0.001231445 0.03599821 -0.07051315 0.00128592 0.03613737 -0.07046868 0.001742308 0.03622323 -0.0702389 0.001802361 0.03627452 -0.07014427 0.001468446 0.03599505 -0.06891135 0.0002120333 0.03615333 -0.06921977 0.0004068142 0.0362649 -0.0698445 0.0007999566 0.03616671 -0.06962182 0.0004756319 0.03620677 -0.06993116 0.0007180706 0.03608039 -0.06968709 0.0004009431 0.03611942 -0.07000548 0.0006514266 0.03601307 -0.07006063 0.0006059432 0.03590021 -0.07009415 0.0005828922 0.03579102 -0.07010622 0.0005805588 0.03579077 -0.0701163 0.0005954775 0.03609536 -0.06927588 0.0003059756 0.03560174 -0.06907111 7.150442e-05 0.03568439 -0.06939423 0.0001337414 0.0356968 -0.06944273 0.0001430829 0.03569735 -0.0694466 0.0001456104 -0.01937906 -0.05393333 -0.01982564 -0.02320434 -0.05461664 -0.01981154 -0.02322699 -0.05451974 -0.01959655 0.01936925 -0.05382636 -0.01962502 0.02323834 -0.05452238 -0.01959647 0.02321567 -0.05461926 -0.0198115 0.02610384 -0.05584549 -0.02 0.02312437 -0.0550078 -0.02 0.02317298 -0.05480165 -0.01995659 0.02908101 -0.0570601 -0.02 0.02681124 -0.05613409 -0.02 0.0268971 -0.05590539 -0.01995408 0.02696334 -0.05572637 -0.01979974 0.03000001 -0.05729997 -0.01993778 0.0269961 -0.05563781 -0.01957316 0.01549435 -0.05342739 -0.0195347 0.01549298 -0.05344555 -0.01963798 0.007756352 -0.05297383 -0.01956649 0.007756428 -0.05297181 -0.01945079 -0.007767177 -0.05297221 -0.01945086 -0.01551334 -0.05342884 -0.01953488 -0.01939307 -0.05382952 -0.01962483 -0.02697218 -0.055629 -0.01957329 -0.02987659 -0.05692409 -0.0195617 -0.02981982 -0.05688863 -0.01947843 -0.02976642 -0.05685527 -0.0194001 -0.0299444 -0.05696646 -0.01966118 -0.02693949 -0.05571761 -0.0197998 -0.02996754 -0.05703765 -0.01974346 -0.02687342 -0.05589667 -0.01995409 -0.02997964 -0.05707489 -0.0197865 -0.02731619 -0.05628823 -0.02 -0.0267933 -0.0561165 -0.02 -0.02427865 -0.05529065 -0.02 -0.01935464 -0.05411429 -0.01995964 -0.02104988 -0.05457619 -0.02 -0.02316171 -0.05479904 -0.01995659 -0.0231078 -0.05503156 -0.02 -0.01549027 -0.05373332 -0.01996107 -0.01740921 -0.05408851 -0.02 -0.01932355 -0.05434494 -0.02 -0.007756319 -0.05325874 -0.01995337 -0.01012733 -0.05357822 -0.02 -0.01547379 -0.05395288 -0.02 -4.835439e-06 -0.05312315 -0.01995065 -0.00287187 -0.05335508 -0.02 -0.007747239 -0.05350502 -0.02 0.00774559 -0.05325831 -0.01995336 0.006036098 -0.0534141 -0.02 -5.059999e-06 -0.05337407 -0.02 0.01933097 -0.05411115 -0.01995966 0.01545521 -0.05394019 -0.02 0.01547131 -0.05373184 -0.01996105 0.0147777 -0.0538743 -0.02 0.007735799 -0.05350358 -0.02 0.02295875 -0.05496123 -0.02 0.01951654 -0.05433514 -0.02 0.01930395 -0.05431447 -0.02 0.03 -0.05739947 -0.01998606 0.03 -0.05753291 -0.02 -0.01550389 -0.05355359 -0.01983222 -0.007763584 -0.05306704 -0.01979638 -4.838047e-06 -0.05292786 -0.01978345 0.007752842 -0.0530666 -0.01979635 0.01548492 -0.05355208 -0.01983214 -4.8392e-06 -0.05284146 -0.01954132 -0.01551196 -0.05344703 -0.01963814 -0.0077671 -0.05297424 -0.01956655 0.01935529 -0.0539302 -0.01982574 0.01548982 -0.05348727 -0.01973982 0.007755172 -0.05300501 -0.01968541 -4.838845e-06 -0.05286808 -0.01966593 -0.007765918 -0.05300544 -0.01968546 -0.0155088 -0.05348878 -0.01973993 -0.02983886 -0.05823289 -0.01550369 -0.02983277 -0.05918823 -0.01106 -0.02983483 -0.05973761 -0.006504481 -0.0299821 -0.05845908 -0.01556762 -0.02992697 -0.05833631 -0.01553292 -0.02998165 -0.05997321 -0.00653118 -0.02992415 -0.0592953 -0.01107707 -0.02998142 -0.0594234 -0.01109748 -0.02992511 -0.05984503 -0.006516655 -0.0321648 -0.06599126 0.006201256 -0.03217226 -0.06598354 0.00620537 -0.0320725 -0.06613813 0.00667911 -0.03219305 -0.06596201 0.00621684 -0.03222806 -0.06592575 0.006236157 -0.03211361 -0.06608824 0.006699543 -0.03231876 -0.06589626 0.006256518 -0.03233893 -0.06589908 0.006256723 -0.03224095 -0.06604612 0.006746456 -0.0278018 -0.06119896 0.00587683 -0.0297283 -0.06414884 0.008110298 -0.02975257 -0.0641202 0.008140178 -0.02906301 -0.06328473 0.007938951 -0.03182392 -0.06621367 0.007121852 -0.03183913 -0.06617465 0.007126498 -0.0315406 -0.06598736 0.007509051 -0.03185881 -0.06623688 0.00708041 -0.03186118 -0.06623673 0.00707468 -0.03205181 -0.06619295 0.006664503 -0.03119949 -0.06569108 0.007791805 -0.03138118 -0.06591907 0.007647762 -0.03150932 -0.06600434 0.007495552 -0.03084045 -0.06533396 0.00798526 -0.03105868 -0.06560576 0.007834093 -0.03116984 -0.06571376 0.007769866 -0.03047441 -0.06494242 0.008102525 -0.03073806 -0.06529427 0.008019342 -0.03080839 -0.0653626 0.007978707 -0.02985596 -0.0643048 0.008145265 -0.02999721 -0.06446324 0.008125101 -0.03044554 -0.06496614 0.008061101 -0.02845225 -0.06248486 0.007496026 -0.02893731 -0.06317092 0.007845548 -0.02903122 -0.06329727 0.007919365 -0.02817173 -0.06208264 0.007055944 -0.02836364 -0.06239907 0.007394601 -0.02844806 -0.06251265 0.007460963 -0.02784418 -0.06127714 0.005857365 -0.02785553 -0.0613197 0.005845929 -0.02785002 -0.0613731 0.006 -0.02800847 -0.06181345 0.006767842 -0.02800049 -0.06178383 0.006795136 -0.02796289 -0.06173829 0.006687405 -0.02800063 -0.06176126 0.006810571 -0.02910489 -0.06318128 0.008096486 -0.02844983 -0.06238249 0.007624294 -0.02846533 -0.06241651 0.007567733 -0.02910617 -0.06321217 0.008021791 -0.02982802 -0.06404102 0.008222959 -0.02796518 -0.06168177 0.006878969 -0.02798991 -0.06171807 0.006844401 -0.03058044 -0.06485248 0.008174391 -0.03060607 -0.06483699 0.008221867 -0.02984088 -0.06402403 0.008266321 -0.03134975 -0.06557353 0.007866874 -0.03132772 -0.06558209 0.007844371 -0.03169865 -0.06585626 0.007574561 -0.03167206 -0.06586441 0.007553724 -0.0319972 -0.06603049 0.007189958 -0.03136969 -0.06556918 0.007891775 -0.03202772 -0.06602915 0.007208529 -0.03196621 -0.06603823 0.00717262 -0.03217304 -0.06605485 0.006723437 -0.03227341 -0.065911 0.006246338 -0.03141985 -0.06558853 0.007994564 -0.03212273 -0.06607396 0.007278035 -0.03235479 -0.06609274 0.006776122 -0.03241534 -0.06590979 0.006257498 -0.03245353 -0.06593542 0.006248543 -0.03230448 -0.06606141 0.006764574 -0.03208214 -0.06604362 0.007245664 -0.03140107 -0.06557253 0.007944455 -0.03062163 -0.06483231 0.008273369 -0.0320784 -0.06622289 0.006550236 -0.03214403 -0.06607721 0.006160113 -0.03214917 -0.06605594 0.006170295 -0.03215482 -0.06603257 0.006181485 -0.03203642 -0.06622557 0.006651594 -0.0318653 -0.0661206 0.007129799 -0.03190882 -0.06607137 0.007144997 -0.03157367 -0.06593928 0.007508175 -0.03161912 -0.06589524 0.007522549 -0.03123639 -0.06564917 0.007792927 -0.03128091 -0.06561051 0.007810079 -0.03087801 -0.06529687 0.007990736 -0.02783252 -0.06123339 0.005869123 -0.03091932 -0.06526238 0.008011552 -0.03054717 -0.06487757 0.008136789 -0.03051039 -0.06490894 0.008112704 -0.02980755 -0.06406425 0.008185871 -0.0297815 -0.06409151 0.008157904 -0.02909707 -0.06323428 0.007988417 -0.02908223 -0.06325903 0.007960415 -0.02846573 -0.06243794 0.007540988 -0.02846121 -0.06246108 0.007516804 -0.02984538 -0.06401445 0.008312058 -0.03210072 -0.06533416 0.005372014 -0.03208062 -0.06535217 0.005361938 -0.03173813 -0.06455619 0.004698255 -0.02979875 -0.0620527 0.003777238 -0.03063887 -0.06281296 0.003828623 -0.03000186 -0.06244735 0.003862474 -0.02972956 -0.0621556 0.003864836 -0.03007008 -0.06250505 0.003851149 -0.03051577 -0.06291599 0.00390963 -0.03046984 -0.06295063 0.003949517 -0.03093488 -0.06346898 0.004063951 -0.03118379 -0.06374338 0.004200457 -0.03105899 -0.06365734 0.004160037 -0.03182715 -0.06496065 0.00494455 -0.03167316 -0.06461359 0.004668883 -0.03170522 -0.06458689 0.004682348 -0.03164034 -0.0645396 0.004610118 -0.03113354 -0.06377047 0.004217754 -0.03215002 -0.06598845 0.006 -0.03204362 -0.06544857 0.005332091 -0.03204207 -0.06540766 0.005322933 -0.0321791 -0.06529111 0.005385815 -0.03223828 -0.06527723 0.005378751 -0.03229373 -0.06527688 0.005360255 -0.03233956 -0.0652877 0.005334542 -0.03191761 -0.06448048 0.004659194 -0.02890705 -0.06147258 0.004118411 -0.02816403 -0.06113724 0.004843411 -0.0305942 -0.06284545 0.003879051 -0.03132334 -0.06365069 0.004169648 -0.03128751 -0.06366806 0.004190556 -0.03187393 -0.06448742 0.004684468 -0.03182631 -0.06450341 0.004700459 -0.02970452 -0.06219586 0.003911836 -0.02923936 -0.06180244 0.003989056 -0.02931059 -0.06182274 0.003961558 -0.02889205 -0.06153819 0.004155634 -0.02889898 -0.06151576 0.004145873 -0.02894497 -0.06161843 0.004170531 -0.02889257 -0.06158567 0.004202839 -0.0285452 -0.06136855 0.004416975 -0.02850378 -0.06130121 0.004448456 -0.02817407 -0.06117985 0.004855606 -0.02818667 -0.06123764 0.004875342 -0.02814413 -0.06122211 0.004929727 -0.02811311 -0.06121079 0.004969382 -0.02787291 -0.0612748 0.005686679 -0.03203257 -0.06542364 0.005312294 -0.0320514 -0.0653895 0.005336819 -0.03206417 -0.06537083 0.005350007 -0.02890658 -0.06143528 0.004082443 -0.02977721 -0.06208806 0.003823932 -0.02974671 -0.06213225 0.00385575 -0.03056821 -0.06286725 0.003895964 -0.0305416 -0.06289122 0.003906158 -0.03125057 -0.06369057 0.004202827 -0.03121524 -0.06371639 0.00420588 -0.03177951 -0.06452725 0.004705016 -0.03212424 -0.06531752 0.005379652 -0.03215063 -0.06530295 0.005384362 -0.03135546 -0.06363954 0.004141945 0.03185464 -0.06601359 0.007282146 0.03188377 -0.06599987 0.007298162 0.03212142 -0.06606803 0.006864308 0.03157052 -0.06578714 0.007652387 0.03221899 -0.06575785 0.005918075 0.03217235 -0.06542052 0.005502922 0.03213713 -0.06544898 0.005487848 0.03147386 -0.06585947 0.007605187 0.03178313 -0.06608029 0.007255067 0.03176691 -0.06610657 0.007253069 0.03182548 -0.06622381 0.007135852 0.03173288 -0.06616019 0.007242334 0.03173477 -0.06614254 0.007253359 0.03217646 -0.06579875 0.00589494 0.03211554 -0.06546643 0.005478607 0.03210625 -0.06547394 0.005474633 0.0321291 -0.06577995 0.005700579 0.03215 -0.06598845 0.006000001 0.03210304 -0.0661155 0.006316949 0.02794966 -0.06166822 0.006677634 0.02794933 -0.06165244 0.006687516 0.0283773 -0.06234521 0.007425843 0.02969413 -0.063935 0.008171187 0.02966983 -0.0639618 0.00814296 0.02897916 -0.0631316 0.007908045 0.02972385 -0.06389482 0.008250383 0.02972689 -0.06388465 0.008295015 0.03050304 -0.06471136 0.008296295 0.03234312 -0.06539191 0.005480564 0.03233102 -0.06539182 0.005484003 0.03238691 -0.0659695 0.0064116 0.03224952 -0.06607521 0.006915811 0.0323217 -0.06595726 0.006406683 0.03225696 -0.06539123 0.00550504 0.03221466 -0.06540588 0.00550398 0.03227742 -0.06572857 0.005932563 0.03234327 -0.06571684 0.005935244 0.03227365 -0.06539135 0.005500298 0.03237575 -0.06540606 0.005459175 0.03243965 -0.06599695 0.006409057 0.03229756 -0.06610717 0.006934045 0.03202995 -0.06603188 0.007416032 0.03218801 -0.06605945 0.006891534 0.0319931 -0.06600332 0.007378708 0.0312843 -0.06546965 0.008016511 0.03130057 -0.06548363 0.008067176 0.02899602 -0.06305373 0.008040362 0.02899979 -0.06308518 0.00796824 0.02836147 -0.06226649 0.007528018 0.02837875 -0.06230091 0.007474575 0.02793681 -0.06162619 0.006707763 0.0296423 -0.06398993 0.00812438 0.03036417 -0.06482062 0.008124253 0.03001181 -0.06445966 0.008034636 0.0296357 -0.06401291 0.007986248 0.02900291 -0.06326125 0.007904835 0.02896154 -0.06315695 0.007886388 0.03039936 -0.06478804 0.008135771 0.03043461 -0.06475744 0.008160683 0.03046587 -0.0647327 0.008198434 0.02839598 -0.06241306 0.007319625 0.02836985 -0.06236877 0.007405582 0.02894041 -0.06317391 0.007844574 0.02894997 -0.06318726 0.007853789 0.02814023 -0.06205565 0.007073028 0.02813233 -0.06204461 0.00706541 0.02795012 -0.06169073 0.006663532 0.02795058 -0.0617125 0.00664989 0.03194242 -0.06599028 0.007337124 0.03161915 -0.06577552 0.007697776 0.03125579 -0.06546783 0.007963435 0.03048938 -0.06471694 0.008245482 0.02971273 -0.06391199 0.008207897 0.02899231 -0.06310716 0.007935706 0.03208076 -0.06552354 0.005438416 0.03207192 -0.06554075 0.005425849 0.03215738 -0.06581953 0.005883015 0.03209034 -0.06550489 0.005452028 0.03216219 -0.06582104 0.005881683 0.03212057 -0.06608682 0.006329817 0.03199898 -0.06620748 0.006809691 0.0321396 -0.06607147 0.006337821 0.03202074 -0.06615208 0.006820528 0.0321523 -0.06604579 0.006349207 0.03217023 -0.06602118 0.006360952 0.03205764 -0.06623834 0.006623392 0.03197851 -0.06623338 0.006798069 0.03185456 -0.06622563 0.007071659 0.03174749 -0.06612377 0.007250922 0.03038153 -0.06480432 0.008128414 0.03110837 -0.0655664 0.007859292 0.03109069 -0.06558654 0.007859905 0.03143924 -0.06590556 0.007605901 0.03105943 -0.065597 0.007808516 0.03137835 -0.06591663 0.007650055 0.03105011 -0.06558765 0.007813146 0.03048248 -0.06501874 0.008095191 0.03034043 -0.06485002 0.008076916 0.03218493 -0.06541617 0.005503236 0.03224663 -0.06574129 0.005926672 0.03222134 -0.06598053 0.006383471 0.03225302 -0.06596701 0.006393094 0.03149546 -0.06583733 0.007610509 0.03114942 -0.06552685 0.007869218 0.03117181 -0.06550901 0.007880503 0.03180342 -0.0660551 0.007260425 0.03151933 -0.06581718 0.007620179 0.03119448 -0.06549355 0.007896072 0.03219543 -0.06577735 0.005907288 0.03219341 -0.06599898 0.006372564 0.03206236 -0.06610166 0.006839203 0.03182749 -0.06603241 0.00726945 0.03154469 -0.06580014 0.007634248 0.03121659 -0.06548123 0.007915571 0.03145505 -0.06588253 0.007603843 0.03112808 -0.06554626 0.007862237 0.0279123 -0.06158985 0.006738063 0.0279243 -0.06159993 0.00672801 0.0318471 -0.06465672 0.004799939 0.03145475 -0.06377213 0.004210753 0.03142083 -0.06378273 0.004238262 0.03076046 -0.06293968 0.003862386 0.02824339 -0.06112549 0.004683365 0.03105916 -0.0636657 0.004170792 0.03124544 -0.06390401 0.004257548 0.0312761 -0.06387624 0.004264504 0.03128396 -0.0639533 0.00427549 0.02983203 -0.06229978 0.003881392 0.02999882 -0.06246174 0.003887956 0.02985956 -0.06226858 0.003852241 0.03049366 -0.06294229 0.00390743 0.03062931 -0.06304277 0.003940815 0.03059343 -0.06306992 0.003953896 0.02967224 -0.0621446 0.003875104 0.02902148 -0.06162082 0.004083723 0.02901147 -0.06165181 0.004108886 0.02826714 -0.06120626 0.004718846 0.02833358 -0.06127415 0.004641571 0.02903002 -0.06159827 0.004073673 0.02891901 -0.06158286 0.004141596 0.02892549 -0.06158769 0.004139303 0.02786648 -0.0612312 0.005695815 0.02790192 -0.06129958 0.005685832 0.0279643 -0.06121121 0.005308198 0.0280056 -0.06116083 0.005184156 0.02816753 -0.06124585 0.004941327 0.02828052 -0.06126511 0.004737358 0.02785002 -0.0613731 0.006000001 0.02784975 -0.06118868 0.005703027 0.02904429 -0.0615179 0.004006641 0.02991232 -0.06220065 0.00381214 0.02993748 -0.06216568 0.003764442 0.02904148 -0.06155495 0.004044832 0.02825934 -0.06116359 0.004703582 0.03138314 -0.06379991 0.004258601 0.03173507 -0.06474622 0.004767273 0.03177238 -0.06471784 0.00477391 0.03182939 -0.06491201 0.004870103 0.03185475 -0.06497774 0.004928201 0.03130808 -0.06384878 0.00427152 0.03065626 -0.06301771 0.003938562 0.03068437 -0.06299351 0.003929273 0.03180508 -0.06468634 0.004791465 0.03134456 -0.06382258 0.004269859 0.03071214 -0.06297163 0.003912875 0.02987824 -0.06224505 0.003843757 0.03189531 -0.06463258 0.004796872 0.03194478 -0.06461686 0.004781969 0.03199031 -0.06461076 0.004757387 0.03 -0.06036463 -0.008776399 0.03 -0.05899015 -0.01610363 0.03 -0.0576207 -0.01999998 0.03 -0.06067619 -0.006639366 0.03 -0.0610035 -0.004394359 0.03 -0.05904201 -0.0159561 0.03 -0.05983722 -0.01248535 0.03 -0.05998839 -0.01142226 -0.03597767 -0.07069986 0.002 -0.03612037 -0.07054934 0.001313664 -0.03613698 -0.07053182 0.001233745 -0.03615165 -0.07051634 0.001163183 -0.03615732 -0.07008842 0.0006054744 -0.03615744 -0.07007951 0.0005938692 -0.03615879 -0.06997843 0.0004621313 -0.03602716 -0.06943209 0.0001835712 -0.03601366 -0.06937605 0.0001549986 -0.03596968 -0.06919349 6.1916e-05 0.03003168 -0.05743279 -0.02 -0.02756215 -0.05605639 -0.02 0.03015288 -0.05723451 -0.02 0.0284253 -0.05640633 -0.02 0.03013091 -0.05725919 -0.02 0.03012468 -0.0572662 -0.02 -0.02479916 -0.05516439 -0.02 0.03006001 -0.05738205 -0.02 -0.02726224 -0.05595956 -0.02 -0.02350011 -0.05488391 -0.02 -0.02164257 -0.05448284 -0.02 -0.01962489 -0.05422589 -0.02 -0.01660321 -0.05384107 -0.02 -0.01571798 -0.05375915 -0.02 -0.00850026 -0.05309119 -0.02 -0.007879463 -0.05306835 -0.02 -0.001848908 -0.05284646 -0.02 -7.278813e-06 -0.05286682 -0.02 0.005093691 -0.0529232 -0.02 0.007864659 -0.05309497 -0.02 0.01162675 -0.05332818 -0.02 0.01571123 -0.05376343 -0.02 0.0185214 -0.05406288 -0.02 0.01962177 -0.05422254 -0.02 0.02255029 -0.05464746 -0.02 0.02348641 -0.05487677 -0.02 0.02566771 -0.05541111 -0.02 0.02724817 -0.0559815 -0.02 0.03601989 -0.06939026 0.0001503026 0.03604067 -0.06944679 0.000162611 0.03607174 -0.06953133 0.0001810148 0.03615649 -0.07008699 0.0006024615 0.03615902 -0.07010359 0.0006150473 0.03617785 -0.07022707 0.0007087047 0.0361239 -0.07050805 0.001250934 0.03611539 -0.07055236 0.001336456 0.03609943 -0.07063551 0.001496917 0.03597767 -0.07069986 0.002 0.03613027 -0.06855978 -0.0001872486 0.0361543 -0.06855053 -0.0002402723 0.03543409 -0.06696115 -0.0002281848 0.03452275 -0.06547533 -0.0002252007 0.03591077 -0.06864423 -3.525682e-05 0.03430609 -0.06562631 -2.419019e-05 0.03442847 -0.06554103 -0.0001021114 0.03533251 -0.06701514 -0.0001035082 0.03591355 -0.06864316 -3.593206e-05 0.03596811 -0.06862217 -4.923637e-05 0.03604766 -0.06859156 -0.0001169352 0.03604919 -0.06859098 -0.0001182425 -0.03646209 -0.07015988 0.000500007 -0.03632051 -0.0701149 0.0005546354 -0.0361971 -0.06942687 0.0001114245 -0.03629315 -0.07057375 0.001236673 -0.03612801 -0.07073409 0.002035251 -0.03618338 -0.0707467 0.002048235 -0.03643584 -0.07064618 0.001221992 -0.03626697 -0.07081258 0.002067834 -0.03635056 -0.07087845 0.002087433 -0.03637675 -0.07093012 0.002093575 -0.03654826 -0.07075598 0.001188486 -0.03657456 -0.0702344 0.0004172541 -0.03644842 -0.06944843 -8.203748e-05 -0.03633774 -0.06942694 3.295947e-05 -0.0273692 -0.05566808 -0.02009668 0.02740377 -0.05555898 -0.02021361 0.03058168 -0.05702957 -0.02021393 0.03049828 -0.05703902 -0.02014519 0.03045313 -0.05704414 -0.02010797 0.02731372 -0.05580302 -0.02002295 0.03023963 -0.05715945 -0.02001327 0.0302328 -0.05716314 -0.02001024 0.0235285 -0.05469164 -0.02002517 0.01964595 -0.05403056 -0.02002788 0.01573034 -0.0535913 -0.02002304 0.007874715 -0.05292498 -0.02001665 -6.942002e-06 -0.05271604 -0.02001458 -0.007887462 -0.0529257 -0.02001665 -0.01573631 -0.05359195 -0.02002305 -0.01964894 -0.05403093 -0.02002788 -0.0235422 -0.05469473 -0.02002516 -0.02731869 -0.05580486 -0.02002294 -0.02740879 -0.05556085 -0.02021358 -0.02357535 -0.05454671 -0.02010637 -0.01966822 -0.05387377 -0.02011829 -0.01575253 -0.05344676 -0.02009713 -0.007894829 -0.0527994 -0.02006961 -6.946786e-06 -0.05259696 -0.0200608 0.007882068 -0.05279871 -0.02006958 0.01574656 -0.05344614 -0.0200971 0.01966521 -0.0538734 -0.02011829 0.0235616 -0.05454358 -0.02010641 0.0273642 -0.05566622 -0.0200967 -6.950946e-06 -0.05249345 -0.02013571 -0.007901083 -0.05269217 -0.02015499 -0.01576523 -0.0533331 -0.02021455 -0.01968227 -0.05375917 -0.02025959 -0.02360054 -0.05443425 -0.02023428 0.02358674 -0.05443111 -0.02023438 0.01967926 -0.0537588 -0.02025959 0.01575925 -0.05333248 -0.02021448 0.007888311 -0.05269149 -0.02015493 0.03027723 -0.05713915 -0.02002994 0.03005341 -0.05979424 -0.01139128 0.03051063 -0.05851869 -0.01596817 0.03037459 -0.05853394 -0.01597257 0.03024326 -0.05858675 -0.0159878 0.03013283 -0.05867289 -0.01601266 0.03063776 -0.0601515 -0.006563552 0.03037559 -0.06014791 -0.006563033 0.03024392 -0.06020217 -0.006570867 0.03051189 -0.06013248 -0.006560807 0.03005483 -0.0604019 -0.006599699 0.03013319 -0.06029093 -0.006583679 0.0300547 -0.05878051 -0.0160437 0.03049858 -0.05952244 -0.01134851 0.03012946 -0.05968473 -0.01137405 0.03023691 -0.05959634 -0.01136014 0.03036506 -0.05954076 -0.01135139 0.0326 -1.874534e-09 -0.01805 -0.01414461 -0.02937158 -0.01805 0.02937159 -0.01414461 -0.01805 0.02032577 -0.02548771 -0.01805 0.03178265 -0.007254185 -0.01805 -0.03178265 0.007254181 -0.01805 0.03178265 0.007254181 -0.01805 0.02937159 0.01414461 -0.01805 0.02548771 -0.02032577 -0.01805 -7.343749e-18 -0.0326 -0.01805 -0.02032577 -0.02548771 -0.01805 -0.02548771 -0.02032577 -0.01805 0.01414461 -0.02937158 -0.01805 -0.02548771 0.02032577 -0.01805 0.007254182 -0.03178265 -0.01805 -0.007254182 -0.03178265 -0.01805 -0.02937159 -0.01414461 -0.01805 3.3514e-18 0.0326 -0.01805 -0.007254182 0.03178265 -0.01805 -0.02937159 0.01414461 -0.01805 -0.02032577 0.0254877 -0.01805 -0.0326 -1.874534e-09 -0.01805 -0.01414461 0.02937159 -0.01805 0.01414461 0.02937159 -0.01805 0.007254182 0.03178265 -0.01805 -0.03178265 -0.007254185 -0.01805 0.02032577 0.0254877 -0.01805 0.02548771 0.02032577 -0.01805 0.03633796 -0.06942786 3.330882e-05 0.03612801 -0.07073409 0.002035251 0.03646216 -0.07016081 0.0005009082 0.03632058 -0.07011577 0.0005554882 0.03629303 -0.07057416 0.001237657 0.03619732 -0.06942773 0.000111758 0.03644865 -0.06944942 -8.166254e-05 0.03657463 -0.07023539 0.0004182164 0.03637675 -0.07093012 0.002093575 0.03618338 -0.0707467 0.002048235 0.03643571 -0.07064661 0.001223035 0.03626697 -0.07081258 0.002067834 0.03654814 -0.07075644 0.001189602 0.03635056 -0.07087845 0.002087433 -0.03550422 -0.07090573 0.005292966 0.03526286 -0.07072274 0.005213238 -0.006549826 -0.07087626 0.03418592 0.03539878 -0.07079374 0.005254746 0.03550655 -0.07090575 0.005287943 0.03443057 -0.07089151 0.008406968 0.03316534 -0.07088143 0.01145701 0.03170451 -0.07087457 0.01442866 0.0300565 -0.07087026 0.01727599 0.0282128 -0.07086791 0.01998596 0.0261608 -0.07086708 0.0225494 0.02388347 -0.07086737 0.02495463 0.02140183 -0.07086848 0.02715434 0.01591704 -0.07087183 0.03080678 0.01874744 -0.07087006 0.02910711 0.01291159 -0.07087359 0.03223899 0.009803472 -0.07087509 0.03336311 0.006612043 -0.07087624 0.0341734 0.003337133 -0.07087695 0.03466782 0.03432624 -0.07078708 0.008367753 0.03306469 -0.07078237 0.01141178 0.03160784 -0.07077918 0.01437726 0.02996421 -0.07077718 0.01721817 0.02812541 -0.07077609 0.01992157 0.02607898 -0.0707757 0.02247824 0.02380801 -0.07077584 0.02487671 0.02133356 -0.07077635 0.02706984 0.0186871 -0.07077708 0.0290165 0.01586542 -0.07077791 0.03071066 0.01286948 -0.07077873 0.03213808 0.009771367 -0.07077943 0.03325837 0.006590331 -0.07077996 0.03406587 0.003326159 -0.07078028 0.03455858 1.337766e-05 -0.07087719 0.03483534 1.333354e-05 -0.0707804 0.03472552 -0.003272265 -0.07078029 0.03456447 -0.00328306 -0.07087696 0.03467373 -0.0128502 -0.07077873 0.03214613 -0.01582055 -0.07077792 0.03073513 -0.01587201 -0.07087186 0.03083134 -0.01871914 -0.07087007 0.02912595 -0.006528317 -0.07077996 0.03407834 -0.009778994 -0.07087511 0.03337015 -0.009746956 -0.07077944 0.03326539 -0.01289225 -0.0708736 0.03224707 -0.02812829 -0.07077609 0.01991766 -0.02821569 -0.07086792 0.01998204 -0.02605711 -0.0707757 0.02250317 -0.02613888 -0.07086708 0.02257436 -0.02378996 -0.07077584 0.02489419 -0.03539648 -0.07079373 0.005259917 -0.03431909 -0.07078704 0.008386627 -0.0344234 -0.07089144 0.008425879 -0.03305849 -0.07078235 0.01142616 -0.03315911 -0.07088138 0.0114715 -0.03161424 -0.07077919 0.01436526 -0.03171092 -0.07087459 0.01441663 -0.02997658 -0.07077719 0.01719856 -0.0300689 -0.07087028 0.01725633 -0.02386537 -0.07086738 0.02497216 -0.02132663 -0.07077636 0.02707545 -0.02139488 -0.07086848 0.02715997 -0.01865889 -0.0707771 0.02903529 -0.00325918 -0.07071954 0.03443204 -0.006014808 -0.07069986 0.03390083 -0.006502273 -0.07071946 0.03394809 -0.006464238 -0.07069986 0.03377376 -0.00970822 -0.07071933 0.03313873 -0.01575857 -0.07071897 0.03061931 -0.01734771 -0.07069986 0.02955343 -0.01858652 -0.07071877 0.02892639 -0.01845535 -0.07069986 0.02873725 -0.02124481 -0.07071859 0.02697418 -0.009631525 -0.07069986 0.03287826 -0.01189702 -0.07069986 0.03223772 -0.01279946 -0.07071917 0.03202433 -0.01271565 -0.07069986 0.03183458 -0.01564212 -0.07069986 0.03039338 -0.02110028 -0.07069986 0.0267883 -0.02232417 -0.07069986 0.02588646 -0.02369971 -0.07071847 0.02480088 -0.02352713 -0.07069986 0.02462855 -0.02595928 -0.07071844 0.02241799 -0.02578874 -0.07069986 0.02226362 -0.02679471 -0.07069986 0.02121169 -0.02802362 -0.07071853 0.01984056 -0.02783145 -0.07069986 0.01970311 -0.02986566 -0.0707188 0.01712923 -0.02968202 -0.07069986 0.01701028 -0.0304753 -0.07069986 0.01585596 -0.03149742 -0.07071928 0.0143032 -0.03129151 -0.07069986 0.0141971 -0.03293579 -0.07072003 0.01137103 -0.03572562 -0.07069986 0.003023159 -0.03526059 -0.07072274 0.005218232 -0.03272928 -0.07069986 0.01127503 -0.03348069 -0.07069986 0.009747883 -0.03419016 -0.07072115 0.008338107 -0.03397699 -0.07069986 0.008261204 -0.03501851 -0.07069986 0.005141289 0.03499421 -0.07069986 0.00513036 0.03419727 -0.07072116 0.008319274 0.03149105 -0.07071927 0.01431517 0.03053632 -0.07069986 0.01575088 0.02985333 -0.0707188 0.0171488 0.02966538 -0.07069986 0.01702716 0.02802075 -0.07071853 0.01984446 0.03401316 -0.07069986 0.008253089 0.03376867 -0.07069986 0.009031295 0.03294197 -0.07072004 0.01135664 0.03270336 -0.07069986 0.01124592 0.03127898 -0.07069986 0.01420699 0.0237177 -0.07071847 0.02478346 0.02239873 -0.07069986 0.02582066 0.02125171 -0.07071859 0.0269686 0.02110105 -0.07069986 0.0267742 0.01861463 -0.07071877 0.02890769 0.01281866 -0.07071916 0.03201632 0.01150373 -0.07069986 0.03238645 0.009732533 -0.07071933 0.03313174 0.009660447 -0.07069986 0.03288231 0.006564039 -0.07071946 0.03393567 0.01847346 -0.07069986 0.02870494 0.01718497 -0.07069986 0.02965173 0.01580328 -0.07071897 0.03059494 0.01568914 -0.07069986 0.03037176 0.01272255 -0.07069986 0.03179976 0.02783391 -0.07069986 0.01971104 0.02689279 -0.07069986 0.02109018 0.02598109 -0.07071844 0.02239316 0.02580551 -0.07069986 0.02223466 0.02354622 -0.07069986 0.0246128 0.006517252 -0.07069986 0.03372786 0.005596929 -0.07069986 0.03397544 0.003312859 -0.07071954 0.03442618 0.003289133 -0.07069986 0.03417298 1.328006e-05 -0.07071956 0.03459237 1.322423e-05 -0.07069986 0.0344534 -0.003232874 -0.07069986 0.03415584 -0.02718637 -0.08319986 0.006700838 -0.02479277 -0.08319986 0.01301225 0.003375027 -0.08319986 0.02779585 -0.028 -0.08319986 -7.577133e-19 -0.01590581 -0.08319986 0.02304355 -0.0209583 -0.08319986 0.01856743 0.0209583 -0.08319986 -0.01856743 -0.009928937 -0.08319986 0.02618046 -0.003375027 -0.08319986 0.02779585 0.01590581 -0.08319986 0.02304355 0.009928937 -0.08319986 0.02618046 0.02479277 -0.08319986 0.01301225 0.0209583 -0.08319986 0.01856743 0.02718637 -0.08319986 0.006700838 0.028 -0.08319986 -1.116605e-17 0.02718637 -0.08319986 -0.006700838 0.02479277 -0.08319986 -0.01301225 0.01590581 -0.08319986 -0.02304355 0.003375027 -0.08319986 -0.02779585 -0.003375027 -0.08319986 -0.02779585 -0.02479277 -0.08319986 -0.01301225 -0.02718637 -0.08319986 -0.006700838 0.009928937 -0.08319986 -0.02618046 -0.0209583 -0.08319986 -0.01856743 -0.01590581 -0.08319986 -0.02304355 -0.009928937 -0.08319986 -0.02618046 -0.0006683406 0.02895672 -0.05109855 -0.0005509577 0.02894101 -0.05111314 -0.00058191 0.02891456 -0.05124963 -0.002150075 0.03100014 -0.04893468 -0.0020825 0.03078399 -0.04917476 -0.002153658 0.03084484 -0.04925667 0.002119606 0.03063986 -0.04935642 0.002130288 0.03070967 -0.04927619 0.002160669 0.03076457 -0.04933923 0.00241078 0.03096598 -0.04959071 0.002479875 0.03097003 -0.04960509 0.002209924 0.03008356 -0.05042664 -0.002485576 0.03106874 -0.04952906 -0.002391681 0.03193581 -0.04865303 -0.002307222 0.03188297 -0.04862181 -0.002309208 0.03100993 -0.04944796 -0.002403317 0.0319385 -0.04865292 -0.001646903 0.02935223 -0.05103866 -0.002252464 0.03017069 -0.05035077 -0.002106719 0.03016517 -0.05026044 -0.001547042 0.02939114 -0.05094167 -0.0006540003 0.02880867 -0.05146636 -0.0006157371 0.02887565 -0.05136558 0.0005368009 0.02877934 -0.05148881 0.0005054505 0.0288478 -0.05138784 0.00156423 0.02928135 -0.05109571 0.001469852 0.02932396 -0.0509982 2.23462e-06 0.028867 -0.0511819 0.0001082045 0.02885283 -0.05119507 0.0004776794 0.02888851 -0.05127193 0.0004411799 0.02893188 -0.0511213 0.000866181 0.02903279 -0.05102714 0.001389282 0.02933381 -0.0508814 0.001053137 0.02916866 -0.05089484 0.001288379 0.02933962 -0.05072836 0.001357028 0.02932638 -0.05082026 0.00160527 0.02956991 -0.05050411 0.001792574 0.02995956 -0.05008616 0.001803268 0.02998181 -0.05006229 0.00191582 0.03000978 -0.05015313 0.001955582 0.0300424 -0.05021657 0.002006814 0.03006732 -0.05027832 0.002068022 0.03008292 -0.05033554 -0.002135021 0.03125498 -0.04862441 -0.001952567 0.03008385 -0.05007742 -0.001851479 0.03004506 -0.04999553 -0.001818793 0.02994051 -0.05011165 -0.001767276 0.02977573 -0.05029468 -0.001428653 0.02938687 -0.05076341 -0.001992331 0.0301191 -0.05014117 -0.002186708 0.03090559 -0.04932447 -0.00223906 0.03096197 -0.04938972 -0.002089744 0.03150557 -0.04830901 -0.002095399 0.03157956 -0.04837895 -0.002102193 0.03166846 -0.04846298 -0.002152374 0.03173996 -0.04852016 -0.002210087 0.03182219 -0.04858591 -0.001408769 0.02937598 -0.0506968 -0.001400268 0.02937117 -0.05070141 -0.001054074 0.02917514 -0.05088925 -0.002044226 0.0301468 -0.05020316 -0.00146228 0.02939658 -0.05082472 0.002314096 0.03091654 -0.04952384 0.002217411 0.0308671 -0.04945697 0.002193264 0.03082347 -0.04940687 0.0009121351 0.03299123 -0.04647506 0.001271163 0.03278134 -0.04681335 0.001288867 0.03274102 -0.04676268 -0.002000171 0.03178932 -0.04793875 4.494546e-05 0.03368311 -0.04642716 0.0005236178 0.03362093 -0.04651688 0.0004867844 0.03344899 -0.04649296 0.001576028 0.03342112 -0.04702054 0.001473659 0.03333607 -0.04705601 0.0005755128 0.03377632 -0.04648491 0.002149956 0.03100014 -0.04893468 0.002060207 0.03142961 -0.04838997 0.002099759 0.03151324 -0.04846282 -0.001243712 0.03271343 -0.04661499 -0.001228016 0.03278464 -0.04669432 -0.001065454 0.03284851 -0.04640906 -0.0008587826 0.03298947 -0.04636253 -0.0009778615 0.03291488 -0.04630788 -0.0004272542 0.03312453 -0.04613171 4.984673e-05 0.03313671 -0.04594977 6.122985e-07 0.03313475 -0.04595301 4.447022e-05 0.03316656 -0.04605726 -0.0003557894 0.0331205 -0.04597643 -0.0004459052 0.03309071 -0.04602445 0.0005262592 0.0330575 -0.04607834 0.0005279149 0.03308835 -0.04610169 0.0008380501 0.03298008 -0.0462041 0.001060271 0.03283815 -0.04642404 0.00196977 0.03186238 -0.0478411 0.001831926 0.03205409 -0.04756897 0.001812386 0.03218259 -0.04758288 0.001802903 0.03209445 -0.04751168 0.001311403 0.03270863 -0.0467135 0.001444704 0.03259261 -0.04680453 0.001318308 0.03267334 -0.04667943 0.002422571 0.03186238 -0.04873634 0.0009167293 0.03330505 -0.04671246 0.0009770858 0.03345997 -0.04674141 0.001301999 0.03308466 -0.04702742 0.001376892 0.03322032 -0.04706092 0.001980369 0.03258378 -0.04784826 0.002086319 0.03266301 -0.04786189 -0.0004183424 0.03355314 -0.04648549 -0.0004362185 0.03364021 -0.04648927 -0.001267836 0.03320109 -0.04698553 -0.001847875 0.03254782 -0.04773093 -0.001935484 0.03264951 -0.04777043 -0.00130794 0.03326936 -0.04699675 0.0006312279 0.03389549 -0.04641453 5.50987e-05 0.03397678 -0.04630646 -0.001503017 0.03347693 -0.0469513 -0.0005283225 0.03392025 -0.04638176 -0.002041287 0.03273186 -0.04778266 -0.001402664 0.0333888 -0.04698966 -0.000480613 0.0337985 -0.04645501 4.983336e-05 0.03384858 -0.04638705 -0.001773939 0.0322399 -0.0475028 -0.001770451 0.03215474 -0.04742806 -0.001832305 0.03205634 -0.04756556 -0.001766115 0.0323316 -0.04758767 -0.001789819 0.03243762 -0.04766721 0.001806923 0.03227383 -0.04766651 0.0004957794 0.03313419 -0.04622894 0.0005108765 0.03310598 -0.04616411 0.002320404 0.03181444 -0.04871055 0.00223066 0.03175 -0.04866621 0.002161497 0.03167385 -0.0486063 0.002117719 0.03159267 -0.04853634 -0.00119742 0.03287211 -0.04679786 -0.0008245286 0.03306758 -0.04647999 -0.0004034197 0.03319075 -0.04626404 4.16848e-05 0.03322741 -0.046196 0.0004837362 0.03317427 -0.04629395 0.0004759186 0.03322683 -0.04635623 0.0008975058 0.03303638 -0.04653243 0.0008895659 0.03309165 -0.04658754 0.001259845 0.03282968 -0.04686401 0.001256376 0.03288561 -0.04691282 0.00127714 0.03301515 -0.0469965 0.001261923 0.03294804 -0.04695768 0.0008986456 0.03322822 -0.0466801 0.000889655 0.0331562 -0.04663767 0.0004769262 0.03336648 -0.04645895 0.0004733945 0.03329146 -0.04641238 4.046821e-05 0.03334181 -0.04632219 -0.0003939256 0.03330724 -0.04638464 -0.0008154578 0.03318718 -0.04658765 -0.001197391 0.03299107 -0.04689345 -0.001510587 0.03262329 -0.04717452 -0.001530929 0.03253144 -0.04708164 -0.00157889 0.03245946 -0.0470022 0.001832682 0.03237807 -0.04774499 0.001892122 0.03248541 -0.04780827 0.0001854014 0.03314213 -0.04594086 -0.001235203 0.03313013 -0.04696402 -0.0008399916 0.03333795 -0.04666349 -0.000404906 0.03346584 -0.04646617 4.155067e-05 0.03350279 -0.04640617 0.03218438 -0.04244365 -0.04634264 0.03220098 -0.04244364 -0.04636327 0.03220469 -0.04287729 -0.04635855 0.03252279 -0.04242804 -0.04661193 0.03256236 -0.04242302 -0.0466121 0.03248516 -0.04334638 -0.04668299 0.0280562 -0.04400269 -0.04951446 0.0317899 -0.0438909 -0.04645523 0.03184218 -0.04376657 -0.04640532 0.03191357 -0.04370746 -0.04647011 0.03214994 -0.04269986 -0.04611029 0.03213277 -0.04242826 -0.04612736 0.03215928 -0.04243616 -0.04623791 0.03207515 -0.04331013 -0.04631268 0.03203291 -0.04331299 -0.04622322 0.03210334 -0.04314551 -0.04615598 0.03162589 -0.04405192 -0.04660088 0.03168401 -0.04405581 -0.04668475 0.03115788 -0.04451143 -0.0470165 0.03107714 -0.04457267 -0.04721072 0.03106815 -0.04454516 -0.04708844 0.03033659 -0.04483217 -0.04778867 0.030322 -0.04482562 -0.04768662 0.03101992 -0.04456328 -0.0471271 0.02894227 -0.04452759 -0.04864822 0.02944029 -0.04477574 -0.04832141 0.02953815 -0.04480689 -0.0483509 0.03000212 -0.04480752 -0.04791692 0.03028873 -0.04482374 -0.04771058 0.02878926 -0.04450639 -0.0489139 0.02867977 -0.04439679 -0.04882048 0.02877502 -0.04447367 -0.04884114 0.02875964 -0.04443658 -0.04876807 0.02786762 -0.04297452 -0.04931252 0.02813276 -0.04376561 -0.04915581 0.02816724 -0.04386259 -0.04927204 0.02813961 -0.04377352 -0.04915161 0.02817401 -0.04381321 -0.04913052 0.02769603 -0.04301951 -0.04968356 0.02773506 -0.04301272 -0.04965504 0.02812984 -0.04392526 -0.04940576 0.02875717 -0.04472764 -0.04915671 0.0287915 -0.04460254 -0.04905083 0.02964549 -0.04510764 -0.04867129 0.02962655 -0.04494986 -0.04857011 0.03057858 -0.04513429 -0.04811649 0.03241971 -0.04243607 -0.04656205 0.03242246 -0.0428819 -0.04656589 0.03234346 -0.04331433 -0.0466357 0.03194336 -0.04409574 -0.04697155 0.03144822 -0.04483371 -0.04754964 0.03216374 -0.04423868 -0.04703975 0.03262505 -0.04338851 -0.04668629 0.03205662 -0.04415929 -0.04702257 0.03137783 -0.04474086 -0.04752028 0.03049733 -0.04496044 -0.04802246 0.0312987 -0.04466256 -0.04746624 0.03197309 -0.04369206 -0.04658429 0.03221961 -0.04329751 -0.04654812 0.03212857 -0.04329707 -0.04643443 0.03215552 -0.04288185 -0.04623216 0.03229505 -0.04287697 -0.04647632 0.03224656 -0.04244362 -0.0464199 0.03232352 -0.04244357 -0.04651552 0.02783401 -0.04299022 -0.0494968 0.02784336 -0.04298585 -0.04944553 0.03206402 -0.04369693 -0.04669133 0.03183681 -0.04405633 -0.04689077 0.03174831 -0.04404399 -0.04679083 0.03121769 -0.04460663 -0.0473914 0.031142 -0.04457695 -0.04730328 0.03044532 -0.04489639 -0.04795179 0.03039046 -0.0448534 -0.04787184 0.02960368 -0.04488678 -0.04850227 0.02957351 -0.04483869 -0.04842777 0.03270983 -0.0424043 -0.04661275 0.03274294 -0.0424001 -0.04661289 0.02909159 -0.04072147 -0.04873561 0.02838813 -0.04124418 -0.04915091 0.02836473 -0.04116626 -0.04928561 0.02911331 -0.04061712 -0.04887432 0.02830489 -0.04106829 -0.04939337 0.03238945 -0.04148003 -0.04687032 0.03088885 -0.04044173 -0.0478563 0.03083019 -0.04052305 -0.047801 0.02997588 -0.04040652 -0.04836033 0.03175993 -0.04077189 -0.0473346 0.03189809 -0.04169011 -0.04635443 0.02816788 -0.04163857 -0.04913701 0.02796503 -0.04207885 -0.04925657 0.02793284 -0.04204314 -0.04940345 0.02790874 -0.04220102 -0.04928974 0.02784998 -0.04269986 -0.04932312 0.02786575 -0.04295962 -0.04931362 0.02838554 -0.04127235 -0.04907984 0.02839068 -0.0413169 -0.04900144 0.02826205 -0.04143418 -0.04908152 0.02890001 -0.04085253 -0.04868436 0.02906894 -0.04075506 -0.04866149 0.028927 -0.0408433 -0.04866613 0.02999709 -0.04058853 -0.04792443 0.02981394 -0.04057268 -0.0480614 0.02985789 -0.04054686 -0.04813619 0.02973714 -0.04056603 -0.04811884 0.02904674 -0.04080231 -0.04858524 0.03062587 -0.04064297 -0.04745421 0.03064302 -0.0406384 -0.0475597 0.03105427 -0.04087577 -0.04709768 0.03134154 -0.04100548 -0.04699006 0.03128742 -0.04100247 -0.04690365 0.0318518 -0.04163283 -0.04639665 0.03187508 -0.04162247 -0.04650771 0.03183291 -0.04160946 -0.04641389 0.03138531 -0.04105567 -0.04682218 0.03214147 -0.04160089 -0.04680957 0.03226771 -0.04154783 -0.04685901 0.03158185 -0.04093542 -0.04725682 0.03167489 -0.04086142 -0.04730973 0.03093811 -0.04034782 -0.04789121 0.03001884 -0.04024036 -0.04845895 0.02909902 -0.04047719 -0.04897855 0.02779274 -0.04196486 -0.04964568 0.02788063 -0.04200783 -0.04953607 0.0321052 -0.04202581 -0.04645796 0.03140778 -0.04100842 -0.04708749 0.03197752 -0.04163759 -0.04667496 0.03193573 -0.04163764 -0.04662032 0.03205061 -0.04201175 -0.04633751 0.03208162 -0.04161932 -0.04677143 0.02994152 -0.04047107 -0.04829155 0.02990128 -0.04051823 -0.0482152 0.0307664 -0.04058493 -0.0477289 0.03070249 -0.04062345 -0.04764612 0.03148988 -0.04098563 -0.04717986 0.03202647 -0.04163158 -0.04672597 -0.02781752 -0.04280824 -0.0495057 -0.0277674 -0.04281249 -0.04958481 -0.02803612 -0.04376582 -0.04945552 -0.02771727 -0.04281675 -0.04966393 -0.02767725 -0.04281934 -0.04969302 -0.0279573 -0.04383246 -0.04956362 -0.03194443 -0.04429225 -0.04711008 -0.03183825 -0.04422473 -0.04705936 -0.03115207 -0.04474575 -0.04757528 -0.03215001 -0.04269986 -0.04611029 -0.03204568 -0.0433613 -0.0462123 -0.03213663 -0.04304567 -0.04625789 -0.03256442 -0.04356698 -0.04673501 -0.03243688 -0.04260618 -0.04655142 -0.03229399 -0.04347597 -0.04668323 -0.03253714 -0.04260342 -0.04659964 -0.03243067 -0.04351561 -0.04672999 -0.03258 -0.04260149 -0.04659962 -0.03272793 -0.04259483 -0.04659956 -0.03275949 -0.04259341 -0.04659955 -0.03204367 -0.04437535 -0.04712927 -0.03122385 -0.04482537 -0.04762898 -0.03128663 -0.04491862 -0.04765975 -0.03039601 -0.04515718 -0.04822961 -0.03032842 -0.04498576 -0.04813511 -0.02945726 -0.0449107 -0.04867253 -0.02946459 -0.04506271 -0.04877372 -0.02860355 -0.04461527 -0.04923724 -0.02938444 -0.04476757 -0.04845723 -0.03018255 -0.04485128 -0.04790662 -0.03000293 -0.04482646 -0.04792001 -0.02927557 -0.04472415 -0.04843306 -0.02894237 -0.04453174 -0.04864894 -0.02864372 -0.04437579 -0.0489249 -0.03100523 -0.04465373 -0.04741684 -0.03023294 -0.04487592 -0.04798781 -0.02941534 -0.04480078 -0.04853267 -0.02865369 -0.04440768 -0.04899662 -0.02860892 -0.04433919 -0.04886498 -0.02815496 -0.04376173 -0.04914155 -0.02807938 -0.04371133 -0.04932324 -0.02808548 -0.04367335 -0.04918388 -0.02807859 -0.04366459 -0.04918807 -0.02782675 -0.04280666 -0.04945704 -0.02785534 -0.04285105 -0.04931981 -0.02785244 -0.04280224 -0.04932155 -0.032024 -0.04346601 -0.04636981 -0.03198342 -0.04347538 -0.04627087 -0.03183502 -0.04384618 -0.0465513 -0.03182959 -0.04375724 -0.0464156 -0.03158364 -0.04417306 -0.04678209 -0.03166284 -0.04406278 -0.04657248 -0.0315258 -0.04417427 -0.04669165 -0.03106497 -0.0445492 -0.04709235 -0.0309417 -0.04464499 -0.047327 -0.03099631 -0.04460506 -0.04715205 -0.03088391 -0.04463653 -0.04724014 -0.03013789 -0.04484544 -0.04782481 -0.03164953 -0.04416464 -0.0468846 -0.03189743 -0.0438324 -0.04666167 -0.03208077 -0.04345189 -0.04648815 -0.03236653 -0.04260811 -0.04651758 -0.0322303 -0.04346262 -0.04664487 -0.03233662 -0.04260894 -0.04650319 -0.03227955 -0.04303754 -0.04649766 -0.03230983 -0.04260892 -0.04646967 -0.03226276 -0.04260891 -0.04641077 -0.02864669 -0.04449875 -0.04913168 -0.02944019 -0.04484893 -0.04860576 -0.0302827 -0.04492107 -0.04806583 -0.03107708 -0.04468721 -0.04750229 -0.03173648 -0.04418109 -0.04698099 -0.03169064 -0.04416949 -0.04693431 -0.03217257 -0.04345419 -0.04659824 -0.0321224 -0.04345071 -0.04654528 -0.03222891 -0.04303643 -0.04644228 -0.03218818 -0.04303763 -0.04638229 -0.03219767 -0.04260888 -0.04632931 -0.03217463 -0.04260628 -0.04622907 -0.03214783 -0.04260325 -0.04611246 -0.02862751 -0.04434992 -0.04885294 -0.03010902 -0.04046752 -0.04818499 -0.03006427 -0.04051404 -0.04810822 -0.03085398 -0.04067732 -0.04753626 -0.02894559 -0.04086888 -0.04865113 -0.0291768 -0.0407137 -0.0485033 -0.0292192 -0.04068908 -0.04856909 -0.03195301 -0.04176791 -0.04643954 -0.03146334 -0.04110758 -0.0468903 -0.03143348 -0.04109748 -0.0467798 -0.03079235 -0.04068969 -0.04744853 -0.031057 -0.04086759 -0.04709728 -0.03141511 -0.04108626 -0.04679529 -0.02997204 -0.04056034 -0.04794838 -0.03000085 -0.04055478 -0.04792827 -0.0300175 -0.04054117 -0.04802847 -0.03002556 -0.04055002 -0.04791103 -0.03077059 -0.0406927 -0.0473388 -0.02785002 -0.04269986 -0.04932312 -0.02800671 -0.04190741 -0.04923289 -0.02799223 -0.04187639 -0.04937346 -0.02801183 -0.04188151 -0.04922995 -0.02816874 -0.04164513 -0.0491358 -0.02850815 -0.0411191 -0.04908485 -0.02847383 -0.04118549 -0.04895274 -0.02850242 -0.04114926 -0.04901376 -0.02849023 -0.04117449 -0.04894226 -0.02785947 -0.04177843 -0.04961377 -0.0279435 -0.04183222 -0.04950532 -0.02927237 -0.04040225 -0.0488844 -0.02843964 -0.04092814 -0.04932534 -0.02849191 -0.04103477 -0.04921909 -0.02927659 -0.04054791 -0.04878212 -0.03020327 -0.04023398 -0.0483497 -0.03171117 -0.04104536 -0.04716061 -0.0322222 -0.0417516 -0.04674545 -0.03235337 -0.04170451 -0.04679302 -0.03236944 -0.04216997 -0.04661789 -0.03111124 -0.0404061 -0.04777879 -0.03248066 -0.04164407 -0.04680093 -0.03190181 -0.04088759 -0.04723391 -0.03181028 -0.0409742 -0.04721202 -0.03105565 -0.04049969 -0.04774611 -0.03014872 -0.0404027 -0.04825362 -0.03092176 -0.04064085 -0.04761988 -0.03209942 -0.04217371 -0.04629554 -0.03215291 -0.04218511 -0.04641779 -0.03184382 -0.04163834 -0.0464032 -0.03192928 -0.04175098 -0.04632477 -0.03214209 -0.04251545 -0.04611815 -0.03224456 -0.0421847 -0.04653128 -0.03201232 -0.04178269 -0.0465546 -0.03152986 -0.04111287 -0.04698978 -0.03099086 -0.04058032 -0.04769196 -0.03161452 -0.04109277 -0.04708353 -0.03210397 -0.04177833 -0.04666184 -0.02924561 -0.04065532 -0.04864355 -0.02926523 -0.04060782 -0.04871579 0.002066453 0.003287179 -0.05487506 0.001521486 0.003175808 -0.05488802 0.002570892 0.003472647 -0.05486141 0.002318747 0.003338737 -0.05486906 -0.000763346 0.003176546 -0.05485589 -0.003800156 0.003177529 -0.05481318 -0.005034269 0.003177932 -0.05471453 -0.009082306 0.003179235 -0.05439093 -0.009082306 -0.0009997133 -0.05439717 -0.004992785 -0.0009990949 -0.05472575 -0.004016931 -0.0009989459 -0.05480416 -0.0007568672 -0.0009984616 -0.05486325 0.001044415 -0.0009981859 -0.0548959 0.002186795 -0.0009886641 -0.05487335 0.001588678 -0.0009936485 -0.05488515 0.007623227 0.004257029 -0.05454163 0.007686075 0.005145444 -0.05453447 0.0072616 0.00289206 -0.0545767 0.007122605 0.002615025 -0.05458903 0.006761289 0.001894882 -0.0546211 0.006095869 0.001010982 -0.05467452 0.005573768 0.0005274545 -0.05471127 0.005285515 0.0002604928 -0.05473156 0.00435042 -0.0003363881 -0.05478692 0.003533048 -0.00068813 -0.05482634 0.00348946 -0.0006978605 -0.05482787 0.003274646 -0.0007458199 -0.05483536 0.003936266 0.01081794 -0.05480198 0.003917668 0.01083048 -0.05480312 0.003566384 0.0109014 -0.05481517 0.001516151 0.01131537 -0.05488553 0.005840068 0.009534312 -0.05468541 0.005878862 0.009508153 -0.05468304 0.00720118 0.007546959 -0.05457652 0.007247415 0.007346107 -0.05457247 0.007677262 0.00547879 -0.05453486 0.001463534 0.01131494 -0.05488653 0.001419094 0.01131356 -0.05488731 0.001305814 0.01131003 -0.05488931 0.001305814 0.007162711 -0.05489093 0.002589182 0.006806051 -0.05485976 0.002078862 0.006999521 -0.05487382 0.001836019 0.00709158 -0.0548805 0.003493028 0.005145444 -0.05482621 0.003276058 0.005985176 -0.05483494 0.003245156 0.00610478 -0.05483618 0.00276176 0.006680792 -0.05485404 0.002708065 0.006719759 -0.05485582 0.003450027 0.004980942 -0.05482807 0.003239726 0.004176436 -0.05483716 0.003176188 0.004109582 -0.05483947 0.007642636 -0.05569986 -0.05450173 0.002874736 -0.0540336 -0.05484843 -0.0002969462 -0.05292517 -0.0548684 -0.001903054 -0.05236388 -0.05487852 -0.007218891 -0.05050613 -0.05459447 -0.009062492 -0.04986183 -0.05441771 0.007642637 -0.05145918 -0.05455283 0.005211225 -0.05062321 -0.05474164 0.002267224 -0.04961099 -0.054832 5.208566e-05 -0.04884938 -0.05489999 -0.0003184475 -0.04872198 -0.05488997 -0.004732267 -0.04720441 -0.05477053 0.0009743029 -0.04523896 -0.05489457 -0.0003380447 -0.04569096 -0.05486604 0.0009743031 -0.04842528 -0.05489461 0.004398729 -0.049626 -0.05478446 0.004586634 -0.04969189 -0.05477842 0.004586641 -0.04397769 -0.05477796 0.004586634 -0.04962773 -0.05477841 0.007642639 -0.04291609 -0.05455885 0.007642639 -0.03871771 -0.05455884 0.001665031 -0.04079106 -0.054884 0.00697464 -0.03894941 -0.05461634 -0.004294038 -0.04285797 -0.05479316 -0.0003574505 -0.04149256 -0.05485317 -0.009062493 -0.04451192 -0.05441834 -0.009062492 -0.0496274 -0.05441774 -0.009046488 -0.02152408 -0.05441786 -0.004569664 -0.02152408 -0.05477795 -0.0007156602 -0.02152408 -0.05488285 -8.014847e-05 -0.02152408 -0.05490015 0.005241861 -0.02152408 -0.05473927 0.007667785 -0.02152408 -0.05455472 -0.009046488 -0.02573427 -0.05441919 -0.006966808 -0.02573427 -0.0546161 -0.001675572 -0.02573427 -0.05488362 -0.009 -0.03178569 -0.05442493 -0.003716938 -0.02742085 -0.05481952 -0.009 -0.03693632 -0.05442513 -0.004835245 -0.03349413 -0.05476398 -0.0006695368 -0.03005116 -0.05489739 -0.0007015011 -0.03007758 -0.05489636 0.007663975 -0.03693632 -0.05455682 0.007663975 -0.03178798 -0.0545566 0.005664629 -0.03013558 -0.05471297 0.0003392183 -0.02573427 -0.05489933 0.007667785 -0.02573427 -0.05455565 0.002347388 -0.02573427 -0.05486788 0.004586634 -0.008840526 -0.05477614 0.004586635 -0.01455472 -0.05477671 0.0009743026 -0.01010713 -0.05489607 0.003649864 -0.009168992 -0.05480725 0.0009743026 -0.01329345 -0.05489562 -0.0006848216 -0.01272202 -0.05485862 -0.004732267 -0.01132801 -0.05476837 -0.0006642767 -0.009929338 -0.05485877 -0.003833074 -0.01101884 -0.05481418 0.001474218 -0.009194078 -0.05488887 0.002409734 -0.008872421 -0.05486717 0.003660248 -0.008442471 -0.05479153 0.007642636 -0.007073233 -0.0545506 0.007642636 -0.002832549 -0.05454731 0.004474045 -0.003939899 -0.05478134 0.003692075 -0.004213179 -0.05479893 -0.0007511506 -0.005765969 -0.05489891 -0.0006832001 -0.005742224 -0.05489738 -0.003809696 -0.006834859 -0.054815 -0.005004169 -0.0072523 -0.05472245 -0.009062491 -0.008670585 -0.05440803 -0.009062491 -0.01402087 -0.05441224 0.007642636 -0.0198147 -0.05455653 0.003559738 -0.01839863 -0.05479621 -0.005931163 -0.01510691 -0.05469303 -0.004931848 -0.0154535 -0.05473202 -0.000676511 -0.01692938 -0.05489802 -0.0006669199 -0.01693271 -0.05489793 0.002321953 -0.01796933 -0.05486887 0.007642636 -0.01561631 -0.05455511 0.001861955 -0.06869986 0.030075 -0.001522122 -0.06109764 0.02748157 -0.001075 -0.06869986 0.02713805 -0.001861955 -0.06869986 0.027925 -0.00215 -0.06869986 0.029 -2.2469e-18 -0.06869986 0.02685 0.001075 -0.06869986 0.02713805 0.001861955 -0.06869986 0.027925 0.00215 -0.06869986 0.029 0.001075 -0.06869986 0.03086196 -5.160478e-18 -0.06869986 0.03115 -0.001075 -0.06869986 0.03086196 -0.001861955 -0.06869986 0.030075 0.031075 -0.06869986 0.007861954 0.03186195 -0.06869986 0.007075 0.03 -0.06869986 0.006 0.03215 -0.06869986 0.006 0.03186195 -0.06869986 0.004925 0.02813805 -0.06869986 0.007075 0.028925 -0.06869986 0.007861954 0.03 -0.06869986 0.00815 0.028925 -0.06869986 0.004138045 0.02813805 -0.06869986 0.004925 0.02785 -0.06869986 0.006 0.031075 -0.06869986 0.004138045 0.03 -0.06869986 0.00385 -0.028925 -0.06869986 0.007861954 -0.02813805 -0.06869986 0.007075 -0.03 -0.06869986 0.006 -0.02785 -0.06869986 0.006 -0.02813805 -0.06869986 0.004925 -0.03186195 -0.06869986 0.007075 -0.031075 -0.06869986 0.007861954 -0.03 -0.06869986 0.00815 -0.031075 -0.06869986 0.004138045 -0.03186195 -0.06869986 0.004925 -0.03215 -0.06869986 0.006 -0.028925 -0.06869986 0.004138045 -0.03 -0.06869986 0.00385 -2.855946e-18 -0.06869986 0.029 -0.028 -0.08019986 -7.51291e-18 -0.02718637 -0.08019986 -0.006700838 -3.334016e-18 -0.08019986 -7.51291e-18 -0.02718637 -0.08019986 0.006700838 -0.01590581 -0.08019986 0.02304355 -0.0209583 -0.08019986 0.01856743 -0.02479277 -0.08019986 0.01301225 0.003375027 -0.08019986 0.02779585 -0.003375027 -0.08019986 0.02779585 -0.009928937 -0.08019986 0.02618046 0.0209583 -0.08019986 0.01856743 0.01590581 -0.08019986 0.02304355 0.009928937 -0.08019986 0.02618046 0.028 -0.08019986 -1.098236e-17 0.02718637 -0.08019986 0.006700838 0.02479277 -0.08019986 0.01301225 0.0209583 -0.08019986 -0.01856743 0.02479277 -0.08019986 -0.01301225 0.02718637 -0.08019986 -0.006700838 0.003375027 -0.08019986 -0.02779585 0.009928937 -0.08019986 -0.02618046 0.01590581 -0.08019986 -0.02304355 -0.01590581 -0.08019986 -0.02304355 -0.009928937 -0.08019986 -0.02618046 -0.003375027 -0.08019986 -0.02779585 -0.02479277 -0.08019986 -0.01301225 -0.0209583 -0.08019986 -0.01856743 0.0326 -1.874534e-09 -0.02105 0.03178265 0.007254181 -0.02105 -7.79269e-26 -1.874534e-09 -0.02105 0.02548771 -0.02032577 -0.02105 0.02937159 -0.01414461 -0.02105 0.03178265 -0.007254185 -0.02105 0.007254182 -0.03178265 -0.02105 0.01414461 -0.02937158 -0.02105 0.02032577 -0.02548771 -0.02105 -0.01414461 -0.02937158 -0.02105 -0.007254182 -0.03178265 -0.02105 -7.343749e-18 -0.0326 -0.02105 -0.02937159 -0.01414461 -0.02105 -0.02548771 -0.02032577 -0.02105 -0.02032577 -0.02548771 -0.02105 -0.03178265 0.007254181 -0.02105 -0.0326 -1.874534e-09 -0.02105 -0.03178265 -0.007254185 -0.02105 -0.02032577 0.0254877 -0.02105 -0.02548771 0.02032577 -0.02105 -0.02937159 0.01414461 -0.02105 3.3514e-18 0.0326 -0.02105 -0.007254182 0.03178265 -0.02105 -0.01414461 0.02937159 -0.02105 0.02032577 0.0254877 -0.02105 0.01414461 0.02937159 -0.02105 0.007254182 0.03178265 -0.02105 0.02937159 0.01414461 -0.02105 0.02548771 0.02032577 -0.02105 -0.031075 -0.04456182 -0.04405 -0.03186195 -0.04377486 -0.04405 -0.03 -0.04269986 -0.04405 -0.03215 -0.04269986 -0.04405 -0.03186195 -0.04162486 -0.04405 -0.02813805 -0.04377486 -0.04405 -0.028925 -0.04456182 -0.04405 -0.03 -0.04484986 -0.04405 -0.028925 -0.04083791 -0.04405 -0.02813805 -0.04162486 -0.04405 -0.02785 -0.04269986 -0.04405 -0.031075 -0.04083791 -0.04405 -0.03 -0.04054986 -0.04405 0.028925 -0.04456182 -0.04405 0.02813805 -0.04377486 -0.04405 0.03 -0.04269986 -0.04405 0.02785 -0.04269986 -0.04405 0.02813805 -0.04162486 -0.04405 0.03186195 -0.04377486 -0.04405 0.031075 -0.04456182 -0.04405 0.03 -0.04484986 -0.04405 0.031075 -0.04083791 -0.04405 0.03186195 -0.04162486 -0.04405 0.03215 -0.04269986 -0.04405 0.028925 -0.04083791 -0.04405 0.03 -0.04054986 -0.04405 -0.001075 0.02913818 -0.04405 -0.001861955 0.02992514 -0.04405 1.288718e-18 0.03100014 -0.04405 -0.00215 0.03100014 -0.04405 -0.001861955 0.03207514 -0.04405 0.001861955 0.02992514 -0.04405 0.001075 0.02913818 -0.04405 3.503871e-18 0.02885014 -0.04405 0.001075 0.03286209 -0.04405 0.001861955 0.03207514 -0.04405 0.00215 0.03100014 -0.04405 -0.001075 0.03286209 -0.04405 7.690507e-19 0.03315014 -0.04405 -0.0003155114 -0.04962647 -0.05489943 0.006546266 0.00844322 -0.05463203 0.03012316 -0.06092888 -0.000889353 0.0314257 -0.06257917 -4.324844e-05 0.03076235 -0.06173779 -0.0003460167 0.03076456 -0.0616805 -0.0002807023 0.0314966 -0.06245491 0.0001018384 0.03137492 -0.06264745 -9.03227e-05 0.03004759 -0.06089394 -0.001492302 0.03045492 -0.06145067 -0.0006923277 0.03021271 -0.06114234 -0.001058047 0.0301861 -0.06102562 -0.0009766968 0.03146746 -0.06251348 2.163194e-05 0.0307334 -0.06159025 -0.0001377797 0.03150977 -0.06237371 0.0002882504 0.03072411 -0.0618636 -0.000450833 0.03074842 -0.06179981 -0.000403374</float_array>
          <technique_common>
            <accessor count="6353" source="#verts-array-array" stride="3">
              <param type="float" name="X" />
              <param type="float" name="Y" />
              <param type="float" name="Z" />
            </accessor>
          </technique_common>
        </source>
        <source id="normals-array">
          <float_array count="19059" id="normals-array-array">0.7393638 -0.5256488 -0.4207548 -0.6204417 0.7585839 0.199004 -0.002079085 -0.4533543 0.891328 0.2933427 -0.9360271 -0.1944308 0.2936472 -0.9027052 -0.3144753 0.4070932 -0.7858488 -0.4655285 0.6539552 -0.7439733 -0.1372821 0.6340465 -0.6222343 -0.45914 0.6297493 -0.6207121 -0.4670464 0.6477944 -0.5959261 -0.4745888 0.6899407 -0.6325197 -0.3519953 0.7300833 -0.6679496 -0.1442974 0.732815 -0.6774411 0.06368377 0.6165437 -0.7700474 0.1640146 0.5769312 -0.8075796 -0.1223336 0.4624239 -0.843617 0.2729003 0.3146146 -0.946393 -0.07319756 0.4252808 -0.8104639 -0.4028455 0.5014376 -0.8424299 -0.1971601 0.4025879 -0.9090678 0.1073252 0.3765964 -0.9252747 -0.04518825 0.4533916 -0.8272528 -0.3317964 0.5173525 -0.6407977 -0.5672079 0.5106627 -0.6928942 -0.5090395 -0.1414646 -0.6396443 0.7555415 -0.08882738 -0.6560975 0.7494303 0.06010819 -0.8497888 0.523685 0.02334404 -0.8559501 0.5165313 0.0995013 -0.9637886 0.2474088 -0.01772734 -0.9179121 0.3963875 0.02929602 -0.9637807 0.2650821 0.1218811 -0.9916526 0.04207381 0.1008731 -0.9714949 0.2145279 0.06321475 -0.9979857 0.005325577 0.1613755 -0.9746848 -0.15475 0.03557418 -0.9974619 0.06167909 -0.061133 -0.9627842 0.2632666 0.04163293 -0.2389939 0.9701281 -0.6642072 0.7475431 -0.002847364 -0.7014084 0.712639 -0.01310865 0.5315029 -0.4352111 -0.7267021 -0.2406326 -0.5080641 0.8270229 -0.2125227 -0.5226768 0.8256168 0.1797976 -0.8649195 0.4686012 0.3031071 -0.9005318 0.3117187 0.2984766 -0.5252272 0.7968991 0.8707037 -0.4616649 -0.1695305 0.1245015 -0.1723346 0.9771388 0.2881628 -0.3091095 0.9063187 0.4223304 -0.4307498 0.7975535 0.4307489 -0.6470428 0.6291192 0.7010744 -0.6558371 0.2799505 0.6391455 -0.6048256 0.475057 0.5405126 -0.7333002 0.4124524 0.6372204 -0.6066972 0.4752564 0.5420906 -0.5332123 0.6494785 0.3432596 -0.7806733 0.5222279 0.2263047 -0.6886252 0.6888988 0.4825683 -0.6773875 -0.5552243 0.5420579 -0.7069691 -0.4542775 0.5597247 -0.720147 -0.4099957 0.529466 -0.676496 -0.5118778 0.5048498 -0.7778372 -0.374294 0.5420733 -0.7069718 -0.4542548 0.575095 -0.7227904 -0.3831967 0.5956143 -0.660905 -0.4565613 0.5973902 -0.653743 -0.4644837 0.6161066 -0.6526674 -0.4409512 -0.04034205 -0.2488507 0.9677013 -0.2960218 -0.5255619 0.7975937 -0.2475182 -0.6714501 0.6984908 0.5306506 0.8475127 0.01149799 -0.8295336 -0.5362776 -0.1558216 0.7046584 0.709051 0.02652012 -0.5507473 -0.7140515 -0.4322128 -0.5376039 -0.7174031 -0.4430744 -0.4879707 -0.8517338 -0.1908774 -0.3469401 -0.9332392 -0.09325854 -0.4592806 -0.8273904 -0.3232436 -0.2919256 -0.9366065 -0.1937722 -0.4285647 -0.8061237 -0.4080403 -0.504459 -0.7786272 -0.3731766 -0.5294589 -0.677133 -0.5110423 -0.5100118 -0.694695 -0.5072345 -0.5150495 -0.6487831 -0.5601825 -0.4611369 -0.824444 0.3280928 -0.5347041 -0.8385558 0.1044786 -0.4421356 -0.884113 0.1511962 -0.5878726 -0.7889044 -0.1789852 -0.628438 -0.618623 -0.4715626 -0.629245 -0.6198 -0.4689336 -0.6576045 -0.7393956 -0.1443967 -0.6147489 -0.6550868 -0.4392551 -0.5924015 -0.6564384 -0.4670643 -0.593797 -0.6559342 -0.4659994 -0.5737546 -0.727791 -0.3756672 -0.564618 -0.7049645 -0.4292222 -0.6446474 -0.5982661 0.4759279 -0.6477101 -0.5964346 0.4740647 -0.5407457 -0.7330645 0.4125657 -0.7121633 -0.6442915 0.2787686 -0.6171567 -0.7694665 0.1644348 -0.7445436 -0.6645068 0.06391748 0.1152804 -0.7315242 0.6719991 0.1354056 -0.6510338 0.7468736 0.2025848 -0.555174 0.8066853 0.03816036 -0.593692 0.803787 -0.2252654 -0.7874576 0.5737299 -0.3701483 -0.9246608 0.08940182 -0.2626901 -0.918835 0.2945099 -0.1687885 -0.8804364 0.4431052 0.05333538 -0.5375078 0.8415704 0.4044194 0.3497821 0.8450428 -0.006498721 -0.4397644 0.8980897 0.8571933 0.5149897 -0.002290138 -0.6478665 -0.5866316 -0.4859345 -0.4300215 -0.422899 0.7976452 -0.430944 -0.6468112 0.6292238 -0.5503282 -0.5247782 0.6494203 -0.364241 -0.7672613 0.5278623 -0.1355494 -0.169866 0.9761004 -0.2948998 -0.3051844 0.9054814 -0.4304636 -0.4208828 0.7984728 -0.1684176 -0.977392 -0.1278296 -0.1065859 -0.9942219 -0.01273616 0.2473995 -0.8534947 0.4586287 0.188163 -0.9108857 0.3672627 0.1411561 -0.8919889 0.4294541 -0.2906878 -0.9031651 -0.315901 -0.4086277 -0.7838891 -0.467484 -0.4764956 -0.6892414 -0.5458006 -0.2579788 -0.9642978 0.05980459 -0.1500334 -0.9716061 0.1829526 0.1135704 -0.9023609 0.4157483 0.2159978 -0.8480906 0.4838256 -0.1679542 -0.9469308 0.2740684 -0.6621977 -0.5772956 -0.477728 -0.7024952 -0.6173211 -0.3541402 -0.7419781 -0.6546498 -0.1445759 0.476267 -0.6766872 -0.5614839 0.4625182 -0.1018304 -0.8807426 0.4592273 -0.6267233 -0.6295461 0.5503457 -0.474714 -0.6868524 -0.9455045 -0.1837829 -0.2687846 0.5950243 -0.7182124 -0.3607174 0.4916474 -0.4213591 -0.7620625 0.5162352 -0.7754854 -0.3634882 0.5102785 -0.3209851 -0.7978624 -0.06006164 0.4086504 -0.9107126 -0.1051978 0.2352679 -0.9662207 -0.07677543 0.1756858 -0.9814479 -0.1132984 -0.06324445 -0.9915461 -0.08053321 0.1036417 -0.991349 -0.1152406 0.1746589 -0.9778619 0.543332 -0.6694503 -0.5065833 0.5512473 -0.6457721 -0.5283038 0.5827177 -0.3658486 -0.7256686 0.4437497 0.5687645 -0.6925266 0.4923144 0.5974932 -0.6329521 0.3887977 0.7681939 -0.5086398 0.3088692 0.3149355 -0.8974494 0.5588591 -0.647984 -0.5174874 0.5570585 -0.6472267 -0.5203685 0.5556883 -0.4467861 -0.7011367 0.1121435 0.9687232 -0.2213575 0.3976274 0.6349352 -0.6623819 0.263092 0.8924178 -0.3665694 0.6098637 0.008629174 -0.7924594 0.6202004 0.1767563 -0.76427 0.5524082 0.3034105 -0.7763937 0.5686892 0.4038309 -0.7165983 0.5393983 -0.6065997 -0.5840259 0.5660026 -0.4906691 -0.6624839 0.6130314 -0.27241 -0.7416099 0.6180168 -0.2807168 -0.7343387 0.6345373 -0.04794706 -0.7714036 0.5151685 -0.6193765 -0.5924307 0.5259318 -0.6346462 -0.5662332 0.4849753 -0.7243991 -0.4899437 0.5206937 -0.7180852 -0.4617701 0.5152845 -0.2068121 -0.8316914 0.447256 0.009282267 -0.8943578 0.3477603 0.04084376 -0.9366934 0.5765933 -0.6432486 -0.5037573 0.5195195 -0.4653502 -0.7166231 0.6108957 -0.6661117 -0.4279038 0.5560633 -0.5526174 -0.620812 0.6187387 -0.650358 -0.4406778 0.5677709 -0.660045 -0.4919114 0.5731642 -0.6479702 -0.5016148 0.5658648 -0.6369284 -0.5235639 0.397784 -0.3220245 -0.8591089 0.536441 -0.453904 -0.7114789 0.3744143 -0.2671646 -0.8879398 0.3859029 -0.1832772 -0.9041507 0.3575334 0.2222094 -0.9070793 0.2499448 0.4214335 -0.8717347 0.2116759 0.272327 -0.9386327 0.02185804 0.2445258 -0.9693964 0.2435923 -0.1172488 -0.9627645 0.252901 0.0483557 -0.966283 0.1117465 0.2830788 -0.9525645 0.1168425 -0.06218181 -0.9912019 0.2154484 -0.1450983 -0.9656752 0.1093344 0.02217376 -0.9937577 0.1092655 0.02200123 -0.9937691 0.2010678 0.7747281 -0.5994732 0.3040068 0.7725582 -0.5574349 0.2516526 0.658211 -0.7095275 0.3785344 0.4475657 -0.8101831 0.4854727 0.1964968 -0.8518834 0.5551587 -0.07159205 -0.8286576 0.5684661 -0.5602662 -0.6024517 0.6218433 -0.5267598 -0.5795128 0.7910082 0.6029876 0.1034987 0.005990845 0.1080762 0.9941246 0.2251124 0.9658889 -0.1279964 -0.09320799 0.09315707 0.991279 0.7537643 0.6421983 0.1393582 0.8293353 0.5229899 0.1966841 0.6371028 0.648622 0.4164006 0.7433981 0.638124 0.2003921 0.5767494 0.7839257 0.2298275 -0.1124369 0.1910701 0.9751155 -0.1240709 0.196003 0.9727226 0.406597 -0.1030365 0.9077788 0.3027223 0.8558586 0.4193628 0.3676571 0.8939972 0.2561195 0.1217454 0.9505895 0.2855831 -0.3997958 0.7235429 0.5627157 -0.4838743 0.6700525 0.5629345 -0.2583106 0.5169312 0.8161236 0.02329374 -0.9581247 -0.2854024 0.9556591 0.1204471 0.268716 -0.216743 0.8752402 0.4324084 0.8424774 0.1159058 0.5261157 -0.5342328 0.5580104 0.6349959 -0.03344811 0.5169025 0.8553905 0.04440591 0.6267231 0.7779757 -0.1366181 0.7299988 0.6696546 -0.6244232 0.6379432 0.450693 -0.6232027 0.7117799 0.3240183 -0.6435893 0.6832804 0.3448489 0.03284729 0.8470121 0.5305578 0.0586356 0.7201114 0.6913765 0.2974788 0.7374297 0.6063859 -0.3665497 0.7839487 0.5010646 -0.2266363 0.8759479 0.4258535 0.5807382 0.1171935 0.8056108 0.3021219 -0.8867176 -0.3499346 -0.1195316 -0.9878509 0.0993114 0.7827403 0.002043215 0.6223451 0.1360779 -0.8381107 -0.5282549 0.2256349 -0.7853874 -0.576416 0.1470676 -0.8763315 -0.4587094 0.8723093 0.4616481 0.1611131 0.8175356 0.436309 0.375859 0.7029079 0.3967475 0.590349 -0.04922529 0.9285621 -0.3678984 0.9869319 0.1333038 0.09052971 0.9445706 0.3023977 0.1278356 -0.05521867 0.09506679 0.9939382 9.109612e-05 0.1663253 0.9860709 0.2215464 0.2198249 0.9500496 0.02561924 0.3708953 0.9283212 0.04265464 0.416054 0.908339 0.04442836 0.4267773 0.9032648 0.04345483 0.4290149 0.9022516 0.04375755 0.430581 0.9014906 0.0445068 0.4296979 0.9018752 0.04365644 0.4311447 0.901226 0.0415376 0.4301612 0.901796 -0.01177774 0.4228138 0.9061401 0.00501095 0.4719964 0.8815862 -0.1027323 0.4920993 0.8644561 -0.267385 0.7696706 0.5797521 -0.9261264 0.08068267 0.3684836 0.09095838 0.2704242 0.9584348 -0.2720988 0.3395504 0.9003709 -0.4072523 0.4581361 0.7900993 -0.06106285 0.3839497 0.9213327 0.3822452 0.304336 0.8725069 0.5603947 0.3629973 0.7444399 -0.3516447 0.9113067 0.214164 -0.489739 0.847141 0.2061745 -0.4794575 0.8429533 0.2440291 -0.5468976 0.8028981 0.237187 -0.5321498 0.7970152 0.2856279 -0.5869178 0.7642995 0.2671589 -0.6090447 0.7480507 0.2635997 -0.6305319 0.7261438 0.2741254 0.2261336 0.4608713 0.8581732 0.3811442 0.5321866 0.7559805 0.5192653 0.5837266 0.624201 -0.08985824 0.9558161 0.2798949 -0.3963527 0.03720834 -0.917344 0.2662766 -0.5406329 -0.7980055 0.266149 -0.5561644 -0.7873029 -0.732026 0.5576816 -0.3913174 -0.7181327 0.5491204 -0.4274952 -0.6373934 0.4128225 -0.6506207 0.1151694 -0.3021295 0.9462842 0.2387169 -0.5191977 -0.8206388 0.1189242 -0.3654853 -0.9231888 0.3165584 -0.1165994 0.9413795 0.1216017 -0.3639575 -0.9234436 0.06234596 -0.006508466 0.9980334 -0.6738272 0.5596757 -0.4824106 -0.6428962 0.4852269 -0.5926544 -0.6373214 0.469419 -0.6111197 -0.8822705 -0.008780722 -0.4706609 -0.9943588 0.003568701 -0.1060088 0.3409492 -0.3900998 0.855322 -0.1174443 0.7037585 0.7006645 -0.7055502 0.7072501 0.04467909 -0.6560629 0.7432014 0.1312746 -0.300825 -0.05921405 -0.9518393 0.3143192 -0.6415762 -0.6997024 -0.646474 0.7514772 0.131732 -0.6353974 0.4514878 -0.6264415 -0.6857903 0.5753337 -0.4457385 -0.6802205 0.5580774 -0.4752365 -0.3985512 0.04350666 -0.9161136 -0.6412471 0.602018 -0.4757903 -0.6430603 0.4852198 -0.5924822 -0.6511475 0.4726902 -0.5937768 -0.691044 0.6024236 -0.3994297 -0.2943633 -0.09295533 -0.9511622 -0.5849892 0.8061196 0.08921215 -0.6560162 0.1947612 -0.729185 -0.6239651 0.5652045 -0.5396401 -0.3796912 0.01645324 -0.9249669 -0.285612 -0.06989942 -0.9557928 -0.5843437 0.809322 0.05950008 -0.3562555 -0.4603583 -0.8131127 -0.3066809 -0.07153585 -0.9491203 -0.4467405 -0.0649281 -0.8923045 -0.1443793 -0.4428935 -0.8848729 -0.5286999 0.1687496 -0.8318654 -0.6688463 0.5396702 -0.5112736 -0.7769686 -0.4831986 -0.4035331 -0.3205705 -0.5762695 -0.7517633 -0.7162055 0.6967483 -0.0398929 -0.7423225 0.6250229 -0.2414615 -0.0413323 0.4235329 0.9049373 -0.2714056 0.5381817 0.7979345 -0.2757887 0.5572564 0.7832023 0.1283536 0.2787984 0.9517336 -0.5155866 0.6719228 0.5316861 0.2683048 0.1713066 0.9479803 -0.7374402 0.6154101 -0.2783026 -0.8384426 0.1073663 -0.5343093 -0.8169681 0.05855806 -0.5737021 -0.7637287 0.0509103 -0.6435267 -0.7450752 0.120543 -0.6559972 -0.6867655 0.09375872 -0.7208069 0.1194188 -0.3624018 -0.9243398 0.1186588 -0.3619193 -0.9246267 0.007590885 -0.057859 0.9982959 0.1191971 -0.362195 -0.9244495 0.1186535 -0.3619345 -0.9246214 0.1171511 -0.3631381 -0.924341 0.3151362 0.04782596 0.9478406 0.4003827 -0.07037608 0.9136415 1.109336e-31 -4.437343e-31 -8.874685e-31 0.1888229 -0.3602684 -0.9135385 0.7235182 -0.680533 0.1157421 0.2297774 -0.4592442 -0.8580775 0.745955 -0.6396392 0.1855069 0.2927669 -0.5269903 -0.7978526 0.6684643 -0.5883798 0.4549338 0.390281 -0.5096576 -0.7667658 -1.915314e-28 4.540002e-28 8.93813e-28 0.6328689 -0.3467023 0.6922966 -0.04851772 0.3569967 0.9328448 0.6311694 -0.3461224 0.6941357 0.4098504 -0.1267654 0.9033013 0.1158891 -0.4212385 -0.8995153 0.07193474 -0.3945943 -0.9160353 -0.09521197 -0.2776253 -0.9559597 -0.2534079 0.5058265 0.824575 0.7083555 -0.3992593 0.5820863 0.7376599 -0.6750052 0.01502731 -1.791948e-29 4.479869e-29 8.959738e-29 0.1175291 -0.3610785 -0.9250996 -0.6939298 0.4532757 -0.5594664 -0.6847159 0.521791 -0.5088205 0.2318456 0.01535341 0.9726314 0.5684453 -0.3743156 0.7326376 0.6019186 -0.392669 0.6953453 0.4370884 -0.3282505 0.83738 0.1558174 0.03407069 0.9871981 -0.9190428 0.3805223 0.1027772 0.1622429 -0.01694001 0.9866054 0.1184879 -0.3618909 -0.9246597 -0.6146583 0.3933259 -0.6837323 -0.03780246 -0.2963979 -0.9543161 0.3889593 -0.6620797 -0.6405943 0.1493752 -0.4361731 -0.8873782 0.2660564 0.05420792 0.9624321 0.2671739 0.05316358 0.9621807 0.2716642 0.02567705 0.9620495 0.2705786 0.02615316 0.9623426 -0.7103415 0.6381182 -0.2970187 -0.6493937 0.750372 0.1234087 -0.5539864 0.2352734 -0.7985897 -0.4193685 0.07625624 -0.9046077 -0.3990727 0.01224085 -0.9168376 -0.3990834 0.01270077 -0.9168267 0.2407226 -0.5715573 -0.7844584 -0.6844698 0.3450347 -0.6422243 -0.6865313 0.4178649 -0.5950326 0.2592096 0.05969966 0.9639742 0.2660245 0.02900279 0.9635299 -0.7260671 0.388545 -0.5673265 -0.1006451 -0.379544 -0.9196831 -0.5875232 0.2502892 -0.769527 -0.5897647 0.2519174 -0.7672778 0.3863753 -0.08130943 0.9187507 -0.9882636 0.1391654 -0.0629931 -0.9285 -0.1298634 -0.3478841 -0.8447216 0.1095334 -0.5238777 0.9369596 0.30136 0.1768866 0.08769997 0.1572243 0.9836611 0.8660872 0.4754131 0.1545167 0.1970908 0.1034191 0.9749152 0.8065549 0.5843292 0.08960263 0.05090342 0.03481652 0.9980965 0.7397718 0.6427798 0.1989265 0.1136928 0.09875539 0.9885956 0.3543428 0.2441283 -0.9026863 0.1955493 0.1142966 -0.9740107 0.7332255 0.6795391 0.02463655 0.7226573 0.6743127 0.1518842 0.7115314 0.7017037 0.03653728 0.7546463 0.6470549 -0.1087607 0.8238019 0.5508196 -0.1339705 0.731538 0.6549861 -0.1893288 0.6592251 0.4495822 -0.6027421 0.3658073 0.2542149 -0.8952987 0.5017717 0.3909985 -0.7715862 0.6150436 0.510659 -0.6007901 0.2180086 0.1061608 -0.9701557 0.2181713 0.1044519 -0.9703046 0.7869099 0.6145938 0.05520171 0.8196957 0.5229781 0.233651 0.8196938 0.5229806 0.233652 0.8778096 0.478878 -0.01123018 0.9269749 0.375123 -0.0005555527 0.9079543 0.364892 -0.2060893 0.89092 0.4305776 0.1444455 0.8959243 0.4253238 0.1281374 0.9165563 0.3791181 0.1272556 0.8404317 0.3461901 -0.4169256 0.7299878 0.3044208 -0.6119197 0.5846529 0.239674 -0.7750725 0.5799199 0.2443732 -0.7771581 0.2092624 0.03488137 -0.9772372 0.2190653 0.07191554 -0.9730563 0.4063189 0.163017 -0.899072 0.9985257 0.05294649 0.01196414 0.9958472 0.08653353 0.02828844 0.9586707 0.2731277 0.07969782 0.5006642 0.8279094 0.2527874 0.5230778 0.8299816 0.193701 0.6864238 0.7029481 0.1862427 0.393237 0.9133328 0.1057725 0.4012504 0.9091584 0.1114864 0.5581908 0.8226533 0.1080025 0.6661637 0.7367479 0.1158811 0.7021833 0.7010484 0.1243772 0.5350138 0.8270769 0.1723485 0.6844614 0.7178856 0.1270941 0.6094166 0.7784755 0.1502909 0.7854362 0.6136999 0.0803898 0.3852214 0.9158223 0.1134637 0.715469 0.6900777 0.1090727 0.5535912 0.8233392 0.1250976 0.3980415 0.8948958 0.2018031 0.2724007 0.9422755 0.1947172 0.5692199 0.8135921 0.118561 0.5850564 0.8071473 0.07888127 0.5465096 0.8267579 0.1334116 0.493108 0.8235179 0.2804689 0.43489 0.8567414 0.2772453 0.5733053 0.8171971 0.05924493 0.8538908 0.501723 0.1383634 0.7230519 0.6701349 -0.1676755 0.7678261 0.5742594 -0.2840231 0.7587725 0.4180456 -0.499502 0.8482005 0.5223647 0.08769854 0.9854901 0.1668808 0.03098471 0.9309285 0.3596955 0.06317579 0.977839 0.2089674 -0.012787 0.9931519 0.1148438 -0.02145306 0.9991551 0.04056428 0.006602029 0.8998329 0.4352551 0.02921817 0.9686926 0.2456616 0.03584828 0.787719 0.6118935 0.07131026 0.8472151 0.5259343 0.07496477 0.7897474 0.6092672 0.07136122 0.9985426 0.05357098 0.006551373 -0.7265885 0.6786397 0.1073191 -0.8612565 0.5062656 0.04395994 -0.8649344 0.4864679 -0.1234397 -0.2314415 0.1300607 -0.9641157 -0.5537494 0.3815054 -0.7401454 -0.6517812 0.3918981 -0.6493051 -0.7081581 0.3701112 -0.6012735 -0.8379651 0.06567907 -0.5417571 -0.9146412 0.1806623 -0.3616526 -0.9647141 0.2607309 -0.03668841 -0.8012895 0.2415012 -0.5473686 -0.9220864 0.2717342 -0.2755309 -0.9643665 0.2614235 -0.04068137 -0.8156015 0.4837293 -0.3174904 -0.7484625 0.485337 -0.4519423 -0.7014564 0.517748 -0.4897916 -0.5876341 0.7871906 0.1871284 -0.6116212 0.7740418 0.163642 -0.7418263 0.6689335 -0.0471358 -0.575844 0.8000954 0.1680804 -0.6038301 0.7845296 0.1410765 -0.7433807 0.6680276 0.03353005 -0.6122014 0.7743865 0.1597967 -0.6076041 0.776172 0.1684464 -0.7163877 0.6800451 0.1559724 -0.6622334 0.719454 0.2093629 -0.7170702 0.6969741 0.006123688 -0.7219783 0.6895521 -0.05714292 -0.6262368 0.5246214 -0.5767147 -0.6964338 0.6967118 -0.1719666 -0.5962483 0.5250359 -0.6073099 -0.1820134 0.1382222 -0.9735326 -0.3446212 0.2876956 -0.8935701 -0.6532438 0.7280788 0.2077829 -0.6429002 0.7478747 0.1654172 -0.6329756 0.7577316 0.1586971 0.8284732 0.4725852 0.3004918 0.7704384 0.5345197 0.3474383 0.8027262 0.4644212 0.3740903 0.06849457 0.9953509 0.06771376 0.03166111 0.9991891 0.024876 0.05289918 0.9981096 0.03128647 0.02160753 0.9997063 0.01097798 0.05820278 0.9983027 0.002040672 0.1305152 0.9913847 0.01105294 0.09725345 0.9950762 0.01910789 -0.9073793 0.1034379 0.4073861 -0.8682493 0.2658686 0.4188758 -0.7946821 0.4820169 0.3689715 0.4783742 0.5522755 0.6827517 0.4993487 0.5309851 0.6846209 0.5099285 0.5098444 0.6928431 0.7788249 0.5569301 0.2885493 0.8384473 0.4657295 0.2830232 0.8877407 0.3343515 0.3164263 0.887372 0.3588666 0.2894577 0.1008998 0.9939781 0.04274101 0.1006915 0.993908 0.04481211 0.1223025 0.98548 0.1177761 0.08448704 0.9946265 0.05983406 0.0580742 0.9981066 0.02026286 0.05584867 0.9972577 0.04855857 -0.1239683 0.9870096 0.1021958 -0.1258359 0.9844732 0.1223843 -0.1288699 0.9853041 0.1121091 -0.484318 0.8652258 0.1296937 -0.7681594 0.6319387 0.1028815 -0.6497669 0.7474455 0.1383045 -0.6188377 0.7480439 0.2397295 -0.5200805 0.814955 0.2556652 -0.7548495 0.6372152 0.1554319 -0.6509478 0.6698483 0.3571698 -0.550309 0.7119919 0.4361507 -0.6269743 0.6717899 0.3944636 -0.6377826 0.6560722 0.403488 0.7467921 0.577475 0.3298851 0.7289827 0.6146308 0.3013521 0.781214 0.5534284 0.2888282 0.6842128 0.6289828 0.3690982 0.7024833 0.6247251 0.3409336 0.7573602 0.5720195 0.3149593 0.5531007 0.7348696 0.3924873 0.7434855 0.587534 0.3194261 0.7320386 0.6109284 0.3014731 0.6381655 0.6530643 0.4077399 0.6356858 0.6836063 0.3585888 0.6591339 0.7486641 0.07102505 0.6499978 0.6695536 0.3594451 0.651449 0.655631 0.3817881 0.6749007 0.6460316 0.356584 0.5615679 0.7943213 0.2317222 0.5902181 0.7666374 0.2528034 0.6198478 0.7474448 0.2389875 0.5989933 0.7492569 0.2825264 0.6159174 0.7228331 0.3133018 0.5565343 0.6701454 0.4910954 0.6553336 0.639428 0.4020816 0.6320808 0.6976485 0.337284 0.6211297 0.7105298 0.330674 0.6392569 0.7272108 0.2500299 0.5297641 0.8092851 0.2537867 0.6380322 0.7298365 0.2454662 0.5793946 0.7525057 0.3131089 0.6551461 0.7160268 0.2410169 0.6552807 0.7114528 0.2538545 0.6352283 0.7301083 0.2518468 0.7155327 0.6462143 0.2653677 0.5942952 0.7589071 0.2662202 0.7331151 0.5650927 0.3784343 0.6126416 0.7287576 0.3059129 0.6268308 0.6890323 0.3637549 0.6745633 0.6939416 0.2518121 0.6888434 0.6838286 0.2405686 0.669311 0.6562467 0.348372 0.6947848 0.6828616 0.2257744 0.6996567 0.6728769 0.2402438 0.7328209 0.6014564 0.3181568 0.7149681 0.5880702 0.3781456 0.7178767 0.6325006 0.2908541 0.7133702 0.6537717 0.25236 0.7138783 0.6657974 0.2170062 0.712133 0.6652263 0.2243669 -0.6133985 0.7230869 0.317628 -0.595931 0.7524775 0.2804352 -0.6347984 0.6967515 0.3340184 -0.6411876 0.6882074 0.3394835 -0.6097729 0.7366911 0.2923409 -0.5270444 0.8301533 0.1818506 -0.6655585 0.6755832 0.3172054 -0.5609184 0.7922111 0.2403583 -0.6432022 0.7201464 0.2601541 -0.6117533 0.7462649 0.2623864 -0.6707326 0.7039278 0.2336738 -0.5685125 0.757849 0.3200911 -0.6428955 0.7194481 0.2628305 -0.6583871 0.7070331 0.2581292 -0.6547816 0.6596256 0.368992 -0.7129372 0.6191574 0.3291877 -0.6382543 0.6580854 0.3994433 -0.7948928 0.5357569 0.2847979 -0.6700892 0.6503546 0.357798 -0.813605 0.4929554 0.3082886 -0.7441501 0.5857733 0.3211078 -0.6537747 0.7389853 0.1627247 -0.7050044 0.6302572 0.325184 -0.7333937 0.5989994 0.3214551 -0.8832309 0.335126 0.3280148 -0.7072855 0.6139481 0.3504497 -0.7215195 0.6072958 0.3325678 -0.70877 0.6657245 0.2333578 -0.7124168 0.6514492 0.2609142 -0.6636276 0.6234882 0.4133532 -0.7075663 0.6647842 0.2396077 -0.7248065 0.6129908 0.3144803 -0.7283875 0.6182748 0.2952759 -0.7442396 0.5807932 0.3298283 -0.6673268 0.7039272 0.2432313 -0.6713595 0.6964252 0.2535122 -0.6182225 0.6927477 0.3713509 -0.6865385 0.6844216 0.2454219 -0.6986598 0.6686627 0.2544891 -0.7067137 0.6634195 0.2458258 -0.4764796 0.8578645 0.1924466 -0.6545273 0.7376283 0.1658269 -0.4229176 0.8973422 0.1261652 -0.4752587 0.8724941 0.113504 -0.3777389 0.9167283 0.1300865 -0.5543523 0.8093822 0.1938915 -0.4182283 0.8781656 0.232186 -0.457536 0.8462843 0.2728804 -0.4467328 0.8480482 0.2850334 -0.3770996 0.9076326 0.1843882 -0.566862 0.8169412 0.1061813 -0.5516695 0.8274984 0.1044372 -0.4187248 0.8698632 0.2607827 -0.3992563 0.9019454 0.1645873 -0.3976861 0.9020921 0.1675579 -0.3179797 0.9344337 0.1603825 -0.3512386 0.9236841 0.1530986 -0.2930346 0.9456684 0.1408616 -0.2418156 0.9480875 0.2065316 -0.2030638 0.9619133 0.1829971 -0.2698429 0.961691 0.04832339 -0.1893209 0.9704551 0.1495812 -0.1823999 0.983123 -0.01412488 -0.203069 0.9619133 0.1829911 -0.06305205 0.9973194 0.03712768 -0.06702391 0.9935455 0.09151535 -0.06576911 0.9976086 0.02124703 -0.06843257 0.9872201 0.1439214 -0.07298309 0.9948267 0.07066339 -0.1001148 0.9939288 -0.04563419 -0.1239675 0.98701 0.1021922 -0.05664899 0.9964396 -0.06244182 -0.02906696 0.9948656 0.09694129 -0.02759224 0.940641 0.3382798 0.0119029 0.9956312 0.09261143 0.004247654 0.9847878 0.1737096 0.0004088611 0.9944743 0.1049791 -0.004244871 0.9844133 0.1758191 -0.01277915 0.9954297 0.09463852 -0.01724665 0.9983935 0.05397176 -0.021868 0.9903096 0.1371446 -0.02759181 0.9406407 0.3382805 0.03804695 0.9940169 0.1023853 0.02004307 0.9691585 0.2456218 0.01719548 0.9879046 0.1541067 0.05858323 0.9979019 0.02756336 0.057555 0.9901281 0.1278035 0.04223654 0.9878606 0.1494911 0.1004282 0.9927734 0.06568996 0.1635891 0.9847858 0.05861378 0.2710469 0.9540429 0.1278111 0.2164016 0.969172 0.1177964 0.2438526 0.9480567 0.2042655 0.1836893 0.981604 0.05207533 0.3073381 0.9486355 0.07505985 0.2776741 0.9581597 0.06947697 0.31088 0.9164513 0.2519338 0.2720944 0.9536354 0.128624 0.3521392 0.9040831 0.24214 0.3606571 0.9028151 0.2342037 0.3611947 0.8993017 0.2465662 0.3929471 0.9165244 0.07466971 0.3474397 0.8938499 0.2834042 0.3916753 0.9200905 -0.004896051 0.4300503 0.8686386 0.2460156 0.4199899 0.890345 0.1757676 0.5196318 0.8422913 0.1432765 0.4593949 0.8825228 0.1005478 0.412193 0.9020442 0.1281142 0.5189687 0.8331871 0.1909732 0.5888861 0.7929509 0.1563394 0.4594854 0.877802 0.1354138 0.6190336 0.7672523 0.167694 0.6136792 0.7701131 0.1741368 0.587472 0.7887478 0.1809792 0.6594647 0.7265158 0.1930831 0.6359901 0.7532676 0.1676439 0.6255744 0.7640674 0.1576635 0.688004 0.7094879 0.1525695 0.6594558 0.7265231 0.1930861 0.8748299 0.4006036 0.2723772 0.8768128 0.408858 0.2530503 0.9605654 0.1808051 0.2112432 0.9422505 0.2617111 0.2089768 0.9596987 0.231487 0.1593492 0.9445789 0.2804083 0.1707102 0.9225434 0.2302518 0.3096738 0.9283198 0.3367848 0.157475 0.8569737 0.306041 0.4146506 0.9040317 0.1421991 0.4031204 0.8016459 0.3465916 0.487071 0.7580427 0.5279081 0.3829938 0.7626977 0.5015466 0.4083421 0.7578493 0.5273805 0.3841019 0.7235855 0.45928 0.5152532 0.7235861 0.4592661 0.5152649 0.7029545 0.5437513 0.4584642 0.7397895 0.3792436 0.555775 0.7095379 0.4912346 0.5052173 0.7089029 0.4663963 0.5290852 0.7171029 0.4878073 0.4978026 0.6588154 0.5672798 0.4941214 0.631286 0.4854007 0.604867 0.6417593 0.4302338 0.6348573 0.7625464 0.2453698 0.5985956 0.6459172 0.2501491 0.7212603 0.6423802 0.362797 0.6750748 0.5688368 0.5171701 0.6394997 0.5905816 0.5441205 0.5959415 0.6276493 0.4844831 0.6093705 0.4990315 0.4938019 0.7121286 0.4675352 0.3332059 0.8187702 0.4259471 0.5348639 0.7297189 0.3736206 0.4738956 0.7973899 0.352295 0.5288681 0.7721313 0.3457597 0.5441766 0.7644096 0.2627842 0.5371755 0.8014905 0.3124383 0.3091827 0.898214 0.3457604 0.5441756 0.76441 0.2005161 0.5281136 0.8251602 0.2005187 0.5281092 0.8251623 0.1842005 0.5334234 0.8255481 0.2106451 0.4931911 0.8440327 0.2051675 0.4952533 0.8441745 0.142735 0.2928647 0.9454401 0.09000814 0.5343062 0.8404852 0.06354533 0.4778049 0.8761646 0.05654441 0.4769513 0.877109 -0.003312713 0.5238071 0.8518305 0.001986268 0.3613807 0.9324162 -0.07224775 0.5550124 0.8286987 -0.08800155 0.5270222 0.845283 -0.09053332 0.5416952 0.8356853 -0.2367867 0.4399716 0.8662315 -0.2464361 0.4293255 0.8688779 -0.1852903 0.5355503 0.8239256 -0.1437315 0.2695541 0.9521984 -0.3826741 0.4874224 0.7848439 -0.3886142 0.4783759 0.7874868 -0.3556487 0.5303191 0.7695945 -0.3349261 0.3107036 0.8895436 -0.2608248 0.5318291 0.8056849 -0.2287646 0.5446193 0.8068808 -0.2269742 0.5461562 0.8063474 -0.3761473 0.5331703 0.757788 -0.4257323 0.5283862 0.7345475 -0.3736854 0.5354805 0.757377 -0.5164844 0.5096112 0.6881426 -0.5143724 0.4995128 0.697071 -0.503376 0.5167778 0.6924979 -0.4994111 0.5160381 0.6959117 -0.4975831 0.3201932 0.8061559 -0.5694615 0.5391697 0.6204915 -0.6253962 0.4857036 0.610714 -0.62261 0.4928943 0.6077927 -0.6054321 0.543635 0.5813028 -0.6246181 0.3250432 0.7100699 -0.5064125 0.5212693 0.686895 -0.7146653 0.4925671 0.4966198 -0.7146683 0.4925567 0.4966258 -0.6999098 0.5133687 0.4965671 -0.7326553 0.3257272 0.5975935 -0.6384442 0.4654617 0.6129717 -0.6913185 0.5483727 0.4704956 -0.7143101 0.4933536 0.49635 -0.7019217 0.5141642 0.4928906 -0.5990293 0.5921867 0.5389609 -0.7762953 0.4942574 0.3912482 -0.7764858 0.4947433 0.3902549 -0.7551515 0.531969 0.3830863 -0.8097882 0.3312504 0.4842687 -0.7143126 0.4933267 0.4963731 -0.8652339 0.4709177 0.1720663 -0.8714654 0.4586133 0.1738443 -0.9374553 0.3179318 0.1417634 -0.9056957 0.3422663 0.2501379 -0.8524508 0.4142259 0.3189742 -0.9630146 0.2006401 0.1798511 -0.9417918 0.2451644 0.2300492 -0.9361962 0.2857278 0.204686 -0.9404101 0.2899285 0.1776804 -0.9316182 0.2420144 0.2711394 -0.9110969 0.2657627 0.3150756 -0.8718103 0.4041917 0.2767236 -0.7967352 0.5230345 0.3027339 -0.7387037 0.6260168 0.2498397 -0.8163578 0.5529119 0.1668784 0.1071568 0.7262196 0.67906 -0.03430193 0.6969804 0.7162693 -0.02670119 0.6956864 0.7178492 0.01647976 0.6885146 0.7250352 -0.04969106 0.6825101 0.729185 0.1057868 0.6290189 0.7701586 -0.009163944 0.6745544 0.7381683 -0.09625776 0.6851531 0.7220108 0.03515674 0.7427156 0.6686835 0.08198389 0.8047323 0.5879494 -0.01512997 0.715221 0.6987346 0.01674358 0.756342 0.6539621 -0.04575426 0.6932761 0.7192181 0.01101048 0.7220771 0.6917249 -0.01858061 0.7027821 0.7111625 -0.04041109 0.7387103 0.6728106 -0.1594382 0.8005339 0.5776893 0.06108333 0.7008998 0.7106394 -0.1035532 0.7320195 0.6733678 0.01330574 0.7119555 0.7020985 -0.003699784 0.7068212 0.7073826 0.003329308 0.7242531 0.6895262 -0.03377872 0.7559977 0.6537021 -0.0151546 0.814598 0.579828 -0.006087413 0.7508966 0.6603918 -0.0005017263 0.7394888 0.6731687 0.005389541 0.7543091 0.6564973 -0.1075824 0.6298287 0.7692476 0.01608901 0.6666585 0.7451897 0.03493688 0.6808168 0.73162 0.02465389 0.6824015 0.7305617 -0.01558183 0.6874197 0.7260932 0.02527143 0.6967342 0.7168841 0.0876048 0.7164946 0.69207 7.300411e-05 0.6463934 0.7630043 0.07182575 0.686694 0.7233895 0.05662869 0.6719506 0.7384277 -0.08960396 0.6802901 0.7274452 -0.005922259 0.6583671 0.7526737 -0.006988615 0.7191121 0.694859 0.00833343 0.6857898 0.727752 0.01006792 0.6607187 0.7505661 -0.09878848 0.7130741 0.6940938 -0.003223987 0.6579308 0.7530715 -0.02273618 0.6944446 0.7191869 -0.3720053 0.925165 0.07537736 -0.3347284 0.9392897 0.07544386 -0.2992368 0.9526462 0.05406064 -0.2692685 0.9621903 0.04104104 -0.2296894 0.9722261 0.04493497 -0.2023033 0.9791277 0.01955215 -0.1511788 0.9876083 0.04212896 -0.1297442 0.9915192 0.007485024 -0.242848 0.9654012 0.0950018 -0.1717826 0.9837768 0.05171054 -0.1033547 0.9943734 0.02322435 -0.04428647 0.9989923 0.007292783 0.008395273 0.9999479 0.00580673 0.0003708298 0.9999987 0.001600659 -0.0009300756 0.9999965 0.00246953 -0.007604646 0.999945 0.007217288 -0.02079684 0.9997123 0.01195435 -0.03167188 0.9990998 0.02822166 -0.06021262 0.9974541 0.03820605 -0.1170808 0.9895607 0.08403373 0.1861495 0.973533 0.1325966 0.1521056 0.9875484 0.04014999 0.1374952 0.9810507 0.1365082 0.1088574 0.9933269 0.0381011 0.08874978 0.9862876 0.139141 0.06952433 0.9968112 0.03916319 0.04242495 0.9891873 0.1403877 0.2373559 0.9704811 0.04276218 0.276333 0.9532063 0.1226288 0.3130587 0.9425394 0.1166777 -0.01120379 0.9898366 0.1417677 0.03190866 0.9987773 0.03776009 0.1907468 0.9808671 0.03892693 0.2327077 0.9640891 0.1279817 0.4005587 0.9119006 0.08938718 0.387822 0.9155115 0.1069245 0.3844209 0.9020003 0.1965097 -0.07078834 0.9966516 0.04092308 -0.008286251 0.9991935 0.03928996 -0.05917386 0.9982464 0.001621902 -0.001734755 0.9999983 -0.000583529 -0.001605884 0.9999962 0.002236949 0.04315863 0.9990562 0.004905864 0.1077604 0.9916163 0.0713078 0.06775137 0.9972436 0.03024735 0.1421927 0.9875751 0.066908 0.1702937 0.9840455 0.05152157 0.206324 0.9781165 0.02680651 -0.3525397 0.9278046 0.1220424 -0.2755498 0.952991 0.1260176 -0.1861793 0.9732416 0.1346777 -0.09050743 0.9858484 0.1411077 0.1760247 0.9752663 0.1336822 0.2142754 0.9688122 0.1244545 0.2422696 0.9655968 0.09448924 0.2762174 0.9596793 0.05215018 0.2997399 0.9525675 0.05264211 0.3566508 0.9268239 0.1174634 0.6017255 0.5891071 0.5393322 0.5707842 0.6649553 0.4817052 0.5441954 0.6025906 0.5837259 0.5170215 0.6800945 0.5197694 0.4812297 0.6127907 0.6268217 0.4579637 0.6923302 0.5576273 0.4123082 0.620533 0.6670387 0.3929171 0.702293 0.5936335 0.3374984 0.626395 0.7026551 0.3218592 0.7103404 0.6259578 0.2575128 0.6307485 0.7320133 0.2455292 0.7166244 0.6528131 0.1735868 0.6338075 0.753761 0.1653017 0.721172 0.6727453 0.5361939 0.7328292 0.4188765 0.4861774 0.7490103 0.4501279 0.4310459 0.7627878 0.4820313 0.3700037 0.7745772 0.5129595 0.3029909 0.784495 0.5410768 0.2308075 0.7924524 0.5645769 0.1549827 0.7982803 0.5820042 0.6681132 0.6213236 0.4093676 0.9469918 0.2894603 0.139353 0.4792597 0.8563742 0.1921806 0.4134658 0.9017562 0.1260232 0.3598749 0.9299953 0.07482549 0.3421914 0.9355251 0.0877374 0.3158581 0.9364202 0.1528101 0.2935173 0.9348655 0.199685 0.4399968 0.8774824 0.1908601 0.4942734 0.8281333 0.2643655 0.5405718 0.774181 0.3292809 0.5825597 0.71339 0.3894855 0.6205599 0.6458857 0.4446763 -0.761053 0.5581827 0.3305003 -0.4866518 0.6189702 0.6164786 -0.2622026 0.6474722 0.7155624 -0.3301348 0.6318808 0.70124 -0.4148691 0.6364035 0.6502877 -0.5709959 0.6643177 0.4823336 -0.4569674 0.6921185 0.5587064 -0.3168527 0.713477 0.6249439 -0.1813949 0.7229215 0.6666936 -0.1731981 0.6338862 0.7537842 -0.5362854 0.7323575 0.4195836 -0.4298888 0.7627447 0.4831317 -0.3015341 0.7844409 0.5419684 0.4975709 0.7932523 0.3509616 0.4512283 0.8097768 0.3750395 0.4000121 0.8244302 0.4003813 0.3431045 0.8374176 0.4254539 0.2804687 0.8486268 0.4485197 0.212999 0.8577468 0.4678695 0.142385 0.8644391 0.482153 0.07083982 0.8684703 0.4906537 -0.01781299 0.8694102 0.4937697 -0.1422025 0.8640925 0.4828278 -0.2790678 0.8486424 0.4493631 -0.3987205 0.8245504 0.4014208 -0.497494 0.7929825 0.3516795 0.4544876 0.8461625 0.2782986 0.4066032 0.8914078 0.2001649 0.4116791 0.8622917 0.2949126 0.3667678 0.9062827 0.2100786 0.364338 0.8770261 0.313182 0.3232907 0.9201545 0.2209044 0.3117104 0.8903875 0.3317329 0.2751664 0.93287 0.2324585 0.2538417 0.902081 0.3490191 0.2225789 0.9440264 0.24346 0.1917504 0.9116309 0.3635393 0.166685 0.9530783 0.2527013 0.127278 0.9185931 0.3741484 0.1094414 0.9595725 0.2593129 0.06280982 0.922719 0.3803217 0.05334511 0.9633225 0.2629905 -0.01602581 0.9237003 0.3827806 -0.01391816 0.9642152 0.2647551 -0.1276407 0.9182357 0.3749014 -0.1105119 0.9592122 0.2601903 -0.2526134 0.9021406 0.3497554 -0.2216971 0.9440725 0.244085 -0.3629416 0.8772956 0.3140476 -0.3218789 0.9205007 0.221523 -0.4541682 0.8461321 0.2789116 -0.4056154 0.8915448 0.2015539 -0.9658326 -0.246085 -0.08129904 -0.9918155 0.03294283 0.1233562 -0.9798841 0.1261352 0.1546514 0.7275389 0.605077 -0.3233712 0.8804375 0.2582904 -0.3976379 0.8671514 0.3516751 -0.3526657 0.8865413 0.1325235 -0.4432629 0.9494534 0.09865995 -0.2980009 0.9550596 0.1734551 -0.2403632 -0.658768 0.7167942 -0.2285405 -0.6820052 0.6322438 -0.3676094 -0.4220322 0.735132 -0.5305373 -0.6433391 0.007689924 -0.7655427 -0.6386264 0.4198975 -0.6448584 -0.670608 0.5336749 -0.5152436 -0.4066776 0.5017927 -0.7634248 0.3264386 -0.03973817 -0.9443827 0.6674441 0.2909902 -0.685451 0.6135559 0.4480346 -0.6502416 0.7430045 0.5859203 0.3234838 0.371118 0.6961215 0.6145619 0.5642511 0.7520307 0.3406914 -0.3875336 0.894737 -0.2219535 -0.08317046 0.9513633 -0.2966321 -0.06535983 0.9964406 0.05323754 -0.05055657 0.9123297 0.4063233 -0.3077522 0.8257108 0.4727475 -0.3520503 0.7383127 0.5752869 -0.2641733 0.6628703 0.7005822 -0.1593472 0.6672145 0.7276217 -0.3160678 0.6878235 0.6534523 0.2724759 0.8512342 0.4485055 0.1750139 0.6932097 0.6991641 0.3356541 0.7678078 0.5457174 -0.3572277 0.5865087 0.7269084 -0.5616363 0.7346915 0.3805168 -0.5556935 0.6476152 0.5213437 -0.4761528 0.8491613 0.228481 -0.4073215 0.5650285 -0.717518 -0.6016744 0.7976783 -0.04119707 -0.714938 0.6741491 0.1854363 -0.7378922 0.5649467 0.3692565 0.2587888 0.5855152 -0.768245 0.2501685 0.9300087 -0.2692575 0.4183588 0.8949479 0.1550621 0.505578 0.8478218 -0.1599658 0.7343388 0.5347962 -0.4180186 -0.716393 0.4335518 -0.5466387 -0.7669004 0.2858124 -0.5746086 -0.4763814 0.01819664 -0.8790504 -0.4315345 0.6079582 -0.6664569 -0.05082552 0.2200587 -0.9741617 -0.06491924 0.3507848 -0.9342032 -0.1595598 0.01942799 -0.9869971 -0.4235827 0.4892703 -0.7623597 -0.03836701 0.2041389 -0.9781898 0.08396925 -0.0181607 -0.9963028 0.3198299 0.5326109 -0.7836035 0.3252267 0.3692839 -0.8705499 -0.08990268 0.7841174 -0.6140663 -0.08559973 0.5333412 -0.841558 0.2703692 0.7659268 -0.5833152 0.258036 0.5219451 -0.8130134 0.5531535 0.6954166 -0.4587122 0.5404042 0.4756227 -0.6940795 0.727784 0.6161709 -0.3011045 0.8892368 0.1417829 -0.4349201 0.7279664 0.0393043 -0.6844853 0.7233385 0.5161591 -0.4586514 0.6860387 0.442449 -0.5775724 0.7311357 0.4216301 -0.5363475 0.8397121 0.5284451 -0.1250172 0.9581806 0.1752881 -0.2261946 0.9415762 0.333865 -0.0443675 0.7374115 0.664543 0.1208591 -0.9991601 0.04005488 -0.008646492 -0.8862297 0.4183854 0.1988733 -0.8218425 0.4900637 0.2905383 -0.9519493 0.3041563 -0.03579644 -0.8647865 -0.01499301 -0.5019158 -0.8659474 0.2231963 -0.4475696 -0.8014143 0.5014436 -0.3260205 -0.8932993 0.08359327 0.4416204 -0.8648993 0.147457 0.4797974 -0.7188577 0.3252956 0.6143503 -0.9131474 0.2743226 0.3015111 -0.5682158 0.454212 0.6861649 -0.8146746 0.3943738 0.425176 -0.5685975 0.4588763 0.6827367 -0.6721671 0.5064671 0.5400763 -0.4984182 0.5941867 0.6312855 -0.9527653 0.3035333 0.01028891 -0.8984704 0.3166289 -0.3041333 -0.8738368 0.446167 0.1932466 -0.7971243 0.602888 0.03345029 -0.8420982 0.5327967 -0.08365604 -0.8808202 0.4292865 -0.1996721 -0.7801114 0.6050979 -0.1590057 -0.7722968 0.2929597 -0.5636775 0.9724514 0.1927604 0.1310792 -0.5887861 0.2507412 0.7684138 0.2751333 0.6707762 0.6887387 0.2746224 0.6372655 0.7200522 0.2589188 0.5906546 0.7642566 0.1263689 0.605679 0.7856105 0.01035933 0.6311606 0.775583 -0.1037648 0.6026739 0.7912124 -0.2326748 0.5732671 0.7856381 -0.3948682 0.4464975 0.802944 -0.2096394 0.4352879 0.8755431 0.0398555 0.4342155 0.8999269 0.2415101 0.4392368 0.8652999 0.4374431 0.4520689 0.7773527 0.5511007 0.5029324 0.6658431 0.5145127 0.605143 0.6075184 0.3883069 0.2351126 0.891033 0.4226568 0.02569224 0.9059256 0.2773881 -0.4097089 0.8690193 -0.2410938 0.259782 0.9350867 -0.1931959 -0.7160089 0.6708253 -0.07585922 0.1959219 0.9776809 0.04504577 0.3115066 0.9491757 -0.03754105 0.1809348 0.9827783 -0.2064251 0.2682514 0.9409728 -0.2686357 0.2552783 0.9287992 -0.2516391 0.3078831 0.9175433 -0.5679092 -0.274734 0.7758868 -0.756851 -0.4591688 0.4651242 -0.8631021 0.07788419 0.4989878 -0.6122975 -0.127459 0.7802858 -0.5120529 0.2927144 0.8075395 -0.4881048 0.3607702 0.7947318 -0.8919638 -0.4074198 0.1959839 -0.3193642 0.2471343 0.9148394 0.9194719 -0.1588908 -0.3596181 0.9969084 0.07786546 -0.01051614 0.9856774 -0.1647446 -0.03604469 0.6799545 0.3906621 0.6205199 0.8365343 0.2449703 0.4901019 0.8355866 0.4031305 0.3732035 0.9145744 0.3048789 0.2657114 0.7349314 0.3270717 0.5940538 0.7508314 0.2242228 0.62127 0.6883518 0.1393603 0.7118641 0.5971281 0.1212862 0.7929235 0.487653 0.2078586 0.8479324 0.5934055 0.1173382 0.796305 0.7508284 0.262059 0.6062852 0.6912564 0.5177394 0.5040938 0.7269785 0.366888 0.5804269 0.6283427 0.2583651 0.7337799 -0.6620277 0.4517372 -0.5980409 -0.813473 0.5552443 -0.1731054 -0.9616443 0.1997834 0.1879541 -0.2334773 -0.0009117561 -0.9723618 -0.3668521 0.2503892 -0.8959491 -0.236533 0.01362219 -0.971528 -0.8196627 0.5609488 0.1161448 -0.9091853 0.4159601 0.01895287 -0.8927965 0.3972718 -0.2123431 -0.7285255 0.3054246 -0.6131609 -0.5834852 0.2359656 -0.7770877 -0.2367678 0.01436775 -0.97146 -0.433387 0.1097286 -0.8945028 -0.5832666 0.2065272 -0.7855868 -0.46845 -0.3418702 -0.8146652 -0.5012548 -0.4558419 -0.7354942 -0.5441604 -0.5526074 -0.6312801 -0.3839666 -0.2475338 -0.8895486 -0.3483132 -0.1614999 -0.9233611 -0.2312149 -0.08900302 -0.9688231 -0.2980467 -0.01796238 -0.9543823 -0.3194987 -0.004189719 -0.9475774 -0.2188977 -0.00357552 -0.9757413 -0.4027418 0.00507571 -0.9152996 -0.1455837 -0.001867526 -0.9893442 -0.1354218 -0.01854763 -0.9906144 0.2082655 0.00320034 -0.9780671 0.2568623 0.004385617 -0.9664381 0.2380025 -0.001657124 -0.9712631 0.2331526 -0.1021475 -0.9670604 0.1587618 -0.05155452 -0.98597 0.1414774 -0.02074563 -0.9897241 0.3273713 0.0008663328 -0.9448954 0.3403718 -0.00237481 -0.9402879 0.4473839 0.0008907806 -0.8943416 -0.7075731 -0.2927686 -0.6431382 -0.8402022 -0.3243246 -0.4345962 -0.7559947 -0.2467877 -0.6062738 -0.9074423 0.0004161754 -0.4201766 -0.907591 -0.0001190864 -0.4198554 -0.8061435 0.0009506315 -0.5917194 -0.9095269 -0.0001575618 -0.415645 -0.9266373 0.00580287 -0.3759118 -0.864112 0.0178189 -0.502984 -0.8760729 0.01784801 -0.4818483 -0.9560239 0.009117835 -0.2931471 -0.7749442 0.006555526 -0.6319957 -0.8660905 0.07755843 -0.493834 -0.8401222 0.08271987 -0.5360524 -0.8365613 0.05322387 -0.5452819 -0.8072735 0.4547495 -0.3761813 -0.8221226 0.469973 -0.3213094 -0.7421475 0.4785763 -0.4692353 -0.3971695 0.8230556 -0.4059999 -0.3897245 0.8230498 -0.4131633 -0.3811898 0.7646708 -0.5195892 0.6671502 0.6185151 -0.4151501 0.6395547 0.6275785 -0.4439763 0.6774826 0.6366843 -0.3683075 0.8982022 0.1897318 -0.3965283 0.8878047 0.1790252 -0.4239726 0.8493869 0.1863869 -0.4937629 0.8153298 0.1001075 -0.5702769 0.8357534 0.03636494 -0.5478995 0.7623957 0.05351787 -0.6448943 0.9065721 0.001125578 -0.4220494 0.909617 0.0005420706 -0.4154476 0.8077403 0.001017922 -0.5895375 0.9161434 -0.007768045 -0.4007755 0.9003306 -0.01000589 -0.4350915 0.7954673 -0.0246404 -0.6054954 0.711209 -0.4682136 -0.5243642 0.6672656 -0.4772289 -0.5718472 0.6168752 -0.4437908 -0.6500113 0.5627093 -0.6133544 -0.5542153 -0.5608351 -0.6115416 -0.5581046 -0.0004520322 0.6547521 -0.7558435 0.003416735 0.6328785 -0.7742436 -0.1091224 0.6125522 -0.7828615 -0.4836094 0.04944431 -0.8738863 -0.5089692 0.05389197 -0.8590961 -0.03235211 0.6974038 -0.7159478 0.7781506 0.279378 -0.5625208 0.4146943 -0.5524622 -0.7230589 -0.242625 0.6638074 -0.7074552 -0.2445089 -0.6670183 -0.7037769 -0.8462817 7.715201e-05 -0.5327356 0.453698 -0.2693693 -0.8494694 0.6605004 0.0003440853 -0.7508256 -0.1602256 0.001315024 -0.9870795 0.414338 -0.285341 -0.8642364 0.4759971 -0.6716092 -0.5677745 -0.1794855 -0.6750542 -0.7156024 -0.6307776 -0.4649213 -0.6212631 0.08310966 0.001104147 -0.9965398 -0.1467747 -0.2193674 -0.9645388 -0.4603208 -0.2645868 -0.847407 -0.4181309 -0.5576333 -0.7170855 0.05416256 0.7061548 -0.7059829 0.1560104 -0.0004710842 -0.9877553 -0.210935 0.3246662 -0.9220078 -0.2141584 -0.3226544 -0.9219709 0.1231535 -0.002777022 -0.9923837 -0.3327927 -0.3136146 -0.8893227 0.1619606 0.0003217754 -0.9867972 -0.09033318 0.2968421 -0.9506444 0.2708946 0.6555022 -0.7049347 0.04081672 -0.7104266 -0.7025867 0.2668753 0.6605308 -0.7017668 0.02034779 -0.7005833 -0.7132804 0.2361529 0.6608066 -0.712437 -0.004755945 -0.7074447 -0.7067527 0.2228431 0.6689927 -0.7090767 0.1929485 0.6665779 -0.7200311 -0.0238867 -0.699276 -0.7144526 0.1818579 0.6766228 -0.7135189 0.4022445 -0.5536155 -0.729184 0.2054217 0.3263302 -0.9226649 0.1961442 -0.329443 -0.9235772 0.1980051 0.3282262 -0.9236133 0.3213757 -0.3221349 -0.8904756 -0.1713383 0.0001562782 -0.9852122 0.6573289 0.0005902083 -0.7536036 0.3246757 0.3191214 -0.8903635 -0.01234734 0.7057597 -0.7083437 0.2286439 -0.6684668 -0.7077246 -0.03565784 0.6988605 -0.7143686 0.2036188 -0.6647211 -0.7188082 -0.05440732 0.7068553 -0.7052627 0.1872248 -0.6736745 -0.7149193 0.1720753 -0.67251 -0.7198059 -0.1039378 0.5590861 -0.822569 0.2718907 -0.662143 -0.6983137 -0.04216592 0.6821304 -0.7300138 0.2476479 -0.6591826 -0.7100344 0.005493827 0.7050618 -0.7091246 -0.0001544063 0.6989285 -0.7151915 -0.218073 0.654529 -0.7239033 -0.180055 0.7435969 -0.6439285 0.2787911 -0.659996 -0.6976251 -0.2828442 0.6092651 -0.7408071 -0.3751708 0.552223 -0.744511 -0.4395975 0.5297283 -0.7253565 -0.4633313 0.4735785 -0.7490311 -0.1694194 0.6778419 -0.7154212 -0.3410875 0.3086896 -0.887902 -0.5893773 0.2659325 -0.7628331 -0.4944256 0.1487068 -0.8564051 0.1306142 0.002029079 -0.9914312 -0.1144581 -0.2807521 -0.952931 -0.5368436 0.3762621 -0.7551329 -0.5852987 0.3299246 -0.7406586 -0.5835781 0.3258762 -0.7438019 -0.2279868 0.6605446 -0.7153341 -0.2060793 0.6876673 -0.6961645 -0.1900651 0.6647124 -0.7225183 0.0434513 0.7014489 -0.7113941 -0.4266858 -0.5436221 -0.7227823 -0.7812463 0.2826173 -0.5565803 0.1449574 -0.001961732 -0.989436 -0.3401619 0.2707588 -0.900544 -0.1059944 -0.292352 -0.9504186 -0.6636759 0.0004234011 -0.7480202 0.1529222 -0.0001485296 -0.9882382 -0.0008117442 0.2274683 -0.9737851 0.4652277 0.5400953 -0.7013275 0.4683174 0.5344976 -0.7035561 0.229036 -0.6662593 -0.7096767 0.4881832 0.5314339 -0.6922825 0.271363 -0.6641241 -0.6966357 0.2370084 -0.6560676 -0.716521 -0.0003732488 0.7994399 -0.600746 0.451977 0.5418958 -0.7085659 -0.4696921 0.5173407 -0.7153656 0.001654456 -0.0003017203 -0.9999986 -0.4760088 0.5312906 -0.700818 0.2025646 -0.6650642 -0.7187887 -0.4906373 0.5322426 -0.6899223 -0.005058181 0.2260919 -0.9740929 -0.1551523 -0.0001735716 -0.9878905 -0.05288839 0.7094824 -0.7027357 0.1771448 -0.6749198 -0.7163121 0.1692509 -0.6439145 -0.7461423 0.3284883 -0.3100422 -0.8921711 -0.1863452 -0.6812781 -0.7079094 -0.1820694 0.6747305 -0.7152549 -0.1729728 0.6739928 -0.718202 -0.3262242 -0.3208057 -0.8891914 0.4758952 0.6709804 -0.5686027 0.3994157 0.2776161 -0.8737256 -0.2419396 -0.6705834 -0.7012725 -0.6308451 0.4646078 -0.6214291 -0.1475394 0.2394513 -0.9596329 -0.1885894 -0.6513999 -0.7349233 -0.2421495 0.6663084 -0.7052636 -0.2494565 -0.6520443 -0.7159676 -0.8494743 0.001140133 -0.5276287 -0.6663193 -0.005578297 -0.7456457 -0.1015266 0.2590446 -0.9605146 0.2833654 0.6470875 -0.7078007 0.07806891 -0.01725048 -0.9967987 0.2644448 0.6617409 -0.7015468 0.2402398 0.6601212 -0.7117056 -0.002000513 -0.004111044 -0.9999895 0.225095 0.6705866 -0.7068563 0.325398 0.3144437 -0.891763 0.1864797 0.6824235 -0.7067698 -0.06388678 -0.003836504 -0.9979498 0.2071353 0.6571858 -0.7247081 0.2178295 0.6688055 -0.7108091 0.6756535 -0.3414997 -0.6533531 0.5557025 -0.4633713 -0.6902766 -0.004840945 -0.006165492 -0.9999693 0.5994287 -0.58048 -0.5511153 0.3573919 -0.641603 -0.6786874 0.2265186 -0.6548459 -0.7210175 0.1115239 -0.8794565 -0.4627296 0.05093977 0.06345326 -0.9966839 -0.06542598 -0.4978843 -0.864772 -0.0005296372 0.06278576 -0.9980269 0.0140596 -0.6991829 -0.7148046 0.03092158 -0.7068794 -0.7066579 0.3176222 -0.2963164 -0.900729 0.4005367 0.289228 -0.8694352 0.1915351 0.4909069 -0.8498969 0.6929623 -0.1750832 -0.699392 0.6926229 -0.1731504 -0.7002088 0.6926068 -0.1731458 -0.700226 0.360033 0.6509097 -0.6683508 0.4346044 0.4062199 -0.8038062 0.6616106 0.3563506 -0.6597618 0.7046556 0.2063669 -0.6788764 0.8138768 0.2153493 -0.5396566 0.8504649 0.2359838 -0.4701289 0.7497723 -0.07129219 -0.6578441 0.1009866 0.06326451 -0.9928743 -0.416712 -0.4799761 -0.7719936 -0.356896 -0.5946551 -0.7204239 -0.3568711 -0.5946948 -0.7204034 -0.2208664 -0.6106459 -0.7604799 -0.1206679 -0.6592584 -0.7421709 -0.78071 0.09625577 -0.6174355 -0.6521414 0.008249409 -0.7580525 -0.6718963 -0.1590531 -0.7233654 0.1513912 0.06321711 -0.9864504 -0.5571374 -0.2748378 -0.7836211 -0.5466412 -0.4082318 -0.7311157 0.07426838 -0.7208687 -0.6890809 -0.01142316 -0.7130571 -0.7010129 -0.04049255 -0.0004579393 -0.9991797 -0.03062134 -0.7013442 -0.7121648 -0.08744856 -0.01112037 -0.996107 -0.06196262 -0.7156634 -0.6956914 -0.131239 -0.007092685 -0.9913254 0.2109625 -0.3007713 -0.9300707 -0.1717884 0.003226908 -0.9851286 -0.6022632 -0.01833349 -0.7980871 -0.5724964 0.001075859 -0.8199065 -0.7155164 -0.001100974 -0.6985951 -0.5591139 0.020151 -0.8288459 -0.5309185 0.05882663 -0.8453786 -0.524588 -0.05188371 -0.8497738 -0.7424514 0.001377881 -0.6698985 -0.529162 -0.08074696 -0.8446701 -0.6353377 0.002773225 -0.7722295 -0.5434174 -0.0549968 -0.8376592 -0.520009 -0.1063131 -0.8475189 -0.502262 -0.07239268 -0.8616798 -0.482291 -0.04894997 -0.8746424 -0.4213312 0.002333946 -0.9069038 -0.5048072 -0.0874572 -0.8587904 -0.4981408 -0.06728225 -0.8644818 -0.4492228 0.005999799 -0.8933996 -0.5082386 -0.09887162 -0.855522 -0.5434381 0.004611697 -0.8394366 -0.5116085 -0.07957283 -0.8555261 -0.5205009 -0.1041431 -0.8474863 -0.5284508 -0.06798859 -0.8462371 -0.4383963 -0.006621498 -0.8987574 -0.468665 0.002367614 -0.8833728 -0.4515849 -0.006513557 -0.8922044 -0.4823384 -0.03110771 -0.8754325 -0.3279302 -0.0007022357 -0.9447017 -0.4556713 -0.02350753 -0.8898377 -0.502261 -0.07240006 -0.8616798 -0.4982041 0.08200396 -0.8631732 -0.4907398 0.04267306 -0.8702606 -0.4113877 -0.02694245 -0.9110622 -0.5907452 0.01310004 -0.8067518 -0.5180966 0.08465207 -0.8511227 -0.5559221 -0.03782754 -0.8303732 -0.5151091 0.1017781 -0.8510604 -0.5360947 0.07975931 -0.8403814 -0.5122337 0.1077675 -0.852058 -0.5195619 0.08280109 -0.8504113 -0.5074028 0.1003258 -0.8558488 -0.5024965 0.06133469 -0.8624009 -0.4973178 0.07637913 -0.8641998 -0.4755371 0.02727936 -0.8792726 -0.5035084 0.05346958 -0.8623342 0.4468709 0.002574455 -0.8945947 0.4814669 -0.03067525 -0.8759273 0.4413664 -0.001368286 -0.8973259 0.3182219 -0.00224597 -0.9480136 0.4673236 0.003075026 -0.884081 0.403066 -0.004055091 -0.9151619 0.5127945 -0.09193287 -0.8535749 0.5350612 -0.07456777 -0.841516 0.6342428 -0.000275112 -0.7731339 0.5196659 -0.1022433 -0.8482297 0.5302516 -0.07339086 -0.844658 0.5163296 -0.102166 -0.850274 0.543135 0.001260601 -0.8396445 0.5015276 -0.06591608 -0.8626269 0.5043199 -0.09948963 -0.8577664 0.514203 -0.0815793 -0.8537799 0.4979561 -0.09173481 -0.8623366 0.4868051 -0.03797147 -0.8726849 0.4211675 0.003436872 -0.9069764 0.5026824 -0.07470299 -0.8612374 0.4839469 -0.06156697 -0.8729289 0.7104181 -0.0008342488 -0.7037794 0.5826428 0.01724697 -0.8125453 0.5288649 0.02945981 -0.8481945 0.6057151 0.01000728 -0.7956187 0.569907 -0.01336584 -0.8216005 0.740382 0.002007333 -0.6721833 0.6185125 -0.001682605 -0.7857732 0.5209241 -0.0583761 -0.8516046 0.4847143 0.02431927 -0.8743344 0.4763637 0.01913102 -0.8790402 0.5007193 0.05581082 -0.8638086 0.4827004 0.03976311 -0.8748824 0.4114434 -0.02691816 -0.9110377 0.4990715 0.07774273 -0.8630664 0.5037105 0.06990846 -0.8610392 0.5545932 -0.03517232 -0.8313779 0.5005787 0.0812069 -0.8618738 0.495144 0.05222737 -0.8672397 0.5096583 0.1048357 -0.853966 0.5193801 0.08780216 -0.8500207 0.5139278 0.1121096 -0.8504762 0.5326536 0.08229769 -0.8423225 0.5101928 0.1025608 -0.853923 0.5312388 0.09546201 -0.8418268 -0.04083468 0.6937178 -0.7190884 -0.1234968 0.7308833 -0.6712362 0.02845804 0.7099198 -0.7037073 -0.01219133 0.6952927 -0.7186233 0.001147051 0.8164454 -0.5774216 -0.001977941 0.7917866 -0.6107946 -0.0006879588 0.8564172 -0.516284 -0.01392226 0.8125815 -0.5826813 -0.1106842 0.8298818 -0.5468503 -0.01381873 0.8400718 -0.5422991 -0.01887576 0.79459 -0.606853 0.02161957 0.74194 -0.6701177 0.03112511 0.7285413 -0.6842944 0.03590069 0.7180142 -0.695102 -0.02018224 0.7800562 -0.6253839 0.008962303 0.7493388 -0.6621262 -0.001572001 0.7377268 -0.6750976 0.006543598 0.7463266 -0.6655477 0.1103501 0.8293566 -0.5477139 0.02486097 0.7786765 -0.6269328 0.01904979 0.7928351 -0.6091384 0.01492903 0.8258095 -0.5637516 -0.0003538045 0.7898327 -0.6133223 -0.007138853 0.65046 -0.759507 -0.007120854 0.650459 -0.759508 0.1133758 0.6141502 -0.7810029 -0.0008478303 0.6642871 -0.7474771 -0.01892352 0.6902262 -0.7233461 -0.02409541 0.6999883 -0.7137477 0.1182074 0.7346936 -0.6680212 -0.01969343 0.7179115 -0.6958558 -0.02554296 0.7388482 -0.6733876 -0.0003780085 0.4739711 -0.8805403 0.002748368 0.5795825 -0.8149089 0.01128715 0.5817387 -0.8132974 0.01258592 0.6152834 -0.7882055 0.0125973 0.6225206 -0.782502 0.08750932 0.4885178 -0.8681547 0.02196326 0.5961635 -0.8025626 -0.02979828 0.6163632 -0.786898 -0.08707959 0.4891594 -0.8678365 -0.003732182 0.6140127 -0.7892873 -0.01562396 0.5834599 -0.8119917 -0.006736108 0.6007901 -0.7993784 -0.009309267 0.5591556 -0.8290105 -0.6015021 -0.4776675 -0.640335 -0.5140633 -0.5647537 -0.6455945 -0.4474555 -0.5812601 -0.6796472 -0.4773594 -0.5243723 -0.7050969 -0.4754364 -0.6442631 -0.5990704 -0.4509355 -0.692175 -0.5635166 -0.4251642 -0.4603273 -0.7793165 -0.3806751 -0.5341005 -0.7548663 -0.4823862 -0.4533716 -0.749505 -0.3065061 -0.383524 -0.871185 -0.3341999 -0.2515174 -0.9083223 -0.3309945 -0.5422513 -0.7722734 -0.3671229 -0.4843081 -0.7941451 -0.4168739 -0.4199524 -0.8061366 -0.4101202 -0.3820552 -0.8281517 -0.1754652 -0.2807257 -0.9436128 -0.231259 -0.2559516 -0.9386203 -0.2701482 -0.1717669 -0.9473733 -0.2818182 -0.4094494 -0.8677152 -0.01338688 -0.1606328 -0.9869235 -0.04112637 -0.1886766 -0.9811777 -0.1360885 -0.1304773 -0.982067 -0.1282869 -0.2338656 -0.9637683 -0.1312568 -0.2903646 -0.9478713 0.1339989 -0.4056149 -0.9041686 0.1138088 -0.3370834 -0.9345707 0.1364939 -0.1279391 -0.9823447 0.09080574 -0.1120455 -0.9895454 -0.015242 -0.1334569 -0.9909374 0.04347513 -0.4281763 -0.9026489 0.3161039 -0.2874195 -0.9041395 0.3056868 -0.3273632 -0.8940855 0.2752563 -0.178732 -0.9446104 0.2383391 -0.3248155 -0.9152537 0.2199688 -0.1676629 -0.9609906 0.3706156 -0.4333903 -0.8214724 0.3367577 -0.4475949 -0.8284039 0.3835245 -0.2486414 -0.8894304 0.4308648 -0.499442 -0.7516071 0.3950096 -0.3773421 -0.8376039 0.4045435 -0.3989529 -0.8229102 0.3950103 -0.3773404 -0.8376044 0.4795527 -0.3681372 -0.7965577 0.4969389 -0.4555237 -0.7386135 0.4353701 -0.6120701 -0.660169 0.523484 -0.51429 -0.6793161 0.4995056 -0.5801241 -0.6433896 0.5074264 -0.5639288 -0.6515388 0.4551495 -0.6792777 -0.5756915 0.5610817 -0.5346591 -0.6319233 0.5826368 -0.429163 -0.6901837 0.5848539 -0.4233628 -0.6918886 0.5791005 -0.506914 -0.6384989 0.7201644 -0.5677691 -0.3987499 0.7571702 -0.4631657 -0.46062 0.7296548 -0.4732183 -0.4936277 0.6528989 -0.4447887 -0.6130955 0.7043815 -0.4758824 -0.5266712 0.5925108 -0.3960358 -0.7014889 0.7025777 -0.4554341 -0.5467763 0.7487222 -0.422025 -0.5111849 0.7486892 -0.4220353 -0.5112246 0.6412313 -0.3668786 -0.6739603 0.7678163 -0.4610959 -0.4448018 0.7662605 -0.3316914 -0.5502959 0.766419 -0.3336708 -0.5488768 0.6557426 -0.2538851 -0.7110161 0.7971057 -0.3947014 -0.4569827 0.7727374 -0.2309146 -0.591232 0.8879357 -0.2475407 -0.3876774 0.8769797 -0.2864038 -0.385849 0.7697716 -0.1852302 -0.610853 0.7743522 -0.1186928 -0.6215229 0.9389726 -0.1565252 -0.3063173 0.8375314 -0.01393759 -0.5462114 0.9390613 -0.091007 -0.3314839 0.9544155 -0.1170552 -0.2745708 0.9067099 0.001299979 -0.4217528 0.9127019 -0.0003638712 -0.4086259 0.8417387 0.004497719 -0.5398663 0.9204181 0.001702947 -0.3909317 0.968005 0.007412142 -0.2508213 0.8873427 0.002901009 -0.4611014 0.7964901 0.01506653 -0.6044638 0.9019057 0.01500654 -0.4316721 0.8978914 0.01465504 -0.4399731 0.8191598 0.02242026 -0.573127 0.8906371 0.02316301 -0.4541244 0.9019068 0.01500615 -0.43167 0.9616242 0.08573291 -0.2606313 0.8348395 0.02870157 -0.5497447 0.9429496 0.1541419 -0.2951038 0.8096105 0.1242067 -0.5736754 0.8271645 0.1048079 -0.5520998 0.819071 0.1003194 -0.5648528 0.9240735 0.2451601 -0.2932315 0.8495406 0.3374051 -0.4055102 0.9101496 0.3147636 -0.2693539 0.8180296 0.2792517 -0.5028381 0.8767715 0.2644252 -0.4016853 0.8701967 0.2554807 -0.4212925 0.8458666 0.3389096 -0.4118858 0.7625188 0.3185093 -0.5631313 0.845428 0.3356552 -0.415436 0.7863107 0.3747987 -0.4911633 0.8833605 0.3811961 -0.2726973 0.8203746 0.4139352 -0.3945164 0.7252602 0.4222151 -0.5438125 0.8392415 0.4690969 -0.274994 0.8203743 0.4139357 -0.3945164 0.7767084 0.4783353 -0.4097797 0.753416 0.4774827 -0.452078 0.7890538 0.4948425 -0.3640399 0.7890545 0.494841 -0.3640404 0.7955687 0.5485502 -0.2572221 0.6831363 0.5262526 -0.5063428 0.7239446 0.55724 -0.4066789 0.6615285 0.6217299 -0.4193232 0.6125381 0.5755386 -0.5418047 0.7368207 0.6259879 -0.2554102 0.7239464 0.5572432 -0.4066714 0.555462 0.6761965 -0.4839631 0.6023765 0.6859024 -0.4082652 0.6613378 0.7059447 -0.2535239 0.4707763 0.7234921 -0.5049048 0.4901327 0.8399327 -0.232987 0.505743 0.8532289 -0.1273754 0.5275027 0.7487319 -0.4014242 0.5963208 0.7710243 -0.2234346 0.6008879 0.6906128 -0.4024769 0.4478482 0.7986171 -0.4020481 0.3848498 0.7619617 -0.5208695 0.4118188 0.8925646 -0.1836675 0.2980553 0.9409673 -0.1604481 0.3277427 0.9000095 -0.2873457 0.2918602 0.8785035 -0.3782184 0.3560169 0.8305809 -0.4282375 0.3612279 0.8502253 -0.3829246 0.2733826 0.8987279 -0.3428557 0.1966348 0.8810123 -0.4302929 0.232987 0.9265023 -0.2954835 0.07873301 0.9619842 -0.2615099 0.08285854 0.9570555 -0.2778116 0.09730217 0.8931455 -0.4391167 0.1484079 0.9442918 -0.2937484 0.1878564 0.9539757 -0.2337525 0.05758256 0.9685667 -0.2419976 -0.004385146 0.8979494 -0.4400769 -0.02017206 0.9495375 -0.3130042 -0.120587 0.934566 -0.3347315 -0.1205843 0.934566 -0.3347324 -0.1065687 0.8941443 -0.4349128 -0.05589996 0.9728839 -0.2244375 -0.02017165 0.949537 -0.3130056 -0.1666038 0.9623395 -0.214816 -0.2085723 0.8849776 -0.416308 -0.21988 0.9166961 -0.333648 -0.3182442 0.8993824 -0.2997196 -0.2761331 0.9308046 -0.2394855 -0.2198797 0.9166967 -0.3336467 -0.3152293 0.858054 -0.4054305 -0.3274903 0.9171241 -0.2272301 -0.3274889 0.9171228 -0.2272374 -0.294424 0.7917853 -0.5351547 -0.3832357 0.8948294 -0.2289338 -0.4734135 0.8500266 -0.2309427 -0.4706864 0.7234645 -0.5050282 -0.4839411 0.7779905 -0.4006642 -0.5686182 0.7305769 -0.3780619 -0.5686188 0.7305745 -0.3780655 -0.5533165 0.6794751 -0.4818241 -0.5626167 0.7909991 -0.2403808 -0.483941 0.7779913 -0.4006626 -0.7237997 0.6224446 -0.2977864 -0.6549953 0.6807168 -0.3280332 -0.6269374 0.6624123 -0.4100724 -0.6397635 0.6874505 -0.3436778 -0.646449 0.7139978 -0.2689066 -0.7029579 0.5940699 -0.3910641 -0.702957 0.5940694 -0.3910664 -0.6822348 0.5268094 -0.5069788 -0.7196643 0.6370535 -0.276127 -0.6125067 0.5747759 -0.5426492 -0.7628411 0.5339725 -0.3646187 -0.7685723 0.5716616 -0.2872276 -0.8245019 0.4909586 -0.2813473 -0.7673001 0.5314984 -0.3588315 -0.7271385 0.4224102 -0.5411462 -0.8553175 0.4213907 -0.3014329 -0.7875076 0.3731304 -0.4905155 -0.8800101 0.3200394 -0.3509374 -0.8540573 0.3849936 -0.3498085 -0.8729567 0.3981885 -0.2817669 -0.8203327 0.2823115 -0.4973474 -0.885331 0.3260587 -0.3314736 -0.7620325 0.318233 -0.5639453 -0.8933782 0.3173627 -0.3180508 -0.9087487 0.2418434 -0.3401287 -0.9247378 0.2483054 -0.2884519 -0.8785874 0.3062297 -0.36648 -0.845511 0.1953428 -0.496943 -0.8848408 0.2330986 -0.4033879 -0.790735 0.2191214 -0.5715978 -0.9319319 0.1697823 -0.3204324 -0.9546131 0.1765724 -0.2398666 -0.8957488 0.2278221 -0.3817474 -0.9254696 0.09086051 -0.367764 -0.8112503 0.1239647 -0.5714067 -0.9649902 0.09300192 -0.2452439 -0.8553933 0.1470432 -0.4966695 -0.761435 0.05211326 -0.6461431 -0.9929227 0.009898318 -0.1183494 -0.9065485 0.01830769 -0.4217044 -0.7922246 0.01623285 -0.6100137 -0.9039574 0.02023518 -0.4271434 -0.8976552 0.02215122 -0.4401413 -0.9103708 0.03298626 -0.4124765 -0.9083004 0.06681094 -0.4129488 -0.7872377 -0.02308543 -0.6162173 -0.8975837 -0.0001161119 -0.440844 -0.8977444 -0.0005471106 -0.4405164 -0.888723 -0.1271812 -0.4404502 -0.8991158 -0.07263501 -0.4316421 -0.7728066 -0.1153251 -0.6240753 -0.9325297 -0.05202072 -0.3573265 -0.8619009 -0.3522677 -0.3647386 -0.8702376 -0.2934193 -0.3957167 -0.8463893 -0.1826938 -0.500248 -0.7807872 -0.4086879 -0.4725946 -0.6588916 -0.2514889 -0.7089536 -0.7431493 -0.4620443 -0.4839879 -0.679131 -0.4400239 -0.5875032 -0.6505111 -0.3613735 -0.6680153 -0.7189214 -0.4332924 -0.5435161 -0.7705217 -0.4397003 -0.4614759 -0.7422265 -0.4776792 -0.4700239 -0.6896323 -0.4237832 -0.5872096 -0.6657183 -0.4327752 -0.6078854 -0.5986203 -0.3987726 -0.6947188 -0.6700336 -0.4306852 -0.60462 -0.7835777 -0.5794112 -0.2242514 -0.618071 -0.4456739 -0.6475825 -0.7297434 -0.5639241 -0.386606 -0.5787537 -0.3985724 -0.7114662 -0.6826718 -0.5304161 -0.5026112 0.6670629 -0.1262682 -0.734223 0.6820898 -0.03203198 -0.7305666 0.5576288 0.02784995 -0.8296231 0.5057603 -0.2606265 -0.8223626 0.4129722 -0.17989 -0.892801 0.5541612 -0.3414678 -0.7591476 0.5378831 -0.2418598 -0.8075801 0.3081237 0.005313415 -0.9513315 0.3667716 0.006773748 -0.9302864 0.4299229 0.007604557 -0.9028336 0.5038781 0.01032043 -0.8637131 0.5865742 0.01170347 -0.8098109 0.6799427 0.01284144 -0.7331528 0.778516 0.01142211 -0.6275208 0.2043551 -0.04077059 -0.9780474 0.2913374 -0.0609704 -0.9546754 0.2984759 -0.1205241 -0.9467767 0.4067413 -0.08886693 -0.9092108 0.5384469 -0.1137833 -0.8349421 0.4160269 -0.2697182 -0.8684318 0.3280579 -0.1900403 -0.9253446 0.2304642 -0.0006797377 -0.9730806 0.2202438 -8.074806e-05 -0.9754449 0.299951 -0.01735839 -0.9537967 0.1737909 0.004184781 -0.9847737 0.2209457 0.005792494 -0.9752689 0.2714826 0.007600484 -0.9624133 0.3264897 0.009555824 -0.9451525 0.3871764 0.01159894 -0.9219327 0.4548018 0.0136527 -0.890488 0.530594 0.01560386 -0.8474824 0.6153427 0.01726341 -0.7880706 0.7087125 0.01828198 -0.7052605 0.6728734 0.05796722 -0.737483 0.5896613 0.06143768 -0.8053105 0.5120895 0.06346925 -0.8565839 0.4405639 0.06447759 -0.8954028 0.3746802 0.06477411 -0.9248887 0.3137127 0.06460551 -0.9473175 0.2567546 0.06415093 -0.9643452 0.2028887 0.06356676 -0.9771364 0.1903839 0.7210886 -0.6661721 0.1783089 0.6124868 -0.7701077 0.2823308 0.7040247 -0.6516429 0.2649371 0.5997153 -0.7550827 0.371261 0.6806141 -0.6316088 0.3494511 0.5820547 -0.7342318 0.4566552 0.6511385 -0.6062052 0.4315745 0.5595716 -0.7075472 0.5380162 0.6158804 -0.5755258 0.5109844 0.5323125 -0.6749359 0.5872639 0.5003009 -0.6362548 0.6598931 0.4635605 -0.5913145 0.2939685 0.7919416 -0.5351738 0.1989919 0.8131249 -0.5470193 0.6940396 0.3538352 -0.6269846 0.6232889 0.3846985 -0.6808216 0.5500847 0.4113456 -0.7267748 0.4750818 0.4340008 -0.7654676 0.3986955 0.4528701 -0.7974651 0.3211594 0.4681412 -0.8232257 0.2425469 0.4799492 -0.8431013 0.1628375 0.4883905 -0.8572973 -0.07701806 -0.01827699 -0.9968622 -0.3156744 -0.1702665 -0.9334661 -0.3944426 -0.1779308 -0.9015296 -0.2829347 -0.1275449 -0.950621 -0.4021501 -0.08274892 -0.9118267 -0.5629395 -0.3405267 -0.7530874 -0.4076034 -0.2590393 -0.8756473 -0.4738866 -0.1992844 -0.8577396 -0.543087 -0.1071477 -0.832812 -0.6845192 -0.03357035 -0.7282215 -0.5511906 0.06409849 -0.8319136 -0.2460256 -0.09870675 -0.9642243 -0.2080135 -0.04017554 -0.9773005 -0.2906123 -0.0598446 -0.9549676 0.1872278 -0.675373 -0.7133142 -0.2295229 -0.0003335303 -0.9733032 -0.1989743 0.8131563 -0.546979 0.3932526 0.8851163 -0.2488404 -0.2206419 0.005885518 -0.9753371 -0.2571607 -6.046289e-05 -0.9663687 -0.2722843 0.008404874 -0.9621801 -0.3261593 0.009697649 -0.9452651 -0.3708922 0.003275481 -0.9286702 -0.3884702 0.01278424 -0.9213726 -0.1903463 0.72113 -0.666138 -0.2822927 0.7040831 -0.6515964 -0.3712214 0.6806874 -0.6315531 -0.4566143 0.6512235 -0.6061446 -0.5379719 0.6159777 -0.575463 -0.2382543 0.003068858 -0.971198 -0.3410424 0.004170087 -0.9400387 -0.9266372 0.005800603 -0.3759121 -0.6784494 0.009687392 -0.7345832 -0.5853207 0.008981033 -0.8107521 -0.4857265 0.008222447 -0.8740722 -0.05959202 -0.7026013 -0.7090841 -0.04655731 -0.7066508 -0.7060291 -0.6598649 0.4636856 -0.5912478 -0.5872311 0.5004171 -0.6361937 -0.5109473 0.5324207 -0.6748785 -0.4315339 0.5596687 -0.7074952 -0.349405 0.5821391 -0.7341868 -0.2648845 0.5997845 -0.7550462 -0.1782495 0.6125367 -0.7700817 -0.162753 0.4884452 -0.8572822 -0.2424765 0.4800256 -0.843078 -0.3211032 0.4682347 -0.8231944 -0.3986513 0.4529781 -0.7974258 -0.4750487 0.4341209 -0.76542 -0.5500628 0.4114766 -0.7267172 -0.6232775 0.3848395 -0.6807523 -0.6940443 0.3539837 -0.6268955 -0.7192007 0.2471003 -0.649378 -0.6472698 0.2705534 -0.7126308 -0.5744445 0.2902314 -0.7653622 -0.5015989 0.3065714 -0.8089577 -0.429202 0.3199719 -0.8446322 -0.3573944 0.3307714 -0.8734183 -0.2861005 0.3392612 -0.8961296 -0.2150641 0.3456606 -0.9133818 -0.1439334 0.3501408 -0.9255726 -0.072289 0.3527907 -0.9329057 7.179835e-05 0.353661 -0.9353737 0.07242047 0.3527614 -0.9329066 0.1440458 0.3500854 -0.9255761 0.2151563 0.345582 -0.9133897 0.2861727 0.3391631 -0.8961437 0.3574478 0.3306554 -0.8734404 0.4292381 0.3198404 -0.8446637 0.5016165 0.306424 -0.8090026 0.5744421 0.2900687 -0.7654256 0.6472423 0.2703757 -0.7127232 0.7191382 0.2469101 -0.6495195 0.7890479 0.2193113 -0.5738519 0.8600538 0.2593892 -0.4393458 -0.7373319 0.1430286 -0.6602155 -0.6709729 0.05684759 -0.7392995 -0.6601145 0.1575053 -0.7344664 -0.5879078 0.06031001 -0.8066766 -0.5841556 0.1688815 -0.7938773 -0.5105738 0.06237285 -0.8575687 -0.5106831 0.1777425 -0.8411958 -0.4393105 0.06344088 -0.8960924 -0.4401383 0.1845721 -0.8787556 -0.373682 0.06381692 -0.9253589 -0.3725026 0.1897759 -0.90842 -0.3129446 0.06374284 -0.9476299 -0.3074284 0.193669 -0.9316545 -0.2561849 0.06339588 -0.9645467 -0.2444164 0.1965187 -0.9495478 -0.2024842 0.06293184 -0.9772613 -0.1828305 0.1985171 -0.9628935 -0.1508991 0.06246331 -0.9865738 -0.1219945 0.1998293 -0.9722066 -0.100523 0.06210297 -0.9929946 -0.06118314 0.2005519 -0.9777707 -0.05044378 0.06193052 -0.9968049 9.042785e-05 0.2007718 -0.979638 0.06134816 0.2005257 -0.9777657 0.122137 0.1997791 -0.972199 0.1829503 0.1984446 -0.9628857 0.2445128 0.1964246 -0.9495425 0.3075023 0.1935541 -0.931654 0.3725538 0.18964 -0.9084274 0.4401658 0.1844147 -0.8787749 0.510683 0.1775598 -0.8412344 0.5841177 0.1686705 -0.7939501 0.6600234 0.1572637 -0.7346001 0.7371636 0.1427578 -0.6604619 -0.7086976 0.01828204 -0.7052755 -0.6153289 0.01726325 -0.7880814 -0.5236015 0.01062179 -0.8518971 -0.4557597 0.008747121 -0.8900599 -0.1251685 -0.04206566 -0.9912433 -0.1491061 -0.04557895 -0.9877702 -0.1659407 -0.06193859 -0.9841886 -0.3005531 -0.1275742 -0.9451945 -0.5303585 -0.4417319 -0.7235971 -0.4345394 -0.2440991 -0.8669436 -0.3747063 -0.2077528 -0.9035674 -0.3983087 -0.2275251 -0.8885845 -0.4863895 -0.3295715 -0.809202 -0.5131709 -0.3502037 -0.7835898 -0.5275752 -0.3570223 -0.7708434 -0.4573179 -0.3083739 -0.8341258 -0.3399439 -0.2041588 -0.9180182 -0.4323961 -0.2968862 -0.851406 -0.4873083 -0.3044511 -0.8184377 -0.5554116 -0.2373812 -0.7969743 -0.6673531 -0.1213791 -0.7347836 0.5421978 -0.4386985 -0.7166347 0.4684566 -0.3418783 -0.814658 0.5961244 -0.4312152 -0.677266 0.577332 -0.3931738 -0.7156131 0.5137522 -0.3465954 -0.7848123 0.4343529 -0.2430708 -0.8673259 0.3398703 -0.1533608 -0.927884 0.2417506 -0.08216139 -0.9668537 -0.001293306 -0.02725335 -0.9996277 -0.005344967 -0.001625901 -0.9999844 0.1231577 -0.03888609 -0.991625 0.1013617 -0.01822765 -0.9946826 0.1955748 -0.06021752 -0.9788383 0.2868445 -0.1260816 -0.949644 0.3791419 -0.2119336 -0.9007417 0.4604846 -0.3095394 -0.8319491 0.5314895 -0.3590932 -0.7671838 -0.3609765 -0.2474176 0.8991554 0.9930358 0.01759678 -0.1164913 0.9954322 -0.001800516 -0.09545386 0.9706383 -0.06334509 0.2320532 0.9573654 -0.204836 0.2037001 0.9741883 -0.2118645 -0.07791437 0.8068346 -0.571614 -0.1492492 0.8239391 -0.5261392 -0.2104803 0.8346795 -0.5269746 0.1600247 0.9940225 0.003951109 -0.1091043 0.9722256 0.005810073 0.2339735 0.8189067 -0.3298874 0.4696446 0.7738631 -0.4293574 0.4656052 0.859471 -0.476822 0.1842564 0.7857554 0.2999747 0.5409284 0.8072503 0.2343411 0.541693 0.9169918 0.2661938 0.2970974 0.7204114 0.4370659 0.5384987 0.7573887 0.3678192 0.5395103 0.8597805 0.4175438 0.2939979 0.2908503 0.74316 0.6025938 0.3761387 0.7062792 0.5997411 0.4474247 0.8401789 0.3064483 0.4553392 0.6606074 0.5968786 0.5271945 0.6072001 0.5944527 0.625944 0.7209525 0.2973577 0.1087815 0.7877593 0.6063019 0.2008173 0.7704016 0.6051064 0.239329 0.9182126 0.315606 -0.2265153 0.9740053 0.002110917 -0.4383098 0.8987635 -0.01042171 -0.969483 0.2336306 -0.07429314 -0.9467394 0.005314349 -0.3219569 -0.9972121 0.05029274 -0.05512353 -0.9887189 0.148247 0.02139522 -0.8193914 0.1905223 0.5406469 -0.8012115 0.2543181 0.5416479 -0.9101233 0.2888917 0.2970137 -0.7779591 0.3203469 0.540516 -0.7472096 0.3886212 0.5391209 -0.8481244 0.4411076 0.2934434 -0.9944341 0.001141845 -0.1053542 -0.9836007 -0.1378406 -0.1163169 -0.8658642 0.001079813 0.5002779 -0.8658623 0.005430794 0.500253 -0.9721781 0.00608357 0.2341638 -0.8473651 -0.2378949 0.4747404 -0.8657852 -0.116099 0.4867617 -0.9676167 -0.1297657 0.2165153 -0.8656864 -0.02800859 0.4998025 -0.9722542 0.001209723 0.2339238 -0.7359865 -0.5129445 0.4418279 -0.7616197 -0.4623273 0.4540803 -0.842847 -0.5116345 0.1668505 -0.99101 0.05562212 -0.1216777 -0.4159284 0.02882699 0.9089403 -0.4180973 0.009148657 0.9083562 0.8361425 0.5351485 -0.1203405 0.8722984 0.4761237 -0.111363 0.3455814 0.2074327 0.9151749 0.7061812 -0.4890583 -0.5119865 0.7985389 -0.5820765 0.1533705 0.8057462 -0.5780799 -0.128828 0.7746644 -0.6200069 -0.1244444 0.3552471 -0.2587979 0.8982333 0.8325561 -0.5425068 -0.1119673 0.3580686 -0.2278501 0.9054674 0.8463235 -0.5136009 -0.1412464 0.3684431 -0.204753 0.9068219 0.8676343 -0.4850704 -0.1091666 0.8893176 -0.4358325 -0.1384353 0.3947035 -0.1565431 0.9053747 0.9352676 -0.3376501 -0.1061455 0.9492533 -0.2818864 -0.1394926 0.4167621 -0.08816256 0.9047302 0.9757872 -0.1893886 -0.1094131 0.9755313 -0.1219926 -0.1829112 0.4169809 -0.02756078 0.9084973 0.9906522 -0.07827211 -0.1117216 0.9922793 0.004863414 -0.1239281 0.9928046 0.0002151965 -0.1197456 0.4164869 0.001835413 0.9091399 0.9929828 0.0005398672 -0.1182575 0.4132198 -0.00141763 0.9106302 0.9931384 -0.004218079 -0.1168688 0.9917629 -0.01399197 -0.127321 0.4128678 0.007582121 0.9107594 0.9933764 0.01906688 -0.1133126 0.9773978 0.01105358 -0.2111192 0.9923556 0.02628145 -0.1205804 0.4101006 0.02058779 0.9118079 0.9930007 0.05142462 -0.1063258 0.9875366 0.07674982 -0.1374076 0.3959973 0.04998193 0.9168904 0.9833455 0.1502606 -0.1022422 0.9772022 0.173355 -0.1225719 0.3903361 0.08324274 0.9169015 0.9655955 0.2365902 -0.1079373 0.3859501 0.1126584 0.9156149 0.9564282 0.267116 -0.1178733 0.3759903 0.1419989 0.9156788 0.9422728 0.3156939 -0.1116217 0.3622984 0.1735952 0.9157536 0.8805571 0.4582079 -0.1210977 0.9118671 0.3953644 -0.1103876 0.9206459 0.3717663 -0.1191675 0.7897019 0.6018949 -0.1187163 0.3238888 0.2421699 0.9145763 0.7424605 0.659113 -0.1196765 0.340081 0.3191208 0.8845942 0.6971962 0.7081576 -0.1114911 0.6807008 0.7217229 -0.125549 0.3013874 0.3509717 0.8865577 0.6220433 0.7757825 -0.105942 0.6020163 0.7873601 -0.1328177 0.2579483 0.3783308 0.8890042 0.5385154 0.836504 -0.1013024 0.5116394 0.8477711 -0.1396759 0.2118056 0.401262 0.8911381 0.4485003 0.8884238 -0.09772688 0.4121989 0.8992376 -0.1465052 0.1632028 0.4193895 0.8930158 0.3522726 0.9310911 -0.09472824 0.3051045 0.9403367 -0.1505928 0.1130009 0.4335701 0.8940066 0.2508498 0.9634882 -0.09362072 0.192771 0.9696602 -0.1503275 0.06270907 0.4430794 0.8942864 0.1464376 0.9846958 -0.09449951 0.007940717 0.3868455 0.9221103 0.03985323 0.9945414 -0.09643244 0.0773378 0.9861401 -0.1467878 -0.03949215 0.9894095 -0.1396755 -0.03827306 0.389052 0.9204204 -0.068315 0.9925662 -0.1007241 -0.1533471 0.9795388 -0.1303398 -0.08595931 0.3873873 0.9179009 -0.1755223 0.9786068 -0.107334 -0.1351285 0.3759644 0.9167285 -0.3806603 0.9180878 -0.1105101 -0.3135572 0.9421596 -0.1183944 -0.2558185 0.9591071 -0.1211217 -0.4008364 0.9075525 -0.1252146 -0.1778975 0.3546267 0.9179283 -0.4773431 0.872402 -0.1051586 -0.4962989 0.8581251 -0.1315626 -0.2157898 0.3302063 0.9189116 -0.5672312 0.8172684 -0.1015931 -0.5870602 0.7978597 -0.1370412 -0.2499661 0.3029624 0.9196362 -0.6504404 0.7530878 -0.09892428 -0.6703036 0.7288059 -0.1397677 -0.2807389 0.2737546 0.9199153 -0.726044 0.6806659 -0.09774474 -0.7440666 0.6535041 -0.1389148 -0.3078763 0.2432468 0.919806 -0.7923192 0.6021871 -0.09798497 -0.8069368 0.5745985 -0.1367099 -0.3307351 0.2115628 0.919704 -0.8486658 0.5196622 -0.0985778 -0.8595762 0.4932717 -0.1334608 -0.3497942 0.1793856 0.9194916 -0.8955404 0.4336521 -0.09976554 -0.9033718 0.409641 -0.1269398 -0.3671122 0.1482998 0.9182787 -0.9324423 0.3460814 -0.1038218 -0.9423434 0.3130225 -0.1183465 -0.3832382 0.1201007 0.915808 -0.9587481 0.2613646 -0.1117617 -0.3885848 0.0925843 0.9167497 -0.9593054 0.260614 -0.1086898 -0.3990586 0.06170557 0.9148468 -0.9855188 0.1165692 -0.1231432 -0.9766501 0.1840939 -0.1107428 -0.9729462 0.1962345 -0.1219332 -0.9826133 0.01214035 -0.1852665 -0.4170451 0.001968809 0.9088837 -0.9923073 0.02111796 -0.1219848 -0.9925816 0.02654087 -0.118648 -0.4186033 -0.01304154 0.9080755 -0.9925078 0.001490794 -0.1221722 -0.4178019 0.0005571857 0.908538 -0.992737 0.0004857959 -0.1203035 -0.9917801 0.008574037 -0.1276665 -0.413067 -0.05890572 0.9087936 -0.986568 -0.0775856 -0.1437498 -0.9922162 -0.02794221 -0.1213518 -0.3935563 -0.1794163 0.9016226 -0.9332254 -0.3387747 -0.1196747 -0.4139332 -0.117533 0.9026878 -0.957705 -0.2579251 -0.1275765 -0.9781807 -0.1784055 -0.1064613 -0.7865142 -0.5913817 -0.1779412 -0.8340807 -0.5382187 -0.1209547 -0.8339074 -0.5392141 -0.1176719 -0.3666424 -0.2254771 0.9026258 -0.8580872 -0.4954464 -0.1349784 -0.8953479 -0.4264121 -0.128549 -0.8109158 -0.5654546 0.1505874 -0.8012642 -0.3695059 0.4705752 -0.9434974 -0.2648872 0.1991166 -0.9715588 -0.03138679 0.2347093 -0.9060495 -0.4129852 -0.09229016 -0.8909385 -0.4108835 0.1933993 -0.8121004 -0.565571 -0.1436049 -0.8418019 -0.5234068 -0.1319654 -0.7525223 -0.5084616 -0.4185414 -0.9531096 -0.2516143 -0.1681439 -0.8290111 -0.361012 -0.427096 -0.7750202 -0.5008011 -0.3854115 -0.9936195 -0.01952406 -0.1110815 -0.9894527 0.006150327 -0.1447256 -0.9305227 0.2163746 0.2954818 -0.8372258 0.1247525 0.5324376 -0.9485447 0.1413691 0.2833333 -0.8631597 0.05767729 0.5016261 -0.9692335 0.06475117 0.2374735 -0.8706297 0.01750779 0.4916273 -0.9749749 0.01960678 0.2214488 -0.9931398 0.02222149 -0.114802 -0.8331905 0.5506542 -0.05072979 -0.8030295 0.5192575 0.2924298 -0.707623 0.4575704 0.5384227 -0.3840746 0.781004 0.4924626 -0.2911808 0.8184218 0.4953781 -0.3356172 0.9419749 -0.006663078 -0.1923507 0.8453817 0.4983282 -0.09129892 0.8607366 0.5007964 -0.114588 0.993234 0.01886245 -0.9415416 0.150058 -0.3016321 -0.9202077 0.3894228 -0.0395941 -0.948492 0.311578 -0.05729009 -0.883401 0.3637642 0.295429 -0.8811137 0.470711 -0.04549462 -0.7032304 0.7068217 -0.07661691 -0.7735128 0.6303077 -0.06625748 -0.6238599 0.7783628 -0.07035789 -0.5347487 0.8411005 -0.08120203 -0.5163484 0.8010194 0.3029064 -0.4542082 0.7046121 0.5451759 -0.603405 0.7394722 0.2984684 -0.5312136 0.6509894 0.5422406 -0.6808471 0.6703931 0.2949921 -0.5997572 0.5905376 0.5399598 -0.7474179 0.5962637 0.2929779 -0.6586126 0.5253997 0.5386879 0.5900644 0.5488333 0.5921198 0.7007083 0.6499474 0.2942385 0.7285359 0.6792307 -0.08877529 0.6531266 0.7515365 -0.09283559 0.848987 0.5218552 -0.08299531 0.7646198 0.5742032 0.2926556 0.8175444 0.4959954 0.2925914 0.6738014 0.5059886 0.5384861 0.9293778 0.3605555 -0.07909901 0.892366 0.3406742 0.2960135 0.8702074 0.01567531 0.4924362 0.974754 0.01756304 0.2225898 0.8717479 0.04351068 0.4880189 0.9749802 0.0487684 0.2168763 0.8442424 0.1008933 0.5263795 0.9547954 0.1140509 0.2745144 0.8247493 0.1703219 0.5392394 0.9362349 0.1933298 0.2934071 0.8592088 -0.1837953 0.477472 0.9103071 -0.3667017 0.1920181 0.7552092 -0.4768391 0.4497594 0.723744 -0.5287703 0.4433921 0.8656632 -0.05649588 0.4974289 0.8658224 -0.002708247 0.5003441 0.9969278 0.049312 -0.06085483 0.9930032 0.117336 0.01329888 0.9741536 0.203064 -0.09894321 0.1289154 0.9915929 0.01114982 0.003994508 0.9998079 -0.01918663 0.0150285 0.9473622 0.3198108 0.1284132 0.9391652 0.3185573 0.01322421 0.8307734 0.5564537 0.3746193 0.9264091 -0.0377696 0.2624385 0.9649452 -0.002612319 0.3463213 0.8849518 0.3113227 0.5691087 0.8186332 -0.0771683 0.4760789 0.8767993 -0.06761616 0.5410824 0.7850361 0.3015761 0.7933239 0.6016529 -0.09301003 0.8935017 0.4406745 -0.08637535 0.9556772 0.2818442 -0.08511771 0.9066521 0.03893338 -0.4200788 0.9280165 0.1122177 -0.3552358 0.932935 -0.03238911 -0.3585851 0.9972855 -0.05666849 -0.04701296 0.9721779 -0.003043894 0.2342238 0.8659308 0.005186034 0.500137 0.9089012 -0.3739319 -0.1845902 0.8599581 -0.4801713 -0.1729384 0.8887133 -0.2075512 -0.4087923 0.5820797 -0.4247301 0.6933885 0.6058227 -0.3825373 0.6975988 0.6196214 -0.3438191 0.7055903 0.656332 -0.2644006 0.7066262 0.6878618 -0.1470684 0.7107862 0.690101 -0.04505845 0.7223091 0.6885348 -0.002150001 0.7252001 0.6886819 0.004134299 0.7250518 0.6929656 0.0124786 0.7208626 0.695182 0.03464356 0.7179985 0.6696519 0.08006104 0.7383472 0.6527616 0.1348156 0.745471 0.6386801 0.1854109 0.7468002 0.6217976 0.2373846 0.7463353 0.5995392 0.2911622 0.7455047 0.5704206 0.3460691 0.7448869 0.5335274 0.4007104 0.7448353 -0.591284 -0.4115611 0.6935421 -0.6107714 -0.3707538 0.6996427 -0.6421043 -0.2960536 0.7071452 -0.6783238 -0.1904433 0.7096535 -0.6915341 -0.09269891 0.7163711 -0.6893013 -0.02235629 0.7241298 -0.688458 0.0008605684 0.7252757 -0.6886332 0.004330294 0.725097 -0.6934145 0.01394302 0.720404 -0.6871336 0.04593851 0.7250773 -0.6633734 0.09881922 0.7417348 -0.6483653 0.1507463 0.746256 -0.6339173 0.2012151 0.7467673 -0.61569 0.25353 0.7460887 -0.5915351 0.3076596 0.745273 -0.5602836 0.3622985 0.7448638 -0.521535 0.4160326 0.7449283 -0.4748528 0.4675418 0.7456001 -0.4204649 0.5152591 0.7468047 -0.3593611 0.5574678 0.7483911 -0.2925917 0.5930447 0.7501254 -0.221015 0.6212179 0.7518249 -0.1459196 0.6413144 0.7532751 -0.06842532 0.6531406 0.7541388 0.0104903 0.6563013 0.754426 0.446665 -0.6716496 -0.5910814 0.3645044 -0.5364481 -0.761157 0.4235292 -0.5805508 -0.6954018 0.2868612 -0.5466068 -0.7867221 0.2333765 -0.5596703 -0.7951758 0.1867255 -0.4442553 -0.8762253 0.09122956 -0.399445 -0.9122066 0.008276712 -0.3864434 -0.922276 -0.09871474 -0.4682865 -0.8780451 -0.1671421 -0.5282428 -0.8324801 -0.3761014 -0.5258837 -0.7628854 -0.3028234 -0.5058619 -0.8077139 -0.4141066 -0.6201209 -0.6663076 -0.3936781 -0.7442774 -0.5395079 -0.221918 -0.5044434 -0.8344395 -0.2762208 -0.8832653 -0.3788726 -0.2595794 -0.8625364 -0.434338 -0.2367327 -0.8400386 -0.4881525 -0.2054282 -0.8181371 -0.5370763 -0.1652884 -0.7987536 -0.5785088 -0.1163427 -0.7839476 -0.6098283 -0.06013652 -0.7750383 -0.6290463 0.0002837766 -0.7721801 -0.6354037 0.06092575 -0.7750104 -0.6290047 0.1171835 -0.7840079 -0.6095897 0.1659083 -0.7987353 -0.5783566 0.2059085 -0.8179736 -0.5371414 0.2369867 -0.8400601 -0.4879921 0.2596811 -0.8626074 -0.4341361 0.2754497 -0.8838377 -0.3780983 0.001472159 -0.9528161 -0.3035445 -0.005197582 -0.9953147 -0.09654886 -0.03298626 -0.9490297 -0.3134557 -0.009328099 -0.9981955 -0.05931865 -0.05443235 -0.955607 -0.2895727 -0.007605323 -0.998989 -0.04430726 -0.02109631 -0.9962264 -0.08418992 -0.08646186 -0.9523926 -0.2923572 -0.02113918 -0.9979835 -0.0598502 -0.09630253 -0.963328 -0.2504497 -0.01487463 -0.99919 -0.03739149 -0.1206134 -0.9598327 -0.2533249 -0.03027953 -0.9973704 -0.06584348 -0.1187577 -0.9730714 -0.1975568 -0.01661709 -0.9995107 -0.02649935 -0.1297541 -0.9744304 -0.1834373 -0.05510305 -0.9962621 -0.06652408 -0.02153392 -0.9991506 -0.03513404 0.1249526 -0.9772026 -0.1716446 0.01577705 -0.9996052 -0.0232484 0.129902 -0.9688283 -0.2109434 0.1019163 -0.9606083 -0.2585434 0.02916521 -0.9957775 -0.08704298 0.07695617 -0.9582391 -0.2754189 0.01039404 -0.998983 -0.04387486 0.05783896 -0.9549915 -0.2909396 0.02814041 -0.9988257 -0.03943658 0.03640953 -0.9971175 -0.06656656 0.108735 -0.9678086 -0.2269875 0.01487281 -0.9993172 -0.03382285 0.02024641 -0.9988086 -0.04440181 0.01090869 -0.9988994 -0.04561773 0.01396373 -0.9950513 -0.09837682 0.02714146 -0.9508187 -0.3085567 0.002149915 -0.9985086 -0.05455292 0.001482216 -0.9988992 -0.04688555 -0.08292628 -0.02643521 -0.996205 -0.0375714 -0.008192251 -0.9992604 0.03566913 -0.02675011 -0.9990056 0.0520798 -0.03292133 -0.9981001 0.03955807 -0.02402973 -0.9989283 0.08480694 -0.04499491 -0.995381 0.03428593 -0.01577935 -0.9992875 -0.07172648 -0.009119083 -0.9973827 -0.06477834 -0.002464295 -0.9978966 -0.1234024 -0.09649498 -0.9876541 -0.04512098 -0.02805787 -0.9985874 -0.0448259 -0.02788135 -0.9986057 -0.06803863 -0.03591382 -0.9970361 -0.04488823 -0.02248276 -0.998739 -0.007543883 0.0391865 -0.9992034 -0.008148015 0.07791558 -0.9969267 -0.001352323 0.04948898 -0.9987738 0.009047789 0.1130606 -0.9935469 0.006009634 0.03831651 -0.9992476 -0.03184188 0.1134597 -0.9930322 -0.01600402 0.03994889 -0.9990735 -0.02057232 0.05251389 -0.9984083 -0.04306912 0.0795073 -0.9959034 -0.01992741 0.03223135 -0.9992818 0.01816105 0.08282007 -0.996399 0.02096445 0.0590133 -0.998037 0.01308949 0.03834935 -0.9991787 -0.06044464 0.08452896 -0.994586 -0.03143763 0.03515776 -0.9988872 -0.03053485 0.03408875 -0.9989522 0.04263584 0.004217516 -0.9990818 0.08033884 0.002665222 -0.996764 0.04934563 0.1069001 -0.9930445 0.02016498 0.03467189 -0.9991953 0.02843832 0.04781921 -0.9984511 -0.07684836 0.06961182 -0.9946097 -0.03000707 0.02280124 -0.9992896 0.05341089 0.07021476 -0.996101 0.02348745 0.02728738 -0.9993517 -0.06375245 0.04614212 -0.9968985 -0.05801405 0.03305973 -0.9977682 -0.03446834 0.01899882 -0.9992252 0.03996136 0.03242661 -0.9986749 -0.09075822 0.04247402 -0.9949668 -0.04334054 0.01593949 -0.9989332 -0.04403074 0.01621673 -0.9988985 0.06483511 0.06643331 -0.9956822 0.06697353 0.001333904 -0.9977539 0.1229188 0.00131788 -0.9924159 0.05419107 0.0003371431 -0.9985305 0.03594684 0.02046208 -0.9991442 0.0510895 0.0284393 -0.9982891 0.03080753 0.02538316 -0.999203 0.08953219 0.06063205 -0.9941367 0.0709723 -0.0002118297 -0.9974783 0.06964658 -0.001032559 -0.9975712 -0.09199993 0.02582433 -0.9954241 -0.04134341 0.008638311 -0.9991077 0.09245371 -0.030024 -0.9952642 0.04310894 -0.007209592 -0.9990444 0.04337299 -0.007269134 -0.9990325 0.1057768 -0.006221898 -0.9943704 0.04941808 -0.0003534112 -0.9987781 -0.05350838 0.01159609 -0.9985001 -0.08660851 0.01139156 -0.9961773 -0.0395594 0.00264102 -0.9992137 -0.07002084 0.003228831 -0.9975403 0.05389739 0.004961836 -0.9985342 0.08660328 0.01496669 -0.9961304 0.039397 0.009403957 -0.9991794 0.03661692 0.01406618 -0.9992304 0.07538003 0.03336472 -0.9965965 -0.07596514 0.0008058936 -0.9971101 -0.0710617 -3.081023e-06 -0.9974719 -0.07038083 1.767137e-05 -0.9975202 0.05665123 0.01291375 -0.9983105 0.08014676 0.0263186 -0.9964356 -0.05252727 -0.002231577 -0.998617 -0.07108244 7.505131e-06 -0.9974704 -0.07160007 7.858681e-05 -0.9974334 -0.4980947 -0.4788956 -0.7228836 -0.5749831 -0.3054542 -0.7590074 -0.5528219 -0.114739 -0.8253623 -0.6512236 -0.2829938 -0.7041465 0.4965126 -0.1285128 -0.8584636 -0.633741 -0.1852128 -0.751045 -0.4978695 -0.4743183 -0.7260496 0.980179 -0.03246234 -0.195436 -0.5653236 -0.5792833 -0.5872309 -0.504434 -0.4953267 -0.7072467 0.3830833 -0.1231325 -0.9154701 0.3131556 -0.1013387 -0.9442796 0.2416017 -0.1283261 -0.9618529 0.1959668 -0.0937806 -0.9761159 0.1401445 -0.129739 -0.9815943 0.07307004 -0.09429878 -0.9928588 0.618323 -0.1131364 -0.7777383 0.5634348 -0.1406627 -0.8140978 0.5246747 -0.1052659 -0.8447695 0.4827661 -0.1367247 -0.8650105 0.4165902 -0.1063956 -0.9028469 0.03104001 -0.1217207 -0.9920789 -0.0528998 -0.1024816 -0.9933273 -0.05014339 -0.1084503 -0.9928364 -0.13421 -0.1190723 -0.9837731 -0.1629915 -0.09942618 -0.9816049 -0.2419273 -0.1284089 -0.96176 -0.2861335 -0.09709255 -0.9532579 -0.3358025 -0.1329821 -0.9324979 -0.3939621 -0.1018811 -0.9134627 -0.4313875 -0.1290869 -0.8928838 -0.4961169 -0.1142039 -0.8607122 -0.6310462 -0.1432382 -0.7624064 -0.4953429 -0.1158444 -0.8609387 -0.5748195 -0.141476 -0.8059572 -0.5813482 -0.1111154 -0.806032 0.1836269 -0.1303645 -0.9743132 -0.2149821 -0.1451822 -0.9657664 -0.2147927 -0.1460353 -0.96568 -0.192703 -0.131039 -0.9724682 -0.7236456 -0.4464963 -0.5262871 -0.7438995 -0.453344 -0.4910119 -0.6480696 -0.3848868 -0.6571666 -0.876415 -0.005649733 -0.4815235 -0.8940139 0.004723263 -0.4480143 -0.772691 0.002041858 -0.6347791 -0.8520167 0.004707807 -0.5234935 -0.8436313 0.0323632 -0.5359467 -0.5324957 0.01571383 -0.8462868 -0.7219576 0.3033904 -0.6218774 -0.8597649 0.4432037 -0.2537218 -0.4942348 0.2606995 -0.8293176 0.6495392 -0.4028169 -0.6448545 0.6639219 -0.5008344 -0.555313 0.5847224 -0.4207462 -0.6935938 0.646381 -0.5034426 -0.573356 0.6266209 -0.4951408 -0.6018155 0.9099115 -0.2683014 -0.3163471 0.8690683 -0.2748806 -0.4112918 0.8275542 -0.3109976 -0.4673698 0.8336101 -0.2633449 -0.4855344 0.8354329 -0.2610725 -0.4836249 0.6340074 -0.3028811 -0.7115459 0.6780388 -0.3539176 -0.6442094 0.7969988 -0.4620328 -0.388997 0.8435437 -0.4956816 -0.2067216 0.8126017 -0.4935635 -0.3099573 0.6642093 -0.3859866 -0.6401878 0.8992229 -0.0004032604 -0.4374905 0.8659246 -0.03890835 -0.498659 0.7792056 -0.01180786 -0.6266571 0.8841571 -0.06120913 -0.4631628 0.8428684 -0.08293365 -0.5316905 0.8962109 0.0003039904 -0.4436282 0.7698833 9.082781e-05 -0.6381847 0.8946886 0.0008709075 -0.4466896 0.9422913 -0.09301441 -0.3216138 0.7988959 -0.1394443 -0.5850817 0.870491 -0.272807 -0.4096605 0.8990411 0.001131648 -0.4378628 0.8961288 0.0002966638 -0.443794 0.7675071 0.002042402 -0.6410372 0.8962188 0.0002742283 -0.4436122 0.8968636 -6.385993e-05 -0.4423072 0.7671954 0.03907845 -0.6402219 0.7464443 0.02095888 -0.6651178 0.8284833 0.06427308 -0.5563132 0.9684108 0.07045857 -0.2391988 0.9441961 0.2082652 -0.2551848 0.8849473 0.1720463 -0.4327451 0.8800985 0.09754988 -0.4646618 0.7708198 0.1252683 -0.6246156 0.9145555 0.08812079 -0.3947441 0.8972724 0.07743871 -0.4346326 0.9126187 0.09721777 -0.3970842 0.9138892 0.07865014 -0.3982722 0.9092076 0.3461468 -0.2313526 0.9376385 0.3405922 -0.0695058 0.8018969 0.2108149 -0.5590334 0.8453344 0.2599859 -0.4667088 0.9251852 0.2103148 -0.3159113 0.865983 0.498359 -0.04137215 0.8537055 0.5158653 -0.07120254 0.8289878 0.484364 -0.2795904 0.8110706 0.4491941 -0.3746854 0.7628693 0.4017676 -0.50657 0.8439264 0.45112 -0.2903086 0.7785056 0.3558954 -0.5169793 0.908674 0.3686473 -0.1959866 0.9362952 0.3511939 0.0037548 0.9174497 0.2161976 -0.3339829 0.9540553 0.2374502 -0.1827453 0.9722477 0.2211488 -0.07633821 0.7077959 0.6702234 -0.2232163 0.656111 0.5905025 -0.4699203 0.6705952 0.5015455 -0.5465841 0.6020176 0.5011426 -0.6216356 0.5651291 0.7913212 -0.2333235 0.5916302 0.7843005 -0.1866719 0.511374 0.626734 -0.5879635 0.5606548 0.7449612 -0.3615232 0.6022635 0.6668464 -0.438856 0.636571 0.6114014 -0.4700699 0.694942 0.6992949 -0.1674581 0.7209775 0.6920484 -0.03550322 0.3313828 0.7661887 -0.5505818 0.3917942 0.8638934 -0.3165209 0.4196115 0.8822163 -0.2135899 0.4388055 0.8622504 -0.2529307 0.1401897 0.8832664 -0.447423 0.2122597 0.881752 -0.4212591 0.1089766 0.95016 -0.2920962 0.2590948 0.9473681 -0.1880521 0.2779065 0.9596646 -0.04256515 0.2712022 0.8903931 -0.365581 0.341498 0.8659453 -0.365401 0.4504223 0.8923188 -0.02978003 0.4489598 0.733035 -0.5109743 0.5849409 0.8110724 0.00239463 0.7560425 0.5676733 -0.3258018 0.6827466 0.4878287 -0.5439487 0.6542106 0.4324647 -0.6204698 0.3761584 -0.2615133 -0.8888845 0.4142963 -0.2345464 -0.8794013 0.6639658 -0.280955 -0.6929745 0.7296097 -0.1962108 -0.6551114 0.5322965 -0.06093459 -0.8443622 0.5517131 -0.01559982 -0.8338881 0.5487563 0.0004237117 -0.8359823 0.5489653 0.003002616 -0.8358398 0.535535 0.01593738 -0.8443627 0.7834442 0.04938772 -0.6194966 0.6994496 0.09318515 -0.7085808 0.5554469 0.118189 -0.82311 0.5424762 0.158748 -0.8249356 0.5246998 0.2010567 -0.8272039 0.5028699 0.2449825 -0.8289182 0.4766873 0.2901803 -0.8297979 0.4457558 0.3360302 -0.82969 0.4096547 0.3813904 -0.8286884 0.3681847 0.4251229 -0.8268679 0.3209767 0.4661895 -0.8244036 0.2680551 0.5031004 -0.821606 0.2099527 0.5342213 -0.8188574 0.1473035 0.5582807 -0.8164707 0.08114236 0.5741074 -0.8147494 0.0533834 0.8976807 -0.4374008 0.8721427 0.01851297 -0.4889012 0.8960514 0.01724983 -0.4436151 0.8714211 0.01176936 -0.4903944 0.8690834 0.0126646 -0.4945035 0.8371001 0.009485155 -0.5469674 0.8399295 0.004701862 -0.5426751 -0.1229264 0.5651897 -0.815751 -0.2108842 0.9638004 -0.1631461 -0.0557515 0.5776732 -0.814362 -0.068167 0.8686772 -0.4906661 0.01288773 0.5807185 -0.8140024 -0.2471933 0.5153013 -0.8205852 -0.3021865 0.4802786 -0.8234171 -0.5316363 0.8269969 -0.1828633 -0.4915501 0.6162998 -0.6152667 -0.391708 0.8736624 -0.2885809 -0.187129 0.5440533 -0.8179173 -0.3251691 0.8418842 -0.4306926 -0.4663402 0.3063304 -0.8298726 -0.7738972 0.5381457 -0.3338897 -0.4335756 0.3522076 -0.8294347 -0.5603485 0.09208383 -0.8231222 -0.9728505 0.1678182 -0.1593708 -0.551665 0.1324008 -0.82349 -0.8694106 0.1800879 -0.4601017 -0.5367103 0.1734242 -0.8257518 -0.9224364 0.3025189 -0.2399864 -0.5176078 0.2161834 -0.8278568 -0.7414024 0.565867 -0.3607174 -0.3954253 0.3973283 -0.8281118 -0.6885687 0.7056805 -0.1669975 -0.3516399 0.4404766 -0.8260325 -0.5486706 0.0004826802 -0.8360385 -0.5515194 -0.01286643 -0.8340628 -0.8928931 -0.01776499 -0.449918 -0.5490301 0.003191085 -0.8357965 -0.534739 -0.05530801 -0.8432053 -0.5064196 -0.1181672 -0.854152 -0.9148018 -0.1821909 -0.3604776 -0.4118033 -0.2361187 -0.8801511 -0.3770448 -0.2630121 -0.8880664 -0.5945678 -0.4300369 -0.6793802 -0.8088789 -0.36266 -0.4628094 -0.4688566 -0.1933932 -0.8618425 -0.8681431 -0.1274432 -0.4796727 -0.557134 0.04927075 -0.8289597 -0.8416448 0.05520171 -0.5372028 -0.003709217 0.8843966 -0.4667214 -0.05640031 0.927071 -0.370619 -0.3786564 0.8948825 -0.2362302 -0.2377875 0.8653746 -0.4411167 -0.2338636 0.9669175 -0.101874 -0.2129096 0.9702909 -0.1149131 -0.136606 0.8988885 -0.4163392 -0.05731722 0.9252721 -0.3749484 -0.5160758 0.848282 -0.1186734 -0.3716994 0.7069962 -0.601661 -0.6952936 0.7140406 0.08193184 -0.6807342 0.7322252 -0.02114967 -0.5675795 0.706663 -0.4224701 -0.5268984 0.7706355 -0.3584675 -0.5544771 0.8311617 0.04153728 -0.4106285 0.9088781 -0.07297233 -0.3830097 0.9168309 -0.1128034 -0.3763264 0.8952932 -0.2383874 -0.8143918 0.5713535 -0.1015934 -0.800823 0.5832988 -0.1358127 -0.7984543 0.5804992 -0.1596601 -0.8757826 0.4419864 -0.1940435 -0.7576872 0.4155615 -0.5032084 -0.6696427 0.4074065 -0.6209658 -0.9280655 0.04211575 -0.3700279 -0.8808443 0.1104293 -0.4603462 -0.9811758 0.1751304 0.08138391 -0.9806059 0.17593 0.08637573 -0.9852544 0.1705641 0.01347639 -0.9403858 0.1680954 -0.2956663 -0.9403869 0.1680938 -0.2956637 -0.9108489 0.3273879 -0.2513395 -0.8151792 0.2452589 -0.5247198 -0.9367173 0.262848 -0.2312395 -0.9471597 0.3145589 -0.06277832 -0.8533332 0.2911878 -0.432472 -0.8482553 0.3228136 -0.4198265 -0.9013571 0.416632 -0.1182079 -0.7979703 0.5845009 -0.1469765 -0.6360408 0.5730973 -0.5167316 -0.6907216 0.7181425 0.08470595 -0.9335264 -0.007474846 -0.3584307 -0.9131238 0.002613698 -0.4076739 -0.9711693 -0.1933266 -0.139481 -0.9717951 -0.1715993 -0.1617651 -0.7870819 -0.2362283 -0.5698231 -0.8793885 -0.4162412 -0.2311256 -0.6461783 -0.490908 -0.5843483 -0.6728784 -0.5050405 -0.5405263 -0.6492575 -0.4128834 -0.6387425 -0.6672215 -0.3996876 -0.6285422 -0.6282922 -0.3130251 -0.7122248 -0.7602798 -0.3695701 -0.5342215 -0.8793843 -0.4162427 -0.231139 -0.9387971 -0.1685496 -0.300418 -0.8417262 -0.06207098 -0.5363247 -0.9614943 -0.02059641 -0.274052 -0.7640202 0.007903019 -0.645144 -0.8737867 0.007135521 -0.486257 -0.9451361 0.004306343 -0.3266485 -0.8849846 0.01617073 -0.4653394 -0.885749 0.01547545 -0.4639065 -0.8699467 0.01642325 -0.4928722 -0.8895339 0.04079838 -0.4550439 -0.8869311 0.04122516 -0.4600584 -0.9278194 0.0439146 -0.3704359 -0.1410351 0.224679 -0.9641724 -0.1201093 0.2582504 -0.9585825 -0.1717598 0.2114227 -0.9621845 -0.188591 0.1925491 -0.9629944 -0.05700641 0.2662429 -0.9622188 -0.09076272 0.2579369 -0.9618891 -0.2313198 0.1227803 -0.965099 -0.2416529 0.1573077 -0.9575271 -0.2571122 0.0849014 -0.9626448 -0.2598963 0.06114638 -0.9636986 -0.2753526 0.04773054 -0.9601577 -0.2489309 0.1019975 -0.9631355 -0.2024033 0.1629559 -0.9656491 -0.2838668 0.0002648635 -0.9588637 -0.2841218 0.001278133 -0.9587873 -0.2400925 -0.05557958 -0.9691576 -0.2759747 -0.02644932 -0.9608009 -0.2338303 -0.09924979 -0.9671985 -0.2058592 -0.1198434 -0.9712155 -0.2689981 -0.007243544 -0.9631135 -0.274578 0.009158473 -0.9615212 -0.2599947 0.02218178 -0.9653552 0.2218426 -0.09526125 -0.970418 0.2002232 -0.1164847 -0.9728011 0.2555167 -0.03122905 -0.9663001 0.2663212 -0.006577288 -0.9638619 0.2819882 -0.000626274 -0.9594177 0.2443742 -0.0579387 -0.9679485 0.2678004 0.001506706 -0.9634732 0.2740619 0.005794819 -0.9616946 0.2599462 0.0188042 -0.96544 0.2760041 0.0361458 -0.9604765 0.2452614 0.09401467 -0.9648876 0.2713233 0.07631305 -0.9594582 0.251473 0.1253161 -0.9597172 0.225799 0.1361479 -0.9646132 0.2593342 0.05615672 -0.9641536 0.1708167 0.1973979 -0.9653268 0.2029526 0.1848586 -0.9615807 0.03858219 0.2691292 -0.962331 0.07849743 0.2826106 -0.9560175 0.1275205 0.2364442 -0.9632407 0.09725093 0.2520947 -0.9628035 0.1575957 0.2341408 -0.9593444 0.2084254 0.1591136 -0.9650087 0.004072644 0.2820193 -0.9594001 -0.02735676 0.3017284 -0.9530014 -0.5393358 -0.4528034 -0.7099901 -0.6227021 -0.5260546 -0.5792311 -0.6244803 -0.4961209 -0.6032316 -0.3999161 -0.3178535 -0.8596722 0.0737338 0.9048407 -0.4193168 0.07614361 0.8917045 -0.4461674 0.1268837 0.9675459 -0.2185304 -0.3699903 -0.2628123 -0.8910875 -0.4139645 -0.211204 -0.8854526 -0.5221144 -0.4642548 -0.7154467 -0.1985338 0.5901646 -0.7824896 -0.213675 0.7382507 -0.6397882 -0.5969104 0.3201645 -0.735658 -0.5485695 0.3066452 -0.7778433 -0.5236447 0.5367283 -0.6616034 -0.4411479 0.5757329 -0.6884186 -0.4185591 0.7269889 -0.5443303 -0.3924601 0.7360469 -0.5515524 -0.3012407 0.7798572 -0.5487047 -0.2717722 0.8624138 -0.4270623 -0.2317848 0.8633471 -0.4482272 -0.1344766 0.9657259 -0.2220122 -0.1006702 0.5545138 -0.8260629 -0.1561079 0.1811253 -0.9709912 -0.1928523 -0.02432104 -0.9809263 -0.5599495 -0.5379991 -0.6300901 -0.6224695 -0.6566446 -0.4258516 -0.6216675 -0.6483398 -0.4395282 -0.5649088 -0.5607794 -0.6053136 -0.5759021 -0.6507963 -0.4947737 -0.6377635 -0.149112 -0.7556608 -0.5564162 -0.5703732 -0.6042147 -0.6079066 -0.3197347 -0.7267869 -0.6394612 0.09202749 -0.7632957 -0.5510681 -0.6590029 -0.5118976 -0.5508887 -0.4492492 -0.7033468 -0.5510674 -0.6421422 -0.532896 -0.5797942 -0.374543 -0.7235719 -0.5185073 -0.7208999 -0.4598407 -0.5605674 -0.05984078 -0.8259438 -0.4967797 -0.2050581 -0.8433037 -0.300209 0.4717417 -0.8290563 -0.4183505 0.0002365846 -0.9082856 -0.3622928 0.3435814 -0.866427 -0.3177489 0.2127163 -0.9240062 -0.2437618 0.5506981 -0.7983181 -0.2052152 0.4082167 -0.88952 -0.2677908 0.6729507 -0.689511 -0.3966252 0.4622258 -0.7931178 -0.4999725 0.2105207 -0.8400646 -0.6056558 0.01480783 -0.795589 -0.6065097 0.3165174 -0.7293578 -0.2152578 0.1453228 -0.9656839 -0.3095378 -0.008076675 -0.9508528 -0.6123121 -0.3492907 -0.7092742 -0.5591518 -0.5306185 -0.6370191 -0.5286055 -0.6165069 -0.58352 -0.5052924 -0.6811749 -0.5297927 -0.5655206 -0.6350693 -0.5261876 -0.5709032 -0.6427256 -0.5108555 -0.5674967 -0.6597999 -0.4925561 0.5936946 0.1344149 -0.7933848 0.489312 -0.546795 -0.6794034 0.4083537 -0.6314515 -0.6591785 0.4615505 -0.480261 -0.7458689 -0.3982768 -0.5717842 -0.7172436 -0.4077066 -0.5758004 -0.7086813 -0.4746419 -0.4155955 -0.7758837 -0.5472433 0.4258002 -0.7205685 -0.2630916 0.9000167 -0.3474949 0.265706 0.8986214 -0.3491131 0.222955 0.9061607 -0.3593937 0.1527074 0.9101579 -0.3850883 0.1838404 0.910103 -0.3713695 0.1136335 0.9186951 -0.378268 0.08282968 0.8964372 -0.4353614 0.03972505 0.8974684 -0.4392862 -0.005803683 0.8947261 -0.4465776 -0.0457382 0.8918001 -0.4501118 -0.08537863 0.8941945 -0.4394618 -0.1141197 0.9199255 -0.3751183 -0.2292449 0.9015452 -0.3669646 -0.1966354 0.9063663 -0.3739446 -0.1536659 0.9149903 -0.3730678 -0.5975737 -0.1623579 -0.7852041 -0.5114651 -0.5206841 -0.6835873 -0.528578 -0.5632472 -0.6351046 -0.6015347 0.1301745 -0.7881691 -0.5265191 0.1762367 -0.831696 -0.5316722 -0.1090626 -0.8398988 -0.4579745 -0.05167083 -0.8874624 -0.4437663 -0.3425034 -0.828108 -0.484246 -0.5254105 -0.6996068 -0.4291716 -0.6892168 -0.5837739 -0.4292217 -0.6892005 -0.5837563 -0.08455983 0.5712466 -0.816411 -0.1898943 0.3304053 -0.9245391 -0.1577183 0.6107229 -0.7759784 -0.2781806 0.3034389 -0.9113399 -0.2453318 0.5431664 -0.8029836 -0.3629394 0.2664049 -0.8929185 -0.4470496 0.2226344 -0.8663605 -0.377837 0.004507644 -0.9258612 -0.2914638 -0.08047005 -0.9531912 -0.3319012 -0.5488012 -0.767241 -0.3614301 -0.3601702 -0.8600266 -0.3262765 -0.2252508 -0.9180445 -0.2983051 -0.2838806 -0.9112771 -0.2549264 -0.4244249 -0.868836 -0.09021872 0.08429565 -0.9923481 -0.1193876 -0.270655 -0.9552447 -0.1610331 -0.2714851 -0.9488752 -0.1921304 -0.03358942 -0.9807944 -0.1696586 -0.3216867 -0.9315222 -0.2446355 -0.3149627 -0.9170343 -0.3406309 -0.5426298 -0.7678043 -0.3897003 -0.4731905 -0.7900788 -0.4046168 -0.5841508 -0.7036001 0.4677605 0.4605585 -0.7543779 0.5413408 0.4303338 -0.7223316 0.5182323 0.181222 -0.8358193 0.438063 0.2276985 -0.8696288 0.3916281 0.4921684 -0.7774302 0.3150072 0.5214697 -0.7929942 0.3554861 0.2708159 -0.8945884 0.2679155 0.306955 -0.9132359 0.2951408 -0.04146476 -0.9545536 0.1955278 -0.04572564 -0.9796316 -0.01906868 0.1164398 -0.9930147 0.08915907 0.04435924 -0.9950291 0.05449207 -0.2218332 -0.9735608 0.08088947 -0.3735664 -0.9240698 0.273764 -0.4111155 -0.8695041 0.2501012 -0.3819494 -0.8896989 0.1920666 -0.3419509 -0.9198804 0.1273397 -0.2332618 -0.9640402 0.1920666 -0.3419517 -0.9198801 0.5242525 -0.1007361 -0.8455836 0.4017443 -0.4015884 -0.8229996 0.3724448 -0.4204239 -0.8273624 0.3625855 -0.05394594 -0.9303879 0.4487327 -0.04368224 -0.8925978 0.5274393 -0.5029119 -0.6847536 0.4559074 -0.6837486 -0.5697687 0.4498948 -0.6860458 -0.571783 0.5922235 -0.1563737 -0.7904547 0.4083562 -0.6314498 -0.6591785 0.412231 -0.4726975 -0.7788598 0.3466166 -0.6133993 -0.7096465 0.3618932 -0.4339069 -0.8250807 0.3072277 -0.2802223 -0.909443 0.3078037 -0.2866034 -0.9072571 0.4395679 0.6827616 -0.5836237 0.3763895 0.6999239 -0.6069905 0.3135304 0.717178 -0.622378 0.2509341 0.7332778 -0.6319302 0.1870426 0.7467286 -0.6382879 0.2358932 0.545838 -0.8039995 0.1481035 0.6124941 -0.7764768 0.1784851 0.3329328 -0.9259043 0.07489205 0.5721421 -0.816728 -0.004613438 0.5740454 -0.8188105 -0.4428288 0.6825488 -0.5814033 -0.3829812 0.6981905 -0.6048599 -0.320432 0.7154395 -0.6208621 -0.2568959 0.7316379 -0.6314353 -0.4757239 0.4572594 -0.7513991 -0.400057 0.488864 -0.7752202 -0.322105 0.518475 -0.7921061 -0.1947869 0.7452253 -0.6377282 -0.01483945 -0.2522821 -0.9675399 -0.05701183 -0.2700507 -0.9611567 -0.06726382 -0.3403523 -0.9378891 0.1478058 -0.8619845 -0.4849084 0.2845433 -0.8301031 -0.4795456 0.2602608 -0.8842989 -0.3876593 0.9945398 -0.024628 -0.1014107 0.9999936 0.00265554 0.002415862 0.9999899 -0.002128383 -0.003948752 0.7076588 -0.7007219 -0.09059755 0.6909197 -0.7138454 -0.1142572 0.9809017 -0.01606658 -0.1938392 0.7250715 -0.6881436 -0.02701188 0.7002923 -0.7110724 -0.06298256 0.9953794 -0.006152498 -0.09582254 0.7123149 -0.6835538 0.1592535 0.705089 -0.6982631 0.1236052 0.9759038 0.07382999 0.2053314 -0.1898184 -0.6625616 0.7245558 -0.1627802 -0.6707683 0.7235831 -0.2039521 0.2003715 0.9582561 -0.9617941 -0.237562 -0.136075 -0.8850181 -0.3948774 -0.2466066 -0.9260484 -0.2845781 -0.2478905 -0.6397149 -0.7022931 -0.3123288 -0.6351542 -0.7210752 -0.2768207 -0.9230485 -0.03390314 -0.3831868 -0.8755665 -0.1070064 -0.4710977 -0.824227 -0.1369535 -0.5494484 -0.830973 -0.05894384 -0.5531812 -0.6059895 -0.7037885 -0.3707538 -0.603831 -0.723679 -0.334181 -0.8812102 -0.04465061 -0.4706112 -0.1042705 -0.9603362 0.2586156 -0.2046343 -0.9440219 0.2587423 -0.1879014 -0.8344893 0.5179968 -0.479766 -0.7726521 0.4157322 -0.4456006 -0.6377451 0.6282685 -0.3708374 -0.7265989 0.5783888 -0.5566188 -0.7156115 0.4219901 -0.5222123 -0.597492 0.6085209 -0.9490053 -0.002305676 0.3152518 -0.9999946 -0.002428866 -0.002204812 -0.9999223 0.006475761 -0.01065434 -0.9596426 0.2638251 0.09737802 -0.8321221 0.5266061 0.1739504 -0.8581496 0.4561792 0.2355414 -0.8938551 -0.315092 -0.3189671 -0.7902514 -0.3958006 -0.4678082 -0.7876207 -0.4496425 -0.4212782 -0.1575925 -0.608651 -0.7776301 -0.2978749 -0.6133339 -0.7314999 -0.2832349 -0.4844188 -0.8277176 0.9383941 0.02355212 0.3447633 0.9999303 0.01131851 -0.00334955 0.999997 -0.002067753 0.001319979 0.9571757 -0.2874089 0.03479636 0.9555357 -0.2948215 -0.005643312 0.9224767 -0.3858831 -0.01144015 0.9247487 -0.3783838 0.04081104 0.923627 -0.3540764 0.1467755 0.9559452 -0.2689166 0.1176974 0.3926029 0.7618051 0.5152824 0.3604773 0.8509828 0.3819481 0.4921557 0.7433399 0.4530215 0.9540326 0.2899778 0.07572809 0.9999952 -0.00308463 -0.0002284473 0.9998138 -0.01929844 8.617004e-05 0.6916608 -0.487704 -0.5326821 0.6855662 -0.5631969 -0.4613115 0.7867722 -0.3954083 -0.4739639 0.9632397 -0.0009258993 -0.2686419 0.9160567 0.1978409 -0.348854 0.8951531 0.2956302 -0.3336221 0.7460574 0.4327325 -0.5061036 -0.9599997 0.003905557 -0.2799738 -0.960477 0.0006622014 -0.2783584 -0.9064035 -0.1828284 -0.3807972 -0.6259269 -0.6393048 -0.4466597 0.7159205 0.02334873 0.6977913 0.7047904 -0.01083301 0.7093329 0.9999968 0.0001694253 -0.002508237 0.7137921 -0.03852562 0.6992972 0.7038091 -0.06323418 0.7075692 0.9948922 -0.1009207 -0.002146183 0.7097389 -0.09080091 0.6985885 0.6971457 -0.1155686 0.7075534 0.9800033 -0.1989671 -0.002378733 -0.5861112 -0.4357425 0.6830828 -0.5986935 -0.3853911 0.702168 -0.8316458 -0.5550893 -0.01552822 0.07683433 0.8658904 0.4942978 0.1221792 0.8365686 0.5340649 0.07604551 0.8064031 0.5864564 0.4206429 0.8326795 0.3601449 0.4401954 0.8445186 0.3049858 0.536853 0.7955714 0.2808114 -0.2338894 0.4004705 0.8859566 -0.2742938 0.5131584 0.8132843 -0.2845592 0.3498052 0.8925595 -0.7903181 0.4107122 0.4546569 -0.79066 0.4104399 0.4543081 -0.8419064 0.2975056 0.4502043 -0.4940609 0.8605059 0.1242311 -0.466627 0.8765525 0.1179618 -0.544771 0.826848 0.1398102 -0.3990068 0.8422197 0.3625735 -0.5238804 0.776328 0.3505197 -0.420964 0.8510724 0.3137916 -0.5564835 0.7817967 0.281283 -0.3395153 0.8919176 0.2986843 -0.3181545 0.9016584 0.2928989 -0.5295336 0.8276908 0.1858012 -0.4194959 0.8777142 0.2316053 -0.3205803 0.9389583 0.1248425 -0.4210494 0.8908506 0.1705948 -0.4467039 0.8738365 0.1920035 -0.4280874 0.8864752 0.1757921 -0.626464 0.7588938 0.1778287 -0.3585017 0.9180086 0.1695193 -0.7005468 0.6785072 0.2210477 -0.8082189 0.5580849 0.1879455 -0.8065258 0.5595455 0.1908533 -0.803034 0.5615676 0.1994445 -0.6462871 0.5437319 0.5354144 -0.6399253 0.5811313 0.5027743 -0.8736148 0.3650339 0.3217877 -0.8463474 0.4055325 0.3453107 -0.863721 0.45433 0.2181061 -0.7570927 0.4296031 0.4921909 -0.9501312 0.2806713 0.1359205 -0.9384277 0.2668962 0.2193623 -0.9309819 0.2871426 0.2254368 -0.9841106 0.1247787 0.1263191 -0.9402601 0.2723863 0.2042463 -0.9279081 0.2835615 0.2420318 -0.9216946 0.3032179 0.2419464 -0.910421 0.3182364 0.264309 -0.974002 0.1878514 0.1266171 -0.9104174 0.3182358 0.2643221 -0.8987655 0.330244 0.288374 -0.9462299 0.2331555 0.2242488 -0.8941038 0.3256072 0.3075035 -0.8385555 0.4689343 0.2773541 -0.9215496 0.2892485 0.2590011 -0.9154037 0.3333665 0.2256165 -0.9336991 0.25257 0.2538001 -0.902441 0.263693 0.340685 -0.888631 0.3175474 0.3309057 -0.8412344 0.4490213 0.3011719 -0.8222896 0.4499518 0.3484009 -0.9273878 0.2199326 0.3026245 -0.8689888 0.2993169 0.3940405 -0.8873217 0.2659633 0.3767276 -0.8564676 0.3189379 0.405884 -0.7821391 0.4893346 0.385759 -0.7820092 0.4308651 0.450352 -0.7919841 0.3206325 0.5195728 -0.7321774 0.4894241 0.4736879 -0.6511 0.5353485 0.5380249 -0.6462029 0.567976 0.5097304 -0.7372594 0.3361164 0.5860669 -0.7564785 0.3831983 0.5299993 -0.7164351 0.4921967 0.4944322 -0.610049 0.3500862 0.7108304 -0.5282615 0.5651295 0.6336943 -0.4878797 0.6617714 0.5692381 -0.6765327 0.3451695 0.6505087 -0.6566476 0.3385005 0.6739668 -0.6107594 0.548675 0.5709016 -0.7146748 0.3523249 0.6042409 -0.4572947 0.3524223 0.8165048 -0.4259088 0.346615 0.8357391 -0.4238885 0.5459941 0.7226403 -0.5370163 0.3520224 0.7666119 -0.5092117 0.3494079 0.7865225 -0.4900632 0.552953 0.6738553 -0.5862031 0.3436758 0.7336572 -0.3735085 0.3512699 0.8585458 -0.3312547 0.3763661 0.8652276 -0.351842 0.5294807 0.771918 -0.4259108 0.3465943 0.8357466 -0.3313011 0.3767486 0.8650434 -0.0473162 0.4343499 0.8995006 -0.1058261 0.4850914 0.8680364 -0.09560731 0.3707326 0.9238055 -0.140225 0.4154887 0.8987247 -0.1965418 0.353297 0.9146325 -0.1425414 0.4145572 0.8987904 -0.194111 0.5119759 0.8367805 0.002951312 0.3600995 0.9329092 -0.01108815 0.4658693 0.8847841 -0.04649126 0.4347925 0.8993298 0.1059341 0.3512634 0.9302645 0.04684742 0.5267646 0.8487193 0.09836228 0.3638207 0.926261 0.2038317 0.3654392 0.9082438 0.2038317 0.3654407 0.9082432 0.1937878 0.361077 0.9121785 0.133229 0.5231611 0.8417556 0.1059355 0.3512648 0.9302638 0.2207568 0.5152082 0.8281467 0.2865273 0.3566301 0.8892228 0.2940528 0.3943912 0.8706254 0.3795744 0.4418552 0.8128267 0.3809664 0.4076761 0.8298583 0.375664 0.356329 0.8555152 0.2927022 0.5394245 0.789523 0.2968261 0.4318361 0.8517111 0.3850403 0.5070118 0.7711569 0.4604398 0.3545649 0.8138052 0.4579066 0.4460522 0.7689987 0.5396295 0.352554 0.7645297 0.4918751 0.4845472 0.7233761 0.4565229 0.4561129 0.763903 0.5861975 0.4885151 0.6463169 0.5455766 0.5413735 0.639735 0.6115221 0.3502389 0.7094881 0.5528248 0.4038951 0.7288714 0.525038 0.4740655 0.7068218 0.635761 0.3616268 0.681934 0.6774963 0.3458809 0.6491264 0.5797303 0.6005952 0.5506344 0.7703575 0.3177195 0.5528143 0.6566714 0.5424921 0.5239132 0.736866 0.3372563 0.5859067 0.713417 0.3148094 0.6260441 0.6458489 0.4867726 0.5881595 0.7915143 0.3226127 0.5190627 0.7975211 0.3867256 0.4630372 0.7230018 0.5047314 0.4717146 0.7703577 0.3177191 0.5528142 0.7893295 0.4685197 0.3967975 0.7898407 0.4073211 0.4585206 0.8404634 0.301365 0.4503336 0.7898138 0.4072501 0.45863 0.7976388 0.386977 0.4626243 0.8701989 0.2809174 0.4047707 0.8853241 0.2693632 0.3790049 0.8702961 0.2812575 0.4043253 0.8200978 0.4665855 0.3312667 0.9264553 0.2216296 0.3042382 0.8984324 0.2843617 0.3346008 0.8966096 0.368003 0.2463028 0.9192724 0.2980269 0.2571345 0.9437965 0.2371327 0.2302525 0.849092 0.4485359 0.2790311 0.8915011 0.3322012 0.3080069 0.8440315 0.4446287 0.2998604 0.8831736 0.3389314 0.3242375 0.8812477 0.3605865 0.3055813 0.9031453 0.3325384 0.2715637 0.9721973 0.1937388 0.1315208 0.9171909 0.3105617 0.2496244 0.9219517 0.2921629 0.2542554 0.9416345 0.2706417 0.2001936 0.9835394 0.1310104 0.1244448 0.9396044 0.2649707 0.2166428 0.9309784 0.2916513 0.2195876 0.932497 0.2901387 0.2151021 0.9066292 0.3561503 0.2262311 0.8136922 0.542891 0.2077846 0.806287 0.5186731 0.2843931 0.8653877 0.4501041 0.2202507 0.7950798 0.4753224 0.3767185 0.8728095 0.4100622 0.2646743 0.8685642 0.3939411 0.3006769 0.9523365 0.2715074 0.1390644 0.6739002 0.5616319 0.4800293 0.8035431 0.559599 0.2028975 0.6649094 0.5886913 0.4597153 0.7056695 0.6711677 0.2270782 0.6536885 0.6679007 0.3558089 0.5419666 0.7929133 0.2784971 0.5611652 0.7840974 0.2651131 0.5671246 0.7637958 0.3081973 0.6078307 0.7446758 0.2756806 0.6169058 0.7054582 0.3489356 0.6282423 0.6961714 0.3473571 0.4726011 0.8718707 0.1284118 0.5974196 0.7948279 0.106482 0.6134033 0.7704745 0.1735092 0.2553675 0.9494468 0.1825878 0.4632265 0.8666072 0.1855077 0.468501 0.8549589 0.222603 0.2917467 0.9441345 0.1532774 0.3962266 0.9096039 0.1250006 0.5285576 0.8363146 0.1456184 0.2880076 0.9449872 0.1550831 0.3332438 0.9134595 0.2335386 0.4744529 0.8624383 0.1763365 0.5147623 0.8372922 0.1842865 0.4439464 0.8508842 0.2809051 0.3306002 0.771938 0.5429689 0.3013094 0.7271075 0.616869 0.4322456 0.8332708 0.3447079 0.4111108 0.7919603 0.4514275 0.5196437 0.7758869 0.3577289 0.1910383 0.9308671 0.3114336 0.2509131 0.9143328 0.3178651 0.2162687 0.9335175 0.2859596 0.2475248 0.9142438 0.3207642 0.2795561 0.9032266 0.3256226 0.2680183 0.849938 0.4536205 0.3555428 0.8945932 0.2707254 0.1095896 0.9375473 0.3301443 0.108792 0.9512845 0.2884824 0.1608515 0.9199587 0.3574953 0.1104735 0.9523443 0.2843167 0.1408592 0.946528 0.2902471 0.1577165 0.940825 0.2999565 0.2542861 0.8681579 0.426193 0.08401435 0.8697834 0.4862288 0.1167399 0.9047579 0.4096157 0.2128743 0.7904854 0.5742972 0.02774236 0.8942938 0.4466195 0.07153616 0.8263505 0.5585942 0.0715544 0.8261211 0.558931 0.09563126 0.6934638 0.7141167 0.03664839 0.6925506 0.7204377 0.0343743 0.7844767 0.6192049 0.02006011 0.7706176 0.636982 0.002438779 0.6963367 0.7177111 0.006475747 0.7745132 0.6325246 -0.0423907 0.696501 0.7163026 -0.02265686 0.5970568 0.801879 -0.008788867 0.7747455 0.6322121 -0.04519236 0.9089564 0.4144344 -0.04519203 0.9089638 0.4144182 -0.06497616 0.8280428 0.5568871 -0.04843447 0.8789824 0.474388 -0.03008017 0.7356381 0.6767065 -0.1328755 0.9688867 0.2088123 -0.104874 0.9468661 0.3040495 -0.1600892 0.9170757 0.3651625 -0.09721515 0.9672463 0.2344861 -0.1087226 0.9325757 0.344212 -0.2556422 0.8646547 0.4324573 -0.223116 0.9314285 0.287507 -0.2201517 0.952491 0.2104618 -0.1488438 0.9179899 0.367614 -0.1438614 0.9700093 0.195923 -0.1328737 0.9688848 0.2088227 -0.3390953 0.7981448 0.4979751 -0.3700719 0.8434986 0.3893031 -0.3557182 0.7908397 0.4980333 -0.3784858 0.8371798 0.3948145 -0.3679619 0.773206 0.5164848 -0.2990734 0.9129739 0.2775495 -0.2537637 0.8542103 0.4537937 -0.2201514 0.9524927 0.2104543 -0.09871382 0.9951112 -0.003047683 -0.1962966 0.980536 -0.004099724 -0.1198271 0.7047141 0.6992993 -0.2921027 0.9563735 -0.005076773 -0.1709343 0.6940777 0.6993123 -0.1439077 0.6919722 0.7074356 -0.3847095 0.9230173 -0.00614238 -0.2298277 0.6791337 0.6971059 -0.1943465 0.6790077 0.7079393 -0.4734111 0.8808112 -0.00731898 -0.2932167 0.6547037 0.6966972 -0.2576441 0.6579643 0.7076033 -0.4089686 0.5773595 0.7066829 -0.391406 0.6000808 0.697642 -0.5573621 0.8302251 -0.008589301 -0.3479082 0.6260594 0.6978607 -0.3190644 0.6308824 0.7072378 -0.4423781 0.5657036 0.6959031 -0.6358354 0.771762 -0.009834282 -0.4617181 0.5363567 0.706497 -0.4940401 0.5215328 0.6956493 -0.7080859 0.7060434 -0.01081868 -0.5106039 0.4902247 0.7063734 -0.5353549 0.4764303 0.6974305 -0.7735008 0.6336912 -0.01148384 -0.5461797 0.4515964 0.7055129 -0.5686791 0.4363113 0.6973066 -0.8313501 0.5556381 -0.01110421 -0.5775445 0.4098963 0.7059939 -0.6052086 0.3878026 0.6952207 -0.8813379 0.4723723 -0.01039122 -0.6136883 0.3535496 0.705967 -0.6390943 0.328918 0.6952492 -0.9230068 0.3846785 -0.008991726 -0.6442708 0.2937538 0.706133 -0.6639402 0.2717917 0.6966439 -0.955975 0.2933552 -0.007383027 -0.6803371 0.2264225 0.6970468 -0.7096539 0.09994145 0.697426 -0.6937277 0.1309893 0.7082258 -0.9802614 0.1976217 -0.005774853 -0.6976208 0.1667703 0.6967875 -0.6790423 0.1961149 0.7074182 -0.7021781 0.06452011 0.709072 -0.9949816 0.09994563 -0.004749833 -0.7137586 0.03804554 0.6993577 -0.9999966 -0.000975552 -0.002421094 -0.7065575 0.01237418 0.7075475 -0.7149888 -0.01407595 0.6989942 -0.9949106 -0.1007592 -0.0007419379 -0.7057637 -0.03974905 0.7073313 -0.7139478 -0.07508242 0.6961617 -0.9798992 -0.1994783 -0.002457623 -0.7002145 -0.1064437 0.7059528 -0.7048878 -0.1428044 0.694795 -0.9559106 -0.2935447 -0.008154658 -0.6895319 -0.2005422 0.6959372 -0.6735995 -0.2502741 0.6954327 -0.9215236 -0.3880869 -0.01352256 -0.6524296 -0.2721616 0.7072932 -0.6224338 -0.3853342 0.6812442 -0.8783217 -0.4777808 -0.01662973 -0.624449 -0.3329228 0.7065592 -0.6515779 -0.3095416 0.6925534 -0.7048292 -0.7088442 -0.02748796 -0.515389 -0.5142789 0.6854863 -0.5535347 -0.468508 0.6885489 -0.4269482 -0.6012944 0.6753964 -0.4276829 -0.5713084 0.7004955 -0.6300152 -0.7760651 -0.02835197 -0.4677487 -0.5594795 0.6842469 -0.362058 -0.6002411 0.7131793 -0.4129237 -0.7678381 0.489815 -0.5526455 -0.8330557 -0.02452088 -0.3794048 -0.5973532 0.7065559 -0.567924 -0.8211641 0.05614105 -0.4889374 -0.8491568 0.1996822 -0.3182191 -0.5967582 0.7366249 -0.4053635 -0.8790028 0.2510667 -0.2718337 -0.6158893 0.7394503 -0.2898361 -0.6407722 0.7109191 -0.3061917 -0.9138233 0.2667837 -0.1550031 -0.6396152 0.7529053 -0.1652274 -0.6697254 0.7239944 -0.2100978 -0.625636 0.7512912 -0.2251095 -0.6621182 0.7147903 -0.01477251 -0.6558938 0.7547086 -0.06078965 -0.6601664 0.7486554 -0.09670027 -0.6419482 0.7606258 -0.1188978 -0.6571296 0.7443413 0.09341549 -0.9612742 0.2592787 0.03673003 -0.6434378 0.7646167 -0.003597168 -0.96755 0.2526539 0.03034181 -0.6666173 0.7447823 0.2036478 -0.9422921 0.2657314 0.1084608 -0.6665694 0.7375103 0.07275601 -0.6571012 0.750283 0.2998195 -0.9180291 0.2594817 0.1732763 -0.6559231 0.7346702 0.1355698 -0.6258616 0.7680613 0.4011953 -0.8828509 0.244165 0.2373891 -0.6419666 0.7290578 0.1965767 -0.6234596 0.7567402 0.3397937 -0.6043627 0.720615 0.309056 -0.6074399 0.7317795 0.4895363 -0.8492255 0.1979148 0.2953354 -0.623764 0.7236681 0.258201 -0.6142192 0.745699 0.6328486 -0.7737598 -0.02825574 0.413574 -0.6027125 0.6824179 0.5501513 -0.8346863 -0.02514663 0.3674573 -0.6090219 0.7028993 0.3697831 -0.5907145 0.7171588 0.7022026 -0.7113368 -0.03019087 0.5039699 -0.5229772 0.6873931 0.4608551 -0.5647861 0.6845651 0.7699594 -0.6377037 -0.02228161 0.5409661 -0.4903141 0.6833357 0.5172783 -0.4965181 0.6970602 0.8304366 -0.5568018 -0.01862238 0.5807621 -0.4364082 0.6872142 0.5445731 -0.4510194 0.7071221 0.6192855 -0.3509443 0.7023699 0.6345969 -0.3719418 0.6774556 0.5854317 -0.3980481 0.7062772 0.6645929 -0.2754619 0.6945768 0.6456088 -0.3205973 0.6931138 0.7021647 -0.1523112 0.6955329 0.6845248 -0.1817141 0.7059786 0.6859642 -0.2188385 0.6939473 0.6661479 -0.2462172 0.7040057 0.7032851 0.05585478 0.7087103 0.994996 0.09980718 -0.004636333 0.7110156 0.09115813 0.6972425 0.9801949 0.1979556 -0.005613102 0.6956449 0.1223659 0.7078875 0.6999188 0.1522635 0.6978033 0.9561293 0.2928361 -0.007982414 0.6881541 0.1999685 0.6974644 0.9231102 0.3844077 -0.009915957 0.6697304 0.2592359 0.6958864 0.6709355 0.2236787 0.7069748 0.8814309 0.4721825 -0.01110557 0.6425007 0.3214744 0.6955912 0.6471503 0.2861775 0.7066109 0.8313524 0.5556231 -0.01166749 0.6113553 0.3741 0.6973477 0.6172954 0.3463133 0.7064088 0.7734439 0.6337676 -0.01109984 0.5826445 0.4175583 0.6972592 0.590751 0.3916091 0.7054471 0.7080534 0.7060832 -0.01034321 0.5468035 0.4664795 0.6952718 0.5599313 0.4337251 0.7059457 0.6357954 0.7718023 -0.009241976 0.5002557 0.516015 0.6953221 0.5165336 0.4845706 0.7059634 0.3842342 0.5936666 0.707053 0.4128866 0.5859152 0.6973005 0.557554 0.8300986 -0.008356655 0.4528974 0.5560128 0.696946 0.4681322 0.5312925 0.7061024 0.3612024 0.6199946 0.6965196 0.4734038 0.8808147 -0.007364336 0.3263445 0.6269447 0.7074176 0.3008031 0.6511065 0.6968341 0.3846756 0.9230315 -0.006127306 0.2652732 0.6547363 0.7077786 0.243382 0.6724327 0.6989989 0.2917278 0.9564898 -0.004703762 0.2162748 0.6732428 0.7070851 0.1937026 0.6884252 0.6989636 0.1963185 0.980535 -0.003196986 0.1661267 0.687037 0.7073769 0.1354092 0.7043259 0.6968424 0.09855358 0.995129 -0.002323826 0.1004704 0.6996515 0.7073849 -0.09233679 0.7002955 0.7078561 -0.06155307 0.7138075 0.6976318 0.0002613847 0.9999972 -0.002337891 0.002191107 0.7167684 0.6973079 0.06801439 0.7140867 0.6967454 -0.4090241 -0.7175566 -0.563748 -0.5592415 -0.7177211 -0.4148799 -0.4963903 -0.7055069 -0.5058228 -0.6047765 -0.7024621 -0.3752232 -0.6982217 -0.4745493 -0.5359939 -0.8888743 -0.2891263 -0.3553989 -0.9438939 -0.01360083 -0.3299688 -0.9400689 -0.04737551 -0.3376775 -0.9759136 0.01762308 -0.2174444 -0.8799256 0.03607546 -0.4737399 -0.9402714 0.06687605 -0.3337923 -0.9546048 0.1222759 -0.2716216 -0.9612819 0.1372338 -0.2389646 -0.9194592 0.1686797 -0.3551647 -0.9398619 0.2234575 -0.2583146 -0.8881671 0.2774746 -0.3662881 -0.8642909 0.3846256 -0.3241365 -0.9101223 0.3137109 -0.2706711 -0.7760449 0.3901788 -0.4954945 -0.828252 0.4835528 -0.2831524 -0.7687902 0.5436918 -0.3366911 -0.7079123 0.6177988 -0.3423227 -0.7123084 0.6565411 -0.2481342 -0.6504021 0.7091077 -0.2722928 -0.5621703 0.778665 -0.2786491 -0.4922341 0.8174562 -0.2991169 -0.3925165 0.8595107 -0.3273715 -0.3136174 0.8963509 -0.3133675 -0.2052767 0.8616372 -0.4641581 -0.08217231 0.9200926 -0.3829847 0.006724901 0.9547004 -0.2974926 0.08263509 0.7929257 -0.6036888 0.2154393 0.8930291 -0.3950758 0.2831746 0.8966031 -0.3404629 0.3993902 0.8576773 -0.3238474 0.4863589 0.8257541 -0.2856313 0.5649766 0.7739076 -0.2861265 0.6510643 0.7112757 -0.2649569 0.6902828 0.6251064 -0.3643508 0.7764547 0.5470578 -0.3128034 0.8259445 0.4824044 -0.291722 0.8709904 0.3694764 -0.3238255 0.9087272 0.3150382 -0.2737987 0.9383453 0.2207139 -0.2660704 0.9661002 0.1355137 -0.2197419 0.9517564 0.1028277 -0.2891127 0.9182234 0.07820836 -0.3882645 0.8962264 0.05270251 -0.440455 0.9649072 0.00619273 -0.262518 0.9556818 -0.0002086959 -0.2944016 0.9170947 -0.06620507 -0.3931338 0.9066201 -0.1893832 -0.3770596 0.8929978 -0.2786813 -0.3534002 0.8901288 -0.3254883 -0.3189486 0.6262552 -0.6389861 -0.4466556 0.5971377 -0.7085536 -0.3760032 0.5507365 -0.7302057 -0.4043376 0.4897211 -0.7209973 -0.4902409 0.4052209 -0.7244848 -0.5576001 0.4121993 -0.623539 -0.6642972 0.2974383 -0.6142281 -0.730927 0.2929635 -0.4421478 -0.8477486 0.1583031 -0.4642798 -0.8714266 -0.002967273 -0.4672582 -0.8841159 -0.15621 -0.4592568 -0.8744608 -0.4033406 -0.6259017 -0.6675054 0.657641 0.7265886 0.1989405 0.6604382 0.7353841 0.1517616 0.8375059 0.5187131 0.1718157 0.8288242 0.5436835 0.1321314 0.9608688 0.2595544 0.09676037 0.9701966 0.2081709 0.1240298 0.8631335 0.4482284 0.2325766 0.6885672 0.6659597 0.2870068 0.9999505 -0.009733818 -0.002085606 0.999986 -0.004804119 -0.002237963 0.9682285 0.2007221 0.1491449 0.863373 0.41978 0.2799497 0.6834015 0.6384833 0.3539796 0.9999464 -0.009975185 -0.0027802 -0.06595493 0.03466612 0.9972202 -0.0004256514 0.03304254 0.9994539 -1.491491e-17 -0.01427237 0.9998981 0.06517159 0.035913 0.9972276 0.07245218 -0.01091569 0.9973122 0.1346886 0.03989663 0.9900845 0.1477702 -0.004950595 0.9890093 0.2112419 0.04047856 0.9765953 0.2311765 0.0006808453 0.9729116 0.009459385 -0.4693364 0.8829688 0.1235938 -0.4306337 0.8940242 0.07513811 -0.7064437 0.7037695 0.3560115 -0.4666422 0.8096301 0.3045077 -0.5334652 0.789107 0.2344352 -0.3384833 0.9113008 0.2220456 -0.6139864 0.7574407 0.1611497 -0.6531011 0.7399255 0.3995677 -0.3543244 0.8454584 0.3324625 -0.2430074 0.9112717 0.4422822 -0.2997257 0.8453112 0.4330867 -0.1674187 0.8856675 0.5090368 -0.242127 0.825988 0.5821755 0.5237808 0.6218724 0.4826836 0.434596 0.7603571 0.4408437 0.6193452 0.6496678 0.3609516 0.5322461 0.7657859 0.3206249 0.7108 0.6260695 0.2469567 0.6103864 0.7526226 0.1621141 0.6631618 0.7307089 0.9999128 -0.01187283 -0.005786935 0.9998937 -0.01082117 -0.009769241 0.9708992 0.1699453 0.1687402 0.9784533 0.1023277 0.1793272 0.8686156 0.3719641 0.3273373 0.900387 0.2344281 0.3665333 0.6842035 0.5868215 0.4330197 0.752254 0.3905616 0.530637 0.999961 -0.003267014 -0.008199999 0.9818763 0.04343608 0.1844784 0.9171176 0.09498665 0.3871341 0.7131363 -0.008080699 0.7009788 0.5891239 -0.0007380072 0.8080424 0.5489395 0.04121203 0.8348455 0.4439178 0.00471984 0.8960551 0.4191772 0.02630074 0.9075234 0.3188401 0.01124822 0.9477418 0.3018666 0.03560099 0.9526852 0.46251 -0.009833521 0.8865595 0.5985667 -0.01200796 0.800983 0.5639585 -0.04523229 0.8245634 0.6539669 -0.03309951 0.7557988 0.5761953 -0.1008102 0.811071 0.5491153 -0.1960259 0.8124323 0.5357054 -0.1132703 0.8367733 0.6110115 -0.1480271 0.7776586 0.4557901 -0.4640884 0.7595244 0.5128864 -0.3920377 0.7637107 0.5672774 -0.3296264 0.7546806 0.6226172 -0.2746964 0.7327276 0.6807476 -0.2262691 0.6966957 0.3708374 -0.7265989 0.5783888 0.4431014 -0.6402755 0.6274619 0.4738961 -0.774297 0.4193883 0.5168049 -0.5989385 0.6117069 0.5550335 -0.7152856 0.4246225 0.5839316 -0.5336629 0.6117416 0.6293921 -0.6537767 0.4200496 0.6471956 -0.4708269 0.5995497 0.697766 -0.5896698 0.4067089 0.7076499 -0.4105782 0.575028 0.7602108 -0.5234393 0.3848257 0.7658604 -0.3523504 0.5378727 0.8166758 -0.4552182 0.354707 0.5678514 -0.7881947 0.2372631 0.5658056 -0.8224944 0.0580263 0.646001 -0.7273248 0.2316925 0.6416559 -0.7648647 0.05709463 0.7163781 -0.6611754 0.2228216 0.7132234 -0.698808 0.05458805 0.779543 -0.5901848 0.2097489 0.7777393 -0.6264357 0.05195991 0.8352657 -0.5149957 0.1926415 0.8347479 -0.54845 0.04897525 0.6721166 -0.1080288 0.7325224 0.7557914 -0.08611631 0.649125 0.7425981 -0.1829503 0.6442649 0.8078737 -0.1433013 0.5716684 0.8217151 -0.29526 0.4874482 0.8744222 -0.2383533 0.4225796 0.8669104 -0.3849806 0.3166328 0.8833419 -0.4361659 0.1716579 0.883851 -0.4655626 0.04537458 0.8773902 -0.4796282 -0.01196533 0.9234993 -0.1792521 0.3391425 0.8742705 -0.1060538 0.4737127 0.8344997 -0.06365376 0.5473194 0.981092 -0.1919242 0.02497119 0.9803349 -0.1784261 0.08430684 0.9755738 -0.1592406 0.1513214 0.9469557 -0.237729 0.2162401 0.9105327 -0.3125719 0.2706084 0.9865648 -0.04683699 0.1565125 0.9503551 -0.08785078 0.2985086 0.9807754 -0.02817621 0.1930949 0.9352777 -0.0611237 0.3485965 0.97518 -0.01970659 0.2205347 0.9125905 -0.04076923 0.4068372 0.8651733 -0.01915698 0.5011069 0.7578221 -0.02609468 0.6519392 0.9647972 -0.131211 0.2279253 0.990874 -0.06276584 0.1192859 0.9926218 -0.0696177 0.09927431 0.3368725 -0.009611309 0.9415012 0.9939576 -0.08137955 0.07365973 0.9952065 -0.09715223 0.01120207 0.9951267 -0.0945029 0.02814257 0.9949335 -0.08852744 0.04764744 0.9999933 0.003647198 -0.0003387247 0.999995 0.002882387 -0.001289831 0.9999941 0.002627709 -0.002207519 0.9999919 0.002279236 -0.00332848 0.6821664 0.04683014 0.7296958 0.8333109 -0.004677984 0.5527848 0.9599467 -0.01015823 0.2799984 0.9999905 -0.00188615 -0.003919123 0.9999465 -0.002880933 -0.009935648 0.9999357 -0.001692969 -0.01121302 0.9999678 0.0001689692 -0.008022397 0.9999819 0.001224249 -0.005892619 0.9999908 0.001728357 -0.003917588 0.3555394 0.894592 0.2707339 0.9576237 -0.2762267 -0.08158177 0.9560764 -0.275576 -0.099879 0.7446942 -0.6009103 -0.2904091 0.6778923 -0.6331195 -0.3736599 0.7738786 -0.5212979 -0.3596671 0.7893282 -0.4487446 -0.4190337 0.7417394 -0.6291498 -0.2323644 0.6634892 -0.6894997 -0.2904691 0.5941058 -0.734202 -0.3286119 0.8922613 -0.3556121 -0.2782262 0.8789923 -0.4128016 -0.2386783 0.8553293 -0.4802153 -0.194435 0.8542894 -0.4954732 -0.1571493 -6.264619e-17 -0.6082469 -0.7937479 0.1575925 -0.608651 -0.7776301 0.9653267 -0.2314425 -0.1207421 0.9702941 -0.1981431 -0.1388117 0.9706524 -0.1804002 -0.1590271 0.9696405 -0.1628423 -0.1824272 0.9745064 -0.1050769 -0.1982327 0.9790064 -0.03746553 -0.2003568 0.7950697 0.1622247 0.5844204 0.9477178 0.2436791 -0.2060377 0.9714382 0.1547032 -0.17993 0.9754939 0.1689427 -0.1409609 0.9780119 0.1801996 -0.1049804 0.9527592 0.2614599 -0.1545592 0.9190879 0.3387322 -0.2013405 0.8774048 0.4124327 -0.2450718 0.7130973 0.656096 -0.247043 0.778963 0.5873456 -0.2196402 0.8347898 0.5151585 -0.1942622 0.8829408 0.4389535 -0.1665394 0.9232164 0.359209 -0.1365299 0.955442 0.2761204 -0.1043462 0.9793736 0.1894359 -0.07029554 -0.2959783 -0.7337661 -0.6115425 -0.1525029 -0.7521687 -0.6410811 0.0007925749 -0.7588714 -0.65124 0.1531646 -0.7536446 -0.6391873 0.2949041 -0.7372954 -0.6078051 -0.6670514 -0.643184 -0.3759744 -0.6792815 -0.5717109 -0.460134 -0.8218576 0.5540388 0.1326311 -0.9520289 0.2966522 0.07508988 -0.9999861 0.005239712 -0.0005577201 -0.9999209 -0.01257874 0.0001892068 -0.9590443 -0.2711502 -0.08192473 -0.6835519 0.6388357 0.3530522 -0.6884911 0.6664331 0.286089 -0.6580603 0.7264652 0.1980022 -0.6596677 0.7363952 0.1502024 -0.5048859 0.7302342 0.4602699 -0.9770618 -0.0198183 -0.2120319 -0.9999607 -0.003287366 -0.008230601 -0.9748968 -0.1026077 -0.1976052 -0.9799868 0.1987419 -0.01128904 -0.9557904 0.2934829 -0.01823736 -0.9230114 0.3840158 -0.0241197 -0.8817676 0.470795 -0.02894723 -0.8323146 0.5533392 -0.03268216 -0.7749798 0.6309937 -0.03540056 -0.7101674 0.7030478 -0.03723114 -0.6383763 0.7687699 -0.03832101 -0.5601861 0.8274563 -0.03882797 -0.4762789 0.8784332 -0.03890494 -0.3874157 0.9210925 -0.03869887 -0.2944252 0.9549048 -0.03834871 -0.1982025 0.9794251 -0.03797698 -0.09972572 0.9943007 -0.03769356 -4.715012e-05 0.9992934 -0.03758623 0.09964386 0.9943091 -0.03768899 0.1981426 0.9794375 -0.03796918 0.2943904 0.9549158 -0.03834089 0.3874065 0.9210966 -0.0386948 0.4762965 0.8784235 -0.03890752 0.5602289 0.8274267 -0.03884131 0.6384407 0.7687151 -0.03834794 0.7102492 0.7029628 -0.03727356 0.7750713 0.630878 -0.03546075 0.8324078 0.5531944 -0.03276045 0.881851 0.470633 -0.02904225 0.923073 0.383861 -0.02422766 0.9558163 0.2933915 -0.01834885 0.9798397 0.1994649 -0.01131226 0.9946747 0.1017776 -0.01623551 -0.85946 -0.4868575 -0.155879 -0.9581588 -0.2678463 -0.1009456 -0.9999756 -0.006845277 -0.001377243 -0.9685405 0.2150835 0.1251736 -0.8582866 0.4281081 0.282962 -0.6904585 0.5761437 0.4374077 -0.5857347 0.5186966 0.622791 -0.4022489 0.7581026 0.5132994 -0.458896 0.6044674 0.6511786 -0.3184842 0.7128699 0.6248074 -0.2066786 0.7913331 0.5753919 -0.1275672 0.8260062 0.5490358 -0.09464516 0.9299662 0.3552537 -0.07482653 0.8018784 0.5927833 -0.7409234 -0.6299075 -0.2329144 -0.8624206 -0.4671335 -0.1949796 -0.9665391 -0.2268457 -0.1197628 -0.9999885 -0.004706235 -0.0008959967 -0.9673963 0.2039218 0.1502008 -0.8676245 0.3703339 0.3317838 -0.7554835 0.3828738 0.5316506 -0.6452927 0.2267939 0.7294943 -0.4949389 0.4377057 0.7506325 -0.6598043 -0.6911366 -0.2949382 -0.7506497 -0.5917487 -0.2938682 -0.8817292 -0.4082261 -0.2364426 -0.9712375 -0.1947921 -0.1369444 -0.9999998 2.710102e-05 -0.0006913645 -0.9706984 0.1696676 0.1701692 -0.9007985 0.2308421 0.3677962 -0.7958999 0.1563588 0.5848891 -0.6756396 0.03755978 0.7362747 -0.6141196 -0.7140309 -0.33618 -0.77558 -0.5192273 -0.3589968 -0.8948068 -0.3528684 -0.2735046 -0.9717335 -0.1757234 -0.1576557 -0.9999534 -0.008631683 -0.00433214 -0.9785331 0.1009248 0.1796862 -0.9180605 0.09216579 0.3855779 -0.8117939 0.0284422 0.583251 -0.7105068 -0.0003813429 0.7036902 -0.3596028 0.5345197 0.7648363 -0.2448366 0.6126446 0.7514796 -0.3873816 0.3433934 0.8555796 -0.2713985 0.4038869 0.8736236 -0.4066161 0.1487675 0.9014053 -0.2901254 0.1794029 0.9400223 -0.4208924 0.0220696 0.9068421 -0.3032398 0.03227018 0.9523677 -0.3206802 0.01262686 0.9471034 -0.2311765 0.0006808453 0.9729116 -0.3427992 -0.01153164 0.9393379 -0.07416179 -0.01368898 0.9971523 -0.1477702 -0.004950595 0.9890093 -0.135482 0.03782664 0.9900575 -0.2122435 0.03783352 0.9764842 -0.1265482 0.2092212 0.9696453 -0.2007448 0.1999748 0.959016 -0.1123981 0.4694818 0.8757588 -0.1835095 0.4460358 0.8760002 -0.09312862 0.6943281 0.7136074 -0.1597705 0.6650068 0.7295473 0.65144 0.2259062 0.7242874 0.517317 0.1115242 0.848496 0.5107217 0.2925643 0.8084364 0.4064547 0.1461794 0.9019014 0.3880188 0.3409174 0.8562808 0.2905575 0.1768892 0.9403651 0.2727774 0.4013596 0.8743586 0.2013332 0.19796 0.9593106 0.1850979 0.4439426 0.876729 0.1266731 0.2080598 0.9698789 0.1134844 0.4682121 0.8762983 0.06057338 0.2093391 0.9759652 0.05285532 0.477081 0.8772685 -0.0007156314 0.2082544 0.9780744 -0.0004135633 0.4781939 0.8782542 -0.06138034 0.2097028 0.9758367 -0.05286716 0.477519 0.8770295 0.9945264 0.09836726 -0.03522866 0.9941437 0.09396192 -0.05338096 0.9934398 0.08852804 -0.0723895 0.9922984 0.0815451 -0.09324332 0.9904781 0.07208064 -0.1172922 0.9874769 0.05861229 -0.1464718 0.9821971 0.03844858 -0.1838764 0.9761017 0.01775165 -0.2165878 0.9726764 0.01044641 -0.23193 0.9999968 -0.001936591 -0.001598537 0.9482763 -0.003809891 0.3174234 0.8113499 0.03081988 0.5837478 -0.970682 -0.1577586 -0.1813522 -0.9999079 -0.009985098 -0.009188446 -0.9818716 0.04346643 0.1844961 -0.9397313 0.02056293 0.341295 -0.8334967 -0.001973366 0.5525208 -0.7540798 -0.02670171 0.6562399 -0.9999855 -0.002934783 -0.004510732 -0.9606129 -0.01089398 0.2776765 -0.8658939 -0.01985418 0.4998335 -0.97301 0.01078739 -0.2305107 -0.9999903 -0.002124263 -0.003861556 -0.9734552 -0.01497534 0.228387 -0.9067367 -0.03166174 0.420507 -0.8237666 -0.05388586 0.5643623 -0.6032262 -0.1416847 0.7848844 -0.6174707 -0.09263181 0.7811205 -0.5431014 -0.1236303 0.8305157 -0.6403804 -0.0414879 0.7669365 -0.3691567 -0.06484183 0.9271024 -0.4924349 -0.04937629 0.8689475 -0.4657006 -0.008966256 0.8848969 -0.4433127 0.00973122 0.8963142 -0.5557597 0.01925612 0.83112 -0.5328148 0.123271 0.8372052 -0.5218567 0.2778321 0.8065203 -0.6703878 -0.1091504 0.733939 -0.6934626 -0.06628292 0.7174373 -0.5989131 -0.0006393442 0.8008138 -0.5818821 0.009365876 0.8132192 -0.7530895 -0.08769248 0.6520477 -0.9754763 -0.1603385 0.1507898 -0.9938503 -0.08169574 0.07474888 -0.9923794 -0.07301891 0.09925391 -0.9999936 0.001137112 -0.0033845 -0.9999893 0.0005846817 -0.004579788 -0.9924262 0.08102408 -0.09233285 -0.9906538 0.07165406 -0.1160634 -0.9715859 0.1544922 -0.1793128 -0.9948788 -0.0892304 0.04747833 -0.9999964 0.002093278 -0.001688116 -0.9999939 0.001891044 -0.002938867 -0.994221 0.09338996 -0.05294226 -0.9935373 0.08796322 -0.07173679 -0.9780889 0.179959 -0.1046751 -0.9755992 0.168703 -0.1405183 -0.9528009 0.2614295 -0.1543534 -0.9477878 0.2436461 -0.2057544 -0.9190933 0.3388055 -0.2011923 -0.8773829 0.4125493 -0.2449536 -0.9242691 -0.1820383 0.3355424 -0.9647134 -0.129676 0.2291552 -0.9504017 -0.09285702 0.2968402 -0.9899873 -0.06314862 0.1262432 -0.986344 -0.04723113 0.1577809 -0.9999801 -0.0003127336 -0.0062998 -0.999958 -0.001914541 -0.008957561 -0.9877337 0.05835755 -0.144833 -0.9826014 0.03849318 -0.181694 -0.9808976 -0.192828 0.02563868 -0.995212 -0.09703148 0.01174208 -0.9951725 -0.09406996 0.02797493 -0.9999959 0.002841653 -0.0002998951 -0.9999972 0.002123298 -0.00103541 -0.9946771 0.1018137 -0.01585697 -0.9945898 0.09781729 -0.03497015 -0.9797561 0.1970126 -0.03555318 -0.9794301 0.1892165 -0.07009809 -0.9560062 0.2883983 -0.05365189 -0.9554616 0.2761093 -0.1041959 -0.9238453 0.3762088 -0.07054641 -0.9232 0.3592982 -0.136406 -0.8834807 0.4605218 -0.08591592 -0.8828969 0.4390837 -0.1664289 -0.8350794 0.5410228 -0.09968314 -0.8347275 0.5152987 -0.1941578 -0.7788634 0.6171371 -0.1118646 -0.7788916 0.5874785 -0.2195379 -0.7151069 0.6881942 -0.1225187 -0.6441841 0.7534443 -0.1317135 -0.5665472 0.8121322 -0.1395192 -0.4827812 0.8634854 -0.1459975 -0.3935669 0.9067752 -0.1512078 -0.2997096 0.941322 -0.1551997 -0.2021138 0.9665301 -0.1580174 -0.1018259 0.9818998 -0.1597008 -4.11175e-05 0.9870726 -0.1602735 0.1017568 0.9819027 -0.159727 0.2020687 0.9665313 -0.1580679 0.2996922 0.941316 -0.1552702 0.3935786 0.9067556 -0.1512951 0.4828202 0.8634464 -0.1460992 0.5666108 0.8120685 -0.1396315 0.6442653 0.7533538 -0.1318343 0.7151989 0.688076 -0.1226454 0.7789566 0.616996 -0.1119941 0.8351648 0.5408669 -0.09981379 0.8835475 0.4603692 -0.08604628 0.9238838 0.3760902 -0.07067505 0.9560065 0.288374 -0.05377795 0.9796622 0.1974063 -0.03595513 -0.6499606 -0.4721959 0.5954681 -0.7614996 -0.5235949 0.382056 -0.7102577 -0.411938 0.5708249 -0.8177688 -0.4553378 0.3520251 -0.7681926 -0.3536856 0.533654 -0.8677618 -0.3851022 0.3141429 -0.8236381 -0.296564 0.4833944 -0.9111073 -0.3127491 0.2684615 -0.8758068 -0.2396144 0.4189837 -0.9472336 -0.2380404 0.2146747 -0.8358361 -0.5147127 0.1909157 -0.8837778 -0.4358903 0.1701071 -0.9239113 -0.353877 0.1454615 -0.956068 -0.2689047 0.1167228 -0.9801528 -0.1798936 0.08329962 -0.8840297 -0.4653211 0.04435996 -0.924856 -0.3782121 0.03996224 -0.9572002 -0.2874062 0.03413785 -0.4429984 -0.1803172 0.8782016 -0.3399015 -0.2557383 0.9050221 -0.3962129 -0.3473984 0.8498998 -0.4382345 -0.2848549 0.8525305 -0.4964391 -0.2318394 0.8365397 -0.5425913 -0.1851361 0.8193408 -0.1050906 -0.1643011 0.9807962 -0.04087347 -0.1910692 0.9807252 -0.05912596 -0.4566686 0.8876699 0.001317982 -0.6999998 0.7141418 -0.2659553 -0.0853353 0.9602008 -0.1766247 -0.1198566 0.9769535 0.007597432 -0.1858414 0.9825504 0.08901252 -0.1649209 0.982282 0.1774014 -0.1278857 0.975794 0.2692188 -0.0949563 0.9583864 0.3687381 -0.07030677 0.9268706 0.4784507 -0.05098576 0.876633 -0.5154736 -0.3935404 0.7611918 -0.5697819 -0.3312804 0.752065 -0.624983 -0.2764565 0.7300466 -0.6828937 -0.2280948 0.6939949 -0.7443896 -0.18479 0.6416672 -0.8091369 -0.1450676 0.569432 -0.8751094 -0.1065158 0.4720571 -0.9298478 -0.05907722 0.3631707 -0.9805376 -0.02908352 0.1941651 -0.9999758 -0.002440269 -0.006507778 -0.6309255 -0.6540525 0.4173109 -0.6468338 -0.727225 0.2296733 -0.7171492 -0.6609962 0.2208642 -0.7135272 -0.6986077 0.05316244 -0.7780155 -0.6261996 0.05065572 -0.7705944 -0.6368557 -0.02447838 -0.5691274 -0.4378021 0.6960053 -0.5696213 -0.7878329 0.2342027 -0.641973 -0.7647105 0.05557448 -0.8349836 -0.5481941 0.04780937 -0.7802252 -0.5899407 0.2078907 -0.6992028 -0.5898824 0.4039235 -0.586744 -0.535011 0.6078608 -0.467761 -0.464845 0.7517438 -0.358987 -0.4583729 0.8130329 -0.3001397 -0.5311469 0.7923378 -0.278449 -0.78936 0.5471535 -0.2221695 -0.6136873 0.7576468 -0.2391976 -0.3490555 0.90606 -0.1380092 -0.4314304 0.8915275 -0.1610406 -0.6530471 0.7399969 -0.07699101 -0.6862167 0.7233112 -0.09370627 -0.8636161 0.4953649 -2.559027e-17 -0.8737007 0.4864639 0.09370627 -0.8636161 0.4953649 0.1879014 -0.8344893 0.5179968 0.278449 -0.78936 0.5471535 -0.2780643 -0.4309858 -0.8584471 -0.1859884 -0.457271 -0.8696617 -0.1417921 -0.7828167 -0.6058821 -0.1060938 -0.4874582 -0.8666768 -0.090434 -0.7944307 -0.6005844 -0.1119762 -0.7782084 -0.6179426 -0.1532609 -0.7662615 -0.6239827 -0.1936371 -0.7808562 -0.593943 -0.3685297 -0.3920433 -0.8429045 -0.2085386 -0.7539537 -0.622949 -0.2537845 -0.7729631 -0.5814822 -0.4586972 -0.345375 -0.8187264 -0.7087679 -0.09647491 -0.6988138 -0.6353427 -0.119958 -0.7628563 -0.4581567 -0.727782 -0.5103194 -0.3347741 -0.7351787 -0.5894392 -0.3869166 -0.7238617 -0.5712441 -0.5801117 -0.1499241 -0.8006205 -0.4048688 -0.7312954 -0.5488974 -0.4369267 -0.7170718 -0.5430497 -0.2705184 -0.7453974 -0.6092639 -0.3132926 -0.7641048 -0.5639075 -0.5491513 -0.3126269 -0.7750467 -0.4881722 -0.7126077 -0.5038632 -0.5072914 -0.7247166 -0.466306 -0.7715901 -0.07028905 -0.6322248 -0.6196698 -0.2736738 -0.7356031 -0.695995 -0.2210644 -0.6831702 -0.7643314 -0.175017 -0.6206179 -0.5306163 -0.7097715 -0.4633257 -0.5403575 -0.7219319 -0.4322362 -0.5679043 -0.7062369 -0.422746 -0.6661073 -0.7014789 -0.2534331 -0.6779503 -0.703165 -0.2143416 -0.9579364 -0.02617967 -0.2857841 -0.6775702 -0.7135172 -0.1783025 -0.9810003 -0.02165218 -0.1927944 -0.6980637 -0.6980281 -0.1595739 -0.6925575 -0.712537 -0.1124952 -0.9954491 -0.01389646 -0.09427582 -0.7118675 -0.695961 -0.0942493 -0.701377 -0.7113316 -0.04558091 -0.9999858 0.005330975 -0.0002461048 -0.8023535 -0.2580063 -0.5382023 -0.8565268 -0.2088482 -0.4719579 -0.9020748 -0.1698527 -0.3967507 -0.762964 -0.3972923 -0.5099458 -0.8206168 -0.3377915 -0.4609609 -0.8701648 -0.2879536 -0.39987 -0.9140009 -0.2408619 -0.326478 -0.8730865 -0.3605151 -0.3282511 -0.8230994 -0.4138164 -0.388926 -0.7698404 -0.4568243 -0.4457099 -0.3916439 -0.8216706 -0.4140923 -0.2559803 -0.8880216 -0.3819577 -0.2501577 -0.8839036 -0.3951399 -0.417644 -0.7858214 -0.4561339 -0.4858962 -0.7156686 -0.5017204 -0.545411 -0.7091844 -0.4467486 -0.5916572 -0.6371418 -0.4939555 -0.6599682 -0.6190885 -0.4256423 -0.7157088 -0.5063986 -0.4809589 -0.7577444 -0.5368592 -0.3709522 -0.8179241 -0.4813495 -0.3151236 -0.5665626 -0.7269534 -0.3880021 -0.9183941 -0.08405872 -0.3866348 -0.9399412 -0.1365838 -0.3128185 -0.9539932 -0.1836609 -0.236993 -0.9779849 -0.1582102 -0.1360698 -0.9997892 0.01870544 0.008470703 -0.9224415 -0.3533238 -0.1557692 -0.8327484 -0.501379 -0.2348388 -0.7547921 -0.5869921 -0.2927953 -0.6898778 -0.6418998 -0.3347136 -0.6134414 -0.6856488 -0.3918868 -0.517142 -0.7462054 -0.4192156 -0.3116035 -0.8492825 -0.426172 -0.7191892 -0.6940093 -0.03343596 -0.704707 -0.7094984 5.943748e-05 -0.7169082 -0.6965582 0.02914395 -0.9931968 0.04247424 0.1084253 -0.9999764 0.004647877 0.005061063 -0.9946474 -0.02660401 -0.09984425 -0.9783554 -0.0485207 -0.2011627 -0.6977859 -0.6910682 0.1884664 -0.9482073 0.1131558 0.2968144 -0.7126604 -0.6827109 0.16131 -0.9752978 0.07943676 0.2061164 -0.7070338 -0.7052198 0.052614 -0.7184261 -0.6894252 0.09250309 -0.705852 -0.6980205 0.1205835 -0.699995 -0.6790312 0.221187 -0.6864345 -0.6754163 0.2694819 -0.912174 0.1410853 0.3847512 -0.6678779 -0.6847915 0.2915471 -0.6644568 -0.6700921 0.3308681 -0.8689831 0.1619935 0.4675751 -0.5981003 -0.6657145 0.4462066 -0.7607453 0.1880668 0.6212065 -0.818554 0.1772908 0.5463857 -0.6406807 -0.6805732 0.3554552 -0.6331524 -0.6666198 0.393365 -0.606597 -0.6775163 0.4159469 -0.5771089 -0.6735742 0.4617825 -0.5657168 -0.6640764 0.4888425 -0.6970707 0.1936042 0.6903693 -0.9628649 0.1587272 0.2183962 -0.9889944 0.08620561 0.1202443 -0.9999142 0.0110052 0.007097801 -0.9924022 -0.05395447 -0.1105747 -0.9998342 0.01693402 0.006689457 -0.5416976 -0.6729744 0.5036558 -0.5240972 -0.6608433 0.5372227 -0.6262515 0.1975507 0.7541769 -0.4198156 -0.6616861 0.6212298 -0.3751685 -0.6618679 0.6489834 -0.5499429 0.2003952 0.8108049 -0.4668188 0.201687 0.8610474 -0.492207 -0.6717404 0.5536218 -0.4716179 -0.6600456 0.5847361 -0.4382456 -0.6709555 0.59813 -0.3445448 -0.6727453 0.6547538 -0.3177401 -0.6607477 0.6800395 -0.379541 0.2017566 0.902908 -0.2149871 -0.6730284 0.7076816 -0.288239 0.2014664 0.9361248 -0.2519237 -0.6609643 0.7068667 -0.2808647 -0.6728567 0.6843821 -0.1450441 -0.66618 0.7315507 -0.0729039 -0.6780358 0.7314045 -0.1067494 0.1007343 0.9891699 -0.03622251 -0.689464 0.7234137 0.01009861 -0.6720805 0.7404092 -0.09740281 0.1996174 0.9750208 -0.1053358 0.2960804 0.949337 -5.984821e-05 0.1995401 0.9798897 0.02801463 0.3057687 0.9516936 -0.9527053 -0.06584539 -0.2966766 -0.9705842 -0.1013521 -0.2183895 -0.9872324 -0.09916256 -0.1246558 -0.9997338 0.02243936 0.005361924 -0.9185459 0.3672019 0.1464113 -0.9753606 0.2019749 0.08875722 -0.9998571 -0.01652132 -0.003584922 -0.9809212 -0.1811232 -0.07062601 -0.7258483 0.6669357 0.168348 -0.8595703 0.4928582 0.1350175 -0.9614837 0.2652094 0.07220151 -0.9998618 0.01657963 -0.001234544 -0.9701001 -0.2297884 -0.07812199 -0.886813 -0.4373394 -0.1493215 -0.7761526 -0.5905029 -0.2211186 -0.6943004 -0.6651118 -0.2749057 -0.6366952 -0.702929 -0.3170332 -0.5782643 -0.7182768 -0.3868964 -0.5018258 -0.7466822 -0.4366194 -0.4026554 -0.7887726 -0.464442 -0.2789065 -0.834667 -0.4749128 -0.138125 -0.9253003 -0.3531868 -0.1430436 -0.8645767 -0.4817113 0.07096243 -0.6597855 0.7480959 0.1061532 0.199146 0.9742034 0.02968433 0.08957576 0.9955376 0.2029162 -0.6622654 0.7212694 0.2877126 0.2023045 0.9361059 0.1939101 0.2003333 0.9603465 0.1053633 -0.6711224 0.733821 0.1415787 -0.6600747 0.7377376 0.1741605 -0.6713792 0.7203597 0.4667339 0.2030113 0.8607821 0.3795351 0.2029539 0.9026421 0.3149362 -0.6606951 0.6813936 0.4335928 -0.6609413 0.612498 0.4725477 -0.6611733 0.582708 0.5494121 0.2017316 0.8108333 0.6260111 0.1989354 0.7540125 0.3418006 -0.6725882 0.6563516 0.3779595 -0.660604 0.6486517 0.4022322 -0.6725081 0.6212424 0.2268287 -0.6709943 0.7059146 0.25445 -0.6624356 0.7045809 0.2779296 -0.6728273 0.6856082 0.489658 -0.672132 0.555404 0.5217902 -0.6610159 0.5392522 0.696744 0.1944945 0.6904489 0.5394145 -0.6732388 0.5057485 0.5692473 -0.6624022 0.4870121 0.7610395 0.1869647 0.6211788 0.8690644 0.1593954 0.4683163 0.8182595 0.1765304 0.5470726 0.6338455 -0.6681411 0.3896503 0.5834083 -0.6750219 0.4516417 0.6058478 -0.6660548 0.4351086 0.614432 -0.6758852 0.4070042 0.9125191 0.1371062 0.3853709 0.6878343 -0.6743791 0.2685084 0.9485276 0.1081524 0.2976548 0.6872544 -0.6894533 0.2287696 0.7042092 -0.6799062 0.2044918 0.6393585 -0.6802972 0.3583525 0.6632782 -0.6698395 0.3337322 0.6669988 -0.6843349 0.2946155 0.9637095 0.1551988 0.2172035 0.7181263 -0.6893332 0.09546849 0.7067361 -0.7052832 0.05567467 0.9935985 0.03778386 0.1064632 0.7179638 -0.6955392 0.02744532 0.7027953 -0.7111358 -0.01909588 0.6974293 -0.700452 -0.1515234 0.6768225 -0.7139854 -0.1792654 0.9570637 -0.02266125 -0.2889906 0.6790683 -0.7015404 -0.2161188 0.9240908 -0.03070735 -0.3809373 0.6567431 -0.7141545 -0.2422228 0.6554771 -0.7028503 -0.2763173 0.879027 -0.05002563 -0.4741403 0.8329562 -0.05842091 -0.5502463 0.5681764 -0.7269811 -0.3855827 0.5677599 -0.7056927 -0.4238473 0.773516 -0.07583454 -0.6292234 0.6481222 -0.6958444 -0.3094157 0.6032934 -0.7206606 -0.3415924 0.6299609 -0.6865295 -0.3630791 0.5264215 -0.7304438 -0.4351232 0.5245894 -0.7085997 -0.471903 0.7059402 -0.09105492 -0.7023941 0.3364614 -0.7265928 -0.5990464 0.4724372 -0.1690522 -0.8649997 0.3873526 -0.7212112 -0.5742929 0.5538577 -0.1461908 -0.8196767 0.4414361 -0.7173525 -0.5390173 0.6343917 -0.11898 -0.7638003 0.4861916 -0.7156274 -0.5014929 0.4980345 -0.7238341 -0.4775205 0.2528853 -0.7535299 -0.6068292 0.4180919 -0.2160646 -0.8823351 0.2939649 -0.7233598 -0.6247681 0.3049811 -0.7381075 -0.6018171 0.2736408 -0.4287159 -0.8610014 0.3763865 -0.4182691 -0.8266705 0.2290128 -0.7650297 -0.6018993 0.1059511 -0.4811209 -0.8702281 0.1860096 -0.4575426 -0.8695143 0.105092 -0.7812416 -0.6153188 0.1825315 -0.7862482 -0.5903354 0.1599588 -0.7734933 -0.6132872 0.12462 -0.7915924 -0.5982068 0.4467372 -0.3892845 -0.805533 0.5355526 -0.3326635 -0.7762206 0.6196012 -0.27505 -0.7351475 0.6967969 -0.2205533 -0.6825176 0.7657768 -0.1724099 -0.6195649 0.8259858 -0.1323905 -0.5479236 0.8772999 -0.1009301 -0.46921 0.9198295 -0.07714608 -0.3846584 0.0592556 -0.7890907 -0.611412 0.03838158 -0.8013911 -0.596908 -0.00595286 -0.5175553 -0.8556291 -0.00676675 -0.8054389 -0.5926401 -0.05801514 -0.7874435 -0.6136505 0.9920801 -0.05441504 -0.1132084 0.971088 -0.09670365 -0.2182578 0.9544455 -0.1805302 -0.2375764 0.9159772 -0.2337775 -0.3260887 0.875127 -0.355332 -0.328469 0.8270108 -0.4070785 -0.3877373 0.7693951 -0.5178126 -0.3740338 -0.7385657 -0.3191426 -0.5938592 -0.6906708 -0.4541179 -0.5628062 -0.6646778 -0.3912215 -0.6365133 -0.6315649 -0.5296492 -0.5662133 -0.581408 -0.4703004 -0.6639143 -0.5291909 -0.6340138 -0.5639002 -0.4913742 -0.5499544 -0.6753529 -0.4367429 -0.7134591 -0.5479341 -0.3988211 -0.6231674 -0.6727586 -0.3453895 -0.7808853 -0.5205039 -0.3083507 -0.6844737 -0.6606176 -0.2603597 -0.8327571 -0.4885985 -0.2231875 -0.7312483 -0.6445644 -0.184315 -0.8692279 -0.4587711 -0.1485284 -0.7621863 -0.6300884 -0.119425 -0.8918078 -0.4363674 -0.08634347 -0.7780124 -0.6222874 -0.06440851 -0.902182 -0.4265199 0.0008424077 -0.7830289 -0.6219848 0.001558117 -0.9036707 -0.4282253 0.08428237 -0.7773937 -0.6233422 0.06134226 -0.9028198 -0.4256214 0.1464422 -0.7628214 -0.629808 0.1169805 -0.8924711 -0.4356729 0.2212014 -0.7326647 -0.64364 0.1827351 -0.8698852 -0.4581568 0.3062694 -0.686567 -0.6594125 0.2590044 -0.8336337 -0.4878233 0.3970198 -0.6256722 -0.671498 0.3446687 -0.7816804 -0.5197877 0.4903988 -0.5521224 -0.6742921 0.4371365 -0.7135223 -0.5475377 0.5817041 -0.4710306 -0.6631369 0.5309902 -0.6324674 -0.5639453 0.6663145 -0.389531 -0.6358385 0.6198874 -0.5458054 -0.5637695 0.7411812 -0.3146773 -0.5929829 0.6939835 -0.4615693 -0.5525764 0.8054083 -0.2510988 -0.5369049 0.767358 -0.3892957 -0.5095199 0.8594912 -0.2003749 -0.470239 0.9999346 0.01141479 0.0007373698 0.9999887 -0.004155124 0.002325183 0.9540425 -0.2637513 -0.1422609 0.9095628 0.3879723 0.1489058 0.9769825 0.1978473 0.07976005 0.9898719 0.08105092 0.1165524 0.9999603 0.00877976 0.001520224 0.9766791 -0.1638453 -0.1387538 0.8852098 -0.3942458 -0.2469287 0.8334123 -0.5002527 -0.2348855 0.7571216 -0.5838076 -0.2931478 0.9999777 0.006257069 0.002313501 0.9864962 -0.1025065 -0.1277407 0.926307 -0.2831547 -0.2485534 0.8199142 -0.4777624 -0.3154105 0.6916024 -0.6383837 -0.3378644 0.6234981 -0.6749394 -0.3945972 0.9190707 -0.3608244 -0.1584762 0.9813093 -0.1762493 -0.07725432 0.9999593 0.009020609 -0.0002074828 0.7156751 -0.5088663 -0.4783976 0.5977732 -0.6280389 -0.4982313 0.5533133 -0.7013965 -0.4493188 0.4901793 -0.7106395 -0.5046937 0.4227044 -0.7805283 -0.4605395 0.9786877 -0.04330244 -0.200737 0.9536395 -0.05907505 -0.2950964 0.9415468 -0.1288317 -0.3112748 0.9045359 -0.1609828 -0.3948409 0.8732391 -0.279138 -0.3994189 0.8243695 -0.3287646 -0.4607915 0.7656939 -0.4681634 -0.4410622 0.6696231 -0.6057522 -0.4297315 0.528123 -0.7357124 -0.4240441 0.4039395 -0.812285 -0.4207446 0.3204989 -0.8468909 -0.4243305 0.4114892 -0.7809081 -0.4699565 0.511543 -0.7373048 -0.4412543 0.5868206 -0.7097781 -0.3896878 0.6378103 -0.7003011 -0.3205877 0.6974134 -0.6615636 -0.2755871 0.7779817 -0.5880502 -0.2212271 0.8830914 -0.4442257 -0.1510404 0.9692657 -0.2332558 -0.07820352 0.9999512 0.009822225 -0.001068887 0.9632281 0.2586206 0.07284884 0.8657272 0.4821045 0.1345055 0.7273511 0.664943 0.1697385 0.5084523 0.8189777 0.2659922 0.1366619 -0.9240102 -0.3571114 0.05838665 -0.934284 -0.3517163 -0.002707924 -0.8755964 -0.4830358 -0.006056754 -0.9380113 -0.3465518 -0.05147373 -0.9295668 -0.3650425 0.2378512 -0.8908845 -0.3869776 0.1708095 -0.9160847 -0.3627849 0.106519 -0.9356664 -0.3364254 0.05214673 -0.9441785 -0.3252809 0.0003778549 -0.9458833 -0.3245068 -0.05405 -0.9437107 -0.3263261 -0.1158702 -0.9319757 -0.3435046 -0.1641594 -0.9155341 -0.367218 0.3451316 0.6189279 0.7055583 0.489254 0.7014963 0.5182021 0.3787604 0.7624521 0.524602 -0.05572611 0.8528271 0.5192115 -0.3080033 0.7351791 0.603859 -0.1811226 0.6675991 0.7221537 0.1948675 0.93238 -0.3044571 -0.05587759 -0.9787722 -0.1971869 -0.847245 0.1298264 0.5150932 -0.563813 0.07528534 0.822464 -0.4698913 -0.8365653 -0.2817101 -0.4493231 -0.8769541 -0.1704707 0.01305873 0.177049 0.9841154 -0.07578589 0.2517299 0.9648257 -0.5782568 0.7827007 0.2302143 -0.747575 0.6295367 0.2116959 -0.6481514 0.640005 0.4126662 -0.9446641 0.3023001 0.1273752 -0.9869417 0.1333441 0.09036334 -0.9552373 0.08294546 0.2839748 -0.2941425 0.8616275 0.413616 -0.5788167 0.7815261 0.2327834 -0.3584245 0.8937428 0.2697326 -0.1306744 0.9451266 0.2994326 0.2133709 0.88732 0.4088228 0.3470402 0.9067065 0.2396798 0.09166888 0.9545232 0.2836939 0.07926985 0.1668097 0.9827974 -0.7684448 0.07578126 0.6354131 -0.8237508 -0.3644975 -0.4342537 -0.4698755 -0.8365722 -0.281716 0.09783501 0.9951968 0.003403758 0.1626443 -0.9486946 0.2711557 0.3147326 0.9377553 0.1468279 0.0462629 0.7692902 0.6372223 -0.05002607 0.6129624 0.7885268 0.1707906 0.4846714 0.8578603 0.3796041 0.5200996 0.7651125 -0.08293815 0.43409 0.8970436 -0.868403 0.464844 0.172616 -0.8191353 0.4384727 0.3698095 -0.5296715 0.5824206 0.6166314 -0.7091434 0.3947205 0.5842186 -0.3876769 0.5276746 0.7558215 -0.5667366 0.3568151 0.7426255 -0.2427173 0.4840012 0.8407325 -0.4157904 0.3224573 0.8503762 -0.3407907 0.1989624 0.9188447 0.2276178 0.2845877 0.9312357 0.3923989 0.4136618 0.8215273 0.5140269 0.536286 0.6694578 0.6204768 0.6246308 0.4741781 0.1365238 0.5912962 0.7948145 0.1624513 0.7049236 0.6904291 0.3159748 0.8204417 0.4764822 0.6898192 0.1318878 -0.7118673 0.6876022 0.07610521 -0.7220881 0.7632733 0.17331 -0.6223967 0.8203253 0.1605979 -0.548885 0.9439989 0.1413461 -0.2981398 0.968791 0.1274976 -0.2125755 0.9265693 0.1179113 -0.3571643 0.9307565 0.09689241 -0.352568 -0.7340367 0.5061778 0.4527407 -0.8190328 0.3712706 0.4374282 -0.708417 0.3479151 0.614085 -0.5086697 0.3481535 0.7874289 -0.07117113 0.04811783 0.9963028 -0.2696318 0.1840923 0.945203 -0.09422244 0.1144901 0.988946 -0.1827784 0.14653 0.9721734 -0.3787035 0.2322166 0.8959124 -0.5540925 0.2997999 0.7765961 -0.2720867 0.850496 0.4501393 -0.03186027 0.9565251 0.2899047 0.2498631 0.9312134 0.2653489 0.4061817 0.4636401 0.7874352 0.2048283 0.6507746 0.7311209 0.5097434 0.8273532 0.235899 0.4619612 0.4123719 0.7852014 0.7293164 0.6578379 0.1880076 0.4838926 0.3584283 0.798359 0.9089835 0.3994842 0.1190015 0.5628882 0.3142486 0.7644637 0.5740225 0.2228721 0.7879253 -0.08704127 0.9317632 0.3524785 -0.08333068 0.7381827 0.6694343 -0.0997878 0.9736941 0.2048468 -0.1102061 0.9650241 0.237872 -0.1319912 0.9380283 0.320439 -0.1168924 0.9841146 0.1336209 0.9078953 0.4141504 0.06485019 -0.1318938 0.975425 0.176494 0.2470562 0.9567153 0.1538153 0.5056167 0.8518334 0.1368634 0.7250229 0.6799595 0.1095302 -0.2742944 0.8458281 0.4575341 0.1073346 0.7131584 0.6927369 0.1078757 0.7139234 0.6918643 -0.1563784 0.8393438 0.5206225 -0.02089484 0.9869749 0.1595115 -0.2921813 0.9455897 0.143144 -0.01629976 0.9879042 0.1542066 0.2683023 0.9492403 0.1641852 0.5218998 0.840533 0.1453437 0.7354412 0.6676869 0.1154138 0.9068386 0.4161281 0.06694054 -0.1368715 0.9820647 0.129673 -0.9984308 0.05526303 0.009055226 -0.7814804 0.447893 -0.4343733 -0.7294428 0.2588583 -0.633171 -0.9700998 0.2310842 0.07420527 -0.7465612 0.1653112 -0.6444521 -0.6885183 0.06476855 0.722321 -0.9989544 0.04465568 0.009792887 -0.93838 0.3417145 0.05171225 -0.9979547 0.06344727 0.007803214 -0.6343654 -0.4824236 -0.6040264 -0.4097052 -0.5870817 -0.6981953 -0.3397599 -0.7949359 -0.5026332 -0.9067108 0.07982162 -0.4141306 -0.7889632 -0.03396965 -0.6135008 -0.7270672 -0.270379 -0.6310852 0.5923264 0.7883926 -0.166092 0.9895282 -0.1300499 0.06261818 -0.160023 -0.2911817 -0.9431892 -0.9995775 0.01684186 -0.02368765 -0.3462721 -0.8696707 -0.3518074 -0.1306227 -0.9910743 -0.02663536 -0.2631929 -0.9646073 0.01619278 -0.3595169 -0.9270486 -0.1064351 -0.5921535 -0.08504902 0.8013245 0.974417 -0.1020414 -0.2002476 -0.9496829 0.2653005 -0.1664876 -0.9866642 0.1057833 -0.1237079 -0.776527 -0.479863 0.4083348 0.9729758 0.221279 -0.06598198 -0.1770764 -0.912329 -0.3691879 0.2353542 -0.7216261 0.6510485 -0.6560781 0.5747763 -0.4890745 -0.3781652 -0.4758267 0.7940907 -0.9353792 0.2856507 -0.208493 -0.6901079 0.1154869 -0.7144325 -0.9697447 0.2044221 -0.1334422 -0.9291608 -0.05956129 -0.364846 -0.8237188 -0.3534769 -0.4433299 -0.9460689 -0.1892848 -0.2629162 -0.8634097 -0.4261902 -0.2699732 -0.9432473 -0.3308199 -0.02902875 -0.8435964 -0.5324253 0.06977433 -0.642631 -0.7524139 0.144564 -0.7981519 -0.5716979 0.1900397 -0.9105573 -0.3550107 0.2117847 -0.8179342 -0.5574529 -0.1422317 -0.9925488 -0.08972115 0.08244408 -0.9985424 0.01106237 -0.05282734 -0.9860483 0.1203999 -0.114946 -0.9613795 -0.150901 0.2301701 -0.6507224 -0.6349018 -0.4164853 -0.643979 -0.7286344 -0.2332014 -0.6318284 -0.7748279 -0.02084441 -0.4524304 -0.8893224 0.06642519 -0.4168112 -0.2453226 -0.8752629 -0.5981011 -0.156188 -0.7860537 -0.9616013 0.09524907 0.2573917 0.6161027 -0.7497141 0.2415496 0.7784348 -0.5485552 0.3051662 0.753437 -0.5272147 0.3929088 -0.09647021 -0.2825257 0.9543965 -0.08516633 -0.5316975 0.8426413 -0.000590648 -0.5320368 0.846721 -0.1910458 -0.2810214 0.9404938 -0.1687175 -0.5306826 0.8306084 -0.2833854 -0.2785932 0.9176484 -0.2503886 -0.5290388 0.8108165 -0.4046086 -0.524383 0.7492091 -0.329409 -0.5268859 0.7835056 -0.3725564 -0.2753324 0.8862245 -0.5385338 -0.5195704 0.663346 -0.4745759 -0.5218331 0.7088497 -0.5360199 -0.2677282 0.8006274 -0.7903075 0.2244248 0.5701294 -0.6454564 -0.5175323 0.5617351 -0.5957688 -0.5179758 0.6138083 -0.6721821 -0.261859 0.6925324 -0.814303 -0.267322 0.515218 -0.7754188 -0.262742 0.5741885 -0.05982488 0.1362879 0.9888613 0.04215998 0.1048657 0.9935923 0.002754233 -0.9167298 0.3994983 0.2354898 -0.9714252 -0.0296259 0.2354293 -0.9714192 -0.03029476 0.3620429 -0.9213463 0.1415835 0.8925033 -0.3908359 0.2251337 0.8925313 -0.3907706 0.2251361 0.885585 -0.3076465 0.347984 0.7784036 -0.5994408 0.1864365 0.6165043 -0.7797409 0.1092093 0.6283348 -0.772953 0.08797228 0.4491604 -0.8930216 0.0277009 0.9756569 0.1663786 0.1428695 0.9274233 0.2309805 0.2941668 0.929552 0.09583351 0.3560184 0.8948561 0.1709521 0.4123202 0.8198156 0.1256692 0.5586678 0.858953 0.1106002 0.4999674 0.3444341 -0.9138243 0.2151518 0.8587854 0.1085187 0.5007109 0.3571341 -0.9144709 0.1902583 0.8902358 0.1274265 0.437313 0.8170615 0.1034302 0.5671972 0.3233834 -0.9163242 0.2361631 0.7755102 0.1320989 0.6173604 0.3008844 -0.917274 0.2609157 0.7574054 0.09925898 0.6453563 0.7200735 0.1367604 0.6802873 0.2768737 -0.9174502 0.2857026 0.6920021 0.09856699 0.7151347 0.6572837 0.1373453 0.7410225 0.2500662 -0.9173158 0.3098365 0.6178607 0.09906478 0.780022 0.5860932 0.1357292 0.7987943 0.2202544 -0.9169585 0.3326786 0.5348688 0.100434 0.8389448 0.5061716 0.1314362 0.8523584 0.1880513 -0.9160832 0.3541585 0.4442945 0.1032941 0.889906 0.4169057 0.1263044 0.9001315 0.1535951 -0.9149459 0.3732058 0.3481354 0.1069829 0.9313197 0.05497305 0.1263799 0.9904575 0.1418327 0.1083477 0.9839432 0.05014016 -0.8844973 0.4638432 0.1879756 0.1197301 0.9748486 0.09258414 -0.8824894 0.4611298 0.2458026 0.111231 0.9629168 0.1172152 -0.9137904 0.3889058 0.3147234 0.1216378 0.9413572 -0.06126428 0.101456 0.9929518 -0.03666412 -0.9181741 0.3944769 -0.1437943 0.133153 0.9806087 -0.07707113 -0.9186613 0.3874552 -0.1782687 0.09855706 0.9790336 -0.2424545 0.136668 0.9604883 -0.1154477 -0.918969 0.3770515 -0.2822989 0.09724754 0.9543848 -0.3375567 0.1391262 0.9309669 -0.1524915 -0.9191399 0.3632191 -0.3833044 0.09619173 0.9185994 -0.4284768 0.1399739 0.8926449 -0.1882298 -0.9187113 0.3471875 -0.4799744 0.09664453 0.8719429 -0.5141288 0.1371062 0.8466838 -0.2225077 -0.9175641 0.3294941 -0.5698197 0.09895937 0.8157895 -0.5944424 0.1312891 0.7933482 -0.2554134 -0.915621 0.310487 -0.6522041 0.1034143 0.7509563 -0.6804502 0.1216713 0.7226228 -0.2873111 -0.9118223 0.293313 -0.7242188 0.1132546 0.6802063 -0.3027746 -0.9148654 0.2671119 -0.7267333 0.1054547 0.6787768 -0.7693464 0.1277553 0.6259271 -0.317345 -0.918406 0.2362679 -0.7925099 0.09727417 0.6020514 -0.8179772 0.1335126 0.5595424 -0.3330274 -0.9193313 0.2095773 -0.8472222 0.09641334 0.5224166 -0.8604355 0.1241815 0.494196 -0.3579721 -0.9151439 0.1853853 -0.8905204 0.1065393 0.4422926 -0.8915118 0.1886444 0.4118495 -0.3612026 -0.9216215 0.1419384 -0.9255349 0.0950189 0.3665468 -0.9299292 0.2289283 0.2877907 -0.8856258 -0.3078971 0.3476583 -0.6870876 -0.5186976 0.5087862 -0.7281813 -0.2610521 0.6337222 -0.7208388 -0.5218902 0.4560944 -0.7532784 -0.5271246 0.3933335 -0.931315 -0.05773519 0.3596096 -0.8471132 0.4342618 0.3062938 -0.8709412 0.2019316 0.4479789 -0.8520292 -0.2755799 0.4450864 -0.8216693 0.1817494 0.5402099 -0.7256098 0.2045989 0.6569853 -0.7785679 -0.548101 0.3056424 -0.6078733 -0.2642996 0.7487561 -0.4573231 -0.271565 0.8468223 -0.6021509 0.2078955 0.7708396 -0.6859273 0.2405714 0.6867526 -0.4495312 0.2314557 0.8627572 -0.5586709 0.2100631 0.8023467 -0.4029255 0.1714592 0.8990288 -0.2775033 0.24332 0.9294016 -0.1030901 0.2557745 0.9612241 -0.2186855 0.106912 0.9699209 0.1591142 -0.584237 0.7958328 0.1897155 -0.2810512 0.9407541 0.08167459 -0.5851379 0.8068103 0.09501996 -0.2825744 0.9545276 -0.0006728728 -0.2830203 0.9591137 0.8522524 -0.2756719 0.444602 0.7210276 -0.5219609 0.4557149 0.8145299 -0.2674101 0.5148135 0.6871176 -0.5186956 0.5087478 0.7754496 -0.262737 0.5741491 0.6451723 -0.517534 0.5620598 0.7278412 -0.2611274 0.6340818 0.5954037 -0.5179845 0.6141552 0.6717674 -0.2618784 0.6929273 0.5381796 -0.5195754 0.6636295 0.6074731 -0.2643059 0.7490787 0.4739706 -0.5218443 0.7092464 0.5353351 -0.2677552 0.8010764 0.4037461 -0.5244075 0.7496571 0.4563493 -0.2716156 0.8473313 0.3286802 -0.5268932 0.7838067 0.3717422 -0.2753505 0.8865607 0.08199351 0.1619501 0.9833866 0.207651 0.2254258 0.9518741 0.003597594 0.0370545 0.9993068 0.542048 0.2726823 0.7948763 0.6016175 0.1608018 0.7824316 0.449207 0.1511482 0.8805494 0.3841586 0.2506812 0.8885838 0.2689532 0.176285 0.9468832 0.6763588 0.2681438 0.6860304 0.7285361 0.1644465 0.6649756 0.8255703 0.1400464 0.546645 0.7833649 0.2443145 0.571533 0.9310405 -0.05719707 0.3604054 0.9517904 -0.1723203 0.2537732 0.8624892 0.3989324 0.3113925 0.9598278 0.06971937 0.27179 0.9608446 0.07743218 0.2660485 0.8617569 0.2458807 0.4437542 0.597681 -0.7387285 0.3115407 0.5720425 -0.7362402 0.361549 0.5455104 -0.7343591 0.4038998 0.5123484 -0.7336728 0.4463444 0.4728391 -0.7338552 0.4877291 0.4273171 -0.7346777 0.5269238 0.3762262 -0.7358726 0.562979 0.3203741 -0.7372319 0.5948526 0.2607227 -0.7385913 0.6216965 0.1978028 -0.7397628 0.6431369 0.2495681 -0.5290461 0.8110647 0.2824582 -0.2785986 0.9179326 -0.6154525 -0.7501349 0.2419005 -0.5975771 -0.7386745 0.3118679 -0.5719013 -0.7361939 0.3618667 -0.5454844 -0.7343596 0.403934 -0.5125371 -0.7337126 0.4460622 -0.473124 -0.7338563 0.4874512 -0.4275892 -0.734687 0.5266902 -0.3767036 -0.7358716 0.562661 -0.3210487 -0.7372375 0.5944818 -0.2613126 -0.7385772 0.6214656 -0.1985404 -0.7397428 0.6429326 -0.1337424 -0.7406398 0.6584571 -0.06749906 -0.7411733 0.6679117 -0.0003929328 -0.7413531 0.6711151 0.9489663 0.1925964 0.2497388 0.7765908 -0.5373288 -0.3289141 0.8526742 -0.5107053 -0.1101217 0.6226227 -0.7484101 -0.2285244 0.9960465 -0.08741382 -0.01581652 0.9952835 0.04724109 -0.08472887 0.9664304 0.205671 -0.1539859 0.2877994 -0.06384511 -0.9555602 0.6016263 0.05470991 -0.7969019 0.6267842 -0.1431942 -0.7659223 0.3722547 -0.2547257 -0.8924916 0.9764732 0.1910509 0.09999773 0.7179554 0.5877386 -0.3729655 0.3367982 -0.4721217 -0.8146583 0.7989645 -0.1203334 0.5892161 0.222787 -0.9117205 -0.3451545 -0.7175445 -0.1997589 0.6672528 0.3593938 0.448846 -0.8181524 0.4437549 -0.8465014 -0.2941375 0.740663 -0.671573 0.02019744 0.9807497 -0.1162125 0.1569228 0.9896877 -0.1296059 0.06099724 0.8089609 0.1750644 -0.5611905 0.9155724 0.08534776 -0.3929923 0.9460776 -0.1676031 -0.2772118 0.8546062 -0.163022 -0.4930234 0.8278 -0.3541681 -0.4351002 0.6453767 -0.3313352 -0.688263 0.6449094 -0.5317208 -0.5489672 0.4241829 -0.6436972 -0.6369637 0.1891043 -0.2883967 -0.9386516 0.9799808 -0.03223941 0.1964644 0.9070176 -0.2046593 0.368013 0.7943967 -0.03511501 -0.6063833 0.4199215 0.9021262 -0.09916777 0.9942987 -0.004339456 0.1065419 0.9655645 0.09831966 0.2408702 0.9730807 0.2303926 -0.005766665 -0.1073292 0.7533875 -0.6487586 -0.1825949 0.7639284 -0.6189286 -0.2192443 0.9632753 -0.1550249 0.1255693 0.9595226 -0.2520886 0.2323219 0.9508825 -0.2045702 0.1828717 0.7637111 -0.6191149 0.2902387 0.9478419 0.1317467 0.2692761 0.9577517 0.1010051 0.1005654 0.4140917 -0.9046627 0.4128106 0.8939821 0.1743081 0.3761176 0.9219122 0.09280861 0.1537531 0.4034612 -0.9019862 0.2812162 0.7528607 -0.5950783 0.7669661 0.2781401 -0.5782743 0.3559374 0.9278059 -0.1117349 0.07922167 0.9940795 -0.07436306 0.07589954 0.9575149 -0.2782164 0.03484829 0.9902773 -0.1346716 0.02631284 0.990524 0.1347958 -0.0320152 0.9692815 0.2438615 -0.07185581 0.9972388 0.01874727 -0.131255 0.9728863 -0.1904321 -0.342351 0.9252674 -0.1633281 -0.5870674 0.8075811 0.05625619 -0.584427 0.8094367 0.05707305 -0.5388382 0.8363518 0.1008415 -0.7280179 0.6637805 -0.1714217 -0.2757396 0.7548901 -0.5950703 -0.7667234 0.5766255 -0.2822027 -0.1473354 0.4082593 -0.9008977 -0.7658852 0.5770943 -0.2835172 -0.4088361 0.9027856 0.1335337 -0.3105595 0.9456151 0.09677219 -0.2806806 0.9497255 0.1387078 -0.055211 0.3949077 -0.9170603 -0.1779142 0.9752132 0.1315511 -0.09580398 0.4058981 -0.908883 -0.2151795 0.9724349 0.08982262 -0.03041793 0.3896424 -0.9204638 -0.09907985 0.9881182 0.1174973 -0.1322769 0.9874966 0.08575153 -0.01526996 0.4260643 -0.904564 -0.05636131 0.9906229 0.1244572 -0.06963849 0.9937371 0.08739003 0.000783948 0.4390345 -0.8984698 -0.01572619 0.9914393 0.129618 -0.03060595 0.9951611 0.09336845 0.01745331 0.4267185 -0.9042161 0.01711626 0.9920956 0.1243116 0.006594569 0.9952682 0.09694194 0.05457463 0.404507 -0.9129051 0.09780915 0.9909335 0.09210907 0.03216418 0.3939143 -0.9185842 0.05958735 0.9926266 0.1055545 0.05234042 0.9942185 0.09375503 0.2037407 0.9728438 0.1098394 0.1592564 0.9814778 0.1064835 0.09633027 0.9906103 0.09701414 0.7069471 0.1683342 -0.6869421 0.7009761 0.02591385 0.7127138 -0.05600781 0.7085579 -0.7034265 -0.02903187 0.7681184 -0.6396494 8.871196e-07 0.7867235 -0.6173055 0.02900214 0.7676837 -0.6401723 0.05560417 0.7083653 -0.7036525 0.002818946 0.9993277 -0.03655516 -0.07354642 0.9573457 -0.2794284 -0.0363725 0.9901335 -0.1353242 0.1061971 0.7533313 -0.6490102 0.06940916 0.8744233 -0.4801731 0.03498574 0.9275379 -0.3720878 -0.0003555902 0.9427458 -0.3335119 -0.03555483 0.9275043 -0.3721178 -0.06862325 0.8743827 -0.4803599 -0.7172992 0.6742941 0.1755258 -0.7508785 0.6530934 0.09823692 -0.6875143 0.7193948 0.09897074 -0.9031595 0.4112232 0.1232814 -0.8560865 0.4985381 0.1362922 -0.965005 0.2593511 0.0387613 -0.8502218 0.5191589 0.08715996 -0.8500166 0.5203382 0.08197471 -0.8493896 0.5223609 0.07534164 0.899894 0.4060096 0.1592074 0.7603423 0.5946629 0.2612579 0.823662 0.5322138 -0.1957787 0.760935 0.5949451 0.2588789 0.5721339 0.7429664 0.347367 0.6138299 0.783559 -0.09616751 0.1084986 0.8924942 0.4378152 -0.1200255 0.88892 0.4420577 -0.02672994 0.9896476 0.1410072 -0.7493164 0.6144455 0.2469446 -0.4362032 0.15624 -0.8861805 -0.4439968 0.2475706 -0.8611479 -0.5604055 0.1439074 -0.8156202 0.7028303 0.1908138 -0.685288 0.7372788 0.3236174 -0.593036 0.3987183 0.5680345 -0.7199726 0.8703217 0.08891826 -0.48439 0.9072742 0.04670618 -0.4179379 0.8719742 0.4026631 -0.2784301 0.1296404 0.4550132 -0.8809973 0.6225684 0.008209635 -0.7825223 0.5292475 0.4680134 -0.707715 0.1548235 0.3053722 -0.9395624 0.2080662 0.299007 -0.9312912 0.2127041 0.3283689 -0.9202885 -0.2794447 0.3927213 -0.8761739 0.2629796 0.03633618 -0.9641169 0.3110422 0.2284907 -0.9225209 0.08697462 -0.09989087 -0.9911898 0.03284912 0.04455674 -0.9984666 -0.2048542 0.3011469 -0.9313138 -0.8291889 0.2492212 -0.5003344 -0.6250375 0.02195755 -0.7802859 -0.529852 0.008889901 -0.8480435 -0.8774141 0.04521515 -0.4775982 -0.5921019 -0.337961 -0.7315721 -0.7619631 0.2080024 -0.6133084 -0.9754191 0.1756111 0.13311 -0.9854903 0.1265647 0.1130942 -0.9416278 -0.2625802 -0.2106864 -0.9221738 0.2156741 -0.321061 -0.9276865 0.2829998 -0.2435341 -0.9446904 -0.13348 -0.2995716 -0.9463057 0.2452036 -0.2106674 -0.7659063 0.6424646 -0.02503415 -0.776618 0.6284782 0.04335541 -0.8533805 0.4820637 -0.1983843 -0.7827329 0.5120347 -0.3537649 -0.6512124 0.5412286 -0.5319718 -0.7943403 0.5970386 0.112109 -0.8966829 0.4419441 -0.02540131 -0.4854942 0.6056473 -0.6304655 -0.6095452 0.6945265 -0.382214 -0.7137155 0.6245162 -0.3171588 -0.3575666 0.7747976 -0.5213778 -0.2050383 0.7236272 -0.6590318 0.4513467 0.4745112 -0.7557283 -0.01320706 0.8342453 -0.5512352 0.006359329 0.9748218 -0.2228946 -0.4525736 0.8151877 -0.3614501 -0.1884792 0.9721026 -0.1396144 0.1988681 0.923111 -0.3291164 0.3150807 0.948835 0.02088816 0.3649605 0.8381768 0.4052944 -0.6871852 0.7135208 0.1366182 -0.468551 0.883191 0.02082216 -0.5423255 0.786189 0.2962936 -0.3892686 0.8193129 0.4209469 -0.5790787 0.7191133 0.3841144 -0.3430548 0.9098336 0.233487 -0.4449574 0.8950896 0.0287672 -0.5875184 0.8020894 -0.1071204 -0.7000143 0.7110808 -0.06591003 0.9665228 0.03687852 -0.2539166 0.992588 0.1136986 -0.04291547 0.9806064 0.1938828 0.02864388 0.9782814 0.1971084 0.06413895 0.8943066 0.2750342 -0.3529474 0.6681686 0.5253602 -0.5268276 0.4486948 0.7729966 -0.4484967 0.4459081 0.4753737 -0.7584101 0.217732 0.6959075 -0.6843285 0.2269552 0.4169941 -0.8801177 0.004163673 0.6097055 -0.7926171 0.0335541 0.3692539 -0.9287226 -0.862998 0.4610517 0.206557 0.08320329 0.3323282 -0.9394867 -0.3381684 0.4729189 -0.8136276 -0.1535283 0.3163358 -0.9361414 -0.5523167 0.4223557 -0.7187225 -0.4225559 0.2863004 -0.8599294 -0.7312269 0.377465 -0.568179 -0.6580507 0.2535042 -0.7090169 -0.8614683 0.3484726 -0.3693768 -0.8405263 0.2336968 -0.4887754 -0.7366524 0.6753685 -0.03493741 0.6284645 0.4724856 0.6178914 0.7279426 0.3821897 0.5692368 0.498391 0.3102364 0.8095429 -0.5769756 0.6301511 0.5196237 -0.5136255 0.6368467 0.5749914 -0.3660268 0.2572039 0.8943548 -0.3845072 0.329383 0.8623578 0.3321194 -0.3671782 0.8688365 -0.128793 0.321653 0.9380574 -0.05523291 0.2622432 0.9634198 0.5558462 -0.1997301 0.8069343 0.1734901 0.328741 0.9283483 0.3141792 0.2589237 0.9133728 0.8088324 0.1107885 0.5775085 0.730394 0.1872619 0.6568543 0.6090973 0.2496534 0.7527773 0.7236661 -0.02375748 0.6897413 0.3141578 0.2589467 0.9133737 0.9890279 -0.147476 -0.008641501 0.9481195 0.004660386 0.31788 0.8837056 0.1059804 0.4558866 0.1961839 0.7004536 0.6862045 -0.06869578 0.7545151 0.6526775 -0.3502261 0.7548719 0.554536 -0.5756159 0.6940103 0.4324535 -0.4469894 0.6831464 0.5775046 -0.6410232 0.4403606 0.6286269 -0.8147939 0.3789563 0.4387516 -0.3233119 0.5003518 0.803192 -0.2954092 0.5965961 0.7461947 -0.1173297 0.5098119 0.8522473 -0.1819733 0.6507034 0.7372047 0.05582142 0.5723769 0.8180884 -0.3738653 0.2577589 0.8909462 -0.3824931 -0.04508093 0.9228579 0.09931744 -0.4527489 0.8860895 -0.6345548 0.3384644 0.6948252 -0.5967076 0.2533 0.7614323 -0.6241901 0.2788454 0.7298164 -0.6312292 0.2884686 0.7199552 -0.6733437 0.04276547 0.7380917 -0.4265733 -0.6194092 0.6590656 -0.8331016 0.2995904 0.4649596 -0.7991393 0.1757136 0.5748923 -0.7991425 0.1757065 0.57489 -0.8579568 -0.3714342 0.3548898 -0.8448035 -0.5078598 0.1684799 0.8475733 0.04401978 0.5288494 0.8736543 0.1914896 0.4472805 0.8111049 0.2885355 0.5087791 -0.6513908 0.6152382 0.4440405 -0.4764991 0.4549603 0.752303 -0.3252248 0.2617459 0.9086902 -0.1631318 0.3646951 0.9167254 -0.03064745 0.243245 0.9694806 0.0671696 0.3976919 0.915057 0.2442741 0.2686254 0.9317567 0.2898462 0.4546221 0.8422042 0.5092266 0.5576263 0.6555465 0.3753666 0.6301513 0.6797126 -0.4896515 0.6601347 0.5696171 -0.247613 0.8447232 -0.4744792 -0.061813 0.9277188 -0.3681262 -0.2792474 0.9570823 -0.07755191 0.1382656 0.8287918 -0.5422055 -0.6238389 0.6454653 0.4406808 -0.451588 0.5900333 0.669275 -0.6377221 0.4661839 0.6131745 -0.3800759 0.4538885 -0.8059327 -0.6067648 0.5110814 -0.6087957 -0.5790958 0.548437 -0.6032122 -0.8546194 -0.07510419 -0.5137948 -0.6376568 0.2758117 -0.7192509 -0.5537538 0.4110153 -0.7241707 -0.8361566 0.440398 0.326943 -0.6386513 0.4615326 0.6157208 -0.7891695 0.3200008 0.5242242 -0.9784891 -0.2029625 -0.03694928 -0.9554312 -0.2574878 -0.1443996 -0.9743534 0.2167755 -0.06036348 0.9678945 0.1400632 -0.2087162 0.948677 0.3056435 -0.08120386 0.8687166 0.2639921 -0.4190939 0.5828822 0.4150412 -0.6985622 0.4618205 0.2813096 -0.8411818 0.6894872 0.2504593 -0.6796158 0.7290786 0.6146217 -0.3011388 0.7416428 0.6702704 -0.0265255 0.707803 0.7025466 -0.07377782 0.4102104 0.7524274 0.515345 0.1682726 0.7733572 0.6112307 0.3051108 0.8750028 0.375869 0.361124 0.9151001 0.1793916 -0.01055911 0.9425017 0.3340345 -0.02277323 0.7400027 0.6722183 -0.2528288 0.6803784 0.6878683 -0.2891515 0.8034594 0.5204271 -0.5923236 0.6662052 0.4531262 0.1840112 0.7585439 0.6251008 0.5832776 0.6907281 0.4274131 0.3111751 0.8657023 0.3920837 0.5920557 0.7639002 0.2567614 0.6438665 0.7419695 0.1868614 0.05460456 0.9968006 0.05836916 0.4561858 0.8898467 -0.008210321 0.6100978 0.7819456 -0.1278348 0.6877385 0.7154159 0.1232716 0.7669329 0.6415392 -0.01553811 0.7930179 0.5102348 -0.3328409 0.7758235 0.6277907 0.06306145 0.8664497 0.4573766 -0.2001788 0.8964443 0.4431075 -0.006578309 0.6402828 0.4606224 -0.6147071 0.3309222 0.3522192 -0.8754611 0.4948884 0.3596207 -0.7910489 0.5562205 0.3887036 -0.7345258 0.5265718 0.04278567 -0.8490533 0.7140622 0.2082195 -0.6684009 0.1994778 0.3487485 -0.9157418 0.3557515 0.4831803 -0.799986 0.5117038 0.6049445 -0.610083 0.8491878 0.3141608 -0.4244797 0.8779863 0.3596434 -0.3159063 0.7637443 0.1500726 -0.6278319 0.7991347 0.1750069 -0.5751142 0.8490086 0.3144423 -0.4246297 0.4794827 -0.497974 -0.7225775 0.9673544 0.1390957 -0.2118441 0.9745476 0.07679257 -0.210618 0.1971508 0.960488 -0.1964544 -0.1506212 0.6684639 -0.7283332 0.490867 0.7731496 -0.4016084 0.6289768 0.6813799 -0.3743121 0.6749894 0.5293243 -0.5140089 0.7537112 0.3742075 -0.5402668 -0.9005789 0.1523792 0.4071097 -0.9197861 0.07703065 0.3847853 0.1519309 0.8196358 0.5523714 -0.8994109 0.1661875 0.4042794 -0.3443406 0.7686201 0.5391221 -0.7776429 0.6165599 0.1229853 -0.7713853 0.5184773 -0.3689797 -0.7971729 0.5943627 0.1060581 -0.7879724 0.5363114 -0.3024393 -0.8646522 0.5004439 0.04396048 -0.7738366 0.6243456 0.1066278 -0.9576173 -0.07480257 -0.2781612 -0.8382519 0.3506552 -0.417582 -0.9054711 -0.1210076 -0.4067913 -0.5965073 0.4467454 -0.6667816 0.08645998 0.2457223 -0.9654767 -0.2408647 0.2730526 -0.9313573 0.09175873 0.5712387 -0.8156388 0.05829402 0.7847583 -0.6170545 -0.01151742 0.4835163 -0.8752596 -0.7018594 -0.2701719 -0.6590906 0.03110198 0.468622 -0.8828511 -0.2233326 -0.05977988 -0.9729075 0.4024184 0.243191 -0.8825631 -0.2538606 0.6787287 0.6891169 -0.4834247 0.7285629 0.48528 -0.5174939 0.8282403 0.2149838 -0.3148184 0.9085418 0.2746654 -0.2720005 0.5652069 -0.7788177 -0.034846 0.4711565 -0.881361 0.07688563 0.5613947 -0.8239688 -0.505385 0.6375391 -0.5814894 -0.1522618 0.666267 -0.7300032 0.1888398 0.6406152 -0.7442793 -0.7406897 0.5492795 0.3868732 -0.6599793 0.7334448 0.1627452 -0.5784665 0.7888589 -0.2075528 -0.3815922 0.7524442 -0.5368566 -0.02493382 0.7514741 -0.6592912 0.3248887 0.7161251 -0.6177477 -0.4751707 0.3424455 -0.8105207 -0.1417472 0.3738725 -0.9165845 0.7191503 0.6676107 0.1926623 0.8127943 0.5749871 0.09356913 -0.3256467 0.4669295 0.8221503 0.4831668 0.6635942 0.5711328 0.2742884 0.6047703 0.7476756 0.5077966 0.6367506 0.580251 0.7788101 0.4464308 0.4406295 -0.3060877 0.111065 0.9455024 -0.3702905 0.04826076 0.9276615 -0.3735361 0.1523926 0.9150122 -0.5687629 0.02419392 0.8221456 0.1996416 0.2440407 0.9489928 0.2015524 0.2369129 0.9503941 0.2896573 0.2716262 0.9177788 -0.3006773 -0.1685613 0.938712 -0.03795815 0.2568466 0.9657065 -0.1794624 0.2096357 0.9611691 -0.08896558 -0.3988916 0.9126722 0.5165246 0.2876993 0.8064933 0.4616319 0.2101429 0.8618213 0.8005405 0.3045601 0.5161183 0.6607048 -0.209334 0.7208664 0.5506383 0.2423021 0.7988035 0.5082052 -0.186234 0.8408593 0.4624645 0.1882964 0.8664128 0.9162845 0.3473413 0.1994412 0.9528459 0.2182088 0.2108783 0.9536738 -0.05427365 0.2959063 0.667518 -0.6739757 0.3165066 0.8673763 0.1731112 0.4665735 0.8694174 0.1637581 0.4661509 0.7881378 -0.5698023 -0.2327318 0.8703824 0.4351689 0.230353 0.6285916 0.6340636 0.450373 0.4490727 0.4547495 0.7691142 0.5666148 0.6336208 0.5267565 0.6251152 0.4461782 0.6404342 0.7645036 0.4397784 0.4713059 0.08862605 0.5200464 0.8495276 -0.5767833 0.167718 0.7994946 -0.5431052 0.2627251 0.7975038 -0.8827684 -0.0514295 0.4669849 -0.9174673 -0.03108604 0.3965947 -0.2852554 0.2728332 0.9187989 -0.01389032 0.2484589 0.9685429 0.1243083 0.3678208 0.9215505 -0.5366653 0.3171373 0.7819298 -0.1025093 0.403821 0.9090767 0.3008132 0.5011669 0.8113835 0.304075 0.2581395 0.9170073 -0.08471768 0.5861339 0.8057729 0.1654941 0.6618271 0.7311612 0.4357414 0.6873166 0.5811414 0.1122283 0.9854962 0.127287 0.1223734 0.9344214 0.3344868 0.08189072 0.7482118 0.6583867 0.0975083 0.9848233 0.1435799 0.1544233 0.9701542 0.1869608 0.1125441 0.9598961 0.2567747 0.09626131 0.9739835 0.2051583 0.1322633 0.9813428 0.1395447 -0.09891191 0.9860259 0.1340495 -0.1022356 0.9652438 0.2405252 -0.1347346 0.9592545 0.2483492 -0.09465525 0.8915204 0.4429804 -0.1309703 0.7828633 0.6082531 -0.1454503 0.782897 0.6049103 -0.05427276 0.6286481 0.7757938 -0.1148914 0.462196 0.8793036 -0.1424794 0.4704984 0.870822 -0.04834675 0.2707216 0.9614429 -0.5743337 0.2239903 0.7873812 -0.0355212 0.08111749 0.9960714 -0.3983957 0.4719054 0.7865025 0.04613728 0.1040451 0.9935019 -0.4635756 0.4126031 0.7841278 -0.4839237 0.3584767 0.7983185 -0.03455274 0.119136 0.9922765 -0.5629542 0.314247 0.7644157 -0.0212611 0.06585645 0.9976026 -0.0136154 0.06306019 0.9979168 -0.01941251 0.1157836 0.9930847 -0.008897066 0.0698619 0.997517 -0.009336853 0.07867206 0.9968568 -0.006270112 0.06775261 0.9976824 -0.00654293 0.07496648 0.9971646 -0.002132629 0.05795933 0.9983167 -0.002515166 0.09137742 0.9958132 0.0005326881 0.04819568 0.9988378 0.003034795 0.1086786 0.9940723 0.003013738 0.04861617 0.998813 0.01003864 0.1136765 0.9934671 0.007002059 0.06570958 0.9978142 0.009971477 0.08269303 0.9965252 0.01026587 0.07075193 0.9974411 0.01761738 0.1038275 0.9944393 0.01567279 0.06398002 0.9978281 0.03716718 0.1273514 0.991161 0.02037255 0.05644934 0.9981976 0.1033253 0.2364746 0.9661282 0.1074141 0.2497943 0.9623227 0.06408799 0.4649076 0.8830366 0.126644 0.6060213 0.7853021 0.1250147 0.6136557 0.779614 0.03433636 0.7825827 0.621599 0.1215058 0.877176 0.4645414 0.1425524 0.8779428 0.4570506 0.02890456 0.964237 0.2634605 0.09924537 0.9907201 0.09286586 0.7146645 0.3360801 0.6134369 0.8275892 0.3582505 0.4321489 0.7691987 0.3893292 0.5067112 0.725398 0.5073288 0.4652045 0.175586 0.1761495 0.9685767 0.2509814 0.18071 0.9509744 0.4932095 0.3622623 0.7908921 0.4773521 0.2501586 0.8423513 0.1702938 0.1721109 0.9702463 0.3784931 0.2384664 0.8943583 0.5540033 0.2932791 0.7791455 0.5507372 0.2960381 0.7804166 -0.5944648 0.5852695 0.5514265 -0.3454355 0.6873743 0.6388981 -0.3588692 0.4448626 0.8205548 -0.3241646 0.8666669 0.3792174 -0.188716 0.9719269 0.1405147 -0.3996918 0.8984037 0.1819814 -0.5997802 0.7138567 0.3614864 -0.573943 0.7911759 0.2112585 -0.7413284 0.6302309 0.2307406 -0.8563997 0.4581224 0.2381249 -0.8200432 0.4882997 0.2984838 -0.8141824 0.4314131 0.388574 -0.8047188 0.3742421 0.4608368 -0.5875472 0.4282754 0.6865628 -0.2073515 0.5585648 0.8031256 0.3100019 0.8092523 0.4990086 0.276532 0.8445694 0.4585112 0.269766 0.855579 0.4418267 0.16307 0.8406708 0.5164115 0.1038271 0.2810694 0.9540545 -0.08905939 0.723345 0.6847192 -0.1803701 0.6626613 0.7268745 0.07104713 0.3067529 0.9491338 0.04604432 0.3255599 0.9443996 0.03079897 0.2969289 0.9544028 0.01471723 0.2477219 0.9687194 0.0006034299 0.2343207 0.9721592 -0.01376504 0.2565086 0.9664439 -0.02987347 0.2983892 0.9539767 -0.04564328 0.3244977 0.9447846 -0.06937921 0.3061231 0.9494605 -0.1058977 0.289829 0.9512018 -0.2889546 0.809613 0.510913 -0.1385104 0.6050903 0.7840157 -0.09222889 0.6411832 0.7618254 -0.06005117 0.5901476 0.8050588 -0.02932746 0.5100366 0.8596526 0.0002872427 0.4796851 0.8774407 0.03003542 0.5100943 0.8595939 0.06073222 0.5903345 0.8048707 0.08995192 0.6415462 0.761792 0.1385169 0.6049824 0.7840978 0.206625 0.5585646 0.8033129 0.002896067 0.6830569 0.7303594 -0.04289889 0.8162619 0.576087 -0.08781941 0.8670236 0.4904669 -0.1263646 0.9033451 0.4098776 -0.2008579 0.8737688 0.4429269 0.190673 0.8247942 0.5323142 0.1171766 0.8653083 0.4873512 0.09074077 0.8199001 0.5652698 0.05181264 0.7348434 0.6762549 -0.08899854 0.7250375 0.6829347 -0.9108549 0.4073282 0.06653679 0.03347694 0.9635139 0.2655566 -0.2553174 0.9296874 0.2655075 -0.5158631 0.8238771 0.2347591 -0.7351765 0.6518655 0.1859755 0.3995261 0.9078815 0.1270045 -0.2502414 0.955859 0.1539898 -0.5110404 0.8486625 0.1364172 0.02495934 0.9880318 0.1522176 -0.9177271 0.3923885 0.0617104 -0.7300455 0.6747076 0.1086426 -0.9140116 0.3889838 0.1152147 -0.008903507 0.9863017 0.164711 -0.7411152 0.6616844 0.1136752 -0.5278333 0.8370878 0.1437917 -0.2733791 0.9480263 0.1628192 -0.6800152 1.239933e-10 0.733198 0.2950477 0.6126726 0.7331979 -0.6126726 0.2950476 0.733198 -0.4239825 0.5316573 0.733198 -0.6629658 0.1513177 0.733198 0.6629659 -0.1513176 0.7331979 -0.6629659 -0.1513176 0.7331979 -0.6126726 -0.2950475 0.733198 -0.5316574 0.4239826 0.7331979 7.557331e-17 0.6800153 0.7331979 0.4239825 0.5316573 0.733198 0.5316574 0.4239826 0.7331979 -0.2950477 0.6126726 0.7331979 0.5316572 -0.4239827 0.733198 -0.1513177 0.6629657 0.7331981 0.1513177 0.6629657 0.7331981 0.6126726 0.2950476 0.733198 -3.476372e-17 -0.6800152 0.733198 0.1513174 -0.662966 0.7331978 0.6126726 -0.2950475 0.733198 0.4239827 -0.5316574 0.7331978 0.6800152 1.239933e-10 0.733198 0.2950474 -0.6126724 0.7331981 -0.2950474 -0.6126724 0.7331981 -0.1513174 -0.662966 0.7331978 0.6629658 0.1513177 0.733198 -0.4239827 -0.5316574 0.7331978 -0.5316572 -0.4239827 0.733198 0.5894053 0.4174994 0.6915892 0.1942197 0.9740831 0.1159345 0.5944718 0.5854737 0.5512021 0.3468636 0.6572831 0.6690774 0.3686434 0.8326868 0.4132006 0.3261555 0.4017268 0.8557091 0.8058486 0.3756959 0.4576688 0.813266 0.4372963 0.3838885 0.8591612 0.4550559 0.2340217 0.394931 0.9033937 0.1670606 0.599285 0.7094225 0.370914 0.5808463 0.7882927 0.2030078 0.815931 0.4968995 0.2955461 0.7397581 0.6348043 0.2231177 -0.8230989 0.5138476 0.2418033 0.2605031 0.9620967 0.08067262 -0.139836 0.6091134 0.7806579 0.5597152 0.8107451 0.1714971 0.818375 0.5223492 0.2396116 0.7995685 0.5220351 0.2969336 0.7823974 0.5091918 0.3585778 0.6905294 0.6134176 0.3832597 0.6852752 0.6000973 0.4126513 0.6850813 0.5319265 0.4977126 0.6386609 0.5273614 0.5603589 0.5647696 0.5687291 0.5979821 0.4884578 0.6067074 0.6271483 0.3811248 0.6265134 0.6798713 0.4123615 0.6538741 0.6343553 0.324051 0.5895612 0.7398706 0.2516189 0.5758182 0.7778955 0.175488 0.5444735 0.8202149 0.09095455 0.5284405 0.844084 0.5300289 0.8242118 0.1993599 0.5036893 0.8336096 0.2266983 0.4790024 0.8399336 0.2550848 0.4545346 0.8438787 0.2850739 0.4290405 0.8459614 0.3166601 0.401319 0.8466264 0.3495236 0.3704021 0.8462584 0.3829478 0.3358422 0.8451511 0.4158481 0.2974104 0.8436233 0.4470423 0.2550332 0.8419046 0.4755573 0.2088739 0.8402195 0.5004027 0.1595849 0.8387984 0.5205285 0.1079601 0.8377149 0.5353302 0.05461507 0.8370404 0.5444085 -0.003466547 0.6474316 0.7621157 0.0003844575 0.8368147 0.5474861 -0.0537874 0.8370391 0.5444928 -0.06311438 0.6260864 0.7771952 -0.2083559 0.8402413 0.5005821 -0.2545022 0.8418924 0.4758633 -0.386373 0.5484921 0.7415337 -0.4567693 0.5522509 0.6974101 -0.1072016 0.8376943 0.5355148 -0.2183998 0.5948627 0.773589 -0.1590529 0.8387835 0.5207154 -0.3026248 0.5767814 0.7587763 -0.4291029 0.8459274 0.3166663 -0.6541623 0.5934398 0.4689358 -0.4011778 0.8466044 0.3497389 -0.629132 0.559835 0.5392381 -0.3701965 0.8462615 0.3831397 -0.5596658 0.8106428 0.1721407 -0.5300937 0.8241883 0.1992842 -0.8093122 0.5032901 0.3028412 -0.5036829 0.8336258 0.226653 -0.7631119 0.5393807 0.3559898 -0.479139 0.839896 0.2549521 -0.6894871 0.6164202 0.3803074 -0.4547443 0.8438283 0.2848884 -0.6578957 0.639372 0.3979655 -0.5839727 0.5450613 0.601568 -0.3356363 0.8451491 0.4160185 -0.5233763 0.5484479 0.6521366 -0.2970464 0.8436069 0.4473152 -0.02466822 0.9673945 0.2520701 -0.0128206 0.9966484 0.08079376 -0.05604614 0.9623433 0.2659965 -0.01400932 0.9985288 0.05238354 -0.07308852 0.9676024 0.2416686 -0.1177803 0.9677486 0.2226889 -0.04898884 0.9954491 0.08173834 -0.142005 0.9671943 0.2106413 -0.02426098 0.9991608 0.03300083 -0.1567346 0.967832 0.1968135 -0.00973537 0.9993596 0.03443292 -0.03101503 0.9958747 0.0852736 -0.102697 0.9651129 0.2408535 -0.02010082 0.9989328 0.04158308 -0.01657651 0.9992959 0.03366006 -0.02354692 0.9992119 0.03195558 -0.06168741 0.9956548 0.06975762 -0.174084 0.9684957 0.1780751 -0.0276115 0.9992727 0.02630111 -0.1879244 0.9680393 0.1660855 -0.02911845 0.999188 0.02784637 -0.07030663 0.9959315 0.05636864 -0.2020538 0.9682132 0.1474362 -0.03262987 0.9992192 0.02227678 -0.2152153 0.9669356 0.1368136 -0.0355689 0.9990682 0.02444376 -0.07536129 0.996207 0.04349944 -0.2266162 0.9666763 0.1190886 -0.03759684 0.9991234 0.01841003 -0.2386509 0.9649759 0.1089369 -0.1129001 0.9931805 0.02908607 -0.2645486 0.9608322 0.08255598 -0.03962512 0.9990244 0.01949695 -0.08119507 0.9961392 0.03337661 -0.2541051 0.9626118 0.0938566 -0.04434467 0.9989055 0.01487986 -0.04258258 0.9989918 0.01421545 0.03884554 0.9991656 0.0126182 0.2608879 0.9606566 0.09526977 0.2257075 0.9669689 0.1184365 0.0758046 0.9961627 0.04374299 0.2144236 0.967199 0.136193 0.03484245 0.9991115 0.02370947 0.202964 0.967925 0.1480769 0.05172992 0.9985289 0.01625182 0.07756879 0.9964868 0.03157726 0.2334605 0.9665535 0.1061625 0.03450256 0.9992652 0.01669005 0.03665273 0.9991725 0.01763124 0.1744619 0.9683996 0.178228 0.06203263 0.9956124 0.07005599 0.1557941 0.9682585 0.1954578 0.02250333 0.9992772 0.030637 0.1405311 0.9679168 0.2082979 0.1004678 0.9666386 0.2356184 0.03289079 0.9953262 0.09079654 0.07301739 0.9672428 0.2431251 0.009507522 0.9992928 0.03637888 0.05449459 0.9648277 0.2571726 0.02261923 0.9992701 0.03078288 0.04932209 0.9953928 0.08222273 0.1178468 0.9676332 0.2231551 0.01644058 0.9992741 0.03436437 0.01762735 0.9991738 0.03661992 0.03351246 0.9991766 0.02286884 0.07018029 0.9959513 0.05617552 0.1873194 0.9683118 0.1651779 0.02841458 0.9992327 0.02695524 0.0278332 0.9992628 0.02644211 0.0119211 0.9989465 0.04431476 0.01403118 0.9957342 0.09119507 0.02440531 0.9666846 0.2548043 0.002667725 0.9992375 0.03895294 0.001312178 0.9587421 0.2842742 0.001356218 0.9973065 0.07333441 -0.00323085 0.9993735 0.03524569 0.6580785 -0.7352708 -0.1622019 0.6001386 -0.7352708 -0.3149771 -0.08169657 -0.7352708 -0.6728317 0.6777734 -0.7352708 -1.327045e-16 0.3850193 -0.7352708 -0.5577966 0.5073207 -0.7352708 -0.4494469 -0.5073207 -0.7352708 0.4494469 0.2403418 -0.7352708 -0.6337292 0.08169657 -0.7352708 -0.6728317 -0.3850193 -0.7352708 -0.5577966 -0.2403418 -0.7352708 -0.6337292 -0.6001386 -0.7352708 -0.3149771 -0.5073207 -0.7352708 -0.4494469 -0.6580785 -0.7352708 -0.1622019 -0.6777734 -0.7352708 7.540029e-17 -0.6580785 -0.7352708 0.1622019 -0.6001386 -0.7352708 0.3149771 -0.3850193 -0.7352708 0.5577966 -0.08169657 -0.7352708 0.6728317 0.08169657 -0.7352708 0.6728317 0.6001386 -0.7352708 0.3149771 0.6580785 -0.7352708 0.1622019 -0.2403418 -0.7352708 0.6337292 0.5073207 -0.7352708 0.4494469 0.3850193 -0.7352708 0.5577966 0.2403418 -0.7352708 0.6337292 0.35734 0.93395 -0.006746498 0.1189969 0.9872907 -0.1053411 0.1758196 0.9490032 -0.2616878 0.9959979 0.08929361 0.00384358 0.8920838 0.4303836 -0.1376826 0.8905935 0.3933501 -0.2282957 -0.9435872 0.3282635 0.04343063 -0.9660028 0.2363823 -0.1046996 -0.9398375 0.3040348 -0.1557829 -0.4165914 0.648577 -0.6370239 -0.1847131 0.6901304 -0.6997151 -0.219041 0.7078235 -0.6715705 0.2918933 0.677109 -0.6755159 0.354117 0.6307291 -0.690494 0.5641354 0.5261964 -0.6362929 0.6049208 0.5818572 -0.5436111 0.1530844 0.6943921 -0.703125 0.1472554 0.7239081 -0.6739977 0.2298558 0.703513 -0.6724848 0.4842987 0.7040251 -0.519426 0.3380969 0.8064609 -0.4850889 0.05200223 0.7366014 -0.674325 0.1201149 0.8654697 -0.4863483 -0.03717661 0.7287181 -0.683804 -0.1017191 0.8667219 -0.4883097 -0.1365996 0.720981 -0.6793578 -0.318284 0.816991 -0.4808544 0.04929887 0.9874504 -0.1500378 0.009198382 0.9923521 -0.1230962 -0.153501 0.9444419 -0.290632 -0.1695667 0.9708999 -0.1691169 -0.458574 0.8747301 0.1567073 -0.4703829 0.8399775 -0.2705137 -0.4887702 0.8562877 -0.1669581 -0.4828495 0.8538243 -0.1945263 -0.4741766 0.8427216 -0.2549056 -0.8230341 0.5179332 0.2331527 -0.7407065 0.6268567 -0.2416703 -0.7720205 0.5933014 -0.2279862 -0.6881841 0.6598908 -0.3015737 -0.7309807 0.63584 -0.2477393 -0.6324395 0.681035 -0.3690685 -0.4675933 0.7220335 -0.5099256 0.9906524 -0.1310651 0.03781301 0.7358298 0.6122791 -0.2892557 0.8346835 0.5016699 -0.2272241 0.8303612 0.5097044 -0.2251706 0.875141 0.4399069 0.2015194 0.5788328 0.8086007 -0.1054397 0.7530496 0.6085891 -0.2500712 0.8953095 0.3563549 -0.2672679 0.7910514 0.4662054 -0.3960936 0.9884222 -0.1300953 -0.07808152 0.9861637 -0.09123786 -0.1384083 0.9448764 0.09621112 -0.312973 0.8613193 0.2514528 -0.4414754 0.7208379 0.4126367 -0.5568875 0.5986906 0.800465 -0.02872858 0.4931368 0.8699512 0.001000978 0.4972536 0.8674473 0.01655523 0.6483106 0.6614287 -0.3771014 0.4948482 0.8233278 -0.2779507 -0.6425308 0.5687733 -0.5134696 -0.8088254 0.4590391 -0.3675386 -0.9345041 0.3003543 -0.1910218 -0.6579983 -0.4228814 -0.6230646 -0.7699356 -0.5736385 -0.2795318 -0.7222173 -0.6613754 -0.2024469 0.9224309 -0.3861478 -0.003338475 -0.02639649 0.07713713 -0.996671 -0.2875277 0.1202437 -0.9501943 -0.3544706 -0.1842312 -0.9167385 -0.1273824 0.6951806 -0.7074586 -0.3470501 0.5179627 -0.7818381 -0.2009018 0.4289096 -0.8807241 -0.9994919 -0.03172484 0.003082798 -0.9880087 -0.0111573 -0.1539944 -0.9660003 0.07647758 -0.2469708 0.7262247 -0.6665662 -0.1681882 0.7529831 -0.5841986 -0.3028671 0.6019674 -0.796069 -0.06252457 0.5091155 -0.8154645 -0.2753525 0.5135436 -0.8579589 -0.01339579 0.3078765 -0.9099096 -0.2779865 -0.005045266 -0.995741 -0.09205643 0.04825065 -0.9900581 -0.1321244 -0.04551638 -0.9466864 -0.3189248 0.1934274 -0.9792879 -0.05984202 0.3642294 -0.9248056 -0.109871 -0.3747912 -0.8278829 -0.4173026 -0.392258 -0.8090253 -0.4377347 -0.3343025 -0.9283692 0.1623959 -0.4926282 -0.8698891 0.02470735 -0.926085 -0.3770976 0.0128031 -0.9147153 -0.3510248 -0.2001936 -0.9191794 -0.2632934 -0.2928922 -0.8902601 -0.4191118 -0.1782759 -0.7088921 -0.6608836 -0.2463837 -0.6473639 -0.75222 0.1228212 -0.6804089 -0.6921445 -0.2407898 -0.2838982 0.6572047 -0.6982004 -0.5637671 -0.06835736 -0.8231002 -0.5179242 0.056651 -0.8535486 -0.6863116 0.06681405 -0.7242322 -0.5473649 0.3027489 -0.7802146 -0.5726754 0.4330033 -0.696097 -0.3083686 0.6213747 -0.7202793 0.322181 -0.08311915 -0.9430221 0.2766873 0.1623033 -0.9471546 0.6108151 0.1244015 -0.7819394 0.7430997 0.2151322 -0.6336568 0.569512 0.4180688 -0.7077249 0.4883772 0.3028283 -0.8184026 -0.08178663 0.670556 -0.7373368 -0.008336121 0.6582092 -0.752789 0.1261802 0.6854395 -0.7171131 0.07065334 0.6619047 -0.7462508 0.3095135 0.6176674 -0.7229719 0.31491 0.5108934 -0.7998872 0.1833801 0.4331288 -0.8824801 -0.01772821 0.4056819 -0.9138424 0.9326956 -0.2695569 -0.2396207 0.9135124 -0.3831285 -0.1367759 0.913511 -0.3831315 -0.1367767 0.9302036 -0.1919736 -0.3128377 0.8734158 -0.004237084 -0.4869568 -0.9202492 -0.1915752 -0.3412335 -0.3506773 -0.8584645 -0.3742514 -0.343098 -0.9053794 -0.2501438 -0.543589 0.5454303 -0.6379787 -0.7225238 0.4147221 -0.553141 -0.8600835 0.2680921 -0.434031 -0.9513819 0.1021719 -0.2905742 0.7521763 -0.5191445 -0.4058568 0.5763009 -0.6724075 -0.464484 0.3080204 -0.7984333 -0.5173274 -0.03620325 -0.8448368 -0.5337979 -0.3746745 -0.7815614 -0.4987793 -0.3848302 -0.6754878 -0.6289849 -0.6141362 -0.647832 -0.4507222 -0.6296946 -0.5369104 -0.5614374 -0.7918321 -0.4790391 -0.3788448 -0.7990521 -0.3638981 -0.4786375 -0.7522805 -0.1116947 -0.649306 -0.7831759 -0.2410405 -0.5731797 -0.6110559 -0.2625404 -0.7467819 -0.6292386 -0.4072536 -0.6619692 -0.3823891 -0.3944459 -0.8355782 -0.3886808 -0.5443128 -0.7434049 -0.04438984 -0.6113734 -0.7900962 0.3265958 -0.563166 -0.7590647 0.5934065 -0.4320196 -0.6791375 0.7675285 -0.275432 -0.578824 0.838764 -0.4605388 -0.2904805 0.8116252 -0.5480276 -0.2023126 0.7834064 -0.6179967 -0.06598855 -0.8680315 0.02244169 -0.4960016 -0.7496362 0.2368909 -0.6180034 -0.07417192 -0.9885962 0.1310573 0.7084786 -0.02050312 -0.7054344 0.5868789 -0.5005098 -0.6364456 0.316846 -0.2834413 -0.9051352 -0.03781052 -0.2843713 -0.9579683 -0.8906722 -0.165523 -0.4234444 -0.7697791 -0.1596341 -0.6180267 -0.8684448 0.1180677 -0.4815222 -0.1913007 -0.1208155 -0.9740676 0.007953004 -0.09424832 -0.995517 -0.09622493 0.2667448 -0.9589515 0.6284495 0.1596303 -0.7612946 -0.8122625 0.5817832 0.04192752 -0.8445222 0.4790044 -0.2394516 -0.777253 0.5325793 -0.335018 -0.9971957 0.03288424 -0.0672267 -0.9730219 -0.205769 -0.104343 -0.9576547 -0.1841558 -0.2213237 -0.8592181 0.3935257 -0.3269279 -0.8788679 0.4418227 -0.1799552 -0.9691828 0.2369187 -0.06748508 -0.6462433 0.7410119 -0.1824032 -0.5793395 0.7411932 -0.3391141 -0.538125 0.8428397 -0.006539072 -0.2944837 0.9274841 -0.2303315 -0.2571889 0.9587505 -0.1210429 -0.004893544 0.9867871 -0.1619485 -0.1083138 0.9931096 -0.04473852 -0.2581742 0.9577165 -0.126985 0.4922184 0.8634935 -0.11 0.3196669 0.9472195 0.02425354 0.3068883 0.9338686 -0.1836004 0.1070835 0.9915043 -0.07383968 0.07067697 0.9973024 -0.01981758 0.6509401 0.6941897 -0.3072095 0.6739401 0.7380226 -0.03357796 0.5553554 0.7916205 -0.2547889 0.5260997 0.8334975 -0.1688223 0.9713095 0.2157878 -0.09996742 0.8983241 0.4368608 -0.04654585 0.8448001 0.4425995 -0.3006966 0.7805141 0.6139216 -0.1178902 0.7715535 0.625964 -0.113465 0.5857657 0.01929205 -0.8102508 0.7099625 0.04950732 -0.7024971 0.7763129 0.303959 -0.5522203 0.5841341 0.260406 -0.7687497 0.6595818 0.4992555 -0.5618681 0.5217638 0.3320952 -0.785796 0.4972055 0.6126566 -0.6143603 0.4493112 0.3790307 -0.808984 -0.4374889 -0.1805348 -0.8809147 -0.7233827 0.07107209 -0.6867796 -0.378164 0.3520979 -0.8561653 -0.1754744 0.6215592 -0.7634611 0.392609 0.3374592 -0.855558 0.31494 0.2880885 -0.9043328 0.235733 0.141947 -0.9613954 0.05607225 0.4758486 -0.877738 0.2154747 0.565921 -0.7958041 0.3165549 0.6868301 -0.654261 0.06294886 0.7180706 -0.6931177 -0.6977592 0.5646461 -0.4408025 -0.6240538 0.3568409 -0.6951413 -0.8077962 0.3585518 -0.4678738 -0.9584994 0.1163352 -0.2602787 -0.6831084 0.1182448 -0.7206809 -0.7769631 -0.1883874 -0.6006984 -0.5882672 -0.2237371 -0.7770994 0.9178353 0.09143967 -0.3862864 0.9769091 0.1267978 -0.171962 -0.614676 0.5610458 -0.5544376 -0.3576243 0.7186135 -0.5964055 -0.5386182 0.7436506 -0.3960734 -0.0973313 0.8371016 -0.5383192 -0.2496753 0.8981963 -0.3618088 0.1841607 0.8556335 -0.4837109 0.07437686 0.9432983 -0.3235065 0.4379962 0.7795302 -0.4477633 0.3810417 0.8731248 -0.3040727 0.03527191 -0.07964343 -0.9961992 0.2366142 -0.05643503 -0.9699633 0.5601968 -0.7587348 -0.3324171 0.7735011 -0.5548742 -0.3062852 0.7369035 -0.3864315 -0.5546566 0.593595 -0.563438 -0.5746152 0.6168173 -0.2134703 -0.757606 0.2896128 -0.2440162 -0.9255164 0.317654 -0.5699367 -0.7578048 0.201611 -0.7348217 -0.6476033 0.4214191 -0.6490393 -0.6333672 0.3673243 -0.322294 -0.8724674 -0.8624587 -0.5024915 -0.06055835 0.8939082 -0.4481564 -0.009169149 0.9150837 -0.3751726 -0.147876 0.9188656 -0.2506955 -0.3046928 0.9772712 -0.2115509 -0.01368127 0.992605 -0.06810119 0.1004863 0.9919278 0.08575833 -0.09340603 0.7341301 -0.6192253 -0.2785911 0.72404 -0.6620947 -0.1933824 0.8443422 -0.5304801 0.07534648 0.5279874 -0.84302 0.1026968 0.512481 -0.8266292 -0.2324808 0.4227868 -0.8890789 -0.1754711 0.01040681 -0.9916269 -0.1287163 0.04547514 -0.9868312 -0.1552293 0.1678513 -0.9658253 -0.197503 0.1837695 -0.9829536 -0.005567761 0.4228049 -0.8890762 -0.1754413 -0.2530256 -0.9664611 -0.04394393 -0.1592259 -0.9735198 -0.1640317 -0.4252292 -0.9022949 -0.07102101 -0.4543668 -0.8641439 -0.2163472 -0.4195323 -0.9036609 -0.08596239 -0.735533 -0.6697515 -0.1020983 -0.7278984 -0.6441216 -0.2350984 -0.7232586 -0.6823646 -0.1061864 -0.6573127 -0.7535202 -0.01213488 -0.2364487 -0.5019178 -0.8319679 -0.005006744 -0.4040218 -0.9147356 -0.02801062 -0.6926762 -0.7207045 0.1587313 -0.543324 -0.8243806 0.4316238 -0.339766 -0.8356195 0.4895314 -0.3571833 -0.7954741 0.5608059 -0.3017582 -0.7709985 0.651336 -0.1038406 -0.7516506 0.815479 -0.1701796 -0.5532024 -0.9048566 -0.3653168 -0.2185822 -0.3796039 -0.8422366 -0.3828034 -0.5974154 -0.6086361 -0.5221655 -0.6679079 -0.6359521 -0.3866057 -0.7708827 -0.3706259 -0.5180504 -0.3842965 -0.5497529 -0.7416791 0.341298 -0.8176203 -0.4636945 0.2625064 -0.9143381 -0.3083444 0.07371032 -0.8604699 -0.5041412 -0.05493948 -0.9394143 -0.3383524 -0.2132753 -0.7948785 -0.5680509 -0.4994102 -0.5738204 -0.6490913 -0.9233766 0.02793399 -0.3828778 -0.8425283 0.02133155 -0.5382295 -0.7911092 0.258752 -0.5542506 -0.7117767 0.01342088 -0.7022776 -0.5851389 0.01298529 -0.8108291 -0.6386594 0.1477016 -0.7551811 -0.09412939 0.5008591 -0.8603952 0.1194832 0.6368549 -0.761669 -0.1141746 0.7269098 -0.6771752 0.9937287 0.06964426 -0.08748096 0.9400168 0.3360418 -0.05868893 0.9154434 0.2061812 -0.3456193 -0.2686687 0.1855101 -0.9452 0.4340959 0.001145705 -0.9008659 0.3090173 0.3742384 -0.8743306 0.1883032 0.03436755 -0.9815094 0.05710172 0.3018352 -0.9516485 0.02334143 -0.009214246 -0.9996851 -0.03936698 -0.05570891 -0.9976707 -0.2302425 -0.04610675 -0.9720404 -0.3356607 0.2980209 -0.8935969 -0.2569545 0.5653417 -0.7838132 -0.4024938 0.3380813 -0.8507055 -0.4586234 0.3705937 -0.8076663 -0.3493594 0.6714297 -0.653552 -0.5304911 0.5832455 -0.6151454 -0.5336047 0.3258206 -0.7804531 -0.5950482 0.2500765 -0.7637928 -0.3701208 0.9093839 -0.1898197 -0.04276127 0.9858965 -0.1618011 -0.1406044 0.9898125 -0.02239778 -0.3857145 0.9217631 0.03971267 -0.4882181 0.8727043 -0.005502376 -0.4646192 0.8433573 -0.2699581 0.1815082 0.9147374 -0.360985 -0.1397497 0.9353296 -0.3250054 -0.4417492 0.8449319 -0.3015755 -0.6887844 0.6530692 -0.3147646 -0.6868578 0.7230533 -0.07362209 -0.803646 0.5880736 -0.09122789 -0.8824479 0.3712885 -0.2888435 -0.8145357 0.568854 -0.1137397 -0.9044471 0.4164728 -0.09233507 -0.9861039 0.04025221 -0.1611797 -0.9829053 0.1666111 -0.07834442 -0.9947264 0.03878869 -0.09494597 0.8391369 0.4607737 -0.2890274 0.8434523 0.5199873 -0.1349127 0.6318072 0.6618071 -0.4035232 0.8062178 0.5581286 -0.196228 0.5211542 0.8118921 -0.2631151 0.7954499 0.6053206 0.02909501 0.5474335 0.826941 -0.1283948 0.6394203 0.7686882 0.01612643 0.2450497 0.9460958 -0.211786 0.4726865 0.8811895 -0.008513587 0.1981707 0.9754871 -0.09567239 0.00361371 0.9991345 -0.0414388 0.4868122 0.7960898 -0.3595204 0.7962297 0.5804646 -0.1705257 0.7859181 0.4403327 -0.4340965 0.4408341 0.01135167 -0.8975168 0.474788 0.4350633 -0.7650466 0.6294893 -0.01217875 -0.7769137 0.8921414 0.1933142 -0.4083054 0.7799821 -0.05605332 -0.6232864 0.778745 -0.05324027 -0.6250774 -0.6825261 0.4622336 -0.5661256 -0.4893297 0.7469386 -0.4501546 -0.2395485 0.8432115 -0.4812596 0.0365373 0.8459079 -0.532076 0.3036145 0.7185099 -0.625749 0.4191852 0.7663201 -0.4868647 0.5635274 0.4837778 -0.6696238 0.6839945 0.4704922 -0.5574841 0.763971 0.2178956 -0.6073465 0.8664493 0.2109349 -0.4525176 0.9035819 -0.06513924 -0.4234343 0.9776886 -0.06024855 -0.2012341 0.9925963 -0.04900956 -0.1111332 -0.551016 0.8290515 -0.09515737 -0.2955113 -0.8308987 -0.4714662 -0.2063035 -0.9255143 -0.3175881 0.113218 -0.9295954 -0.3507622 -0.5676602 -0.8228082 -0.02735907 -0.4354307 -0.8996829 -0.03115815 -0.4472006 -0.8812543 -0.1529785 0.8145245 -0.5402142 -0.2114675 0.5600212 -0.804206 -0.1990702 0.6434493 -0.7634657 -0.05561529 0.2204132 -0.9598044 -0.1737629 0.470616 -0.8801089 -0.06268098 0.5083911 -0.8608844 -0.02040837 -0.2238077 -0.9730925 -0.05478287 -0.2254802 -0.9729899 -0.04949104 -0.1469978 -0.975011 -0.1665687 -0.02231669 -0.9990707 -0.03687466 0.3210652 -0.9450848 -0.06108874 -0.9938873 -0.1015524 -0.04330303 -0.9800946 -0.1858331 -0.069861 -0.9115439 -0.2965676 -0.2848426 -0.9285101 -0.3639153 -0.07371982 -0.8380668 -0.5433381 -0.04927297 -0.7446529 -0.5919193 -0.3084213 -0.740066 -0.669245 -0.06643401 -0.5194756 -0.8111638 -0.2686233 -0.5977198 -0.7954621 -0.09985477 -0.640857 -0.114543 -0.7590667 -0.8062282 -0.2095261 -0.5532585 -0.5546539 -0.3056218 -0.7739214 -0.6041803 -0.2189094 -0.7661885 -0.7136548 -0.4225296 -0.5587178 -0.5649477 -0.5610865 -0.6049926 -0.484952 -0.3640723 -0.7951559 0.07286819 -0.6672247 -0.7412837 0.2762553 -0.4980877 -0.8219439 0.03654402 -0.3791344 -0.9246197 0.5108897 -0.3016343 -0.8049897 -0.4248322 -0.3411554 -0.8385288 -0.2603724 -0.2211288 -0.9398448 -0.3500728 -0.3202344 -0.8802834 -0.1274331 -0.5227169 -0.8429282 -0.2831874 -0.5709001 -0.7706348 -0.3960191 -0.6603835 -0.6380145 -0.02293247 -0.8549301 -0.5182362 0.8618124 -0.323174 -0.3909448 0.8161356 -0.3158443 -0.4839061 0.7753462 -0.6301221 -0.04224162 0.8718001 -0.4859547 -0.06174625 0.9793977 -0.1774162 -0.09645498 0.6347331 -0.3159322 -0.7051956 0.69889 -0.5633943 -0.4406128 0.4360774 -0.8062909 -0.3996643 -0.1584661 -0.7277245 -0.6673122 0.26512 -0.7644855 -0.5875996 0.5137072 -0.5534837 -0.6555613 -0.4995979 -0.8120957 -0.3015003 -0.5363349 -0.7195801 -0.4410775 0.1939106 -0.7023911 -0.6848689 0.07505306 -0.6832594 -0.7263082 0.3579528 -0.5779661 -0.7333655 0.2171402 -0.4008194 -0.8900527 -0.01055587 -0.706258 -0.7078758 -0.03292227 -0.7141491 -0.699219 -0.05671565 -0.7064717 -0.7054652 0.5556436 -0.5729633 -0.6024726 0.5558001 0.5737429 -0.6015857 -0.05668558 0.7077572 -0.7041779 -0.03518589 0.7142693 -0.6989859 -0.01234185 0.7074216 -0.706684 -0.002980592 0.712667 -0.7014962 -0.05144171 0.7247228 -0.6871176 0.008063257 0.7070083 -0.7071593 -0.786415 0.1035326 -0.6089601 -0.6853639 0.01769256 -0.7279858 -0.6378178 0.2807228 -0.7172051 -0.5979551 0.3312723 -0.7298687 -0.5840351 0.3964491 -0.7083298 -0.5048126 0.4997331 -0.7038686 -0.442552 0.532685 -0.7213836 -0.4109535 0.5855595 -0.6987398 -0.3091106 0.6481155 -0.6959863 -0.2473926 0.7819133 -0.5721962 -0.1471369 0.7586707 -0.6346413 -0.1954733 0.6656242 -0.7202323 -0.3589806 -0.5975875 -0.7169533 -0.2747067 -0.6921989 -0.6673806 -0.1086231 -0.653924 -0.7487219 0.002711436 -0.7138969 -0.7002455 -0.3582929 -0.5983672 -0.716647 -0.5020257 -0.540884 -0.6748442 -0.650154 -0.3048725 -0.6959545 -0.6757628 -0.1627863 -0.7189195 -0.8213531 -0.1579763 -0.5481082 0.02450269 -0.7140852 -0.6996299 0.03446167 -0.7087595 -0.704608 0.5894985 -0.5694322 -0.572921 0.6436908 0.4902445 -0.5876415 0.3144313 0.5918039 -0.7422271 0.2090028 0.4898255 -0.8463975 0.08258847 0.3486827 -0.933595 0.7122136 -0.04485378 -0.7005283 0.7268389 0.2010574 -0.65672 0.599335 0.3036192 -0.7406841 0.4028331 0.3922039 -0.8269834 0.4159299 0.4797989 -0.7725253 0.6998382 -0.1751122 -0.6925043 0.589024 -0.2991563 -0.7507038 0.5591345 -0.4843695 -0.6728705 -0.4641035 0.6653139 -0.5847781 0.2613558 0.669044 -0.6957538 0.2403027 0.6649778 -0.7071486 0.2182145 0.6788733 -0.7010802 0.191441 0.7053856 -0.6824819 0.6231498 0.4638881 -0.6296762 -0.6297962 -0.4694884 -0.6188193 -0.1943177 -0.6811905 -0.7058471 -0.2136831 -0.6713112 -0.7097047 -0.229631 -0.6757163 -0.7004835 -0.2467797 -0.6620565 -0.7076588 -0.2302374 -0.01640954 -0.9729961 0.2060139 0.2830229 -0.9367264 -0.2431575 0.6672078 -0.7040655 0.6642461 0.4642406 -0.5858821 0.2553649 0.6637791 -0.7029837 -0.4723103 0.6722075 -0.5701404 -0.3866585 0.3156359 -0.8665271 -0.6956319 7.020069e-05 -0.7183984 -0.6304718 0.4639551 -0.6222949 -0.4626001 -0.6667337 -0.5843521 0.2522873 -0.6726625 -0.6956121 0.2804028 -0.6636675 -0.6934837 0.2069538 -0.6785591 -0.7047891 0.2211127 -0.6686843 -0.7099088 0.6279965 -0.4645013 -0.6243868 0.6788646 0.003200061 -0.7342565 0.5549557 -0.5720115 -0.6040092 -0.03736438 -0.7127615 -0.7004105 -0.01720379 -0.7064876 -0.7075163 0.001889698 -0.7139837 -0.7001597 0.03161143 -0.7183532 -0.69496 -0.5568667 -0.573402 -0.600924 0.5517564 0.5726342 -0.6063455 -0.05283836 0.7117766 -0.7004157 0.1579997 0.06837486 -0.985069 0.6805293 -0.3356146 -0.6513392 0.4298943 -0.5558255 -0.7115117 0.3466031 0.7482665 -0.5656532 -0.4906198 0.53763 -0.685745 -0.0027777 0.4764168 -0.8792152 -0.4667218 0.539235 -0.7009967 -0.3508321 0.75031 -0.5603139 -0.6807322 -0.3362905 -0.6507783 -0.4294838 -0.5596709 -0.7087398 -0.173577 0.06206789 -0.9828625 -0.5635089 0.5731335 -0.5949586 0.03080489 0.7182114 -0.6951427 -0.4720992 -0.6720712 -0.5704758 -0.3858041 -0.3098276 -0.8690006 0.6645759 -0.46429 -0.5854688 0.2559074 -0.6637797 -0.7027858 0.2041054 -0.2852606 -0.9364654 -0.241176 -0.6652942 -0.7065535 -0.2806089 -0.002635153 -0.9598186 -0.2406459 0.6646186 -0.7073695 -0.2574292 0.6696172 -0.6966656 -0.2265878 0.673851 -0.7032658 -0.2033634 0.6871242 -0.6974981 -0.1998051 0.6761209 -0.7091815 -0.632336 0.4646015 -0.6199167 -0.4643232 -0.6681921 -0.5813117 0.2698528 -0.6681627 -0.6933527 0.2484839 -0.6657238 -0.7036104 0.2378999 -0.6756177 -0.6978139 0.2461417 -0.6661668 -0.7040142 0.2064314 -0.6786004 -0.7049026 0.1817757 -0.6750287 -0.7150481 0.6283624 -0.4626717 -0.6253764 0.624889 0.4649863 -0.6271376 -0.4674437 0.6680352 -0.5789865 0.2662596 0.661536 -0.7010534 0.1940188 0.6802993 -0.7067882 0.2032704 0.6713241 -0.7127448 0.2373388 0.6837767 -0.6900143 0.2364312 0.6741904 -0.6996911 0.2617007 0.6720236 -0.692746 -0.6304782 -0.4644874 -0.6218912 -0.6595199 0.6494832 -0.3784245 0.7983591 -0.3732921 0.4725206 0.3758801 0.6550746 0.6554322 0.6567534 0.6540676 0.3753274 0.7561422 0.654398 0.003502266 -0.000406486 0.6532264 0.7571625 -0.3784121 0.6530486 0.6559968 -0.6554459 0.653559 0.3784856 -0.759293 0.6507385 -0.003672526 -0.381491 0.6532224 -0.6540376 -0.001815266 0.6566726 -0.7541736 0.3804613 0.655421 -0.6524358 0.6528371 0.6554429 -0.3797346 -0.3789061 0.6578506 -0.6508938 -0.6514577 0.6573733 -0.3787654 0 1 0 -0.7544249 0.6563737 0.004087409 -0.6545113 0.654195 0.3790039 0.6556301 0.6530344 -0.3790716 0.3785675 0.6521678 -0.6567829 0.005567336 0.655025 -0.7555867 0.3777595 0.6525312 0.6568872 0.6544935 0.6541733 0.379072 0.7562206 0.6543162 -0.0008710338 -0.3778581 0.6521063 0.6572523 -0.000202838 0.6513372 0.7587884 -0.3787845 0.6521921 -0.6566337 -0.6570529 0.6518022 -0.3787286 0 1 0 -0.7577245 0.6525733 -0.001305441 -0.6554437 0.6530867 0.3793036 0.6498962 0.6571376 -0.3818443 0.3765001 0.6524247 -0.6577155 0.0006463129 0.6516717 -0.7585009 0.3761985 0.6564045 0.6539173 0.6503899 0.6587483 0.378211 0.750434 0.6609451 0.0006058197 -0.379827 0.6531591 0.6550684 -0.0009947783 0.6548759 0.7557358 0 1 0 0.732324 -0.6809563 1.303502e-16 0.711044 -0.6809563 0.1752567 0 -1 0 0.711044 -0.6809563 -0.1752567 0.4160075 -0.6809563 -0.6026908 0.5481524 -0.6809564 -0.4856206 0.6484407 -0.6809563 -0.340328 -0.08827192 -0.6809563 -0.7269846 0.08827192 -0.6809563 -0.7269846 0.2596857 -0.6809563 -0.6847348 -0.5481524 -0.6809564 -0.4856206 -0.4160075 -0.6809563 -0.6026908 -0.2596857 -0.6809563 -0.6847348 -0.732324 -0.6809563 7.169262e-17 -0.711044 -0.6809563 -0.1752567 -0.6484407 -0.6809563 -0.340328 -0.5481524 -0.6809564 0.4856206 -0.6484407 -0.6809563 0.340328 -0.711044 -0.6809563 0.1752567 -0.08827192 -0.6809563 0.7269846 -0.2596857 -0.6809563 0.6847348 -0.4160075 -0.6809563 0.6026908 0.4160075 -0.6809563 0.6026908 0.2596857 -0.6809563 0.6847348 0.08827192 -0.6809563 0.7269846 0.6484407 -0.6809563 0.340328 0.5481524 -0.6809564 0.4856206 -0.7306493 1.332258e-10 0.682753 -0.7123303 -0.1625847 0.6827531 5.241514e-32 -7.224406e-17 1 -0.5712446 0.4555523 0.682753 -0.6582922 0.3170169 0.682753 -0.7123303 0.1625848 0.682753 -0.1625848 0.7123304 0.6827529 -0.3170169 0.6582921 0.6827531 -0.4555523 0.5712446 0.682753 0.3170169 0.6582921 0.6827531 0.1625848 0.7123304 0.6827529 7.145643e-17 0.7306492 0.6827531 0.6582922 0.3170169 0.682753 0.5712446 0.4555523 0.682753 0.4555523 0.5712446 0.682753 0.7123303 -0.1625847 0.6827531 0.7306493 1.332258e-10 0.682753 0.7123303 0.1625848 0.682753 0.4555523 -0.5712445 0.6827531 0.5712445 -0.4555526 0.682753 0.6582923 -0.3170168 0.682753 -3.24802e-17 -0.7306493 0.682753 0.1625845 -0.7123303 0.6827531 0.3170168 -0.6582924 0.6827529 -0.4555523 -0.5712445 0.6827531 -0.3170168 -0.6582924 0.6827529 -0.1625845 -0.7123303 0.6827531 -0.6582923 -0.3170168 0.682753 -0.5712445 -0.4555526 0.682753 0.3729246 0.6541451 -0.6580436 0.6481545 0.3762173 -0.6620848 0 0 -1 0.7498534 -0.002933443 -0.6615975 0.6512356 -0.3839139 -0.6546009 -0.6544132 0.3756802 -0.6562071 -0.3769981 0.6518019 -0.6580476 0.001906579 0.7539283 -0.6569539 -0.3806176 -0.6558422 -0.6519212 -0.652679 -0.3818268 -0.6543841 -0.7547513 0.001397034 -0.6560096 0.3784712 -0.6576907 -0.6513083 0.001806526 -0.7576822 -0.6526212 0.3792872 0.6577866 -0.6507366 0.6552398 0.3804613 -0.6526178 0 0 -1 0.7552834 0.00212376 -0.6553949 0.6531935 -0.379273 -0.655355 -0.6541998 0.3811266 -0.6532726 -0.3788128 0.6564215 -0.6523892 0.001439057 0.7590412 -0.651041 -0.3816025 -0.6499706 -0.6572045 -0.6498925 -0.3832483 -0.6563234 -0.7532288 0.006181632 -0.6577295 0.3789694 -0.653975 -0.654751 0.003441468 -0.7533248 -0.6576397 0.3780785 0.6530752 -0.6561626 0.6562 0.3766159 -0.6538822 0 0 -1 0.7550172 0.004115823 -0.6556921 0.6514968 -0.3785963 -0.6574319 -0.6558698 0.3821222 -0.6510127 -0.381111 0.656906 -0.6505605 -0.003566322 0.7561808 -0.6543531 -0.3850009 -0.6502562 -0.654936 -0.6574027 -0.3790476 -0.6512638 -0.7577301 -0.002031508 -0.652565 0.3814813 -0.6481345 -0.6590854 -0.002300205 -0.7491322 -0.6624166 -0.006489186 -0.002160769 -0.9999766 0.1048397 0.01778149 -0.9943302 0.735234 0.6761275 0.04777609 0.563732 0.2687775 -0.7810025 0.7837739 0.3955806 -0.4787635 0.7946173 0.5224884 -0.309175 0.7107725 0.5449694 -0.4447593 0.4534065 0.1158385 -0.8837443 0.9670377 -0.01611977 -0.2541225 0.8304396 0.1848161 -0.5255598 0.9198646 0.3184978 -0.2289283 0.8729842 0.4698739 -0.1308323 0.6443654 0.3990908 -0.6523188 0.7376818 0.6735551 -0.04635858 0.7186932 0.6921059 -0.06685498 0.9300025 0.03259084 -0.3661053 0.7833556 0.2844657 -0.5526601</float_array>
          <technique_common>
            <accessor count="6353" source="#normals-array-array" stride="3">
              <param type="float" name="X" />
              <param type="float" name="Y" />
              <param type="float" name="Z" />
            </accessor>
          </technique_common>
        </source>
        <vertices id="verts-array-vertices">
          <input semantic="POSITION" source="#verts-array" />
        </vertices>
        <triangles count="12778" material="material0">
          <input offset="0" semantic="VERTEX" source="#verts-array-vertices" />
          <input offset="1" semantic="NORMAL" source="#normals-array" />
          <p>0 0 1 1 2 2 3 3 4 4 5 5 6 6 7 7 8 8 8 8 9 9 10 10 8 8 10 10 6 6 6 6 10 10 11 11 6 6 11 11 12 12 6 6 12 12 13 13 6 6 13 13 14 14 14 14 13 13 15 15 16 16 3 3 17 17 18 18 19 19 20 20 18 18 20 20 21 21 22 22 23 23 17 17 17 17 23 23 21 21 17 17 21 21 16 16 16 16 21 21 20 20 24 24 25 25 26 26 26 26 25 25 27 27 26 26 27 27 28 28 27 27 29 29 28 28 28 28 29 29 30 30 28 28 30 30 31 31 31 31 30 30 32 32 33 33 34 34 35 35 35 35 34 34 31 31 35 35 31 31 36 36 36 36 31 31 32 32 37 37 38 38 39 39 40 40 41 41 42 42 42 42 41 41 24 24 42 42 24 24 43 43 43 43 24 24 26 26 43 43 26 26 44 44 39 39 0 0 37 37 37 37 0 0 2 2 37 37 2 2 45 45 46 46 38 38 47 47 47 47 38 38 37 37 47 47 37 37 48 48 48 48 37 37 45 45 48 48 45 45 49 49 49 49 45 45 50 50 51 51 52 52 53 53 53 53 52 52 54 54 53 53 54 54 50 50 50 50 54 54 55 55 50 50 55 55 49 49 12 12 51 51 13 13 13 13 51 51 53 53 13 13 53 53 15 15 15 15 53 53 50 50 15 15 50 50 56 56 56 56 50 50 45 45 56 56 45 45 57 57 57 57 45 45 2 2 3 3 5 5 17 17 17 17 5 5 58 58 17 17 58 58 22 22 59 59 60 60 18 18 23 23 61 61 21 21 21 21 61 61 62 62 21 21 62 62 18 18 18 18 62 62 63 63 18 18 63 63 59 59 64 64 65 65 14 14 14 14 65 65 66 66 14 14 66 66 6 6 6 6 66 66 67 67 6 6 67 67 7 7 34 34 4 4 31 31 31 31 4 4 3 3 31 31 3 3 28 28 28 28 3 3 16 16 28 28 16 16 26 26 26 26 16 16 20 20 26 26 20 20 44 44 44 44 20 20 19 19 60 60 64 64 18 18 18 18 64 64 14 14 18 18 14 14 19 19 19 19 14 14 15 15 19 19 15 15 44 44 44 44 15 15 56 56 44 44 56 56 43 43 43 43 56 56 57 57 43 43 57 57 42 42 42 42 57 57 2 2 42 42 2 2 40 40 40 40 2 2 1 1 68 68 69 69 70 70 68 68 71 71 72 72 71 71 68 68 73 73 74 74 75 75 76 76 77 77 78 78 79 79 79 79 78 78 80 80 81 81 82 82 78 78 78 78 82 82 83 83 78 78 83 83 80 80 80 80 83 83 84 84 85 85 86 86 87 87 87 87 86 86 88 88 87 87 88 88 76 76 89 89 90 90 91 91 91 91 90 90 92 92 93 93 94 94 88 88 88 88 94 94 95 95 88 88 95 95 76 76 76 76 95 95 96 96 76 76 96 96 74 74 97 97 98 98 99 99 99 99 98 98 100 100 99 99 100 100 101 101 101 101 100 100 102 102 101 101 102 102 91 91 103 103 104 104 105 105 105 105 104 104 106 106 105 105 106 106 107 107 76 76 108 108 87 87 87 87 108 108 109 109 87 87 109 109 107 107 107 107 109 109 110 110 107 107 110 110 105 105 106 106 111 111 107 107 107 107 111 111 112 112 107 107 112 112 113 113 113 113 112 112 114 114 113 113 114 114 115 115 69 69 116 116 117 117 117 117 116 116 118 118 70 70 69 69 119 119 119 119 69 69 117 117 119 119 117 117 85 85 72 72 120 120 68 68 68 68 120 120 121 121 68 68 121 121 69 69 69 69 121 121 122 122 69 69 122 122 116 116 85 85 87 87 119 119 119 119 87 87 107 107 119 119 107 107 70 70 70 70 107 107 113 113 70 70 113 113 68 68 68 68 113 113 115 115 68 68 115 115 73 73 123 123 124 124 125 125 126 126 125 125 127 127 125 125 126 126 123 123 123 123 126 126 79 79 123 123 79 79 128 128 128 128 79 79 80 80 128 128 80 80 129 129 129 129 80 80 84 84 129 129 84 84 130 130 77 77 79 79 131 131 131 131 79 79 126 126 131 131 126 126 132 132 132 132 126 126 127 127 132 132 127 127 133 133 133 133 127 127 134 134 133 133 134 134 135 135 136 136 89 89 137 137 137 137 89 89 91 91 137 137 91 91 138 138 138 138 91 91 102 102 118 118 97 97 117 117 117 117 97 97 99 99 117 117 99 99 85 85 85 85 99 99 101 101 85 85 101 101 86 86 86 86 101 101 91 91 86 86 91 91 88 88 88 88 91 91 92 92 88 88 92 92 93 93 75 75 81 81 76 76 76 76 81 81 78 78 76 76 78 78 108 108 108 108 78 78 77 77 108 108 77 77 109 109 109 109 77 77 131 131 109 109 131 131 110 110 110 110 131 131 132 132 110 110 132 132 105 105 105 105 132 132 133 133 105 105 133 133 103 103 103 103 133 133 135 135 139 139 140 140 33 33 33 33 35 35 139 139 139 139 35 35 36 36 139 139 36 36 141 141 36 36 32 32 141 141 141 141 32 32 30 30 141 141 30 30 142 142 142 142 30 30 143 143 30 30 29 29 143 143 143 143 29 29 27 27 143 143 27 27 144 144 41 41 40 40 145 145 27 27 25 25 144 144 144 144 25 25 24 24 144 144 24 24 146 146 146 146 24 24 41 41 146 146 41 41 147 147 147 147 41 41 145 145 112 112 148 148 114 114 114 114 148 148 149 149 114 114 149 149 115 115 115 115 149 149 150 150 115 115 150 150 73 73 73 73 150 150 71 71 151 151 72 72 152 152 152 152 72 72 71 71 152 152 71 71 153 153 153 153 71 71 150 150 154 154 155 155 156 156 157 157 158 158 159 159 144 144 146 146 160 160 161 161 162 162 163 163 140 140 139 139 164 164 164 164 139 139 165 165 164 164 165 165 166 166 167 167 168 168 169 169 169 169 168 168 170 170 169 169 170 170 158 158 171 171 172 172 173 173 173 173 172 172 174 174 173 173 174 174 167 167 167 167 174 174 175 175 167 167 175 175 168 168 176 176 172 172 177 177 177 177 172 172 171 171 177 177 171 171 178 178 178 178 171 171 179 179 180 180 181 181 182 182 183 183 184 184 185 185 185 185 184 184 186 186 185 185 186 186 187 187 183 183 188 188 184 184 184 184 188 188 189 189 184 184 189 189 163 163 163 163 189 189 190 190 163 163 190 190 161 161 191 191 192 192 193 193 193 193 192 192 186 186 193 193 186 186 194 194 194 194 186 186 184 184 194 194 184 184 182 182 182 182 184 184 163 163 182 182 163 163 180 180 195 195 196 196 197 197 197 197 196 196 160 160 197 197 160 160 147 147 147 147 160 160 146 146 198 198 199 199 200 200 147 147 145 145 197 197 197 197 145 145 40 40 197 197 40 40 200 200 200 200 40 40 201 201 200 200 201 201 198 198 202 202 203 203 204 204 204 204 203 203 199 199 204 204 199 199 205 205 205 205 199 199 198 198 141 141 142 142 206 206 206 206 142 142 143 143 139 139 141 141 165 165 165 165 141 141 206 206 165 165 206 206 207 207 207 207 206 206 208 208 207 207 208 208 209 209 166 166 165 165 159 159 159 159 165 165 207 207 159 159 207 207 157 157 157 157 207 207 209 209 157 157 209 209 210 210 158 158 157 157 169 169 169 169 157 157 210 210 169 169 210 210 167 167 167 167 210 210 211 211 167 167 211 211 173 173 173 173 211 211 156 156 173 173 156 156 171 171 171 171 156 156 155 155 171 171 155 155 179 179 187 187 186 186 212 212 212 212 186 186 192 192 212 212 192 192 213 213 203 203 191 191 199 199 199 199 191 191 193 193 199 199 193 193 200 200 200 200 193 193 194 194 200 200 194 194 197 197 197 197 194 194 182 182 197 197 182 182 195 195 195 195 182 182 181 181 162 162 154 154 163 163 163 163 154 154 156 156 163 163 156 156 180 180 180 180 156 156 211 211 180 180 211 211 181 181 181 181 211 211 210 210 181 181 210 210 195 195 195 195 210 210 209 209 195 195 209 209 196 196 196 196 209 209 208 208 196 196 208 208 160 160 160 160 208 208 206 206 160 160 206 206 144 144 144 144 206 206 143 143 214 214 215 215 216 216 216 216 215 215 217 217 216 216 217 217 218 218 218 218 217 217 219 219 220 220 221 221 222 222 223 223 224 224 225 225 226 226 227 227 228 228 229 229 230 230 231 231 232 232 233 233 234 234 234 234 233 233 235 235 231 231 230 230 236 236 237 237 238 238 239 239 236 236 230 230 240 240 240 240 230 230 241 241 240 240 241 241 242 242 239 239 238 238 243 243 243 243 238 238 244 244 243 243 244 244 245 245 231 231 237 237 229 229 229 229 237 237 239 239 229 229 239 239 246 246 246 246 239 239 243 243 246 246 243 243 247 247 248 248 249 249 250 250 248 248 250 250 251 251 250 250 252 252 251 251 251 251 252 252 253 253 251 251 253 253 235 235 235 235 253 253 254 254 235 235 254 254 234 234 255 255 221 221 256 256 256 256 221 221 220 220 256 256 220 220 257 257 232 232 258 258 233 233 233 233 258 258 259 259 233 233 259 259 260 260 224 224 261 261 262 262 224 224 262 262 225 225 225 225 262 262 263 263 225 225 263 263 264 264 264 264 265 265 225 225 225 225 265 265 266 266 225 225 266 266 267 267 267 267 268 268 225 225 225 225 268 268 269 269 225 225 269 269 270 270 270 270 271 271 225 225 225 225 271 271 272 272 225 225 272 272 273 273 273 273 274 274 225 225 225 225 274 274 275 275 225 225 275 275 248 248 248 248 275 275 276 276 248 248 276 276 249 249 277 277 278 278 223 223 279 279 278 278 280 280 223 223 225 225 277 277 277 277 225 225 248 248 277 277 248 248 281 281 281 281 248 248 251 251 281 281 251 251 282 282 282 282 251 251 235 235 282 282 235 235 257 257 257 257 235 235 233 233 257 257 233 233 256 256 256 256 233 233 260 260 256 256 260 260 255 255 283 283 284 284 285 285 285 285 286 286 247 247 247 247 286 286 287 287 247 247 287 287 246 246 246 246 287 287 288 288 246 246 288 288 229 229 229 229 288 288 289 289 229 229 289 289 230 230 230 230 289 289 290 290 230 230 290 290 241 241 278 278 277 277 280 280 280 280 277 277 281 281 280 280 281 281 291 291 291 291 281 281 282 282 291 291 282 282 292 292 292 292 282 282 257 257 292 292 257 257 293 293 293 293 257 257 220 220 293 293 220 220 226 226 226 226 220 220 222 222 226 226 222 222 227 227 236 236 279 279 231 231 231 231 279 279 280 280 231 231 280 280 237 237 237 237 280 280 291 291 237 237 291 291 238 238 238 238 291 291 292 292 238 238 292 292 244 244 244 244 292 292 293 293 244 244 293 293 245 245 245 245 293 293 226 226 245 245 226 226 243 243 243 243 226 226 228 228 243 243 228 228 247 247 247 247 228 228 294 294 247 247 294 294 285 285 285 285 294 294 283 283 295 295 296 296 297 297 298 298 299 299 300 300 300 300 301 301 302 302 303 303 304 304 305 305 262 262 261 261 306 306 307 307 308 308 309 309 234 234 254 254 310 310 311 311 258 258 310 310 310 310 258 258 232 232 310 310 232 232 234 234 312 312 313 313 314 314 315 315 316 316 302 302 302 302 316 316 315 315 302 302 315 315 317 317 318 318 315 315 317 317 317 317 315 315 302 302 317 317 302 302 319 319 319 319 302 302 317 317 314 314 319 319 312 312 312 312 319 319 314 314 320 320 321 321 322 322 322 322 321 321 320 320 313 313 312 312 323 323 323 323 312 312 314 314 323 323 314 314 313 313 324 324 265 265 325 325 325 325 265 265 326 326 326 326 324 324 325 325 325 325 324 324 327 327 325 325 327 327 324 324 324 324 327 327 308 308 324 324 308 308 265 265 265 265 308 308 307 307 265 265 307 307 266 266 270 270 269 269 328 328 328 328 269 269 268 268 328 328 268 268 267 267 266 266 329 329 330 330 330 330 329 329 331 331 332 332 333 333 334 334 334 334 333 333 335 335 267 267 336 336 335 335 335 335 336 336 334 334 334 334 336 336 337 337 326 326 325 325 324 324 324 324 325 325 338 338 324 324 338 338 327 327 327 327 338 338 308 308 307 307 309 309 266 266 266 266 309 309 339 339 266 266 339 339 329 329 329 329 339 339 309 309 329 329 309 309 338 338 338 338 309 309 308 308 270 270 340 340 271 271 271 271 340 340 341 341 271 271 341 341 272 272 272 272 341 341 342 342 272 272 342 342 273 273 267 267 335 335 328 328 328 328 335 335 333 333 328 328 333 333 270 270 270 270 333 333 332 332 270 270 332 332 340 340 340 340 332 332 334 334 340 340 334 334 341 341 341 341 334 334 337 337 341 341 337 337 342 342 273 273 342 342 274 274 274 274 342 342 343 343 274 274 343 343 275 275 264 264 344 344 345 345 345 345 346 346 264 264 264 264 346 346 347 347 264 264 347 347 348 348 348 348 349 349 264 264 264 264 349 349 350 350 264 264 350 350 299 299 351 351 310 310 352 352 352 352 310 310 353 353 352 352 353 353 354 354 354 354 353 353 355 355 356 356 357 357 358 358 357 357 359 359 358 358 358 358 359 359 360 360 358 358 360 360 361 361 362 362 363 363 364 364 364 364 363 363 362 362 305 305 304 304 365 365 365 365 304 304 366 366 365 365 366 366 367 367 367 367 366 366 368 368 367 367 368 368 369 369 369 369 368 368 370 370 369 369 370 370 371 371 372 372 373 373 362 362 374 374 373 373 375 375 375 375 373 373 376 376 376 376 375 375 374 374 374 374 375 375 347 347 377 377 378 378 379 379 376 376 374 374 375 375 375 375 374 374 347 347 375 375 347 347 380 380 375 375 380 380 374 374 378 378 373 373 362 362 362 362 373 373 372 372 363 363 362 362 381 381 381 381 382 382 363 363 363 363 382 382 358 358 363 363 358 358 383 383 383 383 358 358 363 363 363 363 358 358 361 361 363 363 361 361 362 362 362 362 361 361 384 384 362 362 384 384 378 378 377 377 385 385 386 386 386 386 385 385 377 377 386 386 377 377 376 376 377 377 379 379 385 385 385 385 379 379 377 377 377 377 379 379 385 385 387 387 388 388 389 389 390 390 388 388 391 391 391 391 388 388 387 387 391 391 387 387 344 344 392 392 371 371 393 393 393 393 371 371 370 370 393 393 370 370 306 306 264 264 263 263 344 344 344 344 263 263 262 262 344 344 262 262 391 391 391 391 262 262 306 306 391 391 306 306 390 390 390 390 306 306 370 370 390 390 370 370 388 388 388 388 370 370 368 368 388 388 368 368 389 389 389 389 368 368 366 366 389 389 366 366 381 381 381 381 366 366 304 304 381 381 304 304 382 382 382 382 304 304 303 303 382 382 303 303 358 358 358 358 303 303 394 394 358 358 394 394 356 356 395 395 348 348 396 396 395 395 396 396 349 349 385 385 348 348 395 395 396 396 395 395 349 349 396 396 349 349 350 350 296 296 295 295 317 317 317 317 295 295 319 319 317 317 319 319 397 397 298 298 299 299 398 398 350 350 398 398 349 349 350 350 349 349 396 396 395 395 396 396 379 379 395 395 379 379 385 385 385 385 379 379 374 374 385 385 374 374 375 375 375 375 374 374 399 399 375 375 399 399 400 400 400 400 399 399 401 401 400 400 401 401 402 402 300 300 301 301 397 397 397 397 301 301 300 300 397 397 300 300 403 403 301 301 298 298 300 300 300 300 298 298 301 301 300 300 301 301 397 397 300 300 397 397 403 403 403 403 397 397 319 319 314 314 317 317 316 316 316 316 317 317 315 315 316 316 315 315 403 403 403 403 315 315 316 316 403 403 316 316 404 404 404 404 316 316 315 315 404 404 315 315 264 264 264 264 315 315 318 318 264 264 318 318 265 265 313 313 321 321 323 323 323 323 321 321 313 313 313 313 321 321 323 323 313 313 323 323 265 265 313 313 265 265 314 314 314 314 265 265 318 318 314 314 318 318 319 319 319 319 318 318 317 317 319 319 317 317 314 314 314 314 317 317 319 319 314 314 319 319 317 317 314 314 317 317 313 313 313 313 317 317 314 314 313 313 314 314 405 405 405 405 314 314 406 406 405 405 406 406 407 407 407 407 406 406 408 408 407 407 408 408 409 409 409 409 410 410 407 407 407 407 410 410 411 411 407 407 411 411 405 405 405 405 411 411 338 338 405 405 338 338 313 313 313 313 338 338 322 322 313 313 322 322 321 321 321 321 322 322 320 320 321 321 320 320 323 323 323 323 320 320 321 321 323 323 321 321 265 265 265 265 321 321 320 320 265 265 320 320 326 326 326 326 320 320 322 322 326 326 322 322 325 325 325 325 322 322 338 338 302 302 301 301 378 378 300 300 299 299 301 301 301 301 299 299 398 398 301 301 398 398 378 378 298 298 398 398 299 299 299 299 398 398 350 350 299 299 350 350 398 398 398 398 350 350 349 349 398 398 349 349 378 378 378 378 349 349 396 396 378 378 396 396 379 379 379 379 396 396 348 348 379 379 348 348 385 385 377 377 385 385 375 375 377 377 375 375 376 376 376 376 375 375 400 400 376 376 400 400 412 412 412 412 400 400 402 402 412 412 402 402 413 413 276 276 275 275 414 414 414 414 275 275 343 343 414 414 343 343 415 415 409 409 415 415 410 410 410 410 415 415 343 343 410 410 343 343 411 411 411 411 343 343 342 342 411 411 342 342 338 338 338 338 342 342 337 337 338 338 337 337 329 329 329 329 337 337 336 336 329 329 336 336 331 331 331 331 336 336 330 330 330 330 336 336 267 267 330 330 267 267 266 266 378 378 416 416 355 355 355 355 416 416 417 417 355 355 417 417 354 354 413 413 418 418 412 412 412 412 418 418 373 373 412 412 373 373 376 376 376 376 373 373 374 374 376 376 374 374 386 386 386 386 374 374 380 380 386 386 380 380 377 377 377 377 380 380 347 347 377 377 347 347 378 378 378 378 347 347 375 375 378 378 375 375 373 373 373 373 375 375 376 376 373 373 376 376 362 362 362 362 376 376 373 373 362 362 373 373 381 381 381 381 373 373 418 418 381 381 418 418 389 389 389 389 418 418 413 413 389 389 413 413 387 387 387 387 413 413 402 402 387 387 402 402 344 344 344 344 402 402 401 401 344 344 401 401 345 345 345 345 401 401 399 399 345 345 399 399 346 346 346 346 399 399 374 374 346 346 374 374 347 347 347 347 374 374 379 379 347 347 379 379 348 348 348 348 379 379 396 396 348 348 396 396 349 349 350 350 349 349 398 398 350 350 398 398 299 299 254 254 253 253 310 310 310 310 253 253 252 252 310 310 252 252 353 353 353 353 252 252 250 250 353 353 250 250 249 249 419 419 311 311 420 420 420 420 311 311 310 310 420 420 310 310 421 421 421 421 310 310 351 351 249 249 276 276 353 353 353 353 276 276 414 414 353 353 414 414 355 355 355 355 414 414 415 415 355 355 415 415 378 378 378 378 415 415 409 409 378 378 409 409 297 297 297 297 409 409 408 408 297 297 408 408 295 295 295 295 408 408 406 406 295 295 406 406 319 319 319 319 406 406 314 314 319 319 314 314 403 403 403 403 314 314 316 316 403 403 316 316 397 397 397 397 316 316 403 403 397 397 403 403 300 300 300 300 403 403 404 404 300 300 404 404 301 301 301 301 404 404 264 264 301 301 264 264 298 298 298 298 264 264 299 299 298 298 299 299 301 301 301 301 299 299 298 298 301 301 298 298 397 397 397 397 298 298 300 300 397 397 300 300 317 317 317 317 300 300 302 302 317 317 302 302 296 296 296 296 302 302 378 378 296 296 378 378 297 297 422 422 423 423 424 424 424 424 423 423 425 425 424 424 425 425 426 426 426 426 425 425 427 427 426 426 427 427 428 428 428 428 427 427 429 429 428 428 429 429 214 214 214 214 429 429 215 215 424 424 426 426 430 430 430 430 426 426 428 428 428 428 214 214 431 431 432 432 433 433 434 434 434 434 435 435 432 432 432 432 435 435 436 436 432 432 436 436 437 437 437 437 436 436 438 438 439 439 440 440 438 438 438 438 440 440 441 441 438 438 441 441 437 437 428 428 431 431 430 430 430 430 431 431 442 442 430 430 442 442 438 438 438 438 442 442 443 443 438 438 443 443 439 439 435 435 444 444 436 436 436 436 444 444 445 445 436 436 445 445 446 446 446 446 447 447 436 436 436 436 447 447 448 448 436 436 448 448 449 449 447 447 450 450 448 448 448 448 450 450 451 451 448 448 451 451 452 452 449 449 453 453 436 436 436 436 453 453 454 454 436 436 454 454 438 438 438 438 454 454 455 455 438 438 455 455 456 456 422 422 424 424 457 457 457 457 424 424 430 430 457 457 430 430 458 458 458 458 430 430 438 438 458 458 438 438 459 459 459 459 438 438 456 456 460 460 461 461 462 462 463 463 464 464 465 465 466 466 467 467 468 468 468 468 467 467 469 469 468 468 469 469 470 470 471 471 472 472 473 473 473 473 472 472 474 474 473 473 474 474 470 470 466 466 468 468 475 475 475 475 468 468 476 476 475 475 476 476 477 477 478 478 479 479 476 476 476 476 479 479 480 480 476 476 480 480 477 477 465 465 481 481 482 482 463 463 465 465 483 483 483 483 465 465 482 482 483 483 482 482 484 484 485 485 486 486 487 487 487 487 486 486 462 462 487 487 462 462 488 488 488 488 462 462 461 461 488 488 461 461 489 489 464 464 478 478 465 465 465 465 478 478 476 476 465 465 476 476 490 490 490 490 476 476 468 468 491 491 460 460 492 492 492 492 460 460 462 462 492 492 462 462 490 490 490 490 462 462 486 486 490 490 486 486 465 465 465 465 486 486 485 485 465 465 485 485 481 481 493 493 494 494 495 495 496 496 493 493 497 497 474 474 498 498 499 499 499 499 498 498 500 500 499 499 500 500 497 497 497 497 500 500 496 496 501 501 497 497 495 495 495 495 497 497 493 493 470 470 474 474 468 468 468 468 474 474 499 499 468 468 499 499 490 490 490 490 499 499 497 497 490 490 497 497 492 492 492 492 497 497 501 501 492 492 501 501 491 491 502 502 503 503 504 504 392 392 505 505 371 371 371 371 505 505 506 506 371 371 506 506 369 369 369 369 506 506 367 367 507 507 378 378 384 384 384 384 361 361 507 507 507 507 361 361 360 360 507 507 360 360 359 359 359 359 357 357 507 507 507 507 357 357 356 356 507 507 356 356 394 394 394 394 303 303 507 507 507 507 303 303 305 305 507 507 305 305 365 365 378 378 507 507 416 416 416 416 507 507 508 508 416 416 508 508 417 417 509 509 352 352 354 354 352 352 509 509 351 351 351 351 509 509 510 510 351 351 510 510 421 421 511 511 419 419 510 510 510 510 419 419 420 420 510 510 420 420 421 421 417 417 508 508 354 354 354 354 508 508 512 512 354 354 512 512 509 509 509 509 512 512 513 513 509 509 513 513 510 510 510 510 513 513 514 514 510 510 514 514 511 511 503 503 514 514 504 504 504 504 514 514 513 513 504 504 513 513 515 515 515 515 513 513 512 512 515 515 512 512 516 516 516 516 512 512 508 508 516 516 508 508 517 517 517 517 508 508 507 507 518 518 519 519 520 520 521 521 522 522 502 502 520 520 519 519 523 523 523 523 519 519 524 524 523 523 524 524 525 525 521 521 502 502 525 525 525 525 502 502 523 523 526 526 527 527 528 528 528 528 527 527 529 529 528 528 529 529 530 530 528 528 530 530 531 531 531 531 530 530 532 532 505 505 533 533 506 506 506 506 533 533 534 534 506 506 534 534 530 530 530 530 534 534 532 532 527 527 535 535 529 529 529 529 535 535 536 536 529 529 536 536 520 520 520 520 536 536 537 537 520 520 537 537 518 518 502 502 504 504 523 523 523 523 504 504 515 515 523 523 515 515 520 520 520 520 515 515 516 516 520 520 516 516 529 529 529 529 516 516 517 517 529 529 517 517 530 530 530 530 517 517 507 507 530 530 507 507 506 506 506 506 507 507 365 365 506 506 365 365 367 367 538 538 539 539 540 540 541 541 542 542 543 543 543 543 542 542 544 544 545 545 546 546 547 547 548 548 549 549 550 550 551 551 552 552 553 553 554 554 555 555 556 556 556 556 555 555 557 557 558 558 559 559 560 560 561 561 562 562 563 563 564 564 565 565 566 566 567 567 568 568 569 569 519 519 570 570 571 571 526 526 572 572 573 573 574 574 575 575 576 576 577 577 578 578 539 539 579 579 580 580 538 538 538 538 580 580 581 581 538 538 581 581 582 582 582 582 583 583 538 538 538 538 583 583 584 584 538 538 584 584 539 539 539 539 584 584 585 585 539 539 585 585 577 577 586 586 587 587 588 588 587 587 589 589 588 588 588 588 589 589 590 590 588 588 590 590 579 579 579 579 590 590 591 591 579 579 591 591 580 580 592 592 593 593 594 594 594 594 593 593 595 595 594 594 595 595 596 596 597 597 598 598 599 599 599 599 598 598 594 594 599 599 594 594 600 600 600 600 594 594 596 596 601 601 602 602 603 603 603 603 602 602 604 604 603 603 604 604 605 605 605 605 604 604 606 606 601 601 607 607 602 602 602 602 607 607 608 608 602 602 608 608 609 609 609 609 610 610 592 592 592 592 610 610 611 611 592 592 611 611 593 593 606 606 604 604 612 612 606 606 612 612 613 613 614 614 615 615 616 616 616 616 615 615 617 617 578 578 618 618 619 619 619 619 618 618 620 620 620 620 621 621 619 619 619 619 621 621 622 622 619 619 622 622 615 615 615 615 622 622 623 623 615 615 623 623 617 617 624 624 625 625 570 570 624 624 570 570 626 626 575 575 574 574 570 570 570 570 574 574 627 627 570 570 627 627 626 626 625 625 628 628 570 570 570 570 628 628 629 629 570 570 629 629 571 571 629 629 630 630 571 571 571 571 630 630 631 631 571 571 631 631 632 632 633 633 634 634 635 635 635 635 634 634 636 636 635 635 636 636 637 637 573 573 572 572 638 638 639 639 640 640 641 641 641 641 640 640 642 642 641 641 642 642 638 638 643 643 644 644 645 645 646 646 647 647 648 648 648 648 647 647 649 649 648 648 649 649 641 641 641 641 649 649 650 650 641 641 650 650 639 639 651 651 652 652 653 653 651 651 653 653 654 654 655 655 656 656 643 643 643 643 656 656 657 657 643 643 657 657 644 644 658 658 659 659 660 660 659 659 661 661 660 660 660 660 661 661 662 662 660 660 662 662 663 663 519 519 518 518 570 570 570 570 518 518 537 537 570 570 537 537 536 536 573 573 576 576 526 526 526 526 576 576 575 575 526 526 575 575 527 527 527 527 575 575 570 570 527 527 570 570 535 535 535 535 570 570 536 536 521 521 525 525 664 664 664 664 525 525 524 524 665 665 522 522 666 666 667 667 567 567 668 668 669 669 670 670 671 671 671 671 670 670 672 672 673 673 674 674 668 668 668 668 674 674 675 675 668 668 675 675 667 667 676 676 672 672 677 677 677 677 672 672 670 670 677 677 670 670 678 678 678 678 670 670 679 679 678 678 679 679 680 680 680 680 679 679 681 681 682 682 683 683 684 684 685 685 686 686 682 682 682 682 686 686 687 687 682 682 687 687 683 683 688 688 689 689 690 690 690 690 689 689 691 691 692 692 693 693 566 566 566 566 693 693 694 694 566 566 694 694 564 564 688 688 690 690 695 695 695 695 690 690 696 696 695 695 696 696 697 697 698 698 699 699 700 700 700 700 699 699 701 701 700 700 701 701 702 702 701 701 703 703 702 702 702 702 703 703 704 704 702 702 704 704 696 696 696 696 704 704 705 705 696 696 705 705 697 697 706 706 707 707 698 698 698 698 707 707 708 708 698 698 708 708 699 699 562 562 709 709 563 563 563 563 709 709 710 710 563 563 710 710 706 706 706 706 710 710 711 711 706 706 711 711 707 707 559 559 712 712 541 541 541 541 712 712 561 561 558 558 560 560 713 713 714 714 715 715 716 716 716 716 715 715 717 717 718 718 719 719 720 720 720 720 719 719 721 721 722 722 723 723 720 720 720 720 723 723 724 724 720 720 724 724 718 718 725 725 726 726 727 727 727 727 726 726 728 728 727 727 728 728 484 484 478 478 464 464 728 728 464 464 463 463 728 728 728 728 463 463 483 483 728 728 483 483 484 484 477 477 480 480 729 729 729 729 480 480 479 479 473 473 470 470 730 730 730 730 470 470 469 469 730 730 469 469 731 731 469 469 467 467 731 731 731 731 467 467 466 466 731 731 466 466 732 732 732 732 466 466 475 475 732 732 475 475 477 477 733 733 734 734 735 735 735 735 734 734 471 471 735 735 471 471 473 473 736 736 737 737 733 733 733 733 737 737 738 738 733 733 738 738 734 734 739 739 740 740 594 594 733 733 592 592 736 736 736 736 592 592 594 594 736 736 594 594 741 741 741 741 594 594 740 740 435 435 434 434 588 588 588 588 434 434 598 598 588 588 598 598 586 586 586 586 598 598 597 597 434 434 433 433 598 598 598 598 433 433 742 742 598 598 742 742 594 594 594 594 742 742 743 743 594 594 743 743 739 739 435 435 588 588 444 444 444 444 588 588 579 579 444 444 579 579 445 445 744 744 450 450 538 538 538 538 450 450 447 447 538 538 447 447 579 579 579 579 447 447 446 446 579 579 446 446 445 445 745 745 746 746 747 747 748 748 749 749 747 747 747 747 749 749 750 750 747 747 750 750 745 745 751 751 452 452 744 744 744 744 452 452 451 451 744 744 451 451 450 450 540 540 752 752 753 753 754 754 755 755 756 756 756 756 755 755 757 757 758 758 759 759 760 760 760 760 759 759 754 754 761 761 762 762 763 763 763 763 762 762 764 764 763 763 764 764 765 765 766 766 767 767 768 768 769 769 770 770 771 771 771 771 770 770 772 772 771 771 772 772 766 766 766 766 772 772 773 773 766 766 773 773 767 767 553 553 552 552 771 771 771 771 552 552 774 774 771 771 774 774 769 769 551 551 553 553 775 775 775 775 553 553 776 776 775 775 776 776 777 777 777 777 776 776 778 778 777 777 778 778 779 779 780 780 781 781 778 778 778 778 781 781 782 782 778 778 782 782 779 779 783 783 784 784 785 785 785 785 784 784 786 786 785 785 786 786 780 780 780 780 786 786 787 787 780 780 787 787 781 781 783 783 785 785 788 788 788 788 785 785 789 789 788 788 789 789 790 790 790 790 789 789 791 791 791 791 789 789 792 792 791 791 792 792 793 793 793 793 792 792 794 794 794 794 792 792 795 795 794 794 795 795 796 796 797 797 798 798 799 799 799 799 798 798 800 800 801 801 802 802 803 803 803 803 802 802 804 804 803 803 804 804 805 805 805 805 804 804 806 806 805 805 806 806 807 807 801 801 803 803 808 808 808 808 803 803 809 809 808 808 809 809 810 810 811 811 812 812 813 813 813 813 812 812 814 814 813 813 814 814 809 809 809 809 814 814 815 815 809 809 815 815 810 810 816 816 817 817 818 818 818 818 819 819 816 816 816 816 819 819 820 820 816 816 820 820 821 821 822 822 823 823 824 824 824 824 823 823 825 825 824 824 825 825 817 817 817 817 825 825 826 826 817 817 826 826 818 818 827 827 828 828 829 829 827 827 829 829 830 830 831 831 832 832 833 833 833 833 832 832 834 834 833 833 834 834 827 827 827 827 834 834 835 835 827 827 835 835 828 828 641 641 836 836 837 837 838 838 839 839 840 840 840 840 839 839 837 837 841 841 842 842 843 843 843 843 842 842 837 837 843 843 837 837 844 844 844 844 837 837 839 839 842 842 845 845 837 837 837 837 845 845 846 846 837 837 846 846 641 641 641 641 846 846 847 847 641 641 847 847 648 648 648 648 847 847 848 848 648 648 848 848 550 550 550 550 848 848 849 849 550 550 849 849 548 548 638 638 572 572 641 641 641 641 572 572 850 850 641 641 850 850 836 836 851 851 852 852 853 853 854 854 855 855 856 856 856 856 855 855 857 857 856 856 857 857 858 858 859 859 860 860 861 861 861 861 860 860 862 862 863 863 864 864 851 851 851 851 864 864 865 865 851 851 865 865 852 852 866 866 867 867 868 868 868 868 867 867 869 869 868 868 869 869 870 870 870 870 869 869 871 871 866 866 872 872 867 867 867 867 872 872 873 873 867 867 873 873 874 874 874 874 873 873 875 875 875 875 876 876 874 874 874 874 876 876 877 877 874 874 877 877 860 860 860 860 877 877 862 862 878 878 879 879 880 880 880 880 881 881 878 878 878 878 881 881 882 882 878 878 882 882 869 869 869 869 882 882 883 883 869 869 883 883 871 871 884 884 885 885 795 795 795 795 885 885 886 886 795 795 886 886 878 878 878 878 886 886 887 887 878 878 887 887 879 879 888 888 889 889 789 789 890 890 891 891 792 792 792 792 891 891 795 795 795 795 891 891 892 892 795 795 892 892 884 884 889 889 893 893 789 789 789 789 893 893 894 894 789 789 894 894 792 792 792 792 894 894 895 895 792 792 895 895 890 890 567 567 569 569 668 668 668 668 569 569 896 896 668 668 896 896 897 897 897 897 896 896 898 898 897 897 898 898 899 899 899 899 898 898 900 900 899 899 900 900 901 901 901 901 900 900 902 902 901 901 902 902 903 903 669 669 673 673 670 670 670 670 673 673 668 668 670 670 668 668 679 679 679 679 668 668 897 897 679 679 897 897 904 904 904 904 897 897 899 899 904 904 899 899 905 905 905 905 899 899 901 901 905 905 901 901 906 906 906 906 901 901 903 903 906 906 903 903 907 907 908 908 909 909 910 910 910 910 909 909 911 911 910 910 911 911 912 912 912 912 911 911 913 913 912 912 913 913 914 914 914 914 913 913 692 692 914 914 692 692 915 915 915 915 692 692 566 566 915 915 566 566 685 685 685 685 566 566 565 565 685 685 565 565 686 686 684 684 681 681 682 682 682 682 681 681 679 679 682 682 679 679 685 685 685 685 679 679 904 904 685 685 904 904 915 915 915 915 904 904 905 905 915 915 905 905 914 914 914 914 905 905 906 906 914 914 906 906 912 912 912 912 906 906 907 907 912 912 907 907 910 910 916 916 917 917 918 918 918 918 917 917 919 919 918 918 919 919 920 920 920 920 919 919 921 921 920 920 921 921 922 922 923 923 924 924 925 925 926 926 922 922 927 927 927 927 922 922 921 921 927 927 921 921 545 545 545 545 921 921 919 919 545 545 919 919 546 546 546 546 919 919 917 917 546 546 917 917 928 928 928 928 917 917 916 916 928 928 916 916 929 929 473 473 730 730 735 735 735 735 730 730 731 731 735 735 731 731 930 930 930 930 731 731 732 732 930 930 732 732 931 931 477 477 729 729 732 732 732 732 729 729 932 932 732 732 932 932 931 931 933 933 934 934 935 935 935 935 934 934 936 936 935 935 936 936 937 937 937 937 936 936 938 938 937 937 938 938 544 544 939 939 940 940 941 941 941 941 940 940 547 547 941 941 547 547 942 942 942 942 547 547 546 546 942 942 546 546 943 943 943 943 546 546 928 928 943 943 928 928 923 923 923 923 928 928 929 929 923 923 929 929 924 924 902 902 933 933 903 903 903 903 933 933 935 935 903 903 935 935 907 907 907 907 935 935 937 937 907 907 937 937 910 910 910 910 937 937 544 544 910 910 544 544 908 908 908 908 544 544 542 542 568 568 665 665 569 569 569 569 665 665 666 666 569 569 666 666 896 896 896 896 666 666 944 944 896 896 944 944 898 898 898 898 944 944 945 945 898 898 945 945 900 900 900 900 945 945 946 946 900 900 946 946 902 902 902 902 946 946 947 947 902 902 947 947 933 933 933 933 947 947 926 926 933 933 926 926 934 934 934 934 926 926 927 927 934 934 927 927 936 936 936 936 927 927 545 545 936 936 545 545 938 938 938 938 545 545 547 547 938 938 547 547 544 544 544 544 547 547 940 940 544 544 940 940 543 543 543 543 940 940 939 939 543 543 939 939 541 541 561 561 563 563 541 541 541 541 563 563 706 706 541 541 706 706 542 542 542 542 706 706 698 698 542 542 698 698 908 908 908 908 698 698 700 700 908 908 700 700 909 909 909 909 700 700 702 702 909 909 702 702 911 911 911 911 702 702 696 696 911 911 696 696 913 913 913 913 696 696 690 690 913 913 690 690 692 692 692 692 690 690 691 691 692 692 691 691 693 693 559 559 541 541 560 560 560 560 541 541 939 939 560 560 939 939 948 948 948 948 939 939 941 941 948 948 941 941 949 949 949 949 941 941 942 942 949 949 942 942 950 950 950 950 942 942 943 943 950 950 943 943 951 951 951 951 943 943 923 923 951 951 923 923 952 952 952 952 923 923 925 925 952 952 925 925 953 953 479 479 478 478 729 729 729 729 478 478 728 728 729 729 728 728 932 932 932 932 728 728 726 726 932 932 726 726 722 722 722 722 726 726 725 725 722 722 725 725 723 723 954 954 955 955 956 956 956 956 955 955 957 957 956 956 957 957 958 958 958 958 957 957 959 959 958 958 959 959 960 960 960 960 959 959 961 961 960 960 961 961 962 962 962 962 961 961 963 963 962 962 963 963 964 964 964 964 963 963 965 965 964 964 965 965 966 966 966 966 965 965 967 967 966 966 967 967 856 856 856 856 967 967 851 851 856 856 851 851 854 854 854 854 851 851 853 853 766 766 954 954 771 771 771 771 954 954 956 956 771 771 956 956 553 553 553 553 956 956 958 958 553 553 958 958 776 776 776 776 958 958 960 960 776 776 960 960 778 778 778 778 960 960 962 962 778 778 962 962 780 780 780 780 962 962 964 964 780 780 964 964 785 785 785 785 964 964 966 966 785 785 966 966 789 789 789 789 966 966 856 856 789 789 856 856 888 888 888 888 856 856 858 858 955 955 968 968 957 957 957 957 968 968 969 969 957 957 969 969 959 959 959 959 969 969 970 970 959 959 970 970 961 961 961 961 970 970 971 971 961 961 971 971 963 963 963 963 971 971 972 972 963 963 972 972 965 965 965 965 972 972 973 973 965 965 973 973 967 967 967 967 973 973 974 974 967 967 974 974 851 851 851 851 974 974 860 860 851 851 860 860 863 863 863 863 860 860 859 859 754 754 756 756 760 760 760 760 756 756 619 619 760 760 619 619 975 975 975 975 619 619 615 615 975 975 615 615 612 612 612 612 615 615 614 614 612 612 614 614 613 613 578 578 619 619 539 539 539 539 619 619 756 756 539 539 756 756 540 540 540 540 756 756 757 757 540 540 757 757 752 752 753 753 554 554 540 540 540 540 554 554 556 556 540 540 556 556 538 538 538 538 556 556 557 557 538 538 557 557 744 744 744 744 557 557 750 750 744 744 750 750 751 751 751 751 750 750 749 749 751 751 749 749 976 976 609 609 592 592 602 602 602 602 592 592 733 733 602 602 733 733 977 977 977 977 733 733 735 735 977 977 735 735 978 978 978 978 735 735 930 930 978 978 930 930 979 979 979 979 930 930 931 931 979 979 931 931 980 980 980 980 931 931 932 932 980 980 932 932 981 981 981 981 932 932 722 722 981 981 722 722 982 982 982 982 722 722 720 720 982 982 720 720 716 716 716 716 720 720 721 721 716 716 721 721 714 714 713 713 560 560 717 717 717 717 560 560 948 948 717 717 948 948 716 716 716 716 948 948 949 949 716 716 949 949 982 982 982 982 949 949 950 950 982 982 950 950 981 981 981 981 950 950 951 951 981 981 951 951 980 980 980 980 951 951 952 952 980 980 952 952 979 979 979 979 952 952 953 953 979 979 953 953 978 978 978 978 953 953 983 983 978 978 983 983 977 977 977 977 983 983 984 984 977 977 984 984 602 602 602 602 984 984 985 985 602 602 985 985 604 604 604 604 985 985 986 986 604 604 986 986 612 612 612 612 986 986 987 987 612 612 987 987 975 975 975 975 987 987 765 765 975 975 765 765 760 760 760 760 765 765 764 764 760 760 764 764 758 758 652 652 655 655 653 653 653 653 655 655 643 643 653 653 643 643 550 550 550 550 643 643 645 645 550 550 645 645 648 648 648 648 645 645 988 988 648 648 988 988 646 646 816 816 989 989 817 817 817 817 989 989 830 830 817 817 830 830 824 824 824 824 830 830 829 829 824 824 829 829 822 822 805 805 990 990 803 803 803 803 990 990 991 991 803 803 991 991 809 809 809 809 991 991 992 992 809 809 992 992 813 813 549 549 831 831 550 550 550 550 831 831 833 833 550 550 833 833 653 653 653 653 833 833 827 827 653 653 827 827 993 993 993 993 827 827 830 830 993 993 830 830 994 994 994 994 830 830 989 989 994 994 989 989 995 995 821 821 811 811 816 816 816 816 811 811 813 813 816 816 813 813 989 989 989 989 813 813 992 992 989 989 992 992 995 995 995 995 992 992 991 991 995 995 991 991 996 996 996 996 991 991 990 990 996 996 990 990 997 997 997 997 990 990 805 805 997 997 805 805 799 799 799 799 805 805 807 807 799 799 807 807 797 797 663 663 654 654 660 660 660 660 654 654 653 653 660 660 653 653 998 998 998 998 653 653 993 993 998 998 993 993 999 999 999 999 993 993 994 994 999 999 994 994 1000 1000 1000 1000 994 994 995 995 1000 1000 995 995 867 867 867 867 995 995 996 996 867 867 996 996 869 869 869 869 996 996 997 997 869 869 997 997 878 878 878 878 997 997 799 799 878 878 799 799 795 795 795 795 799 799 800 800 795 795 800 800 796 796 968 968 1001 1001 969 969 969 969 1001 1001 1002 1002 969 969 1002 1002 970 970 970 970 1002 1002 1003 1003 970 970 1003 1003 971 971 971 971 1003 1003 1004 1004 971 971 1004 1004 972 972 972 972 1004 1004 1005 1005 972 972 1005 1005 973 973 973 973 1005 1005 1006 1006 973 973 1006 1006 974 974 974 974 1006 1006 1007 1007 974 974 1007 1007 860 860 860 860 1007 1007 1008 1008 860 860 1008 1008 874 874 874 874 1008 1008 1009 1009 874 874 1009 1009 867 867 867 867 1009 1009 1010 1010 867 867 1010 1010 1000 1000 1000 1000 1010 1010 1011 1011 1000 1000 1011 1011 999 999 999 999 1011 1011 1012 1012 999 999 1012 1012 998 998 998 998 1012 1012 1013 1013 998 998 1013 1013 660 660 660 660 1013 1013 635 635 660 660 635 635 658 658 658 658 635 635 637 637 1014 1014 1015 1015 1016 1016 1016 1016 1015 1015 1017 1017 1016 1016 1017 1017 1018 1018 1018 1018 1017 1017 1019 1019 1018 1018 1019 1019 1020 1020 1020 1020 1019 1019 1021 1021 1020 1020 1021 1021 1022 1022 1022 1022 1021 1021 1023 1023 1022 1022 1023 1023 1024 1024 1024 1024 1023 1023 1025 1025 1024 1024 1025 1025 1026 1026 1026 1026 1025 1025 1027 1027 1026 1026 1027 1027 1028 1028 1028 1028 1027 1027 1029 1029 1028 1028 1029 1029 1030 1030 1030 1030 1029 1029 1031 1031 1030 1030 1031 1031 1032 1032 1032 1032 1031 1031 1033 1033 1032 1032 1033 1033 1034 1034 1034 1034 1033 1033 1035 1035 1034 1034 1035 1035 1036 1036 1036 1036 1035 1035 1037 1037 1036 1036 1037 1037 1038 1038 1038 1038 1037 1037 1039 1039 1038 1038 1039 1039 571 571 571 571 1039 1039 664 664 571 571 664 664 519 519 519 519 664 664 524 524 1001 1001 1014 1014 1002 1002 1002 1002 1014 1014 1016 1016 1002 1002 1016 1016 1003 1003 1003 1003 1016 1016 1018 1018 1003 1003 1018 1018 1004 1004 1004 1004 1018 1018 1020 1020 1004 1004 1020 1020 1005 1005 1005 1005 1020 1020 1022 1022 1005 1005 1022 1022 1006 1006 1006 1006 1022 1022 1024 1024 1006 1006 1024 1024 1007 1007 1007 1007 1024 1024 1026 1026 1007 1007 1026 1026 1008 1008 1008 1008 1026 1026 1028 1028 1008 1008 1028 1028 1009 1009 1009 1009 1028 1028 1030 1030 1009 1009 1030 1030 1010 1010 1010 1010 1030 1030 1032 1032 1010 1010 1032 1032 1011 1011 1011 1011 1032 1032 1034 1034 1011 1011 1034 1034 1012 1012 1012 1012 1034 1034 1036 1036 1012 1012 1036 1036 1013 1013 1013 1013 1036 1036 1038 1038 1013 1013 1038 1038 635 635 635 635 1038 1038 571 571 635 635 571 571 633 633 633 633 571 571 632 632 522 522 521 521 666 666 666 666 521 521 664 664 666 666 664 664 944 944 944 944 664 664 1039 1039 944 944 1039 1039 945 945 945 945 1039 1039 1037 1037 945 945 1037 1037 946 946 946 946 1037 1037 1035 1035 946 946 1035 1035 947 947 947 947 1035 1035 1033 1033 947 947 1033 1033 926 926 926 926 1033 1033 1031 1031 926 926 1031 1031 922 922 922 922 1031 1031 1029 1029 922 922 1029 1029 920 920 920 920 1029 1029 1027 1027 920 920 1027 1027 918 918 918 918 1027 1027 1025 1025 918 918 1025 1025 916 916 916 916 1025 1025 1023 1023 916 916 1023 1023 929 929 929 929 1023 1023 1021 1021 929 929 1021 1021 924 924 924 924 1021 1021 1019 1019 924 924 1019 1019 925 925 925 925 1019 1019 1017 1017 925 925 1017 1017 953 953 953 953 1017 1017 1015 1015 953 953 1015 1015 983 983 983 983 1015 1015 1014 1014 983 983 1014 1014 984 984 984 984 1014 1014 1001 1001 984 984 1001 1001 985 985 985 985 1001 1001 968 968 985 985 968 968 986 986 986 986 968 968 955 955 986 986 955 955 987 987 987 987 955 955 954 954 987 987 954 954 765 765 765 765 954 954 766 766 765 765 766 766 763 763 763 763 766 766 768 768 763 763 768 768 761 761 1040 1040 1041 1041 1042 1042 1043 1043 1044 1044 1045 1045 1046 1046 1047 1047 1048 1048 1049 1049 1050 1050 1051 1051 1052 1052 1053 1053 1054 1054 1054 1054 1053 1053 1055 1055 1056 1056 1057 1057 1058 1058 1059 1059 1060 1060 1061 1061 1062 1062 1063 1063 1064 1064 891 891 890 890 1065 1065 894 894 893 893 1066 1066 889 889 888 888 1067 1067 854 854 853 853 1068 1068 853 853 852 852 1069 1069 854 854 1068 1068 855 855 858 858 857 857 1070 1070 894 894 1066 1066 895 895 1071 1071 884 884 892 892 1071 1071 892 892 1065 1065 1065 1065 892 892 891 891 880 880 879 879 1072 1072 1072 1072 879 879 887 887 1072 1072 887 887 1073 1073 1073 1073 887 887 886 886 1073 1073 886 886 1071 1071 1071 1071 886 886 885 885 1071 1071 885 885 884 884 853 853 1069 1069 1068 1068 1068 1068 1069 1069 1074 1074 888 888 858 858 1067 1067 1067 1067 858 858 1070 1070 1067 1067 1070 1070 1075 1075 1075 1075 1070 1070 1076 1076 893 893 889 889 1066 1066 1066 1066 889 889 1067 1067 1066 1066 1067 1067 1077 1077 1077 1077 1067 1067 1075 1075 890 890 895 895 1065 1065 1065 1065 895 895 1066 1066 1065 1065 1066 1066 1078 1078 1078 1078 1066 1066 1077 1077 1078 1078 1077 1077 1079 1079 1079 1079 1077 1077 1075 1075 1079 1079 1075 1075 1080 1080 1080 1080 1075 1075 1076 1076 1080 1080 1076 1076 1081 1081 1064 1064 1063 1063 1082 1082 1082 1082 1063 1063 1083 1083 1082 1082 1083 1083 1084 1084 1083 1083 1085 1085 1084 1084 1084 1084 1085 1085 1086 1086 1084 1084 1086 1086 1061 1061 1087 1087 1088 1088 1089 1089 1087 1087 1089 1089 1090 1090 1091 1091 1092 1092 1093 1093 1093 1093 1092 1092 1090 1090 1093 1093 1090 1090 1094 1094 1094 1094 1090 1090 1089 1089 1091 1091 1095 1095 1092 1092 1092 1092 1095 1095 1096 1096 1092 1092 1096 1096 1097 1097 1056 1056 1058 1058 1098 1098 1050 1050 1054 1054 1051 1051 1051 1051 1054 1054 1055 1055 1051 1051 1055 1055 1099 1099 1099 1099 1055 1055 1100 1100 1099 1099 1100 1100 1101 1101 1101 1101 1100 1100 1102 1102 1101 1101 1102 1102 1103 1103 1103 1103 1102 1102 1104 1104 1103 1103 1104 1104 1105 1105 1106 1106 1044 1044 1107 1107 1107 1107 1044 1044 1043 1043 1107 1107 1043 1043 1108 1108 1108 1108 1043 1043 1109 1109 1057 1057 1109 1109 1058 1058 1058 1058 1109 1109 1043 1043 1058 1058 1043 1043 1110 1110 1110 1110 1043 1043 1045 1045 1110 1110 1045 1045 1111 1111 1111 1111 1045 1045 1112 1112 1111 1111 1112 1112 1113 1113 1059 1059 1061 1061 1114 1114 1114 1114 1061 1061 1086 1086 1114 1114 1086 1086 1105 1105 1106 1106 1046 1046 1044 1044 1044 1044 1046 1046 1048 1048 1044 1044 1048 1048 1045 1045 1045 1045 1048 1048 1112 1112 1105 1105 1086 1086 1103 1103 1103 1103 1086 1086 1085 1085 1103 1103 1085 1085 1101 1101 1101 1101 1085 1085 1083 1083 1101 1101 1083 1083 1099 1099 1099 1099 1083 1083 1063 1063 1099 1099 1063 1063 1051 1051 1051 1051 1063 1063 1062 1062 1051 1051 1062 1062 1049 1049 1115 1115 1116 1116 1117 1117 1118 1118 1119 1119 1120 1120 1120 1120 1119 1119 1121 1121 1122 1122 1040 1040 1123 1123 1123 1123 1040 1040 1042 1042 1123 1123 1042 1042 1124 1124 1124 1124 1042 1042 1125 1125 1124 1124 1125 1125 1126 1126 1126 1126 1125 1125 1127 1127 1126 1126 1127 1127 1128 1128 1128 1128 1127 1127 1129 1129 1128 1128 1129 1129 1074 1074 1074 1074 1129 1129 1130 1130 1074 1074 1130 1130 1068 1068 1116 1116 1118 1118 1117 1117 1117 1117 1118 1118 1120 1120 1117 1117 1120 1120 1131 1131 1131 1131 1120 1120 1132 1132 1131 1131 1132 1132 1133 1133 1049 1049 1134 1134 1050 1050 1050 1050 1134 1134 1135 1135 1050 1050 1135 1135 1054 1054 1054 1054 1135 1135 1136 1136 1054 1054 1136 1136 1052 1052 857 857 855 855 1070 1070 1070 1070 855 855 1068 1068 1070 1070 1068 1068 1076 1076 1076 1076 1068 1068 1130 1130 1076 1076 1130 1130 1081 1081 1081 1081 1130 1130 1129 1129 1081 1081 1129 1129 1133 1133 1133 1133 1129 1129 1127 1127 1133 1133 1127 1127 1131 1131 1131 1131 1127 1127 1125 1125 1131 1131 1125 1125 1117 1117 1117 1117 1125 1125 1042 1042 1117 1117 1042 1042 1115 1115 1115 1115 1042 1042 1041 1041 1052 1052 1137 1137 1053 1053 1053 1053 1137 1137 1087 1087 1053 1053 1087 1087 1055 1055 1055 1055 1087 1087 1090 1090 1055 1055 1090 1090 1100 1100 1100 1100 1090 1090 1092 1092 1100 1100 1092 1092 1102 1102 1102 1102 1092 1092 1097 1097 1102 1102 1097 1097 1104 1104 1096 1096 1098 1098 1097 1097 1097 1097 1098 1098 1058 1058 1097 1097 1058 1058 1104 1104 1104 1104 1058 1058 1110 1110 1104 1104 1110 1110 1105 1105 1105 1105 1110 1110 1111 1111 1105 1105 1111 1111 1114 1114 1114 1114 1111 1111 1113 1113 1114 1114 1113 1113 1059 1059 1060 1060 1072 1072 1061 1061 1061 1061 1072 1072 1073 1073 1061 1061 1073 1073 1084 1084 1084 1084 1073 1073 1071 1071 1084 1084 1071 1071 1082 1082 1082 1082 1071 1071 1065 1065 1082 1082 1065 1065 1064 1064 1064 1064 1065 1065 1078 1078 1064 1064 1078 1078 1062 1062 1062 1062 1078 1078 1079 1079 1062 1062 1079 1079 1049 1049 1049 1049 1079 1079 1080 1080 1049 1049 1080 1080 1134 1134 1134 1134 1080 1080 1081 1081 1134 1134 1081 1081 1135 1135 1135 1135 1081 1081 1133 1133 1135 1135 1133 1133 1136 1136 1136 1136 1133 1133 1132 1132 1136 1136 1132 1132 1052 1052 1052 1052 1132 1132 1120 1120 1052 1052 1120 1120 1137 1137 1137 1137 1120 1120 1121 1121 1137 1137 1121 1121 1087 1087 1087 1087 1121 1121 1138 1138 1087 1087 1138 1138 1088 1088 1112 1112 1048 1048 1139 1139 1123 1123 1124 1124 1140 1140 1141 1141 881 881 880 880 1142 1142 1143 1143 870 870 870 870 1143 1143 868 868 870 870 871 871 1142 1142 1142 1142 871 871 883 883 1142 1142 883 883 1141 1141 1141 1141 883 883 882 882 1141 1141 882 882 881 881 868 868 1143 1143 866 866 866 866 1143 1143 1144 1144 866 866 1144 1144 872 872 1145 1145 875 875 1144 1144 1144 1144 875 875 873 873 1144 1144 873 873 872 872 1146 1146 861 861 862 862 862 862 877 877 1146 1146 1146 1146 877 877 1145 1145 1145 1145 877 877 876 876 1145 1145 876 876 875 875 1147 1147 1069 1069 865 865 865 865 1069 1069 852 852 865 865 864 864 1147 1147 1147 1147 864 864 863 863 1147 1147 863 863 1146 1146 1146 1146 863 863 859 859 1146 1146 859 859 861 861 1148 1148 1147 1147 1149 1149 1149 1149 1147 1147 1146 1146 1149 1149 1146 1146 1150 1150 1150 1150 1146 1146 1145 1145 1150 1150 1145 1145 1151 1151 1151 1151 1145 1145 1144 1144 1151 1151 1144 1144 1152 1152 1152 1152 1144 1144 1143 1143 1152 1152 1143 1143 1153 1153 1153 1153 1143 1143 1142 1142 1153 1153 1142 1142 1154 1154 1154 1154 1142 1142 1141 1141 1154 1154 1141 1141 1072 1072 1072 1072 1141 1141 880 880 1155 1155 1156 1156 1157 1157 1158 1158 1159 1159 1160 1160 1160 1160 1159 1159 1161 1161 1160 1160 1161 1161 1162 1162 1163 1163 1164 1164 1165 1165 1165 1165 1164 1164 1166 1166 1165 1165 1166 1166 1167 1167 1168 1168 1122 1122 1123 1123 1166 1166 1169 1169 1167 1167 1167 1167 1169 1169 1170 1170 1167 1167 1170 1170 1171 1171 1171 1171 1170 1170 1172 1172 1158 1158 1163 1163 1159 1159 1159 1159 1163 1163 1165 1165 1159 1159 1165 1165 1173 1173 1173 1173 1165 1165 1167 1167 1173 1173 1167 1167 1140 1140 1140 1140 1167 1167 1171 1171 1140 1140 1171 1171 1123 1123 1123 1123 1171 1171 1172 1172 1123 1123 1172 1172 1168 1168 1139 1139 1048 1048 1174 1174 1174 1174 1048 1048 1047 1047 1174 1174 1175 1175 1139 1139 1139 1139 1175 1175 1176 1176 1139 1139 1176 1176 1177 1177 1178 1178 1179 1179 1180 1180 1180 1180 1179 1179 1113 1113 1180 1180 1113 1113 1112 1112 1176 1176 1181 1181 1177 1177 1177 1177 1181 1181 1182 1182 1177 1177 1182 1182 1183 1183 1184 1184 1185 1185 1186 1186 1186 1186 1185 1185 1183 1183 1186 1186 1183 1183 1187 1187 1187 1187 1183 1183 1182 1182 1179 1179 1059 1059 1113 1113 1060 1060 1059 1059 1188 1188 1188 1188 1059 1059 1179 1179 1188 1188 1179 1179 1189 1189 1189 1189 1179 1179 1178 1178 1189 1189 1178 1178 1190 1190 1112 1112 1139 1139 1180 1180 1180 1180 1139 1139 1177 1177 1180 1180 1177 1177 1178 1178 1178 1178 1177 1177 1183 1183 1178 1178 1183 1183 1190 1190 1190 1190 1183 1183 1185 1185 1190 1190 1185 1185 1155 1155 1155 1155 1185 1185 1184 1184 1155 1155 1184 1184 1156 1156 1126 1126 1128 1128 1148 1148 1148 1148 1128 1128 1074 1074 1148 1148 1074 1074 1147 1147 1147 1147 1074 1074 1069 1069 1124 1124 1126 1126 1140 1140 1140 1140 1126 1126 1148 1148 1140 1140 1148 1148 1173 1173 1173 1173 1148 1148 1149 1149 1173 1173 1149 1149 1159 1159 1159 1159 1149 1149 1150 1150 1159 1159 1150 1150 1161 1161 1161 1161 1150 1150 1151 1151 1072 1072 1060 1060 1154 1154 1154 1154 1060 1060 1188 1188 1154 1154 1188 1188 1153 1153 1153 1153 1188 1188 1189 1189 1153 1153 1189 1189 1152 1152 1152 1152 1189 1189 1190 1190 1152 1152 1190 1190 1151 1151 1151 1151 1190 1190 1155 1155 1151 1151 1155 1155 1161 1161 1161 1161 1155 1155 1157 1157 1161 1161 1157 1157 1162 1162 532 532 1191 1191 531 531 531 531 1191 1191 1192 1192 531 531 1192 1192 528 528 1193 1193 1194 1194 1195 1195 1195 1195 1194 1194 1196 1196 1193 1193 1195 1195 1197 1197 1197 1197 1195 1195 505 505 1197 1197 505 505 392 392 837 837 836 836 1192 1192 840 840 837 837 1198 1198 1198 1198 837 837 1192 1192 1198 1198 1192 1192 1199 1199 1199 1199 1192 1192 1191 1191 1199 1199 1191 1191 1200 1200 1200 1200 1191 1191 1201 1201 836 836 850 850 1192 1192 1192 1192 850 850 572 572 1192 1192 572 572 528 528 528 528 572 572 526 526 1196 1196 1202 1202 1195 1195 1195 1195 1202 1202 1203 1203 1195 1195 1203 1203 1191 1191 1191 1191 1203 1203 1204 1204 1191 1191 1204 1204 1201 1201 1191 1191 532 532 534 534 1191 1191 534 534 1195 1195 1195 1195 534 534 533 533 1195 1195 533 533 505 505 1205 1205 1206 1206 1207 1207 1208 1208 1209 1209 1210 1210 1211 1211 1212 1212 1213 1213 1212 1212 1211 1211 1214 1214 1213 1213 1215 1215 1216 1216 1217 1217 1218 1218 1219 1219 1220 1220 1221 1221 1222 1222 1223 1223 1224 1224 1225 1225 1226 1226 1227 1227 1228 1228 1229 1229 1230 1230 1231 1231 1232 1232 1233 1233 1234 1234 1235 1235 1236 1236 1237 1237 1238 1238 1239 1239 1240 1240 1241 1241 1242 1242 1243 1243 1244 1244 1245 1245 1246 1246 1247 1247 1248 1248 1249 1249 1250 1250 1251 1251 1252 1252 1253 1253 1254 1254 1255 1255 1256 1256 1257 1257 1258 1258 1259 1259 1260 1260 1261 1261 1262 1262 1263 1263 1264 1264 66 66 65 65 1265 1265 95 95 94 94 1266 1266 1267 1267 1268 1268 1269 1269 1270 1270 1214 1214 1271 1271 1272 1272 1273 1273 1274 1274 1275 1275 1276 1276 1277 1277 1278 1278 1279 1279 1280 1280 1281 1281 1282 1282 1276 1276 1283 1283 1284 1284 1285 1285 1285 1285 1284 1284 1286 1286 1287 1287 1288 1288 1289 1289 1290 1290 1291 1291 1292 1292 1283 1283 1293 1293 1294 1294 1294 1294 1293 1293 1295 1295 1294 1294 1295 1295 1296 1296 1295 1295 1290 1290 1296 1296 1296 1296 1290 1290 1292 1292 1296 1296 1292 1292 1297 1297 1297 1297 1292 1292 1298 1298 1297 1297 1298 1298 1299 1299 1299 1299 1298 1298 1300 1300 1299 1299 1300 1300 1301 1301 1301 1301 1300 1300 1302 1302 1301 1301 1302 1302 1303 1303 1303 1303 1302 1302 1304 1304 1304 1304 1302 1302 1305 1305 1304 1304 1305 1305 1306 1306 1307 1307 1278 1278 1308 1308 1308 1308 1278 1278 1280 1280 1308 1308 1280 1280 1309 1309 1310 1310 1311 1311 1312 1312 1312 1312 1311 1311 1313 1313 1312 1312 1313 1313 1314 1314 1315 1315 1316 1316 1317 1317 1317 1317 1316 1316 1318 1318 1317 1317 1318 1318 1319 1319 1319 1319 1318 1318 1320 1320 1319 1319 1320 1320 1310 1310 1310 1310 1320 1320 1321 1321 1310 1310 1321 1321 1311 1311 1322 1322 1323 1323 1324 1324 1324 1324 1323 1323 1325 1325 1324 1324 1325 1325 1326 1326 1326 1326 1325 1325 1316 1316 1326 1326 1316 1316 1327 1327 1327 1327 1316 1316 1315 1315 1322 1322 1328 1328 1323 1323 1323 1323 1328 1328 1329 1329 1323 1323 1329 1329 1330 1330 1330 1330 1329 1329 1331 1331 1331 1331 1332 1332 1330 1330 1330 1330 1332 1332 1333 1333 1330 1330 1333 1333 1334 1334 1283 1283 1285 1285 1293 1293 1293 1293 1285 1285 1335 1335 1293 1293 1335 1335 1336 1336 1337 1337 1338 1338 1339 1339 1336 1336 1340 1340 1339 1339 1339 1339 1340 1340 1330 1330 1334 1334 1341 1341 1330 1330 1330 1330 1341 1341 1342 1342 1330 1330 1342 1342 1339 1339 1339 1339 1342 1342 1343 1343 1339 1339 1343 1343 1337 1337 1276 1276 1275 1275 1281 1281 1281 1281 1275 1275 1344 1344 1281 1281 1344 1344 1286 1286 1286 1286 1344 1344 1345 1345 1286 1286 1345 1345 1285 1285 1285 1285 1345 1345 1346 1346 1285 1285 1346 1346 1335 1335 1289 1289 1288 1288 1347 1347 1347 1347 1288 1288 1348 1348 1347 1347 1348 1348 1349 1349 1350 1350 1351 1351 1352 1352 1289 1289 1291 1291 1287 1287 1287 1287 1291 1291 1290 1290 1287 1287 1290 1290 1353 1353 1353 1353 1290 1290 1354 1354 1353 1353 1354 1354 1355 1355 1356 1356 1357 1357 1358 1358 1354 1354 1350 1350 1355 1355 1355 1355 1350 1350 1352 1352 1355 1355 1352 1352 1359 1359 1359 1359 1352 1352 1360 1360 1359 1359 1360 1360 1357 1357 1357 1357 1360 1360 1361 1361 1357 1357 1361 1361 1358 1358 1362 1362 1363 1363 1364 1364 1364 1364 1363 1363 1365 1365 1364 1364 1365 1365 1366 1366 1363 1363 1356 1356 1365 1365 1365 1365 1356 1356 1358 1358 1365 1365 1358 1358 1366 1366 1366 1366 1358 1358 1367 1367 1366 1366 1367 1367 1368 1368 1279 1279 1369 1369 1370 1370 1307 1307 1308 1308 1274 1274 1274 1274 1308 1308 1371 1371 1274 1274 1371 1371 1272 1272 1372 1372 1373 1373 1215 1215 1215 1215 1373 1373 1374 1374 1215 1215 1374 1374 1216 1216 1375 1375 1376 1376 1377 1377 1351 1351 1350 1350 1377 1377 1377 1377 1350 1350 1378 1378 1377 1377 1378 1378 1375 1375 1379 1379 1380 1380 1381 1381 1382 1382 1376 1376 1383 1383 1383 1383 1376 1376 1375 1375 1383 1383 1375 1375 1380 1380 1380 1380 1375 1375 1384 1384 1380 1380 1384 1384 1381 1381 1379 1379 1381 1381 1385 1385 1385 1385 1381 1381 1386 1386 1385 1385 1386 1386 1387 1387 1388 1388 1222 1222 1389 1389 1389 1389 1222 1222 1221 1221 1389 1389 1221 1221 1390 1390 1390 1390 1221 1221 1391 1391 1390 1390 1391 1391 1392 1392 1392 1392 1391 1391 1393 1393 1393 1393 1391 1391 1394 1394 1393 1393 1394 1394 1395 1395 1396 1396 1397 1397 1398 1398 1398 1398 1397 1397 1399 1399 1398 1398 1399 1399 1400 1400 1401 1401 1402 1402 1403 1403 1403 1403 1402 1402 1404 1404 1404 1404 1405 1405 1403 1403 1403 1403 1405 1405 1406 1406 1403 1403 1406 1406 1407 1407 1408 1408 1409 1409 1410 1410 1410 1410 1409 1409 1411 1411 1410 1410 1411 1411 1412 1412 1413 1413 1414 1414 1403 1403 1403 1403 1414 1414 1415 1415 1416 1416 1417 1417 1403 1403 1403 1403 1417 1417 1418 1418 1403 1403 1418 1418 1401 1401 1415 1415 1419 1419 1403 1403 1403 1403 1419 1419 1420 1420 1403 1403 1420 1420 1421 1421 1421 1421 1422 1422 1403 1403 1403 1403 1422 1422 1423 1423 1403 1403 1423 1423 1416 1416 1416 1416 1423 1423 1424 1424 1416 1416 1424 1424 1425 1425 1426 1426 1427 1427 1428 1428 1428 1428 1429 1429 1426 1426 1426 1426 1429 1429 1430 1430 1426 1426 1430 1430 1408 1408 1408 1408 1430 1430 1431 1431 1408 1408 1431 1431 1409 1409 1338 1338 1432 1432 1339 1339 1339 1339 1432 1432 1433 1433 1339 1339 1433 1433 1434 1434 1435 1435 1436 1436 1426 1426 1426 1426 1436 1436 1437 1437 1426 1426 1437 1437 1427 1427 1407 1407 1438 1438 1403 1403 1403 1403 1438 1438 1439 1439 1403 1403 1439 1439 1440 1440 1440 1440 1439 1439 1441 1441 1440 1440 1441 1441 1442 1442 1442 1442 1441 1441 1443 1443 1442 1442 1443 1443 1444 1444 1444 1444 1443 1443 1445 1445 1444 1444 1445 1445 1446 1446 1447 1447 1448 1448 1449 1449 1449 1449 1448 1448 1450 1450 1449 1449 1450 1450 1451 1451 1452 1452 1453 1453 1454 1454 1454 1454 1453 1453 1455 1455 1454 1454 1455 1455 1456 1456 1456 1456 1455 1455 1457 1457 1458 1458 1459 1459 1460 1460 1461 1461 1462 1462 1463 1463 1463 1463 1462 1462 1464 1464 1463 1463 1464 1464 1465 1465 1464 1464 1466 1466 1465 1465 1465 1465 1466 1466 1467 1467 1465 1465 1467 1467 1455 1455 1455 1455 1467 1467 1468 1468 1455 1455 1468 1468 1457 1457 1214 1214 1270 1270 1212 1212 1212 1212 1270 1270 1469 1469 1212 1212 1469 1469 1470 1470 1471 1471 1472 1472 1473 1473 1473 1473 1472 1472 1474 1474 1473 1473 1474 1474 1460 1460 1460 1460 1474 1474 1475 1475 1460 1460 1475 1475 1458 1458 1476 1476 1477 1477 1478 1478 1479 1479 1480 1480 1481 1481 1481 1481 1480 1480 1482 1482 1481 1481 1482 1482 1483 1483 1483 1483 1484 1484 1481 1481 1481 1481 1484 1484 1485 1485 1481 1481 1485 1485 1486 1486 1476 1476 1478 1478 1487 1487 1477 1477 1488 1488 1478 1478 1478 1478 1488 1488 1489 1489 1478 1478 1489 1489 1490 1490 1491 1491 1492 1492 1223 1223 1223 1223 1492 1492 1493 1493 1223 1223 1493 1493 1494 1494 1494 1494 1493 1493 1495 1495 1494 1494 1495 1495 1496 1496 1497 1497 1498 1498 1499 1499 1499 1499 1498 1498 1500 1500 1500 1500 1501 1501 1499 1499 1499 1499 1501 1501 1502 1502 1499 1499 1502 1502 1503 1503 1504 1504 1225 1225 1505 1505 1505 1505 1225 1225 1503 1503 1505 1505 1503 1503 1506 1506 1506 1506 1503 1503 1502 1502 1507 1507 1508 1508 1509 1509 1509 1509 1508 1508 1510 1510 1509 1509 1510 1510 1511 1511 1512 1512 1513 1513 1514 1514 1514 1514 1515 1515 1512 1512 1512 1512 1515 1515 1516 1516 1512 1512 1516 1516 1517 1517 1517 1517 1516 1516 1518 1518 1517 1517 1518 1518 1499 1499 1499 1499 1518 1518 1519 1519 1499 1499 1519 1519 1497 1497 1495 1495 1520 1520 1496 1496 1496 1496 1520 1520 1521 1521 1522 1522 1523 1523 1524 1524 1524 1524 1523 1523 1525 1525 1526 1526 1527 1527 1528 1528 1528 1528 1527 1527 1524 1524 1528 1528 1524 1524 1529 1529 1529 1529 1524 1524 1525 1525 1526 1526 1530 1530 1527 1527 1527 1527 1530 1530 1531 1531 1527 1527 1531 1531 1532 1532 1532 1532 1533 1533 1527 1527 1527 1527 1533 1533 1534 1534 1527 1527 1534 1534 1535 1535 1267 1267 1269 1269 1536 1536 1537 1537 1538 1538 1539 1539 1540 1540 1541 1541 1542 1542 1542 1542 1541 1541 1543 1543 1542 1542 1543 1543 1544 1544 1544 1544 1543 1543 1545 1545 1544 1544 1545 1545 1546 1546 1547 1547 1548 1548 1537 1537 1537 1537 1548 1548 1549 1549 1537 1537 1549 1549 1538 1538 1546 1546 1550 1550 1544 1544 1544 1544 1550 1550 1551 1551 1544 1544 1551 1551 1547 1547 1552 1552 1553 1553 1554 1554 1554 1554 1553 1553 1555 1555 1555 1555 1556 1556 1554 1554 1554 1554 1556 1556 1557 1557 1554 1554 1557 1557 1542 1542 1542 1542 1557 1557 1558 1558 1542 1542 1558 1558 1540 1540 1559 1559 1560 1560 1561 1561 1561 1561 1560 1560 1562 1562 1561 1561 1562 1562 1563 1563 1563 1563 1564 1564 1565 1565 1565 1565 1564 1564 1566 1566 1565 1565 1566 1566 1567 1567 1568 1568 1569 1569 1570 1570 1571 1571 1572 1572 1573 1573 1568 1568 1570 1570 1573 1573 1573 1573 1570 1570 1574 1574 1573 1573 1574 1574 1571 1571 1268 1268 1575 1575 1576 1576 1576 1576 1575 1575 1577 1577 1577 1577 1578 1578 1576 1576 1576 1576 1578 1578 1579 1579 1576 1576 1579 1579 1568 1568 1568 1568 1579 1579 1580 1580 1568 1568 1580 1580 1569 1569 1581 1581 89 89 136 136 93 93 92 92 1207 1207 1207 1207 92 92 90 90 1207 1207 90 90 89 89 1582 1582 130 130 1266 1266 1266 1266 130 130 84 84 1266 1266 84 84 83 83 83 83 82 82 1266 1266 1266 1266 82 82 81 81 1266 1266 81 81 75 75 75 75 74 74 1266 1266 1266 1266 74 74 96 96 1266 1266 96 96 95 95 1582 1582 1583 1583 1584 1584 1584 1584 1585 1585 1582 1582 1582 1582 1585 1585 1586 1586 1582 1582 1586 1586 130 130 1587 1587 1588 1588 1206 1206 1206 1206 1588 1588 1589 1589 1206 1206 1589 1589 1583 1583 1590 1590 1591 1591 1208 1208 1591 1591 1592 1592 1208 1208 1208 1208 1592 1592 1593 1593 1208 1208 1593 1593 1594 1594 1594 1594 1593 1593 1595 1595 1596 1596 1597 1597 1598 1598 1598 1598 1597 1597 1599 1599 1598 1598 1599 1599 1590 1590 1600 1600 1601 1601 1602 1602 1602 1602 1601 1601 1603 1603 1602 1602 1603 1603 1604 1604 1605 1605 1606 1606 1607 1607 1607 1607 1606 1606 1608 1608 1607 1607 1608 1608 1609 1609 1609 1609 1608 1608 1610 1610 1609 1609 1610 1610 1600 1600 1611 1611 1612 1612 1613 1613 1613 1613 1612 1612 1614 1614 1613 1613 1614 1614 1607 1607 1607 1607 1614 1614 1615 1615 1607 1607 1615 1615 1605 1605 1616 1616 1617 1617 1618 1618 1619 1619 1620 1620 1621 1621 1621 1621 1620 1620 1622 1622 1619 1619 1621 1621 1623 1623 1623 1623 1621 1621 1624 1624 1623 1623 1624 1624 1625 1625 1626 1626 1627 1627 1628 1628 1628 1628 1627 1627 1629 1629 59 59 63 63 1265 1265 1265 1265 63 63 62 62 1265 1265 62 62 61 61 61 61 23 23 1265 1265 1265 1265 23 23 22 22 1265 1265 22 22 1627 1627 1627 1627 22 22 58 58 1627 1627 58 58 1629 1629 65 65 64 64 1265 1265 1265 1265 64 64 60 60 1265 1265 60 60 59 59 8 8 7 7 1630 1630 1630 1630 7 7 67 67 1630 1630 67 67 66 66 1631 1631 1632 1632 1633 1633 1633 1633 1632 1632 1634 1634 1635 1635 1636 1636 1637 1637 1637 1637 1636 1636 1638 1638 1637 1637 1638 1638 1639 1639 1639 1639 1638 1638 1640 1640 1641 1641 1642 1642 1643 1643 1643 1643 1642 1642 1644 1644 1645 1645 1646 1646 1647 1647 1647 1647 1646 1646 1648 1648 1649 1649 1650 1650 1651 1651 1650 1650 1649 1649 1652 1652 1652 1652 1649 1649 1653 1653 1652 1652 1653 1653 1654 1654 1260 1260 1655 1655 1261 1261 1261 1261 1655 1655 1656 1656 1261 1261 1656 1656 1653 1653 1653 1653 1656 1656 1657 1657 1653 1653 1657 1657 1654 1654 1258 1258 1257 1257 1261 1261 1261 1261 1257 1257 1658 1658 1261 1261 1658 1658 1259 1259 1256 1256 1258 1258 1659 1659 1659 1659 1258 1258 1660 1660 1659 1659 1660 1660 1661 1661 1517 1517 1662 1662 1663 1663 1664 1664 1665 1665 1666 1666 1667 1667 1668 1668 1664 1664 1664 1664 1668 1668 1669 1669 1664 1664 1669 1669 1665 1665 1253 1253 1670 1670 1254 1254 1254 1254 1670 1670 1671 1671 1254 1254 1671 1671 1667 1667 1251 1251 1672 1672 1673 1673 1673 1673 1672 1672 1674 1674 1673 1673 1674 1674 1675 1675 1250 1250 1252 1252 1676 1676 1677 1677 1678 1678 1679 1679 1679 1679 1678 1678 1680 1680 1679 1679 1680 1680 1681 1681 1677 1677 1679 1679 1682 1682 1682 1682 1679 1679 1683 1683 1682 1682 1683 1683 1684 1684 1684 1684 1685 1685 1686 1686 1686 1686 1685 1685 1687 1687 1688 1688 1689 1689 1685 1685 1685 1685 1689 1689 1690 1690 1685 1685 1690 1690 1687 1687 1691 1691 1692 1692 1693 1693 1693 1693 1692 1692 1694 1694 1694 1694 1692 1692 1695 1695 1695 1695 1692 1692 1696 1696 1695 1695 1696 1696 1697 1697 1247 1247 1698 1698 1699 1699 1699 1699 1698 1698 1700 1700 1699 1699 1700 1700 1696 1696 1696 1696 1700 1700 1701 1701 1696 1696 1701 1701 1697 1697 1702 1702 1703 1703 1248 1248 1248 1248 1703 1703 1704 1704 1248 1248 1704 1704 1249 1249 1705 1705 1706 1706 1707 1707 1707 1707 1708 1708 1705 1705 1705 1705 1708 1708 1709 1709 1705 1705 1709 1709 1702 1702 1702 1702 1709 1709 1710 1710 1702 1702 1710 1710 1703 1703 1706 1706 1705 1705 1711 1711 1711 1711 1705 1705 1712 1712 1711 1711 1712 1712 1713 1713 1714 1714 1715 1715 1716 1716 1716 1716 1715 1715 1717 1717 1716 1716 1717 1717 1718 1718 1714 1714 1716 1716 1719 1719 1719 1719 1716 1716 1720 1720 1719 1719 1720 1720 1721 1721 1722 1722 1723 1723 1724 1724 1724 1724 1723 1723 1725 1725 1724 1724 1725 1725 1720 1720 1720 1720 1725 1725 1726 1726 1720 1720 1726 1726 1721 1721 1722 1722 1724 1724 1727 1727 1727 1727 1724 1724 1728 1728 1727 1727 1728 1728 1729 1729 1730 1730 1731 1731 1732 1732 1732 1732 1731 1731 1733 1733 1732 1732 1733 1733 1728 1728 1728 1728 1733 1733 1734 1734 1728 1728 1734 1734 1729 1729 1730 1730 1732 1732 1735 1735 1735 1735 1732 1732 1736 1736 1735 1735 1736 1736 1737 1737 1738 1738 1739 1739 1736 1736 1736 1736 1739 1739 1740 1740 1736 1736 1740 1740 1737 1737 1741 1741 1742 1742 1738 1738 1738 1738 1742 1742 1743 1743 1738 1738 1743 1743 1739 1739 1246 1246 1245 1245 1744 1744 1744 1744 1245 1245 1745 1745 1744 1744 1745 1745 1741 1741 1244 1244 1246 1246 1746 1746 1746 1746 1246 1246 1747 1747 1746 1746 1747 1747 1748 1748 1749 1749 1750 1750 1751 1751 1751 1751 1750 1750 1752 1752 1751 1751 1752 1752 1747 1747 1747 1747 1752 1752 1753 1753 1747 1747 1753 1753 1748 1748 1754 1754 1755 1755 1756 1756 1756 1756 1755 1755 1757 1757 1756 1756 1757 1757 1751 1751 1751 1751 1757 1757 1758 1758 1751 1751 1758 1758 1749 1749 1759 1759 1760 1760 1761 1761 1761 1761 1760 1760 1762 1762 1761 1761 1762 1762 1763 1763 1243 1243 1764 1764 1761 1761 1761 1761 1764 1764 1765 1765 1761 1761 1765 1765 1759 1759 1242 1242 1766 1766 1243 1243 1243 1243 1766 1766 1767 1767 1243 1243 1767 1767 1764 1764 1241 1241 1768 1768 1769 1769 1769 1769 1768 1768 1770 1770 1771 1771 1772 1772 1770 1770 1770 1770 1772 1772 1773 1773 1770 1770 1773 1773 1769 1769 1774 1774 1775 1775 1776 1776 1776 1776 1775 1775 1777 1777 1778 1778 1779 1779 1774 1774 1774 1774 1779 1779 1780 1780 1774 1774 1780 1780 1775 1775 1781 1781 1782 1782 1783 1783 1783 1783 1782 1782 1778 1778 1784 1784 1785 1785 1781 1781 1781 1781 1785 1785 1786 1786 1781 1781 1786 1786 1782 1782 1239 1239 1787 1787 1788 1788 1788 1788 1787 1787 1789 1789 1788 1788 1789 1789 1790 1790 1240 1240 1239 1239 1791 1791 1792 1792 1793 1793 1794 1794 1794 1794 1793 1793 1795 1795 1796 1796 1797 1797 1240 1240 1240 1240 1797 1797 1798 1798 1240 1240 1798 1798 1238 1238 1799 1799 1800 1800 1801 1801 1802 1802 1803 1803 1804 1804 1804 1804 1803 1803 1805 1805 1227 1227 1806 1806 1228 1228 1228 1228 1806 1806 1807 1807 1228 1228 1807 1807 1808 1808 1809 1809 1226 1226 1810 1810 1810 1810 1226 1226 1228 1228 1810 1810 1228 1228 1804 1804 1804 1804 1228 1228 1808 1808 1804 1804 1808 1808 1802 1802 1811 1811 1812 1812 1813 1813 1813 1813 1812 1812 1814 1814 1813 1813 1814 1814 1815 1815 1816 1816 1817 1817 1818 1818 1818 1818 1817 1817 1819 1819 1818 1818 1819 1819 1820 1820 1821 1821 1822 1822 1823 1823 1823 1823 1822 1822 1824 1824 1823 1823 1824 1824 1825 1825 1826 1826 1527 1527 1827 1827 1827 1827 1527 1527 1535 1535 1827 1827 1535 1535 1512 1512 1512 1512 1535 1535 1828 1828 1512 1512 1828 1828 1513 1513 1829 1829 1830 1830 1831 1831 1831 1831 1830 1830 1832 1832 1831 1831 1832 1832 1643 1643 1649 1649 1826 1826 1653 1653 1653 1653 1826 1826 1827 1827 1653 1653 1827 1827 1261 1261 1261 1261 1827 1827 1512 1512 1261 1261 1512 1512 1258 1258 1258 1258 1512 1512 1517 1517 1258 1258 1517 1517 1660 1660 1660 1660 1517 1517 1663 1663 1660 1660 1663 1663 1661 1661 1504 1504 1507 1507 1225 1225 1225 1225 1507 1507 1509 1509 1225 1225 1509 1509 1223 1223 1223 1223 1509 1509 1511 1511 1223 1223 1511 1511 1491 1491 1833 1833 1834 1834 1224 1224 1224 1224 1834 1834 1835 1835 1224 1224 1835 1835 1225 1225 1225 1225 1835 1835 1836 1836 1225 1225 1836 1836 1503 1503 1503 1503 1836 1836 1837 1837 1503 1503 1837 1837 1499 1499 1499 1499 1837 1837 1838 1838 1499 1499 1838 1838 1517 1517 1517 1517 1838 1838 1839 1839 1517 1517 1839 1839 1662 1662 1840 1840 1841 1841 1842 1842 1842 1842 1841 1841 1843 1843 1842 1842 1843 1843 1830 1830 1830 1830 1843 1843 1844 1844 1830 1830 1844 1844 1832 1832 1832 1832 1844 1844 1647 1647 1832 1832 1647 1647 1643 1643 1643 1643 1647 1647 1648 1648 1643 1643 1648 1648 1641 1641 1829 1829 1845 1845 1830 1830 1830 1830 1845 1845 1846 1846 1830 1830 1846 1846 1842 1842 1842 1842 1846 1846 1220 1220 1842 1842 1220 1220 1840 1840 1840 1840 1220 1220 1222 1222 1840 1840 1222 1222 1350 1350 1350 1350 1222 1222 1388 1388 1350 1350 1388 1388 1378 1378 1218 1218 1833 1833 1219 1219 1219 1219 1833 1833 1224 1224 1219 1219 1224 1224 1847 1847 1847 1847 1224 1224 1223 1223 1847 1847 1223 1223 1848 1848 1848 1848 1223 1223 1494 1494 1848 1848 1494 1494 1849 1849 1849 1849 1494 1494 1496 1496 1849 1849 1496 1496 1524 1524 1524 1524 1496 1496 1521 1521 1524 1524 1521 1521 1522 1522 1295 1295 1217 1217 1290 1290 1290 1290 1217 1217 1219 1219 1290 1290 1219 1219 1354 1354 1354 1354 1219 1219 1847 1847 1354 1354 1847 1847 1350 1350 1350 1350 1847 1847 1848 1848 1350 1350 1848 1848 1840 1840 1840 1840 1848 1848 1849 1849 1840 1840 1849 1849 1841 1841 1841 1841 1849 1849 1524 1524 1841 1841 1524 1524 1843 1843 1843 1843 1524 1524 1527 1527 1843 1843 1527 1527 1844 1844 1844 1844 1527 1527 1826 1826 1844 1844 1826 1826 1647 1647 1647 1647 1826 1826 1649 1649 1647 1647 1649 1649 1645 1645 1645 1645 1649 1649 1651 1651 1336 1336 1339 1339 1293 1293 1293 1293 1339 1339 1850 1850 1293 1293 1850 1850 1295 1295 1295 1295 1850 1850 1851 1851 1295 1295 1851 1851 1217 1217 1217 1217 1851 1851 1852 1852 1217 1217 1852 1852 1218 1218 1218 1218 1852 1852 1853 1853 1218 1218 1853 1853 1833 1833 1833 1833 1853 1853 1854 1854 1833 1833 1854 1854 1834 1834 1834 1834 1854 1854 1855 1855 1834 1834 1855 1855 1835 1835 1835 1835 1855 1855 1856 1856 1835 1835 1856 1856 1836 1836 1836 1836 1856 1856 1857 1857 1836 1836 1857 1857 1837 1837 1837 1837 1857 1857 1858 1858 1837 1837 1858 1858 1838 1838 1838 1838 1858 1858 1664 1664 1838 1838 1664 1664 1839 1839 1839 1839 1664 1664 1666 1666 1839 1839 1666 1666 1662 1662 1667 1667 1664 1664 1254 1254 1254 1254 1664 1664 1858 1858 1254 1254 1858 1858 1255 1255 1255 1255 1858 1858 1857 1857 1255 1255 1857 1857 1859 1859 1859 1859 1857 1857 1856 1856 1859 1859 1856 1856 1860 1860 1860 1860 1856 1856 1855 1855 1860 1860 1855 1855 1861 1861 1861 1861 1855 1855 1854 1854 1861 1861 1854 1854 1862 1862 1862 1862 1854 1854 1853 1853 1862 1862 1853 1853 1863 1863 1863 1863 1853 1853 1852 1852 1863 1863 1852 1852 1864 1864 1864 1864 1852 1852 1851 1851 1864 1864 1851 1851 1865 1865 1865 1865 1851 1851 1850 1850 1865 1865 1850 1850 1866 1866 1866 1866 1850 1850 1339 1339 1866 1866 1339 1339 1435 1435 1435 1435 1339 1339 1434 1434 1435 1435 1434 1434 1436 1436 1563 1563 1565 1565 1561 1561 1561 1561 1565 1565 1867 1867 1561 1561 1867 1867 1868 1868 1868 1868 1867 1867 1869 1869 1868 1868 1869 1869 1870 1870 1870 1870 1869 1869 1871 1871 1870 1870 1871 1871 1872 1872 1872 1872 1871 1871 1873 1873 1872 1872 1873 1873 1874 1874 1874 1874 1873 1873 1875 1875 1874 1874 1875 1875 1876 1876 1876 1876 1875 1875 1699 1699 1876 1876 1699 1699 1877 1877 1877 1877 1699 1699 1696 1696 1877 1877 1696 1696 1878 1878 1878 1878 1696 1696 1692 1692 1878 1878 1692 1692 1688 1688 1688 1688 1692 1692 1691 1691 1688 1688 1691 1691 1689 1689 1247 1247 1699 1699 1248 1248 1248 1248 1699 1699 1875 1875 1248 1248 1875 1875 1702 1702 1702 1702 1875 1875 1873 1873 1702 1702 1873 1873 1705 1705 1705 1705 1873 1873 1871 1871 1705 1705 1871 1871 1712 1712 1712 1712 1871 1871 1869 1869 1712 1712 1869 1869 1879 1879 1879 1879 1869 1869 1867 1867 1879 1879 1867 1867 1880 1880 1880 1880 1867 1867 1565 1565 1880 1880 1565 1565 1554 1554 1554 1554 1565 1565 1567 1567 1554 1554 1567 1567 1552 1552 1684 1684 1683 1683 1685 1685 1685 1685 1683 1683 1881 1881 1685 1685 1881 1881 1688 1688 1688 1688 1881 1881 1882 1882 1688 1688 1882 1882 1878 1878 1878 1878 1882 1882 1883 1883 1878 1878 1883 1883 1877 1877 1877 1877 1883 1883 1884 1884 1877 1877 1884 1884 1876 1876 1876 1876 1884 1884 1885 1885 1876 1876 1885 1885 1874 1874 1874 1874 1885 1885 1886 1886 1874 1874 1886 1886 1872 1872 1872 1872 1886 1886 1887 1887 1872 1872 1887 1887 1870 1870 1870 1870 1887 1887 1888 1888 1870 1870 1888 1888 1868 1868 1868 1868 1888 1888 1573 1573 1868 1868 1573 1573 1561 1561 1561 1561 1573 1573 1572 1572 1561 1561 1572 1572 1559 1559 1400 1400 1889 1889 1398 1398 1398 1398 1889 1889 1216 1216 1398 1398 1216 1216 1396 1396 1396 1396 1216 1216 1374 1374 1890 1890 1891 1891 1892 1892 1892 1892 1891 1891 1893 1893 1815 1815 1809 1809 1813 1813 1813 1813 1809 1809 1810 1810 1813 1813 1810 1810 1894 1894 1890 1890 1895 1895 1891 1891 1891 1891 1895 1895 1896 1896 1891 1891 1896 1896 1893 1893 1893 1893 1896 1896 1897 1897 1893 1893 1897 1897 1481 1481 1481 1481 1897 1897 1898 1898 1481 1481 1898 1898 1479 1479 1479 1479 1898 1898 1899 1899 1900 1900 1890 1890 1901 1901 1901 1901 1890 1890 1892 1892 1901 1901 1892 1892 1902 1902 1902 1902 1892 1892 1893 1893 1902 1902 1893 1893 1478 1478 1478 1478 1893 1893 1481 1481 1478 1478 1481 1481 1487 1487 1487 1487 1481 1481 1486 1486 1451 1451 1899 1899 1449 1449 1449 1449 1899 1899 1898 1898 1449 1449 1898 1898 1231 1231 1367 1367 1903 1903 1368 1368 1368 1368 1903 1903 1372 1372 1368 1368 1372 1372 1369 1369 1369 1369 1372 1372 1215 1215 1369 1369 1215 1215 1370 1370 1370 1370 1215 1215 1213 1213 1370 1370 1213 1213 1904 1904 1904 1904 1213 1213 1212 1212 1904 1904 1212 1212 1473 1473 1473 1473 1212 1212 1470 1470 1473 1473 1470 1470 1471 1471 1741 1741 1738 1738 1744 1744 1744 1744 1738 1738 1736 1736 1744 1744 1736 1736 1905 1905 1905 1905 1736 1736 1732 1732 1905 1905 1732 1732 1544 1544 1544 1544 1732 1732 1728 1728 1544 1544 1728 1728 1542 1542 1542 1542 1728 1728 1724 1724 1542 1542 1724 1724 1554 1554 1554 1554 1724 1724 1720 1720 1554 1554 1720 1720 1880 1880 1880 1880 1720 1720 1716 1716 1880 1880 1716 1716 1879 1879 1879 1879 1716 1716 1718 1718 1879 1879 1718 1718 1712 1712 1712 1712 1718 1718 1906 1906 1712 1712 1906 1906 1713 1713 1445 1445 1310 1310 1446 1446 1446 1446 1310 1310 1312 1312 1446 1446 1312 1312 1907 1907 1907 1907 1312 1312 1908 1908 1907 1907 1908 1908 1909 1909 1909 1909 1908 1908 1910 1910 1910 1910 1908 1908 1911 1911 1910 1910 1911 1911 1912 1912 1547 1547 1537 1537 1544 1544 1544 1544 1537 1537 1913 1913 1544 1544 1913 1913 1905 1905 1905 1905 1913 1913 1914 1914 1905 1905 1914 1914 1744 1744 1744 1744 1914 1914 1915 1915 1744 1744 1915 1915 1246 1246 1246 1246 1915 1915 1916 1916 1246 1246 1916 1916 1747 1747 1747 1747 1916 1916 1917 1917 1747 1747 1917 1917 1751 1751 1751 1751 1917 1917 1763 1763 1751 1751 1763 1763 1756 1756 1756 1756 1763 1763 1762 1762 1756 1756 1762 1762 1754 1754 1279 1279 1370 1370 1280 1280 1280 1280 1370 1370 1904 1904 1280 1280 1904 1904 1918 1918 1918 1918 1904 1904 1473 1473 1918 1918 1473 1473 1919 1919 1919 1919 1473 1473 1460 1460 1919 1919 1460 1460 1463 1463 1463 1463 1460 1460 1459 1459 1463 1463 1459 1459 1461 1461 1230 1230 1232 1232 1231 1231 1231 1231 1232 1232 1234 1234 1231 1231 1234 1234 1449 1449 1449 1449 1234 1234 1453 1453 1449 1449 1453 1453 1447 1447 1447 1447 1453 1453 1452 1452 1233 1233 1920 1920 1234 1234 1234 1234 1920 1920 1235 1235 1234 1234 1235 1235 1453 1453 1453 1453 1235 1235 1237 1237 1453 1453 1237 1237 1455 1455 1455 1455 1237 1237 1921 1921 1455 1455 1921 1921 1465 1465 1465 1465 1921 1921 1922 1922 1465 1465 1922 1922 1463 1463 1463 1463 1922 1922 1923 1923 1463 1463 1923 1923 1919 1919 1919 1919 1923 1923 1911 1911 1919 1919 1911 1911 1918 1918 1918 1918 1911 1911 1908 1908 1918 1918 1908 1908 1280 1280 1280 1280 1908 1908 1312 1312 1280 1280 1312 1312 1309 1309 1309 1309 1312 1312 1314 1314 1309 1309 1314 1314 1924 1924 1924 1924 1314 1314 1306 1306 1924 1924 1306 1306 1925 1925 1925 1925 1306 1306 1305 1305 1241 1241 1243 1243 1768 1768 1768 1768 1243 1243 1761 1761 1768 1768 1761 1761 1926 1926 1926 1926 1761 1761 1763 1763 1926 1926 1763 1763 1927 1927 1927 1927 1763 1763 1917 1917 1927 1927 1917 1917 1928 1928 1928 1928 1917 1917 1916 1916 1928 1928 1916 1916 1929 1929 1929 1929 1916 1916 1915 1915 1929 1929 1915 1915 1930 1930 1930 1930 1915 1915 1914 1914 1930 1930 1914 1914 1931 1931 1931 1931 1914 1914 1913 1913 1931 1931 1913 1913 1932 1932 1932 1932 1913 1913 1537 1537 1932 1932 1537 1537 1269 1269 1269 1269 1537 1537 1539 1539 1269 1269 1539 1539 1536 1536 1268 1268 1576 1576 1269 1269 1269 1269 1576 1576 1933 1933 1269 1269 1933 1933 1932 1932 1932 1932 1933 1933 1934 1934 1932 1932 1934 1934 1931 1931 1931 1931 1934 1934 1935 1935 1931 1931 1935 1935 1930 1930 1930 1930 1935 1935 1936 1936 1930 1930 1936 1936 1929 1929 1929 1929 1936 1936 1937 1937 1929 1929 1937 1937 1928 1928 1928 1928 1937 1937 1938 1938 1928 1928 1938 1938 1927 1927 1927 1927 1938 1938 1939 1939 1927 1927 1939 1939 1926 1926 1926 1926 1939 1939 1940 1940 1926 1926 1940 1940 1768 1768 1768 1768 1940 1940 1776 1776 1768 1768 1776 1776 1770 1770 1770 1770 1776 1776 1777 1777 1770 1770 1777 1777 1771 1771 1778 1778 1774 1774 1783 1783 1783 1783 1774 1774 1776 1776 1783 1783 1776 1776 1941 1941 1941 1941 1776 1776 1940 1940 1941 1941 1940 1940 1942 1942 1942 1942 1940 1940 1939 1939 1942 1942 1939 1939 1943 1943 1943 1943 1939 1939 1938 1938 1943 1943 1938 1938 1944 1944 1944 1944 1938 1938 1937 1937 1944 1944 1937 1937 1945 1945 1945 1945 1937 1937 1936 1936 1945 1945 1936 1936 1946 1946 1946 1946 1936 1936 1935 1935 1946 1946 1935 1935 1947 1947 1947 1947 1935 1935 1934 1934 1947 1947 1934 1934 1948 1948 1948 1948 1934 1934 1933 1933 1948 1948 1933 1933 1949 1949 1949 1949 1933 1933 1576 1576 1949 1949 1576 1576 1950 1950 1950 1950 1576 1576 1568 1568 1950 1950 1568 1568 1951 1951 1951 1951 1568 1568 1573 1573 1951 1951 1573 1573 1952 1952 1952 1952 1573 1573 1888 1888 1952 1952 1888 1888 1953 1953 1953 1953 1888 1888 1887 1887 1953 1953 1887 1887 1954 1954 1954 1954 1887 1887 1886 1886 1954 1954 1886 1886 1955 1955 1955 1955 1886 1886 1885 1885 1955 1955 1885 1885 1956 1956 1956 1956 1885 1885 1884 1884 1956 1956 1884 1884 1957 1957 1957 1957 1884 1884 1883 1883 1957 1957 1883 1883 1958 1958 1958 1958 1883 1883 1882 1882 1958 1958 1882 1882 1959 1959 1959 1959 1882 1882 1881 1881 1959 1959 1881 1881 1960 1960 1960 1960 1881 1881 1683 1683 1960 1960 1683 1683 1961 1961 1961 1961 1683 1683 1679 1679 1961 1961 1679 1679 1962 1962 1962 1962 1679 1679 1681 1681 1962 1962 1681 1681 1252 1252 1252 1252 1681 1681 1963 1963 1252 1252 1963 1963 1676 1676 1239 1239 1788 1788 1791 1791 1791 1791 1788 1788 1964 1964 1791 1791 1964 1964 1965 1965 1965 1965 1964 1964 1966 1966 1965 1965 1966 1966 1967 1967 1967 1967 1966 1966 1968 1968 1967 1967 1968 1968 1969 1969 1969 1969 1968 1968 1970 1970 1969 1969 1970 1970 1971 1971 1971 1971 1970 1970 1972 1972 1971 1971 1972 1972 1973 1973 1973 1973 1972 1972 1974 1974 1973 1973 1974 1974 1975 1975 1975 1975 1974 1974 1976 1976 1975 1975 1976 1976 1977 1977 1977 1977 1976 1976 1978 1978 1977 1977 1978 1978 1979 1979 1979 1979 1978 1978 1980 1980 1979 1979 1980 1980 1981 1981 1981 1981 1980 1980 1982 1982 1981 1981 1982 1982 1983 1983 1983 1983 1982 1982 1984 1984 1983 1983 1984 1984 1985 1985 1985 1985 1984 1984 1986 1986 1985 1985 1986 1986 1410 1410 1410 1410 1986 1986 1987 1987 1410 1410 1987 1987 1408 1408 1408 1408 1987 1987 1988 1988 1408 1408 1988 1988 1426 1426 1426 1426 1988 1988 1989 1989 1426 1426 1989 1989 1435 1435 1435 1435 1989 1989 1990 1990 1435 1435 1990 1990 1866 1866 1866 1866 1990 1990 1991 1991 1866 1866 1991 1991 1865 1865 1865 1865 1991 1991 1992 1992 1865 1865 1992 1992 1864 1864 1864 1864 1992 1992 1993 1993 1864 1864 1993 1993 1863 1863 1863 1863 1993 1993 1994 1994 1863 1863 1994 1994 1862 1862 1862 1862 1994 1994 1995 1995 1862 1862 1995 1995 1861 1861 1861 1861 1995 1995 1996 1996 1861 1861 1996 1996 1860 1860 1860 1860 1996 1996 1997 1997 1860 1860 1997 1997 1859 1859 1859 1859 1997 1997 1673 1673 1859 1859 1673 1673 1255 1255 1255 1255 1673 1673 1675 1675 1255 1255 1675 1675 1253 1253 1251 1251 1673 1673 1252 1252 1252 1252 1673 1673 1997 1997 1252 1252 1997 1997 1962 1962 1962 1962 1997 1997 1996 1996 1962 1962 1996 1996 1961 1961 1961 1961 1996 1996 1995 1995 1961 1961 1995 1995 1960 1960 1960 1960 1995 1995 1994 1994 1960 1960 1994 1994 1959 1959 1959 1959 1994 1994 1993 1993 1959 1959 1993 1993 1958 1958 1958 1958 1993 1993 1992 1992 1958 1958 1992 1992 1957 1957 1957 1957 1992 1992 1991 1991 1957 1957 1991 1991 1956 1956 1956 1956 1991 1991 1990 1990 1956 1956 1990 1990 1955 1955 1955 1955 1990 1990 1989 1989 1955 1955 1989 1989 1954 1954 1954 1954 1989 1989 1988 1988 1954 1954 1988 1988 1953 1953 1953 1953 1988 1988 1987 1987 1953 1953 1987 1987 1952 1952 1952 1952 1987 1987 1986 1986 1952 1952 1986 1986 1951 1951 1951 1951 1986 1986 1984 1984 1951 1951 1984 1984 1950 1950 1950 1950 1984 1984 1982 1982 1950 1950 1982 1982 1949 1949 1949 1949 1982 1982 1980 1980 1949 1949 1980 1980 1948 1948 1948 1948 1980 1980 1978 1978 1948 1948 1978 1978 1947 1947 1947 1947 1978 1978 1976 1976 1947 1947 1976 1976 1946 1946 1946 1946 1976 1976 1974 1974 1946 1946 1974 1974 1945 1945 1945 1945 1974 1974 1972 1972 1945 1945 1972 1972 1944 1944 1944 1944 1972 1972 1970 1970 1944 1944 1970 1970 1943 1943 1943 1943 1970 1970 1968 1968 1943 1943 1968 1968 1942 1942 1942 1942 1968 1968 1966 1966 1942 1942 1966 1966 1941 1941 1941 1941 1966 1966 1964 1964 1941 1941 1964 1964 1783 1783 1783 1783 1964 1964 1788 1788 1783 1783 1788 1788 1781 1781 1781 1781 1788 1788 1790 1790 1781 1781 1790 1790 1784 1784 1236 1236 1792 1792 1237 1237 1237 1237 1792 1792 1794 1794 1237 1237 1794 1794 1921 1921 1921 1921 1794 1794 1998 1998 1921 1921 1998 1998 1922 1922 1922 1922 1998 1998 1999 1999 1922 1922 1999 1999 1923 1923 1923 1923 1999 1999 2000 2000 1923 1923 2000 2000 1911 1911 1911 1911 2000 2000 2001 2001 1911 1911 2001 2001 1912 1912 1412 1412 1413 1413 1410 1410 1410 1410 1413 1413 1403 1403 1410 1410 1403 1403 1985 1985 1985 1985 1403 1403 1440 1440 1985 1985 1440 1440 1983 1983 1983 1983 1440 1440 1442 1442 1983 1983 1442 1442 1981 1981 1981 1981 1442 1442 1444 1444 1981 1981 1444 1444 1979 1979 1979 1979 1444 1444 1446 1446 1979 1979 1446 1446 1977 1977 1977 1977 1446 1446 1907 1907 1977 1977 1907 1907 1975 1975 1975 1975 1907 1907 1909 1909 1975 1975 1909 1909 1973 1973 1973 1973 1909 1909 1910 1910 1973 1973 1910 1910 1971 1971 1971 1971 1910 1910 1912 1912 1971 1971 1912 1912 1969 1969 1969 1969 1912 1912 2001 2001 1969 1969 2001 2001 1967 1967 1967 1967 2001 2001 2000 2000 1967 1967 2000 2000 1965 1965 1965 1965 2000 2000 1999 1999 1965 1965 1999 1999 1791 1791 1791 1791 1999 1999 1998 1998 1791 1791 1998 1998 1240 1240 1240 1240 1998 1998 1794 1794 1240 1240 1794 1794 1796 1796 1796 1796 1794 1794 1795 1795 1604 1604 1596 1596 1602 1602 1602 1602 1596 1596 1598 1598 1602 1602 1598 1598 2002 2002 1901 1901 2003 2003 1900 1900 1900 1900 2003 2003 2004 2004 1900 1900 2004 2004 2005 2005 1590 1590 1208 1208 1598 1598 1598 1598 1208 1208 1210 1210 1598 1598 1210 1210 2002 2002 2002 2002 1210 1210 1889 1889 2002 2002 1889 1889 1394 1394 1394 1394 1889 1889 1400 1400 1394 1394 1400 1400 1395 1395 1595 1595 1587 1587 1594 1594 1594 1594 1587 1587 1206 1206 1594 1594 1206 1206 1208 1208 1208 1208 1206 1206 1205 1205 1208 1208 1205 1205 1209 1209 1583 1583 1582 1582 1206 1206 1206 1206 1582 1582 1266 1266 1206 1206 1266 1266 1207 1207 1207 1207 1266 1266 94 94 1207 1207 94 94 93 93 89 89 1581 1581 1207 1207 1207 1207 1581 1581 2006 2006 1207 1207 2006 2006 1205 1205 1205 1205 2006 2006 2007 2007 1205 1205 2007 2007 1209 1209 1209 1209 2007 2007 2005 2005 1209 1209 2005 2005 1210 1210 1210 1210 2005 2005 2004 2004 1210 1210 2004 2004 1889 1889 1889 1889 2004 2004 2003 2003 1889 1889 2003 2003 1216 1216 1216 1216 2003 2003 1901 1901 1216 1216 1901 1901 1213 1213 1213 1213 1901 1901 1902 1902 1213 1213 1902 1902 1211 1211 1211 1211 1902 1902 1478 1478 1211 1211 1478 1478 1214 1214 1214 1214 1478 1478 1490 1490 1214 1214 1490 1490 1271 1271 2008 2008 2009 2009 2010 2010 2010 2010 2009 2009 2011 2011 2010 2010 2011 2011 1824 1824 1821 1821 1820 1820 1822 1822 1822 1822 1820 1820 1819 1819 1822 1822 1819 1819 1824 1824 1824 1824 1819 1819 2012 2012 1824 1824 2012 2012 2010 2010 2010 2010 2012 2012 2013 2013 2010 2010 2013 2013 2008 2008 2008 2008 2013 2013 2014 2014 1816 1816 1811 1811 1817 1817 1817 1817 1811 1811 1813 1813 1817 1817 1813 1813 1819 1819 1819 1819 1813 1813 1894 1894 1819 1819 1894 1894 2012 2012 2014 2014 2013 2013 2015 2015 2015 2015 2013 2013 2012 2012 2015 2015 2012 2012 2016 2016 2016 2016 2012 2012 1894 1894 2016 2016 1894 1894 2017 2017 2017 2017 1894 1894 1810 1810 2017 2017 1810 1810 2018 2018 2018 2018 1810 1810 1804 1804 2018 2018 1804 1804 1799 1799 1799 1799 1804 1804 1805 1805 1799 1799 1805 1805 1800 1800 136 136 1825 1825 1581 1581 1581 1581 1825 1825 1824 1824 1581 1581 1824 1824 2006 2006 2006 2006 1824 1824 2011 2011 2006 2006 2011 2011 2007 2007 2007 2007 2011 2011 2009 2009 2007 2007 2009 2009 2005 2005 2005 2005 2009 2009 2008 2008 2005 2005 2008 2008 1900 1900 1900 1900 2008 2008 2014 2014 1900 1900 2014 2014 1890 1890 1890 1890 2014 2014 2015 2015 1890 1890 2015 2015 1895 1895 1895 1895 2015 2015 2016 2016 1895 1895 2016 2016 1896 1896 1896 1896 2016 2016 2017 2017 1896 1896 2017 2017 1897 1897 1897 1897 2017 2017 2018 2018 1897 1897 2018 2018 1898 1898 1898 1898 2018 2018 1799 1799 1898 1898 1799 1799 1231 1231 1231 1231 1799 1799 1801 1801 1231 1231 1801 1801 1229 1229 66 66 1265 1265 1630 1630 1630 1630 1265 1265 1627 1627 1630 1630 1627 1627 1624 1624 1624 1624 1627 1627 1626 1626 1624 1624 1626 1626 1625 1625 1634 1634 9 9 1633 1633 1633 1633 9 9 8 8 1633 1633 8 8 2019 2019 2019 2019 8 8 1630 1630 2019 2019 1630 1630 2020 2020 2020 2020 1630 1630 1624 1624 2020 2020 1624 1624 1618 1618 1618 1618 1624 1624 1621 1621 1618 1618 1621 1621 1616 1616 1616 1616 1621 1621 1622 1622 1263 1263 2021 2021 1264 1264 1264 1264 2021 2021 1631 1631 1264 1264 1631 1631 2022 2022 2022 2022 1631 1631 1633 1633 2022 2022 1633 1633 2023 2023 2023 2023 1633 1633 2019 2019 2023 2023 2019 2019 2024 2024 2024 2024 2019 2019 2020 2020 2024 2024 2020 2020 2025 2025 2025 2025 2020 2020 1618 1618 2025 2025 1618 1618 2026 2026 2027 2027 2028 2028 2029 2029 2029 2029 2028 2028 2030 2030 2029 2029 2030 2030 2026 2026 2026 2026 2030 2030 2031 2031 2026 2026 2031 2031 2025 2025 2025 2025 2031 2031 2032 2032 2025 2025 2032 2032 2024 2024 2024 2024 2032 2032 2033 2033 2024 2024 2033 2033 2023 2023 2023 2023 2033 2033 2034 2034 2023 2023 2034 2034 2022 2022 2022 2022 2034 2034 2035 2035 2022 2022 2035 2035 1264 1264 1264 1264 2035 2035 1639 1639 1264 1264 1639 1639 1262 1262 1262 1262 1639 1639 1640 1640 1617 1617 1611 1611 1618 1618 1618 1618 1611 1611 1613 1613 1618 1618 1613 1613 2026 2026 2026 2026 1613 1613 1607 1607 2026 2026 1607 1607 2029 2029 2029 2029 1607 1607 1609 1609 2029 2029 1609 1609 2027 2027 1609 1609 1600 1600 1602 1602 1609 1609 1602 1602 2027 2027 2027 2027 1602 1602 2002 2002 2027 2027 2002 2002 2028 2028 2028 2028 2002 2002 1394 1394 2028 2028 1394 1394 2030 2030 2030 2030 1394 1394 1391 1391 2030 2030 1391 1391 2031 2031 2031 2031 1391 1391 1221 1221 2031 2031 1221 1221 2032 2032 2032 2032 1221 1221 1220 1220 2032 2032 1220 1220 2033 2033 2033 2033 1220 1220 1846 1846 2033 2033 1846 1846 2034 2034 2034 2034 1846 1846 1845 1845 2034 2034 1845 1845 2035 2035 2035 2035 1845 1845 1829 1829 2035 2035 1829 1829 1639 1639 1639 1639 1829 1829 1831 1831 1639 1639 1831 1831 1637 1637 1637 1637 1831 1831 1643 1643 1637 1637 1643 1643 1635 1635 1635 1635 1643 1643 1644 1644 116 116 122 122 2036 2036 1665 1665 1669 1669 2037 2037 1259 1259 1658 1658 2038 2038 2039 2039 2040 2040 2041 2041 2042 2042 2043 2043 2044 2044 2038 2038 2045 2045 2046 2046 2047 2047 2048 2048 2049 2049 2050 2050 2051 2051 2052 2052 2053 2053 2054 2054 2055 2055 2056 2056 2057 2057 2058 2058 2059 2059 2060 2060 2061 2061 2062 2062 2063 2063 2064 2064 1735 1735 1737 1737 2065 2065 1245 1245 1244 1244 2066 2066 1782 1782 1786 1786 2067 2067 2068 2068 2069 2069 2070 2070 2071 2071 2072 2072 2073 2073 2074 2074 2075 2075 2076 2076 1230 1230 1229 1229 2077 2077 1803 1803 1802 1802 2078 2078 1825 1825 136 136 137 137 2079 2079 2080 2080 2081 2081 2082 2082 2083 2083 2084 2084 2085 2085 2079 2079 2086 2086 2087 2087 2088 2088 2089 2089 2090 2090 2091 2091 2092 2092 2093 2093 2094 2094 2095 2095 1634 1634 1632 1632 2096 2096 2096 2096 1632 1632 1631 1631 9 9 1634 1634 10 10 10 10 1634 1634 2096 2096 10 10 2096 2096 11 11 11 11 2096 2096 2042 2042 11 11 2042 2042 12 12 2097 2097 51 51 12 12 51 51 2097 2097 52 52 2098 2098 2099 2099 2100 2100 2100 2100 2099 2099 46 46 46 46 47 47 2100 2100 2100 2100 47 47 48 48 2100 2100 48 48 49 49 2098 2098 2100 2100 2101 2101 2101 2101 2100 2100 2102 2102 2101 2101 2102 2102 2103 2103 2103 2103 2102 2102 2104 2104 2103 2103 2104 2104 2105 2105 2105 2105 2104 2104 2106 2106 2106 2106 2104 2104 2107 2107 2106 2106 2107 2107 2108 2108 2108 2108 2107 2107 2109 2109 2109 2109 2107 2107 2110 2110 2109 2109 2110 2110 2111 2111 2111 2111 2110 2110 2112 2112 2112 2112 2110 2110 2113 2113 2112 2112 2113 2113 2114 2114 2115 2115 2116 2116 2117 2117 2117 2117 2116 2116 2118 2118 2117 2117 2118 2118 2119 2119 2119 2119 2118 2118 2120 2120 2119 2119 2120 2120 2113 2113 2113 2113 2120 2120 2121 2121 2113 2113 2121 2121 2114 2114 2122 2122 2123 2123 2124 2124 2123 2123 2122 2122 2125 2125 2125 2125 2122 2122 2126 2126 2125 2125 2126 2126 2127 2127 2127 2127 2126 2126 2128 2128 2128 2128 2126 2126 2129 2129 2128 2128 2129 2129 2130 2130 2130 2130 2129 2129 2131 2131 2131 2131 2129 2129 2132 2132 2131 2131 2132 2132 2133 2133 2133 2133 2132 2132 2134 2134 2133 2133 2134 2134 2135 2135 2135 2135 2134 2134 2136 2136 2135 2135 2136 2136 2137 2137 2095 2095 2094 2094 2138 2138 2094 2094 2139 2139 2138 2138 2138 2138 2139 2139 2140 2140 2138 2138 2140 2140 2136 2136 2136 2136 2140 2140 2141 2141 2136 2136 2141 2141 2137 2137 2093 2093 2095 2095 2142 2142 2142 2142 2095 2095 2143 2143 2142 2142 2143 2143 2144 2144 2144 2144 2143 2143 2145 2145 2144 2144 2145 2145 2146 2146 2146 2146 2145 2145 2147 2147 2147 2147 2145 2145 2148 2148 2147 2147 2148 2148 2149 2149 2149 2149 2148 2148 2150 2150 2150 2150 2148 2148 2151 2151 2150 2150 2151 2151 2152 2152 2152 2152 2151 2151 2153 2153 2153 2153 2151 2151 2154 2154 2153 2153 2154 2154 2155 2155 2155 2155 2154 2154 2156 2156 2156 2156 2154 2154 2157 2157 2156 2156 2157 2157 2158 2158 2158 2158 2157 2157 2159 2159 2159 2159 2157 2157 2160 2160 2159 2159 2160 2160 2161 2161 2161 2161 2160 2160 2162 2162 2162 2162 2160 2160 2163 2163 2162 2162 2163 2163 2164 2164 2165 2165 2166 2166 2167 2167 2166 2166 2165 2165 2168 2168 2168 2168 2165 2165 2169 2169 2168 2168 2169 2169 2170 2170 2170 2170 2169 2169 2171 2171 2171 2171 2169 2169 2172 2172 2171 2171 2172 2172 2173 2173 2174 2174 2175 2175 2176 2176 2174 2174 2176 2176 2172 2172 2172 2172 2176 2176 2177 2177 2172 2172 2177 2177 2173 2173 2175 2175 2174 2174 2178 2178 2178 2178 2174 2174 2179 2179 2178 2178 2179 2179 2180 2180 2180 2180 2179 2179 2181 2181 2181 2181 2179 2179 2182 2182 2181 2181 2182 2182 2183 2183 2183 2183 2182 2182 2184 2184 2184 2184 2182 2182 2185 2185 2184 2184 2185 2185 2186 2186 2186 2186 2185 2185 2187 2187 2187 2187 2185 2185 2188 2188 2187 2187 2188 2188 2189 2189 2189 2189 2188 2188 2190 2190 2190 2190 2188 2188 2191 2191 2190 2190 2191 2191 2192 2192 2192 2192 2191 2191 2193 2193 2193 2193 2191 2191 2194 2194 2193 2193 2194 2194 2195 2195 2195 2195 2194 2194 2196 2196 2196 2196 2194 2194 2197 2197 2196 2196 2197 2197 2198 2198 2198 2198 2197 2197 2199 2199 2199 2199 2197 2197 2200 2200 2199 2199 2200 2200 2201 2201 2201 2201 2200 2200 2202 2202 2202 2202 2200 2200 2203 2203 2202 2202 2203 2203 2204 2204 2204 2204 2203 2203 2205 2205 2204 2204 2205 2205 2206 2206 2091 2091 2090 2090 2207 2207 2090 2090 2208 2208 2207 2207 2207 2207 2208 2208 2209 2209 2207 2207 2209 2209 2205 2205 2205 2205 2209 2209 2210 2210 2205 2205 2210 2210 2206 2206 2211 2211 2092 2092 2212 2212 2211 2211 2213 2213 2092 2092 2092 2092 2213 2213 2214 2214 2092 2092 2214 2214 2090 2090 2215 2215 2216 2216 2217 2217 2217 2217 2216 2216 2218 2218 2217 2217 2218 2218 2212 2212 2212 2212 2218 2218 2219 2219 2212 2212 2219 2219 2211 2211 2220 2220 2221 2221 2215 2215 2215 2215 2221 2221 2222 2222 2215 2215 2222 2222 2216 2216 2223 2223 2224 2224 2225 2225 2225 2225 2224 2224 2226 2226 2225 2225 2226 2226 2220 2220 2220 2220 2226 2226 2227 2227 2220 2220 2227 2227 2221 2221 2228 2228 2229 2229 2036 2036 2036 2036 2229 2229 2230 2230 2036 2036 2230 2230 2231 2231 2231 2231 2230 2230 2232 2232 2231 2231 2232 2232 2223 2223 2223 2223 2232 2232 2233 2233 2223 2223 2233 2233 2224 2224 122 122 121 121 2036 2036 2036 2036 121 121 120 120 2036 2036 120 120 2228 2228 2228 2228 120 120 72 72 102 102 100 100 2234 2234 2234 2234 100 100 98 98 2235 2235 2082 2082 2236 2236 2083 2083 2085 2085 2237 2237 2238 2238 2089 2089 2239 2239 2239 2239 2089 2089 2088 2088 2239 2239 2088 2088 2235 2235 102 102 2234 2234 2240 2240 2240 2240 2234 2234 2241 2241 2240 2240 2241 2241 2242 2242 1820 1820 1821 1821 2242 2242 1825 1825 137 137 1823 1823 1821 1821 1823 1823 2242 2242 2242 2242 1823 1823 137 137 2242 2242 137 137 2240 2240 2240 2240 137 137 138 138 2240 2240 138 138 102 102 1808 1808 1807 1807 2243 2243 2243 2243 1807 1807 1806 1806 2243 2243 1806 1806 1227 1227 2235 2235 2236 2236 2239 2239 2239 2239 2236 2236 2243 2243 2239 2239 2243 2243 2238 2238 2238 2238 2243 2243 1227 1227 2238 2238 1227 1227 2244 2244 2244 2244 1227 1227 1226 1226 2244 2244 1226 1226 1809 1809 1815 1815 1814 1814 2245 2245 1809 1809 1815 1815 2244 2244 2244 2244 1815 1815 2245 2245 2244 2244 2245 2245 2238 2238 2238 2238 2245 2245 2241 2241 2238 2238 2241 2241 2089 2089 2089 2089 2241 2241 2234 2234 2089 2089 2234 2234 2087 2087 2087 2087 2234 2234 98 98 2087 2087 98 98 97 97 1814 1814 1812 1812 2245 2245 2245 2245 1812 1812 1811 1811 2245 2245 1811 1811 2241 2241 2241 2241 1811 1811 1816 1816 2241 2241 1816 1816 2242 2242 2242 2242 1816 1816 1818 1818 2242 2242 1818 1818 1820 1820 1805 1805 2246 2246 1800 1800 1800 1800 2246 2246 1801 1801 2083 2083 2237 2237 2084 2084 2084 2084 2237 2237 2246 2246 2084 2084 2246 2246 2078 2078 2078 2078 2246 2246 1805 1805 2078 2078 1805 1805 1803 1803 2085 2085 2086 2086 2237 2237 2237 2237 2086 2086 2077 2077 2237 2237 2077 2077 2246 2246 2246 2246 2077 2077 1229 1229 2246 2246 1229 1229 1801 1801 2082 2082 2084 2084 2236 2236 2236 2236 2084 2084 2078 2078 2236 2236 2078 2078 2243 2243 2243 2243 2078 2078 1802 1802 2243 2243 1802 1802 1808 1808 1233 1233 1232 1232 2247 2247 2079 2079 2081 2081 2086 2086 2086 2086 2081 2081 2247 2247 2086 2086 2247 2247 2077 2077 2077 2077 2247 2247 1232 1232 2077 2077 1232 1232 1230 1230 2071 2071 2248 2248 2249 2249 2249 2249 2248 2248 2250 2250 2249 2249 2250 2250 2251 2251 2251 2251 2250 2250 2252 2252 2251 2251 2252 2252 2253 2253 2253 2253 2252 2252 2254 2254 2248 2248 2067 2067 2250 2250 2250 2250 2067 2067 2070 2070 2250 2250 2070 2070 2252 2252 2252 2252 2070 2070 2069 2069 2252 2252 2069 2069 2254 2254 2254 2254 2069 2069 2255 2255 2256 2256 2076 2076 2257 2257 2257 2257 2076 2076 2075 2075 2257 2257 2075 2075 2258 2258 2259 2259 2260 2260 2261 2261 2262 2262 2263 2263 2264 2264 2261 2261 2260 2260 2065 2065 1796 1796 2255 2255 1797 1797 1797 1797 2255 2255 2069 2069 1797 1797 2069 2069 1798 1798 1798 1798 2069 2069 2068 2068 1798 1798 2068 2068 1238 1238 1238 1238 2068 2068 1239 1239 1784 1784 1790 1790 2265 2265 2265 2265 1790 1790 1789 1789 2265 2265 1789 1789 1787 1787 1786 1786 1785 1785 2067 2067 2067 2067 1785 1785 1784 1784 2067 2067 1784 1784 2070 2070 2070 2070 1784 1784 2265 2265 2070 2070 2265 2265 2068 2068 2068 2068 2265 2265 1787 1787 2068 2068 1787 1787 1239 1239 1772 1772 1771 1771 2266 2266 2266 2266 1771 1771 1777 1777 2266 2266 1777 1777 1775 1775 1775 1775 2267 2267 2266 2266 2266 2266 2267 2267 2073 2073 2266 2266 2073 2073 2268 2268 2268 2268 2073 2073 2072 2072 2268 2268 2072 2072 2074 2074 1764 1764 1767 1767 2256 2256 2256 2256 1767 1767 1766 1766 1766 1766 1242 1242 2256 2256 2256 2256 1242 1242 2269 2269 2256 2256 2269 2269 2076 2076 1242 1242 1241 1241 2269 2269 2269 2269 1241 1241 1769 1769 2269 2269 1769 1769 1773 1773 2074 2074 2076 2076 2268 2268 2268 2268 2076 2076 2269 2269 2268 2268 2269 2269 2266 2266 2266 2266 2269 2269 1773 1773 2266 2266 1773 1773 1772 1772 1775 1775 1780 1780 2267 2267 2267 2267 1780 1780 1779 1779 2267 2267 1779 1779 1778 1778 2071 2071 2073 2073 2248 2248 2248 2248 2073 2073 2267 2267 2248 2248 2267 2267 2067 2067 2067 2067 2267 2267 1778 1778 2067 2067 1778 1778 1782 1782 1755 1755 1754 1754 2270 2270 2270 2270 1754 1754 1762 1762 2270 2270 1762 1762 2271 2271 1750 1750 2272 2272 1752 1752 1752 1752 2272 2272 2273 2273 1750 1750 1749 1749 2272 2272 2272 2272 1749 1749 1758 1758 2272 2272 1758 1758 2270 2270 2270 2270 1758 1758 1757 1757 2270 2270 1757 1757 1755 1755 2261 2261 1742 1742 1741 1741 1245 1245 2066 2066 1745 1745 1741 1741 1745 1745 2261 2261 2261 2261 1745 1745 2066 2066 2261 2261 2066 2066 2259 2259 2259 2259 2066 2066 2274 2274 2259 2259 2274 2274 2275 2275 2275 2275 2274 2274 2276 2276 2275 2275 2276 2276 2277 2277 2277 2277 2276 2276 2278 2278 2277 2277 2278 2278 2279 2279 2279 2279 2278 2278 2280 2280 2279 2279 2280 2280 2281 2281 2281 2281 2280 2280 2258 2258 1733 1733 1731 1731 2264 2264 2264 2264 1731 1731 1730 1730 2260 2260 2262 2262 2065 2065 2065 2065 2262 2262 2264 2264 2065 2065 2264 2264 1735 1735 1735 1735 2264 2264 1730 1730 1737 1737 1740 1740 2065 2065 2065 2065 1740 1740 1739 1739 2065 2065 1739 1739 2261 2261 2261 2261 1739 1739 1743 1743 2261 2261 1743 1743 1742 1742 1746 1746 1748 1748 2273 2273 2273 2273 1748 1748 1753 1753 2273 2273 1753 1753 1752 1752 1244 1244 1746 1746 2066 2066 2066 2066 1746 1746 2273 2273 2066 2066 2273 2273 2274 2274 2274 2274 2273 2273 2272 2272 2274 2274 2272 2272 2276 2276 2276 2276 2272 2272 2270 2270 2276 2276 2270 2270 2278 2278 2278 2278 2270 2270 2271 2271 2278 2278 2271 2271 2280 2280 1762 1762 1760 1760 2271 2271 2271 2271 1760 1760 1759 1759 2271 2271 1759 1759 1765 1765 2258 2258 2280 2280 2257 2257 2257 2257 2280 2280 2271 2271 2257 2257 2271 2271 2256 2256 2256 2256 2271 2271 1765 1765 2256 2256 1765 1765 1764 1764 1796 1796 1795 1795 2255 2255 2255 2255 1795 1795 1793 1793 2255 2255 1793 1793 1792 1792 1236 1236 1235 1235 2247 2247 2247 2247 1235 1235 1920 1920 2247 2247 1920 1920 1233 1233 2080 2080 2253 2253 2081 2081 2081 2081 2253 2253 2254 2254 2081 2081 2254 2254 2247 2247 2247 2247 2254 2254 2255 2255 2247 2247 2255 2255 1236 1236 1236 1236 2255 2255 1792 1792 2060 2060 2282 2282 2283 2283 2060 2060 2283 2283 2061 2061 2061 2061 2283 2283 2284 2284 2061 2061 2284 2284 2285 2285 2286 2286 2287 2287 2288 2288 2288 2288 2287 2287 2289 2289 2288 2288 2289 2289 2053 2053 2290 2290 2055 2055 2291 2291 2291 2291 2055 2055 2054 2054 2291 2291 2054 2054 2050 2050 2292 2292 2293 2293 2294 2294 2294 2294 2293 2293 2295 2295 2294 2294 2295 2295 2296 2296 2296 2296 2295 2295 2297 2297 2296 2296 2297 2297 2298 2298 2298 2298 2297 2297 2299 2299 2298 2298 2299 2299 2051 2051 2300 2300 2047 2047 2301 2301 2302 2302 2303 2303 2097 2097 2097 2097 2303 2303 54 54 2097 2097 54 54 52 52 2300 2300 2040 2040 2304 2304 2304 2304 2040 2040 2039 2039 2304 2304 2039 2039 2305 2305 2048 2048 2302 2302 2044 2044 2044 2044 2302 2302 2097 2097 2044 2044 2097 2097 2042 2042 2042 2042 2097 2097 12 12 2293 2293 2037 2037 2295 2295 2295 2295 2037 2037 2306 2306 2295 2295 2306 2306 2297 2297 2297 2297 2306 2306 2307 2307 2297 2297 2307 2307 2299 2299 2299 2299 2307 2307 2308 2308 1725 1725 1723 1723 2309 2309 2309 2309 1723 1723 1722 1722 1722 1722 2310 2310 2309 2309 2309 2309 2310 2310 2311 2311 2309 2309 2311 2311 2312 2312 2312 2312 2311 2311 2313 2313 2312 2312 2313 2313 2062 2062 1718 1718 1717 1717 2314 2314 2314 2314 1717 1717 1715 1715 2314 2314 1715 1715 1714 1714 1714 1714 2315 2315 2314 2314 2314 2314 2315 2315 2064 2064 2314 2314 2064 2064 2316 2316 2316 2316 2064 2064 2063 2063 2316 2316 2063 2063 2056 2056 1714 1714 1719 1719 2315 2315 2315 2315 1719 1719 1721 1721 2315 2315 1721 1721 1726 1726 2062 2062 2064 2064 2312 2312 2312 2312 2064 2064 2315 2315 2312 2312 2315 2315 2309 2309 2309 2309 2315 2315 1726 1726 2309 2309 1726 1726 1725 1725 1708 1708 1707 1707 2317 2317 2317 2317 1707 1707 1706 1706 1706 1706 2318 2318 2317 2317 2317 2317 2318 2318 2058 2058 2317 2317 2058 2058 2319 2319 2319 2319 2058 2058 2057 2057 2319 2319 2057 2057 2059 2059 2284 2284 1698 1698 1247 1247 1710 1710 1709 1709 2285 2285 1247 1247 1249 1249 2284 2284 2284 2284 1249 1249 1704 1704 2284 2284 1704 1704 2285 2285 2285 2285 1704 1704 1703 1703 2285 2285 1703 1703 1710 1710 2059 2059 2061 2061 2319 2319 2319 2319 2061 2061 2285 2285 2319 2319 2285 2285 2317 2317 2317 2317 2285 2285 1709 1709 2317 2317 1709 1709 1708 1708 1706 1706 1711 1711 2318 2318 2318 2318 1711 1711 1713 1713 2318 2318 1713 1713 1906 1906 2056 2056 2058 2058 2316 2316 2316 2316 2058 2058 2318 2318 2316 2316 2318 2318 2314 2314 2314 2314 2318 2318 1906 1906 2314 2314 1906 1906 1718 1718 1691 1691 1693 1693 2286 2286 2286 2286 1693 1693 1694 1694 1694 1694 1695 1695 2286 2286 2286 2286 1695 1695 2320 2320 2286 2286 2320 2320 2287 2287 1677 1677 1682 1682 2290 2290 2290 2290 1682 1682 1684 1684 1684 1684 1686 1686 2290 2290 2290 2290 1686 1686 2321 2321 2290 2290 2321 2321 2055 2055 1686 1686 1687 1687 2321 2321 2321 2321 1687 1687 1690 1690 2321 2321 1690 1690 1689 1689 2053 2053 2055 2055 2288 2288 2288 2288 2055 2055 2321 2321 2288 2288 2321 2321 2286 2286 2286 2286 2321 2321 1689 1689 2286 2286 1689 1689 1691 1691 2308 2308 1250 1250 1676 1676 2051 2051 2299 2299 2052 2052 2052 2052 2299 2299 2308 2308 2052 2052 2308 2308 2322 2322 2322 2322 2308 2308 1676 1676 2322 2322 1676 1676 1963 1963 2323 2323 1670 1670 2324 2324 2324 2324 1670 1670 1253 1253 1253 1253 1675 1675 2324 2324 2324 2324 1675 1675 1674 1674 2324 2324 1674 1674 1672 1672 1963 1963 1681 1681 2322 2322 2322 2322 1681 1681 1680 1680 2322 2322 1680 1680 1678 1678 2050 2050 2052 2052 2291 2291 2291 2291 2052 2052 2322 2322 2291 2291 2322 2322 2290 2290 2290 2290 2322 2322 1678 1678 2290 2290 1678 1678 1677 1677 1695 1695 1697 1697 2320 2320 2320 2320 1697 1697 1701 1701 2320 2320 1701 1701 1700 1700 1259 1259 2038 2038 1260 1260 2325 2325 1260 1260 2326 2326 2326 2326 1260 1260 2038 2038 2326 2326 2038 2038 2327 2327 2327 2327 2038 2038 2046 2046 2327 2327 2046 2046 2328 2328 1646 1646 1645 1645 2329 2329 2329 2329 1645 1645 1651 1651 2329 2329 1651 1651 1650 1650 1644 1644 1642 1642 2330 2330 2330 2330 1642 1642 1641 1641 2330 2330 1641 1641 1648 1648 2047 2047 2049 2049 2301 2301 2301 2301 2049 2049 2330 2330 2301 2301 2330 2330 2329 2329 2329 2329 2330 2330 1648 1648 2329 2329 1648 1648 1646 1646 1636 1636 1635 1635 2043 2043 1636 1636 2043 2043 1638 1638 1631 1631 2021 2021 2096 2096 2096 2096 2021 2021 1263 1263 2096 2096 1263 1263 2042 2042 2042 2042 1263 1263 1262 1262 2042 2042 1262 1262 2043 2043 2043 2043 1262 1262 1640 1640 2043 2043 1640 1640 1638 1638 2048 2048 2044 2044 2049 2049 2049 2049 2044 2044 2043 2043 2049 2049 2043 2043 2330 2330 2330 2330 2043 2043 1635 1635 2330 2330 1635 1635 1644 1644 2300 2300 2301 2301 2040 2040 2040 2040 2301 2301 2329 2329 2040 2040 2329 2329 2041 2041 2041 2041 2329 2329 1650 1650 2041 2041 1650 1650 2331 2331 2331 2331 1650 1650 1652 1652 2331 2331 1652 1652 1654 1654 1657 1657 1656 1656 2325 2325 2325 2325 1656 1656 1655 1655 2325 2325 1655 1655 1260 1260 1654 1654 1657 1657 2331 2331 2331 2331 1657 1657 2325 2325 2331 2331 2325 2325 2041 2041 2041 2041 2325 2325 2326 2326 2041 2041 2326 2326 2039 2039 2039 2039 2326 2326 2327 2327 2039 2039 2327 2327 2305 2305 2305 2305 2327 2327 2328 2328 1663 1663 1662 1662 2045 2045 1663 1663 2045 2045 1661 1661 1658 1658 1257 1257 2038 2038 2038 2038 1257 1257 1256 1256 2038 2038 1256 1256 2045 2045 2045 2045 1256 1256 1659 1659 2045 2045 1659 1659 1661 1661 1665 1665 2037 2037 1666 1666 1668 1668 1667 1667 2323 2323 2323 2323 1667 1667 1671 1671 2323 2323 1671 1671 1670 1670 1669 1669 1668 1668 2037 2037 2037 2037 1668 1668 2323 2323 2037 2037 2323 2323 2306 2306 2306 2306 2323 2323 2324 2324 2306 2306 2324 2324 2307 2307 2307 2307 2324 2324 1672 1672 2307 2307 1672 1672 2308 2308 2308 2308 1672 1672 1251 1251 2308 2308 1251 1251 1250 1250 55 55 54 54 2332 2332 2332 2332 54 54 2303 2303 2332 2332 2303 2303 2333 2333 2333 2333 2303 2303 2302 2302 2333 2333 2302 2302 2334 2334 2334 2334 2302 2302 2048 2048 2334 2334 2048 2048 2335 2335 2335 2335 2048 2048 2047 2047 2335 2335 2047 2047 2336 2336 2336 2336 2047 2047 2300 2300 2336 2336 2300 2300 2337 2337 2337 2337 2300 2300 2304 2304 2337 2337 2304 2304 2338 2338 2338 2338 2304 2304 2305 2305 2338 2338 2305 2305 2339 2339 2339 2339 2305 2305 2328 2328 2339 2339 2328 2328 2292 2292 2292 2292 2328 2328 2046 2046 2292 2292 2046 2046 2293 2293 2293 2293 2046 2046 2045 2045 2293 2293 2045 2045 2037 2037 2037 2037 2045 2045 1662 1662 2037 2037 1662 1662 1666 1666 49 49 55 55 2100 2100 2100 2100 55 55 2332 2332 2100 2100 2332 2332 2102 2102 2102 2102 2332 2332 2333 2333 2102 2102 2333 2333 2104 2104 2104 2104 2333 2333 2334 2334 2104 2104 2334 2334 2107 2107 2107 2107 2334 2334 2335 2335 2107 2107 2335 2335 2110 2110 2110 2110 2335 2335 2336 2336 2110 2110 2336 2336 2113 2113 2113 2113 2336 2336 2337 2337 2113 2113 2337 2337 2119 2119 2119 2119 2337 2337 2338 2338 2119 2119 2338 2338 2117 2117 2117 2117 2338 2338 2339 2339 2117 2117 2339 2339 2340 2340 2340 2340 2339 2339 2292 2292 2340 2340 2292 2292 2341 2341 2341 2341 2292 2292 2294 2294 2341 2341 2294 2294 2342 2342 2342 2342 2294 2294 2296 2296 2342 2342 2296 2296 2343 2343 2343 2343 2296 2296 2298 2298 2343 2343 2298 2298 2344 2344 2344 2344 2298 2298 2051 2051 2344 2344 2051 2051 2345 2345 2345 2345 2051 2051 2050 2050 2345 2345 2050 2050 2346 2346 2346 2346 2050 2050 2054 2054 2346 2346 2054 2054 2347 2347 2347 2347 2054 2054 2053 2053 2347 2347 2053 2053 2348 2348 2348 2348 2053 2053 2289 2289 2348 2348 2289 2289 2282 2282 2282 2282 2289 2289 2287 2287 2282 2282 2287 2287 2283 2283 2283 2283 2287 2287 2320 2320 2283 2283 2320 2320 2284 2284 2284 2284 2320 2320 1700 1700 2284 2284 1700 1700 1698 1698 118 118 116 116 2349 2349 2349 2349 116 116 2036 2036 2349 2349 2036 2036 2350 2350 2350 2350 2036 2036 2231 2231 2350 2350 2231 2231 2351 2351 2351 2351 2231 2231 2223 2223 2351 2351 2223 2223 2352 2352 2352 2352 2223 2223 2225 2225 2352 2352 2225 2225 2353 2353 2353 2353 2225 2225 2220 2220 2353 2353 2220 2220 2354 2354 2354 2354 2220 2220 2215 2215 2354 2354 2215 2215 2355 2355 2355 2355 2215 2215 2217 2217 2355 2355 2217 2217 2356 2356 2356 2356 2217 2217 2212 2212 2356 2356 2212 2212 2357 2357 2357 2357 2212 2212 2092 2092 2357 2357 2092 2092 2358 2358 2358 2358 2092 2092 2091 2091 2358 2358 2091 2091 2359 2359 2359 2359 2091 2091 2207 2207 2359 2359 2207 2207 2360 2360 2360 2360 2207 2207 2205 2205 2360 2360 2205 2205 2361 2361 2361 2361 2205 2205 2203 2203 2361 2361 2203 2203 2362 2362 2362 2362 2203 2203 2200 2200 2362 2362 2200 2200 2363 2363 2363 2363 2200 2200 2197 2197 2363 2363 2197 2197 2364 2364 2364 2364 2197 2197 2194 2194 2364 2364 2194 2194 2365 2365 2365 2365 2194 2194 2191 2191 2365 2365 2191 2191 2366 2366 2366 2366 2191 2191 2188 2188 2366 2366 2188 2188 2367 2367 2367 2367 2188 2188 2185 2185 2367 2367 2185 2185 2368 2368 2368 2368 2185 2185 2182 2182 2368 2368 2182 2182 2369 2369 2369 2369 2182 2182 2179 2179 2369 2369 2179 2179 2370 2370 2370 2370 2179 2179 2174 2174 2370 2370 2174 2174 2371 2371 2371 2371 2174 2174 2172 2172 2371 2371 2172 2172 2372 2372 2372 2372 2172 2172 2169 2169 2372 2372 2169 2169 2373 2373 2373 2373 2169 2169 2165 2165 2373 2373 2165 2165 2163 2163 2163 2163 2165 2165 2167 2167 2163 2163 2167 2167 2164 2164 1722 1722 1727 1727 2310 2310 2310 2310 1727 1727 1729 1729 2310 2310 1729 1729 1734 1734 1734 1734 1733 1733 2310 2310 2310 2310 1733 1733 2264 2264 2310 2310 2264 2264 2311 2311 2311 2311 2264 2264 2263 2263 2311 2311 2263 2263 2313 2313 97 97 118 118 2087 2087 2087 2087 118 118 2349 2349 2087 2087 2349 2349 2088 2088 2088 2088 2349 2349 2350 2350 2088 2088 2350 2350 2235 2235 2235 2235 2350 2350 2351 2351 2235 2235 2351 2351 2082 2082 2082 2082 2351 2351 2352 2352 2082 2082 2352 2352 2083 2083 2083 2083 2352 2352 2353 2353 2083 2083 2353 2353 2085 2085 2085 2085 2353 2353 2354 2354 2085 2085 2354 2354 2079 2079 2079 2079 2354 2354 2355 2355 2079 2079 2355 2355 2080 2080 2080 2080 2355 2355 2356 2356 2080 2080 2356 2356 2253 2253 2253 2253 2356 2356 2357 2357 2253 2253 2357 2357 2251 2251 2251 2251 2357 2357 2358 2358 2251 2251 2358 2358 2249 2249 2249 2249 2358 2358 2359 2359 2249 2249 2359 2359 2071 2071 2071 2071 2359 2359 2360 2360 2071 2071 2360 2360 2072 2072 2072 2072 2360 2360 2361 2361 2072 2072 2361 2361 2074 2074 2074 2074 2361 2361 2362 2362 2074 2074 2362 2362 2075 2075 2075 2075 2362 2362 2363 2363 2075 2075 2363 2363 2258 2258 2258 2258 2363 2363 2364 2364 2258 2258 2364 2364 2281 2281 2281 2281 2364 2364 2365 2365 2281 2281 2365 2365 2279 2279 2279 2279 2365 2365 2366 2366 2279 2279 2366 2366 2277 2277 2277 2277 2366 2366 2367 2367 2277 2277 2367 2367 2275 2275 2275 2275 2367 2367 2368 2368 2275 2275 2368 2368 2259 2259 2259 2259 2368 2368 2369 2369 2259 2259 2369 2369 2260 2260 2260 2260 2369 2369 2370 2370 2260 2260 2370 2370 2262 2262 2262 2262 2370 2370 2371 2371 2262 2262 2371 2371 2263 2263 2263 2263 2371 2371 2372 2372 2263 2263 2372 2372 2313 2313 2313 2313 2372 2372 2373 2373 2313 2313 2373 2373 2062 2062 2062 2062 2373 2373 2163 2163 2062 2062 2163 2163 2063 2063 2063 2063 2163 2163 2160 2160 2063 2063 2160 2160 2056 2056 2056 2056 2160 2160 2157 2157 2056 2056 2157 2157 2057 2057 2057 2057 2157 2157 2154 2154 2057 2057 2154 2154 2059 2059 2059 2059 2154 2154 2151 2151 2059 2059 2151 2151 2060 2060 2060 2060 2151 2151 2148 2148 2060 2060 2148 2148 2282 2282 2282 2282 2148 2148 2145 2145 2282 2282 2145 2145 2348 2348 2348 2348 2145 2145 2143 2143 2348 2348 2143 2143 2347 2347 2347 2347 2143 2143 2095 2095 2347 2347 2095 2095 2346 2346 2346 2346 2095 2095 2138 2138 2346 2346 2138 2138 2345 2345 2345 2345 2138 2138 2136 2136 2345 2345 2136 2136 2344 2344 2344 2344 2136 2136 2134 2134 2344 2344 2134 2134 2343 2343 2343 2343 2134 2134 2132 2132 2343 2343 2132 2132 2342 2342 2342 2342 2132 2132 2129 2129 2342 2342 2129 2129 2341 2341 2341 2341 2129 2129 2126 2126 2341 2341 2126 2126 2340 2340 2340 2340 2126 2126 2122 2122 2340 2340 2122 2122 2117 2117 2117 2117 2122 2122 2124 2124 2117 2117 2124 2124 2115 2115 58 58 5 5 1629 1629 1629 1629 5 5 2374 2374 1629 1629 2374 2374 1628 1628 2375 2375 1620 1620 1619 1619 2375 2375 1619 1619 2376 2376 1619 1619 1623 1623 2376 2376 2376 2376 1623 1623 1625 1625 2376 2376 1625 1625 2374 2374 2374 2374 1625 1625 1626 1626 2374 2374 1626 1626 1628 1628 1611 1611 2377 2377 1612 1612 1612 1612 2377 2377 2378 2378 2379 2379 2380 2380 1606 1606 1606 1606 2380 2380 1608 1608 1606 1606 1605 1605 2379 2379 2379 2379 1605 1605 1615 1615 2379 2379 1615 1615 2378 2378 2378 2378 1615 1615 1614 1614 2378 2378 1614 1614 1612 1612 1611 1611 1617 1617 2377 2377 2377 2377 1617 1617 1616 1616 2377 2377 1616 1616 2375 2375 2375 2375 1616 1616 1622 1622 2375 2375 1622 1622 1620 1620 2381 2381 2382 2382 1601 1601 2383 2383 1604 1604 2382 2382 2382 2382 1604 1604 1603 1603 2382 2382 1603 1603 1601 1601 2384 2384 1593 1593 2385 2385 2385 2385 1593 1593 1592 1592 1589 1589 2386 2386 1583 1583 1583 1583 2386 2386 2387 2387 1583 1583 2387 2387 1584 1584 1584 1584 2387 2387 1585 1585 1589 1589 1588 1588 2386 2386 2386 2386 1588 1588 1587 1587 2386 2386 1587 1587 2384 2384 2384 2384 1587 1587 1595 1595 2384 2384 1595 1595 1593 1593 1592 1592 1591 1591 2385 2385 2385 2385 1591 1591 1590 1590 2385 2385 1590 1590 2388 2388 1590 1590 1599 1599 2388 2388 2388 2388 1599 1599 1597 1597 2388 2388 1597 1597 2383 2383 2383 2383 1597 1597 1596 1596 2383 2383 1596 1596 1604 1604 128 128 129 129 2389 2389 2389 2389 129 129 2387 2387 2389 2389 2387 2387 2390 2390 2390 2390 2387 2387 2386 2386 2390 2390 2386 2386 2391 2391 2391 2391 2386 2386 2384 2384 2391 2391 2384 2384 2392 2392 2392 2392 2384 2384 2385 2385 2392 2392 2385 2385 2393 2393 2393 2393 2385 2385 2388 2388 2393 2393 2388 2388 2394 2394 2394 2394 2388 2388 2383 2383 2394 2394 2383 2383 2395 2395 2395 2395 2383 2383 2382 2382 2395 2395 2382 2382 2396 2396 2396 2396 2382 2382 2381 2381 2396 2396 2381 2381 2397 2397 2397 2397 2381 2381 2380 2380 2397 2397 2380 2380 2398 2398 2398 2398 2380 2380 2379 2379 2398 2398 2379 2379 2399 2399 2399 2399 2379 2379 2378 2378 2399 2399 2378 2378 2400 2400 2400 2400 2378 2378 2377 2377 2400 2400 2377 2377 2401 2401 2401 2401 2377 2377 2375 2375 2401 2401 2375 2375 2402 2402 2402 2402 2375 2375 2376 2376 2402 2402 2376 2376 2403 2403 2403 2403 2376 2376 2374 2374 2403 2403 2374 2374 4 4 4 4 2374 2374 5 5 2404 2404 2405 2405 2406 2406 2406 2406 2405 2405 2407 2407 2406 2406 2407 2407 2408 2408 2407 2407 2409 2409 2408 2408 2408 2408 2409 2409 2410 2410 2408 2408 2410 2410 2411 2411 2411 2411 2410 2410 2412 2412 2411 2411 2412 2412 2413 2413 2413 2413 2412 2412 2414 2414 2413 2413 2414 2414 2415 2415 2415 2415 2414 2414 2416 2416 2415 2415 2416 2416 2417 2417 2417 2417 2416 2416 2418 2418 2417 2417 2418 2418 2419 2419 124 124 123 123 2420 2420 2420 2420 123 123 2419 2419 2420 2420 2419 2419 2421 2421 2421 2421 2419 2419 2418 2418 34 34 33 33 2422 2422 2422 2422 33 33 2423 2423 2422 2422 2423 2423 2424 2424 2425 2425 2426 2426 2427 2427 2427 2427 2426 2426 2428 2428 2427 2427 2428 2428 2429 2429 2423 2423 2430 2430 2424 2424 2424 2424 2430 2430 2431 2431 2424 2424 2431 2431 2432 2432 2432 2432 2431 2431 2433 2433 2432 2432 2433 2433 2425 2425 2425 2425 2433 2433 2434 2434 2425 2425 2434 2434 2426 2426 2428 2428 2435 2435 2429 2429 2429 2429 2435 2435 2436 2436 2429 2429 2436 2436 2437 2437 2437 2437 2436 2436 2438 2438 2437 2437 2438 2438 2404 2404 2404 2404 2438 2438 2439 2439 2404 2404 2439 2439 2405 2405 1585 1585 2387 2387 1586 1586 1586 1586 2387 2387 129 129 1586 1586 129 129 130 130 1601 1601 1600 1600 2381 2381 2381 2381 1600 1600 2380 2380 2380 2380 1600 1600 1610 1610 2380 2380 1610 1610 1608 1608 123 123 128 128 2419 2419 2419 2419 128 128 2389 2389 2419 2419 2389 2389 2417 2417 2417 2417 2389 2389 2390 2390 2417 2417 2390 2390 2415 2415 2415 2415 2390 2390 2391 2391 2415 2415 2391 2391 2413 2413 2413 2413 2391 2391 2392 2392 2413 2413 2392 2392 2411 2411 2411 2411 2392 2392 2393 2393 2411 2411 2393 2393 2408 2408 2408 2408 2393 2393 2394 2394 2408 2408 2394 2394 2406 2406 2406 2406 2394 2394 2395 2395 2406 2406 2395 2395 2404 2404 2404 2404 2395 2395 2396 2396 2404 2404 2396 2396 2437 2437 2437 2437 2396 2396 2397 2397 2437 2437 2397 2397 2429 2429 2429 2429 2397 2397 2398 2398 2429 2429 2398 2398 2427 2427 2427 2427 2398 2398 2399 2399 2427 2427 2399 2399 2425 2425 2425 2425 2399 2399 2400 2400 2425 2425 2400 2400 2432 2432 2432 2432 2400 2400 2401 2401 2432 2432 2401 2401 2424 2424 2424 2424 2401 2401 2402 2402 2424 2424 2402 2402 2422 2422 2422 2422 2402 2402 2403 2403 2422 2422 2403 2403 34 34 34 34 2403 2403 4 4 201 201 40 40 1 1 201 201 1 1 198 198 198 198 1 1 0 0 198 198 0 0 205 205 38 38 46 46 202 202 0 0 39 39 205 205 205 205 39 39 38 38 205 205 38 38 204 204 204 204 38 38 202 202 2233 2233 2440 2440 2224 2224 2224 2224 2440 2440 2441 2441 2224 2224 2441 2441 2226 2226 46 46 2099 2099 202 202 202 202 2099 2099 2098 2098 202 202 2098 2098 2442 2442 2442 2442 2098 2098 2101 2101 2442 2442 2101 2101 2443 2443 2443 2443 2101 2101 2444 2444 2444 2444 2101 2101 2103 2103 2444 2444 2103 2103 2445 2445 2445 2445 2103 2103 2105 2105 2445 2445 2105 2105 2446 2446 2226 2226 2441 2441 2227 2227 2227 2227 2441 2441 2447 2447 2227 2227 2447 2447 2221 2221 2221 2221 2447 2447 2448 2448 2221 2221 2448 2448 2222 2222 72 72 151 151 2228 2228 2228 2228 151 151 2449 2449 2228 2228 2449 2449 2229 2229 2229 2229 2449 2449 2450 2450 2229 2229 2450 2450 2230 2230 2230 2230 2450 2450 2451 2451 2230 2230 2451 2451 2232 2232 2232 2232 2451 2451 2452 2452 2232 2232 2452 2452 2233 2233 2233 2233 2452 2452 2453 2453 2233 2233 2453 2453 2440 2440 2454 2454 2455 2455 2171 2171 2167 2167 2166 2166 2456 2456 2456 2456 2166 2166 2168 2168 2456 2456 2168 2168 2455 2455 2455 2455 2168 2168 2170 2170 2455 2455 2170 2170 2171 2171 2456 2456 2457 2457 2167 2167 2167 2167 2457 2457 2458 2458 2167 2167 2458 2458 2164 2164 2171 2171 2173 2173 2454 2454 2454 2454 2173 2173 2177 2177 2454 2454 2177 2177 2459 2459 2459 2459 2177 2177 2176 2176 2459 2459 2176 2176 2460 2460 2460 2460 2176 2176 2175 2175 2460 2460 2175 2175 2461 2461 2461 2461 2175 2175 2178 2178 2461 2461 2178 2178 2462 2462 2462 2462 2178 2178 2180 2180 2462 2462 2180 2180 2463 2463 2164 2164 2458 2458 2162 2162 2162 2162 2458 2458 2464 2464 2162 2162 2464 2464 2161 2161 2161 2161 2464 2464 2465 2465 2161 2161 2465 2465 2159 2159 2159 2159 2465 2465 2466 2466 2159 2159 2466 2466 2158 2158 2180 2180 2181 2181 2463 2463 2463 2463 2181 2181 2183 2183 2463 2463 2183 2183 2467 2467 2467 2467 2183 2183 2184 2184 2467 2467 2184 2184 2468 2468 2468 2468 2184 2184 2186 2186 2468 2468 2186 2186 2469 2469 2470 2470 2471 2471 2125 2125 2158 2158 2466 2466 2156 2156 2156 2156 2466 2466 2472 2472 2156 2156 2472 2472 2155 2155 2155 2155 2472 2472 2473 2473 2155 2155 2473 2473 2153 2153 2153 2153 2473 2473 2474 2474 2153 2153 2474 2474 2152 2152 2186 2186 2187 2187 2469 2469 2469 2469 2187 2187 2189 2189 2469 2469 2189 2189 2475 2475 2475 2475 2189 2189 2476 2476 2152 2152 2474 2474 2150 2150 2150 2150 2474 2474 2477 2477 2150 2150 2477 2477 2149 2149 2149 2149 2477 2477 2478 2478 2149 2149 2478 2478 2147 2147 2189 2189 2190 2190 2476 2476 2476 2476 2190 2190 2192 2192 2476 2476 2192 2192 2479 2479 2479 2479 2192 2192 2193 2193 2479 2479 2193 2193 2480 2480 2480 2480 2193 2193 2195 2195 2480 2480 2195 2195 2481 2481 2482 2482 2144 2144 2146 2146 2195 2195 2196 2196 2481 2481 2481 2481 2196 2196 2198 2198 2481 2481 2198 2198 2483 2483 2483 2483 2198 2198 2199 2199 2483 2483 2199 2199 2484 2484 2484 2484 2199 2199 2201 2201 2484 2484 2201 2201 2485 2485 2125 2125 2471 2471 2123 2123 2147 2147 2478 2478 2146 2146 2146 2146 2478 2478 2486 2486 2146 2146 2486 2486 2482 2482 2471 2471 2487 2487 2123 2123 2123 2123 2487 2487 2488 2488 2123 2123 2488 2488 2124 2124 2124 2124 2488 2488 2489 2489 2124 2124 2489 2489 2115 2115 2093 2093 2490 2490 2094 2094 2094 2094 2490 2490 2491 2491 2144 2144 2482 2482 2142 2142 2142 2142 2482 2482 2492 2492 2142 2142 2492 2492 2093 2093 2093 2093 2492 2492 2493 2493 2093 2093 2493 2493 2490 2490 2118 2118 2494 2494 2495 2495 2494 2494 2118 2118 2489 2489 2489 2489 2118 2118 2116 2116 2489 2489 2116 2116 2115 2115 2201 2201 2202 2202 2485 2485 2485 2485 2202 2202 2204 2204 2485 2485 2204 2204 2496 2496 2496 2496 2204 2204 2497 2497 2105 2105 2106 2106 2446 2446 2446 2446 2106 2106 2108 2108 2446 2446 2108 2108 2498 2498 2498 2498 2108 2108 2109 2109 2498 2498 2109 2109 2499 2499 2499 2499 2109 2109 2111 2111 2499 2499 2111 2111 2500 2500 2500 2500 2111 2111 2112 2112 2500 2500 2112 2112 2501 2501 2501 2501 2112 2112 2114 2114 2501 2501 2114 2114 2502 2502 2502 2502 2114 2114 2121 2121 2502 2502 2121 2121 2495 2495 2495 2495 2121 2121 2120 2120 2495 2495 2120 2120 2118 2118 2204 2204 2206 2206 2497 2497 2497 2497 2206 2206 2210 2210 2497 2497 2210 2210 2503 2503 2503 2503 2210 2210 2209 2209 2503 2503 2209 2209 2504 2504 2504 2504 2209 2209 2208 2208 2504 2504 2208 2208 2505 2505 2505 2505 2208 2208 2090 2090 2505 2505 2090 2090 2506 2506 2506 2506 2090 2090 2214 2214 2125 2125 2127 2127 2470 2470 2470 2470 2127 2127 2128 2128 2470 2470 2128 2128 2507 2507 2507 2507 2128 2128 2130 2130 2507 2507 2130 2130 2508 2508 2508 2508 2130 2130 2509 2509 2135 2135 2137 2137 2510 2510 2510 2510 2137 2137 2141 2141 2510 2510 2141 2141 2511 2511 2511 2511 2141 2141 2140 2140 2511 2511 2140 2140 2491 2491 2491 2491 2140 2140 2139 2139 2491 2491 2139 2139 2094 2094 2214 2214 2213 2213 2506 2506 2506 2506 2213 2213 2211 2211 2506 2506 2211 2211 2512 2512 2512 2512 2211 2211 2219 2219 2512 2512 2219 2219 2513 2513 2513 2513 2219 2219 2218 2218 2513 2513 2218 2218 2514 2514 2514 2514 2218 2218 2216 2216 2130 2130 2131 2131 2509 2509 2509 2509 2131 2131 2133 2133 2509 2509 2133 2133 2515 2515 2515 2515 2133 2133 2135 2135 2515 2515 2135 2135 2516 2516 2516 2516 2135 2135 2510 2510 2448 2448 2517 2517 2222 2222 2222 2222 2517 2517 2518 2518 2222 2222 2518 2518 2216 2216 2216 2216 2518 2518 2519 2519 2216 2216 2519 2519 2514 2514 2520 2520 112 112 111 111 103 103 2521 2521 104 104 104 104 2521 2521 2520 2520 104 104 2520 2520 106 106 106 106 2520 2520 111 111 124 124 2522 2522 2523 2523 124 124 2523 2523 125 125 2523 2523 2524 2524 125 125 125 125 2524 2524 2525 2525 125 125 2525 2525 127 127 127 127 2525 2525 2526 2526 127 127 2526 2526 134 134 134 134 2526 2526 2527 2527 134 134 2527 2527 135 135 135 135 2527 2527 2528 2528 135 135 2528 2528 103 103 103 103 2528 2528 2529 2529 103 103 2529 2529 2521 2521 2530 2530 2531 2531 2428 2428 2428 2428 2531 2531 2532 2532 2428 2428 2532 2532 2435 2435 2435 2435 2532 2532 2533 2533 2435 2435 2533 2533 2436 2436 2436 2436 2533 2533 2534 2534 2436 2436 2534 2534 2438 2438 2438 2438 2534 2534 2535 2535 2438 2438 2535 2535 2439 2439 33 33 140 140 2423 2423 2423 2423 140 140 2536 2536 2423 2423 2536 2536 2430 2430 2430 2430 2536 2536 2537 2537 2430 2430 2537 2537 2431 2431 2431 2431 2537 2537 2538 2538 2431 2431 2538 2538 2433 2433 2538 2538 2539 2539 2433 2433 2433 2433 2539 2539 2540 2540 2433 2433 2540 2540 2434 2434 2434 2434 2540 2540 2530 2530 2434 2434 2530 2530 2426 2426 2426 2426 2530 2530 2428 2428 2535 2535 2541 2541 2439 2439 2439 2439 2541 2541 2542 2542 2439 2439 2542 2542 2405 2405 2405 2405 2542 2542 2543 2543 2405 2405 2543 2543 2407 2407 2407 2407 2543 2543 2544 2544 2407 2407 2544 2544 2409 2409 2544 2544 2545 2545 2409 2409 2409 2409 2545 2545 2546 2546 2409 2409 2546 2546 2410 2410 2410 2410 2546 2546 2547 2547 2410 2410 2547 2547 2412 2412 2412 2412 2547 2547 2548 2548 2412 2412 2548 2548 2414 2414 2414 2414 2548 2548 2549 2549 2414 2414 2549 2549 2416 2416 2549 2549 2550 2550 2416 2416 2416 2416 2550 2550 2551 2551 2416 2416 2551 2551 2418 2418 2522 2522 124 124 2552 2552 2552 2552 124 124 2420 2420 2552 2552 2420 2420 2421 2421 2551 2551 2553 2553 2418 2418 2418 2418 2553 2553 2554 2554 2418 2418 2554 2554 2421 2421 2421 2421 2554 2554 2555 2555 2421 2421 2555 2555 2552 2552 2556 2556 203 203 202 202 2557 2557 2558 2558 2559 2559 2560 2560 2561 2561 2562 2562 2563 2563 2564 2564 2565 2565 2566 2566 2567 2567 2568 2568 2569 2569 2570 2570 2571 2571 2572 2572 2573 2573 2574 2574 2574 2574 2573 2573 2575 2575 2574 2574 2575 2575 192 192 192 192 2575 2575 2576 2576 192 192 2576 2576 213 213 2577 2577 2578 2578 2579 2579 2579 2579 2578 2578 2580 2580 2579 2579 2580 2580 2581 2581 2581 2581 2582 2582 2579 2579 2579 2579 2582 2582 2583 2583 2579 2579 2583 2583 2584 2584 2583 2583 2585 2585 2584 2584 2584 2584 2585 2585 2586 2586 2584 2584 2586 2586 2574 2574 2574 2574 2586 2586 2587 2587 2574 2574 2587 2587 2572 2572 2588 2588 2589 2589 2590 2590 2590 2590 2589 2589 2591 2591 2590 2590 2591 2591 2592 2592 2588 2588 2590 2590 2593 2593 2593 2593 2590 2590 2594 2594 2593 2593 2594 2594 2595 2595 2591 2591 2596 2596 2592 2592 2592 2592 2596 2596 2597 2597 2592 2592 2597 2597 2577 2577 2577 2577 2597 2597 2598 2598 2577 2577 2598 2598 2578 2578 2599 2599 2600 2600 2601 2601 2601 2601 2600 2600 2602 2602 2601 2601 2602 2602 2594 2594 2594 2594 2602 2602 2603 2603 2594 2594 2603 2603 2595 2595 2604 2604 2605 2605 2606 2606 2606 2606 2605 2605 2607 2607 2608 2608 2609 2609 2610 2610 2610 2610 2609 2609 2611 2611 2610 2610 2611 2611 2612 2612 2612 2612 2613 2613 2610 2610 2610 2610 2613 2613 2614 2614 2610 2610 2614 2614 2607 2607 2607 2607 2614 2614 2615 2615 2607 2607 2615 2615 2606 2606 2616 2616 2617 2617 2618 2618 2618 2618 2617 2617 2619 2619 2618 2618 2619 2619 2620 2620 2621 2621 2622 2622 2623 2623 2623 2623 2622 2622 2624 2624 2623 2623 2624 2624 2625 2625 2625 2625 2624 2624 2626 2626 2626 2626 2627 2627 2625 2625 2625 2625 2627 2627 2628 2628 2625 2625 2628 2628 2616 2616 2616 2616 2628 2628 2629 2629 2616 2616 2629 2629 2617 2617 2620 2620 2630 2630 2618 2618 2618 2618 2630 2630 2631 2631 2618 2618 2631 2631 2608 2608 2608 2608 2631 2631 2632 2632 2608 2608 2632 2632 2609 2609 2633 2633 2634 2634 2635 2635 2635 2635 2634 2634 2636 2636 2637 2637 2638 2638 2639 2639 2639 2639 2638 2638 2640 2640 2639 2639 2640 2640 2641 2641 2641 2641 2642 2642 2639 2639 2639 2639 2642 2642 2643 2643 2639 2639 2643 2643 2633 2633 2633 2633 2643 2643 2644 2644 2633 2633 2644 2644 2634 2634 2645 2645 2646 2646 2647 2647 2645 2645 2647 2647 2648 2648 2649 2649 2650 2650 2651 2651 2651 2651 2650 2650 2652 2652 2650 2650 2653 2653 2652 2652 2652 2652 2653 2653 2654 2654 2652 2652 2654 2654 2645 2645 2645 2645 2654 2654 2655 2655 2645 2645 2655 2655 2646 2646 2647 2647 2656 2656 2648 2648 2648 2648 2656 2656 2657 2657 2648 2648 2657 2657 2637 2637 2637 2637 2657 2657 2658 2658 2637 2637 2658 2658 2638 2638 2636 2636 2659 2659 2635 2635 2635 2635 2659 2659 2660 2660 2635 2635 2660 2660 2623 2623 2623 2623 2660 2660 2661 2661 2623 2623 2661 2661 2621 2621 192 192 191 191 2574 2574 2574 2574 191 191 2662 2662 2574 2574 2662 2662 2584 2584 2584 2584 2662 2662 2663 2663 2584 2584 2663 2663 2579 2579 2579 2579 2663 2663 2664 2664 2579 2579 2664 2664 2577 2577 2577 2577 2664 2664 2665 2665 2577 2577 2665 2665 2592 2592 2592 2592 2665 2665 2666 2666 2592 2592 2666 2666 2590 2590 2590 2590 2666 2666 2667 2667 2590 2590 2667 2667 2594 2594 2594 2594 2667 2667 2668 2668 2594 2594 2668 2668 2601 2601 2601 2601 2668 2668 2669 2669 2601 2601 2669 2669 2605 2605 2605 2605 2669 2669 2670 2670 2605 2605 2670 2670 2607 2607 2607 2607 2670 2670 2671 2671 2607 2607 2671 2671 2610 2610 2610 2610 2671 2671 2672 2672 2610 2610 2672 2672 2608 2608 2608 2608 2672 2672 2673 2673 2608 2608 2673 2673 2618 2618 2618 2618 2673 2673 2674 2674 2618 2618 2674 2674 2616 2616 2616 2616 2674 2674 2675 2675 2616 2616 2675 2675 2625 2625 2625 2625 2675 2675 2676 2676 2625 2625 2676 2676 2623 2623 2623 2623 2676 2676 2677 2677 2623 2623 2677 2677 2635 2635 2635 2635 2677 2677 2678 2678 2635 2635 2678 2678 2633 2633 2633 2633 2678 2678 2679 2679 2633 2633 2679 2679 2639 2639 2639 2639 2679 2679 2680 2680 2639 2639 2680 2680 2637 2637 2637 2637 2680 2680 2681 2681 2637 2637 2681 2681 2648 2648 2648 2648 2681 2681 2682 2682 2648 2648 2682 2682 2645 2645 2645 2645 2682 2682 2683 2683 2645 2645 2683 2683 2652 2652 2652 2652 2683 2683 2684 2684 2652 2652 2684 2684 2651 2651 2651 2651 2684 2684 2685 2685 2651 2651 2685 2685 2686 2686 2604 2604 2687 2687 2605 2605 2605 2605 2687 2687 2688 2688 2605 2605 2688 2688 2689 2689 2689 2689 2690 2690 2605 2605 2605 2605 2690 2690 2691 2691 2605 2605 2691 2691 2601 2601 2601 2601 2691 2691 2692 2692 2601 2601 2692 2692 2599 2599 2693 2693 2694 2694 2695 2695 2695 2695 2694 2694 2696 2696 2695 2695 2696 2696 2697 2697 2698 2698 2699 2699 2700 2700 2700 2700 2699 2699 2701 2701 2698 2698 2702 2702 2703 2703 2703 2703 2702 2702 2704 2704 2703 2703 2704 2704 2693 2693 2571 2571 2570 2570 2705 2705 2705 2705 2570 2570 2706 2706 2705 2705 2706 2706 2707 2707 2708 2708 2709 2709 2710 2710 2710 2710 2709 2709 2711 2711 2710 2710 2711 2711 2712 2712 2712 2712 2711 2711 2713 2713 2712 2712 2713 2713 2714 2714 2707 2707 2715 2715 2716 2716 2716 2716 2715 2715 2717 2717 2716 2716 2717 2717 2718 2718 2719 2719 2720 2720 2721 2721 2722 2722 2719 2719 2565 2565 2723 2723 2724 2724 2725 2725 2726 2726 2727 2727 2728 2728 2725 2725 2724 2724 2729 2729 2729 2729 2724 2724 2730 2730 2729 2729 2730 2730 2562 2562 2721 2721 2720 2720 2731 2731 2568 2568 2567 2567 2732 2732 2732 2732 2567 2567 2733 2733 2732 2732 2733 2733 2708 2708 2685 2685 2697 2697 2686 2686 2686 2686 2697 2697 2696 2696 2686 2686 2696 2696 2734 2734 2734 2734 2696 2696 2735 2735 2704 2704 2736 2736 2737 2737 2693 2693 2704 2704 2694 2694 2694 2694 2704 2704 2737 2737 2694 2694 2737 2737 2738 2738 2738 2738 2739 2739 2694 2694 2694 2694 2739 2739 2740 2740 2694 2694 2740 2740 2696 2696 2696 2696 2740 2740 2741 2741 2696 2696 2741 2741 2735 2735 2698 2698 2700 2700 2702 2702 2702 2702 2700 2700 2742 2742 2702 2702 2742 2742 2743 2743 2744 2744 2745 2745 2717 2717 2717 2717 2745 2745 2701 2701 2717 2717 2701 2701 2718 2718 2718 2718 2701 2701 2699 2699 2745 2745 2746 2746 2701 2701 2701 2701 2746 2746 2747 2747 2701 2701 2747 2747 2700 2700 2700 2700 2747 2747 2748 2748 2700 2700 2748 2748 2742 2742 2743 2743 2749 2749 2702 2702 2702 2702 2749 2749 2750 2750 2702 2702 2750 2750 2704 2704 2704 2704 2750 2750 2751 2751 2704 2704 2751 2751 2736 2736 2706 2706 2752 2752 2753 2753 2707 2707 2706 2706 2715 2715 2715 2715 2706 2706 2753 2753 2715 2715 2753 2753 2754 2754 2570 2570 2755 2755 2756 2756 2570 2570 2756 2756 2706 2706 2706 2706 2756 2756 2757 2757 2706 2706 2757 2757 2752 2752 2733 2733 2758 2758 2759 2759 2708 2708 2733 2733 2709 2709 2709 2709 2733 2733 2759 2759 2709 2709 2759 2759 2760 2760 2760 2760 2761 2761 2709 2709 2709 2709 2761 2761 2762 2762 2709 2709 2762 2762 2711 2711 2711 2711 2762 2762 2763 2763 2711 2711 2763 2763 2764 2764 2571 2571 2714 2714 2569 2569 2569 2569 2714 2714 2713 2713 2569 2569 2713 2713 2765 2765 2764 2764 2766 2766 2711 2711 2711 2711 2766 2766 2767 2767 2711 2711 2767 2767 2713 2713 2713 2713 2767 2767 2768 2768 2713 2713 2768 2768 2765 2765 2765 2765 2769 2769 2569 2569 2569 2569 2769 2769 2770 2770 2569 2569 2770 2770 2570 2570 2570 2570 2770 2770 2771 2771 2570 2570 2771 2771 2755 2755 2754 2754 2772 2772 2715 2715 2715 2715 2772 2772 2773 2773 2715 2715 2773 2773 2717 2717 2717 2717 2773 2773 2774 2774 2717 2717 2774 2774 2744 2744 2719 2719 2721 2721 2565 2565 2565 2565 2721 2721 2775 2775 2565 2565 2775 2775 2563 2563 2564 2564 2776 2776 2565 2565 2565 2565 2776 2776 2566 2566 2565 2565 2566 2566 2722 2722 2722 2722 2566 2566 2568 2568 2777 2777 2778 2778 2725 2725 2725 2725 2778 2778 2731 2731 2725 2725 2731 2731 2723 2723 2723 2723 2731 2731 2720 2720 2777 2777 2725 2725 2779 2779 2779 2779 2725 2725 2729 2729 2779 2779 2729 2729 2780 2780 2781 2781 2782 2782 2728 2728 2728 2728 2782 2782 2783 2783 2728 2728 2783 2783 2784 2784 2730 2730 2726 2726 2562 2562 2562 2562 2726 2726 2728 2728 2562 2562 2728 2728 2560 2560 2560 2560 2728 2728 2784 2784 2561 2561 2785 2785 2562 2562 2562 2562 2785 2785 2786 2786 2562 2562 2786 2786 2729 2729 2729 2729 2786 2786 2787 2787 2729 2729 2787 2787 2780 2780 2778 2778 2788 2788 2731 2731 2731 2731 2788 2788 2789 2789 2731 2731 2789 2789 2721 2721 2721 2721 2789 2789 2790 2790 2721 2721 2790 2790 2775 2775 2791 2791 2567 2567 2792 2792 2792 2792 2567 2567 2566 2566 2792 2792 2566 2566 2793 2793 2793 2793 2566 2566 2776 2776 2791 2791 2794 2794 2567 2567 2567 2567 2794 2794 2795 2795 2567 2567 2795 2795 2796 2796 2796 2796 2797 2797 2567 2567 2567 2567 2797 2797 2798 2798 2567 2567 2798 2798 2733 2733 2733 2733 2798 2798 2799 2799 2733 2733 2799 2799 2758 2758 2800 2800 2801 2801 2462 2462 2462 2462 2463 2463 2800 2800 2800 2800 2463 2463 2467 2467 2800 2800 2467 2467 2802 2802 2802 2802 2467 2467 2468 2468 2802 2802 2468 2468 2803 2803 2804 2804 2459 2459 2805 2805 2805 2805 2459 2459 2460 2460 2805 2805 2460 2460 2801 2801 2801 2801 2460 2460 2461 2461 2801 2801 2461 2461 2462 2462 2806 2806 2807 2807 2480 2480 2808 2808 2496 2496 2809 2809 2809 2809 2496 2496 2497 2497 2809 2809 2497 2497 2810 2810 2480 2480 2481 2481 2806 2806 2806 2806 2481 2481 2483 2483 2806 2806 2483 2483 2811 2811 2811 2811 2483 2483 2484 2484 2811 2811 2484 2484 2808 2808 2808 2808 2484 2484 2485 2485 2808 2808 2485 2485 2496 2496 2468 2468 2469 2469 2803 2803 2803 2803 2469 2469 2475 2475 2803 2803 2475 2475 2812 2812 2812 2812 2475 2475 2476 2476 2812 2812 2476 2476 2807 2807 2807 2807 2476 2476 2479 2479 2807 2807 2479 2479 2480 2480 2514 2514 2813 2813 2814 2814 2815 2815 2816 2816 2447 2447 2447 2447 2441 2441 2815 2815 2815 2815 2441 2441 2440 2440 2815 2815 2440 2440 2817 2817 2440 2440 2453 2453 2817 2817 2817 2817 2453 2453 2452 2452 2817 2817 2452 2452 2818 2818 2818 2818 2452 2452 2451 2451 2818 2818 2451 2451 2559 2559 2514 2514 2519 2519 2813 2813 2813 2813 2519 2519 2518 2518 2813 2813 2518 2518 2819 2819 2819 2819 2518 2518 2517 2517 2819 2819 2517 2517 2816 2816 2816 2816 2517 2517 2448 2448 2816 2816 2448 2448 2447 2447 2820 2820 2512 2512 2814 2814 2814 2814 2512 2512 2513 2513 2814 2814 2513 2513 2514 2514 2497 2497 2503 2503 2810 2810 2810 2810 2503 2503 2504 2504 2810 2810 2504 2504 2821 2821 2821 2821 2504 2504 2505 2505 2821 2821 2505 2505 2820 2820 2820 2820 2505 2505 2506 2506 2820 2820 2506 2506 2512 2512 151 151 2557 2557 2449 2449 2449 2449 2557 2557 2559 2559 2449 2449 2559 2559 2450 2450 2450 2450 2559 2559 2451 2451 2822 2822 2823 2823 2445 2445 202 202 2442 2442 2556 2556 2556 2556 2442 2442 2443 2443 2556 2556 2443 2443 2823 2823 2823 2823 2443 2443 2444 2444 2823 2823 2444 2444 2445 2445 2824 2824 2501 2501 2825 2825 2825 2825 2501 2501 2502 2502 2825 2825 2502 2502 2826 2826 2445 2445 2446 2446 2822 2822 2822 2822 2446 2446 2498 2498 2822 2822 2498 2498 2827 2827 2827 2827 2498 2498 2499 2499 2827 2827 2499 2499 2824 2824 2824 2824 2499 2499 2500 2500 2824 2824 2500 2500 2501 2501 2502 2502 2495 2495 2826 2826 2826 2826 2495 2495 2494 2494 2826 2826 2494 2494 2828 2828 2829 2829 2471 2471 2830 2830 2830 2830 2471 2471 2470 2470 2830 2830 2470 2470 2831 2831 2832 2832 2833 2833 2516 2516 2516 2516 2510 2510 2832 2832 2832 2832 2510 2510 2511 2511 2832 2832 2511 2511 2834 2834 2834 2834 2511 2511 2491 2491 2834 2834 2491 2491 2835 2835 2470 2470 2507 2507 2831 2831 2831 2831 2507 2507 2508 2508 2831 2831 2508 2508 2836 2836 2836 2836 2508 2508 2509 2509 2836 2836 2509 2509 2833 2833 2833 2833 2509 2509 2515 2515 2833 2833 2515 2515 2516 2516 2837 2837 2838 2838 2486 2486 2839 2839 2840 2840 2464 2464 2841 2841 2472 2472 2842 2842 2842 2842 2472 2472 2466 2466 2842 2842 2466 2466 2840 2840 2840 2840 2466 2466 2465 2465 2840 2840 2465 2465 2464 2464 2486 2486 2478 2478 2837 2837 2837 2837 2478 2478 2477 2477 2837 2837 2477 2477 2843 2843 2843 2843 2477 2477 2474 2474 2843 2843 2474 2474 2841 2841 2841 2841 2474 2474 2473 2473 2841 2841 2473 2473 2472 2472 2491 2491 2490 2490 2835 2835 2835 2835 2490 2490 2493 2493 2835 2835 2493 2493 2844 2844 2844 2844 2493 2493 2492 2492 2844 2844 2492 2492 2838 2838 2838 2838 2492 2492 2482 2482 2838 2838 2482 2482 2486 2486 2494 2494 2489 2489 2828 2828 2828 2828 2489 2489 2488 2488 2828 2828 2488 2488 2829 2829 2829 2829 2488 2488 2487 2487 2829 2829 2487 2487 2471 2471 2464 2464 2458 2458 2839 2839 2839 2839 2458 2458 2457 2457 2839 2839 2457 2457 2845 2845 2845 2845 2457 2457 2456 2456 2845 2845 2456 2456 2846 2846 2846 2846 2456 2456 2455 2455 2846 2846 2455 2455 2804 2804 2804 2804 2455 2455 2454 2454 2804 2804 2454 2454 2459 2459 2847 2847 2848 2848 2849 2849 2849 2849 2781 2781 2847 2847 2847 2847 2781 2781 2728 2728 2847 2847 2728 2728 2727 2727 2847 2847 2727 2727 2850 2850 2734 2734 2851 2851 2686 2686 2686 2686 2851 2851 2852 2852 2686 2686 2852 2852 2651 2651 2651 2651 2852 2852 2853 2853 2651 2651 2853 2853 2649 2649 2558 2558 2850 2850 2559 2559 2559 2559 2850 2850 2727 2727 2559 2559 2727 2727 2818 2818 2818 2818 2727 2727 2726 2726 2818 2818 2726 2726 2817 2817 2817 2817 2726 2726 2730 2730 2817 2817 2730 2730 2815 2815 2815 2815 2730 2730 2724 2724 2815 2815 2724 2724 2816 2816 2816 2816 2724 2724 2723 2723 2816 2816 2723 2723 2819 2819 2819 2819 2723 2723 2720 2720 2819 2819 2720 2720 2813 2813 2813 2813 2720 2720 2719 2719 2813 2813 2719 2719 2814 2814 2814 2814 2719 2719 2722 2722 2814 2814 2722 2722 2820 2820 2820 2820 2722 2722 2568 2568 2820 2820 2568 2568 2821 2821 2821 2821 2568 2568 2732 2732 2821 2821 2732 2732 2810 2810 2810 2810 2732 2732 2708 2708 2810 2810 2708 2708 2809 2809 2809 2809 2708 2708 2710 2710 2809 2809 2710 2710 2808 2808 2808 2808 2710 2710 2712 2712 2808 2808 2712 2712 2811 2811 2811 2811 2712 2712 2714 2714 2811 2811 2714 2714 2806 2806 2806 2806 2714 2714 2571 2571 2806 2806 2571 2571 2807 2807 2807 2807 2571 2571 2705 2705 2807 2807 2705 2705 2812 2812 2812 2812 2705 2705 2707 2707 2812 2812 2707 2707 2803 2803 2803 2803 2707 2707 2716 2716 2803 2803 2716 2716 2802 2802 2802 2802 2716 2716 2718 2718 2802 2802 2718 2718 2800 2800 2800 2800 2718 2718 2699 2699 2800 2800 2699 2699 2801 2801 2801 2801 2699 2699 2698 2698 2801 2801 2698 2698 2805 2805 2805 2805 2698 2698 2703 2703 2805 2805 2703 2703 2804 2804 2804 2804 2703 2703 2693 2693 2804 2804 2693 2693 2846 2846 2846 2846 2693 2693 2695 2695 2846 2846 2695 2695 2845 2845 2845 2845 2695 2695 2697 2697 2845 2845 2697 2697 2839 2839 2839 2839 2697 2697 2685 2685 2839 2839 2685 2685 2840 2840 2840 2840 2685 2685 2684 2684 2840 2840 2684 2684 2842 2842 2842 2842 2684 2684 2683 2683 2842 2842 2683 2683 2841 2841 2841 2841 2683 2683 2682 2682 2841 2841 2682 2682 2843 2843 2843 2843 2682 2682 2681 2681 2843 2843 2681 2681 2837 2837 2837 2837 2681 2681 2680 2680 2837 2837 2680 2680 2838 2838 2838 2838 2680 2680 2679 2679 2838 2838 2679 2679 2844 2844 2844 2844 2679 2679 2678 2678 2844 2844 2678 2678 2835 2835 2835 2835 2678 2678 2677 2677 2835 2835 2677 2677 2834 2834 2834 2834 2677 2677 2676 2676 2834 2834 2676 2676 2832 2832 2832 2832 2676 2676 2675 2675 2832 2832 2675 2675 2833 2833 2833 2833 2675 2675 2674 2674 2833 2833 2674 2674 2836 2836 2836 2836 2674 2674 2673 2673 2836 2836 2673 2673 2831 2831 2831 2831 2673 2673 2672 2672 2831 2831 2672 2672 2830 2830 2830 2830 2672 2672 2671 2671 2830 2830 2671 2671 2829 2829 2829 2829 2671 2671 2670 2670 2829 2829 2670 2670 2828 2828 2828 2828 2670 2670 2669 2669 2828 2828 2669 2669 2826 2826 2826 2826 2669 2669 2668 2668 2826 2826 2668 2668 2825 2825 2825 2825 2668 2668 2667 2667 2825 2825 2667 2667 2824 2824 2824 2824 2667 2667 2666 2666 2824 2824 2666 2666 2827 2827 2827 2827 2666 2666 2665 2665 2827 2827 2665 2665 2822 2822 2822 2822 2665 2665 2664 2664 2822 2822 2664 2664 2823 2823 2823 2823 2664 2664 2663 2663 2823 2823 2663 2663 2556 2556 2556 2556 2663 2663 2662 2662 2556 2556 2662 2662 203 203 203 203 2662 2662 191 191 2854 2854 2855 2855 2856 2856 2529 2529 2528 2528 2857 2857 2527 2527 2526 2526 2858 2858 2859 2859 2860 2860 2861 2861 2861 2861 2860 2860 2862 2862 2861 2861 2862 2862 2863 2863 2863 2863 2862 2862 2864 2864 2864 2864 2862 2862 2865 2865 2864 2864 2865 2865 2866 2866 2866 2866 2865 2865 2867 2867 2866 2866 2867 2867 2868 2868 2522 2522 2868 2868 2523 2523 2523 2523 2868 2868 2867 2867 2523 2523 2867 2867 2524 2524 2524 2524 2867 2867 2525 2525 112 112 2520 2520 2869 2869 2869 2869 2520 2520 2521 2521 153 153 150 150 2870 2870 2870 2870 150 150 149 149 2870 2870 149 149 148 148 2557 2557 151 151 2871 2871 2871 2871 151 151 152 152 2871 2871 152 152 153 153 2872 2872 2873 2873 2874 2874 2847 2847 2875 2875 2848 2848 2854 2854 2856 2856 2872 2872 2872 2872 2856 2856 2876 2876 2872 2872 2876 2876 2873 2873 2877 2877 2878 2878 2879 2879 2877 2877 2879 2879 2880 2880 2881 2881 2882 2882 2883 2883 2883 2883 2882 2882 2884 2884 2883 2883 2884 2884 2885 2885 2886 2886 2887 2887 2888 2888 2888 2888 2887 2887 2889 2889 2888 2888 2889 2889 2890 2890 2890 2890 2889 2889 2891 2891 2890 2890 2891 2891 2892 2892 2892 2892 2891 2891 2893 2893 2892 2892 2893 2893 2857 2857 2857 2857 2893 2893 2869 2869 2857 2857 2869 2869 2529 2529 2529 2529 2869 2869 2521 2521 2526 2526 2525 2525 2858 2858 2858 2858 2525 2525 2867 2867 2858 2858 2867 2867 2894 2894 2894 2894 2867 2867 2865 2865 2894 2894 2865 2865 2895 2895 2895 2895 2865 2865 2862 2862 2895 2895 2862 2862 2896 2896 2896 2896 2862 2862 2860 2860 2896 2896 2860 2860 2897 2897 2897 2897 2860 2860 2859 2859 2897 2897 2859 2859 2898 2898 2528 2528 2527 2527 2857 2857 2857 2857 2527 2527 2858 2858 2857 2857 2858 2858 2892 2892 2892 2892 2858 2858 2894 2894 2892 2892 2894 2894 2890 2890 2890 2890 2894 2894 2895 2895 2890 2890 2895 2895 2888 2888 2888 2888 2895 2895 2896 2896 2888 2888 2896 2896 2886 2886 2886 2886 2896 2896 2897 2897 2886 2886 2897 2897 2879 2879 2879 2879 2897 2897 2898 2898 2879 2879 2898 2898 2880 2880 2557 2557 2871 2871 2558 2558 2558 2558 2871 2871 2854 2854 2558 2558 2854 2854 2850 2850 2850 2850 2854 2854 2872 2872 2850 2850 2872 2872 2847 2847 2847 2847 2872 2872 2874 2874 2847 2847 2874 2874 2875 2875 153 153 2870 2870 2871 2871 2871 2871 2870 2870 2899 2899 2871 2871 2899 2899 2854 2854 2854 2854 2899 2899 2900 2900 2854 2854 2900 2900 2855 2855 2877 2877 2901 2901 2878 2878 2878 2878 2901 2901 2902 2902 2878 2878 2902 2902 2903 2903 2903 2903 2902 2902 2904 2904 2881 2881 2905 2905 2882 2882 2882 2882 2905 2905 2906 2906 2882 2882 2906 2906 2856 2856 2856 2856 2906 2906 2907 2907 2856 2856 2907 2907 2876 2876 2878 2878 2885 2885 2879 2879 2879 2879 2885 2885 2884 2884 2879 2879 2884 2884 2886 2886 2886 2886 2884 2884 2882 2882 2886 2886 2882 2882 2887 2887 2887 2887 2882 2882 2856 2856 2887 2887 2856 2856 2889 2889 2889 2889 2856 2856 2855 2855 2889 2889 2855 2855 2891 2891 2891 2891 2855 2855 2900 2900 2891 2891 2900 2900 2893 2893 2893 2893 2900 2900 2899 2899 2893 2893 2899 2899 2869 2869 2869 2869 2899 2899 2870 2870 2869 2869 2870 2870 112 112 112 112 2870 2870 148 148 2908 2908 175 175 174 174 2909 2909 2910 2910 2911 2911 2912 2912 2913 2913 2914 2914 2898 2898 2859 2859 2915 2915 2863 2863 2864 2864 2916 2916 140 140 164 164 2917 2917 2917 2917 164 164 166 166 2917 2917 166 166 159 159 2918 2918 2537 2537 2917 2917 2917 2917 2537 2537 2536 2536 2917 2917 2536 2536 140 140 2919 2919 2540 2540 2920 2920 2920 2920 2540 2540 2539 2539 2920 2920 2539 2539 2918 2918 2918 2918 2539 2539 2538 2538 2918 2918 2538 2538 2537 2537 2921 2921 2531 2531 2530 2530 2531 2531 2921 2921 2532 2532 2532 2532 2921 2921 2922 2922 2532 2532 2922 2922 2533 2533 2533 2533 2922 2922 2534 2534 2534 2534 2922 2922 2923 2923 2534 2534 2923 2923 2535 2535 2535 2535 2923 2923 2541 2541 2541 2541 2923 2923 2924 2924 2541 2541 2924 2924 2542 2542 2542 2542 2924 2924 2925 2925 2542 2542 2925 2925 2543 2543 2926 2926 2545 2545 2925 2925 2925 2925 2545 2545 2544 2544 2925 2925 2544 2544 2543 2543 2927 2927 2547 2547 2546 2546 2554 2554 2553 2553 2928 2928 2928 2928 2553 2553 2551 2551 2928 2928 2551 2551 2929 2929 2929 2929 2551 2551 2550 2550 2929 2929 2550 2550 2930 2930 2930 2930 2550 2550 2549 2549 2930 2930 2549 2549 2548 2548 2522 2522 2552 2552 2868 2868 2868 2868 2552 2552 2866 2866 2554 2554 2928 2928 2555 2555 2555 2555 2928 2928 2916 2916 2555 2555 2916 2916 2552 2552 2552 2552 2916 2916 2864 2864 2552 2552 2864 2864 2866 2866 2877 2877 2931 2931 2901 2901 2901 2901 2931 2931 2932 2932 2901 2901 2932 2932 2902 2902 2902 2902 2932 2932 2933 2933 2902 2902 2933 2933 2904 2904 2934 2934 2935 2935 2936 2936 2936 2936 2935 2935 2937 2937 2936 2936 2937 2937 2914 2914 2914 2914 2937 2937 2938 2938 2914 2914 2938 2938 2912 2912 2939 2939 2940 2940 2932 2932 2932 2932 2940 2940 2941 2941 2932 2932 2941 2941 2933 2933 2913 2913 2939 2939 2914 2914 2914 2914 2939 2939 2932 2932 2914 2914 2932 2932 2936 2936 2936 2936 2932 2932 2931 2931 2936 2936 2931 2931 2934 2934 2934 2934 2931 2931 2877 2877 2934 2934 2877 2877 2880 2880 2942 2942 2943 2943 2944 2944 2944 2944 2943 2943 2945 2945 2944 2944 2945 2945 2946 2946 2946 2946 2945 2945 2947 2947 2948 2948 2947 2947 2949 2949 2949 2949 2947 2947 2945 2945 2949 2949 2945 2945 2950 2950 2950 2950 2945 2945 2943 2943 2951 2951 2952 2952 2953 2953 2953 2953 2952 2952 2949 2949 2953 2953 2949 2949 2954 2954 2954 2954 2949 2949 2950 2950 2954 2954 2950 2950 2955 2955 2956 2956 2957 2957 2958 2958 2956 2956 2958 2958 2959 2959 2959 2959 2958 2958 2960 2960 2959 2959 2960 2960 2961 2961 2962 2962 2963 2963 2938 2938 2938 2938 2963 2963 2964 2964 2938 2938 2964 2964 2912 2912 2951 2951 2962 2962 2952 2952 2952 2952 2962 2962 2938 2938 2952 2952 2938 2938 2949 2949 2949 2949 2938 2938 2937 2937 2949 2949 2937 2937 2948 2948 2948 2948 2937 2937 2935 2935 2965 2965 2966 2966 2908 2908 2967 2967 2968 2968 2969 2969 175 175 2908 2908 168 168 168 168 2908 2908 2966 2966 168 168 2966 2966 170 170 2969 2969 2968 2968 2970 2970 2970 2970 2968 2968 2971 2971 2970 2970 2971 2971 2972 2972 2972 2972 2971 2971 2973 2973 2972 2972 2973 2973 2974 2974 2975 2975 2976 2976 2977 2977 2977 2977 2976 2976 2978 2978 2973 2973 2979 2979 2980 2980 2981 2981 2982 2982 2974 2974 2973 2973 2980 2980 2974 2974 2974 2974 2980 2980 2983 2983 2974 2974 2983 2983 2981 2981 2984 2984 2911 2911 2985 2985 2986 2986 2987 2987 2985 2985 2985 2985 2987 2987 2988 2988 2985 2985 2988 2988 2984 2984 2989 2989 2990 2990 2991 2991 2991 2991 2909 2909 2989 2989 2989 2989 2909 2909 2911 2911 2989 2989 2911 2911 2992 2992 2992 2992 2911 2911 2984 2984 2992 2992 2984 2984 2967 2967 2910 2910 2993 2993 2911 2911 2911 2911 2993 2993 2994 2994 2911 2911 2994 2994 2985 2985 2985 2985 2994 2994 2995 2995 2985 2985 2995 2995 2986 2986 2986 2986 2996 2996 2987 2987 2987 2987 2996 2996 2997 2997 2987 2987 2997 2997 2998 2998 2967 2967 2984 2984 2968 2968 2968 2968 2984 2984 2988 2988 2968 2968 2988 2988 2971 2971 2971 2971 2988 2988 2987 2987 2971 2971 2987 2987 2973 2973 2973 2973 2987 2987 2998 2998 2973 2973 2998 2998 2979 2979 159 159 158 158 2917 2917 2917 2917 158 158 2999 2999 2917 2917 2999 2999 2918 2918 2918 2918 2999 2999 3000 3000 2918 2918 3000 3000 2920 2920 2920 2920 3000 3000 3001 3001 2920 2920 3001 3001 2919 2919 2919 2919 3001 3001 3002 3002 2919 2919 3002 3002 3003 3003 3003 3003 3002 3002 3004 3004 3003 3003 3004 3004 3005 3005 3005 3005 3004 3004 3006 3006 3005 3005 3006 3006 3007 3007 3007 3007 3006 3006 2976 2976 3007 3007 2976 2976 3008 3008 3008 3008 2976 2976 2975 2975 3008 3008 2975 2975 2942 2942 2942 2942 2975 2975 2956 2956 2942 2942 2956 2956 2943 2943 2943 2943 2956 2956 2959 2959 2943 2943 2959 2959 2950 2950 2950 2950 2959 2959 2961 2961 2950 2950 2961 2961 2955 2955 2861 2861 2863 2863 3009 3009 3009 3009 2863 2863 2916 2916 3009 3009 2916 2916 3010 3010 3010 3010 2916 2916 2928 2928 3010 3010 2928 2928 3011 3011 3011 3011 2928 2928 2929 2929 3011 3011 2929 2929 3012 3012 3012 3012 2929 2929 2930 2930 3012 3012 2930 2930 2927 2927 2927 2927 2930 2930 2548 2548 2927 2927 2548 2548 2547 2547 2859 2859 2861 2861 2915 2915 2915 2915 2861 2861 3009 3009 2915 2915 3009 3009 3013 3013 3013 3013 3009 3009 3010 3010 3013 3013 3010 3010 3014 3014 3014 3014 3010 3010 3011 3011 3014 3014 3011 3011 3015 3015 3015 3015 3011 3011 3012 3012 3015 3015 3012 3012 3016 3016 3016 3016 3012 3012 2927 2927 3016 3016 2927 2927 2926 2926 2926 2926 2927 2927 2546 2546 2926 2926 2546 2546 2545 2545 176 176 2990 2990 172 172 172 172 2990 2990 2989 2989 172 172 2989 2989 174 174 174 174 2989 2989 2992 2992 174 174 2992 2992 2908 2908 2908 2908 2992 2992 2967 2967 2908 2908 2967 2967 2965 2965 2965 2965 2967 2967 2969 2969 2977 2977 3017 3017 2975 2975 2975 2975 3017 3017 3018 3018 2975 2975 3018 3018 2956 2956 2956 2956 3018 3018 3019 3019 2956 2956 3019 3019 2957 2957 158 158 170 170 2999 2999 2999 2999 170 170 2966 2966 2999 2999 2966 2966 3000 3000 3000 3000 2966 2966 2965 2965 3000 3000 2965 2965 3001 3001 3001 3001 2965 2965 2969 2969 3001 3001 2969 2969 3002 3002 3002 3002 2969 2969 2970 2970 3002 3002 2970 2970 3004 3004 3004 3004 2970 2970 2972 2972 3004 3004 2972 2972 3006 3006 3006 3006 2972 2972 2974 2974 3006 3006 2974 2974 2976 2976 2976 2976 2974 2974 2982 2982 2976 2976 2982 2982 2978 2978 2880 2880 2898 2898 2934 2934 2934 2934 2898 2898 2915 2915 2934 2934 2915 2915 2935 2935 2935 2935 2915 2915 3013 3013 2935 2935 3013 3013 2948 2948 2948 2948 3013 3013 3014 3014 2948 2948 3014 3014 2947 2947 2947 2947 3014 3014 3015 3015 2947 2947 3015 3015 2946 2946 2946 2946 3015 3015 3016 3016 2946 2946 3016 3016 2944 2944 2944 2944 3016 3016 2926 2926 2944 2944 2926 2926 2942 2942 2942 2942 2926 2926 2925 2925 2942 2942 2925 2925 3008 3008 3008 3008 2925 2925 2924 2924 3008 3008 2924 2924 3007 3007 3007 3007 2924 2924 2923 2923 3007 3007 2923 2923 3005 3005 3005 3005 2923 2923 2922 2922 3005 3005 2922 2922 3003 3003 3003 3003 2922 2922 2921 2921 3003 3003 2921 2921 2919 2919 2919 2919 2921 2921 2530 2530 2919 2919 2530 2530 2540 2540 3020 3020 3021 3021 3022 3022 3023 3023 3024 3024 3025 3025 3026 3026 3027 3027 3028 3028 3029 3029 3030 3030 3031 3031 3032 3032 3033 3033 3034 3034 3035 3035 3036 3036 3037 3037 3038 3038 3039 3039 3040 3040 3041 3041 3042 3042 3043 3043 3044 3044 3045 3045 3046 3046 3047 3047 3048 3048 3049 3049 3050 3050 3051 3051 3052 3052 3053 3053 3054 3054 3055 3055 3056 3056 3057 3057 3054 3054 3058 3058 3059 3059 3060 3060 3061 3061 3062 3062 3063 3063 3064 3064 3065 3065 3066 3066 3067 3067 3068 3068 3069 3069 3070 3070 3071 3071 3072 3072 3073 3073 3074 3074 3075 3075 3076 3076 3077 3077 3078 3078 3079 3079 3080 3080 3081 3081 3082 3082 3083 3083 3084 3084 2953 2953 2954 2954 3069 3069 2575 2575 3085 3085 3086 3086 2585 2585 2583 2583 3087 3087 2603 2603 2602 2602 3088 3088 2611 2611 2609 2609 3089 3089 2630 2630 2620 2620 3090 3090 2622 2622 3091 3091 2624 2624 2791 2791 2792 2792 3092 3092 2793 2793 2776 2776 3093 3093 2778 2778 2777 2777 3094 3094 2848 2848 2875 2875 3095 3095 3096 3096 3097 3097 3098 3098 3099 3099 3100 3100 3101 3101 3102 3102 3103 3103 3104 3104 3105 3105 3106 3106 3107 3107 3108 3108 3109 3109 3110 3110 3111 3111 3112 3112 3113 3113 3114 3114 3115 3115 3116 3116 3117 3117 3118 3118 3119 3119 3120 3120 3121 3121 3122 3122 3123 3123 3124 3124 3125 3125 3125 3125 3124 3124 3126 3126 3125 3125 3126 3126 3127 3127 3127 3127 3126 3126 3128 3128 3128 3128 3126 3126 3129 3129 3128 3128 3129 3129 3130 3130 3121 3121 3131 3131 3122 3122 3122 3122 3131 3131 3132 3132 3122 3122 3132 3132 3129 3129 3129 3129 3132 3132 3133 3133 3129 3129 3133 3133 3130 3130 284 284 3134 3134 3135 3135 3135 3135 3134 3134 3136 3136 288 288 287 287 286 286 290 290 289 289 288 288 242 242 241 241 3137 3137 3137 3137 241 241 290 290 290 290 288 288 3137 3137 3137 3137 288 288 286 286 3137 3137 286 286 285 285 3138 3138 3139 3139 3140 3140 3140 3140 3139 3139 3141 3141 3140 3140 3141 3141 3137 3137 3137 3137 3141 3141 3142 3142 3137 3137 3142 3142 242 242 3143 3143 3144 3144 3145 3145 3145 3145 3144 3144 3146 3146 3145 3145 3146 3146 3138 3138 3138 3138 3140 3140 3145 3145 3145 3145 3140 3140 3147 3147 3145 3145 3147 3147 3143 3143 3148 3148 3149 3149 3150 3150 3150 3150 3149 3149 3151 3151 3150 3150 3151 3151 3152 3152 3153 3153 3154 3154 3155 3155 3155 3155 3154 3154 3156 3156 3155 3155 3156 3156 3157 3157 3158 3158 3159 3159 3160 3160 3160 3160 3161 3161 3158 3158 3158 3158 3161 3161 3162 3162 3158 3158 3162 3162 3150 3150 3150 3150 3162 3162 3163 3163 3150 3150 3163 3163 3148 3148 3164 3164 3165 3165 3159 3159 3159 3159 3165 3165 3166 3166 3159 3159 3166 3166 3160 3160 3167 3167 3168 3168 3169 3169 3169 3169 3168 3168 3170 3170 3169 3169 3170 3170 3171 3171 3171 3171 3170 3170 3119 3119 3171 3171 3119 3119 3172 3172 3172 3172 3119 3119 3118 3118 3117 3117 3119 3119 3173 3173 3173 3173 3119 3119 3174 3174 3173 3173 3174 3174 3175 3175 3176 3176 3177 3177 3178 3178 3178 3178 3177 3177 3179 3179 3178 3178 3179 3179 3174 3174 3174 3174 3179 3179 3180 3180 3174 3174 3180 3180 3175 3175 3181 3181 3182 3182 3183 3183 3181 3181 3183 3183 3184 3184 3183 3183 3185 3185 3184 3184 3184 3184 3185 3185 3186 3186 3184 3184 3186 3186 3178 3178 3178 3178 3186 3186 3187 3187 3178 3178 3187 3187 3176 3176 3188 3188 3189 3189 3190 3190 3188 3188 3190 3190 3191 3191 3190 3190 3192 3192 3191 3191 3191 3191 3192 3192 3193 3193 3191 3191 3193 3193 3181 3181 3181 3181 3193 3193 3194 3194 3181 3181 3194 3194 3182 3182 3195 3195 3196 3196 3197 3197 3195 3195 3197 3197 3188 3188 3188 3188 3197 3197 3198 3198 3188 3188 3198 3198 3189 3189 3116 3116 3115 3115 3195 3195 3195 3195 3115 3115 3199 3199 3195 3195 3199 3199 3196 3196 3200 3200 3201 3201 3202 3202 3202 3202 3201 3201 3203 3203 3202 3202 3203 3203 3204 3204 3204 3204 3203 3203 3205 3205 3204 3204 3205 3205 3206 3206 3207 3207 3208 3208 3209 3209 3210 3210 3211 3211 3212 3212 3213 3213 3214 3214 3215 3215 3215 3215 3214 3214 3216 3216 3215 3215 3216 3216 3212 3212 3212 3212 3216 3216 3217 3217 3212 3212 3217 3217 3210 3210 3213 3213 3215 3215 3218 3218 3218 3218 3215 3215 3219 3219 3218 3218 3219 3219 3220 3220 3221 3221 3222 3222 3223 3223 3223 3223 3222 3222 3224 3224 3223 3223 3224 3224 3219 3219 3219 3219 3224 3224 3225 3225 3219 3219 3225 3225 3220 3220 3221 3221 3223 3223 3226 3226 3226 3226 3223 3223 3227 3227 3226 3226 3227 3227 3228 3228 3229 3229 3230 3230 3227 3227 3227 3227 3230 3230 3231 3231 3227 3227 3231 3231 3228 3228 3232 3232 3233 3233 3234 3234 3234 3234 3233 3233 3235 3235 3234 3234 3235 3235 3229 3229 3229 3229 3235 3235 3236 3236 3229 3229 3236 3236 3230 3230 3232 3232 3234 3234 3237 3237 3237 3237 3234 3234 3238 3238 3237 3237 3238 3238 3239 3239 3240 3240 3241 3241 3242 3242 3242 3242 3241 3241 3243 3243 3242 3242 3243 3243 3238 3238 3238 3238 3243 3243 3244 3244 3238 3238 3244 3244 3239 3239 3245 3245 3246 3246 3247 3247 3245 3245 3247 3247 3242 3242 3242 3242 3247 3247 3248 3248 3242 3242 3248 3248 3240 3240 3249 3249 3250 3250 3251 3251 3251 3251 3250 3250 3252 3252 3251 3251 3252 3252 3245 3245 3245 3245 3252 3252 3253 3253 3245 3245 3253 3253 3246 3246 3249 3249 3251 3251 3254 3254 3254 3254 3251 3251 3255 3255 3254 3254 3255 3255 3256 3256 3256 3256 3255 3255 3257 3257 3257 3257 3255 3255 3258 3258 3257 3257 3258 3258 3259 3259 3260 3260 3261 3261 3262 3262 3262 3262 3261 3261 3263 3263 3262 3262 3263 3263 3264 3264 3264 3264 3263 3263 3265 3265 3264 3264 3265 3265 3266 3266 3267 3267 3268 3268 3269 3269 3269 3269 3268 3268 3270 3270 3271 3271 3272 3272 3273 3273 3273 3273 3272 3272 3274 3274 3274 3274 3275 3275 3273 3273 3273 3273 3275 3275 3276 3276 3273 3273 3276 3276 3262 3262 3262 3262 3276 3276 3277 3277 3262 3262 3277 3277 3260 3260 3278 3278 3279 3279 3280 3280 3280 3280 3279 3279 3281 3281 3281 3281 3282 3282 3280 3280 3280 3280 3282 3282 3283 3283 3280 3280 3283 3283 3284 3284 3285 3285 3286 3286 3287 3287 3287 3287 3286 3286 3288 3288 3287 3287 3288 3288 3289 3289 3290 3290 3291 3291 3288 3288 3288 3288 3291 3291 3292 3292 3288 3288 3292 3292 3293 3293 3293 3293 3294 3294 3288 3288 3288 3288 3294 3294 3295 3295 3288 3288 3295 3295 3289 3289 3296 3296 3297 3297 3298 3298 3297 3297 3299 3299 3298 3298 3298 3298 3299 3299 3300 3300 3298 3298 3300 3300 3301 3301 3302 3302 3303 3303 3304 3304 3302 3302 3304 3304 3305 3305 3306 3306 3307 3307 3308 3308 3306 3306 3308 3308 3309 3309 3310 3310 3311 3311 3312 3312 3312 3312 3311 3311 3313 3313 3312 3312 3313 3313 3314 3314 3315 3315 3316 3316 3317 3317 3317 3317 3316 3316 3318 3318 3317 3317 3318 3318 3319 3319 3319 3319 3318 3318 3320 3320 3319 3319 3320 3320 3321 3321 3322 3322 3323 3323 3324 3324 3324 3324 3323 3323 3325 3325 3325 3325 3326 3326 3324 3324 3324 3324 3326 3326 3327 3327 3324 3324 3327 3327 3328 3328 3108 3108 3329 3329 3109 3109 3109 3109 3329 3329 3330 3330 3109 3109 3330 3330 3331 3331 3332 3332 3333 3333 3110 3110 3110 3110 3333 3333 3334 3334 3110 3110 3334 3334 3108 3108 3335 3335 3336 3336 3337 3337 3337 3337 3336 3336 3338 3338 3338 3338 3336 3336 3339 3339 3338 3338 3339 3339 3340 3340 3341 3341 3342 3342 3339 3339 3339 3339 3342 3342 3343 3343 3339 3339 3343 3343 3340 3340 3344 3344 3345 3345 3346 3346 3346 3346 3345 3345 3347 3347 3346 3346 3347 3347 3341 3341 3341 3341 3347 3347 3348 3348 3341 3341 3348 3348 3342 3342 3349 3349 3350 3350 3351 3351 3351 3351 3350 3350 3352 3352 3351 3351 3352 3352 3353 3353 3351 3351 3354 3354 3355 3355 3356 3356 3357 3357 3355 3355 3355 3355 3357 3357 3358 3358 3355 3355 3358 3358 3351 3351 3351 3351 3358 3358 3359 3359 3351 3351 3359 3359 3349 3349 3360 3360 3361 3361 3362 3362 3362 3362 3361 3361 3363 3363 3362 3362 3363 3363 3364 3364 3365 3365 3366 3366 3355 3355 3355 3355 3366 3366 3367 3367 3355 3355 3367 3367 3356 3356 3368 3368 3369 3369 3370 3370 3371 3371 3372 3372 3369 3369 3369 3369 3372 3372 3373 3373 3369 3369 3373 3373 3370 3370 3374 3374 3375 3375 3371 3371 3371 3371 3375 3375 3376 3376 3371 3371 3376 3376 3372 3372 3377 3377 3378 3378 3374 3374 3374 3374 3378 3378 3379 3379 3374 3374 3379 3379 3375 3375 3380 3380 3381 3381 3382 3382 3382 3382 3381 3381 3383 3383 3382 3382 3383 3383 3377 3377 3377 3377 3383 3383 3384 3384 3377 3377 3384 3384 3378 3378 3380 3380 3382 3382 3385 3385 3385 3385 3382 3382 3386 3386 3385 3385 3386 3386 3387 3387 3387 3387 3386 3386 3388 3388 3388 3388 3386 3386 3389 3389 3388 3388 3389 3389 3390 3390 3390 3390 3389 3389 3391 3391 3391 3391 3389 3389 3392 3392 3391 3391 3392 3392 3393 3393 3393 3393 3392 3392 3394 3394 3394 3394 3392 3392 3395 3395 3394 3394 3395 3395 3396 3396 3396 3396 3395 3395 3397 3397 3397 3397 3395 3395 3398 3398 3397 3397 3398 3398 3399 3399 3399 3399 3398 3398 3400 3400 3400 3400 3398 3398 3401 3401 3400 3400 3401 3401 3402 3402 3402 3402 3401 3401 3403 3403 3403 3403 3401 3401 3404 3404 3403 3403 3404 3404 3405 3405 3406 3406 3407 3407 3408 3408 3408 3408 3407 3407 3409 3409 3408 3408 3409 3409 3404 3404 3404 3404 3409 3409 3410 3410 3404 3404 3410 3410 3405 3405 3411 3411 3412 3412 3413 3413 3413 3413 3412 3412 3414 3414 3413 3413 3414 3414 3415 3415 3415 3415 3414 3414 3416 3416 3416 3416 3414 3414 3417 3417 3416 3416 3417 3417 3418 3418 3418 3418 3417 3417 3419 3419 3419 3419 3417 3417 3420 3420 3419 3419 3420 3420 3421 3421 3421 3421 3420 3420 3422 3422 3422 3422 3420 3420 3423 3423 3422 3422 3423 3423 3424 3424 3424 3424 3423 3423 3425 3425 3425 3425 3423 3423 3426 3426 3425 3425 3426 3426 3427 3427 3106 3106 3428 3428 3429 3429 3429 3429 3428 3428 3430 3430 3429 3429 3430 3430 3431 3431 3432 3432 3433 3433 3434 3434 3435 3435 3436 3436 3437 3437 3437 3437 3436 3436 3438 3438 3439 3439 3440 3440 3441 3441 3441 3441 3440 3440 3442 3442 3441 3441 3442 3442 3435 3435 3435 3435 3437 3437 3441 3441 3441 3441 3437 3437 3443 3443 3441 3441 3443 3443 3439 3439 3439 3439 3443 3443 3444 3444 3439 3439 3444 3444 3445 3445 3446 3446 3447 3447 3444 3444 3444 3444 3447 3447 3448 3448 3444 3444 3448 3448 3445 3445 3449 3449 3051 3051 3450 3450 3450 3450 3451 3451 3449 3449 3449 3449 3451 3451 3452 3452 3449 3449 3452 3452 3446 3446 3446 3446 3452 3452 3453 3453 3446 3446 3453 3453 3447 3447 3454 3454 3455 3455 3050 3050 3050 3050 3455 3455 3456 3456 3050 3050 3456 3456 3051 3051 3051 3051 3456 3456 3457 3457 3051 3051 3457 3457 3450 3450 3458 3458 3459 3459 3460 3460 3460 3460 3459 3459 3461 3461 3462 3462 3463 3463 3458 3458 3458 3458 3463 3463 3464 3464 3458 3458 3464 3464 3459 3459 3465 3465 3466 3466 3462 3462 3462 3462 3466 3466 3467 3467 3462 3462 3467 3467 3463 3463 3468 3468 3469 3469 3465 3465 3465 3465 3469 3469 3470 3470 3465 3465 3470 3470 3466 3466 3471 3471 3472 3472 3473 3473 3473 3473 3472 3472 3474 3474 3473 3473 3474 3474 3468 3468 3468 3468 3474 3474 3475 3475 3468 3468 3475 3475 3469 3469 3476 3476 3477 3477 3478 3478 3478 3478 3477 3477 3479 3479 3478 3478 3479 3479 3480 3480 3481 3481 3482 3482 3476 3476 3476 3476 3482 3482 3483 3483 3476 3476 3483 3483 3477 3477 3484 3484 3485 3485 3481 3481 3481 3481 3485 3485 3486 3486 3481 3481 3486 3486 3482 3482 3487 3487 3488 3488 3484 3484 3484 3484 3488 3488 3489 3489 3484 3484 3489 3489 3485 3485 3490 3490 3491 3491 3487 3487 3487 3487 3491 3491 3492 3492 3487 3487 3492 3492 3488 3488 3075 3075 3493 3493 3494 3494 3495 3495 3496 3496 3074 3074 3074 3074 3496 3496 3497 3497 3074 3074 3497 3497 3075 3075 3075 3075 3497 3497 3498 3498 3075 3075 3498 3498 3493 3493 3499 3499 3500 3500 3501 3501 3501 3501 3500 3500 3502 3502 3501 3501 3502 3502 3503 3503 3503 3503 3502 3502 3504 3504 3504 3504 3502 3502 3505 3505 3504 3504 3505 3505 3506 3506 3507 3507 3508 3508 3505 3505 3505 3505 3508 3508 3509 3509 3505 3505 3509 3509 3506 3506 3510 3510 3511 3511 3507 3507 3507 3507 3511 3511 3512 3512 3507 3507 3512 3512 3508 3508 3513 3513 3514 3514 3510 3510 3510 3510 3514 3514 3515 3515 3510 3510 3515 3515 3511 3511 3516 3516 3517 3517 3513 3513 3513 3513 3517 3517 3518 3518 3513 3513 3518 3518 3514 3514 3519 3519 3520 3520 3516 3516 3516 3516 3520 3520 3521 3521 3516 3516 3521 3521 3517 3517 3522 3522 3523 3523 3519 3519 3519 3519 3523 3523 3524 3524 3519 3519 3524 3524 3520 3520 3525 3525 3526 3526 3527 3527 3527 3527 3526 3526 3528 3528 3527 3527 3528 3528 3522 3522 3522 3522 3528 3528 3529 3529 3522 3522 3529 3529 3523 3523 3525 3525 3527 3527 3530 3530 3530 3530 3527 3527 3531 3531 3530 3530 3531 3531 3532 3532 3532 3532 3531 3531 3533 3533 3533 3533 3531 3531 3534 3534 3533 3533 3534 3534 3535 3535 3535 3535 3534 3534 3536 3536 3536 3536 3534 3534 3537 3537 3536 3536 3537 3537 3538 3538 3538 3538 3537 3537 3539 3539 3539 3539 3537 3537 3540 3540 3539 3539 3540 3540 3541 3541 3541 3541 3540 3540 3542 3542 3542 3542 3540 3540 3543 3543 3542 3542 3543 3543 3544 3544 3370 3370 3545 3545 3368 3368 3368 3368 3545 3545 3546 3546 3368 3368 3546 3546 3547 3547 3547 3547 3546 3546 3548 3548 3547 3547 3548 3548 3543 3543 3543 3543 3548 3548 3549 3549 3543 3543 3549 3549 3544 3544 2933 2933 2941 2941 3550 3550 2881 2881 2883 2883 3551 3551 3551 3551 2883 2883 2885 2885 3551 3551 2885 2885 3552 3552 2885 2885 2878 2878 3552 3552 3552 3552 2878 2878 2903 2903 3552 3552 2903 2903 3550 3550 3550 3550 2903 2903 2904 2904 3550 3550 2904 2904 2933 2933 2873 2873 2876 2876 3553 3553 2873 2873 3553 3553 2874 2874 2876 2876 2907 2907 3553 3553 3553 3553 2907 2907 2906 2906 3553 3553 2906 2906 3551 3551 3551 3551 2906 2906 2905 2905 3551 3551 2905 2905 2881 2881 3554 3554 2784 2784 2783 2783 2783 2783 2782 2782 3554 3554 3554 3554 2782 2782 2781 2781 3554 3554 2781 2781 2849 2849 2780 2780 2787 2787 3555 3555 3555 3555 2787 2787 2786 2786 3094 3094 2777 2777 3555 3555 3555 3555 2777 2777 2779 2779 3555 3555 2779 2779 2780 2780 3556 3556 2790 2790 3557 3557 3557 3557 2790 2790 2789 2789 3557 3557 2789 2789 3094 3094 3094 3094 2789 2789 2788 2788 3094 3094 2788 2788 2778 2778 2776 2776 2564 2564 3093 3093 3093 3093 2564 2564 2563 2563 3093 3093 2563 2563 3556 3556 3556 3556 2563 2563 2775 2775 3556 3556 2775 2775 2790 2790 3558 3558 3559 3559 2795 2795 2798 2798 2797 2797 3559 3559 3559 3559 2797 2797 2796 2796 3559 3559 2796 2796 2795 2795 3560 3560 2758 2758 2799 2799 2760 2760 2759 2759 3561 3561 2761 2761 3562 3562 2762 2762 2762 2762 3562 3562 3563 3563 2762 2762 3563 3563 2763 2763 2763 2763 3563 3563 2764 2764 2766 2766 3564 3564 2767 2767 2767 2767 3564 3564 3565 3565 2767 2767 3565 3565 2768 2768 3566 3566 2769 2769 3567 3567 3567 3567 2769 2769 2765 2765 2756 2756 2755 2755 3568 3568 3568 3568 2755 2755 2771 2771 3568 3568 2771 2771 3566 3566 3566 3566 2771 2771 2770 2770 3566 3566 2770 2770 2769 2769 2757 2757 3569 3569 2752 2752 2752 2752 3569 3569 3570 3570 2752 2752 3570 3570 2753 2753 2774 2774 2773 2773 3571 3571 3571 3571 2773 2773 2772 2772 3571 3571 2772 2772 3570 3570 3570 3570 2772 2772 2754 2754 3570 3570 2754 2754 2753 2753 3572 3572 3573 3573 2744 2744 3574 3574 2746 2746 3573 3573 3573 3573 2746 2746 2745 2745 3573 3573 2745 2745 2744 2744 2743 2743 2742 2742 3575 3575 3575 3575 2742 2742 2748 2748 3575 3575 2748 2748 3574 3574 3574 3574 2748 2748 2747 2747 3574 3574 2747 2747 2746 2746 2743 2743 3575 3575 2749 2749 2749 2749 3575 3575 3576 3576 2749 2749 3576 3576 2750 2750 2750 2750 3576 3576 2751 2751 2751 2751 3576 3576 3577 3577 2751 2751 3577 3577 2736 2736 3578 3578 2738 2738 3577 3577 3577 3577 2738 2738 2737 2737 3577 3577 2737 2737 2736 2736 3579 3579 2740 2740 3578 3578 3578 3578 2740 2740 2739 2739 3578 3578 2739 2739 2738 2738 3580 3580 2735 2735 3579 3579 3579 3579 2735 2735 2741 2741 3579 3579 2741 2741 2740 2740 3581 3581 2851 2851 3580 3580 3580 3580 2851 2851 2734 2734 3580 3580 2734 2734 2735 2735 2650 2650 2649 2649 3582 3582 3582 3582 2649 2649 2853 2853 3582 3582 2853 2853 3581 3581 3581 3581 2853 2853 2852 2852 3581 3581 2852 2852 2851 2851 2650 2650 3582 3582 2653 2653 2653 2653 3582 3582 3583 3583 2653 2653 3583 3583 2654 2654 3584 3584 2646 2646 3583 3583 3583 3583 2646 2646 2655 2655 3583 3583 2655 2655 2654 2654 3585 3585 2656 2656 3584 3584 3584 3584 2656 2656 2647 2647 3584 3584 2647 2647 2646 2646 3586 3586 2658 2658 3585 3585 3585 3585 2658 2658 2657 2657 3585 3585 2657 2657 2656 2656 2642 2642 2641 2641 3587 3587 3587 3587 2641 2641 2640 2640 3587 3587 2640 2640 3586 3586 3586 3586 2640 2640 2638 2638 3586 3586 2638 2638 2658 2658 2636 2636 2634 2634 3588 3588 3588 3588 2634 2634 2644 2644 3588 3588 2644 2644 2643 2643 2636 2636 3588 3588 2659 2659 2659 2659 3588 3588 3589 3589 2659 2659 3589 3589 2660 2660 3590 3590 2621 2621 3589 3589 3589 3589 2621 2621 2661 2661 3589 3589 2661 2661 2660 2660 2624 2624 3091 3091 2626 2626 2626 2626 3091 3091 3591 3591 2626 2626 3591 3591 2627 2627 2620 2620 2619 2619 3090 3090 3090 3090 2619 2619 2617 2617 3090 3090 2617 2617 3592 3592 3592 3592 2617 2617 2629 2629 3592 3592 2629 2629 3591 3591 3591 3591 2629 2629 2628 2628 3591 3591 2628 2628 2627 2627 2609 2609 2632 2632 3089 3089 3089 3089 2632 2632 2631 2631 3089 3089 2631 2631 3593 3593 3594 3594 3595 3595 2612 2612 3596 3596 3597 3597 2606 2606 2606 2606 2615 2615 3596 3596 3596 3596 2615 2615 2614 2614 3596 3596 2614 2614 3595 3595 3595 3595 2614 2614 2613 2613 3595 3595 2613 2613 2612 2612 2688 2688 2687 2687 3597 3597 3597 3597 2687 2687 2604 2604 3597 3597 2604 2604 2606 2606 3598 3598 2691 2691 2690 2690 2602 2602 2600 2600 3088 3088 3088 3088 2600 2600 2599 2599 3088 3088 2599 2599 3598 3598 3598 3598 2599 2599 2692 2692 3598 3598 2692 2692 2691 2691 2603 2603 3088 3088 2595 2595 2595 2595 3088 3088 3599 3599 2595 2595 3599 3599 2593 2593 3600 3600 2589 2589 3599 3599 3599 3599 2589 2589 2588 2588 3599 3599 2588 2588 2593 2593 3601 3601 2578 2578 2598 2598 2598 2598 2597 2597 3601 3601 3601 3601 2597 2597 2596 2596 3601 3601 2596 2596 3600 3600 3600 3600 2596 2596 2591 2591 3600 3600 2591 2591 2589 2589 2578 2578 3601 3601 2580 2580 2580 2580 3601 3601 3602 3602 2580 2580 3602 3602 2581 2581 2581 2581 3602 3602 2582 2582 2582 2582 3602 3602 3603 3603 2582 2582 3603 3603 2583 2583 2575 2575 2573 2573 3085 3085 3085 3085 2573 2573 2572 2572 3085 3085 2572 2572 2587 2587 3604 3604 212 212 213 213 3605 3605 189 189 188 188 188 188 183 183 3605 3605 3605 3605 183 183 185 185 3605 3605 185 185 3604 3604 3604 3604 185 185 187 187 3604 3604 187 187 212 212 155 155 3606 3606 179 179 179 179 3606 3606 3607 3607 179 179 3607 3607 178 178 178 178 3607 3607 177 177 155 155 154 154 3606 3606 3606 3606 154 154 162 162 3606 3606 162 162 161 161 177 177 3607 3607 176 176 176 176 3607 3607 3608 3608 176 176 3608 3608 2990 2990 2993 2993 2910 2910 3609 3609 3609 3609 2910 2910 2909 2909 3609 3609 2909 2909 2991 2991 3610 3610 2995 2995 3609 3609 3609 3609 2995 2995 2994 2994 3609 3609 2994 2994 2993 2993 2986 2986 3611 3611 2996 2996 2996 2996 3611 3611 2997 2997 2983 2983 2980 2980 3612 3612 3612 3612 2980 2980 2979 2979 3612 3612 2979 2979 3611 3611 3611 3611 2979 2979 2998 2998 3611 3611 2998 2998 2997 2997 2978 2978 3612 3612 2977 2977 2977 2977 3612 3612 3613 3613 2978 2978 2982 2982 3612 3612 3612 3612 2982 2982 2981 2981 3612 3612 2981 2981 2983 2983 3614 3614 2958 2958 2957 2957 3019 3019 3018 3018 3613 3613 3613 3613 3018 3018 3017 3017 3613 3613 3017 3017 2977 2977 2955 2955 2961 2961 3614 3614 3614 3614 2961 2961 2960 2960 3614 3614 2960 2960 2958 2958 3615 3615 2912 2912 3068 3068 3068 3068 2912 2912 2964 2964 2964 2964 2963 2963 3068 3068 3068 3068 2963 2963 2962 2962 3068 3068 2962 2962 3069 3069 3069 3069 2962 2962 2951 2951 3069 3069 2951 2951 2953 2953 2940 2940 2939 2939 3615 3615 3615 3615 2939 2939 2913 2913 3615 3615 2913 2913 2912 2912 3307 3307 3305 3305 3308 3308 3308 3308 3305 3305 3304 3304 3308 3308 3304 3304 3616 3616 3616 3616 3304 3304 3617 3617 3616 3616 3617 3617 3618 3618 3618 3618 3617 3617 3619 3619 3618 3618 3619 3619 3620 3620 3620 3620 3621 3621 3618 3618 3618 3618 3621 3621 3622 3622 3618 3618 3622 3622 3616 3616 3616 3616 3622 3622 3623 3623 3616 3616 3623 3623 3308 3308 3308 3308 3623 3623 3113 3113 3308 3308 3113 3113 3309 3309 3309 3309 3113 3113 3112 3112 3624 3624 3625 3625 3621 3621 3621 3621 3625 3625 3626 3626 3621 3621 3626 3626 3622 3622 3622 3622 3626 3626 3627 3627 3622 3622 3627 3627 3623 3623 3623 3623 3627 3627 3628 3628 3623 3623 3628 3628 3113 3113 3113 3113 3628 3628 3314 3314 3113 3113 3314 3314 3111 3111 3111 3111 3314 3314 3313 3313 3619 3619 3082 3082 3620 3620 3620 3620 3082 3082 3084 3084 3620 3620 3084 3084 3621 3621 3621 3621 3084 3084 3629 3629 3621 3621 3629 3629 3624 3624 3630 3630 3631 3631 3632 3632 3632 3632 3631 3631 3633 3633 3632 3632 3633 3633 3634 3634 3634 3634 3633 3633 3635 3635 3634 3634 3635 3635 3636 3636 3636 3636 3635 3635 3637 3637 3636 3636 3637 3637 3638 3638 3639 3639 3640 3640 3641 3641 3642 3642 3643 3643 3644 3644 3644 3644 3643 3643 3645 3645 3644 3644 3645 3645 3640 3640 3640 3640 3645 3645 3646 3646 3640 3640 3646 3646 3641 3641 3647 3647 3648 3648 3649 3649 3649 3649 3648 3648 3650 3650 3649 3649 3650 3650 3651 3651 3080 3080 3079 3079 3319 3319 3319 3319 3079 3079 3328 3328 3319 3319 3328 3328 3317 3317 3317 3317 3328 3328 3327 3327 3317 3317 3327 3327 3315 3315 3652 3652 3653 3653 3654 3654 3654 3654 3653 3653 3655 3655 3654 3654 3655 3655 3656 3656 3656 3656 3655 3655 3657 3657 3656 3656 3657 3657 3331 3331 3331 3331 3657 3657 3658 3658 3331 3331 3658 3658 3109 3109 3109 3109 3658 3658 3335 3335 3109 3109 3335 3335 3110 3110 3110 3110 3335 3335 3337 3337 3110 3110 3337 3337 3332 3332 3659 3659 3660 3660 3661 3661 3661 3661 3660 3660 3662 3662 3661 3661 3662 3662 3663 3663 3663 3663 3662 3662 3664 3664 3663 3663 3664 3664 3665 3665 3665 3665 3664 3664 3666 3666 3665 3665 3666 3666 3081 3081 3660 3660 3667 3667 3662 3662 3662 3662 3667 3667 3668 3668 3662 3662 3668 3668 3664 3664 3664 3664 3668 3668 3669 3669 3664 3664 3669 3669 3666 3666 3670 3670 3671 3671 3672 3672 3672 3672 3671 3671 3673 3673 3672 3672 3673 3673 3674 3674 3674 3674 3673 3673 3675 3675 3674 3674 3675 3675 3676 3676 3677 3677 3678 3678 3679 3679 3679 3679 3678 3678 3680 3680 3679 3679 3680 3680 3681 3681 3651 3651 3650 3650 3682 3682 3682 3682 3650 3650 3683 3683 3682 3682 3683 3683 3684 3684 3644 3644 3648 3648 3642 3642 3642 3642 3648 3648 3647 3647 3642 3642 3647 3647 3685 3685 3685 3685 3647 3647 3649 3649 3685 3685 3649 3649 3686 3686 3686 3686 3649 3649 3651 3651 3686 3686 3651 3651 3687 3687 3687 3687 3651 3651 3682 3682 3687 3687 3682 3682 3688 3688 3688 3688 3682 3682 3684 3684 3688 3688 3684 3684 3689 3689 3690 3690 3691 3691 3692 3692 3692 3692 3691 3691 3693 3693 3692 3692 3693 3693 3694 3694 3694 3694 3693 3693 3695 3695 3694 3694 3695 3695 3696 3696 3696 3696 3695 3695 3697 3697 3696 3696 3697 3697 3698 3698 3698 3698 3697 3697 3699 3699 3698 3698 3699 3699 3700 3700 3700 3700 3699 3699 3701 3701 3700 3700 3701 3701 3702 3702 3473 3473 3703 3703 3704 3704 3704 3704 3703 3703 3705 3705 3704 3704 3705 3705 3706 3706 3706 3706 3705 3705 3707 3707 3706 3706 3707 3707 3708 3708 3708 3708 3707 3707 3709 3709 3708 3708 3709 3709 3710 3710 3710 3710 3709 3709 3711 3711 3710 3710 3711 3711 3712 3712 3471 3471 3473 3473 3480 3480 3480 3480 3473 3473 3704 3704 3480 3480 3704 3704 3478 3478 3478 3478 3704 3704 3706 3706 3478 3478 3706 3706 3476 3476 3476 3476 3706 3706 3708 3708 3476 3476 3708 3708 3481 3481 3481 3481 3708 3708 3710 3710 3481 3481 3710 3710 3484 3484 3484 3484 3710 3710 3712 3712 3484 3484 3712 3712 3487 3487 3713 3713 3714 3714 3715 3715 3715 3715 3714 3714 3716 3716 3715 3715 3716 3716 3717 3717 3717 3717 3716 3716 3718 3718 3717 3717 3718 3718 3719 3719 3720 3720 3077 3077 3721 3721 3721 3721 3077 3077 3076 3076 3721 3721 3076 3076 3722 3722 3723 3723 3718 3718 3724 3724 3724 3724 3718 3718 3716 3716 3724 3724 3716 3716 3725 3725 3725 3725 3716 3716 3714 3714 3725 3725 3714 3714 3680 3680 3680 3680 3714 3714 3713 3713 3680 3680 3713 3713 3681 3681 3103 3103 3495 3495 3104 3104 3104 3104 3495 3495 3074 3074 3104 3104 3074 3074 3726 3726 3726 3726 3074 3074 3073 3073 3726 3726 3073 3073 3727 3727 3728 3728 3078 3078 3729 3729 3729 3729 3078 3078 3077 3077 3729 3729 3077 3077 3730 3730 3730 3730 3077 3077 3720 3720 3730 3730 3720 3720 3719 3719 3731 3731 3732 3732 3733 3733 3733 3733 3732 3732 3734 3734 3733 3733 3734 3734 3735 3735 3735 3735 3734 3734 3736 3736 3735 3735 3736 3736 3737 3737 3737 3737 3736 3736 3738 3738 3737 3737 3738 3738 3670 3670 3719 3719 3718 3718 3730 3730 3730 3730 3718 3718 3723 3723 3730 3730 3723 3723 3729 3729 3729 3729 3723 3723 3739 3739 3729 3729 3739 3739 3728 3728 3728 3728 3739 3739 3740 3740 3728 3728 3740 3740 3741 3741 3637 3637 3676 3676 3638 3638 3638 3638 3676 3676 3675 3675 3638 3638 3675 3675 3742 3742 3742 3742 3675 3675 3673 3673 3742 3742 3673 3673 3677 3677 3677 3677 3673 3673 3671 3671 3677 3677 3671 3671 3678 3678 3678 3678 3671 3671 3670 3670 3678 3678 3670 3670 3680 3680 3680 3680 3670 3670 3738 3738 3680 3680 3738 3738 3725 3725 3725 3725 3738 3738 3736 3736 3725 3725 3736 3736 3724 3724 3724 3724 3736 3736 3734 3734 3724 3724 3734 3734 3723 3723 3723 3723 3734 3734 3732 3732 3723 3723 3732 3732 3739 3739 3739 3739 3732 3732 3731 3731 3739 3739 3731 3731 3740 3740 3741 3741 3743 3743 3728 3728 3728 3728 3743 3743 3727 3727 3728 3728 3727 3727 3078 3078 3078 3078 3727 3727 3073 3073 3078 3078 3073 3073 3076 3076 3076 3076 3073 3073 3075 3075 3076 3076 3075 3075 3722 3722 3722 3722 3075 3075 3494 3494 3100 3100 3102 3102 3101 3101 3101 3101 3102 3102 3104 3104 3101 3101 3104 3104 3744 3744 3744 3744 3104 3104 3726 3726 3744 3744 3726 3726 3745 3745 3745 3745 3726 3726 3727 3727 3745 3745 3727 3727 3746 3746 3746 3746 3727 3727 3743 3743 3097 3097 3099 3099 3098 3098 3098 3098 3099 3099 3101 3101 3098 3098 3101 3101 3747 3747 3747 3747 3101 3101 3744 3744 3747 3747 3744 3744 3748 3748 3748 3748 3744 3744 3745 3745 3748 3748 3745 3745 3749 3749 3749 3749 3745 3745 3746 3746 3749 3749 3746 3746 3750 3750 3750 3750 3746 3746 3743 3743 3672 3672 3751 3751 3670 3670 3670 3670 3751 3751 3752 3752 3670 3670 3752 3752 3737 3737 3737 3737 3752 3752 3753 3753 3737 3737 3753 3753 3735 3735 3735 3735 3753 3753 3754 3754 3735 3735 3754 3754 3733 3733 3733 3733 3754 3754 3755 3755 3733 3733 3755 3755 3731 3731 3731 3731 3755 3755 3756 3756 3731 3731 3756 3756 3740 3740 3740 3740 3756 3756 3757 3757 3740 3740 3757 3757 3741 3741 3741 3741 3757 3757 3758 3758 3741 3741 3758 3758 3743 3743 3743 3743 3758 3758 3759 3759 3743 3743 3759 3759 3750 3750 3625 3625 3659 3659 3626 3626 3626 3626 3659 3659 3661 3661 3626 3626 3661 3661 3627 3627 3627 3627 3661 3661 3663 3663 3627 3627 3663 3663 3628 3628 3628 3628 3663 3663 3665 3665 3628 3628 3665 3665 3314 3314 3314 3314 3665 3665 3081 3081 3314 3314 3081 3081 3312 3312 3312 3312 3081 3081 3080 3080 3312 3312 3080 3080 3310 3310 3310 3310 3080 3080 3319 3319 3310 3310 3319 3319 3760 3760 3760 3760 3319 3319 3321 3321 3083 3083 3761 3761 3762 3762 3763 3763 3764 3764 3086 3086 3086 3086 3764 3764 2576 2576 3086 3086 2576 2576 2575 2575 3763 3763 3086 3086 3765 3765 3765 3765 3086 3086 3085 3085 3765 3765 3085 3085 3766 3766 3766 3766 3085 3085 2587 2587 3766 3766 2587 2587 3087 3087 3087 3087 2587 2587 2586 2586 3087 3087 2586 2586 2585 2585 3763 3763 3767 3767 3764 3764 3764 3764 3767 3767 3768 3768 3764 3764 3768 3768 3769 3769 213 213 2576 2576 3604 3604 3604 3604 2576 2576 3764 3764 3604 3604 3764 3764 3605 3605 3605 3605 3764 3764 3769 3769 3605 3605 3769 3769 189 189 189 189 3769 3769 3606 3606 189 189 3606 3606 190 190 190 190 3606 3606 161 161 2583 2583 3603 3603 3087 3087 3087 3087 3603 3603 3770 3770 3087 3087 3770 3770 3766 3766 3766 3766 3770 3770 3771 3771 3766 3766 3771 3771 3765 3765 3765 3765 3771 3771 3772 3772 3765 3765 3772 3772 3763 3763 3763 3763 3772 3772 3773 3773 3763 3763 3773 3773 3767 3767 2957 2957 3019 3019 3614 3614 3614 3614 3019 3019 3613 3613 3614 3614 3613 3613 3774 3774 3774 3774 3613 3613 3612 3612 3774 3774 3612 3612 3775 3775 3775 3775 3612 3612 3611 3611 3775 3775 3611 3611 3610 3610 3610 3610 3611 3611 2986 2986 3610 3610 2986 2986 2995 2995 3083 3083 3762 3762 3084 3084 3084 3084 3762 3762 3776 3776 3084 3084 3776 3776 3629 3629 3629 3629 3776 3776 3777 3777 3629 3629 3777 3777 3624 3624 3624 3624 3777 3777 3778 3778 3624 3624 3778 3778 3625 3625 3625 3625 3778 3778 3779 3779 3625 3625 3779 3779 3659 3659 3659 3659 3779 3779 3780 3780 3659 3659 3780 3780 3660 3660 3660 3660 3780 3780 3781 3781 3660 3660 3781 3781 3667 3667 3667 3667 3781 3781 3071 3071 3667 3667 3071 3071 3668 3668 3668 3668 3071 3071 3070 3070 3668 3668 3070 3070 3669 3669 3669 3669 3070 3070 3782 3782 3669 3669 3782 3782 3666 3666 3666 3666 3782 3782 3652 3652 3666 3666 3652 3652 3081 3081 3081 3081 3652 3652 3654 3654 3081 3081 3654 3654 3079 3079 3079 3079 3654 3654 3656 3656 3079 3079 3656 3656 3328 3328 3328 3328 3656 3656 3331 3331 3328 3328 3331 3331 3324 3324 3324 3324 3331 3331 3330 3330 3324 3324 3330 3330 3322 3322 3598 3598 3072 3072 3088 3088 3088 3088 3072 3072 3071 3071 3088 3088 3071 3071 3599 3599 3599 3599 3071 3071 3781 3781 3599 3599 3781 3781 3600 3600 3600 3600 3781 3781 3780 3780 3600 3600 3780 3780 3601 3601 3601 3601 3780 3780 3779 3779 3601 3601 3779 3779 3602 3602 3602 3602 3779 3779 3778 3778 3602 3602 3778 3778 3603 3603 3603 3603 3778 3778 3777 3777 3603 3603 3777 3777 3770 3770 3770 3770 3777 3777 3776 3776 3770 3770 3776 3776 3771 3771 3771 3771 3776 3776 3762 3762 3771 3771 3762 3762 3772 3772 3772 3772 3762 3762 3761 3761 3772 3772 3761 3761 3773 3773 2631 2631 2630 2630 3593 3593 3593 3593 2630 2630 3090 3090 3593 3593 3090 3090 3783 3783 3783 3783 3090 3090 3592 3592 2612 2612 2611 2611 3594 3594 3594 3594 2611 2611 3089 3089 3594 3594 3089 3089 3784 3784 3784 3784 3089 3089 3593 3593 3784 3784 3593 3593 3785 3785 3785 3785 3593 3593 3783 3783 3785 3785 3783 3783 3786 3786 3786 3786 3783 3783 3787 3787 3787 3787 3783 3783 3592 3592 3787 3787 3592 3592 3788 3788 3788 3788 3592 3592 3591 3591 3788 3788 3591 3591 3789 3789 3789 3789 3591 3591 3091 3091 3789 3789 3091 3091 3590 3590 3590 3590 3091 3091 2622 2622 3590 3590 2622 2622 2621 2621 2642 2642 3587 3587 2643 2643 2643 2643 3587 3587 3790 3790 2643 2643 3790 3790 3588 3588 3588 3588 3790 3790 3791 3791 3588 3588 3791 3791 3589 3589 3589 3589 3791 3791 3792 3792 3589 3589 3792 3792 3590 3590 3590 3590 3792 3792 3793 3793 3590 3590 3793 3793 3789 3789 3789 3789 3793 3793 3794 3794 3789 3789 3794 3794 3788 3788 3788 3788 3794 3794 3795 3795 3788 3788 3795 3795 3787 3787 3787 3787 3795 3795 3796 3796 3787 3787 3796 3796 3786 3786 2941 2941 2940 2940 3550 3550 3550 3550 2940 2940 3615 3615 3550 3550 3615 3615 3797 3797 3797 3797 3615 3615 3068 3068 3797 3797 3068 3068 3798 3798 3798 3798 3068 3068 3067 3067 3798 3798 3067 3067 3799 3799 2954 2954 2955 2955 3069 3069 3069 3069 2955 2955 3614 3614 3069 3069 3614 3614 3067 3067 3067 3067 3614 3614 3774 3774 3067 3067 3774 3774 3799 3799 3799 3799 3774 3774 3775 3775 3799 3799 3775 3775 3800 3800 3800 3800 3775 3775 3610 3610 3800 3800 3610 3610 3801 3801 3801 3801 3610 3610 3609 3609 3801 3801 3609 3609 3608 3608 3608 3608 3609 3609 2991 2991 3608 3608 2991 2991 2990 2990 2875 2875 2874 2874 3095 3095 3095 3095 2874 2874 3553 3553 3095 3095 3553 3553 3802 3802 2849 2849 3803 3803 3554 3554 3554 3554 3803 3803 3066 3066 3554 3554 3066 3066 2784 2784 2784 2784 3066 3066 3065 3065 2784 2784 3065 3065 2560 2560 2560 2560 3065 3065 2561 2561 3804 3804 3062 3062 3805 3805 3805 3805 3062 3062 3061 3061 3805 3805 3061 3061 3806 3806 3806 3806 3061 3061 3807 3807 3806 3806 3807 3807 3808 3808 3809 3809 3063 3063 3810 3810 3810 3810 3063 3063 3062 3062 3810 3810 3062 3062 3811 3811 3811 3811 3062 3062 3804 3804 3811 3811 3804 3804 3812 3812 3813 3813 3809 3809 3124 3124 3124 3124 3809 3809 3810 3810 3124 3124 3810 3810 3126 3126 3126 3126 3810 3810 3811 3811 3126 3126 3811 3811 3129 3129 3129 3129 3811 3811 3812 3812 3129 3129 3812 3812 3122 3122 3060 3060 3814 3814 3815 3815 3815 3815 3814 3814 3816 3816 3411 3411 3406 3406 3412 3412 3412 3412 3406 3406 3408 3408 3412 3412 3408 3408 3817 3817 3817 3817 3408 3408 3404 3404 3817 3817 3404 3404 3818 3818 3818 3818 3404 3404 3401 3401 3818 3818 3401 3401 3819 3819 3819 3819 3401 3401 3398 3398 3819 3819 3398 3398 3820 3820 3820 3820 3398 3398 3395 3395 3820 3820 3395 3395 3821 3821 3821 3821 3395 3395 3392 3392 3821 3821 3392 3392 3822 3822 3822 3822 3392 3392 3389 3389 3822 3822 3389 3389 3823 3823 3823 3823 3389 3389 3386 3386 3823 3823 3386 3386 3824 3824 3824 3824 3386 3386 3382 3382 3824 3824 3382 3382 3825 3825 3825 3825 3382 3382 3377 3377 3825 3825 3377 3377 3826 3826 3826 3826 3377 3377 3374 3374 3826 3826 3374 3374 3827 3827 3827 3827 3374 3374 3371 3371 3827 3827 3371 3371 3828 3828 3828 3828 3371 3371 3369 3369 3828 3828 3369 3369 3829 3829 3829 3829 3369 3369 3368 3368 3829 3829 3368 3368 3830 3830 3830 3830 3368 3368 3547 3547 3830 3830 3547 3547 3831 3831 3831 3831 3547 3547 3543 3543 3831 3831 3543 3543 3832 3832 3832 3832 3543 3543 3540 3540 3832 3832 3540 3540 3833 3833 3833 3833 3540 3540 3537 3537 3833 3833 3537 3537 3834 3834 3834 3834 3537 3537 3534 3534 3834 3834 3534 3534 3835 3835 3835 3835 3534 3534 3531 3531 3835 3835 3531 3531 3836 3836 3836 3836 3531 3531 3527 3527 3836 3836 3527 3527 3837 3837 3837 3837 3527 3527 3522 3522 3837 3837 3522 3522 3838 3838 3838 3838 3522 3522 3519 3519 3838 3838 3519 3519 3839 3839 3839 3839 3519 3519 3516 3516 3839 3839 3516 3516 3840 3840 3840 3840 3516 3516 3513 3513 3840 3840 3513 3513 3841 3841 3841 3841 3513 3513 3510 3510 3841 3841 3510 3510 3842 3842 3842 3842 3510 3510 3507 3507 3842 3842 3507 3507 3843 3843 3843 3843 3507 3507 3505 3505 3843 3843 3505 3505 3844 3844 3844 3844 3505 3505 3502 3502 3844 3844 3502 3502 3845 3845 3845 3845 3502 3502 3500 3500 3845 3845 3500 3500 3846 3846 3555 3555 3816 3816 3094 3094 3094 3094 3816 3816 3814 3814 3094 3094 3814 3814 3557 3557 3557 3557 3814 3814 3060 3060 3557 3557 3060 3060 3556 3556 3556 3556 3060 3060 3059 3059 3556 3556 3059 3059 3093 3093 3847 3847 3808 3808 3848 3848 3848 3848 3808 3808 3807 3807 3848 3848 3807 3807 3849 3849 3849 3849 3807 3807 3061 3061 3849 3849 3061 3061 3850 3850 3850 3850 3061 3061 3063 3063 3850 3850 3063 3063 3851 3851 3851 3851 3063 3063 3809 3809 3851 3851 3809 3809 3852 3852 3852 3852 3809 3809 3813 3813 3852 3852 3813 3813 3853 3853 3360 3360 3365 3365 3361 3361 3361 3361 3365 3365 3355 3355 3361 3361 3355 3355 3854 3854 3854 3854 3355 3355 3354 3354 3854 3854 3354 3354 3855 3855 3855 3855 3354 3354 3856 3856 3856 3856 3354 3354 3351 3351 3856 3856 3351 3351 3857 3857 3857 3857 3351 3351 3353 3353 3857 3857 3353 3353 3858 3858 3858 3858 3353 3353 3859 3859 3858 3858 3859 3859 3346 3346 3346 3346 3859 3859 3860 3860 3346 3346 3860 3860 3344 3344 3861 3861 3847 3847 3862 3862 3862 3862 3847 3847 3848 3848 3862 3862 3848 3848 3863 3863 3863 3863 3848 3848 3849 3849 3863 3863 3849 3849 3864 3864 3864 3864 3849 3849 3850 3850 3864 3864 3850 3850 3865 3865 3865 3865 3850 3850 3851 3851 3865 3865 3851 3851 3866 3866 3866 3866 3851 3851 3852 3852 3866 3866 3852 3852 3867 3867 3867 3867 3852 3852 3853 3853 3867 3867 3853 3853 3868 3868 3868 3868 3853 3853 3869 3869 3870 3870 3861 3861 3871 3871 3871 3871 3861 3861 3862 3862 3871 3871 3862 3862 3872 3872 3872 3872 3862 3862 3863 3863 3872 3872 3863 3863 3873 3873 3873 3873 3863 3863 3864 3864 3873 3873 3864 3864 3874 3874 3874 3874 3864 3864 3865 3865 3874 3874 3865 3865 3875 3875 3875 3875 3865 3865 3866 3866 3875 3875 3866 3866 3876 3876 3876 3876 3866 3866 3867 3867 3876 3876 3867 3867 3877 3877 3877 3877 3867 3867 3868 3868 3877 3877 3868 3868 3878 3878 3551 3551 3879 3879 3553 3553 3553 3553 3879 3879 3870 3870 3553 3553 3870 3870 3802 3802 3802 3802 3870 3870 3871 3871 3802 3802 3871 3871 3880 3880 3880 3880 3871 3871 3872 3872 3880 3880 3872 3872 3881 3881 3881 3881 3872 3872 3873 3873 3881 3881 3873 3873 3882 3882 3882 3882 3873 3873 3874 3874 3882 3882 3874 3874 3883 3883 3883 3883 3874 3874 3875 3875 3883 3883 3875 3875 3884 3884 3884 3884 3875 3875 3876 3876 3884 3884 3876 3876 3885 3885 3885 3885 3876 3876 3877 3877 3885 3885 3877 3877 3886 3886 3886 3886 3877 3877 3878 3878 3886 3886 3878 3878 3887 3887 3888 3888 3889 3889 3890 3890 3890 3890 3889 3889 3891 3891 3890 3890 3891 3891 3892 3892 3892 3892 3891 3891 3893 3893 3892 3892 3893 3893 3894 3894 3894 3894 3893 3893 3895 3895 3894 3894 3895 3895 3896 3896 3896 3896 3895 3895 3897 3897 3896 3896 3897 3897 3898 3898 3899 3899 3900 3900 3901 3901 3901 3901 3900 3900 3902 3902 3901 3901 3902 3902 3903 3903 3903 3903 3902 3902 3904 3904 3903 3903 3904 3904 3905 3905 3905 3905 3904 3904 3906 3906 3905 3905 3906 3906 3907 3907 3907 3907 3906 3906 3908 3908 3909 3909 3910 3910 3911 3911 3911 3911 3910 3910 3912 3912 3911 3911 3912 3912 3913 3913 3913 3913 3912 3912 3914 3914 3913 3913 3914 3914 3915 3915 3915 3915 3914 3914 3916 3916 3915 3915 3916 3916 3917 3917 3917 3917 3916 3916 3918 3918 3917 3917 3918 3918 3919 3919 3919 3919 3918 3918 3920 3920 3919 3919 3920 3920 3921 3921 3921 3921 3920 3920 3922 3922 3921 3921 3922 3922 3923 3923 3923 3923 3922 3922 3924 3924 3923 3923 3924 3924 3925 3925 3499 3499 3096 3096 3500 3500 3500 3500 3096 3096 3098 3098 3500 3500 3098 3098 3846 3846 3846 3846 3098 3098 3747 3747 3846 3846 3747 3747 3926 3926 3926 3926 3747 3747 3748 3748 3926 3926 3748 3748 3927 3927 3927 3927 3748 3748 3749 3749 3927 3927 3749 3749 3928 3928 3928 3928 3749 3749 3750 3750 3928 3928 3750 3750 3929 3929 3929 3929 3750 3750 3759 3759 3929 3929 3759 3759 3930 3930 3930 3930 3759 3759 3758 3758 3930 3930 3758 3758 3931 3931 3931 3931 3758 3758 3757 3757 3931 3931 3757 3757 3932 3932 3932 3932 3757 3757 3756 3756 3932 3932 3756 3756 3933 3933 3933 3933 3756 3756 3755 3755 3933 3933 3755 3755 3934 3934 3934 3934 3755 3755 3754 3754 3934 3934 3754 3754 3935 3935 3935 3935 3754 3754 3753 3753 3935 3935 3753 3753 3936 3936 3936 3936 3753 3753 3752 3752 3936 3936 3752 3752 3937 3937 3937 3937 3752 3752 3751 3751 3937 3937 3751 3751 3909 3909 3909 3909 3751 3751 3672 3672 3909 3909 3672 3672 3910 3910 3910 3910 3672 3672 3674 3674 3910 3910 3674 3674 3912 3912 3912 3912 3674 3674 3676 3676 3912 3912 3676 3676 3914 3914 3914 3914 3676 3676 3637 3637 3914 3914 3637 3637 3916 3916 3916 3916 3637 3637 3635 3635 3916 3916 3635 3635 3918 3918 3918 3918 3635 3635 3633 3633 3918 3918 3633 3633 3920 3920 3920 3920 3633 3633 3631 3631 3920 3920 3631 3631 3922 3922 3922 3922 3631 3631 3630 3630 3922 3922 3630 3630 3924 3924 3889 3889 3908 3908 3891 3891 3891 3891 3908 3908 3906 3906 3891 3891 3906 3906 3893 3893 3893 3893 3906 3906 3904 3904 3893 3893 3904 3904 3895 3895 3895 3895 3904 3904 3902 3902 3895 3895 3902 3902 3897 3897 3897 3897 3902 3902 3900 3900 2689 2689 3933 3933 2690 2690 2690 2690 3933 3933 3934 3934 2690 2690 3934 3934 3598 3598 3598 3598 3934 3934 3935 3935 3598 3598 3935 3935 3072 3072 3072 3072 3935 3935 3936 3936 3072 3072 3936 3936 3070 3070 3070 3070 3936 3936 3937 3937 3070 3070 3937 3937 3782 3782 3782 3782 3937 3937 3909 3909 3782 3782 3909 3909 3652 3652 3652 3652 3909 3909 3911 3911 3652 3652 3911 3911 3653 3653 3653 3653 3911 3911 3913 3913 3653 3653 3913 3913 3655 3655 3655 3655 3913 3913 3915 3915 3655 3655 3915 3915 3657 3657 3657 3657 3915 3915 3917 3917 3657 3657 3917 3917 3658 3658 3658 3658 3917 3917 3919 3919 3658 3658 3919 3919 3335 3335 3335 3335 3919 3919 3921 3921 3335 3335 3921 3921 3336 3336 3336 3336 3921 3921 3923 3923 3336 3336 3923 3923 3339 3339 3339 3339 3923 3923 3925 3925 3339 3339 3925 3925 3341 3341 2848 2848 3095 3095 2849 2849 2849 2849 3095 3095 3802 3802 2849 2849 3802 3802 3803 3803 3803 3803 3802 3802 3880 3880 3803 3803 3880 3880 3066 3066 3066 3066 3880 3880 3881 3881 3066 3066 3881 3881 3064 3064 3064 3064 3881 3881 3882 3882 3064 3064 3882 3882 3938 3938 3938 3938 3882 3882 3883 3883 3938 3938 3883 3883 3939 3939 3939 3939 3883 3883 3884 3884 3939 3939 3884 3884 3940 3940 3940 3940 3884 3884 3885 3885 3940 3940 3885 3885 3941 3941 3941 3941 3885 3885 3886 3886 3941 3941 3886 3886 3942 3942 3942 3942 3886 3886 3887 3887 3942 3942 3887 3887 3943 3943 2792 2792 2793 2793 3092 3092 3092 3092 2793 2793 3093 3093 3092 3092 3093 3093 3944 3944 3944 3944 3093 3093 3059 3059 3944 3944 3059 3059 3945 3945 3945 3945 3059 3059 3058 3058 3945 3945 3058 3058 3946 3946 2794 2794 2791 2791 3947 3947 3947 3947 2791 2791 3092 3092 3947 3947 3092 3092 3948 3948 3948 3948 3092 3092 3944 3944 3948 3948 3944 3944 3949 3949 3949 3949 3944 3944 3945 3945 3949 3949 3945 3945 3950 3950 3950 3950 3945 3945 3946 3946 3950 3950 3946 3946 3951 3951 3952 3952 3953 3953 3954 3954 3954 3954 3953 3953 3955 3955 3956 3956 3957 3957 3898 3898 3898 3898 3957 3957 3958 3958 3898 3898 3958 3958 3896 3896 3896 3896 3958 3958 3959 3959 3896 3896 3959 3959 3894 3894 3894 3894 3959 3959 3960 3960 3894 3894 3960 3960 3892 3892 3892 3892 3960 3960 3961 3961 3892 3892 3961 3961 3890 3890 3890 3890 3961 3961 3962 3962 3890 3890 3962 3962 3888 3888 3888 3888 3962 3962 3869 3869 3952 3952 3963 3963 3953 3953 3953 3953 3963 3963 3964 3964 3953 3953 3964 3964 3955 3955 3955 3955 3964 3964 3943 3943 3955 3955 3943 3943 3965 3965 3965 3965 3943 3943 3887 3887 3965 3965 3887 3887 3966 3966 3966 3966 3887 3887 3878 3878 3963 3963 3967 3967 3964 3964 3964 3964 3967 3967 3951 3951 3964 3964 3951 3951 3943 3943 3943 3943 3951 3951 3946 3946 3943 3943 3946 3946 3942 3942 3942 3942 3946 3946 3058 3058 3942 3942 3058 3058 3941 3941 3941 3941 3058 3058 3060 3060 3941 3941 3060 3060 3940 3940 3940 3940 3060 3060 3815 3815 3940 3940 3815 3815 3939 3939 3939 3939 3815 3815 3816 3816 3939 3939 3816 3816 3938 3938 3938 3938 3816 3816 3555 3555 3938 3938 3555 3555 3064 3064 3064 3064 3555 3555 2786 2786 3064 3064 2786 2786 3065 3065 3065 3065 2786 2786 2785 2785 3065 3065 2785 2785 2561 2561 3968 3968 3969 3969 3970 3970 3970 3970 3969 3969 3971 3971 3970 3970 3971 3971 3972 3972 3972 3972 3971 3971 3973 3973 3972 3972 3973 3973 3974 3974 3974 3974 3973 3973 3975 3975 3974 3974 3975 3975 3562 3562 3562 3562 3975 3975 3564 3564 3562 3562 3564 3564 3563 3563 3563 3563 3564 3564 2766 2766 3563 3563 2766 2766 2764 2764 3976 3976 3977 3977 3978 3978 3978 3978 3977 3977 3979 3979 3978 3978 3979 3979 3980 3980 3980 3980 3979 3979 3981 3981 3980 3980 3981 3981 3982 3982 3982 3982 3981 3981 3983 3983 3982 3982 3983 3983 3984 3984 3984 3984 3983 3983 3985 3985 3984 3984 3985 3985 3567 3567 3567 3567 3985 3985 3986 3986 3567 3567 3986 3986 3566 3566 3566 3566 3986 3986 3569 3569 3566 3566 3569 3569 3568 3568 3568 3568 3569 3569 2757 2757 3568 3568 2757 2757 2756 2756 3987 3987 3988 3988 3989 3989 3989 3989 3988 3988 3990 3990 3989 3989 3990 3990 3991 3991 3991 3991 3990 3990 3992 3992 3991 3991 3992 3992 3993 3993 3993 3993 3992 3992 3994 3994 3993 3993 3994 3994 3995 3995 3995 3995 3994 3994 3561 3561 3995 3995 3561 3561 3560 3560 3560 3560 3561 3561 2759 2759 3560 3560 2759 2759 2758 2758 3996 3996 3997 3997 3998 3998 3998 3998 3997 3997 3999 3999 3998 3998 3999 3999 4000 4000 4000 4000 3999 3999 4001 4001 4000 4000 4001 4001 4002 4002 4002 4002 4001 4001 4003 4003 4002 4002 4003 4003 4004 4004 4004 4004 4003 4003 4005 4005 4004 4004 4005 4005 4006 4006 4006 4006 4005 4005 4007 4007 4006 4006 4007 4007 4008 4008 4008 4008 4007 4007 4009 4009 4008 4008 4009 4009 4010 4010 4010 4010 4009 4009 4011 4011 4010 4010 4011 4011 4012 4012 4012 4012 4011 4011 4013 4013 4012 4012 4013 4013 4014 4014 4014 4014 4013 4013 4015 4015 4014 4014 4015 4015 3572 3572 3572 3572 4015 4015 4016 4016 3572 3572 4016 4016 3573 3573 3573 3573 4016 4016 4017 4017 3573 3573 4017 4017 3574 3574 3574 3574 4017 4017 4018 4018 3574 3574 4018 4018 3575 3575 3575 3575 4018 4018 4019 4019 3575 3575 4019 4019 3576 3576 3576 3576 4019 4019 4020 4020 3576 3576 4020 4020 3577 3577 3577 3577 4020 4020 4021 4021 3577 3577 4021 4021 3578 3578 3578 3578 4021 4021 4022 4022 3578 3578 4022 4022 3579 3579 3579 3579 4022 4022 4023 4023 3579 3579 4023 4023 3580 3580 3580 3580 4023 4023 4024 4024 3580 3580 4024 4024 3581 3581 3581 3581 4024 4024 4025 4025 3581 3581 4025 4025 3582 3582 3582 3582 4025 4025 4026 4026 3582 3582 4026 4026 3583 3583 3583 3583 4026 4026 4027 4027 3583 3583 4027 4027 3584 3584 3584 3584 4027 4027 4028 4028 3584 3584 4028 4028 3585 3585 3585 3585 4028 4028 4029 4029 3585 3585 4029 4029 3586 3586 3586 3586 4029 4029 4030 4030 3586 3586 4030 4030 3587 3587 3587 3587 4030 4030 4031 4031 3587 3587 4031 4031 3790 3790 3790 3790 4031 4031 4032 4032 3790 3790 4032 4032 3791 3791 3791 3791 4032 4032 4033 4033 3791 3791 4033 4033 3792 3792 3792 3792 4033 4033 4034 4034 3792 3792 4034 4034 3793 3793 3793 3793 4034 4034 4035 4035 3793 3793 4035 4035 3794 3794 3794 3794 4035 4035 4036 4036 3794 3794 4036 4036 3795 3795 3795 3795 4036 4036 4037 4037 3795 3795 4037 4037 3796 3796 4038 4038 4039 4039 4040 4040 4040 4040 4039 4039 4041 4041 4040 4040 4041 4041 4042 4042 4042 4042 4041 4041 4043 4043 4042 4042 4043 4043 4044 4044 4044 4044 4043 4043 4045 4045 4044 4044 4045 4045 4046 4046 4046 4046 4045 4045 4047 4047 4046 4046 4047 4047 3987 3987 3987 3987 4047 4047 3968 3968 3987 3987 3968 3968 3988 3988 3988 3988 3968 3968 3970 3970 3988 3988 3970 3970 3990 3990 3990 3990 3970 3970 3972 3972 3990 3990 3972 3972 3992 3992 3992 3992 3972 3972 3974 3974 3992 3992 3974 3974 3994 3994 3994 3994 3974 3974 3562 3562 3994 3994 3562 3562 3561 3561 3561 3561 3562 3562 2761 2761 3561 3561 2761 2761 2760 2760 4039 4039 4048 4048 4041 4041 4041 4041 4048 4048 4049 4049 4041 4041 4049 4049 4043 4043 4043 4043 4049 4049 4050 4050 4043 4043 4050 4050 4045 4045 4045 4045 4050 4050 4051 4051 4045 4045 4051 4051 4047 4047 4047 4047 4051 4051 4052 4052 4047 4047 4052 4052 3968 3968 3968 3968 4052 4052 3976 3976 3968 3968 3976 3976 3969 3969 3969 3969 3976 3976 3978 3978 3969 3969 3978 3978 3971 3971 3971 3971 3978 3978 3980 3980 3971 3971 3980 3980 3973 3973 3973 3973 3980 3980 3982 3982 3973 3973 3982 3982 3975 3975 3975 3975 3982 3982 3984 3984 3975 3975 3984 3984 3564 3564 3564 3564 3984 3984 3567 3567 3564 3564 3567 3567 3565 3565 3565 3565 3567 3567 2765 2765 3565 3565 2765 2765 2768 2768 4048 4048 4053 4053 4049 4049 4049 4049 4053 4053 4054 4054 4049 4049 4054 4054 4050 4050 4050 4050 4054 4054 4055 4055 4050 4050 4055 4055 4051 4051 4051 4051 4055 4055 3996 3996 4051 4051 3996 3996 4052 4052 4052 4052 3996 3996 3998 3998 4052 4052 3998 3998 3976 3976 3976 3976 3998 3998 4000 4000 3976 3976 4000 4000 3977 3977 3977 3977 4000 4000 4002 4002 3977 3977 4002 4002 3979 3979 3979 3979 4002 4002 4004 4004 3979 3979 4004 4004 3981 3981 3981 3981 4004 4004 4006 4006 3981 3981 4006 4006 3983 3983 3983 3983 4006 4006 4008 4008 3983 3983 4008 4008 3985 3985 3985 3985 4008 4008 4010 4010 3985 3985 4010 4010 3986 3986 3986 3986 4010 4010 4012 4012 3986 3986 4012 4012 3569 3569 3569 3569 4012 4012 4014 4014 3569 3569 4014 4014 3570 3570 3570 3570 4014 4014 3572 3572 3570 3570 3572 3572 3571 3571 3571 3571 3572 3572 2744 2744 3571 3571 2744 2744 2774 2774 2689 2689 2688 2688 3933 3933 3933 3933 2688 2688 3597 3597 3933 3933 3597 3597 3932 3932 3932 3932 3597 3597 3596 3596 3932 3932 3596 3596 3931 3931 3931 3931 3596 3596 3595 3595 3931 3931 3595 3595 3930 3930 3930 3930 3595 3595 3594 3594 3930 3930 3594 3594 3929 3929 3929 3929 3594 3594 3784 3784 3929 3929 3784 3784 3928 3928 3928 3928 3784 3784 3785 3785 3928 3928 3785 3785 3927 3927 3927 3927 3785 3785 3786 3786 3927 3927 3786 3786 3926 3926 3926 3926 3786 3786 3796 3796 3926 3926 3796 3796 3846 3846 3846 3846 3796 3796 4037 4037 3846 3846 4037 4037 3845 3845 3845 3845 4037 4037 4036 4036 3845 3845 4036 4036 3844 3844 3844 3844 4036 4036 4035 4035 3844 3844 4035 4035 3843 3843 3843 3843 4035 4035 4034 4034 3843 3843 4034 4034 3842 3842 3842 3842 4034 4034 4033 4033 3842 3842 4033 4033 3841 3841 3841 3841 4033 4033 4032 4032 3841 3841 4032 4032 3840 3840 3840 3840 4032 4032 4031 4031 3840 3840 4031 4031 3839 3839 3839 3839 4031 4031 4030 4030 3839 3839 4030 4030 3838 3838 3838 3838 4030 4030 4029 4029 3838 3838 4029 4029 3837 3837 3837 3837 4029 4029 4028 4028 3837 3837 4028 4028 3836 3836 3836 3836 4028 4028 4027 4027 3836 3836 4027 4027 3835 3835 3835 3835 4027 4027 4026 4026 3835 3835 4026 4026 3834 3834 3834 3834 4026 4026 4025 4025 3834 3834 4025 4025 3833 3833 3833 3833 4025 4025 4024 4024 3833 3833 4024 4024 3832 3832 3832 3832 4024 4024 4023 4023 3832 3832 4023 4023 3831 3831 3831 3831 4023 4023 4022 4022 3831 3831 4022 4022 3830 3830 3830 3830 4022 4022 4021 4021 3830 3830 4021 4021 3829 3829 3829 3829 4021 4021 4020 4020 3829 3829 4020 4020 3828 3828 3828 3828 4020 4020 4019 4019 3828 3828 4019 4019 3827 3827 3827 3827 4019 4019 4018 4018 3827 3827 4018 4018 3826 3826 3826 3826 4018 4018 4017 4017 3826 3826 4017 4017 3825 3825 3825 3825 4017 4017 4016 4016 3825 3825 4016 4016 3824 3824 3824 3824 4016 4016 4015 4015 3824 3824 4015 4015 3823 3823 3823 3823 4015 4015 4013 4013 3823 3823 4013 4013 3822 3822 3822 3822 4013 4013 4011 4011 3822 3822 4011 4011 3821 3821 3821 3821 4011 4011 4009 4009 3821 3821 4009 4009 3820 3820 3820 3820 4009 4009 4007 4007 3820 3820 4007 4007 3819 3819 3819 3819 4007 4007 4005 4005 3819 3819 4005 4005 3818 3818 3818 3818 4005 4005 4003 4003 3818 3818 4003 4003 3817 3817 3817 3817 4003 4003 4001 4001 3817 3817 4001 4001 3412 3412 3412 3412 4001 4001 3999 3999 3412 3412 3999 3999 3414 3414 3414 3414 3999 3999 3997 3997 3414 3414 3997 3997 3417 3417 3417 3417 3997 3997 3996 3996 3417 3417 3996 3996 3420 3420 3420 3420 3996 3996 4055 4055 3420 3420 4055 4055 3423 3423 3423 3423 4055 4055 4054 4054 3423 3423 4054 4054 3426 3426 3426 3426 4054 4054 4053 4053 4056 4056 4057 4057 4058 4058 4058 4058 4059 4059 4056 4056 4056 4056 4059 4059 4060 4060 4056 4056 4060 4060 3954 3954 3954 3954 4060 4060 4061 4061 3954 3954 4061 4061 3952 3952 4062 4062 4063 4063 4064 4064 4064 4064 4063 4063 3639 3639 4064 4064 3639 3639 4065 4065 4065 4065 3639 3639 3641 3641 3956 3956 3898 3898 4066 4066 4066 4066 3898 3898 3897 3897 4066 4066 3897 3897 4067 4067 4067 4067 3897 3897 3900 3900 4067 4067 3900 3900 4062 4062 4062 4062 3900 3900 3899 3899 4062 4062 3899 3899 4063 4063 4063 4063 3899 3899 4068 4068 4063 4063 4068 4068 3639 3639 3639 3639 4068 4068 4069 4069 3639 3639 4069 4069 3640 3640 3640 3640 4069 4069 4070 4070 3640 3640 4070 4070 3644 3644 3644 3644 4070 4070 4071 4071 3644 3644 4071 4071 3648 3648 3648 3648 4071 4071 4072 4072 3648 3648 4072 4072 3650 3650 3650 3650 4072 4072 4073 4073 3650 3650 4073 4073 3683 3683 4058 4058 4074 4074 4059 4059 4059 4059 4074 4074 4075 4075 4059 4059 4075 4075 4060 4060 4060 4060 4075 4075 4076 4076 4060 4060 4076 4076 4061 4061 4061 4061 4076 4076 4077 4077 4061 4061 4077 4077 3952 3952 3952 3952 4077 4077 4078 4078 3952 3952 4078 4078 3963 3963 3963 3963 4078 4078 4079 4079 3963 3963 4079 4079 3967 3967 3967 3967 4079 4079 4080 4080 3967 3967 4080 4080 3951 3951 3951 3951 4080 4080 4081 4081 3951 3951 4081 4081 3950 3950 3950 3950 4081 4081 4082 4082 3950 3950 4082 4082 3949 3949 3949 3949 4082 4082 4083 4083 3949 3949 4083 4083 3948 3948 3948 3948 4083 4083 3558 3558 3948 3948 3558 3558 3947 3947 3947 3947 3558 3558 2795 2795 3947 3947 2795 2795 2794 2794 4074 4074 4038 4038 4075 4075 4075 4075 4038 4038 4040 4040 4075 4075 4040 4040 4076 4076 4076 4076 4040 4040 4042 4042 4076 4076 4042 4042 4077 4077 4077 4077 4042 4042 4044 4044 4077 4077 4044 4044 4078 4078 4078 4078 4044 4044 4046 4046 4078 4078 4046 4046 4079 4079 4079 4079 4046 4046 3987 3987 4079 4079 3987 3987 4080 4080 4080 4080 3987 3987 3989 3989 4080 4080 3989 3989 4081 4081 4081 4081 3989 3989 3991 3991 4081 4081 3991 3991 4082 4082 4082 4082 3991 3991 3993 3993 4082 4082 3993 3993 4083 4083 4083 4083 3993 3993 3995 3995 4083 4083 3995 3995 3558 3558 3558 3558 3995 3995 3560 3560 3558 3558 3560 3560 3559 3559 3559 3559 3560 3560 2799 2799 3559 3559 2799 2799 2798 2798 3057 3057 3056 3056 4084 4084 4084 4084 3056 3056 4085 4085 4084 4084 4085 4085 4086 4086 4086 4086 4085 4085 4087 4087 4086 4086 4087 4087 4088 4088 4088 4088 4087 4087 4089 4089 4088 4088 4089 4089 3107 3107 3107 3107 4089 4089 4090 4090 3107 3107 4090 4090 3105 3105 3054 3054 3053 3053 3056 3056 3056 3056 3053 3053 4091 4091 3056 3056 4091 4091 4085 4085 4085 4085 4091 4091 4092 4092 4085 4085 4092 4092 4087 4087 4087 4087 4092 4092 3432 3432 4087 4087 3432 3432 4089 4089 4089 4089 3432 3432 3434 3434 4089 4089 3434 3434 4090 4090 3106 3106 3429 3429 3107 3107 3107 3107 3429 3429 4093 4093 3107 3107 4093 4093 4088 4088 4088 4088 4093 4093 4094 4094 4088 4088 4094 4094 4086 4086 4086 4086 4094 4094 4095 4095 4086 4086 4095 4095 4084 4084 4084 4084 4095 4095 4096 4096 4084 4084 4096 4096 3057 3057 3057 3057 4096 4096 4097 4097 3057 3057 4097 4097 3054 3054 3054 3054 4097 4097 4098 4098 3054 3054 4098 4098 3055 3055 3055 3055 4098 4098 4099 4099 3055 3055 4099 4099 4100 4100 4100 4100 4099 4099 4101 4101 4100 4100 4101 4101 3052 3052 4102 4102 4103 4103 4104 4104 4104 4104 4103 4103 4105 4105 4104 4104 4105 4105 4106 4106 4106 4106 4105 4105 4107 4107 4106 4106 4107 4107 3460 3460 3460 3460 4107 4107 4108 4108 3460 3460 4108 4108 3458 3458 3458 3458 4108 4108 4109 4109 3458 3458 4109 4109 3462 3462 3462 3462 4109 4109 4110 4110 3462 3462 4110 4110 3465 3465 3465 3465 4110 4110 3690 3690 3465 3465 3690 3690 3468 3468 3468 3468 3690 3690 3692 3692 3468 3468 3692 3692 3473 3473 3473 3473 3692 3692 3694 3694 3473 3473 3694 3694 3703 3703 3703 3703 3694 3694 3696 3696 3703 3703 3696 3696 3705 3705 3705 3705 3696 3696 3698 3698 3705 3705 3698 3698 3707 3707 3707 3707 3698 3698 3700 3700 3707 3707 3700 3700 3709 3709 3709 3709 3700 3700 3702 3702 3709 3709 3702 3702 3711 3711 3052 3052 3051 3051 4100 4100 4100 4100 3051 3051 3449 3449 4100 4100 3449 3449 3055 3055 3055 3055 3449 3449 3446 3446 3055 3055 3446 3446 3053 3053 3053 3053 3446 3446 3444 3444 3053 3053 3444 3444 4091 4091 4091 4091 3444 3444 3443 3443 4091 4091 3443 3443 4092 4092 4092 4092 3443 3443 3437 3437 4092 4092 3437 3437 3432 3432 3432 3432 3437 3437 3438 3438 3432 3432 3438 3438 3433 3433 3461 3461 3454 3454 3460 3460 3460 3460 3454 3454 3050 3050 3460 3460 3050 3050 4106 4106 4106 4106 3050 3050 3052 3052 4106 4106 3052 3052 4104 4104 4104 4104 3052 3052 4101 4101 4104 4104 4101 4101 4102 4102 4102 4102 4101 4101 4099 4099 4102 4102 4099 4099 4057 4057 4057 4057 4099 4099 4098 4098 4057 4057 4098 4098 4058 4058 4058 4058 4098 4098 4097 4097 4058 4058 4097 4097 4074 4074 4074 4074 4097 4097 4096 4096 4074 4074 4096 4096 4038 4038 4038 4038 4096 4096 4095 4095 4038 4038 4095 4095 4039 4039 4039 4039 4095 4095 4094 4094 4039 4039 4094 4094 4048 4048 4048 4048 4094 4094 4093 4093 4048 4048 4093 4093 4053 4053 4053 4053 4093 4093 3429 3429 4053 4053 3429 3429 3426 3426 3426 3426 3429 3429 3431 3431 3426 3426 3431 3431 3427 3427 3869 3869 3962 3962 3868 3868 3868 3868 3962 3962 3961 3961 3868 3868 3961 3961 3878 3878 3878 3878 3961 3961 3960 3960 3878 3878 3960 3960 3966 3966 3966 3966 3960 3960 3959 3959 3966 3966 3959 3959 3965 3965 3965 3965 3959 3959 3958 3958 3965 3965 3958 3958 3955 3955 3955 3955 3958 3958 3957 3957 3955 3955 3957 3957 3954 3954 3954 3954 3957 3957 3956 3956 3954 3954 3956 3956 4056 4056 4056 4056 3956 3956 4066 4066 4056 4056 4066 4066 4057 4057 4057 4057 4066 4066 4067 4067 4057 4057 4067 4067 4102 4102 4102 4102 4067 4067 4062 4062 4102 4102 4062 4062 4103 4103 4103 4103 4062 4062 4064 4064 4103 4103 4064 4064 4105 4105 4105 4105 4064 4064 4065 4065 4105 4105 4065 4065 4107 4107 4107 4107 4065 4065 3641 3641 4107 4107 3641 3641 4108 4108 4108 4108 3641 3641 3646 3646 4108 4108 3646 3646 4109 4109 4109 4109 3646 3646 3645 3645 4109 4109 3645 3645 4110 4110 4110 4110 3645 3645 3643 3643 4110 4110 3643 3643 3690 3690 3690 3690 3643 3643 3642 3642 3690 3690 3642 3642 3691 3691 3691 3691 3642 3642 3685 3685 3691 3691 3685 3685 3693 3693 3693 3693 3685 3685 3686 3686 3693 3693 3686 3686 3695 3695 3695 3695 3686 3686 3687 3687 3695 3695 3687 3687 3697 3697 3697 3697 3687 3687 3688 3688 3697 3697 3688 3688 3699 3699 3699 3699 3688 3688 3689 3689 3699 3699 3689 3689 3701 3701 3494 3494 3490 3490 3722 3722 3722 3722 3490 3490 3487 3487 3722 3722 3487 3487 3721 3721 3721 3721 3487 3487 3712 3712 3721 3721 3712 3712 3720 3720 3720 3720 3712 3712 3711 3711 3720 3720 3711 3711 3719 3719 3719 3719 3711 3711 3702 3702 3719 3719 3702 3702 3717 3717 3717 3717 3702 3702 3701 3701 3717 3717 3701 3701 3715 3715 3715 3715 3701 3701 3689 3689 3715 3715 3689 3689 3713 3713 3713 3713 3689 3689 3684 3684 3713 3713 3684 3684 3681 3681 3681 3681 3684 3684 3683 3683 3681 3681 3683 3683 3679 3679 3679 3679 3683 3683 4073 4073 3679 3679 4073 4073 3677 3677 3677 3677 4073 4073 4072 4072 3677 3677 4072 4072 3742 3742 3742 3742 4072 4072 4071 4071 3742 3742 4071 4071 3638 3638 3638 3638 4071 4071 4070 4070 3638 3638 4070 4070 3636 3636 3636 3636 4070 4070 4069 4069 3636 3636 4069 4069 3634 3634 3634 3634 4069 4069 4068 4068 3634 3634 4068 4068 3632 3632 3632 3632 4068 4068 3899 3899 3632 3632 3899 3899 3630 3630 3630 3630 3899 3899 3901 3901 3630 3630 3901 3901 3924 3924 3924 3924 3901 3901 3903 3903 3924 3924 3903 3903 3925 3925 3925 3925 3903 3903 3905 3905 3925 3925 3905 3905 3341 3341 3341 3341 3905 3905 3907 3907 3341 3341 3907 3907 3346 3346 3346 3346 3907 3907 3908 3908 3346 3346 3908 3908 3858 3858 3858 3858 3908 3908 3889 3889 3858 3858 3889 3889 3857 3857 3857 3857 3889 3889 3888 3888 3857 3857 3888 3888 3856 3856 3856 3856 3888 3888 3869 3869 3856 3856 3869 3869 3855 3855 3855 3855 3869 3869 3853 3853 3855 3855 3853 3853 3854 3854 3854 3854 3853 3853 3813 3813 3854 3854 3813 3813 3361 3361 3361 3361 3813 3813 3124 3124 3361 3361 3124 3124 3363 3363 3363 3363 3124 3124 3123 3123 3363 3363 3123 3123 3364 3364 4111 4111 4112 4112 4113 4113 4114 4114 4115 4115 4112 4112 4112 4112 4115 4115 4116 4116 4112 4112 4116 4116 4113 4113 4113 4113 4117 4117 4111 4111 4111 4111 4117 4117 4118 4118 4111 4111 4118 4118 4119 4119 4118 4118 4120 4120 4119 4119 4119 4119 4120 4120 4121 4121 4119 4119 4121 4121 4122 4122 4123 4123 4124 4124 4125 4125 4126 4126 4127 4127 4128 4128 4128 4128 4127 4127 4129 4129 4128 4128 4129 4129 4124 4124 4124 4124 4129 4129 4130 4130 4124 4124 4130 4130 4125 4125 4121 4121 4131 4131 4122 4122 4122 4122 4131 4131 4132 4132 4122 4122 4132 4132 4133 4133 4125 4125 4134 4134 4123 4123 4123 4123 4134 4134 4135 4135 4123 4123 4135 4135 4136 4136 4132 4132 4126 4126 4133 4133 4133 4133 4126 4126 4128 4128 4133 4133 4128 4128 4137 4137 4137 4137 4128 4128 4124 4124 4137 4137 4124 4124 4138 4138 4138 4138 4124 4124 4123 4123 4138 4138 4123 4123 4139 4139 4139 4139 4123 4123 4136 4136 4135 4135 4140 4140 4136 4136 4136 4136 4140 4140 4141 4141 4136 4136 4141 4141 4142 4142 4143 4143 4144 4144 4145 4145 4145 4145 4144 4144 4146 4146 4145 4145 4146 4146 4147 4147 4146 4146 4148 4148 4147 4147 4147 4147 4148 4148 4149 4149 4147 4147 4149 4149 4150 4150 4149 4149 4151 4151 4150 4150 4150 4150 4151 4151 4152 4152 4150 4150 4152 4152 4153 4153 4154 4154 3045 3045 4155 4155 4155 4155 3045 3045 3044 3044 4155 4155 3044 3044 4156 4156 4157 4157 4154 4154 4158 4158 4158 4158 4154 4154 4155 4155 4158 4158 4155 4155 4159 4159 4159 4159 4155 4155 4156 4156 4159 4159 4156 4156 4160 4160 3040 3040 4161 4161 4160 4160 4160 4160 4161 4161 4159 4159 4159 4159 4161 4161 4162 4162 4159 4159 4162 4162 4158 4158 4158 4158 4162 4162 4163 4163 4158 4158 4163 4163 4157 4157 4164 4164 4165 4165 4166 4166 4167 4167 4168 4168 4169 4169 4169 4169 4168 4168 4170 4170 4169 4169 4170 4170 4171 4171 4171 4171 4170 4170 4172 4172 4171 4171 4172 4172 4173 4173 3040 3040 3039 3039 4161 4161 4161 4161 3039 3039 4174 4174 4161 4161 4174 4174 4162 4162 4162 4162 4174 4174 4173 4173 4162 4162 4173 4173 4163 4163 4163 4163 4173 4173 4172 4172 4163 4163 4172 4172 4157 4157 4175 4175 3047 3047 3046 3046 3046 3046 3047 3047 3049 3049 3046 3046 3049 3049 3044 3044 3044 3044 3049 3049 4176 4176 3044 3044 4176 4176 4156 4156 4156 4156 4176 4176 4177 4177 4156 4156 4177 4177 4160 4160 4160 4160 4177 4177 4178 4178 4160 4160 4178 4178 3040 3040 3040 3040 4178 4178 4179 4179 3040 3040 4179 4179 3038 3038 3038 3038 4179 4179 4180 4180 3038 3038 4181 4181 3039 3039 3039 3039 4181 4181 4182 4182 3039 3039 4182 4182 4174 4174 4174 4174 4182 4182 4183 4183 4174 4174 4183 4183 4173 4173 4173 4173 4183 4183 4184 4184 4173 4173 4184 4184 4171 4171 4171 4171 4184 4184 4185 4185 4171 4171 4185 4185 4169 4169 4169 4169 4185 4185 4186 4186 4169 4169 4186 4186 4167 4167 4167 4167 4186 4186 4164 4164 4167 4167 4164 4164 4187 4187 4187 4187 4164 4164 4166 4166 4152 4152 4188 4188 4153 4153 4153 4153 4188 4188 4189 4189 4153 4153 4189 4189 4190 4190 4190 4190 4191 4191 4153 4153 4153 4153 4191 4191 4192 4192 4153 4153 4192 4192 4150 4150 4150 4150 4192 4192 4193 4193 4150 4150 4193 4193 4147 4147 4147 4147 4193 4193 4194 4194 4147 4147 4194 4194 4145 4145 4195 4195 4196 4196 4197 4197 4197 4197 4196 4196 4198 4198 4190 4190 4199 4199 4191 4191 4191 4191 4199 4199 4200 4200 4191 4191 4200 4200 4198 4198 4198 4198 4200 4200 4201 4201 4198 4198 4201 4201 4197 4197 4195 4195 4202 4202 4196 4196 4196 4196 4202 4202 4203 4203 4196 4196 4203 4203 4204 4204 4203 4203 4205 4205 4204 4204 4204 4204 4205 4205 4206 4206 4204 4204 4206 4206 4207 4207 4208 4208 4209 4209 4210 4210 4206 4206 4211 4211 4207 4207 4207 4207 4211 4211 4212 4212 4207 4207 4212 4212 4210 4210 4210 4210 4212 4212 4213 4213 4210 4210 4213 4213 4208 4208 4208 4208 4214 4214 4209 4209 4209 4209 4214 4214 4215 4215 4209 4209 4215 4215 4216 4216 3167 3167 3164 3164 3168 3168 3168 3168 3164 3164 3159 3159 3168 3168 3159 3159 4217 4217 4217 4217 3159 3159 3158 3158 4217 4217 3158 3158 4218 4218 4218 4218 3158 3158 3150 3150 4218 4218 3150 3150 4219 4219 4220 4220 4219 4219 4221 4221 4221 4221 4219 4219 3150 3150 4221 4221 3150 3150 3155 3155 3155 3155 3150 3150 3152 3152 3155 3155 3152 3152 3153 3153 4215 4215 4222 4222 4216 4216 4216 4216 4222 4222 4223 4223 4216 4216 4223 4223 4224 4224 4225 4225 4226 4226 4227 4227 4227 4227 4226 4226 4228 4228 4223 4223 4229 4229 4224 4224 4224 4224 4229 4229 4230 4230 4224 4224 4230 4230 4227 4227 4227 4227 4230 4230 4231 4231 4227 4227 4231 4231 4225 4225 4226 4226 4232 4232 4228 4228 4228 4228 4232 4232 4233 4233 4228 4228 4233 4233 4234 4234 4235 4235 4236 4236 4237 4237 4237 4237 4236 4236 4234 4234 4237 4237 4234 4234 4238 4238 4238 4238 4234 4234 4233 4233 4239 4239 4240 4240 4241 4241 4241 4241 4240 4240 4242 4242 4241 4241 4242 4242 4243 4243 3037 3037 4244 4244 4245 4245 4245 4245 4244 4244 4246 4246 4245 4245 4246 4246 4247 4247 4236 4236 3204 3204 3116 3116 3116 3116 3204 3204 3206 3206 3116 3116 3206 3206 3114 3114 4236 4236 3116 3116 4234 4234 4234 4234 3116 3116 3195 3195 4234 4234 3195 3195 4228 4228 4228 4228 3195 3195 3188 3188 4228 4228 3188 3188 4227 4227 4227 4227 3188 3188 3191 3191 4227 4227 3191 3191 4224 4224 4224 4224 3191 3191 3181 3181 4224 4224 3181 3181 4216 4216 4216 4216 3181 3181 3184 3184 4216 4216 3184 3184 4209 4209 4209 4209 3184 3184 3178 3178 4209 4209 3178 3178 4210 4210 4210 4210 3178 3178 3174 3174 4210 4210 3174 3174 4207 4207 4207 4207 3174 3174 3119 3119 4207 4207 3119 3119 4204 4204 4204 4204 3119 3119 3170 3170 4204 4204 3170 3170 4196 4196 4196 4196 3170 3170 3168 3168 4196 4196 3168 3168 4198 4198 4198 4198 3168 3168 4217 4217 4198 4198 4217 4217 4191 4191 4191 4191 4217 4217 4218 4218 4191 4191 4218 4218 4192 4192 4192 4192 4218 4218 4219 4219 4192 4192 4219 4219 4193 4193 4193 4193 4219 4219 4220 4220 4193 4193 4220 4220 4194 4194 4235 4235 3035 3035 4236 4236 4236 4236 3035 3035 3037 3037 4236 4236 3037 3037 3204 3204 3204 3204 3037 3037 4245 4245 3204 3204 4245 4245 3202 3202 3202 3202 4245 4245 4247 4247 3042 3042 4143 4143 3043 3043 3043 3043 4143 4143 4145 4145 3043 3043 4145 4145 4248 4248 4248 4248 4145 4145 4194 4194 4248 4248 4194 4194 4249 4249 4249 4249 4194 4194 4220 4220 4249 4249 4220 4220 4250 4250 4250 4250 4220 4220 4221 4221 4250 4250 4221 4221 4251 4251 4251 4251 4221 4221 3155 3155 4251 4251 3155 3155 3147 3147 3147 3147 3155 3155 3157 3157 3147 3147 3157 3157 3143 3143 4252 4252 4253 4253 4180 4180 4180 4180 4253 4253 4254 4254 4180 4180 4254 4254 3038 3038 3038 3038 4254 4254 4255 4255 3038 3038 4255 4255 4181 4181 3048 3048 3041 3041 3049 3049 3049 3049 3041 3041 3043 3043 3049 3049 3043 3043 4176 4176 4176 4176 3043 3043 4248 4248 4176 4176 4248 4248 4177 4177 4177 4177 4248 4248 4249 4249 4177 4177 4249 4249 4178 4178 4178 4178 4249 4249 4250 4250 4178 4178 4250 4250 4179 4179 4179 4179 4250 4250 4251 4251 4179 4179 4251 4251 4180 4180 4180 4180 4251 4251 3147 3147 4180 4180 3147 3147 4252 4252 4252 4252 3147 3147 3140 3140 285 285 284 284 3137 3137 3137 3137 284 284 3135 3135 3137 3137 3135 3135 3140 3140 3140 3140 3135 3135 4256 4256 3140 3140 4256 4256 4252 4252 4252 4252 4256 4256 4257 4257 4252 4252 4257 4257 4253 4253 4253 4253 4257 4257 4258 4258 4253 4253 4258 4258 4254 4254 4254 4254 4258 4258 4259 4259 4254 4254 4259 4259 4255 4255 4255 4255 4259 4259 4260 4260 4255 4255 4260 4260 4181 4181 4181 4181 4260 4260 4261 4261 4181 4181 4261 4261 4182 4182 4182 4182 4261 4261 4262 4262 4182 4182 4262 4262 4183 4183 4183 4183 4262 4262 4263 4263 4183 4183 4263 4263 4184 4184 4184 4184 4263 4263 4264 4264 4184 4184 4264 4264 4185 4185 4185 4185 4264 4264 4265 4265 4185 4185 4265 4265 4186 4186 4186 4186 4265 4265 4266 4266 4186 4186 4266 4266 4164 4164 4164 4164 4266 4266 4267 4267 4164 4164 4267 4267 4165 4165 4165 4165 4267 4267 4268 4268 4165 4165 4268 4268 4269 4269 4269 4269 4268 4268 4270 4270 4271 4271 4272 4272 4243 4243 4243 4243 4272 4272 4273 4273 4243 4243 4273 4273 4241 4241 4274 4274 4275 4275 4276 4276 4271 4271 4277 4277 4272 4272 4272 4272 4277 4277 4278 4278 4272 4272 4278 4278 4276 4276 4276 4276 4278 4278 4279 4279 4276 4276 4279 4279 4274 4274 4280 4280 4281 4281 4282 4282 4283 4283 4284 4284 4285 4285 4285 4285 4284 4284 4286 4286 4282 4282 4287 4287 4280 4280 4280 4280 4287 4287 4288 4288 4280 4280 4288 4288 4285 4285 4285 4285 4288 4288 4289 4289 4285 4285 4289 4289 4283 4283 4274 4274 4290 4290 4275 4275 4275 4275 4290 4290 4291 4291 4275 4275 4291 4291 4281 4281 4281 4281 4291 4291 4292 4292 4281 4281 4292 4292 4282 4282 3036 3036 4239 4239 3037 3037 3037 3037 4239 4239 4241 4241 3037 3037 4241 4241 4244 4244 4244 4244 4241 4241 4273 4273 4244 4244 4273 4273 4246 4246 4246 4246 4273 4273 4272 4272 4246 4246 4272 4272 4247 4247 4247 4247 4272 4272 3207 3207 4247 4247 3207 3207 3202 3202 3202 3202 3207 3207 3209 3209 3202 3202 3209 3209 3200 3200 4284 4284 4293 4293 4286 4286 4286 4286 4293 4293 4294 4294 4286 4286 4294 4294 4295 4295 4294 4294 4296 4296 4295 4295 4295 4295 4296 4296 4297 4297 4295 4295 4297 4297 4298 4298 4299 4299 4300 4300 4301 4301 4297 4297 4302 4302 4298 4298 4298 4298 4302 4302 4303 4303 4298 4298 4303 4303 4300 4300 4300 4300 4303 4303 4304 4304 4300 4300 4304 4304 4301 4301 4305 4305 4306 4306 4307 4307 4307 4307 4306 4306 4308 4308 4307 4307 4308 4308 4309 4309 4301 4301 4310 4310 4299 4299 4299 4299 4310 4310 4311 4311 4299 4299 4311 4311 4305 4305 4305 4305 4311 4311 4312 4312 4305 4305 4312 4312 4306 4306 4313 4313 3258 3258 4307 4307 4314 4314 4315 4315 4316 4316 4316 4316 4315 4315 4317 4317 4307 4307 3258 3258 4305 4305 4305 4305 3258 3258 3255 3255 4305 4305 3255 3255 4299 4299 4299 4299 3255 3255 3251 3251 4299 4299 3251 3251 4300 4300 4300 4300 3251 3251 3245 3245 4300 4300 3245 3245 4298 4298 4298 4298 3245 3245 3242 3242 4298 4298 3242 3242 4295 4295 4295 4295 3242 3242 3238 3238 4295 4295 3238 3238 4286 4286 4286 4286 3238 3238 3234 3234 4286 4286 3234 3234 4285 4285 4285 4285 3234 3234 3229 3229 4285 4285 3229 3229 4280 4280 4280 4280 3229 3229 3227 3227 4280 4280 3227 3227 4281 4281 4281 4281 3227 3227 3223 3223 4281 4281 3223 3223 4275 4275 4275 4275 3223 3223 3219 3219 4275 4275 3219 3219 4276 4276 4276 4276 3219 3219 3215 3215 4276 4276 3215 3215 4272 4272 4272 4272 3215 3215 3212 3212 4272 4272 3212 3212 3207 3207 3207 3207 3212 3212 3211 3211 3207 3207 3211 3211 3208 3208 3266 3266 3259 3259 3264 3264 3264 3264 3259 3259 3258 3258 3264 3264 3258 3258 3262 3262 3262 3262 3258 3258 4313 4313 3262 3262 4313 4313 3273 3273 3029 3029 3031 3031 4318 4318 4319 4319 4320 4320 4321 4321 4321 4321 4320 4320 4322 4322 4321 4321 4322 4322 4323 4323 4322 4322 4324 4324 4323 4323 4323 4323 4324 4324 4325 4325 4323 4323 4325 4325 4326 4326 4327 4327 4328 4328 4329 4329 4327 4327 4329 4329 4330 4330 4325 4325 4331 4331 4326 4326 4326 4326 4331 4331 4332 4332 4326 4326 4332 4332 4327 4327 4327 4327 4332 4332 4333 4333 4327 4327 4333 4333 4328 4328 4329 4329 4334 4334 4330 4330 4330 4330 4334 4334 4335 4335 4330 4330 4335 4335 4336 4336 4337 4337 4338 4338 4339 4339 4339 4339 4338 4338 4340 4340 4339 4339 4340 4340 4341 4341 4341 4341 4340 4340 4342 4342 4341 4341 4342 4342 4343 4343 4343 4343 4342 4342 4336 4336 4343 4343 4336 4336 4344 4344 4344 4344 4336 4336 4335 4335 4345 4345 4346 4346 4347 4347 4347 4347 4346 4346 4338 4338 4347 4347 4338 4338 4348 4348 4348 4348 4338 4338 4337 4337 4349 4349 4350 4350 4351 4351 4352 4352 4353 4353 4354 4354 4351 4351 4355 4355 4349 4349 4349 4349 4355 4355 4356 4356 4349 4349 4356 4356 4353 4353 4353 4353 4356 4356 4357 4357 4353 4353 4357 4357 4354 4354 4345 4345 4351 4351 4346 4346 4346 4346 4351 4351 4350 4350 4346 4346 4350 4350 4338 4338 4338 4338 4350 4350 4358 4358 4338 4338 4358 4358 4340 4340 4340 4340 4358 4358 4359 4359 4340 4340 4359 4359 4342 4342 4342 4342 4359 4359 4360 4360 4342 4342 4360 4360 4336 4336 4336 4336 4360 4360 4361 4361 4336 4336 4361 4361 4330 4330 4330 4330 4361 4361 4362 4362 4330 4330 4362 4362 4327 4327 4327 4327 4362 4362 4363 4363 4327 4327 4363 4363 4326 4326 4326 4326 4363 4363 4364 4364 4326 4326 4364 4364 4323 4323 4323 4323 4364 4364 4365 4365 4323 4323 4365 4365 4321 4321 4354 4354 4366 4366 4352 4352 4352 4352 4366 4366 4367 4367 4352 4352 4367 4367 4368 4368 4368 4368 4367 4367 4369 4369 4368 4368 4369 4369 4114 4114 4114 4114 4369 4369 4370 4370 4114 4114 4370 4370 4115 4115 3024 3024 3023 3023 4371 4371 4371 4371 3023 3023 4372 4372 4371 4371 4372 4372 4373 4373 4373 4373 4372 4372 4374 4374 4373 4373 4374 4374 4375 4375 4375 4375 4374 4374 4376 4376 4375 4375 4376 4376 4377 4377 4378 4378 4379 4379 4380 4380 4380 4380 4379 4379 4381 4381 4380 4380 4381 4381 4382 4382 4382 4382 4381 4381 4383 4383 4382 4382 4383 4383 4384 4384 4384 4384 4383 4383 4385 4385 4384 4384 4385 4385 4386 4386 4386 4386 4385 4385 4387 4387 4386 4386 4387 4387 4388 4388 4388 4388 4387 4387 4389 4389 4388 4388 4389 4389 4390 4390 4390 4390 4389 4389 4391 4391 4390 4390 4391 4391 4392 4392 4392 4392 4391 4391 4393 4393 4392 4392 4393 4393 4394 4394 4394 4394 4393 4393 4395 4395 4394 4394 4395 4395 4396 4396 4396 4396 4395 4395 4397 4397 4396 4396 4397 4397 4398 4398 4398 4398 4397 4397 4399 4399 4398 4398 4399 4399 4400 4400 4400 4400 4399 4399 4401 4401 4400 4400 4401 4401 4402 4402 4402 4402 4401 4401 4403 4403 4402 4402 4403 4403 4404 4404 4404 4404 4403 4403 4405 4405 4404 4404 4405 4405 4406 4406 4406 4406 4405 4405 4407 4407 4406 4406 4407 4407 4408 4408 4408 4408 4407 4407 4409 4409 4408 4408 4409 4409 4410 4410 4410 4410 4409 4409 4411 4411 4410 4410 4411 4411 4412 4412 4412 4412 4411 4411 4413 4413 4412 4412 4413 4413 4414 4414 4414 4414 4413 4413 4415 4415 4414 4414 4415 4415 4416 4416 4416 4416 4415 4415 4417 4417 4416 4416 4417 4417 4418 4418 4139 4139 4378 4378 4138 4138 4138 4138 4378 4378 4380 4380 4138 4138 4380 4380 4137 4137 4137 4137 4380 4380 4382 4382 4137 4137 4382 4382 4133 4133 4133 4133 4382 4382 4384 4384 4133 4133 4384 4384 4122 4122 4122 4122 4384 4384 4386 4386 4122 4122 4386 4386 4119 4119 4119 4119 4386 4386 4388 4388 4119 4119 4388 4388 4111 4111 4111 4111 4388 4388 4390 4390 4111 4111 4390 4390 4112 4112 4112 4112 4390 4390 4392 4392 4112 4112 4392 4392 4114 4114 4114 4114 4392 4392 4394 4394 4114 4114 4394 4394 4368 4368 4368 4368 4394 4394 4396 4396 4368 4368 4396 4396 4352 4352 4352 4352 4396 4396 4398 4398 4352 4352 4398 4398 4353 4353 4353 4353 4398 4398 4400 4400 4353 4353 4400 4400 4349 4349 4349 4349 4400 4400 4402 4402 4349 4349 4402 4402 4350 4350 4350 4350 4402 4402 4404 4404 4350 4350 4404 4404 4358 4358 4358 4358 4404 4404 4406 4406 4358 4358 4406 4406 4359 4359 4359 4359 4406 4406 4408 4408 4359 4359 4408 4408 4360 4360 4360 4360 4408 4408 4410 4410 4360 4360 4410 4410 4361 4361 4361 4361 4410 4410 4412 4412 4361 4361 4412 4412 4362 4362 4362 4362 4412 4412 4414 4414 4362 4362 4414 4414 4363 4363 4363 4363 4414 4414 4416 4416 4363 4363 4416 4416 4364 4364 4364 4364 4416 4416 4418 4418 4364 4364 4418 4418 4365 4365 3270 3270 3271 3271 3269 3269 3269 3269 3271 3271 3273 3273 3269 3269 3273 3273 4419 4419 3283 3283 3267 3267 3284 3284 3284 3284 3267 3267 3269 3269 3284 3284 3269 3269 4420 4420 4420 4420 3269 3269 4419 4419 4420 4420 4419 4419 4421 4421 3285 3285 3278 3278 3286 3286 3286 3286 3278 3278 3280 3280 3286 3286 3280 3280 4422 4422 4422 4422 3280 3280 3284 3284 4422 4422 3284 3284 4423 4423 4423 4423 3284 3284 4420 4420 4309 4309 3032 3032 4307 4307 4307 4307 3032 3032 3034 3034 4307 4307 3034 3034 4313 4313 4313 4313 3034 3034 4424 4424 4313 4313 4424 4424 3273 3273 3273 3273 4424 4424 4425 4425 3273 3273 4425 4425 4419 4419 4419 4419 4425 4425 4426 4426 4419 4419 4426 4426 4421 4421 4421 4421 4426 4426 4427 4427 4421 4421 4427 4427 4428 4428 4428 4428 4427 4427 4429 4429 4317 4317 3025 3025 4316 4316 4316 4316 3025 3025 3024 3024 4316 4316 3024 3024 4430 4430 4430 4430 3024 3024 4371 4371 4430 4430 4371 4371 4431 4431 4431 4431 4371 4371 4373 4373 4431 4431 4373 4373 4432 4432 4432 4432 4373 4373 4375 4375 4432 4432 4375 4375 4433 4433 4433 4433 4375 4375 4377 4377 4433 4433 4377 4377 4434 4434 4434 4434 4377 4377 4435 4435 4428 4428 4436 4436 4421 4421 4421 4421 4436 4436 4437 4437 4421 4421 4437 4437 4420 4420 4420 4420 4437 4437 4438 4438 4420 4420 4438 4438 4423 4423 3033 3033 4314 4314 3034 3034 3034 3034 4314 4314 4316 4316 3034 3034 4316 4316 4424 4424 4424 4424 4316 4316 4430 4430 4424 4424 4430 4430 4425 4425 4425 4425 4430 4430 4431 4431 4425 4425 4431 4431 4426 4426 4426 4426 4431 4431 4432 4432 4426 4426 4432 4432 4427 4427 4427 4427 4432 4432 4433 4433 4427 4427 4433 4433 4429 4429 4429 4429 4433 4433 4434 4434 4439 4439 4440 4440 4441 4441 4441 4441 4440 4440 4442 4442 4441 4441 4442 4442 4443 4443 3030 3030 3026 3026 3031 3031 3031 3031 3026 3026 3028 3028 3031 3031 3028 3028 4444 4444 4444 4444 3028 3028 4445 4445 4444 4444 4445 4445 4446 4446 4446 4446 4445 4445 4447 4447 4446 4446 4447 4447 4448 4448 4448 4448 4447 4447 4449 4449 4448 4448 4449 4449 4450 4450 4450 4450 4449 4449 4439 4439 4450 4450 4439 4439 4451 4451 4451 4451 4439 4439 4441 4441 4451 4451 4441 4441 4452 4452 4452 4452 4441 4441 4443 4443 4452 4452 4443 4443 4453 4453 4453 4453 4443 4443 4454 4454 4453 4453 4454 4454 3022 3022 4317 4317 4318 4318 3025 3025 3025 3025 4318 4318 3031 3031 3025 3025 3031 3031 3023 3023 3023 3023 3031 3031 4444 4444 3023 3023 4444 4444 4372 4372 4372 4372 4444 4444 4446 4446 4372 4372 4446 4446 4374 4374 4374 4374 4446 4446 4448 4448 4374 4374 4448 4448 4376 4376 4376 4376 4448 4448 4450 4450 4376 4376 4450 4450 4377 4377 4377 4377 4450 4450 4451 4451 4377 4377 4451 4451 4435 4435 4435 4435 4451 4451 4452 4452 3022 3022 3021 3021 4453 4453 4453 4453 3021 3021 4455 4455 4453 4453 4455 4455 4452 4452 4452 4452 4455 4455 4456 4456 4452 4452 4456 4456 4435 4435 4435 4435 4456 4456 4457 4457 4435 4435 4457 4457 4434 4434 4434 4434 4457 4457 4458 4458 4434 4434 4458 4458 4429 4429 4429 4429 4458 4458 4459 4459 4429 4429 4459 4459 4428 4428 4428 4428 4459 4459 4460 4460 4428 4428 4460 4460 4436 4436 4436 4436 4460 4460 4461 4461 4436 4436 4461 4461 4437 4437 4437 4437 4461 4461 4462 4462 4437 4437 4462 4462 4438 4438 4438 4438 4462 4462 4463 4463 4438 4438 4463 4463 4423 4423 4423 4423 4463 4463 4464 4464 4423 4423 4464 4464 4422 4422 4422 4422 4464 4464 4465 4465 4422 4422 4465 4465 3286 3286 3286 3286 4465 4465 4466 4466 3286 3286 4466 4466 3288 3288 3288 3288 4466 4466 3298 3298 3288 3288 3298 3298 3290 3290 3290 3290 3298 3298 3301 3301 3290 3290 3301 3301 4467 4467 3022 3022 4468 4468 3020 3020 3020 3020 4468 4468 4469 4469 3020 3020 4469 4469 4470 4470 4470 4470 4469 4469 4471 4471 4470 4470 4471 4471 4270 4270 4270 4270 4471 4471 4472 4472 4270 4270 4472 4472 4269 4269 4454 4454 4473 4473 3022 3022 3022 3022 4473 4473 4474 4474 3022 3022 4474 4474 4468 4468 4468 4468 4474 4474 4475 4475 4468 4468 4475 4475 4469 4469 4469 4469 4475 4475 4476 4476 4469 4469 4476 4476 4471 4471 4471 4471 4476 4476 4477 4477 4471 4471 4477 4477 4472 4472 4472 4472 4477 4477 4478 4478 4472 4472 4478 4478 4269 4269 4269 4269 4478 4478 4479 4479 4269 4269 4479 4479 4165 4165 4165 4165 4479 4479 4480 4480 4165 4165 4480 4480 4166 4166 3027 3027 4319 4319 3028 3028 3028 3028 4319 4319 4321 4321 3028 3028 4321 4321 4445 4445 4445 4445 4321 4321 4365 4365 4445 4445 4365 4365 4447 4447 4447 4447 4365 4365 4418 4418 4447 4447 4418 4418 4449 4449 4449 4449 4418 4418 4417 4417 4449 4449 4417 4417 4439 4439 4439 4439 4417 4417 4415 4415 4439 4439 4415 4415 4440 4440 4440 4440 4415 4415 4413 4413 4440 4440 4413 4413 4442 4442 4442 4442 4413 4413 4411 4411 4442 4442 4411 4411 4443 4443 4443 4443 4411 4411 4409 4409 4443 4443 4409 4409 4454 4454 4454 4454 4409 4409 4407 4407 4454 4454 4407 4407 4473 4473 4473 4473 4407 4407 4405 4405 4473 4473 4405 4405 4474 4474 4474 4474 4405 4405 4403 4403 4474 4474 4403 4403 4475 4475 4475 4475 4403 4403 4401 4401 4475 4475 4401 4401 4476 4476 4476 4476 4401 4401 4399 4399 4476 4476 4399 4399 4477 4477 4477 4477 4399 4399 4397 4397 4477 4477 4397 4397 4478 4478 4478 4478 4397 4397 4395 4395 4478 4478 4395 4395 4479 4479 4479 4479 4395 4395 4393 4393 4479 4479 4393 4393 4480 4480 4480 4480 4393 4393 4391 4391 4480 4480 4391 4391 4166 4166 4166 4166 4391 4391 4389 4389 4166 4166 4389 4389 4187 4187 4187 4187 4389 4389 4387 4387 4187 4187 4387 4387 4167 4167 4167 4167 4387 4387 4385 4385 4167 4167 4385 4385 4168 4168 4168 4168 4385 4385 4383 4383 4168 4168 4383 4383 4170 4170 4170 4170 4383 4383 4381 4381 4170 4170 4381 4381 4172 4172 4172 4172 4381 4381 4379 4379 4172 4172 4379 4379 4157 4157 4157 4157 4379 4379 4378 4378 4157 4157 4378 4378 4154 4154 4154 4154 4378 4378 4139 4139 4154 4154 4139 4139 3045 3045 3045 3045 4139 4139 4136 4136 3045 3045 4136 4136 3046 3046 3046 3046 4136 4136 4142 4142 3046 3046 4142 4142 4175 4175 3136 3136 3120 3120 3135 3135 3135 3135 3120 3120 3122 3122 3135 3135 3122 3122 4256 4256 4256 4256 3122 3122 3812 3812 4256 4256 3812 3812 4257 4257 4257 4257 3812 3812 3804 3804 4257 4257 3804 3804 4258 4258 4258 4258 3804 3804 3805 3805 4258 4258 3805 3805 4259 4259 4259 4259 3805 3805 3806 3806 4259 4259 3806 3806 4260 4260 4260 4260 3806 3806 3808 3808 4260 4260 3808 3808 4261 4261 4261 4261 3808 3808 3847 3847 4261 4261 3847 3847 4262 4262 4262 4262 3847 3847 3861 3861 4262 4262 3861 3861 4263 4263 4263 4263 3861 3861 3870 3870 4263 4263 3870 3870 4264 4264 4264 4264 3870 3870 3879 3879 4264 4264 3879 3879 4265 4265 4265 4265 3879 3879 3551 3551 4265 4265 3551 3551 4266 4266 4266 4266 3551 3551 3552 3552 4266 4266 3552 3552 4267 4267 4267 4267 3552 3552 3550 3550 4267 4267 3550 3550 4268 4268 4268 4268 3550 3550 3797 3797 4268 4268 3797 3797 4270 4270 4270 4270 3797 3797 3798 3798 4270 4270 3798 3798 4470 4470 4470 4470 3798 3798 3799 3799 4470 4470 3799 3799 3020 3020 3020 3020 3799 3799 3800 3800 3020 3020 3800 3800 3021 3021 3021 3021 3800 3800 3801 3801 3021 3021 3801 3801 4455 4455 4455 4455 3801 3801 3608 3608 4455 4455 3608 3608 4456 4456 4456 4456 3608 3608 3607 3607 4456 4456 3607 3607 4457 4457 4457 4457 3607 3607 3606 3606 4457 4457 3606 3606 4458 4458 4458 4458 3606 3606 3769 3769 4458 4458 3769 3769 4459 4459 4459 4459 3769 3769 3768 3768 4459 4459 3768 3768 4460 4460 4460 4460 3768 3768 3767 3767 4460 4460 3767 3767 4461 4461 4461 4461 3767 3767 3773 3773 4461 4461 3773 3773 4462 4462 4462 4462 3773 3773 3761 3761 4462 4462 3761 3761 4463 4463 4463 4463 3761 3761 3083 3083 4463 4463 3083 3083 4464 4464 4464 4464 3083 3083 3082 3082 4464 4464 3082 3082 4465 4465 4465 4465 3082 3082 3619 3619 4465 4465 3619 3619 4466 4466 4466 4466 3619 3619 3617 3617 4466 4466 3617 3617 3298 3298 3298 3298 3617 3617 3304 3304 3298 3298 3304 3304 3296 3296 3296 3296 3304 3304 3303 3303 4481 4481 4482 4482 4483 4483 4484 4484 4485 4485 4486 4486 4487 4487 4488 4488 4489 4489 4490 4490 4491 4491 4492 4492 217 217 4493 4493 4494 4494 4495 4495 4496 4496 4497 4497 4498 4498 4499 4499 4500 4500 4485 4485 4484 4484 4501 4501 4502 4502 4501 4501 4503 4503 4503 4503 4501 4501 4484 4484 4503 4503 4484 4484 4504 4504 4505 4505 4467 4467 3301 3301 3301 3301 4506 4506 4505 4505 4505 4505 4506 4506 4507 4507 217 217 215 215 4508 4508 4489 4489 4488 4488 4509 4509 4509 4509 4488 4488 4510 4510 4509 4509 4510 4510 4490 4490 4490 4490 4510 4510 4511 4511 4490 4490 4511 4511 4491 4491 4499 4499 4512 4512 4500 4500 4500 4500 4512 4512 4513 4513 4500 4500 4513 4513 4489 4489 4489 4489 4513 4513 4514 4514 4489 4489 4514 4514 4487 4487 4507 4507 4504 4504 4505 4505 4505 4505 4504 4504 4484 4484 4505 4505 4484 4484 4515 4515 4515 4515 4484 4484 4486 4486 4515 4515 4486 4486 4516 4516 4481 4481 4517 4517 4518 4518 217 217 4508 4508 4493 4493 4493 4493 4508 4508 4518 4518 4493 4493 4518 4518 4494 4494 4494 4494 4518 4518 4517 4517 4494 4494 4517 4517 4519 4519 4496 4496 4520 4520 4497 4497 4497 4497 4520 4520 4521 4521 4497 4497 4521 4521 4522 4522 4522 4522 4521 4521 4523 4523 4522 4522 4523 4523 4524 4524 4524 4524 4523 4523 4525 4525 4524 4524 4525 4525 4526 4526 4526 4526 4525 4525 4527 4527 4526 4526 4527 4527 4528 4528 4520 4520 4498 4498 4521 4521 4521 4521 4498 4498 4500 4500 4521 4521 4500 4500 4523 4523 4523 4523 4500 4500 4489 4489 4523 4523 4489 4489 4525 4525 4525 4525 4489 4489 4509 4509 4525 4525 4509 4509 4527 4527 4527 4527 4509 4509 4490 4490 4527 4527 4490 4490 4528 4528 4528 4528 4490 4490 4492 4492 4528 4528 4492 4492 219 219 3295 3295 3294 3294 4482 4482 4482 4482 3294 3294 3293 3293 4482 4482 3293 3293 4483 4483 4483 4483 3293 3293 3292 3292 4483 4483 3292 3292 3291 3291 4508 4508 4529 4529 4518 4518 4518 4518 4529 4529 4530 4530 4518 4518 4530 4530 4481 4481 4481 4481 4530 4530 4531 4531 4481 4481 4531 4531 4482 4482 4482 4482 4531 4531 4532 4532 4482 4482 4532 4532 3295 3295 3295 3295 4532 4532 3289 3289 4519 4519 4533 4533 4516 4516 4516 4516 4533 4533 4534 4534 4516 4516 4534 4534 4515 4515 4515 4515 4534 4534 4535 4535 4515 4515 4535 4535 4505 4505 4505 4505 4535 4535 3290 3290 4505 4505 3290 3290 4467 4467 4519 4519 4517 4517 4533 4533 4533 4533 4517 4517 4481 4481 4533 4533 4481 4481 4534 4534 4534 4534 4481 4481 4483 4483 4534 4534 4483 4483 4535 4535 4535 4535 4483 4483 3291 3291 4535 4535 3291 3291 3290 3290 4502 4502 4495 4495 4501 4501 4501 4501 4495 4495 4497 4497 4501 4501 4497 4497 4485 4485 4485 4485 4497 4497 4522 4522 4485 4485 4522 4522 4486 4486 4486 4486 4522 4522 4524 4524 4486 4486 4524 4524 4516 4516 4516 4516 4524 4524 4526 4526 4516 4516 4526 4526 4519 4519 4519 4519 4526 4526 4528 4528 4519 4519 4528 4528 4494 4494 4494 4494 4528 4528 219 219 4494 4494 219 219 217 217 219 219 4492 4492 4536 4536 4536 4536 4492 4492 4491 4491 4536 4536 4491 4491 4537 4537 4491 4491 4511 4511 4537 4537 4537 4537 4511 4511 4510 4510 4537 4537 4510 4510 4538 4538 4538 4538 4510 4510 4488 4488 4538 4538 4488 4488 4539 4539 4540 4540 4512 4512 4541 4541 4541 4541 4512 4512 494 494 4539 4539 4488 4488 4542 4542 4542 4542 4488 4488 4487 4487 4542 4542 4487 4487 4543 4543 4543 4543 4487 4487 4514 4514 4543 4543 4514 4514 4540 4540 4540 4540 4514 4514 4513 4513 4540 4540 4513 4513 4512 4512 236 236 240 240 4544 4544 4545 4545 4546 4546 4544 4544 4544 4544 4546 4546 4547 4547 4544 4544 4547 4547 236 236 261 261 224 224 4548 4548 4548 4548 224 224 4549 4549 240 240 242 242 3142 3142 240 240 3142 3142 4544 4544 4544 4544 3142 3142 3141 3141 4544 4544 3141 3141 3139 3139 3139 3139 3138 3138 4544 4544 4544 4544 3138 3138 3146 3146 4544 4544 3146 3146 4545 4545 4545 4545 3146 3146 3144 3144 4545 4545 3144 3144 3143 3143 224 224 223 223 4549 4549 4549 4549 223 223 278 278 4549 4549 278 278 4547 4547 4547 4547 278 278 279 279 4547 4547 279 279 236 236 4550 4550 4548 4548 4551 4551 4551 4551 4548 4548 4549 4549 4551 4551 4549 4549 4552 4552 4552 4552 4549 4549 4547 4547 4552 4552 4547 4547 4553 4553 4553 4553 4547 4547 4546 4546 306 306 261 261 4548 4548 4550 4550 1193 1193 4548 4548 4548 4548 1193 1193 1197 1197 1197 1197 392 392 4548 4548 4548 4548 392 392 393 393 4548 4548 393 393 306 306 3134 3134 284 284 283 283 4554 4554 4555 4555 4556 4556 4557 4557 4558 4558 4559 4559 4557 4557 4559 4559 4560 4560 4560 4560 4559 4559 4561 4561 4560 4560 4561 4561 4562 4562 4562 4562 4561 4561 4563 4563 4562 4562 4563 4563 4564 4564 4564 4564 4563 4563 4565 4565 4565 4565 4563 4563 4566 4566 4565 4565 4566 4566 4567 4567 4568 4568 4569 4569 4563 4563 4563 4563 4569 4569 4570 4570 4563 4563 4570 4570 4566 4566 4571 4571 4572 4572 4573 4573 4573 4573 4572 4572 259 259 4573 4573 259 259 258 258 4574 4574 222 222 4575 4575 4575 4575 222 222 221 221 4575 4575 221 221 4576 4576 4576 4576 221 221 255 255 4576 4576 255 255 4572 4572 4572 4572 255 255 260 260 4572 4572 260 260 259 259 4555 4555 4554 4554 3125 3125 3125 3125 4554 4554 4577 4577 3125 3125 4577 4577 3123 3123 4558 4558 4578 4578 4559 4559 4559 4559 4578 4578 4579 4579 4559 4559 4579 4579 4556 4556 4556 4556 4579 4579 4580 4580 4556 4556 4580 4580 4554 4554 294 294 228 228 4574 4574 4574 4574 228 228 227 227 4574 4574 227 227 222 222 294 294 4574 4574 4581 4581 294 294 4581 4581 283 283 283 283 4581 4581 4582 4582 283 283 4582 4582 3134 3134 3125 3125 3127 3127 4555 4555 4555 4555 3127 3127 3128 3128 4555 4555 3128 3128 3130 3130 3131 3131 4583 4583 3132 3132 3132 3132 4583 4583 3133 3133 3130 3130 3133 3133 4555 4555 4555 4555 3133 3133 4583 4583 4555 4555 4583 4583 4556 4556 4556 4556 4583 4583 4584 4584 4556 4556 4584 4584 4559 4559 4559 4559 4584 4584 4585 4585 4559 4559 4585 4585 4561 4561 4561 4561 4585 4585 4586 4586 4561 4561 4586 4586 4563 4563 4563 4563 4586 4586 4587 4587 4563 4563 4587 4587 4568 4568 4568 4568 4587 4587 4588 4588 3121 3121 3120 3120 4582 4582 4582 4582 3120 3120 3136 3136 4582 4582 3136 3136 3134 3134 4571 4571 4588 4588 4572 4572 4572 4572 4588 4588 4587 4587 4572 4572 4587 4587 4576 4576 4576 4576 4587 4587 4586 4586 4576 4576 4586 4586 4575 4575 4575 4575 4586 4586 4585 4585 4575 4575 4585 4585 4574 4574 4574 4574 4585 4585 4584 4584 4574 4574 4584 4584 4581 4581 4581 4581 4584 4584 4583 4583 4581 4581 4583 4583 4582 4582 4582 4582 4583 4583 3131 3131 4582 4582 3131 3131 3121 3121 311 311 419 419 4589 4589 4590 4590 4591 4591 4592 4592 4592 4592 4591 4591 4593 4593 4592 4592 4593 4593 4566 4566 4566 4566 4593 4593 4594 4594 4566 4566 4594 4594 4567 4567 4566 4566 4570 4570 4592 4592 4592 4592 4570 4570 4569 4569 4592 4592 4569 4569 4595 4595 4595 4595 4569 4569 4568 4568 4595 4595 4568 4568 4596 4596 4596 4596 4568 4568 4588 4588 4596 4596 4588 4588 4597 4597 4597 4597 4588 4588 4571 4571 4597 4597 4571 4571 4589 4589 4589 4589 4571 4571 4573 4573 4589 4589 4573 4573 311 311 311 311 4573 4573 258 258 4598 4598 4599 4599 4600 4600 4601 4601 4602 4602 4603 4603 4604 4604 4605 4605 4606 4606 4607 4607 4608 4608 4600 4600 4609 4609 4610 4610 4611 4611 4612 4612 4609 4609 4613 4613 4613 4613 4609 4609 4611 4611 4613 4613 4611 4611 4614 4614 4614 4614 4611 4611 4608 4608 4614 4614 4608 4608 4615 4615 4615 4615 4608 4608 4607 4607 4616 4616 4617 4617 4618 4618 4618 4618 4617 4617 4619 4619 4618 4618 4619 4619 4599 4599 4599 4599 4619 4619 4620 4620 4599 4599 4620 4620 4600 4600 4600 4600 4620 4620 4621 4621 4600 4600 4621 4621 4607 4607 1199 1199 1200 1200 4622 4622 4622 4622 1200 1200 4623 4623 4624 4624 4601 4601 4625 4625 839 839 838 838 4622 4622 1199 1199 4622 4622 1198 1198 1198 1198 4622 4622 838 838 1198 1198 838 838 840 840 4601 4601 4603 4603 4625 4625 4625 4625 4603 4603 4626 4626 4625 4625 4626 4626 4627 4627 4627 4627 4626 4626 4628 4628 4627 4627 4628 4628 4629 4629 4630 4630 4631 4631 4632 4632 4632 4632 4633 4633 4630 4630 4630 4630 4633 4633 4629 4629 4630 4630 4629 4629 4634 4634 4634 4634 4629 4629 4628 4628 4635 4635 842 842 841 841 4635 4635 841 841 4636 4636 4624 4624 4625 4625 4637 4637 4637 4637 4625 4625 4627 4627 4637 4637 4627 4627 4636 4636 4636 4636 4627 4627 4629 4629 4636 4636 4629 4629 4635 4635 4635 4635 4629 4629 4633 4633 4635 4635 4633 4633 4638 4638 4598 4598 4600 4600 4639 4639 4639 4639 4600 4600 4608 4608 4639 4639 4608 4608 4640 4640 4640 4640 4608 4608 4611 4611 4640 4640 4611 4611 4641 4641 4641 4641 4611 4611 4610 4610 4641 4641 4610 4610 4642 4642 4643 4643 1196 1196 4606 4606 4606 4606 1196 1196 1194 1194 4606 4606 1194 1194 4604 4604 4604 4604 1194 1194 1193 1193 1200 1200 1201 1201 4623 4623 4623 4623 1201 1201 1204 1204 4623 4623 1204 1204 4644 4644 4644 4644 1204 1204 1203 1203 4644 4644 1203 1203 4643 4643 4643 4643 1203 1203 1202 1202 4643 4643 1202 1202 1196 1196 4598 4598 4644 4644 4599 4599 4599 4599 4644 4644 4643 4643 4599 4599 4643 4643 4618 4618 4618 4618 4643 4643 4606 4606 4618 4618 4606 4606 4616 4616 4616 4616 4606 4606 4605 4605 845 845 842 842 4645 4645 4645 4645 842 842 4635 4635 4645 4645 4635 4635 4638 4638 841 841 843 843 4636 4636 4636 4636 843 843 844 844 4636 4636 844 844 4637 4637 4637 4637 844 844 839 839 4637 4637 839 839 4624 4624 4624 4624 839 839 4622 4622 4624 4624 4622 4622 4601 4601 4601 4601 4622 4622 4623 4623 4601 4601 4623 4623 4602 4602 4602 4602 4623 4623 4644 4644 4602 4602 4644 4644 4603 4603 4603 4603 4644 4644 4598 4598 4603 4603 4598 4598 4626 4626 4626 4626 4598 4598 4639 4639 4626 4626 4639 4639 4628 4628 4628 4628 4639 4639 4640 4640 4628 4628 4640 4640 4634 4634 4634 4634 4640 4640 4641 4641 4634 4634 4641 4641 4630 4630 4630 4630 4641 4641 4642 4642 4630 4630 4642 4642 4631 4631 4646 4646 4647 4647 4648 4648 4649 4649 4650 4650 4651 4651 4652 4652 4653 4653 4650 4650 4654 4654 4655 4655 4653 4653 4656 4656 4657 4657 4658 4658 4659 4659 4660 4660 4661 4661 823 823 822 822 4662 4662 4663 4663 4664 4664 4665 4665 4666 4666 4667 4667 4662 4662 4668 4668 4669 4669 4670 4670 4671 4671 4672 4672 4673 4673 4674 4674 4675 4675 4676 4676 4674 4674 4676 4676 4677 4677 4678 4678 4647 4647 4679 4679 4679 4679 4647 4647 4646 4646 4679 4679 4646 4646 4680 4680 4681 4681 4671 4671 4682 4682 4682 4682 4671 4671 4673 4673 4682 4682 4673 4673 4683 4683 4683 4683 4673 4673 4684 4684 4685 4685 4686 4686 4687 4687 4687 4687 4686 4686 4688 4688 4687 4687 4688 4688 4689 4689 4689 4689 4688 4688 4690 4690 4689 4689 4690 4690 4684 4684 4685 4685 4687 4687 4691 4691 4691 4691 4687 4687 4692 4692 4691 4691 4692 4692 4693 4693 4693 4693 4692 4692 4694 4694 4693 4693 4694 4694 4695 4695 4695 4695 4694 4694 4696 4696 4696 4696 4694 4694 4697 4697 4696 4696 4697 4697 4698 4698 4698 4698 4697 4697 4699 4699 4699 4699 4697 4697 4700 4700 4699 4699 4700 4700 4701 4701 4701 4701 4700 4700 4702 4702 4702 4702 4700 4700 4703 4703 4702 4702 4703 4703 4704 4704 4704 4704 4703 4703 4705 4705 4705 4705 4703 4703 4706 4706 4705 4705 4706 4706 4707 4707 4707 4707 4706 4706 4708 4708 4708 4708 4706 4706 4709 4709 4708 4708 4709 4709 4710 4710 4711 4711 4712 4712 4713 4713 4713 4713 4712 4712 4714 4714 4713 4713 4714 4714 4715 4715 4715 4715 4714 4714 4716 4716 4715 4715 4716 4716 4717 4717 4717 4717 4716 4716 4718 4718 4668 4668 4670 4670 4719 4719 4719 4719 4670 4670 4720 4720 4719 4719 4720 4720 4721 4721 4721 4721 4720 4720 4722 4722 4721 4721 4722 4722 4723 4723 4723 4723 4722 4722 4724 4724 4724 4724 4722 4722 4725 4725 4724 4724 4725 4725 4726 4726 4726 4726 4725 4725 4727 4727 4727 4727 4725 4725 4728 4728 4727 4727 4728 4728 4729 4729 4729 4729 4728 4728 4730 4730 4730 4730 4728 4728 4731 4731 4730 4730 4731 4731 4732 4732 4732 4732 4731 4731 4733 4733 4733 4733 4731 4731 4734 4734 4733 4733 4734 4734 4735 4735 4735 4735 4734 4734 4736 4736 4736 4736 4734 4734 4737 4737 4736 4736 4737 4737 4738 4738 4738 4738 4737 4737 4739 4739 4739 4739 4737 4737 4740 4740 4739 4739 4740 4740 4741 4741 4741 4741 4740 4740 4742 4742 4741 4741 4742 4742 4743 4743 4743 4743 4742 4742 4744 4744 4744 4744 4742 4742 4745 4745 4744 4744 4745 4745 4746 4746 4746 4746 4745 4745 4747 4747 4747 4747 4745 4745 4748 4748 4747 4747 4748 4748 4749 4749 4749 4749 4748 4748 4750 4750 4750 4750 4748 4748 4751 4751 4750 4750 4751 4751 4752 4752 4752 4752 4751 4751 4753 4753 4753 4753 4751 4751 4754 4754 4753 4753 4754 4754 4755 4755 4754 4754 4610 4610 4609 4609 4755 4755 4754 4754 4756 4756 4756 4756 4754 4754 4609 4609 4756 4756 4609 4609 4612 4612 4638 4638 4633 4633 4757 4757 4758 4758 4663 4663 4759 4759 4758 4758 4667 4667 4760 4760 4760 4760 4667 4667 4666 4666 4760 4760 4666 4666 4761 4761 4638 4638 4762 4762 4645 4645 4645 4645 4762 4762 4763 4763 4763 4763 848 848 847 847 4763 4763 847 847 4645 4645 4645 4645 847 847 846 846 4645 4645 846 846 845 845 834 834 832 832 4764 4764 4638 4638 4757 4757 4762 4762 4762 4762 4757 4757 4765 4765 4762 4762 4765 4765 4764 4764 4764 4764 4765 4765 4766 4766 4764 4764 4766 4766 834 834 4767 4767 826 826 825 825 4758 4758 4759 4759 4667 4667 4667 4667 4759 4759 4767 4767 4667 4667 4767 4767 4662 4662 4662 4662 4767 4767 825 825 4662 4662 825 825 823 823 829 829 828 828 4766 4766 4766 4766 828 828 835 835 4766 4766 835 835 834 834 4633 4633 4768 4768 4757 4757 4757 4757 4768 4768 4761 4761 4757 4757 4761 4761 4765 4765 4765 4765 4761 4761 4666 4666 4765 4765 4666 4666 4766 4766 4766 4766 4666 4666 4662 4662 4766 4766 4662 4662 829 829 829 829 4662 4662 822 822 832 832 831 831 4764 4764 4764 4764 831 831 549 549 4764 4764 549 549 4762 4762 4762 4762 549 549 548 548 4762 4762 548 548 4763 4763 4763 4763 548 548 849 849 4763 4763 849 849 848 848 4664 4664 4659 4659 4769 4769 4660 4660 4656 4656 4770 4770 4664 4664 4769 4769 4665 4665 4665 4665 4769 4769 4771 4771 4665 4665 4771 4771 4772 4772 4660 4660 4770 4770 4661 4661 4661 4661 4770 4770 4773 4773 4661 4661 4773 4773 4774 4774 4657 4657 4655 4655 4658 4658 4658 4658 4655 4655 4654 4654 4658 4658 4654 4654 4775 4775 4653 4653 4652 4652 4654 4654 4654 4654 4652 4652 4776 4776 4654 4654 4776 4776 4775 4775 808 808 810 810 4773 4773 4773 4773 810 810 815 815 4773 4773 815 815 4774 4774 4774 4774 815 815 814 814 4774 4774 814 814 812 812 4659 4659 4661 4661 4769 4769 4769 4769 4661 4661 4774 4774 4769 4769 4774 4774 4771 4771 4771 4771 4774 4774 812 812 4771 4771 812 812 811 811 4777 4777 794 794 796 796 800 800 798 798 4778 4778 4778 4778 798 798 797 797 4650 4650 4649 4649 4652 4652 4652 4652 4649 4649 4778 4778 4652 4652 4778 4778 4776 4776 4776 4776 4778 4778 797 797 4776 4776 797 797 807 807 807 807 806 806 4776 4776 4776 4776 806 806 804 804 4776 4776 804 804 4775 4775 4775 4775 804 804 802 802 4775 4775 802 802 801 801 4656 4656 4658 4658 4770 4770 4770 4770 4658 4658 4775 4775 4770 4770 4775 4775 4773 4773 4773 4773 4775 4775 801 801 4773 4773 801 801 808 808 811 811 821 821 4771 4771 4771 4771 821 821 820 820 4771 4771 820 820 4772 4772 4772 4772 820 820 819 819 4772 4772 819 819 818 818 4663 4663 4665 4665 4759 4759 4759 4759 4665 4665 4772 4772 4759 4759 4772 4772 4767 4767 4767 4767 4772 4772 818 818 4767 4767 818 818 826 826 4779 4779 4780 4780 4781 4781 4781 4781 4780 4780 4782 4782 4781 4781 4782 4782 4651 4651 4651 4651 4782 4782 4783 4783 4651 4651 4783 4783 4649 4649 4649 4649 4783 4783 4777 4777 4649 4649 4777 4777 4778 4778 4778 4778 4777 4777 796 796 4778 4778 796 796 800 800 4678 4678 4677 4677 4647 4647 4647 4647 4677 4677 4676 4676 4647 4647 4676 4676 4648 4648 4648 4648 4676 4676 4784 4784 4648 4648 4784 4784 4785 4785 4785 4785 4784 4784 4786 4786 4785 4785 4786 4786 4787 4787 4787 4787 4786 4786 4788 4788 4787 4787 4788 4788 4789 4789 4789 4789 4788 4788 4790 4790 4789 4789 4790 4790 4791 4791 4791 4791 4790 4790 4792 4792 4791 4791 4792 4792 4793 4793 4793 4793 4792 4792 4794 4794 4793 4793 4794 4794 4795 4795 4795 4795 4794 4794 4796 4796 4795 4795 4796 4796 4797 4797 4797 4797 4796 4796 4798 4798 4797 4797 4798 4798 4799 4799 4799 4799 4798 4798 4800 4800 4801 4801 4802 4802 788 788 788 788 4802 4802 783 783 793 793 4803 4803 791 791 791 791 4803 4803 4801 4801 791 791 4801 4801 790 790 790 790 4801 4801 788 788 4804 4804 4805 4805 552 552 552 552 4805 4805 774 774 552 552 551 551 4804 4804 4804 4804 551 551 775 775 4804 4804 775 775 4806 4806 4806 4806 775 775 777 777 4806 4806 777 777 4807 4807 4807 4807 777 777 779 779 779 779 782 782 4807 4807 4807 4807 782 782 781 781 4807 4807 781 781 4808 4808 781 781 787 787 4808 4808 4808 4808 787 787 786 786 4808 4808 786 786 4802 4802 4802 4802 786 786 784 784 4802 4802 784 784 783 783 4809 4809 4810 4810 773 773 773 773 4810 4810 767 767 4811 4811 758 758 764 764 4811 4811 764 764 4812 4812 764 764 762 762 4812 4812 4812 4812 762 762 761 761 4812 4812 761 761 4810 4810 4810 4810 761 761 768 768 4810 4810 768 768 767 767 4813 4813 4814 4814 4815 4815 4815 4815 4814 4814 4816 4816 4815 4815 4816 4816 4817 4817 757 757 4818 4818 752 752 752 752 4818 4818 4813 4813 752 752 4813 4813 753 753 753 753 4813 4813 4815 4815 753 753 4815 4815 554 554 554 554 4815 4815 555 555 757 757 755 755 4818 4818 4818 4818 755 755 754 754 4818 4818 754 754 4811 4811 4811 4811 754 754 759 759 4811 4811 759 759 758 758 773 773 772 772 4809 4809 4809 4809 772 772 770 770 4809 4809 770 770 4805 4805 4805 4805 770 770 769 769 4805 4805 769 769 774 774 4684 4684 4673 4673 4689 4689 4689 4689 4673 4673 4819 4819 4689 4689 4819 4819 4687 4687 4687 4687 4819 4819 4820 4820 4687 4687 4820 4820 4692 4692 4692 4692 4820 4820 4821 4821 4692 4692 4821 4821 4694 4694 4694 4694 4821 4821 4822 4822 4694 4694 4822 4822 4697 4697 4697 4697 4822 4822 4823 4823 4697 4697 4823 4823 4700 4700 4700 4700 4823 4823 4824 4824 4700 4700 4824 4824 4703 4703 4703 4703 4824 4824 4825 4825 4703 4703 4825 4825 4706 4706 4706 4706 4825 4825 4826 4826 4706 4706 4826 4826 4709 4709 4709 4709 4826 4826 4827 4827 4709 4709 4827 4827 4828 4828 4828 4828 4827 4827 4829 4829 4828 4828 4829 4829 4779 4779 4779 4779 4829 4829 4830 4830 4779 4779 4830 4830 4780 4780 4672 4672 4680 4680 4673 4673 4673 4673 4680 4680 4646 4646 4673 4673 4646 4646 4819 4819 4819 4819 4646 4646 4648 4648 4819 4819 4648 4648 4820 4820 4820 4820 4648 4648 4785 4785 4820 4820 4785 4785 4821 4821 4821 4821 4785 4785 4787 4787 4821 4821 4787 4787 4822 4822 4822 4822 4787 4787 4789 4789 4822 4822 4789 4789 4823 4823 4823 4823 4789 4789 4791 4791 4823 4823 4791 4791 4824 4824 4824 4824 4791 4791 4793 4793 4824 4824 4793 4793 4825 4825 4825 4825 4793 4793 4795 4795 4825 4825 4795 4795 4826 4826 4826 4826 4795 4795 4797 4797 4826 4826 4797 4797 4827 4827 4827 4827 4797 4797 4799 4799 4827 4827 4799 4799 4829 4829 4829 4829 4799 4799 4800 4800 4829 4829 4800 4800 4830 4830 4631 4631 4642 4642 4831 4831 4631 4631 4831 4831 4632 4632 4642 4642 4610 4610 4831 4831 4831 4831 4610 4610 4754 4754 4831 4831 4754 4754 4832 4832 4832 4832 4754 4754 4751 4751 4832 4832 4751 4751 4833 4833 4833 4833 4751 4751 4748 4748 4833 4833 4748 4748 4834 4834 4834 4834 4748 4748 4745 4745 4834 4834 4745 4745 4835 4835 4835 4835 4745 4745 4742 4742 4835 4835 4742 4742 4836 4836 4836 4836 4742 4742 4740 4740 4836 4836 4740 4740 4837 4837 4837 4837 4740 4740 4737 4737 4837 4837 4737 4737 4838 4838 4838 4838 4737 4737 4734 4734 4838 4838 4734 4734 4839 4839 4839 4839 4734 4734 4731 4731 4839 4839 4731 4731 4840 4840 4840 4840 4731 4731 4728 4728 4840 4840 4728 4728 4841 4841 4841 4841 4728 4728 4725 4725 4841 4841 4725 4725 4842 4842 4842 4842 4725 4725 4722 4722 4842 4842 4722 4722 4843 4843 4843 4843 4722 4722 4720 4720 4843 4843 4720 4720 4844 4844 4844 4844 4720 4720 4670 4670 4844 4844 4670 4670 4713 4713 4713 4713 4670 4670 4669 4669 4713 4713 4669 4669 4711 4711 555 555 4815 4815 557 557 557 557 4815 4815 4817 4817 557 557 4817 4817 750 750 750 750 4817 4817 4845 4845 750 750 4845 4845 745 745 4675 4675 4814 4814 4676 4676 4676 4676 4814 4814 4813 4813 4676 4676 4813 4813 4784 4784 4784 4784 4813 4813 4818 4818 4784 4784 4818 4818 4786 4786 4786 4786 4818 4818 4811 4811 4786 4786 4811 4811 4788 4788 4788 4788 4811 4811 4812 4812 4788 4788 4812 4812 4790 4790 4790 4790 4812 4812 4810 4810 4790 4790 4810 4810 4792 4792 4792 4792 4810 4810 4809 4809 4792 4792 4809 4809 4794 4794 4794 4794 4809 4809 4805 4805 4794 4794 4805 4805 4796 4796 4796 4796 4805 4805 4804 4804 4796 4796 4804 4804 4798 4798 4798 4798 4804 4804 4806 4806 4798 4798 4806 4806 4800 4800 4800 4800 4806 4806 4807 4807 4800 4800 4807 4807 4830 4830 4830 4830 4807 4807 4808 4808 4830 4830 4808 4808 4780 4780 4780 4780 4808 4808 4802 4802 4780 4780 4802 4802 4782 4782 4782 4782 4802 4802 4801 4801 4782 4782 4801 4801 4783 4783 4783 4783 4801 4801 4803 4803 4783 4783 4803 4803 4777 4777 4777 4777 4803 4803 793 793 4777 4777 793 793 794 794 4633 4633 4632 4632 4768 4768 4768 4768 4632 4632 4831 4831 4768 4768 4831 4831 4761 4761 4761 4761 4831 4831 4832 4832 4761 4761 4832 4832 4760 4760 4760 4760 4832 4832 4833 4833 4760 4760 4833 4833 4758 4758 4758 4758 4833 4833 4834 4834 4758 4758 4834 4834 4663 4663 4663 4663 4834 4834 4835 4835 4663 4663 4835 4835 4664 4664 4664 4664 4835 4835 4836 4836 4664 4664 4836 4836 4659 4659 4659 4659 4836 4836 4837 4837 4659 4659 4837 4837 4660 4660 4660 4660 4837 4837 4838 4838 4660 4660 4838 4838 4656 4656 4656 4656 4838 4838 4839 4839 4656 4656 4839 4839 4657 4657 4657 4657 4839 4839 4840 4840 4657 4657 4840 4840 4655 4655 4655 4655 4840 4840 4841 4841 4655 4655 4841 4841 4653 4653 4653 4653 4841 4841 4842 4842 4653 4653 4842 4842 4650 4650 4650 4650 4842 4842 4843 4843 4650 4650 4843 4843 4651 4651 4651 4651 4843 4843 4844 4844 4651 4651 4844 4844 4781 4781 4781 4781 4844 4844 4713 4713 4781 4781 4713 4713 4779 4779 4779 4779 4713 4713 4715 4715 4779 4779 4715 4715 4828 4828 4828 4828 4715 4715 4717 4717 4828 4828 4717 4717 4709 4709 4709 4709 4717 4717 4718 4718 4709 4709 4718 4718 4710 4710 4846 4846 4847 4847 4848 4848 4849 4849 4850 4850 748 748 4851 4851 448 448 452 452 457 457 458 458 4852 4852 459 459 456 456 4853 4853 4854 4854 4855 4855 4852 4852 4856 4856 4857 4857 4858 4858 4681 4681 4859 4859 4860 4860 4860 4860 4859 4859 4861 4861 4860 4860 4861 4861 4862 4862 4863 4863 4672 4672 4860 4860 4860 4860 4672 4672 4671 4671 4860 4860 4671 4671 4681 4681 4848 4848 4679 4679 4863 4863 4863 4863 4679 4679 4680 4680 4863 4863 4680 4680 4672 4672 4675 4675 4674 4674 4864 4864 4864 4864 4674 4674 4677 4677 4864 4864 4677 4677 4678 4678 4865 4865 4816 4816 4814 4814 747 747 746 746 4866 4866 4866 4866 746 746 745 745 4866 4866 745 745 4845 4845 4816 4816 4865 4865 4817 4817 4845 4845 4817 4817 4866 4866 4866 4866 4817 4817 4865 4865 4866 4866 4865 4865 4864 4864 4864 4864 4865 4865 4814 4814 4864 4864 4814 4814 4675 4675 455 455 454 454 4867 4867 4867 4867 454 454 453 453 4867 4867 453 453 4868 4868 4868 4868 453 453 449 449 4868 4868 449 449 448 448 4847 4847 4846 4846 4849 4849 4849 4849 4846 4846 4869 4869 4849 4849 4869 4869 4850 4850 4850 4850 4869 4869 4868 4868 4850 4850 4868 4868 4851 4851 4851 4851 4868 4868 448 448 4870 4870 4871 4871 4872 4872 4872 4872 4871 4871 4873 4873 4872 4872 4873 4873 4858 4858 4858 4858 4873 4873 4874 4874 4858 4858 4874 4874 4856 4856 4856 4856 4874 4874 4875 4875 4856 4856 4875 4875 4876 4876 4876 4876 4875 4875 4877 4877 458 458 459 459 4852 4852 4852 4852 459 459 4853 4853 4852 4852 4853 4853 4854 4854 4854 4854 4853 4853 4878 4878 422 422 457 457 4879 4879 4879 4879 457 457 4852 4852 4879 4879 4852 4852 4880 4880 4880 4880 4852 4852 4855 4855 4880 4880 4855 4855 4881 4881 4881 4881 4855 4855 4882 4882 4878 4878 4870 4870 4854 4854 4854 4854 4870 4870 4872 4872 4854 4854 4872 4872 4855 4855 4855 4855 4872 4872 4858 4858 4855 4855 4858 4858 4882 4882 4882 4882 4858 4858 4857 4857 452 452 751 751 4851 4851 4851 4851 751 751 976 976 4851 4851 976 976 4850 4850 4850 4850 976 976 749 749 4850 4850 749 749 748 748 748 748 747 747 4849 4849 4849 4849 747 747 4866 4866 4849 4849 4866 4866 4847 4847 4847 4847 4866 4866 4864 4864 4847 4847 4864 4864 4848 4848 4848 4848 4864 4864 4678 4678 4848 4848 4678 4678 4679 4679 4862 4862 4877 4877 4860 4860 4860 4860 4877 4877 4875 4875 4860 4860 4875 4875 4863 4863 4863 4863 4875 4875 4874 4874 4863 4863 4874 4874 4848 4848 4848 4848 4874 4874 4873 4873 4848 4848 4873 4873 4846 4846 4846 4846 4873 4873 4871 4871 4846 4846 4871 4871 4869 4869 4869 4869 4871 4871 4870 4870 4869 4869 4870 4870 4868 4868 4868 4868 4870 4870 4878 4878 4868 4868 4878 4878 4867 4867 4867 4867 4878 4878 4853 4853 4867 4867 4853 4853 455 455 455 455 4853 4853 456 456 4883 4883 4884 4884 4885 4885 4886 4886 4887 4887 4888 4888 4889 4889 4890 4890 4891 4891 683 683 687 687 4885 4885 559 559 558 558 4886 4886 4892 4892 4893 4893 4894 4894 4895 4895 489 489 4896 4896 485 485 487 487 4895 4895 4895 4895 487 487 488 488 4895 4895 488 488 489 489 724 724 723 723 4897 4897 4897 4897 723 723 725 725 484 484 482 482 727 727 727 727 482 482 481 481 727 727 481 481 485 485 714 714 721 721 4887 4887 4887 4887 721 721 719 719 4887 4887 719 719 4897 4897 4897 4897 719 719 718 718 4897 4897 718 718 724 724 558 558 713 713 4886 4886 4886 4886 713 713 717 717 4886 4886 717 717 4887 4887 4887 4887 717 717 715 715 4887 4887 715 715 714 714 559 559 4886 4886 4898 4898 4898 4898 4886 4886 4899 4899 4898 4898 4899 4899 4900 4900 562 562 561 561 4898 4898 4898 4898 561 561 712 712 4898 4898 712 712 559 559 4901 4901 710 710 709 709 708 708 707 707 4901 4901 4901 4901 707 707 711 711 4901 4901 711 711 710 710 695 695 4902 4902 688 688 688 688 4902 4902 4903 4903 695 695 697 697 4902 4902 4902 4902 697 697 705 705 4902 4902 705 705 704 704 693 693 691 691 4903 4903 4903 4903 691 691 689 689 4903 4903 689 689 688 688 686 686 565 565 4904 4904 4904 4904 565 565 564 564 4904 4904 564 564 694 694 678 678 680 680 4905 4905 4905 4905 680 680 681 681 4905 4905 681 681 684 684 4905 4905 4906 4906 4907 4907 4908 4908 676 676 677 677 678 678 4905 4905 677 677 677 677 4905 4905 4907 4907 677 677 4907 4907 4908 4908 4906 4906 4905 4905 4909 4909 4909 4909 4905 4905 4910 4910 4909 4909 4910 4910 4911 4911 4593 4593 4591 4591 4912 4912 4912 4912 4591 4591 4590 4590 4912 4912 4590 4590 4910 4910 4910 4910 4590 4590 4913 4913 4910 4910 4913 4913 4911 4911 4594 4594 4593 4593 4914 4914 4914 4914 4593 4593 4912 4912 4914 4914 4912 4912 4915 4915 4915 4915 4912 4912 4916 4916 4917 4917 4918 4918 4919 4919 4919 4919 4918 4918 4920 4920 4919 4919 4920 4920 4916 4916 4921 4921 4922 4922 4917 4917 4917 4917 4922 4922 4923 4923 4917 4917 4923 4923 4918 4918 4924 4924 4925 4925 4921 4921 4921 4921 4925 4925 4926 4926 4921 4921 4926 4926 4922 4922 4927 4927 4928 4928 4924 4924 4924 4924 4928 4928 4929 4929 4924 4924 4929 4929 4925 4925 4930 4930 4931 4931 4927 4927 4927 4927 4931 4931 4932 4932 4927 4927 4932 4932 4928 4928 4933 4933 4934 4934 4935 4935 4935 4935 4934 4934 4936 4936 4935 4935 4936 4936 4930 4930 4930 4930 4936 4936 4937 4937 4930 4930 4937 4937 4931 4931 4938 4938 4939 4939 4933 4933 4933 4933 4939 4939 4940 4940 4933 4933 4940 4940 4934 4934 4888 4888 4895 4895 4894 4894 4894 4894 4895 4895 4896 4896 4894 4894 4896 4896 4892 4892 4892 4892 4896 4896 4941 4941 4892 4892 4941 4941 4942 4942 4919 4919 4884 4884 4917 4917 4917 4917 4884 4884 4883 4883 4917 4917 4883 4883 4921 4921 4921 4921 4883 4883 4943 4943 4921 4921 4943 4943 4924 4924 4924 4924 4943 4943 4944 4944 4924 4924 4944 4944 4927 4927 4927 4927 4944 4944 4945 4945 4927 4927 4945 4945 4930 4930 4930 4930 4945 4945 4946 4946 4930 4930 4946 4946 4935 4935 4935 4935 4946 4946 4947 4947 4935 4935 4947 4947 4933 4933 701 701 699 699 4948 4948 4948 4948 699 699 708 708 4948 4948 708 708 4900 4900 4900 4900 708 708 4901 4901 4900 4900 4901 4901 4898 4898 4898 4898 4901 4901 709 709 4898 4898 709 709 562 562 4888 4888 4887 4887 4895 4895 4895 4895 4887 4887 4897 4897 4895 4895 4897 4897 485 485 485 485 4897 4897 725 725 485 485 725 725 727 727 693 693 4903 4903 4949 4949 4949 4949 4903 4903 4902 4902 4949 4949 4902 4902 4950 4950 4950 4950 4902 4902 704 704 4950 4950 704 704 4948 4948 4948 4948 704 704 703 703 4948 4948 703 703 701 701 4916 4916 4912 4912 4919 4919 4919 4919 4912 4912 4910 4910 4919 4919 4910 4910 4884 4884 4884 4884 4910 4910 4905 4905 4884 4884 4905 4905 4885 4885 4885 4885 4905 4905 684 684 4885 4885 684 684 683 683 4893 4893 4889 4889 4894 4894 4894 4894 4889 4889 4891 4891 4894 4894 4891 4891 4888 4888 4888 4888 4891 4891 4951 4951 4888 4888 4951 4951 4886 4886 4886 4886 4951 4951 4952 4952 4886 4886 4952 4952 4899 4899 4899 4899 4952 4952 4953 4953 4899 4899 4953 4953 4900 4900 4900 4900 4953 4953 4954 4954 4900 4900 4954 4954 4948 4948 4948 4948 4954 4954 4955 4955 4948 4948 4955 4955 4950 4950 4950 4950 4955 4955 4956 4956 4950 4950 4956 4956 4949 4949 4949 4949 4956 4956 4904 4904 4949 4949 4904 4904 693 693 693 693 4904 4904 694 694 687 687 686 686 4885 4885 4885 4885 686 686 4904 4904 4885 4885 4904 4904 4883 4883 4883 4883 4904 4904 4956 4956 4883 4883 4956 4956 4943 4943 4943 4943 4956 4956 4955 4955 4943 4943 4955 4955 4944 4944 4944 4944 4955 4955 4954 4954 4944 4944 4954 4954 4945 4945 4945 4945 4954 4954 4953 4953 4945 4945 4953 4953 4946 4946 4946 4946 4953 4953 4952 4952 4946 4946 4952 4952 4947 4947 4947 4947 4952 4952 4951 4951 4947 4947 4951 4951 4933 4933 4933 4933 4951 4951 4891 4891 4933 4933 4891 4891 4938 4938 4938 4938 4891 4891 4890 4890 676 676 4908 4908 672 672 672 672 4908 4908 4957 4957 672 672 4957 4957 671 671 671 671 4957 4957 669 669 4958 4958 674 674 673 673 674 674 4958 4958 675 675 675 675 4958 4958 4959 4959 675 675 4959 4959 667 667 522 522 665 665 502 502 502 502 665 665 568 568 502 502 568 568 4959 4959 4959 4959 568 568 567 567 4959 4959 567 567 667 667 4590 4590 4592 4592 4913 4913 4913 4913 4592 4592 4960 4960 4913 4913 4960 4960 4911 4911 4911 4911 4960 4960 4961 4961 4907 4907 4906 4906 4961 4961 4961 4961 4906 4906 4909 4909 4961 4961 4909 4909 4911 4911 514 514 4962 4962 511 511 4908 4908 4907 4907 4957 4957 4957 4957 4907 4907 4961 4961 4957 4957 4961 4961 4963 4963 4963 4963 4961 4961 4960 4960 4592 4592 4595 4595 4960 4960 4960 4960 4595 4595 4964 4964 4960 4960 4964 4964 4963 4963 4963 4963 4964 4964 4962 4962 4963 4963 4962 4962 4965 4965 4965 4965 4962 4962 514 514 4965 4965 514 514 503 503 4595 4595 4596 4596 4964 4964 4964 4964 4596 4596 4597 4597 4964 4964 4597 4597 4962 4962 4962 4962 4597 4597 4589 4589 4962 4962 4589 4589 511 511 511 511 4589 4589 419 419 503 503 502 502 4965 4965 4965 4965 502 502 4959 4959 4965 4965 4959 4959 4963 4963 4963 4963 4959 4959 4958 4958 4963 4963 4958 4958 4957 4957 4957 4957 4958 4958 673 673 4957 4957 673 673 669 669 4966 4966 4967 4967 4968 4968 4969 4969 4970 4970 4971 4971 644 644 657 657 656 656 4972 4972 4973 4973 4974 4974 633 633 632 632 4975 4975 4976 4976 4977 4977 4978 4978 4979 4979 4980 4980 4981 4981 4979 4979 4982 4982 4980 4980 4980 4980 4982 4982 4983 4983 4980 4980 4983 4983 4984 4984 4985 4985 4986 4986 4981 4981 4981 4981 4986 4986 4987 4987 4981 4981 4987 4987 4979 4979 4988 4988 4989 4989 4985 4985 4985 4985 4989 4989 4990 4990 4985 4985 4990 4990 4986 4986 4991 4991 4992 4992 4988 4988 4988 4988 4992 4992 4993 4993 4988 4988 4993 4993 4989 4989 4976 4976 4994 4994 4977 4977 4977 4977 4994 4994 4995 4995 4977 4977 4995 4995 4991 4991 4991 4991 4995 4995 4996 4996 4991 4991 4996 4996 4992 4992 4997 4997 4998 4998 4978 4978 4978 4978 4998 4998 4999 4999 4978 4978 4999 4999 4976 4976 5000 5000 5001 5001 4997 4997 4997 4997 5001 5001 5002 5002 4997 4997 5002 5002 4998 4998 5003 5003 5004 5004 5005 5005 5006 5006 5007 5007 5008 5008 5008 5008 5007 5007 5009 5009 5008 5008 5009 5009 5005 5005 5010 5010 661 661 659 659 5011 5011 5012 5012 5010 5010 5010 5010 5012 5012 5013 5013 5010 5010 5013 5013 5014 5014 5010 5010 659 659 5011 5011 5011 5011 659 659 658 658 5011 5011 658 658 637 637 636 636 634 634 637 637 637 637 634 634 5015 5015 637 637 5015 5015 5011 5011 5011 5011 5015 5015 5016 5016 5011 5011 5016 5016 5012 5012 5017 5017 5018 5018 5014 5014 5014 5014 5018 5018 5019 5019 5014 5014 5019 5019 5010 5010 5020 5020 5021 5021 5022 5022 5022 5022 5021 5021 5023 5023 5022 5022 5023 5023 5024 5024 5017 5017 5021 5021 5018 5018 5018 5018 5021 5021 5020 5020 5018 5018 5020 5020 5025 5025 5025 5025 5020 5020 5022 5022 5025 5025 5022 5022 5026 5026 5026 5026 5022 5022 5024 5024 5026 5026 5024 5024 4974 4974 5023 5023 5027 5027 5024 5024 5024 5024 5027 5027 5028 5028 5024 5024 5028 5028 4974 4974 4974 4974 5028 5028 5029 5029 4974 4974 5029 5029 4972 4972 644 644 5030 5030 645 645 645 645 5030 5030 5031 5031 645 645 5031 5031 988 988 988 988 5031 5031 5032 5032 988 988 5032 5032 646 646 5033 5033 5034 5034 5035 5035 5035 5035 5034 5034 5032 5032 5035 5035 5032 5032 5036 5036 5036 5036 5032 5032 5031 5031 5036 5036 5031 5031 5037 5037 5037 5037 5031 5031 5030 5030 5037 5037 5030 5030 5038 5038 5038 5038 5030 5030 652 652 644 644 656 656 5030 5030 5030 5030 656 656 655 655 5030 5030 655 655 652 652 5039 5039 5040 5040 5041 5041 5041 5041 5042 5042 5039 5039 5039 5039 5042 5042 4984 4984 5039 5039 4984 4984 5043 5043 5043 5043 4984 4984 4983 4983 4967 4967 4969 4969 4968 4968 4968 4968 4969 4969 4971 4971 4968 4968 4971 4971 5044 5044 5044 5044 4971 4971 5045 5045 5044 5044 5045 5045 5046 5046 5046 5046 5045 5045 5047 5047 5046 5046 5047 5047 5048 5048 5048 5048 5047 5047 5049 5049 5048 5048 5049 5049 5050 5050 5042 5042 4966 4966 4984 4984 4984 4984 4966 4966 4968 4968 4984 4984 4968 4968 4980 4980 4980 4980 4968 4968 5044 5044 4980 4980 5044 5044 4981 4981 4981 4981 5044 5044 5046 5046 4981 4981 5046 5046 4985 4985 4985 4985 5046 5046 5048 5048 4985 4985 5048 5048 4988 4988 4988 4988 5048 5048 5050 5050 4988 4988 5050 5050 4991 4991 5005 5005 5009 5009 5003 5003 5003 5003 5009 5009 5016 5016 5003 5003 5016 5016 5051 5051 5051 5051 5016 5016 5015 5015 5051 5051 5015 5015 4975 4975 4975 4975 5015 5015 634 634 4975 4975 634 634 633 633 5052 5052 5053 5053 5054 5054 5054 5054 5053 5053 5055 5055 5054 5054 5055 5055 5056 5056 5056 5056 5055 5055 5057 5057 5056 5056 5057 5057 5058 5058 5058 5058 5057 5057 5059 5059 5058 5058 5059 5059 5060 5060 5049 5049 5052 5052 5050 5050 5050 5050 5052 5052 5054 5054 5050 5050 5054 5054 4991 4991 4991 4991 5054 5054 5056 5056 4991 4991 5056 5056 4977 4977 4977 4977 5056 5056 5058 5058 4977 4977 5058 5058 4978 4978 4978 4978 5058 5058 5060 5060 4978 4978 5060 5060 4997 4997 646 646 5032 5032 647 647 647 647 5032 5032 5034 5034 647 647 5034 5034 649 649 652 652 651 651 5038 5038 5038 5038 651 651 654 654 5038 5038 654 654 5061 5061 5061 5061 654 654 663 663 5061 5061 663 663 662 662 4973 4973 5033 5033 4974 4974 4974 4974 5033 5033 5035 5035 4974 4974 5035 5035 5026 5026 5026 5026 5035 5035 5036 5036 5026 5026 5036 5036 5025 5025 5025 5025 5036 5036 5037 5037 5025 5025 5037 5037 5018 5018 5018 5018 5037 5037 5038 5038 5018 5018 5038 5038 5019 5019 5019 5019 5038 5038 5061 5061 5019 5019 5061 5061 5010 5010 5010 5010 5061 5061 662 662 5010 5010 662 662 661 661 5006 5006 5000 5000 5007 5007 5007 5007 5000 5000 4997 4997 5007 5007 4997 4997 5009 5009 5009 5009 4997 4997 5060 5060 5009 5009 5060 5060 5016 5016 5016 5016 5060 5060 5059 5059 5016 5016 5059 5059 5012 5012 5012 5012 5059 5059 5057 5057 5012 5012 5057 5057 5013 5013 5013 5013 5057 5057 5055 5055 5013 5013 5055 5055 5014 5014 5014 5014 5055 5055 5053 5053 5014 5014 5053 5053 5017 5017 5017 5017 5053 5053 5052 5052 5017 5017 5052 5052 5021 5021 5021 5021 5052 5052 5049 5049 5021 5021 5049 5049 5023 5023 5023 5023 5049 5049 5047 5047 5023 5023 5047 5047 5027 5027 5027 5027 5047 5047 5045 5045 5027 5027 5045 5045 5028 5028 5028 5028 5045 5045 4971 4971 5028 5028 4971 4971 5029 5029 5029 5029 4971 4971 4970 4970 5062 5062 5063 5063 5064 5064 625 625 624 624 5065 5065 626 626 627 627 5066 5066 5067 5067 5068 5068 5069 5069 5069 5069 5068 5068 5070 5070 5069 5069 5070 5070 5071 5071 5071 5071 5070 5070 5072 5072 5072 5072 5070 5070 5073 5073 5072 5072 5073 5073 5074 5074 5075 5075 5076 5076 5077 5077 5077 5077 5076 5076 5078 5078 5077 5077 5078 5078 5073 5073 5073 5073 5078 5078 5079 5079 5073 5073 5079 5079 5074 5074 5080 5080 5081 5081 5082 5082 5029 5029 5083 5083 4972 4972 4972 4972 5083 5083 5084 5084 4972 4972 5084 5084 4973 4973 5033 5033 5085 5085 5034 5034 5034 5034 5085 5085 5086 5086 5087 5087 642 642 5085 5085 5085 5085 642 642 640 640 5085 5085 640 640 5086 5086 5086 5086 640 640 639 639 5086 5086 639 639 5034 5034 5034 5034 639 639 650 650 5034 5034 650 650 649 649 5088 5088 5089 5089 630 630 624 624 626 626 5065 5065 5065 5065 626 626 5066 5066 5065 5065 5066 5066 5090 5090 5090 5090 5066 5066 5091 5091 5090 5090 5091 5091 5092 5092 5092 5092 5091 5091 5093 5093 5092 5092 5093 5093 5094 5094 5095 5095 5096 5096 5097 5097 5097 5097 5096 5096 5098 5098 5097 5097 5098 5098 5099 5099 5096 5096 5100 5100 5098 5098 5098 5098 5100 5100 5101 5101 5098 5098 5101 5101 5102 5102 5099 5099 5098 5098 5103 5103 5103 5103 5098 5098 5102 5102 5103 5103 5102 5102 5104 5104 5102 5102 5105 5105 5104 5104 5104 5104 5105 5105 5106 5106 5104 5104 5106 5106 5107 5107 5108 5108 5004 5004 5003 5003 5081 5081 5109 5109 5082 5082 5082 5082 5109 5109 5075 5075 5082 5082 5075 5075 5110 5110 5110 5110 5075 5075 5077 5077 5110 5110 5077 5077 5111 5111 5111 5111 5077 5077 5063 5063 629 629 628 628 630 630 630 630 628 628 5112 5112 630 630 5112 5112 5088 5088 5088 5088 5112 5112 5113 5113 5088 5088 5113 5113 5114 5114 5114 5114 5113 5113 5115 5115 5114 5114 5115 5115 5116 5116 5116 5116 5115 5115 5117 5117 5116 5116 5117 5117 5118 5118 5118 5118 5117 5117 5119 5119 5118 5118 5119 5119 5064 5064 5064 5064 5119 5119 5120 5120 5064 5064 5120 5120 5062 5062 5093 5093 5084 5084 5094 5094 5094 5094 5084 5084 5083 5083 5094 5094 5083 5083 5121 5121 5121 5121 5083 5083 5029 5029 5121 5121 5029 5029 4970 4970 5063 5063 5077 5077 5064 5064 5064 5064 5077 5077 5073 5073 5064 5064 5073 5073 5118 5118 5118 5118 5073 5073 5070 5070 5118 5118 5070 5070 5116 5116 5116 5116 5070 5070 5068 5068 5116 5116 5068 5068 5114 5114 5003 5003 5051 5051 5089 5089 5089 5089 5051 5051 4975 4975 5089 5089 4975 4975 630 630 630 630 4975 4975 632 632 630 630 632 632 631 631 574 574 576 576 5122 5122 5122 5122 576 576 573 573 5122 5122 573 573 5087 5087 5087 5087 573 573 638 638 5087 5087 638 638 642 642 627 627 574 574 5066 5066 5066 5066 574 574 5122 5122 5066 5066 5122 5122 5091 5091 5091 5091 5122 5122 5087 5087 5091 5091 5087 5087 5093 5093 5093 5093 5087 5087 5085 5085 5093 5093 5085 5085 5084 5084 5084 5084 5085 5085 5033 5033 5084 5084 5033 5033 4973 4973 5067 5067 5095 5095 5068 5068 5068 5068 5095 5095 5097 5097 5068 5068 5097 5097 5114 5114 5114 5114 5097 5097 5099 5099 5114 5114 5099 5099 5088 5088 5088 5088 5099 5099 5103 5103 5088 5088 5103 5103 5089 5089 5089 5089 5103 5103 5104 5104 5089 5089 5104 5104 5003 5003 5003 5003 5104 5104 5107 5107 5003 5003 5107 5107 5108 5108 5040 5040 5080 5080 5041 5041 5041 5041 5080 5080 5082 5082 5041 5041 5082 5082 5042 5042 5042 5042 5082 5082 5110 5110 5042 5042 5110 5110 4966 4966 4966 4966 5110 5110 5111 5111 4966 4966 5111 5111 4967 4967 4967 4967 5111 5111 5063 5063 4967 4967 5063 5063 4969 4969 4969 4969 5063 5063 5062 5062 4969 4969 5062 5062 4970 4970 4970 4970 5062 5062 5120 5120 4970 4970 5120 5120 5121 5121 5121 5121 5120 5120 5119 5119 5121 5121 5119 5119 5094 5094 5094 5094 5119 5119 5117 5117 5094 5094 5117 5117 5092 5092 5092 5092 5117 5117 5115 5115 5092 5092 5115 5115 5090 5090 5090 5090 5115 5115 5113 5113 5090 5090 5113 5113 5065 5065 5065 5065 5113 5113 5112 5112 5065 5065 5112 5112 625 625 625 625 5112 5112 628 628 5123 5123 5124 5124 5125 5125 5124 5124 5123 5123 5126 5126 5127 5127 5128 5128 5129 5129 5130 5130 5131 5131 5132 5132 5133 5133 5134 5134 5135 5135 5136 5136 5137 5137 5138 5138 5139 5139 5140 5140 5141 5141 5142 5142 5143 5143 5144 5144 5145 5145 5146 5146 5147 5147 5148 5148 5149 5149 5150 5150 5151 5151 5152 5152 5153 5153 5154 5154 5153 5153 5155 5155 5156 5156 5157 5157 5158 5158 5155 5155 5153 5153 5159 5159 5159 5159 5153 5153 5152 5152 5159 5159 5152 5152 5160 5160 5161 5161 5151 5151 5162 5162 5162 5162 5151 5151 5153 5153 5162 5162 5153 5153 5163 5163 5163 5163 5153 5153 5154 5154 5163 5163 5154 5154 5164 5164 5155 5155 5165 5165 5154 5154 5154 5154 5165 5165 5166 5166 5154 5154 5166 5166 5164 5164 5164 5164 5166 5166 5167 5167 5164 5164 5167 5167 5168 5168 577 577 585 585 578 578 578 578 585 585 5164 5164 5164 5164 585 585 5163 5163 5163 5163 585 585 584 584 5163 5163 584 584 5162 5162 5162 5162 584 584 583 583 5162 5162 583 583 5161 5161 5161 5161 583 583 582 582 5161 5161 582 582 581 581 616 616 5149 5149 614 614 614 614 5149 5149 5169 5169 5149 5149 5148 5148 5169 5169 5169 5169 5148 5148 5170 5170 5169 5169 5170 5170 5171 5171 5171 5171 5170 5170 5172 5172 5171 5171 5172 5172 5173 5173 5174 5174 5175 5175 5176 5176 5176 5176 5177 5177 5174 5174 5174 5174 5177 5177 5178 5178 5174 5174 5178 5178 5179 5179 5180 5180 5146 5146 5181 5181 5181 5181 5146 5146 5145 5145 5181 5181 5145 5145 5182 5182 5183 5183 5184 5184 5185 5185 5185 5185 5184 5184 5179 5179 5185 5185 5179 5179 5186 5186 5186 5186 5179 5179 5178 5178 5183 5183 5187 5187 5184 5184 5184 5184 5187 5187 5188 5188 5184 5184 5188 5188 5189 5189 5189 5189 5188 5188 5190 5190 5165 5165 5191 5191 5166 5166 5166 5166 5191 5191 5192 5192 5166 5166 5192 5192 5167 5167 5167 5167 5192 5192 5193 5193 5167 5167 5193 5193 5194 5194 5194 5194 5193 5193 5182 5182 5194 5194 5182 5182 5195 5195 5195 5195 5182 5182 5145 5145 5195 5195 5145 5145 5196 5196 5196 5196 5145 5145 5147 5147 5196 5196 5147 5147 5144 5144 5197 5197 5198 5198 5139 5139 5139 5139 5141 5141 5197 5197 5197 5197 5141 5141 5199 5199 5197 5197 5199 5199 5200 5200 5200 5200 5199 5199 5138 5138 5138 5138 5199 5199 5201 5201 5138 5138 5201 5201 5136 5136 5202 5202 5203 5203 5204 5204 5204 5204 5203 5203 5205 5205 5204 5204 5205 5205 5206 5206 5206 5206 5205 5205 5207 5207 5207 5207 5136 5136 5206 5206 5206 5206 5136 5136 5201 5201 5206 5206 5201 5201 5204 5204 5204 5204 5201 5201 5199 5199 5204 5204 5199 5199 5202 5202 5202 5202 5199 5199 5141 5141 5202 5202 5141 5141 5203 5203 5203 5203 5141 5141 5208 5208 5209 5209 5210 5210 5211 5211 5211 5211 5210 5210 5133 5133 5174 5174 5212 5212 5175 5175 5175 5175 5212 5212 5213 5213 5175 5175 5213 5213 5214 5214 5214 5214 5213 5213 5215 5215 5214 5214 5215 5215 5216 5216 5216 5216 5215 5215 5135 5135 5216 5216 5135 5135 5217 5217 5217 5217 5135 5135 5134 5134 5216 5216 5218 5218 5214 5214 5214 5214 5218 5218 5219 5219 5214 5214 5219 5219 5175 5175 5175 5175 5219 5219 5220 5220 5175 5175 5220 5220 5176 5176 5221 5221 5128 5128 5222 5222 5222 5222 5128 5128 5127 5127 5222 5222 5127 5127 5223 5223 5157 5157 5221 5221 5158 5158 5158 5158 5221 5221 5222 5222 5158 5158 5222 5222 5224 5224 5224 5224 5222 5222 5223 5223 5224 5224 5223 5223 5125 5125 5131 5131 5130 5130 5225 5225 5225 5225 5130 5130 5226 5226 5225 5225 5226 5226 5227 5227 5203 5203 5132 5132 5205 5205 5205 5205 5132 5132 5131 5131 5205 5205 5131 5131 5228 5228 5228 5228 5131 5131 5225 5225 5228 5228 5225 5225 5229 5229 5229 5229 5225 5225 5227 5227 5229 5229 5227 5227 5230 5230 5137 5137 5136 5136 5231 5231 5231 5231 5136 5136 5207 5207 5231 5231 5207 5207 5232 5232 5232 5232 5207 5207 5205 5205 5232 5232 5205 5205 5233 5233 5233 5233 5205 5205 5228 5228 5233 5233 5228 5228 5234 5234 5234 5234 5228 5228 5229 5229 5234 5234 5229 5229 5235 5235 5235 5235 5229 5229 5230 5230 5235 5235 5230 5230 5236 5236 5236 5236 5126 5126 5235 5235 5235 5235 5126 5126 5123 5123 5235 5235 5123 5123 5234 5234 5234 5234 5123 5123 5125 5125 5234 5234 5125 5125 5233 5233 5233 5233 5125 5125 5223 5223 5233 5233 5223 5223 5232 5232 5232 5232 5223 5223 5127 5127 5232 5232 5127 5127 5231 5231 5231 5231 5127 5127 5129 5129 5231 5231 5129 5129 5137 5137 5133 5133 5135 5135 5211 5211 5211 5211 5135 5135 5215 5215 5211 5211 5215 5215 5237 5237 5237 5237 5215 5215 5213 5213 5237 5237 5213 5213 5238 5238 5238 5238 5213 5213 5212 5212 5238 5238 5212 5212 5180 5180 5180 5180 5212 5212 5174 5174 5180 5180 5174 5174 5146 5146 5146 5146 5174 5174 5179 5179 5146 5146 5179 5179 5147 5147 5147 5147 5179 5179 5184 5184 5147 5147 5184 5184 5144 5144 5144 5144 5184 5184 5189 5189 5144 5144 5189 5189 5142 5142 603 603 605 605 5171 5171 601 601 603 603 5239 5239 5239 5239 603 603 5171 5171 5239 5239 5171 5171 5240 5240 5240 5240 5171 5171 5173 5173 605 605 606 606 5171 5171 5171 5171 606 606 5169 5169 5169 5169 606 606 613 613 5169 5169 613 613 614 614 616 616 617 617 5149 5149 5149 5149 617 617 623 623 5149 5149 623 623 5150 5150 5150 5150 623 623 622 622 5150 5150 622 622 621 621 5143 5143 5173 5173 5144 5144 5144 5144 5173 5173 5172 5172 5144 5144 5172 5172 5196 5196 5196 5196 5172 5172 5170 5170 5196 5196 5170 5170 5195 5195 5195 5195 5170 5170 5148 5148 5195 5195 5148 5148 5194 5194 5194 5194 5148 5148 5150 5150 5194 5194 5150 5150 5167 5167 5167 5167 5150 5150 621 621 5167 5167 621 621 5168 5168 5168 5168 621 621 620 620 5168 5168 620 620 5164 5164 5164 5164 620 620 618 618 5164 5164 618 618 578 578 5208 5208 5209 5209 5203 5203 5203 5203 5209 5209 5211 5211 5203 5203 5211 5211 5132 5132 5132 5132 5211 5211 5237 5237 5132 5132 5237 5237 5130 5130 5130 5130 5237 5237 5238 5238 5130 5130 5238 5238 5226 5226 5226 5226 5238 5238 5180 5180 5226 5226 5180 5180 5227 5227 5227 5227 5180 5180 5181 5181 5227 5227 5181 5181 5230 5230 5230 5230 5181 5181 5182 5182 5230 5230 5182 5182 5236 5236 5236 5236 5182 5182 5193 5193 5236 5236 5193 5193 5126 5126 5126 5126 5193 5193 5192 5192 5126 5126 5192 5192 5124 5124 5124 5124 5192 5192 5191 5191 5124 5124 5191 5191 5125 5125 5125 5125 5191 5191 5165 5165 5125 5125 5165 5165 5224 5224 5224 5224 5165 5165 5155 5155 5224 5224 5155 5155 5158 5158 5158 5158 5155 5155 5159 5159 5158 5158 5159 5159 5156 5156 5156 5156 5159 5159 5160 5160 5129 5129 5128 5128 5241 5241 589 589 587 587 5242 5242 5243 5243 5242 5242 5244 5244 5245 5245 610 610 609 609 5246 5246 5247 5247 5248 5248 5248 5248 5247 5247 5249 5249 5250 5250 5251 5251 5252 5252 5252 5252 5251 5251 5253 5253 5252 5252 5253 5253 5254 5254 5254 5254 5253 5253 5255 5255 5254 5254 5255 5255 5246 5246 5250 5250 5252 5252 5256 5256 5256 5256 5252 5252 5257 5257 5256 5256 5257 5257 5258 5258 5259 5259 5260 5260 5261 5261 5261 5261 5260 5260 5262 5262 5261 5261 5262 5262 5263 5263 5264 5264 5265 5265 5266 5266 5264 5264 5266 5266 5267 5267 5267 5267 5266 5266 5268 5268 5267 5267 5268 5268 5259 5259 5259 5259 5268 5268 5269 5269 5259 5259 5269 5269 5260 5260 5189 5189 5190 5190 5270 5270 5265 5265 5264 5264 5270 5270 5270 5270 5264 5264 5142 5142 5270 5270 5142 5142 5189 5189 607 607 601 601 5239 5239 5271 5271 608 608 607 607 610 610 5245 5245 611 611 611 611 5245 5245 5272 5272 611 611 5272 5272 593 593 5273 5273 5274 5274 5275 5275 5275 5275 5274 5274 5272 5272 5275 5275 5272 5272 5276 5276 5276 5276 5272 5272 5245 5245 5276 5276 5245 5245 5271 5271 5271 5271 5245 5245 609 609 5271 5271 609 609 608 608 5243 5243 5244 5244 5277 5277 599 599 5244 5244 597 597 597 597 5244 5244 5242 5242 597 597 5242 5242 586 586 586 586 5242 5242 587 587 5249 5249 5278 5278 5279 5279 5279 5279 5278 5278 5280 5280 5279 5279 5280 5280 5281 5281 5249 5249 5279 5279 5248 5248 5248 5248 5279 5279 5282 5282 5248 5248 5282 5282 5283 5283 5283 5283 5282 5282 5284 5284 5283 5283 5284 5284 5273 5273 5200 5200 5138 5138 5285 5285 5285 5285 5138 5138 5137 5137 5137 5137 5129 5129 5285 5285 5285 5285 5129 5129 5241 5241 5285 5285 5241 5241 5286 5286 5286 5286 5241 5241 5277 5277 5286 5286 5277 5277 5287 5287 5287 5287 5277 5277 5244 5244 5198 5198 5197 5197 5281 5281 5281 5281 5197 5197 5200 5200 5281 5281 5200 5200 5279 5279 5279 5279 5200 5200 5285 5285 5279 5279 5285 5285 5282 5282 5282 5282 5285 5285 5286 5286 5282 5282 5286 5286 5284 5284 5284 5284 5286 5286 5287 5287 5284 5284 5287 5287 5273 5273 5273 5273 5287 5287 5244 5244 5273 5273 5244 5244 5274 5274 5274 5274 5244 5244 599 599 5239 5239 5240 5240 607 607 607 607 5240 5240 5173 5173 607 607 5173 5173 5271 5271 5271 5271 5173 5173 5143 5143 5254 5254 5288 5288 5252 5252 5252 5252 5288 5288 5261 5261 5252 5252 5261 5261 5257 5257 5257 5257 5261 5261 5263 5263 5257 5257 5263 5263 5258 5258 5221 5221 5157 5157 5289 5289 5289 5289 5157 5157 5156 5156 5289 5289 5156 5156 5290 5290 5290 5290 5156 5156 5160 5160 5290 5290 5160 5160 5291 5291 5291 5291 5160 5160 5152 5152 5291 5291 5152 5152 5151 5151 590 590 5291 5291 591 591 591 591 5291 5291 5151 5151 591 591 5151 5151 580 580 580 580 5151 5151 5161 5161 580 580 5161 5161 581 581 599 599 600 600 5274 5274 5274 5274 600 600 596 596 5274 5274 596 596 5272 5272 5272 5272 596 596 595 595 5272 5272 595 595 593 593 5128 5128 5221 5221 5241 5241 5241 5241 5221 5221 5289 5289 5241 5241 5289 5289 5277 5277 5277 5277 5289 5289 5290 5290 5277 5277 5290 5290 5243 5243 5243 5243 5290 5290 5291 5291 5243 5243 5291 5291 5242 5242 5242 5242 5291 5291 590 590 5242 5242 590 590 589 589 5246 5246 5248 5248 5254 5254 5254 5254 5248 5248 5283 5283 5254 5254 5283 5283 5288 5288 5288 5288 5283 5283 5273 5273 5288 5288 5273 5273 5261 5261 5261 5261 5273 5273 5275 5275 5261 5261 5275 5275 5259 5259 5259 5259 5275 5275 5276 5276 5259 5259 5276 5276 5267 5267 5267 5267 5276 5276 5271 5271 5267 5267 5271 5271 5264 5264 5264 5264 5271 5271 5143 5143 5264 5264 5143 5143 5142 5142 491 491 501 501 5292 5292 4941 4941 4896 4896 4942 4942 4942 4942 4896 4896 5293 5293 4942 4942 5293 5293 5294 5294 5292 5292 501 501 5295 5295 5295 5295 501 501 495 495 5295 5295 495 495 5296 5296 5296 5296 495 495 494 494 5296 5296 494 494 4512 4512 4896 4896 489 489 5293 5293 5293 5293 489 489 461 461 5293 5293 461 461 5297 5297 5297 5297 461 461 460 460 5297 5297 460 460 5298 5298 5298 5298 460 460 491 491 5298 5298 491 491 5299 5299 5299 5299 491 491 5292 5292 5300 5300 4612 4612 5301 5301 5301 5301 4612 4612 4613 4613 4613 4613 4614 4614 5301 5301 5301 5301 4614 4614 4615 4615 5301 5301 4615 4615 5302 5302 5302 5302 4615 4615 4607 4607 5302 5302 4607 4607 5303 5303 5303 5303 4607 4607 4621 4621 5303 5303 4621 4621 5304 5304 4621 4621 4620 4620 5304 5304 5304 5304 4620 4620 4619 4619 5304 5304 4619 4619 5305 5305 5305 5305 4619 4619 4617 4617 5305 5305 4617 4617 5306 5306 5306 5306 4617 4617 4616 4616 5306 5306 4616 4616 5307 5307 5307 5307 4616 4616 4605 4605 5307 5307 4605 4605 5308 5308 5308 5308 4605 4605 4604 4604 5308 5308 4604 4604 5309 5309 5309 5309 4604 4604 1193 1193 5309 5309 1193 1193 4550 4550 4942 4942 5294 5294 5310 5310 4562 4562 5311 5311 4560 4560 4560 4560 5311 5311 4557 4557 5312 5312 5313 5313 5314 5314 5314 5314 5313 5313 5315 5315 4567 4567 4594 4594 4565 4565 4565 4565 4594 4594 4914 4914 4565 4565 4914 4914 5316 5316 4942 4942 5310 5310 5313 5313 5313 5313 5310 5310 5317 5317 5313 5313 5317 5317 5315 5315 5316 5316 5318 5318 4565 4565 4565 4565 5318 5318 5311 5311 4565 4565 5311 5311 4564 4564 4564 4564 5311 5311 4562 4562 4914 4914 4915 4915 5316 5316 5316 5316 4915 4915 4916 4916 5316 5316 4916 4916 5319 5319 5319 5319 4916 4916 4920 4920 5319 5319 4920 4920 5320 5320 5320 5320 4920 4920 4918 4918 5320 5320 4918 4918 5321 5321 4918 4918 4923 4923 5321 5321 5321 5321 4923 4923 4922 4922 5321 5321 4922 4922 5322 5322 5322 5322 4922 4922 4926 4926 5322 5322 4926 4926 5323 5323 5323 5323 4926 4926 4925 4925 5323 5323 4925 4925 5324 5324 5324 5324 4925 4925 4929 4929 5324 5324 4929 4929 5325 5325 5325 5325 4929 4929 5326 5326 5326 5326 4929 4929 4928 4928 5326 5326 4928 4928 5327 5327 5327 5327 4928 4928 4932 4932 5327 5327 4932 4932 5328 5328 5328 5328 4932 4932 4931 4931 5328 5328 4931 4931 5329 5329 5329 5329 4931 4931 4937 4937 5329 5329 4937 4937 5330 5330 5330 5330 4937 4937 4936 4936 5330 5330 4936 4936 5331 5331 5331 5331 4936 4936 4934 4934 5331 5331 4934 4934 5332 5332 5332 5332 4934 4934 4940 4940 5332 5332 4940 4940 5333 5333 5333 5333 4940 4940 4939 4939 5333 5333 4939 4939 5334 5334 5334 5334 4939 4939 4938 4938 5334 5334 4938 4938 5335 5335 5335 5335 4938 4938 4890 4890 5335 5335 4890 4890 5336 5336 5336 5336 4890 4890 4889 4889 5336 5336 4889 4889 5337 5337 5337 5337 4889 4889 4893 4893 5337 5337 4893 4893 5313 5313 5313 5313 4893 4893 4892 4892 5313 5313 4892 4892 4942 4942 423 423 422 422 5338 5338 5338 5338 422 422 4879 4879 4879 4879 4880 4880 5338 5338 5338 5338 4880 4880 4881 4881 5338 5338 4881 4881 5339 5339 5339 5339 4881 4881 4882 4882 5339 5339 4882 4882 5340 5340 5340 5340 4882 4882 4857 4857 5340 5340 4857 4857 5341 5341 4857 4857 4856 4856 5341 5341 5341 5341 4856 4856 4876 4876 5341 5341 4876 4876 5342 5342 5342 5342 4876 4876 4877 4877 5342 5342 4877 4877 5343 5343 5343 5343 4877 4877 4862 4862 5343 5343 4862 4862 5344 5344 5344 5344 4862 4862 4861 4861 5344 5344 4861 4861 5345 5345 5345 5345 4861 4861 4859 4859 5345 5345 4859 4859 5346 5346 5346 5346 4859 4859 4681 4681 5346 5346 4681 4681 5347 5347 5348 5348 5349 5349 5350 5350 3279 3279 3278 3278 5351 5351 423 423 5352 5352 425 425 425 425 5352 5352 5353 5353 425 425 5353 5353 427 427 427 427 5353 5353 429 429 4529 4529 4508 4508 5353 5353 5353 5353 4508 4508 429 429 429 429 4508 4508 215 215 5354 5354 4531 4531 4530 4530 4531 4531 5354 5354 4532 4532 3289 3289 4532 4532 3287 3287 3287 3287 4532 4532 5351 5351 3287 3287 5351 5351 3285 3285 3285 3285 5351 5351 3278 3278 5354 5354 5355 5355 5350 5350 5350 5350 3282 3282 3281 3281 3281 3281 3279 3279 5350 5350 5350 5350 3279 3279 5351 5351 5350 5350 5351 5351 5354 5354 5354 5354 5351 5351 4532 4532 5349 5349 3267 3267 3283 3283 3282 3282 5350 5350 3283 3283 3283 3283 5350 5350 5349 5349 4530 4530 4529 4529 5354 5354 5354 5354 4529 4529 5353 5353 5354 5354 5353 5353 5355 5355 5355 5355 5353 5353 5352 5352 5355 5355 5352 5352 5356 5356 5356 5356 5357 5357 5355 5355 5355 5355 5357 5357 5358 5358 5355 5355 5358 5358 5350 5350 5350 5350 5358 5358 5359 5359 5350 5350 5359 5359 5348 5348 5309 5309 4550 4550 4551 4551 5360 5360 5361 5361 5362 5362 5308 5308 5309 5309 5362 5362 5363 5363 5302 5302 5303 5303 5364 5364 5363 5363 5365 5365 5365 5365 5363 5363 5366 5366 5365 5365 5366 5366 5367 5367 5367 5367 5366 5366 5368 5368 3163 3163 5369 5369 3148 3148 3148 3148 5369 5369 5370 5370 3148 3148 5370 5370 3149 3149 3149 3149 5370 5370 3151 3151 3152 3152 3151 3151 5371 5371 5371 5371 3151 3151 5370 5370 5371 5371 5370 5370 5360 5360 4545 4545 3143 3143 3157 3157 4545 4545 3157 3157 5372 5372 4551 4551 4552 4552 5373 5373 5373 5373 4552 4552 4553 4553 5373 5373 4553 4553 5372 5372 5372 5372 4553 4553 4546 4546 5372 5372 4546 4546 4545 4545 3157 3157 3156 3156 5372 5372 5372 5372 3156 3156 3154 3154 5372 5372 3154 3154 3153 3153 5364 5364 5300 5300 5363 5363 5363 5363 5300 5300 5301 5301 5363 5363 5301 5301 5302 5302 5304 5304 5305 5305 5361 5361 5361 5361 5305 5305 5306 5306 5361 5361 5306 5306 5362 5362 5362 5362 5306 5306 5307 5307 5362 5362 5307 5307 5308 5308 5369 5369 5368 5368 5370 5370 5370 5370 5368 5368 5366 5366 5370 5370 5366 5366 5360 5360 5360 5360 5366 5366 5363 5363 5360 5360 5363 5363 5361 5361 5361 5361 5363 5363 5303 5303 5361 5361 5303 5303 5304 5304 5309 5309 4551 4551 5362 5362 5362 5362 4551 4551 5373 5373 5362 5362 5373 5373 5360 5360 5360 5360 5373 5373 5372 5372 5360 5360 5372 5372 5371 5371 5371 5371 5372 5372 3153 3153 5371 5371 3153 3153 3152 3152 4554 4554 4580 4580 5374 5374 3310 3310 3760 3760 5375 5375 3111 3111 3313 3313 5376 5376 5376 5376 3313 3313 3311 3311 3311 3311 3310 3310 5376 5376 5376 5376 3310 3310 5375 5375 5376 5376 5375 5375 5377 5377 5377 5377 5375 5375 5378 5378 5379 5379 5337 5337 5313 5313 5380 5380 5379 5379 5381 5381 5381 5381 5379 5379 5313 5313 5381 5381 5313 5313 5312 5312 5337 5337 5379 5379 5336 5336 5336 5336 5379 5379 5382 5382 5336 5336 5382 5382 5335 5335 5335 5335 5382 5382 5334 5334 5334 5334 5382 5382 5383 5383 5334 5334 5383 5383 5333 5333 5333 5333 5383 5383 5332 5332 5332 5332 5383 5383 5384 5384 5332 5332 5384 5384 5331 5331 5331 5331 5384 5384 5330 5330 5330 5330 5384 5384 5385 5385 5330 5330 5385 5385 5329 5329 5329 5329 5385 5385 5328 5328 5328 5328 5385 5385 5386 5386 5328 5328 5386 5386 5327 5327 5327 5327 5386 5386 5326 5326 5326 5326 5386 5386 5387 5387 5326 5326 5387 5387 5325 5325 5325 5325 5387 5387 5324 5324 5324 5324 5387 5387 5388 5388 5324 5324 5388 5388 5323 5323 5323 5323 5388 5388 5322 5322 5322 5322 5388 5388 5389 5389 5322 5322 5389 5389 5321 5321 5321 5321 5389 5389 5320 5320 5320 5320 5389 5389 5390 5390 5320 5320 5390 5390 5319 5319 5319 5319 5390 5390 5316 5316 5316 5316 5390 5390 5391 5391 5316 5316 5391 5391 5318 5318 4558 4558 5391 5391 4578 4578 4578 4578 5391 5391 4579 4579 4558 4558 4557 4557 5391 5391 5391 5391 4557 4557 5311 5311 5391 5391 5311 5311 5318 5318 3365 3365 3360 3360 5392 5392 5392 5392 3360 3360 3362 3362 5392 5392 3362 3362 4577 4577 4577 4577 3362 3362 3364 3364 4577 4577 3364 3364 3123 3123 4580 4580 4579 4579 5374 5374 5374 5374 4579 4579 5391 5391 5374 5374 5391 5391 5393 5393 5393 5393 5391 5391 5390 5390 5393 5393 5390 5390 5394 5394 5394 5394 5390 5390 5389 5389 5394 5394 5389 5389 5395 5395 5395 5395 5389 5389 5388 5388 5395 5395 5388 5388 5396 5396 5396 5396 5388 5388 5387 5387 5396 5396 5387 5387 5397 5397 5397 5397 5387 5387 5386 5386 5397 5397 5386 5386 5398 5398 5398 5398 5386 5386 5385 5385 5398 5398 5385 5385 5399 5399 5399 5399 5385 5385 5384 5384 5399 5399 5384 5384 5400 5400 5400 5400 5384 5384 5383 5383 5400 5400 5383 5383 5401 5401 5401 5401 5383 5383 5382 5382 5401 5401 5382 5382 5402 5402 5402 5402 5382 5382 5379 5379 3343 3343 3342 3342 5403 5403 5403 5403 3342 3342 3348 3348 5403 5403 3348 3348 5404 5404 5404 5404 3348 3348 3347 3347 5404 5404 3347 3347 3345 3345 3345 3345 3344 3344 5404 5404 5404 5404 3344 3344 3860 3860 5404 5404 3860 3860 5405 5405 5405 5405 3860 3860 3859 3859 5405 5405 3859 3859 3353 3353 3353 3353 3352 3352 5405 5405 5405 5405 3352 3352 3350 3350 5405 5405 3350 3350 5406 5406 5406 5406 3350 3350 3349 3349 5406 5406 3349 3349 3359 3359 3365 3365 5392 5392 3366 3366 3366 3366 5392 5392 5407 5407 3366 3366 5407 5407 3367 3367 3359 3359 3358 3358 5406 5406 5406 5406 3358 3358 3357 3357 5406 5406 3357 3357 5407 5407 5407 5407 3357 3357 3356 3356 5407 5407 3356 3356 3367 3367 3316 3316 3315 3315 5408 5408 5408 5408 3315 3315 3327 3327 5408 5408 3327 3327 5409 5409 5409 5409 3327 3327 3326 3326 3760 3760 3321 3321 5375 5375 5375 5375 3321 3321 3320 3320 5375 5375 3320 3320 5408 5408 5408 5408 3320 3320 3318 3318 5408 5408 3318 3318 3316 3316 5410 5410 3330 3330 3329 3329 3326 3326 3325 3325 5409 5409 5409 5409 3325 3325 3323 3323 5409 5409 3323 3323 5410 5410 5410 5410 3323 3323 3322 3322 5410 5410 3322 3322 3330 3330 3329 3329 3108 3108 5410 5410 5410 5410 3108 3108 3334 3334 5410 5410 3334 3334 5411 5411 5411 5411 3334 3334 3333 3333 5411 5411 3333 3333 3332 3332 3332 3332 3337 3337 5411 5411 5411 5411 3337 3337 3338 3338 5411 5411 3338 3338 5403 5403 5403 5403 3338 3338 3340 3340 5403 5403 3340 3340 3343 3343 4577 4577 4554 4554 5392 5392 5392 5392 4554 4554 5374 5374 5392 5392 5374 5374 5407 5407 5407 5407 5374 5374 5393 5393 5407 5407 5393 5393 5406 5406 5406 5406 5393 5393 5394 5394 5406 5406 5394 5394 5405 5405 5405 5405 5394 5394 5395 5395 5405 5405 5395 5395 5404 5404 5404 5404 5395 5395 5396 5396 5404 5404 5396 5396 5403 5403 5403 5403 5396 5396 5397 5397 5403 5403 5397 5397 5411 5411 5411 5411 5397 5397 5398 5398 5411 5411 5398 5398 5410 5410 5410 5410 5398 5398 5399 5399 5410 5410 5399 5399 5409 5409 5409 5409 5399 5399 5400 5400 5409 5409 5400 5400 5408 5408 5408 5408 5400 5400 5401 5401 5408 5408 5401 5401 5375 5375 5375 5375 5401 5401 5402 5402 5375 5375 5402 5402 5378 5378 5378 5378 5402 5402 5379 5379 5378 5378 5379 5379 5412 5412 5412 5412 5379 5379 5380 5380 5298 5298 5299 5299 5413 5413 3307 3307 3306 3306 5414 5414 5414 5414 3306 3306 3309 3309 5414 5414 3309 3309 3112 3112 3111 3111 5376 5376 3112 3112 3112 3112 5376 5376 5377 5377 3112 3112 5377 5377 5414 5414 5414 5414 5377 5377 5378 5378 5414 5414 5378 5378 5415 5415 5415 5415 5378 5378 5412 5412 5415 5415 5412 5412 5416 5416 5416 5416 5412 5412 5380 5380 5416 5416 5380 5380 5417 5417 5417 5417 5380 5380 5381 5381 5417 5417 5381 5381 5312 5312 3301 3301 3300 3300 4506 4506 4506 4506 3300 3300 3299 3299 4506 4506 3299 3299 5418 5418 5418 5418 3299 3299 3297 3297 5419 5419 5420 5420 4503 4503 4503 4503 4504 4504 5419 5419 5419 5419 4504 4504 5421 5421 5421 5421 4504 4504 4507 4507 5422 5422 4520 4520 4496 4496 5422 5422 4496 4496 5423 5423 5423 5423 4496 4496 4495 4495 5423 5423 4495 4495 5420 5420 5420 5420 4495 4495 4502 4502 5420 5420 4502 4502 4503 4503 5292 5292 5295 5295 5422 5422 5422 5422 5295 5295 5296 5296 5296 5296 4512 4512 4499 4499 5296 5296 4499 4499 5422 5422 5422 5422 4499 4499 4498 4498 5422 5422 4498 4498 4520 4520 5297 5297 5424 5424 5293 5293 5293 5293 5424 5424 5310 5310 5293 5293 5310 5310 5294 5294 5312 5312 5314 5314 5417 5417 5417 5417 5314 5314 5315 5315 5417 5417 5315 5315 5424 5424 5424 5424 5315 5315 5317 5317 5424 5424 5317 5317 5310 5310 3303 3303 3302 3302 5425 5425 5425 5425 3302 3302 3305 3305 5297 5297 5298 5298 5424 5424 5424 5424 5298 5298 5413 5413 5424 5424 5413 5413 5417 5417 5417 5417 5413 5413 5426 5426 5417 5417 5426 5426 5416 5416 5416 5416 5426 5426 5427 5427 5416 5416 5427 5427 5415 5415 5415 5415 5427 5427 5428 5428 5415 5415 5428 5428 5414 5414 5414 5414 5428 5428 5425 5425 5414 5414 5425 5425 3307 3307 3307 3307 5425 5425 3305 3305 3297 3297 3296 3296 5418 5418 5418 5418 3296 3296 5421 5421 5418 5418 5421 5421 4506 4506 4506 4506 5421 5421 4507 4507 5299 5299 5292 5292 5413 5413 5413 5413 5292 5292 5422 5422 5413 5413 5422 5422 5426 5426 5426 5426 5422 5422 5423 5423 5426 5426 5423 5423 5427 5427 5427 5427 5423 5423 5420 5420 5427 5427 5420 5420 5428 5428 5428 5428 5420 5420 5419 5419 5428 5428 5419 5419 5425 5425 5425 5425 5419 5419 5421 5421 5425 5425 5421 5421 3303 3303 3303 3303 5421 5421 3296 3296 3099 3099 3097 3097 5429 5429 3445 3445 3448 3448 5430 5430 5431 5431 3494 3494 3493 3493 3477 3477 3483 3483 5432 5432 3495 3495 3103 3103 5433 5433 5433 5433 3103 3103 3102 3102 5433 5433 3102 3102 5429 5429 5429 5429 3102 3102 3100 3100 5429 5429 3100 3100 3099 3099 3493 3493 3498 3498 5431 5431 5431 5431 3498 3498 3497 3497 5431 5431 3497 3497 5433 5433 5433 5433 3497 3497 3496 3496 5433 5433 3496 3496 3495 3495 3410 3410 3409 3409 5434 5434 3503 3503 3504 3504 5435 5435 5435 5435 3504 3504 3506 3506 3512 3512 5436 5436 3508 3508 3508 3508 5436 5436 5435 5435 3508 3508 5435 5435 3509 3509 3509 3509 5435 5435 3506 3506 5437 5437 3489 3489 3488 3488 3488 3488 3492 3492 5437 5437 5437 5437 3492 3492 3491 3491 5437 5437 3491 3491 5431 5431 5431 5431 3491 3491 3490 3490 5431 5431 3490 3490 3494 3494 3483 3483 3482 3482 5432 5432 5432 5432 3482 3482 3486 3486 5432 5432 3486 3486 5437 5437 5437 5437 3486 3486 3485 3485 5437 5437 3485 3485 3489 3489 3455 3455 3454 3454 5438 5438 5438 5438 3454 3454 3461 3461 5439 5439 3436 3436 3435 3435 3105 3105 4090 4090 5440 5440 3097 3097 3096 3096 5429 5429 5429 5429 3096 3096 3499 3499 5429 5429 3499 3499 5435 5435 5435 5435 3499 3499 3501 3501 5435 5435 3501 3501 3503 3503 3475 3475 3474 3474 5441 5441 5441 5441 3474 3474 3472 3472 3393 3393 3394 3394 5442 5442 3472 3472 3471 3471 5441 5441 5441 5441 3471 3471 3480 3480 5441 5441 3480 3480 5432 5432 5432 5432 3480 3480 3479 3479 5432 5432 3479 3479 3477 3477 3467 3467 3466 3466 5443 5443 5443 5443 3466 3466 3470 3470 5443 5443 3470 3470 5441 5441 5441 5441 3470 3470 3469 3469 5441 5441 3469 3469 3475 3475 3451 3451 3450 3450 5444 5444 5444 5444 3450 3450 3457 3457 5444 5444 3457 3457 5438 5438 5438 5438 3457 3457 3456 3456 5438 5438 3456 3456 3455 3455 3448 3448 3447 3447 5430 5430 5430 5430 3447 3447 3453 3453 5430 5430 3453 3453 5444 5444 5444 5444 3453 3453 3452 3452 5444 5444 3452 3452 3451 3451 3435 3435 3442 3442 5439 5439 5439 5439 3442 3442 3440 3440 5439 5439 3440 3440 5430 5430 5430 5430 3440 3440 3439 3439 5430 5430 3439 3439 3445 3445 3427 3427 3431 3431 5445 5445 3549 3549 3548 3548 5446 5446 3461 3461 3459 3459 5438 5438 5438 5438 3459 3459 3464 3464 5438 5438 3464 3464 5443 5443 5443 5443 3464 3464 3463 3463 5443 5443 3463 3463 3467 3467 4090 4090 3434 3434 5440 5440 5440 5440 3434 3434 3433 3433 5440 5440 3433 3433 5439 5439 5439 5439 3433 3433 3438 3438 5439 5439 3438 3438 3436 3436 3427 3427 5445 5445 3425 3425 3373 3373 3372 3372 5447 5447 3431 3431 3430 3430 5445 5445 5445 5445 3430 3430 3428 3428 5445 5445 3428 3428 5440 5440 5440 5440 3428 3428 3106 3106 5440 5440 3106 3106 3105 3105 3400 3400 3402 3402 5448 5448 5448 5448 3402 3402 3403 3403 5448 5448 3403 3403 5434 5434 5434 5434 3403 3403 3405 3405 5434 5434 3405 3405 3410 3410 3380 3380 3385 3385 5449 5449 5449 5449 3385 3385 3387 3387 3413 3413 3415 3415 5450 5450 5450 5450 3415 3415 3416 3416 3409 3409 3407 3407 5434 5434 5434 5434 3407 3407 3406 3406 5434 5434 3406 3406 5450 5450 5450 5450 3406 3406 3411 3411 5450 5450 3411 3411 3413 3413 3372 3372 3376 3376 5447 5447 5447 5447 3376 3376 3375 3375 5447 5447 3375 3375 5451 5451 5451 5451 3375 3375 3379 3379 5451 5451 3379 3379 3378 3378 5452 5452 3533 3533 3535 3535 5453 5453 3538 3538 3539 3539 3425 3425 5445 5445 3424 3424 3424 3424 5445 5445 5454 5454 3424 3424 5454 5454 3422 3422 3416 3416 3418 3418 5450 5450 5450 5450 3418 3418 3419 3419 5450 5450 3419 3419 5454 5454 5454 5454 3419 3419 3421 3421 5454 5454 3421 3421 3422 3422 3394 3394 3396 3396 5442 5442 5442 5442 3396 3396 3397 3397 5442 5442 3397 3397 5448 5448 5448 5448 3397 3397 3399 3399 5448 5448 3399 3399 3400 3400 3378 3378 3384 3384 5451 5451 5451 5451 3384 3384 3383 3383 5451 5451 3383 3383 5449 5449 5449 5449 3383 3383 3381 3381 5449 5449 3381 3381 3380 3380 3539 3539 3541 3541 5453 5453 5453 5453 3541 3541 3542 3542 5453 5453 3542 3542 5446 5446 5446 5446 3542 3542 3544 3544 5446 5446 3544 3544 3549 3549 3523 3523 3529 3529 5455 5455 5455 5455 3529 3529 3528 3528 5455 5455 3528 3528 3526 3526 3387 3387 3388 3388 5449 5449 5449 5449 3388 3388 3390 3390 5449 5449 3390 3390 5442 5442 5442 5442 3390 3390 3391 3391 5442 5442 3391 3391 3393 3393 3548 3548 3546 3546 5446 5446 5446 5446 3546 3546 3545 3545 5446 5446 3545 3545 5447 5447 5447 5447 3545 3545 3370 3370 5447 5447 3370 3370 3373 3373 5452 5452 3535 3535 5453 5453 5453 5453 3535 3535 3536 3536 5453 5453 3536 3536 3538 3538 3526 3526 3525 3525 5455 5455 5455 5455 3525 3525 3530 3530 5455 5455 3530 3530 5452 5452 5452 5452 3530 3530 3532 3532 5452 5452 3532 3532 3533 3533 5456 5456 3518 3518 3517 3517 3517 3517 3521 3521 5456 5456 5456 5456 3521 3521 3520 3520 5456 5456 3520 3520 5455 5455 5455 5455 3520 3520 3524 3524 5455 5455 3524 3524 3523 3523 3512 3512 3511 3511 5436 5436 5436 5436 3511 3511 3515 3515 5436 5436 3515 3515 5456 5456 5456 5456 3515 3515 3514 3514 5456 5456 3514 3514 3518 3518 5348 5348 5359 5359 5457 5457 5346 5346 5347 5347 5458 5458 5459 5459 5460 5460 5461 5461 5345 5345 5346 5346 5461 5461 5338 5338 5339 5339 5462 5462 5462 5462 5339 5339 5340 5340 5359 5359 5358 5358 5457 5457 5457 5457 5358 5358 5357 5357 5457 5457 5357 5357 5462 5462 3271 3271 3270 3270 5463 5463 5463 5463 3270 3270 3268 3268 3272 3272 3271 3271 5464 5464 5464 5464 3271 3271 5463 5463 5464 5464 5463 5463 5459 5459 5465 5465 3277 3277 3276 3276 5458 5458 5466 5466 5467 5467 5467 5467 5466 5466 5468 5468 5467 5467 5468 5468 5469 5469 5469 5469 5468 5468 5470 5470 5469 5469 5470 5470 5465 5465 5465 5465 3276 3276 5469 5469 5469 5469 3276 3276 3275 3275 5469 5469 3275 3275 3274 3274 423 423 5338 5338 5352 5352 5352 5352 5338 5338 5462 5462 5352 5352 5462 5462 5356 5356 5356 5356 5462 5462 5357 5357 5341 5341 5342 5342 5460 5460 5460 5460 5342 5342 5343 5343 5460 5460 5343 5343 5461 5461 5461 5461 5343 5343 5344 5344 5461 5461 5344 5344 5345 5345 5349 5349 5463 5463 3268 3268 5349 5349 3268 3268 3267 3267 5349 5349 5348 5348 5463 5463 5463 5463 5348 5348 5457 5457 5463 5463 5457 5457 5459 5459 5459 5459 5457 5457 5462 5462 5459 5459 5462 5462 5460 5460 5460 5460 5462 5462 5340 5340 5460 5460 5340 5340 5341 5341 5346 5346 5458 5458 5461 5461 5461 5461 5458 5458 5467 5467 5461 5461 5467 5467 5459 5459 5459 5459 5467 5467 5469 5469 5459 5459 5469 5469 5464 5464 5464 5464 5469 5469 3274 3274 5464 5464 3274 3274 3272 3272 3162 3162 3161 3161 5471 5471 5466 5466 5458 5458 5472 5472 3205 3205 3203 3203 5473 5473 5470 5470 5468 5468 5474 5474 3277 3277 5465 5465 3260 3260 3260 3260 5465 5465 5475 5475 3260 3260 5475 5475 3261 3261 3259 3259 5476 5476 3257 3257 3257 3257 5476 5476 5477 5477 3257 3257 5477 5477 3256 3256 3259 3259 3266 3266 5476 5476 5476 5476 3266 3266 3265 3265 5476 5476 3265 3265 5475 5475 5475 5475 3265 3265 3263 3263 5475 5475 3263 3263 3261 3261 3252 3252 5478 5478 3253 3253 3253 3253 5478 5478 5479 5479 3240 3240 5480 5480 3241 3241 3241 3241 5480 5480 5481 5481 3240 3240 3248 3248 5480 5480 5480 5480 3248 3248 3247 3247 5480 5480 3247 3247 5479 5479 5479 5479 3247 3247 3246 3246 5479 5479 3246 3246 3253 3253 3252 3252 3250 3250 5478 5478 5478 5478 3250 3250 3249 3249 5478 5478 3249 3249 5477 5477 5477 5477 3249 3249 3254 3254 5477 5477 3254 3254 3256 3256 3237 3237 5482 5482 3232 3232 3232 3232 5482 5482 5483 5483 3232 3232 5483 5483 3233 3233 5484 5484 3228 3228 3231 3231 5484 5484 3231 3231 5485 5485 3231 3231 3230 3230 5485 5485 5485 5485 3230 3230 3236 3236 5485 5485 3236 3236 5483 5483 5483 5483 3236 3236 3235 3235 5483 5483 3235 3235 3233 3233 3224 3224 5486 5486 3225 3225 3225 3225 5486 5486 5487 5487 3214 3214 5488 5488 3216 3216 3216 3216 5488 5488 5489 5489 3216 3216 5489 5489 3217 3217 3214 3214 3213 3213 5488 5488 5488 5488 3213 3213 3218 3218 5488 5488 3218 3218 5487 5487 5487 5487 3218 3218 3220 3220 5487 5487 3220 3220 3225 3225 3224 3224 3222 3222 5486 5486 5486 5486 3222 3222 3221 3221 5486 5486 3221 3221 5484 5484 5484 5484 3221 3221 3226 3226 5484 5484 3226 3226 3228 3228 5465 5465 5470 5470 5475 5475 5475 5475 5470 5470 5474 5474 5475 5475 5474 5474 5476 5476 5476 5476 5474 5474 5490 5490 5476 5476 5490 5490 5477 5477 5477 5477 5490 5490 5491 5491 5477 5477 5491 5491 5478 5478 5478 5478 5491 5491 5492 5492 5478 5478 5492 5492 5479 5479 5479 5479 5492 5492 5493 5493 5479 5479 5493 5493 5480 5480 5480 5480 5493 5493 5494 5494 5480 5480 5494 5494 5481 5481 5481 5481 5494 5494 5495 5495 5481 5481 5495 5495 5482 5482 5482 5482 5495 5495 5496 5496 5482 5482 5496 5496 5483 5483 5483 5483 5496 5496 5497 5497 5483 5483 5497 5497 5485 5485 5485 5485 5497 5497 5498 5498 5485 5485 5498 5498 5484 5484 5484 5484 5498 5498 5499 5499 5484 5484 5499 5499 5486 5486 5486 5486 5499 5499 5500 5500 5486 5486 5500 5500 5487 5487 5487 5487 5500 5500 5501 5501 5487 5487 5501 5501 5488 5488 5488 5488 5501 5501 5502 5502 5488 5488 5502 5502 5489 5489 5489 5489 5502 5502 5503 5503 5489 5489 5503 5503 5504 5504 3237 3237 3239 3239 5482 5482 5482 5482 3239 3239 3244 3244 5482 5482 3244 3244 5481 5481 5481 5481 3244 3244 3243 3243 5481 5481 3243 3243 3241 3241 5505 5505 5506 5506 5507 5507 5508 5508 5509 5509 5510 5510 5510 5510 5509 5509 5511 5511 5507 5507 5506 5506 5473 5473 5473 5473 5506 5506 5512 5512 5473 5473 5512 5512 5513 5513 5513 5513 5512 5512 5514 5514 5513 5513 5514 5514 5515 5515 5516 5516 5517 5517 5518 5518 5518 5518 5517 5517 5519 5519 5518 5518 5519 5519 5520 5520 5521 5521 5471 5471 5522 5522 5522 5522 5471 5471 5523 5523 5522 5522 5523 5523 5524 5524 5524 5524 5523 5523 5525 5525 5524 5524 5525 5525 5526 5526 5526 5526 5527 5527 5528 5528 5528 5528 5527 5527 5529 5529 5528 5528 5529 5529 5516 5516 5520 5520 5530 5530 5531 5531 5531 5531 5530 5530 5532 5532 5531 5531 5532 5532 5533 5533 3200 3200 3209 3209 5507 5507 5507 5507 3209 3209 5504 5504 5507 5507 5504 5504 5505 5505 5505 5505 5504 5504 5503 5503 5473 5473 3203 3203 5507 5507 5507 5507 3203 3203 3201 3201 5507 5507 3201 3201 3200 3200 3197 3197 3196 3196 5515 5515 5514 5514 5508 5508 5515 5515 5515 5515 5508 5508 5510 5510 5515 5515 5510 5510 3197 3197 3197 3197 5510 5510 3198 3198 5509 5509 5533 5533 5511 5511 5511 5511 5533 5533 5532 5532 5511 5511 5532 5532 3193 3193 3193 3193 3192 3192 5511 5511 5511 5511 3192 3192 3190 3190 5511 5511 3190 3190 5510 5510 5510 5510 3190 3190 3189 3189 5510 5510 3189 3189 3198 3198 3196 3196 3199 3199 5515 5515 5515 5515 3199 3199 3115 3115 5515 5515 3115 3115 5513 5513 5513 5513 3115 3115 3114 3114 5513 5513 3114 3114 5473 5473 5473 5473 3114 3114 3206 3206 5473 5473 3206 3206 3205 3205 5520 5520 5519 5519 5530 5530 5530 5530 5519 5519 3186 3186 5530 5530 3186 3186 3185 3185 3175 3175 3180 3180 5529 5529 5516 5516 5529 5529 5517 5517 5517 5517 5529 5529 3180 3180 5517 5517 3180 3180 3179 3179 3179 3179 3177 3177 5517 5517 5517 5517 3177 3177 3176 3176 5517 5517 3176 3176 5519 5519 5519 5519 3176 3176 3187 3187 5519 5519 3187 3187 3186 3186 5526 5526 5525 5525 5527 5527 5527 5527 5525 5525 3171 3171 5527 5527 3171 3171 3172 3172 3165 3165 5523 5523 3166 3166 3166 3166 5523 5523 5471 5471 3166 3166 5471 5471 3160 3160 3160 3160 5471 5471 3161 3161 3165 3165 3164 3164 5523 5523 5523 5523 3164 3164 3167 3167 5523 5523 3167 3167 5525 5525 5525 5525 3167 3167 3169 3169 5525 5525 3169 3169 3171 3171 3172 3172 3118 3118 5527 5527 5527 5527 3118 3118 3117 3117 5527 5527 3117 3117 5529 5529 5529 5529 3117 3117 3173 3173 5529 5529 3173 3173 3175 3175 3185 3185 3183 3183 5530 5530 5530 5530 3183 3183 3182 3182 5530 5530 3182 3182 5532 5532 5532 5532 3182 3182 3194 3194 5532 5532 3194 3194 3193 3193 5534 5534 5535 5535 5536 5536 5536 5536 5535 5535 5537 5537 5536 5536 5537 5537 5538 5538 5539 5539 5540 5540 5541 5541 5541 5541 5540 5540 5542 5542 5541 5541 5542 5542 5543 5543 5537 5537 5544 5544 5538 5538 5538 5538 5544 5544 5545 5545 5538 5538 5545 5545 5546 5546 5546 5546 5545 5545 5547 5547 5546 5546 5547 5547 5539 5539 5539 5539 5547 5547 5548 5548 5539 5539 5548 5548 5540 5540 5542 5542 5549 5549 5543 5543 5543 5543 5549 5549 5550 5550 5543 5543 5550 5550 5551 5551 5551 5551 5550 5550 5552 5552 5551 5551 5552 5552 5553 5553 5552 5552 5554 5554 5553 5553 5553 5553 5554 5554 5555 5555 5553 5553 5555 5555 5556 5556 5556 5556 5555 5555 5557 5557 5556 5556 5557 5557 5558 5558 5557 5557 5559 5559 5558 5558 5558 5558 5559 5559 5560 5560 5558 5558 5560 5560 5561 5561 5561 5561 5560 5560 5562 5562 5561 5561 5562 5562 5563 5563 5300 5300 5364 5364 5564 5564 5564 5564 5364 5364 5565 5565 5562 5562 5566 5566 5563 5563 5563 5563 5566 5566 5567 5567 5563 5563 5567 5567 5568 5568 5568 5568 5567 5567 5569 5569 5568 5568 5569 5569 5565 5565 5565 5565 5569 5569 5570 5570 5565 5565 5570 5570 5564 5564 5458 5458 5347 5347 5472 5472 5472 5472 5347 5347 5571 5571 5472 5472 5571 5571 5572 5572 5573 5573 5574 5574 5575 5575 5575 5575 5574 5574 5576 5576 5575 5575 5576 5576 5577 5577 5571 5571 5578 5578 5572 5572 5572 5572 5578 5578 5579 5579 5572 5572 5579 5579 5580 5580 5580 5580 5579 5579 5581 5581 5580 5580 5581 5581 5573 5573 5573 5573 5581 5581 5582 5582 5573 5573 5582 5582 5574 5574 5583 5583 5584 5584 5585 5585 5585 5585 5584 5584 5586 5586 5585 5585 5586 5586 5587 5587 5588 5588 5589 5589 5590 5590 5590 5590 5589 5589 5591 5591 5590 5590 5591 5591 5592 5592 5586 5586 5593 5593 5587 5587 5587 5587 5593 5593 5594 5594 5587 5587 5594 5594 5595 5595 5595 5595 5594 5594 5596 5596 5595 5595 5596 5596 5588 5588 5588 5588 5596 5596 5597 5597 5588 5588 5597 5597 5589 5589 5576 5576 5598 5598 5577 5577 5577 5577 5598 5598 5599 5599 5577 5577 5599 5599 5600 5600 5600 5600 5599 5599 5601 5601 5600 5600 5601 5601 5583 5583 5583 5583 5601 5601 5602 5602 5583 5583 5602 5602 5584 5584 5591 5591 5603 5603 5592 5592 5592 5592 5603 5603 5604 5604 5592 5592 5604 5604 5605 5605 5605 5605 5604 5604 5606 5606 5605 5605 5606 5606 5607 5607 5607 5607 5606 5606 5608 5608 5607 5607 5608 5608 5534 5534 5534 5534 5608 5608 5609 5609 5534 5534 5609 5609 5535 5535 3163 3163 3162 3162 5369 5369 5369 5369 3162 3162 5471 5471 5369 5369 5471 5471 5368 5368 5368 5368 5471 5471 5521 5521 5368 5368 5521 5521 5367 5367 5367 5367 5521 5521 5365 5365 3209 3209 3208 3208 5504 5504 5504 5504 3208 3208 3211 3211 5504 5504 3211 3211 5489 5489 5489 5489 3211 3211 3210 3210 5489 5489 3210 3210 3217 3217 5364 5364 5365 5365 5565 5565 5565 5565 5365 5365 5521 5521 5565 5565 5521 5521 5568 5568 5568 5568 5521 5521 5522 5522 5568 5568 5522 5522 5563 5563 5563 5563 5522 5522 5524 5524 5563 5563 5524 5524 5561 5561 5561 5561 5524 5524 5526 5526 5561 5561 5526 5526 5558 5558 5558 5558 5526 5526 5528 5528 5558 5558 5528 5528 5556 5556 5556 5556 5528 5528 5516 5516 5556 5556 5516 5516 5553 5553 5553 5553 5516 5516 5518 5518 5553 5553 5518 5518 5551 5551 5551 5551 5518 5518 5520 5520 5551 5551 5520 5520 5543 5543 5543 5543 5520 5520 5531 5531 5543 5543 5531 5531 5541 5541 5541 5541 5531 5531 5533 5533 5541 5541 5533 5533 5539 5539 5539 5539 5533 5533 5509 5509 5539 5539 5509 5509 5546 5546 5546 5546 5509 5509 5508 5508 5546 5546 5508 5508 5538 5538 5538 5538 5508 5508 5514 5514 5538 5538 5514 5514 5536 5536 5536 5536 5514 5514 5512 5512 5536 5536 5512 5512 5534 5534 5534 5534 5512 5512 5506 5506 5534 5534 5506 5506 5607 5607 5607 5607 5506 5506 5505 5505 5607 5607 5505 5505 5605 5605 5605 5605 5505 5505 5503 5503 5605 5605 5503 5503 5592 5592 5592 5592 5503 5503 5502 5502 5592 5592 5502 5502 5590 5590 5590 5590 5502 5502 5501 5501 5590 5590 5501 5501 5588 5588 5588 5588 5501 5501 5500 5500 5588 5588 5500 5500 5595 5595 5595 5595 5500 5500 5499 5499 5595 5595 5499 5499 5587 5587 5587 5587 5499 5499 5498 5498 5587 5587 5498 5498 5585 5585 5585 5585 5498 5498 5497 5497 5585 5585 5497 5497 5583 5583 5583 5583 5497 5497 5496 5496 5583 5583 5496 5496 5600 5600 5600 5600 5496 5496 5495 5495 5600 5600 5495 5495 5577 5577 5577 5577 5495 5495 5494 5494 5577 5577 5494 5494 5575 5575 5575 5575 5494 5494 5493 5493 5575 5575 5493 5493 5573 5573 5573 5573 5493 5493 5492 5492 5573 5573 5492 5492 5580 5580 5580 5580 5492 5492 5491 5491 5580 5580 5491 5491 5572 5572 5572 5572 5491 5491 5490 5490 5572 5572 5490 5490 5472 5472 5472 5472 5490 5490 5474 5474 5472 5472 5474 5474 5466 5466 5466 5466 5474 5474 5468 5468 4195 4195 4197 4197 5610 5610 4212 4212 4211 4211 5611 5611 5611 5611 4211 4211 4206 4206 4278 4278 4277 4277 5612 5612 4199 4199 5613 5613 4200 4200 4200 4200 5613 5613 5610 5610 4200 4200 5610 5610 4201 4201 4201 4201 5610 5610 4197 4197 4230 4230 4229 4229 5614 5614 5614 5614 4229 4229 4223 4223 5614 5614 4223 4223 5615 5615 5615 5615 4223 4223 4222 4222 5615 5615 4222 4222 4215 4215 4226 4226 4225 4225 5614 5614 5614 5614 4225 4225 4231 4231 5614 5614 4231 4231 4230 4230 4344 4344 4335 4335 5616 5616 4206 4206 4205 4205 5611 5611 5611 5611 4205 4205 4203 4203 5611 5611 4203 4203 5610 5610 5610 5610 4203 4203 4202 4202 5610 5610 4202 4202 4195 4195 4215 4215 4214 4214 5615 5615 5615 5615 4214 4214 4208 4208 5615 5615 4208 4208 5611 5611 5611 5611 4208 4208 4213 4213 5611 5611 4213 4213 4212 4212 4237 4237 4238 4238 5617 5617 5617 5617 4238 4238 4233 4233 5617 5617 4233 4233 5614 5614 5614 5614 4233 4233 4232 4232 5614 5614 4232 4232 4226 4226 5618 5618 4240 4240 4239 4239 4239 4239 3036 3036 5618 5618 5618 5618 3036 3036 3035 3035 5618 5618 3035 3035 5617 5617 5617 5617 3035 3035 4235 4235 5617 5617 4235 4235 4237 4237 4288 4288 4287 4287 5619 5619 5619 5619 4287 4287 4282 4282 5619 5619 4282 4282 5620 5620 5620 5620 4282 4282 4292 4292 5620 5620 4292 4292 4291 4291 4284 4284 4283 4283 5619 5619 5619 5619 4283 4283 4289 4289 5619 5619 4289 4289 4288 4288 4311 4311 4310 4310 5621 5621 5621 5621 4310 4310 4301 4301 4301 4301 4304 4304 5621 5621 5621 5621 4304 4304 4303 4303 5621 5621 4303 4303 5622 5622 5622 5622 4303 4303 4302 4302 5622 5622 4302 4302 4297 4297 4277 4277 4271 4271 5612 5612 5612 5612 4271 4271 4243 4243 5612 5612 4243 4243 5618 5618 5618 5618 4243 4243 4242 4242 5618 5618 4242 4242 4240 4240 4291 4291 4290 4290 5620 5620 5620 5620 4290 4290 4274 4274 5620 5620 4274 4274 5612 5612 5612 5612 4274 4274 4279 4279 5612 5612 4279 4279 4278 4278 4297 4297 4296 4296 5622 5622 5622 5622 4296 4296 4294 4294 5622 5622 4294 4294 5619 5619 5619 5619 4294 4294 4293 4293 5619 5619 4293 4293 4284 4284 5623 5623 3032 3032 4309 4309 4309 4309 4308 4308 5623 5623 5623 5623 4308 4308 4306 4306 5623 5623 4306 4306 5621 5621 5621 5621 4306 4306 4312 4312 5621 5621 4312 4312 4311 4311 3029 3029 4318 4318 5624 5624 5624 5624 4318 4318 4317 4317 4317 4317 4315 4315 5624 5624 5624 5624 4315 4315 4314 4314 5624 5624 4314 4314 5623 5623 5623 5623 4314 4314 3033 3033 5623 5623 3033 3033 3032 3032 4319 4319 3027 3027 5625 5625 5625 5625 3027 3027 3026 3026 5625 5625 3026 3026 5624 5624 5624 5624 3026 3026 3030 3030 5624 5624 3030 3030 3029 3029 4333 4333 4332 4332 5626 5626 5626 5626 4332 4332 4331 4331 5626 5626 4331 4331 4325 4325 4325 4325 4324 4324 5626 5626 5626 5626 4324 4324 4322 4322 5626 5626 4322 4322 5625 5625 5625 5625 4322 4322 4320 4320 5625 5625 4320 4320 4319 4319 4335 4335 4334 4334 5616 5616 5616 5616 4334 4334 4329 4329 5616 5616 4329 4329 5626 5626 5626 5626 4329 4329 4328 4328 5626 5626 4328 4328 4333 4333 4337 4337 4339 4339 5627 5627 5627 5627 4339 4339 4341 4341 5627 5627 4341 4341 5616 5616 5616 5616 4341 4341 4343 4343 5616 5616 4343 4343 4344 4344 5628 5628 4366 4366 4354 4354 4116 4116 4115 4115 5629 5629 3041 3041 3048 3048 5630 5630 5630 5630 3048 3048 3047 3047 5631 5631 4148 4148 4146 4146 4351 4351 4345 4345 5632 5632 5632 5632 4345 4345 4347 4347 5632 5632 4347 4347 5627 5627 5627 5627 4347 4347 4348 4348 5627 5627 4348 4348 4337 4337 4354 4354 4357 4357 5628 5628 5628 5628 4357 4357 4356 4356 5628 5628 4356 4356 5632 5632 5632 5632 4356 4356 4355 4355 5632 5632 4355 4355 4351 4351 3047 3047 4175 4175 5630 5630 5630 5630 4175 4175 4142 4142 5630 5630 4142 4142 5633 5633 5633 5633 4142 4142 4141 4141 5633 5633 4141 4141 4140 4140 4199 4199 4190 4190 5613 5613 5613 5613 4190 4190 4189 4189 5613 5613 4189 4189 4188 4188 4140 4140 4135 4135 5633 5633 5633 5633 4135 4135 4134 4134 5633 5633 4134 4134 5634 5634 5634 5634 4134 4134 4125 4125 5634 5634 4125 4125 4130 4130 4146 4146 4144 4144 5631 5631 5631 5631 4144 4144 4143 4143 5631 5631 4143 4143 5630 5630 5630 5630 4143 4143 3042 3042 5630 5630 3042 3042 3041 3041 4188 4188 4152 4152 5613 5613 5613 5613 4152 4152 4151 4151 5613 5613 4151 4151 5631 5631 5631 5631 4151 4151 4149 4149 5631 5631 4149 4149 4148 4148 4115 4115 4370 4370 5629 5629 5629 5629 4370 4370 4369 4369 5629 5629 4369 4369 5628 5628 5628 5628 4369 4369 4367 4367 5628 5628 4367 4367 4366 4366 4130 4130 4129 4129 5634 5634 5634 5634 4129 4129 4127 4127 5634 5634 4127 4127 4126 4126 4126 4126 4132 4132 5634 5634 5634 5634 4132 4132 4131 4131 5634 5634 4131 4131 5635 5635 5635 5635 4131 4131 4121 4121 5635 5635 4121 4121 4120 4120 4120 4120 4118 4118 5635 5635 5635 5635 4118 4118 4117 4117 5635 5635 4117 4117 5629 5629 5629 5629 4117 4117 4113 4113 5629 5629 4113 4113 4116 4116 5636 5636 5637 5637 5638 5638 5639 5639 5640 5640 5641 5641 5642 5642 5643 5643 5644 5644 5645 5645 5646 5646 5647 5647 5648 5648 5649 5649 5650 5650 5648 5648 5650 5650 5651 5651 5649 5649 5648 5648 5652 5652 5652 5652 5648 5648 1539 1539 5652 5652 1539 1539 1538 1538 5653 5653 1577 1577 1575 1575 5653 5653 1575 1575 5654 5654 1575 1575 1268 1268 5654 5654 5654 5654 1268 1268 1267 1267 5654 5654 1267 1267 1536 1536 5654 5654 5655 5655 5653 5653 5653 5653 5655 5655 5656 5656 5653 5653 5656 5656 5657 5657 5657 5657 5656 5656 5658 5658 5657 5657 5658 5658 5659 5659 5659 5659 5658 5658 5660 5660 5659 5659 5660 5660 5661 5661 5647 5647 1560 1560 1559 1559 1559 1559 1572 1572 5647 5647 5647 5647 1572 1572 5661 5661 5647 5647 5661 5661 5662 5662 5662 5662 5661 5661 5660 5660 1569 1569 5657 5657 1570 1570 1570 1570 5657 5657 5659 5659 1570 1570 5659 5659 1574 1574 1574 1574 5659 5659 5661 5661 1574 1574 5661 5661 1571 1571 1571 1571 5661 5661 1572 1572 5637 5637 5663 5663 5638 5638 5638 5638 5663 5663 5664 5664 5638 5638 5664 5664 5665 5665 5664 5664 5666 5666 5665 5665 5665 5665 5666 5666 5667 5667 5665 5665 5667 5667 5668 5668 5669 5669 5670 5670 5671 5671 5671 5671 5670 5670 5672 5672 5673 5673 5674 5674 5675 5675 5642 5642 5644 5644 5674 5674 5667 5667 5669 5669 5668 5668 5668 5668 5669 5669 5671 5671 5668 5668 5671 5671 5675 5675 5675 5675 5671 5671 5672 5672 5675 5675 5672 5672 5673 5673 5676 5676 5677 5677 5662 5662 5662 5662 5677 5677 5678 5678 5662 5662 5678 5678 5647 5647 5639 5639 5641 5641 5679 5679 5680 5680 5681 5681 5682 5682 5682 5682 5683 5683 5680 5680 5680 5680 5683 5683 5684 5684 5680 5680 5684 5684 5685 5685 5640 5640 5681 5681 5641 5641 5641 5641 5681 5681 5680 5680 5641 5641 5680 5680 5686 5686 5686 5686 5680 5680 5685 5685 5686 5686 5685 5685 5687 5687 5688 5688 5679 5679 5689 5689 5689 5689 5679 5679 5641 5641 5689 5689 5641 5641 5690 5690 5690 5690 5641 5641 5686 5686 5690 5690 5686 5686 5691 5691 5691 5691 5686 5686 5687 5687 5691 5691 5687 5687 5692 5692 5683 5683 5693 5693 5684 5684 5684 5684 5693 5693 5694 5694 5684 5684 5694 5694 5695 5695 5650 5650 5692 5692 5651 5651 5651 5651 5692 5692 5687 5687 5651 5651 5687 5687 5696 5696 5696 5696 5687 5687 5685 5685 5696 5696 5685 5685 5697 5697 5697 5697 5685 5685 5684 5684 5697 5697 5684 5684 5638 5638 5638 5638 5684 5684 5695 5695 5638 5638 5695 5695 5636 5636 5646 5646 1563 1563 5647 5647 5647 5647 1563 1563 1562 1562 5647 5647 1562 1562 1560 1560 1577 1577 5653 5653 1578 1578 1578 1578 5653 5653 5657 5657 1578 1578 5657 5657 1579 1579 1579 1579 5657 5657 1569 1569 1579 1579 1569 1569 1580 1580 5645 5645 5647 5647 5698 5698 5698 5698 5647 5647 5678 5678 5698 5698 5678 5678 5699 5699 5699 5699 5678 5678 5677 5677 5699 5699 5677 5677 5700 5700 5700 5700 5677 5677 5676 5676 5700 5700 5676 5676 5644 5644 5674 5674 5644 5644 5675 5675 5675 5675 5644 5644 5676 5676 5675 5675 5676 5676 5668 5668 5668 5668 5676 5676 5662 5662 5668 5668 5662 5662 5665 5665 5665 5665 5662 5662 5660 5660 5665 5665 5660 5660 5638 5638 5638 5638 5660 5660 5658 5658 5638 5638 5658 5658 5697 5697 5697 5697 5658 5658 5656 5656 5697 5697 5656 5656 5696 5696 5696 5696 5656 5656 5655 5655 5696 5696 5655 5655 5651 5651 5651 5651 5655 5655 5654 5654 5651 5651 5654 5654 5648 5648 5648 5648 5654 5654 1536 1536 5648 5648 1536 1536 1539 1539 5701 5701 5702 5702 5703 5703 5704 5704 5688 5688 5689 5689 5705 5705 5706 5706 5707 5707 5708 5708 5709 5709 5710 5710 5711 5711 5712 5712 5713 5713 5714 5714 5715 5715 5716 5716 5716 5716 5715 5715 5717 5717 5716 5716 5717 5717 5718 5718 5718 5718 5717 5717 5719 5719 5720 5720 5721 5721 5722 5722 5722 5722 5721 5721 5723 5723 5722 5722 5723 5723 5719 5719 5719 5719 5723 5723 5724 5724 5719 5719 5724 5724 5718 5718 5725 5725 5726 5726 5727 5727 5727 5727 5726 5726 5728 5728 5729 5729 5730 5730 5731 5731 5731 5731 5730 5730 5732 5732 5731 5731 5732 5732 5733 5733 5733 5733 5732 5732 5734 5734 5733 5733 5734 5734 5735 5735 1563 1563 5646 5646 1564 1564 1564 1564 5646 5646 5736 5736 1564 1564 5736 5736 1566 1566 5707 5707 5706 5706 5737 5737 5737 5737 5706 5706 5738 5738 5737 5737 5738 5738 5739 5739 5739 5739 5738 5738 5740 5740 5739 5739 5740 5740 5741 5741 5709 5709 5708 5708 5742 5742 1556 1556 1555 1555 5708 5708 5708 5708 1555 1555 1553 1553 5708 5708 1553 1553 5742 5742 5742 5742 1553 1553 1552 1552 5742 5742 1552 1552 5736 5736 5736 5736 1552 1552 1567 1567 5736 5736 1567 1567 1566 1566 5705 5705 5743 5743 5744 5744 5744 5744 5743 5743 5745 5745 5746 5746 5747 5747 5745 5745 5745 5745 5747 5747 5748 5748 5745 5745 5748 5748 5744 5744 1557 1557 5749 5749 1558 1558 1558 1558 5749 5749 5750 5750 1551 1551 1550 1550 5751 5751 5751 5751 1550 1550 1546 1546 5751 5751 1546 1546 5752 5752 1540 1540 1558 1558 1541 1541 1541 1541 1558 1558 5750 5750 1541 1541 5750 5750 1543 1543 1543 1543 5750 5750 5752 5752 1543 1543 5752 5752 1545 1545 1545 1545 5752 5752 1546 1546 5691 5691 5692 5692 5746 5746 5746 5746 5692 5692 5650 5650 5746 5746 5650 5650 5747 5747 5747 5747 5650 5650 5753 5753 5747 5747 5753 5753 5748 5748 5748 5748 5753 5753 5754 5754 5748 5748 5754 5754 5744 5744 5744 5744 5754 5754 5755 5755 5744 5744 5755 5755 5705 5705 5705 5705 5755 5755 5756 5756 5705 5705 5756 5756 5706 5706 5706 5706 5756 5756 5710 5710 5706 5706 5710 5710 5738 5738 5738 5738 5710 5710 5709 5709 5738 5738 5709 5709 5740 5740 5740 5740 5709 5709 5742 5742 5740 5740 5742 5742 5741 5741 5741 5741 5742 5742 5736 5736 5757 5757 5758 5758 5759 5759 5759 5759 5704 5704 5757 5757 5757 5757 5704 5704 5689 5689 5757 5757 5689 5689 5760 5760 5760 5760 5689 5689 5690 5690 5760 5760 5690 5690 5761 5761 5733 5733 5703 5703 5731 5731 5731 5731 5703 5703 5702 5702 5731 5731 5702 5702 5762 5762 5763 5763 5701 5701 5764 5764 5764 5764 5701 5701 5703 5703 5764 5764 5703 5703 5726 5726 5726 5726 5703 5703 5733 5733 5726 5726 5733 5733 5728 5728 5728 5728 5733 5733 5735 5735 5765 5765 5645 5645 5766 5766 5766 5766 5645 5645 5698 5698 5766 5766 5698 5698 5767 5767 5767 5767 5698 5698 5699 5699 5767 5767 5699 5699 5768 5768 5768 5768 5699 5699 5700 5700 5768 5768 5700 5700 5713 5713 5713 5713 5700 5700 5644 5644 5713 5713 5644 5644 5711 5711 5711 5711 5644 5644 5643 5643 5715 5715 5769 5769 5717 5717 5717 5717 5769 5769 5770 5770 5717 5717 5770 5770 5719 5719 5719 5719 5770 5770 5771 5771 5719 5719 5771 5771 5722 5722 5722 5722 5771 5771 5772 5772 5722 5722 5772 5772 5773 5773 5773 5773 5772 5772 5774 5774 5773 5773 5774 5774 5775 5775 5775 5775 5774 5774 5776 5776 5775 5775 5776 5776 5777 5777 5777 5777 5776 5776 5778 5778 5779 5779 5780 5780 5781 5781 5781 5781 5780 5780 5782 5782 5781 5781 5782 5782 5783 5783 5783 5783 5782 5782 5784 5784 5783 5783 5784 5784 5785 5785 5780 5780 5778 5778 5782 5782 5782 5782 5778 5778 5776 5776 5782 5782 5776 5776 5784 5784 5784 5784 5776 5776 5774 5774 5784 5784 5774 5774 5785 5785 5785 5785 5774 5774 5772 5772 5785 5785 5772 5772 5786 5786 5786 5786 5772 5772 5771 5771 5786 5786 5771 5771 5787 5787 5787 5787 5771 5771 5770 5770 5787 5787 5770 5770 5788 5788 5788 5788 5770 5770 5769 5769 5788 5788 5769 5769 5789 5789 5789 5789 5769 5769 5715 5715 5789 5789 5715 5715 5790 5790 5790 5790 5715 5715 5714 5714 5790 5790 5714 5714 5791 5791 5712 5712 5729 5729 5713 5713 5713 5713 5729 5729 5731 5731 5713 5713 5731 5731 5768 5768 5768 5768 5731 5731 5762 5762 5768 5768 5762 5762 5767 5767 5767 5767 5762 5762 5792 5792 5767 5767 5792 5792 5766 5766 5766 5766 5792 5792 5793 5793 5766 5766 5793 5793 5765 5765 5725 5725 5794 5794 5726 5726 5726 5726 5794 5794 5720 5720 5726 5726 5720 5720 5764 5764 5764 5764 5720 5720 5722 5722 5764 5764 5722 5722 5763 5763 5763 5763 5722 5722 5773 5773 5763 5763 5773 5773 5701 5701 5701 5701 5773 5773 5775 5775 5701 5701 5775 5775 5702 5702 5702 5702 5775 5775 5777 5777 5702 5702 5777 5777 5762 5762 5762 5762 5777 5777 5778 5778 5762 5762 5778 5778 5792 5792 5792 5792 5778 5778 5780 5780 5792 5792 5780 5780 5793 5793 5793 5793 5780 5780 5779 5779 5652 5652 1538 1538 1549 1549 1549 1549 1548 1548 5652 5652 5652 5652 1548 1548 5753 5753 5652 5652 5753 5753 5649 5649 5649 5649 5753 5753 5650 5650 1548 1548 1547 1547 5753 5753 5753 5753 1547 1547 1551 1551 5753 5753 1551 1551 5754 5754 5754 5754 1551 1551 5751 5751 5754 5754 5751 5751 5755 5755 5755 5755 5751 5751 5752 5752 5755 5755 5752 5752 5756 5756 5756 5756 5752 5752 5750 5750 5756 5756 5750 5750 5710 5710 5710 5710 5750 5750 5749 5749 5710 5710 5749 5749 5708 5708 5708 5708 5749 5749 1557 1557 5708 5708 1557 1557 1556 1556 5690 5690 5691 5691 5761 5761 5761 5761 5691 5691 5746 5746 5761 5761 5746 5746 5795 5795 5795 5795 5746 5746 5745 5745 5795 5795 5745 5745 5796 5796 5796 5796 5745 5745 5743 5743 5796 5796 5743 5743 5797 5797 5797 5797 5743 5743 5705 5705 5797 5797 5705 5705 5798 5798 5798 5798 5705 5705 5707 5707 5646 5646 5645 5645 5736 5736 5736 5736 5645 5645 5765 5765 5736 5736 5765 5765 5741 5741 5741 5741 5765 5765 5793 5793 5741 5741 5793 5793 5739 5739 5739 5739 5793 5793 5779 5779 5739 5739 5779 5779 5737 5737 5737 5737 5779 5779 5781 5781 5737 5737 5781 5781 5707 5707 5707 5707 5781 5781 5783 5783 5707 5707 5783 5783 5798 5798 5798 5798 5783 5783 5785 5785 5798 5798 5785 5785 5797 5797 5797 5797 5785 5785 5786 5786 5797 5797 5786 5786 5796 5796 5796 5796 5786 5786 5787 5787 5796 5796 5787 5787 5795 5795 5795 5795 5787 5787 5788 5788 5795 5795 5788 5788 5761 5761 5761 5761 5788 5788 5789 5789 5761 5761 5789 5789 5760 5760 5760 5760 5789 5789 5790 5790 5760 5760 5790 5790 5757 5757 5757 5757 5790 5790 5791 5791 5757 5757 5791 5791 5758 5758 5799 5799 5800 5800 5801 5801 5802 5802 5803 5803 5804 5804 1523 1523 1522 1522 5805 5805 5806 5806 5807 5807 5808 5808 5809 5809 5810 5810 5811 5811 5812 5812 5813 5813 5814 5814 5815 5815 5816 5816 5817 5817 5817 5817 5816 5816 5818 5818 5817 5817 5818 5818 5819 5819 5820 5820 5821 5821 5818 5818 5818 5818 5821 5821 5822 5822 5818 5818 5822 5822 5819 5819 5823 5823 5824 5824 5825 5825 5825 5825 5824 5824 5826 5826 5825 5825 5826 5826 5820 5820 5820 5820 5826 5826 5827 5827 5820 5820 5827 5827 5821 5821 5828 5828 5829 5829 5830 5830 5830 5830 5829 5829 5831 5831 5832 5832 5833 5833 5834 5834 5834 5834 5833 5833 5835 5835 5834 5834 5835 5835 5836 5836 5805 5805 5837 5837 5838 5838 5805 5805 5838 5838 5839 5839 1522 1522 1521 1521 5805 5805 5805 5805 1521 1521 1520 1520 5837 5837 5805 5805 1520 1520 5837 5837 1520 1520 1495 1495 5840 5840 5841 5841 5842 5842 5842 5842 5841 5841 5843 5843 5842 5842 5843 5843 5844 5844 5842 5842 1529 1529 5840 5840 5840 5840 1529 1529 1525 1525 5840 5840 1525 1525 1523 1523 5802 5802 5804 5804 5845 5845 5846 5846 5845 5845 5804 5804 5846 5846 5804 5804 5847 5847 5847 5847 5804 5804 5848 5848 5844 5844 5849 5849 1531 1531 1828 1828 1535 1535 5850 5850 5851 5851 1514 1514 1513 1513 1513 1513 1828 1828 5851 5851 5851 5851 1828 1828 5850 5850 5851 5851 5850 5850 5852 5852 5852 5852 5850 5850 5849 5849 5852 5852 5849 5849 5853 5853 5853 5853 5849 5849 5844 5844 1535 1535 1534 1534 5850 5850 5850 5850 1534 1534 1533 1533 5850 5850 1533 1533 5849 5849 5849 5849 1533 1533 1532 1532 5849 5849 1532 1532 1531 1531 5843 5843 5854 5854 5844 5844 5844 5844 5854 5854 5855 5855 5844 5844 5855 5855 5853 5853 5853 5853 5855 5855 5848 5848 5853 5853 5848 5848 5852 5852 5852 5852 5848 5848 5804 5804 5852 5852 5804 5804 5851 5851 5851 5851 5804 5804 5803 5803 5856 5856 5816 5816 5808 5808 5808 5808 5816 5816 5815 5815 5808 5808 5815 5815 5806 5806 5857 5857 5856 5856 5858 5858 5858 5858 5856 5856 5808 5808 5858 5858 5808 5808 5812 5812 5812 5812 5808 5808 5807 5807 5812 5812 5807 5807 5813 5813 5814 5814 5859 5859 5812 5812 5812 5812 5859 5859 5801 5801 5812 5812 5801 5801 5858 5858 5858 5858 5801 5801 5860 5860 5858 5858 5860 5860 5857 5857 5861 5861 5862 5862 5860 5860 5801 5801 5800 5800 5860 5860 5860 5860 5800 5800 5861 5861 5814 5814 5809 5809 5859 5859 5859 5859 5809 5809 5811 5811 5859 5859 5811 5811 5801 5801 5801 5801 5811 5811 5799 5799 5838 5838 5863 5863 5839 5839 5839 5839 5863 5863 5864 5864 5839 5839 5864 5864 5834 5834 5834 5834 5864 5864 5832 5832 5865 5865 5866 5866 5867 5867 5867 5867 5866 5866 5868 5868 5867 5867 5868 5868 5869 5869 5869 5869 5868 5868 5870 5870 5869 5869 5870 5870 5871 5871 5871 5871 5870 5870 5872 5872 5871 5871 5872 5872 5873 5873 1523 1523 5805 5805 5840 5840 5840 5840 5805 5805 5839 5839 5840 5840 5839 5839 5841 5841 5841 5841 5839 5839 5834 5834 5841 5841 5834 5834 5828 5828 5828 5828 5834 5834 5836 5836 5828 5828 5836 5836 5829 5829 5857 5857 5865 5865 5856 5856 5856 5856 5865 5865 5867 5867 5856 5856 5867 5867 5816 5816 5816 5816 5867 5867 5869 5869 5816 5816 5869 5869 5818 5818 5818 5818 5869 5869 5871 5871 5818 5818 5871 5871 5820 5820 5820 5820 5871 5871 5873 5873 5820 5820 5873 5873 5825 5825 5851 5851 5803 5803 5874 5874 5851 5851 5874 5874 1514 1514 1516 1516 1515 1515 5875 5875 5875 5875 1515 1515 1514 1514 5875 5875 1514 1514 5874 5874 1531 1531 1530 1530 5844 5844 5844 5844 1530 1530 1526 1526 5844 5844 1526 1526 5842 5842 5842 5842 1526 1526 1528 1528 5842 5842 1528 1528 1529 1529 5831 5831 5823 5823 5830 5830 5830 5830 5823 5823 5825 5825 5830 5830 5825 5825 5828 5828 5828 5828 5825 5825 5873 5873 5828 5828 5873 5873 5841 5841 5841 5841 5873 5873 5872 5872 5841 5841 5872 5872 5843 5843 5843 5843 5872 5872 5870 5870 5843 5843 5870 5870 5854 5854 5854 5854 5870 5870 5868 5868 5854 5854 5868 5868 5855 5855 5855 5855 5868 5868 5866 5866 5855 5855 5866 5866 5848 5848 5848 5848 5866 5866 5865 5865 5848 5848 5865 5865 5847 5847 5847 5847 5865 5865 5857 5857 5847 5847 5857 5857 5846 5846 5846 5846 5857 5857 5860 5860 5846 5846 5860 5860 5845 5845 5845 5845 5860 5860 5862 5862 5876 5876 5877 5877 5878 5878 5879 5879 5878 5878 5880 5880 1498 1498 1497 1497 5881 5881 5882 5882 5883 5883 5884 5884 1501 1501 1500 1500 5885 5885 5811 5811 5810 5810 5886 5886 5887 5887 5888 5888 5889 5889 5889 5889 5888 5888 5890 5890 5864 5864 5891 5891 5892 5892 5864 5864 5892 5892 5832 5832 5893 5893 5894 5894 5895 5895 5894 5894 5893 5893 5896 5896 5896 5896 5893 5893 5897 5897 5896 5896 5897 5897 5898 5898 5899 5899 5900 5900 5901 5901 5901 5901 5900 5900 5902 5902 5901 5901 5902 5902 5897 5897 5897 5897 5902 5902 5903 5903 5897 5897 5903 5903 5898 5898 5899 5899 5901 5901 5904 5904 5904 5904 5901 5901 5905 5905 5904 5904 5905 5905 5906 5906 5906 5906 5905 5905 5907 5907 5906 5906 5907 5907 5908 5908 5886 5886 5909 5909 5910 5910 5910 5910 5909 5909 5911 5911 5910 5910 5911 5911 5907 5907 5907 5907 5911 5911 5912 5912 5907 5907 5912 5912 5908 5908 5845 5845 5913 5913 5802 5802 5802 5802 5913 5913 5914 5914 5802 5802 5914 5914 5803 5803 1518 1518 1516 1516 1519 1519 1519 1519 1516 1516 5875 5875 1519 1519 5875 5875 5874 5874 1497 1497 1519 1519 5881 5881 5881 5881 1519 1519 5874 5874 5881 5881 5874 5874 5914 5914 5914 5914 5874 5874 5803 5803 5915 5915 5883 5883 5916 5916 5916 5916 5883 5883 5882 5882 5916 5916 5882 5882 5885 5885 1501 1501 5885 5885 1502 1502 1502 1502 5885 5885 5917 5917 5917 5917 5885 5885 5882 5882 5917 5917 5882 5882 5918 5918 5918 5918 5882 5882 5884 5884 5918 5918 5884 5884 5919 5919 1510 1510 1508 1508 5919 5919 5919 5919 1508 1508 1507 1507 5919 5919 1507 1507 5918 5918 5863 5863 5838 5838 5920 5920 5887 5887 5889 5889 5877 5877 5877 5877 5889 5889 5921 5921 5877 5877 5921 5921 5878 5878 5800 5800 5799 5799 5922 5922 5923 5923 5924 5924 5925 5925 5925 5925 5924 5924 5922 5922 5925 5925 5922 5922 5926 5926 5926 5926 5922 5922 5799 5799 5926 5926 5799 5799 5811 5811 5845 5845 5862 5862 5927 5927 5878 5878 5879 5879 5876 5876 5876 5876 5879 5879 5928 5928 5876 5876 5928 5928 5929 5929 5929 5929 5928 5928 5930 5930 5929 5929 5930 5930 5931 5931 5931 5931 5930 5930 5932 5932 5931 5931 5932 5932 5923 5923 5923 5923 5932 5932 5933 5933 5923 5923 5933 5933 5924 5924 1500 1500 1498 1498 5885 5885 5885 5885 1498 1498 5881 5881 5885 5885 5881 5881 5916 5916 5916 5916 5881 5881 5914 5914 5916 5916 5914 5914 5915 5915 5915 5915 5914 5914 5913 5913 5915 5915 5913 5913 5927 5927 5927 5927 5913 5913 5845 5845 5811 5811 5886 5886 5926 5926 5926 5926 5886 5886 5910 5910 5926 5926 5910 5910 5925 5925 5925 5925 5910 5910 5907 5907 5925 5925 5907 5907 5923 5923 5923 5923 5907 5907 5905 5905 5923 5923 5905 5905 5931 5931 5931 5931 5905 5905 5901 5901 5931 5931 5901 5901 5929 5929 5929 5929 5901 5901 5897 5897 5929 5929 5897 5897 5876 5876 5876 5876 5897 5897 5893 5893 5876 5876 5893 5893 5877 5877 5877 5877 5893 5893 5895 5895 5877 5877 5895 5895 5887 5887 5838 5838 5837 5837 5920 5920 5920 5920 5837 5837 1495 1495 1495 1495 1493 1493 5920 5920 5920 5920 1493 1493 1492 1492 5920 5920 1492 1492 5880 5880 5880 5880 1492 1492 1491 1491 5880 5880 1491 1491 1511 1511 1507 1507 1504 1504 5918 5918 5918 5918 1504 1504 1505 1505 5918 5918 1505 1505 5917 5917 5917 5917 1505 1505 1506 1506 5917 5917 1506 1506 1502 1502 5880 5880 5878 5878 5920 5920 5920 5920 5878 5878 5921 5921 5920 5920 5921 5921 5863 5863 5863 5863 5921 5921 5889 5889 5863 5863 5889 5889 5864 5864 5864 5864 5889 5889 5890 5890 5864 5864 5890 5890 5891 5891 1511 1511 1510 1510 5880 5880 5880 5880 1510 1510 5919 5919 5880 5880 5919 5919 5879 5879 5879 5879 5919 5919 5884 5884 5879 5879 5884 5884 5928 5928 5928 5928 5884 5884 5883 5883 5928 5928 5883 5883 5930 5930 5930 5930 5883 5883 5915 5915 5930 5930 5915 5915 5932 5932 5932 5932 5915 5915 5927 5927 5932 5932 5927 5927 5933 5933 5933 5933 5927 5927 5862 5862 5933 5933 5862 5862 5924 5924 5924 5924 5862 5862 5861 5861 5924 5924 5861 5861 5922 5922 5922 5922 5861 5861 5800 5800 5934 5934 5935 5935 5936 5936 5937 5937 5938 5938 5939 5939 5940 5940 5941 5941 5942 5942 5943 5943 5944 5944 5945 5945 1899 1899 1451 1451 5946 5946 5946 5946 1451 1451 1450 1450 5947 5947 5948 5948 5949 5949 5949 5949 5948 5948 5950 5950 5949 5949 5950 5950 5951 5951 5951 5951 5950 5950 5946 5946 5951 5951 5946 5946 5952 5952 5952 5952 5946 5946 1450 1450 5952 5952 1450 1450 5953 5953 5953 5953 1450 1450 1448 1448 5954 5954 5940 5940 5955 5955 1484 1484 5954 5954 5956 5956 5956 5956 5954 5954 5955 5955 5956 5956 5955 5955 5957 5957 1484 1484 1483 1483 5954 5954 5954 5954 1483 1483 1482 1482 5954 5954 1482 1482 1480 1480 5958 5958 5959 5959 5960 5960 5960 5960 5959 5959 5961 5961 5940 5940 5942 5942 5955 5955 5955 5955 5942 5942 5958 5958 5955 5955 5958 5958 5957 5957 5957 5957 5958 5958 5960 5960 5957 5957 5960 5960 1476 1476 1490 1490 1489 1489 5961 5961 5961 5961 1489 1489 1488 1488 5961 5961 1488 1488 5960 5960 5960 5960 1488 1488 1477 1477 5960 5960 1477 1477 1476 1476 5937 5937 5939 5939 5935 5935 5962 5962 5963 5963 5964 5964 5964 5964 5965 5965 5962 5962 5962 5962 5965 5965 5966 5966 5962 5962 5966 5966 5967 5967 5968 5968 5963 5963 5969 5969 5969 5969 5963 5963 5962 5962 5969 5969 5962 5962 5970 5970 5970 5970 5962 5962 5967 5967 5970 5970 5967 5967 5971 5971 5972 5972 5973 5973 5974 5974 5973 5973 5975 5975 5974 5974 5974 5974 5975 5975 5976 5976 5974 5974 5976 5976 5977 5977 5977 5977 5976 5976 5978 5978 5977 5977 5978 5978 5979 5979 5945 5945 5944 5944 5980 5980 5980 5980 5944 5944 5981 5981 5980 5980 5981 5981 5982 5982 5982 5982 5981 5981 5983 5983 5982 5982 5983 5983 5984 5984 5984 5984 5983 5983 5985 5985 5984 5984 5985 5985 5986 5986 5986 5986 5987 5987 5988 5988 5987 5987 5989 5989 5988 5988 5988 5988 5989 5989 5990 5990 5988 5988 5990 5990 5991 5991 5986 5986 5988 5988 5984 5984 5984 5984 5988 5988 5992 5992 5984 5984 5992 5992 5982 5982 5982 5982 5992 5992 5993 5993 5982 5982 5993 5993 5980 5980 5980 5980 5993 5993 5994 5994 5980 5980 5994 5994 5945 5945 5947 5947 5995 5995 5996 5996 5996 5996 5995 5995 5997 5997 5996 5996 5997 5997 5998 5998 5998 5998 5997 5997 5999 5999 5998 5998 5999 5999 6000 6000 5935 5935 5939 5939 5936 5936 5936 5936 5939 5939 6001 6001 5936 5936 6001 6001 5971 5971 5971 5971 6001 6001 6002 6002 5971 5971 6002 6002 5970 5970 5970 5970 6002 6002 6003 6003 5970 5970 6003 6003 5969 5969 5969 5969 6003 6003 6004 6004 5969 5969 6004 6004 5968 5968 5968 5968 6004 6004 6005 6005 5968 5968 6005 6005 6006 6006 6006 6006 6005 6005 6007 6007 6006 6006 6007 6007 6008 6008 6008 6008 6007 6007 6009 6009 6008 6008 6009 6009 6010 6010 6010 6010 6009 6009 6011 6011 6010 6010 6011 6011 6012 6012 5947 5947 5996 5996 5948 5948 5948 5948 5996 5996 5941 5941 5948 5948 5941 5941 5950 5950 5950 5950 5941 5941 5940 5940 5950 5950 5940 5940 5946 5946 5946 5946 5940 5940 5954 5954 5946 5946 5954 5954 1899 1899 1899 1899 5954 5954 1480 1480 1899 1899 1480 1480 1479 1479 6013 6013 5943 5943 6012 6012 6012 6012 5943 5943 5945 5945 6012 6012 5945 5945 6010 6010 6010 6010 5945 5945 5994 5994 6010 6010 5994 5994 6008 6008 6008 6008 5994 5994 5993 5993 6008 6008 5993 5993 6006 6006 6006 6006 5993 5993 5992 5992 6006 6006 5992 5992 5968 5968 5968 5968 5992 5992 5988 5988 5968 5968 5988 5988 5963 5963 5963 5963 5988 5988 5991 5991 5963 5963 5991 5991 5964 5964 1270 1270 1271 1271 5939 5939 5938 5938 1470 1470 5939 5939 5939 5939 1470 1470 1469 1469 5939 5939 1469 1469 1270 1270 1476 1476 1487 1487 5957 5957 5957 5957 1487 1487 1486 1486 5957 5957 1486 1486 5956 5956 5956 5956 1486 1486 1485 1485 5956 5956 1485 1485 1484 1484 5966 5966 6014 6014 5967 5967 5967 5967 6014 6014 5972 5972 5967 5967 5972 5972 5971 5971 5971 5971 5972 5972 5974 5974 5971 5971 5974 5974 5936 5936 5936 5936 5974 5974 5977 5977 5936 5936 5977 5977 5934 5934 1271 1271 1490 1490 5939 5939 5939 5939 1490 1490 5961 5961 5939 5939 5961 5961 6001 6001 6001 6001 5961 5961 5959 5959 6001 6001 5959 5959 6002 6002 6002 6002 5959 5959 5958 5958 6002 6002 5958 5958 6003 6003 6003 6003 5958 5958 5942 5942 6003 6003 5942 5942 6004 6004 6004 6004 5942 5942 5941 5941 6004 6004 5941 5941 6005 6005 6005 6005 5941 5941 5996 5996 6005 6005 5996 5996 6007 6007 6007 6007 5996 5996 5998 5998 6007 6007 5998 5998 6009 6009 6009 6009 5998 5998 6000 6000 6009 6009 6000 6000 6011 6011 6015 6015 6016 6016 6017 6017 6018 6018 6019 6019 6020 6020 6021 6021 6022 6022 6023 6023 6024 6024 6025 6025 6022 6022 6022 6022 6025 6025 6026 6026 6022 6022 6026 6026 6023 6023 6027 6027 6028 6028 6029 6029 6029 6029 6028 6028 6030 6030 6029 6029 6030 6030 6024 6024 6024 6024 6030 6030 6031 6031 6024 6024 6031 6031 6025 6025 6032 6032 6033 6033 6034 6034 6034 6034 6033 6033 6035 6035 6034 6034 6035 6035 6036 6036 6037 6037 6038 6038 6039 6039 6039 6039 6038 6038 6040 6040 6041 6041 5938 5938 5937 5937 6041 6041 5937 5937 6042 6042 1470 1470 5938 5938 1471 1471 1471 1471 5938 5938 6041 6041 1471 1471 6041 6041 1472 1472 1472 1472 6041 6041 1474 1474 6043 6043 1461 1461 6044 6044 6044 6044 1461 1461 1459 1459 6044 6044 6045 6045 6043 6043 6043 6043 6045 6045 6046 6046 6043 6043 6046 6046 6047 6047 1459 1459 1458 1458 6044 6044 6044 6044 1458 1458 1475 1475 6044 6044 1475 1475 1474 1474 6048 6048 6049 6049 6050 6050 5951 5951 6051 6051 5949 5949 5949 5949 6051 6051 5947 5947 6047 6047 6052 6052 1467 1467 1452 1452 1454 1454 6053 6053 6053 6053 1454 1454 6054 6054 6053 6053 6054 6054 6055 6055 6055 6055 6054 6054 6052 6052 6055 6055 6052 6052 6056 6056 6056 6056 6052 6052 6047 6047 1454 1454 1456 1456 6054 6054 6054 6054 1456 1456 1457 1457 6054 6054 1457 1457 6052 6052 6052 6052 1457 1457 1468 1468 6052 6052 1468 1468 1467 1467 6057 6057 6015 6015 6058 6058 6021 6021 6059 6059 6060 6060 6023 6023 6061 6061 6021 6021 6021 6021 6061 6061 6062 6062 6021 6021 6062 6062 6059 6059 6059 6059 6062 6062 6063 6063 6000 6000 6064 6064 6060 6060 6060 6060 6064 6064 6065 6065 6060 6060 6065 6065 6021 6021 6021 6021 6065 6065 6066 6066 6021 6021 6066 6066 6022 6022 6022 6022 6066 6066 6017 6017 6022 6022 6017 6017 6024 6024 6024 6024 6017 6017 6016 6016 6024 6024 6016 6016 6029 6029 6000 6000 6060 6060 6011 6011 6011 6011 6060 6060 6059 6059 6011 6011 6059 6059 6012 6012 6012 6012 6059 6059 6063 6063 6012 6012 6063 6063 6013 6013 6057 6057 6058 6058 6067 6067 6067 6067 6058 6058 6068 6068 6067 6067 6068 6068 6048 6048 6048 6048 6068 6068 6069 6069 6048 6048 6069 6069 6049 6049 6049 6049 6069 6069 6051 6051 6049 6049 6051 6051 6050 6050 6050 6050 6051 6051 5951 5951 6050 6050 5951 5951 5952 5952 5979 5979 6032 6032 5977 5977 5977 5977 6032 6032 6034 6034 5977 5977 6034 6034 5934 5934 5934 5934 6034 6034 6042 6042 5934 5934 6042 6042 5935 5935 5935 5935 6042 6042 5937 5937 6040 6040 6018 6018 6039 6039 6039 6039 6018 6018 6020 6020 6039 6039 6020 6020 6037 6037 6037 6037 6020 6020 6070 6070 6037 6037 6070 6070 6045 6045 6045 6045 6070 6070 6071 6071 6045 6045 6071 6071 6046 6046 1474 1474 6041 6041 6044 6044 6044 6044 6041 6041 6042 6042 6044 6044 6042 6042 6045 6045 6045 6045 6042 6042 6034 6034 6045 6045 6034 6034 6037 6037 6037 6037 6034 6034 6036 6036 6037 6037 6036 6036 6038 6038 1467 1467 1466 1466 6047 6047 6047 6047 1466 1466 1464 1464 6047 6047 1464 1464 6043 6043 6043 6043 1464 1464 1462 1462 6043 6043 1462 1462 1461 1461 6000 6000 5999 5999 6064 6064 6064 6064 5999 5999 5997 5997 6064 6064 5997 5997 5995 5995 6015 6015 6017 6017 6058 6058 6058 6058 6017 6017 6066 6066 6058 6058 6066 6066 6068 6068 6068 6068 6066 6066 6065 6065 6068 6068 6065 6065 6069 6069 6069 6069 6065 6065 6064 6064 6069 6069 6064 6064 6051 6051 6051 6051 6064 6064 5995 5995 6051 6051 5995 5995 5947 5947 1448 1448 1447 1447 5953 5953 5953 5953 1447 1447 1452 1452 5953 5953 1452 1452 5952 5952 5952 5952 1452 1452 6053 6053 5952 5952 6053 6053 6050 6050 6050 6050 6053 6053 6055 6055 6050 6050 6055 6055 6048 6048 6048 6048 6055 6055 6056 6056 6048 6048 6056 6056 6067 6067 6067 6067 6056 6056 6047 6047 6067 6067 6047 6047 6057 6057 6057 6057 6047 6047 6046 6046 6057 6057 6046 6046 6015 6015 6015 6015 6046 6046 6071 6071 6015 6015 6071 6071 6016 6016 6016 6016 6071 6071 6070 6070 6016 6016 6070 6070 6029 6029 6029 6029 6070 6070 6020 6020 6029 6029 6020 6020 6027 6027 6027 6027 6020 6020 6019 6019 6072 6072 6073 6073 1438 1438 1406 1406 1405 1405 6074 6074 1438 1438 1407 1407 6072 6072 6072 6072 1407 1407 1406 1406 6072 6072 1406 1406 6075 6075 6075 6075 1406 1406 6074 6074 1438 1438 6073 6073 1439 1439 1439 1439 6073 6073 6076 6076 1439 1439 6076 6076 1441 1441 6076 6076 6077 6077 1441 1441 1441 1441 6077 6077 6078 6078 1441 1441 6078 6078 1443 1443 1443 1443 6078 6078 6079 6079 1443 1443 6079 6079 1445 1445 6080 6080 1310 1310 6079 6079 6079 6079 1310 1310 1445 1445 1310 1310 6080 6080 1319 1319 1319 1319 6080 6080 6081 6081 1319 1319 6081 6081 1317 1317 6081 6081 6082 6082 1317 1317 1317 1317 6082 6082 6083 6083 1317 1317 6083 6083 1315 1315 1315 1315 6083 6083 6084 6084 1315 1315 6084 6084 1327 1327 6085 6085 1324 1324 1326 1326 6085 6085 1326 1326 6086 6086 6086 6086 1326 1326 1327 1327 6086 6086 1327 1327 6084 6084 6087 6087 6088 6088 1433 1433 1433 1433 1432 1432 6087 6087 6087 6087 1432 1432 1338 1338 6087 6087 1338 1338 6089 6089 6089 6089 1338 1338 1337 1337 6089 6089 1337 1337 6090 6090 6090 6090 1337 1337 1343 1343 6090 6090 1343 1343 6091 6091 1343 1343 1342 1342 6091 6091 6091 6091 1342 1342 1341 1341 6091 6091 1341 1341 6092 6092 6092 6092 1341 1341 1334 1334 6092 6092 1334 1334 6093 6093 6093 6093 1334 1334 1333 1333 6093 6093 1333 1333 6094 6094 6094 6094 1333 1333 1332 1332 6094 6094 1332 1332 6095 6095 6095 6095 1332 1332 1331 1331 6095 6095 1331 1331 6096 6096 6096 6096 1331 1331 1329 1329 6096 6096 1329 1329 6097 6097 6097 6097 1329 1329 6098 6098 1324 1324 6085 6085 1322 1322 1322 1322 6085 6085 6098 6098 1322 1322 6098 6098 1328 1328 1328 1328 6098 6098 1329 1329 6099 6099 6100 6100 1430 1430 1430 1430 6100 6100 1431 1431 1431 1431 6100 6100 6101 6101 1431 1431 6101 6101 1409 1409 1409 1409 6101 6101 6102 6102 1409 1409 6102 6102 1411 1411 1430 1430 1429 1429 6099 6099 6099 6099 1429 1429 1428 1428 6099 6099 1428 1428 6103 6103 6103 6103 1428 1428 6104 6104 1428 1428 1427 1427 6104 6104 6104 6104 1427 1427 1437 1437 6104 6104 1437 1437 6105 6105 6105 6105 1437 1437 1436 1436 6105 6105 1436 1436 6106 6106 6106 6106 1436 1436 1434 1434 6106 6106 1434 1434 6107 6107 6107 6107 1434 1434 1433 1433 6107 6107 1433 1433 6088 6088 1411 1411 6102 6102 1412 1412 1412 1412 6102 6102 6108 6108 6108 6108 6109 6109 1412 1412 1412 1412 6109 6109 6110 6110 1412 1412 6110 6110 1413 1413 6111 6111 1414 1414 6110 6110 6110 6110 1414 1414 1413 1413 1419 1419 1415 1415 6112 6112 6112 6112 1415 1415 6113 6113 1414 1414 6111 6111 1415 1415 1415 1415 6111 6111 6114 6114 1415 1415 6114 6114 6113 6113 1425 1425 1424 1424 6115 6115 6115 6115 1424 1424 1423 1423 6115 6115 1423 1423 6116 6116 6116 6116 1423 1423 1422 1422 6116 6116 1422 1422 6117 6117 6117 6117 1422 1422 1421 1421 6117 6117 1421 1421 6118 6118 6118 6118 1421 1421 1420 1420 6118 6118 1420 1420 6119 6119 6119 6119 1420 1420 1419 1419 6119 6119 1419 1419 6112 6112 1418 1418 6120 6120 1401 1401 1401 1401 6120 6120 6121 6121 1401 1401 6121 6121 1402 1402 1402 1402 6121 6121 6122 6122 1402 1402 6122 6122 1404 1404 1404 1404 6122 6122 6074 6074 1404 1404 6074 6074 1405 1405 1425 1425 6115 6115 1416 1416 1416 1416 6115 6115 6120 6120 1416 1416 6120 6120 1417 1417 1417 1417 6120 6120 1418 1418 1389 1389 1390 1390 6123 6123 6123 6123 1390 1390 1392 1392 6123 6123 1392 1392 6124 6124 6124 6124 1392 1392 1393 1393 6124 6124 1393 1393 6125 6125 6126 6126 1397 1397 6127 6127 6127 6127 1397 1397 1396 1396 6127 6127 1396 1396 6128 6128 1393 1393 1395 1395 6125 6125 6125 6125 1395 1395 1400 1400 6125 6125 1400 1400 6126 6126 6126 6126 1400 1400 1399 1399 6126 6126 1399 1399 1397 1397 1389 1389 6123 6123 1388 1388 1388 1388 6123 6123 6129 6129 1388 1388 6129 6129 1378 1378 1378 1378 6129 6129 1375 1375 1375 1375 6129 6129 6130 6130 1375 1375 6130 6130 1384 1384 1384 1384 6130 6130 6131 6131 1384 1384 6131 6131 1381 1381 6131 6131 6132 6132 1381 1381 1381 1381 6132 6132 6133 6133 1381 1381 6133 6133 1386 1386 1386 1386 6133 6133 6134 6134 1386 1386 6134 6134 1387 1387 6135 6135 1379 1379 1385 1385 6135 6135 1385 1385 6136 6136 6136 6136 1385 1385 1387 1387 6136 6136 1387 1387 6134 6134 6137 6137 1380 1380 6135 6135 6135 6135 1380 1380 1379 1379 1380 1380 6137 6137 1383 1383 1383 1383 6137 6137 6138 6138 1383 1383 6138 6138 6139 6139 6140 6140 1382 1382 6141 6141 6141 6141 1382 1382 1383 1383 6141 6141 1383 1383 6139 6139 1376 1376 1382 1382 6140 6140 1376 1376 6140 6140 1377 1377 1377 1377 6140 6140 6142 6142 1377 1377 6142 6142 1351 1351 6143 6143 1352 1352 6142 6142 6142 6142 1352 1352 1351 1351 6144 6144 1360 1360 6145 6145 6145 6145 1360 1360 1352 1352 6145 6145 1352 1352 6143 6143 6146 6146 1367 1367 6147 6147 6147 6147 1367 1367 1358 1358 6147 6147 1358 1358 6144 6144 6144 6144 1358 1358 1361 1361 6144 6144 1361 1361 1360 1360 1374 1374 1373 1373 6148 6148 6148 6148 1373 1373 1372 1372 6148 6148 1372 1372 6146 6146 6146 6146 1372 1372 1903 1903 6146 6146 1903 1903 1367 1367 1374 1374 6148 6148 1396 1396 1396 1396 6148 6148 6149 6149 1396 1396 6149 6149 6128 6128 1309 1309 1924 1924 6150 6150 6150 6150 1924 1924 1925 1925 6150 6150 1925 1925 6151 6151 6151 6151 1925 1925 1305 1305 6151 6151 1305 1305 6152 6152 6152 6152 1305 1305 1302 1302 6152 6152 1302 1302 6153 6153 6153 6153 1302 1302 1300 1300 6153 6153 1300 1300 6154 6154 6154 6154 1300 1300 1298 1298 6154 6154 1298 1298 6155 6155 6155 6155 1298 1298 1292 1292 6156 6156 1308 1308 6150 6150 6150 6150 1308 1308 1309 1309 1371 1371 1308 1308 6157 6157 6157 6157 1308 1308 6156 6156 1371 1371 6157 6157 1272 1272 1272 1272 6157 6157 6158 6158 1272 1272 6158 6158 1273 1273 1278 1278 1307 1307 6159 6159 6159 6159 1307 1307 1274 1274 6159 6159 1274 1274 6160 6160 6160 6160 1274 1274 1273 1273 6160 6160 1273 1273 6158 6158 1278 1278 6159 6159 1279 1279 1279 1279 6159 6159 6161 6161 1279 1279 6161 6161 1369 1369 1369 1369 6161 6161 1368 1368 1368 1368 6161 6161 6162 6162 6163 6163 1362 1362 6164 6164 6164 6164 1362 1362 1364 1364 6164 6164 1364 1364 6162 6162 6162 6162 1364 1364 1366 1366 6162 6162 1366 1366 1368 1368 6165 6165 1355 1355 1359 1359 1359 1359 1357 1357 6165 6165 6165 6165 1357 1357 1356 1356 6165 6165 1356 1356 6163 6163 6163 6163 1356 1356 1363 1363 6163 6163 1363 1363 1362 1362 1355 1355 6165 6165 1353 1353 1353 1353 6165 6165 6166 6166 1353 1353 6166 6166 1287 1287 1287 1287 6166 6166 1288 1288 1288 1288 6166 6166 6167 6167 1288 1288 6167 6167 1348 1348 1348 1348 6167 6167 6168 6168 1348 1348 6168 6168 1349 1349 1291 1291 1289 1289 6169 6169 6169 6169 1289 1289 1347 1347 6169 6169 1347 1347 6170 6170 6170 6170 1347 1347 1349 1349 6170 6170 1349 1349 6168 6168 6155 6155 1292 1292 6169 6169 6169 6169 1292 1292 1291 1291 6171 6171 1286 1286 6172 6172 6172 6172 1286 1286 1284 1284 6173 6173 1281 1281 6174 6174 6174 6174 1281 1281 1286 1286 6174 6174 1286 1286 6171 6171 6175 6175 1282 1282 6173 6173 6173 6173 1282 1282 1281 1281 1282 1282 6175 6175 1276 1276 1276 1276 6175 6175 6176 6176 1276 1276 6176 6176 1277 1277 1277 1277 6176 6176 6177 6177 1344 1344 1275 1275 6178 6178 6178 6178 1275 1275 6179 6179 6179 6179 1275 1275 1277 1277 6179 6179 1277 1277 6177 6177 6178 6178 6180 6180 1344 1344 1344 1344 6180 6180 6181 6181 1344 1344 6181 6181 1345 1345 1345 1345 6181 6181 6182 6182 1345 1345 6182 6182 1346 1346 1346 1346 6182 6182 6183 6183 1346 1346 6183 6183 1335 1335 1335 1335 6183 6183 1336 1336 6184 6184 1340 1340 6183 6183 6183 6183 1340 1340 1336 1336 1340 1340 6184 6184 1330 1330 1330 1330 6184 6184 6185 6185 1330 1330 6185 6185 1323 1323 1323 1323 6185 6185 6186 6186 1323 1323 6186 6186 1325 1325 1318 1318 1316 1316 6187 6187 1325 1325 6186 6186 1316 1316 1316 1316 6186 6186 6188 6188 1316 1316 6188 6188 6187 6187 6187 6187 6189 6189 1318 1318 1318 1318 6189 6189 6190 6190 1318 1318 6190 6190 1320 1320 1320 1320 6190 6190 6191 6191 1320 1320 6191 6191 1321 1321 1321 1321 6191 6191 1311 1311 6192 6192 1314 1314 6191 6191 6191 6191 1314 1314 1313 1313 6191 6191 1313 1313 1311 1311 1296 1296 1297 1297 6193 6193 6193 6193 1297 1297 1299 1299 6193 6193 1299 1299 6194 6194 6194 6194 1299 1299 1301 1301 1314 1314 6192 6192 1306 1306 1306 1306 6192 6192 6195 6195 1306 1306 6195 6195 1304 1304 6195 6195 6196 6196 1304 1304 1304 1304 6196 6196 6197 6197 1304 1304 6197 6197 1303 1303 1303 1303 6197 6197 6198 6198 1303 1303 6198 6198 1301 1301 1301 1301 6198 6198 6199 6199 1301 1301 6199 6199 6194 6194 6200 6200 1294 1294 6193 6193 6193 6193 1294 1294 1296 1296 1294 1294 6200 6200 1283 1283 1283 1283 6200 6200 6172 6172 1283 1283 6172 6172 1284 1284 1119 1119 1118 1118 6201 6201 1186 1186 6202 6202 6203 6203 6203 6203 6202 6202 6204 6204 1186 1186 1187 1187 6202 6202 6202 6202 1187 1187 1182 1182 6202 6202 1182 1182 6204 6204 6204 6204 1182 1182 1181 1181 6204 6204 1181 1181 6205 6205 6205 6205 1181 1181 1176 1176 6205 6205 1176 1176 1175 1175 6206 6206 1160 1160 1162 1162 1162 1162 1157 1157 6206 6206 6206 6206 1157 1157 1156 1156 6206 6206 1156 1156 6203 6203 6203 6203 1156 1156 1184 1184 6203 6203 1184 1184 1186 1186 1158 1158 1160 1160 1163 1163 1163 1163 1160 1160 6206 6206 1163 1163 6206 6206 1164 1164 1164 1164 6206 6206 6207 6207 1170 1170 1169 1169 6207 6207 6207 6207 1169 1169 1166 1166 6207 6207 1166 1166 1164 1164 1040 1040 1122 1122 6208 6208 6208 6208 1122 1122 1168 1168 6208 6208 1168 1168 6207 6207 6207 6207 1168 1168 1172 1172 6207 6207 1172 1172 1170 1170 6201 6201 1118 1118 6209 6209 1118 1118 1116 1116 6209 6209 6209 6209 1116 1116 1115 1115 6209 6209 1115 1115 6208 6208 6208 6208 1115 1115 1041 1041 6208 6208 1041 1041 1040 1040 1094 1094 1089 1089 6210 6210 6211 6211 1095 1095 1091 1091 6211 6211 1091 1091 6210 6210 6210 6210 1091 1091 1093 1093 6210 6210 1093 1093 1094 1094 1089 1089 1088 1088 6210 6210 6210 6210 1088 1088 1138 1138 6210 6210 1138 1138 6201 6201 6201 6201 1138 1138 1121 1121 6201 6201 1121 1121 1119 1119 1057 1057 1056 1056 6212 6212 6212 6212 1056 1056 1098 1098 6212 6212 1098 1098 6211 6211 6211 6211 1098 1098 1096 1096 6211 6211 1096 1096 1095 1095 1175 1175 1174 1174 6205 6205 6205 6205 1174 1174 1047 1047 6205 6205 1047 1047 6213 6213 6213 6213 1047 1047 1046 1046 6213 6213 1046 1046 1106 1106 1106 1106 1107 1107 6213 6213 6213 6213 1107 1107 1108 1108 6213 6213 1108 1108 6212 6212 6212 6212 1108 1108 1109 1109 6212 6212 1109 1109 1057 1057 6214 6214 6215 6215 6216 6216 6216 6216 6215 6215 6217 6217 6216 6216 6217 6217 6218 6218 6219 6219 6220 6220 6216 6216 6216 6216 6220 6220 6221 6221 6216 6216 6221 6221 6214 6214 6222 6222 6223 6223 6216 6216 6216 6216 6223 6223 6224 6224 6216 6216 6224 6224 6219 6219 6218 6218 6225 6225 6216 6216 6216 6216 6225 6225 6226 6226 6216 6216 6226 6226 6222 6222 6227 6227 6228 6228 6229 6229 6229 6229 6228 6228 6230 6230 6229 6229 6230 6230 6231 6231 6232 6232 6233 6233 6229 6229 6229 6229 6233 6233 6234 6234 6229 6229 6234 6234 6227 6227 6235 6235 6236 6236 6229 6229 6229 6229 6236 6236 6237 6237 6229 6229 6237 6237 6232 6232 6231 6231 6238 6238 6229 6229 6229 6229 6238 6238 6239 6239 6229 6229 6239 6239 6235 6235 6210 6210 6201 6201 6240 6240 6240 6240 6201 6201 6209 6209 6240 6240 6209 6209 6208 6208 6213 6213 6212 6212 6240 6240 6240 6240 6212 6212 6211 6211 6240 6240 6211 6211 6210 6210 6203 6203 6204 6204 6240 6240 6240 6240 6204 6204 6205 6205 6240 6240 6205 6205 6213 6213 6208 6208 6207 6207 6240 6240 6240 6240 6207 6207 6206 6206 6240 6240 6206 6206 6203 6203 5198 5198 5281 5281 6218 6218 5253 5253 5251 5251 6226 6226 5270 5270 5190 5190 6224 6224 6224 6224 5190 5190 5188 5188 6224 6224 5188 5188 6219 6219 5270 5270 6224 6224 5265 5265 5265 5265 6224 6224 6223 6223 5265 5265 6223 6223 5266 5266 5260 5260 5269 5269 6223 6223 6223 6223 5269 5269 5268 5268 6223 6223 5268 5268 5266 5266 5256 5256 5258 5258 6222 6222 6222 6222 5258 5258 5263 5263 6222 6222 5263 5263 6223 6223 6223 6223 5263 5263 5262 5262 6223 6223 5262 5262 5260 5260 6226 6226 5251 5251 6222 6222 6222 6222 5251 5251 5250 5250 6222 6222 5250 5250 5256 5256 5278 5278 5249 5249 6225 6225 6218 6218 5281 5281 6225 6225 6225 6225 5281 5281 5280 5280 6225 6225 5280 5280 5278 5278 5249 5249 5247 5247 6225 6225 6225 6225 5247 5247 5246 5246 6225 6225 5246 5246 6226 6226 6226 6226 5246 5246 5255 5255 6226 6226 5255 5255 5253 5253 5208 5208 6217 6217 5209 5209 5209 5209 6217 6217 6215 6215 5208 5208 5141 5141 6217 6217 6217 6217 5141 5141 5140 5140 6217 6217 5140 5140 6218 6218 6218 6218 5140 5140 5139 5139 6218 6218 5139 5139 5198 5198 5217 5217 6214 6214 5216 5216 5216 5216 6214 6214 5218 5218 5217 5217 5134 5134 6214 6214 6214 6214 5134 5134 5133 5133 6214 6214 5133 5133 6215 6215 6215 6215 5133 5133 5210 5210 6215 6215 5210 5210 5209 5209 5218 5218 6214 6214 5219 5219 5219 5219 6214 6214 6221 6221 5219 5219 6221 6221 5220 5220 5178 5178 5177 5177 6221 6221 6221 6221 5177 5177 5176 5176 6221 6221 5176 5176 5220 5220 5188 5188 5187 5187 6219 6219 6219 6219 5187 5187 5183 5183 6219 6219 5183 5183 6220 6220 6220 6220 5183 5183 5185 5185 6220 6220 5185 5185 6221 6221 6221 6221 5185 5185 5186 5186 6221 6221 5186 5186 5178 5178 6237 6237 5080 5080 5040 5040 5080 5080 6237 6237 5081 5081 5081 5081 6237 6237 6236 6236 5081 5081 6236 6236 5109 5109 5079 5079 5078 5078 6235 6235 6235 6235 5078 5078 5076 5076 6235 6235 5076 5076 6236 6236 6236 6236 5076 5076 5075 5075 6236 6236 5075 5075 5109 5109 6239 6239 5067 5067 5069 5069 5069 5069 5071 5071 6239 6239 6239 6239 5071 5071 5072 5072 6239 6239 5072 5072 6235 6235 6235 6235 5072 5072 5074 5074 6235 6235 5074 5074 5079 5079 5067 5067 6239 6239 5095 5095 5095 5095 6239 6239 6238 6238 5095 5095 6238 6238 5096 5096 5105 5105 5102 5102 6231 6231 6231 6231 5102 5102 5101 5101 6231 6231 5101 5101 6238 6238 6238 6238 5101 5101 5100 5100 6238 6238 5100 5100 5096 5096 5108 5108 5107 5107 6231 6231 6231 6231 5107 5107 5106 5106 6231 6231 5106 5106 5105 5105 5006 5006 6230 6230 5000 5000 5000 5000 6230 6230 6228 6228 5000 5000 6228 6228 5001 5001 5006 5006 5008 5008 6230 6230 6230 6230 5008 5008 5005 5005 6230 6230 5005 5005 6231 6231 6231 6231 5005 5005 5004 5004 6231 6231 5004 5004 5108 5108 4976 4976 4999 4999 6227 6227 6227 6227 4999 4999 4998 4998 6227 6227 4998 4998 6228 6228 6228 6228 4998 4998 5002 5002 6228 6228 5002 5002 5001 5001 4992 4992 4996 4996 6234 6234 6234 6234 4996 4996 4995 4995 6234 6234 4995 4995 6227 6227 6227 6227 4995 4995 4994 4994 6227 6227 4994 4994 4976 4976 4987 4987 4986 4986 6233 6233 4987 4987 6233 6233 4979 4979 5040 5040 5039 5039 6237 6237 6237 6237 5039 5039 5043 5043 6237 6237 5043 5043 6232 6232 6232 6232 5043 5043 4983 4983 6232 6232 4983 4983 6233 6233 6233 6233 4983 4983 4982 4982 6233 6233 4982 4982 4979 4979 4986 4986 4990 4990 6233 6233 6233 6233 4990 4990 4989 4989 6233 6233 4989 4989 6234 6234 6234 6234 4989 4989 4993 4993 6234 6234 4993 4993 4992 4992 6241 6241 6242 6242 6243 6243 6241 6241 6243 6243 6244 6244 6245 6245 6246 6246 6243 6243 6243 6243 6246 6246 6247 6247 6243 6243 6247 6247 6244 6244 6248 6248 6249 6249 6243 6243 6243 6243 6249 6249 6250 6250 6243 6243 6250 6250 6245 6245 6251 6251 6252 6252 6243 6243 6243 6243 6252 6252 6253 6253 6243 6243 6253 6253 6248 6248 6254 6254 6255 6255 6243 6243 6243 6243 6255 6255 6256 6256 6243 6243 6256 6256 6251 6251 6257 6257 6258 6258 6243 6243 6243 6243 6258 6258 6259 6259 6243 6243 6259 6259 6254 6254 6260 6260 6261 6261 6243 6243 6243 6243 6261 6261 6262 6262 6243 6243 6262 6262 6257 6257 6263 6263 6264 6264 6243 6243 6243 6243 6264 6264 6265 6265 6243 6243 6265 6265 6260 6260 6242 6242 6266 6266 6243 6243 6243 6243 6266 6266 6267 6267 6243 6243 6267 6267 6263 6263 6268 6268 6269 6269 6270 6270 6271 6271 6272 6272 6270 6270 6270 6270 6272 6272 6273 6273 6270 6270 6273 6273 6268 6268 6274 6274 6275 6275 6270 6270 6270 6270 6275 6275 6276 6276 6270 6270 6276 6276 6271 6271 6277 6277 6278 6278 6270 6270 6270 6270 6278 6278 6279 6279 6270 6270 6279 6279 6274 6274 6280 6280 6281 6281 6270 6270 6270 6270 6281 6281 6282 6282 6270 6270 6282 6282 6277 6277 6283 6283 6284 6284 6270 6270 6270 6270 6284 6284 6285 6285 6270 6270 6285 6285 6280 6280 6286 6286 6287 6287 6270 6270 6270 6270 6287 6287 6288 6288 6270 6270 6288 6288 6283 6283 6289 6289 6290 6290 6270 6270 6270 6270 6290 6290 6291 6291 6270 6270 6291 6291 6286 6286 6292 6292 6293 6293 6270 6270 6270 6270 6293 6293 6294 6294 6270 6270 6294 6294 6289 6289 6269 6269 6295 6295 6270 6270 6270 6270 6295 6295 6296 6296 6270 6270 6296 6296 6292 6292 6241 6241 5613 5613 6242 6242 6242 6242 5613 5613 5631 5631 6242 6242 5631 5631 6266 6266 6266 6266 5631 5631 5630 5630 6266 6266 5630 5630 6267 6267 6267 6267 5630 5630 5633 5633 6267 6267 5633 5633 6263 6263 6263 6263 5633 5633 5634 5634 6263 6263 5634 5634 6264 6264 6264 6264 5634 5634 5635 5635 6264 6264 5635 5635 6265 6265 6265 6265 5635 5635 5629 5629 6265 6265 5629 5629 6260 6260 6260 6260 5629 5629 5628 5628 6260 6260 5628 5628 6261 6261 6261 6261 5628 5628 5632 5632 6261 6261 5632 5632 6262 6262 6262 6262 5632 5632 5627 5627 6262 6262 5627 5627 6257 6257 6257 6257 5627 5627 5616 5616 6257 6257 5616 5616 6258 6258 6258 6258 5616 5616 5626 5626 6258 6258 5626 5626 6259 6259 6259 6259 5626 5626 5625 5625 6259 6259 5625 5625 6254 6254 6254 6254 5625 5625 5624 5624 6254 6254 5624 5624 6255 6255 6255 6255 5624 5624 5623 5623 6255 6255 5623 5623 6256 6256 6256 6256 5623 5623 5621 5621 6256 6256 5621 5621 6251 6251 6251 6251 5621 5621 5622 5622 6251 6251 5622 5622 6252 6252 6252 6252 5622 5622 5619 5619 6252 6252 5619 5619 6253 6253 6253 6253 5619 5619 5620 5620 6253 6253 5620 5620 6248 6248 6248 6248 5620 5620 5612 5612 6248 6248 5612 5612 6249 6249 6249 6249 5612 5612 5618 5618 6249 6249 5618 5618 6250 6250 6250 6250 5618 5618 5617 5617 6250 6250 5617 5617 6245 6245 6245 6245 5617 5617 5614 5614 6245 6245 5614 5614 6246 6246 6246 6246 5614 5614 5615 5615 6246 6246 5615 5615 6247 6247 6247 6247 5615 5615 5611 5611 6247 6247 5611 5611 6244 6244 6244 6244 5611 5611 5610 5610 6244 6244 5610 5610 6241 6241 6241 6241 5610 5610 5613 5613 6268 6268 5429 5429 6269 6269 6269 6269 5429 5429 5435 5435 6269 6269 5435 5435 6295 6295 6295 6295 5435 5435 5436 5436 6295 6295 5436 5436 6296 6296 6296 6296 5436 5436 5456 5456 6296 6296 5456 5456 6292 6292 6292 6292 5456 5456 5455 5455 6292 6292 5455 5455 6293 6293 6293 6293 5455 5455 5452 5452 6293 6293 5452 5452 6294 6294 6294 6294 5452 5452 5453 5453 6294 6294 5453 5453 6289 6289 6289 6289 5453 5453 5446 5446 6289 6289 5446 5446 6290 6290 6290 6290 5446 5446 5447 5447 6290 6290 5447 5447 6291 6291 6291 6291 5447 5447 5451 5451 6291 6291 5451 5451 6286 6286 6286 6286 5451 5451 5449 5449 6286 6286 5449 5449 6287 6287 6287 6287 5449 5449 5442 5442 6287 6287 5442 5442 6288 6288 6288 6288 5442 5442 5448 5448 6288 6288 5448 5448 6283 6283 6283 6283 5448 5448 5434 5434 6283 6283 5434 5434 6284 6284 6284 6284 5434 5434 5450 5450 6284 6284 5450 5450 6285 6285 6285 6285 5450 5450 5454 5454 6285 6285 5454 5454 6280 6280 6280 6280 5454 5454 5445 5445 6280 6280 5445 5445 6281 6281 6281 6281 5445 5445 5440 5440 6281 6281 5440 5440 6282 6282 6282 6282 5440 5440 5439 5439 6282 6282 5439 5439 6277 6277 6277 6277 5439 5439 5430 5430 6277 6277 5430 5430 6278 6278 6278 6278 5430 5430 5444 5444 6278 6278 5444 5444 6279 6279 6279 6279 5444 5444 5438 5438 6279 6279 5438 5438 6274 6274 6274 6274 5438 5438 5443 5443 6274 6274 5443 5443 6275 6275 6275 6275 5443 5443 5441 5441 6275 6275 5441 5441 6276 6276 6276 6276 5441 5441 5432 5432 6276 6276 5432 5432 6271 6271 6271 6271 5432 5432 5437 5437 6271 6271 5437 5437 6272 6272 6272 6272 5437 5437 5431 5431 6272 6272 5431 5431 6273 6273 6273 6273 5431 5431 5433 5433 6273 6273 5433 5433 6268 6268 6268 6268 5433 5433 5429 5429 5609 5609 5608 5608 4668 4668 4714 4714 4712 4712 5606 5606 5606 5606 4712 4712 4711 4711 5606 5606 4711 4711 5608 5608 5608 5608 4711 4711 4669 4669 5608 5608 4669 4669 4668 4668 5547 5547 4730 4730 5548 5548 5548 5548 4730 4730 4732 4732 5548 5548 4732 4732 5540 5540 5540 5540 4732 4732 4733 4733 5540 5540 4733 4733 5542 5542 5542 5542 4733 4733 4735 4735 5542 5542 4735 4735 5549 5549 5606 5606 5604 5604 4714 4714 4714 4714 5604 5604 5603 5603 4714 4714 5603 5603 4716 4716 4716 4716 5603 5603 5591 5591 4716 4716 5591 5591 4718 4718 4668 4668 4719 4719 5609 5609 5609 5609 4719 4719 4721 4721 5609 5609 4721 4721 5535 5535 5535 5535 4721 4721 4723 4723 5535 5535 4723 4723 5537 5537 5537 5537 4723 4723 4724 4724 5537 5537 4724 4724 5544 5544 5544 5544 4724 4724 4726 4726 5544 5544 4726 4726 5545 5545 5545 5545 4726 4726 4727 4727 5545 5545 4727 4727 5547 5547 5547 5547 4727 4727 4729 4729 5547 5547 4729 4729 4730 4730 4718 4718 5591 5591 4710 4710 4710 4710 5591 5591 5589 5589 4710 4710 5589 5589 5597 5597 4735 4735 4736 4736 5549 5549 5549 5549 4736 4736 4738 4738 5549 5549 4738 4738 5550 5550 5550 5550 4738 4738 5552 5552 4738 4738 4739 4739 5552 5552 5552 5552 4739 4739 4741 4741 5552 5552 4741 4741 5554 5554 5554 5554 4741 4741 4743 4743 5554 5554 4743 4743 5555 5555 5555 5555 4743 4743 4744 4744 5555 5555 4744 4744 5557 5557 5586 5586 4702 4702 5593 5593 5593 5593 4702 4702 4704 4704 5593 5593 4704 4704 5594 5594 5594 5594 4704 4704 4705 4705 5594 5594 4705 4705 5596 5596 5596 5596 4705 4705 4707 4707 5596 5596 4707 4707 5597 5597 5597 5597 4707 4707 4708 4708 5597 5597 4708 4708 4710 4710 5601 5601 4696 4696 5602 5602 5602 5602 4696 4696 4698 4698 5602 5602 4698 4698 5584 5584 5584 5584 4698 4698 4699 4699 5584 5584 4699 4699 5586 5586 5586 5586 4699 4699 4701 4701 5586 5586 4701 4701 4702 4702 4744 4744 4746 4746 5557 5557 5557 5557 4746 4746 4747 4747 5557 5557 4747 4747 5559 5559 5559 5559 4747 4747 4749 4749 5559 5559 4749 4749 5560 5560 5560 5560 4749 4749 5562 5562 5569 5569 5567 5567 4753 4753 4753 4753 5567 5567 5566 5566 4753 4753 5566 5566 4752 4752 4752 4752 5566 5566 5562 5562 4752 4752 5562 5562 4750 4750 4750 4750 5562 5562 4749 4749 5300 5300 5564 5564 4612 4612 4612 4612 5564 5564 5570 5570 4612 4612 5570 5570 4756 4756 4756 4756 5570 5570 5569 5569 4756 4756 5569 5569 4755 4755 4755 4755 5569 5569 4753 4753 5347 5347 4681 4681 5571 5571 5571 5571 4681 4681 4682 4682 5571 5571 4682 4682 5578 5578 5578 5578 4682 4682 4683 4683 5578 5578 4683 4683 5579 5579 5579 5579 4683 4683 4684 4684 5579 5579 4684 4684 5581 5581 5581 5581 4684 4684 4690 4690 5581 5581 4690 4690 5582 5582 5582 5582 4690 4690 4688 4688 5582 5582 4688 4688 5574 5574 5574 5574 4688 4688 4686 4686 5574 5574 4686 4686 5576 5576 5576 5576 4686 4686 4685 4685 5576 5576 4685 4685 5598 5598 5598 5598 4685 4685 4691 4691 5598 5598 4691 4691 5599 5599 5599 5599 4691 4691 4693 4693 5599 5599 4693 4693 5601 5601 5601 5601 4693 4693 4695 4695 5601 5601 4695 4695 4696 4696 6297 6297 6298 6298 6299 6299 6299 6299 6298 6298 6300 6300 6299 6299 6300 6300 6301 6301 6302 6302 6303 6303 6299 6299 6299 6299 6303 6303 6304 6304 6299 6299 6304 6304 6297 6297 6305 6305 6306 6306 6299 6299 6299 6299 6306 6306 6307 6307 6299 6299 6307 6307 6302 6302 6301 6301 6308 6308 6299 6299 6299 6299 6308 6308 6309 6309 6299 6299 6309 6309 6305 6305 6310 6310 6311 6311 6312 6312 6312 6312 6311 6311 6313 6313 6312 6312 6313 6313 6314 6314 6315 6315 6316 6316 6312 6312 6312 6312 6316 6316 6317 6317 6312 6312 6317 6317 6310 6310 6318 6318 6319 6319 6312 6312 6312 6312 6319 6319 6320 6320 6312 6312 6320 6320 6315 6315 6314 6314 6321 6321 6312 6312 6312 6312 6321 6321 6322 6322 6312 6312 6322 6322 6318 6318 6323 6323 6324 6324 6325 6325 6325 6325 6324 6324 6326 6326 6325 6325 6326 6326 6327 6327 6328 6328 6329 6329 6325 6325 6325 6325 6329 6329 6330 6330 6325 6325 6330 6330 6323 6323 6331 6331 6332 6332 6325 6325 6325 6325 6332 6332 6333 6333 6325 6325 6333 6333 6328 6328 6327 6327 6334 6334 6325 6325 6325 6325 6334 6334 6335 6335 6325 6325 6335 6335 6331 6331 6180 6180 6178 6178 6188 6188 6184 6184 6183 6183 6185 6185 6185 6185 6183 6183 6182 6182 6185 6185 6182 6182 6186 6186 6186 6186 6182 6182 6188 6188 6188 6188 6182 6182 6181 6181 6188 6188 6181 6181 6180 6180 6177 6177 6190 6190 6179 6179 6179 6179 6190 6190 6189 6189 6179 6179 6189 6189 6178 6178 6178 6178 6189 6189 6187 6187 6178 6178 6187 6187 6188 6188 6192 6192 6191 6191 6195 6195 6195 6195 6191 6191 6190 6190 6195 6195 6190 6190 6196 6196 6196 6196 6190 6190 6177 6177 6196 6196 6177 6177 6197 6197 6197 6197 6177 6177 6198 6198 6198 6198 6177 6177 6176 6176 6198 6198 6176 6176 6199 6199 6199 6199 6176 6176 6175 6175 6199 6199 6175 6175 6194 6194 6174 6174 6171 6171 6172 6172 6200 6200 6193 6193 6172 6172 6172 6172 6193 6193 6194 6194 6172 6172 6194 6194 6174 6174 6174 6174 6194 6194 6175 6175 6174 6174 6175 6175 6173 6173 6161 6161 6159 6159 6162 6162 6162 6162 6159 6159 6160 6160 6162 6162 6160 6160 6164 6164 6164 6164 6160 6160 6158 6158 6163 6163 6164 6164 6152 6152 6152 6152 6164 6164 6158 6158 6152 6152 6158 6158 6151 6151 6151 6151 6158 6158 6157 6157 6151 6151 6157 6157 6150 6150 6150 6150 6157 6157 6156 6156 6154 6154 6155 6155 6169 6169 6154 6154 6169 6169 6153 6153 6153 6153 6169 6169 6170 6170 6153 6153 6170 6170 6168 6168 6166 6166 6165 6165 6167 6167 6167 6167 6165 6165 6163 6163 6167 6167 6163 6163 6168 6168 6168 6168 6163 6163 6152 6152 6168 6168 6152 6152 6153 6153 6127 6127 6128 6128 6149 6149 6134 6134 6133 6133 6336 6336 6138 6138 6141 6141 6139 6139 6145 6145 6143 6143 6142 6142 6137 6137 6135 6135 6138 6138 6138 6138 6135 6135 6140 6140 6138 6138 6140 6140 6141 6141 6142 6142 6140 6140 6145 6145 6145 6145 6140 6140 6135 6135 6145 6145 6135 6135 6144 6144 6144 6144 6135 6135 6136 6136 6134 6134 6146 6146 6136 6136 6136 6136 6146 6146 6147 6147 6136 6136 6147 6147 6144 6144 6336 6336 6125 6125 6126 6126 6126 6126 6127 6127 6336 6336 6336 6336 6127 6127 6149 6149 6336 6336 6149 6149 6134 6134 6134 6134 6149 6149 6148 6148 6134 6134 6148 6148 6146 6146 6129 6129 6123 6123 6130 6130 6130 6130 6123 6123 6124 6124 6130 6130 6124 6124 6131 6131 6124 6124 6125 6125 6131 6131 6131 6131 6125 6125 6336 6336 6131 6131 6336 6336 6132 6132 6132 6132 6336 6336 6133 6133 6103 6103 6104 6104 6337 6337 6337 6337 6104 6104 6105 6105 6337 6337 6105 6105 6106 6106 6106 6106 6107 6107 6337 6337 6337 6337 6107 6107 6088 6088 6337 6337 6088 6088 6087 6087 6099 6099 6103 6103 6090 6090 6090 6090 6103 6103 6337 6337 6090 6090 6337 6337 6089 6089 6089 6089 6337 6337 6087 6087 6091 6091 6101 6101 6090 6090 6090 6090 6101 6101 6100 6100 6090 6090 6100 6100 6099 6099 6091 6091 6092 6092 6101 6101 6101 6101 6092 6092 6093 6093 6101 6101 6093 6093 6094 6094 6094 6094 6095 6095 6101 6101 6101 6101 6095 6095 6096 6096 6101 6101 6096 6096 6097 6097 6075 6075 6097 6097 6072 6072 6072 6072 6097 6097 6098 6098 6072 6072 6098 6098 6073 6073 6073 6073 6098 6098 6085 6085 6075 6075 6074 6074 6097 6097 6097 6097 6074 6074 6122 6122 6097 6097 6122 6122 6121 6121 6121 6121 6120 6120 6097 6097 6097 6097 6120 6120 6115 6115 6097 6097 6115 6115 6101 6101 6101 6101 6115 6115 6116 6116 6101 6101 6116 6116 6117 6117 6117 6117 6118 6118 6101 6101 6101 6101 6118 6118 6119 6119 6101 6101 6119 6119 6112 6112 6111 6111 6110 6110 6109 6109 6112 6112 6113 6113 6101 6101 6101 6101 6113 6113 6114 6114 6101 6101 6114 6114 6102 6102 6102 6102 6114 6114 6111 6111 6102 6102 6111 6111 6108 6108 6108 6108 6111 6111 6109 6109 6085 6085 6086 6086 6073 6073 6073 6073 6086 6086 6084 6084 6073 6073 6084 6084 6076 6076 6076 6076 6084 6084 6083 6083 6076 6076 6083 6083 6077 6077 6077 6077 6083 6083 6082 6082 6077 6077 6082 6082 6078 6078 6082 6082 6081 6081 6078 6078 6078 6078 6081 6081 6080 6080 6078 6078 6080 6080 6079 6079 6032 6032 5979 5979 6307 6307 6307 6307 5979 5979 5978 5978 5973 5973 6302 6302 5975 5975 5975 5975 6302 6302 6307 6307 5975 5975 6307 6307 5976 5976 5976 5976 6307 6307 5978 5978 6038 6038 6036 6036 6306 6306 6306 6306 6036 6036 6035 6035 6306 6306 6035 6035 6307 6307 6307 6307 6035 6035 6033 6033 6307 6307 6033 6033 6032 6032 6027 6027 6305 6305 6028 6028 6028 6028 6305 6305 6309 6309 6028 6028 6309 6309 6030 6030 6027 6027 6019 6019 6305 6305 6305 6305 6019 6019 6018 6018 6305 6305 6018 6018 6306 6306 6306 6306 6018 6018 6040 6040 6306 6306 6040 6040 6038 6038 6023 6023 6308 6308 6061 6061 6061 6061 6308 6308 6301 6301 6061 6061 6301 6301 6062 6062 6023 6023 6026 6026 6308 6308 6308 6308 6026 6026 6025 6025 6308 6308 6025 6025 6309 6309 6309 6309 6025 6025 6031 6031 6309 6309 6031 6031 6030 6030 6062 6062 6301 6301 6063 6063 6063 6063 6301 6301 6300 6300 6063 6063 6300 6300 6013 6013 5983 5983 5981 5981 6298 6298 6298 6298 5981 5981 5944 5944 6298 6298 5944 5944 6300 6300 6300 6300 5944 5944 5943 5943 6300 6300 5943 5943 6013 6013 5983 5983 6298 6298 5985 5985 5985 5985 6298 6298 6297 6297 5985 5985 6297 6297 5986 5986 5991 5991 5990 5990 6304 6304 6304 6304 5990 5990 5989 5989 6304 6304 5989 5989 6297 6297 6297 6297 5989 5989 5987 5987 6297 6297 5987 5987 5986 5986 6303 6303 5965 5965 6304 6304 6304 6304 5965 5965 5964 5964 6304 6304 5964 5964 5991 5991 5973 5973 5972 5972 6302 6302 6302 6302 5972 5972 6014 6014 6302 6302 6014 6014 6303 6303 6303 6303 6014 6014 5966 5966 6303 6303 5966 5966 5965 5965 5892 5892 5891 5891 6313 6313 5892 5892 6313 6313 5832 5832 5832 5832 6313 6313 5833 5833 5833 5833 6313 6313 6311 6311 5833 5833 6311 6311 5835 5835 6310 6310 5823 5823 6311 6311 6311 6311 5823 5823 5831 5831 5831 5831 5829 5829 6311 6311 6311 6311 5829 5829 5836 5836 6311 6311 5836 5836 5835 5835 5821 5821 5827 5827 6317 6317 6317 6317 5827 5827 5826 5826 6317 6317 5826 5826 6310 6310 6310 6310 5826 5826 5824 5824 6310 6310 5824 5824 5823 5823 5815 5815 5817 5817 6316 6316 6316 6316 5817 5817 5819 5819 6316 6316 5819 5819 6317 6317 6317 6317 5819 5819 5822 5822 6317 6317 5822 5822 5821 5821 5814 5814 5813 5813 6315 6315 6315 6315 5813 5813 5807 5807 6315 6315 5807 5807 6316 6316 6316 6316 5807 5807 5806 5806 6316 6316 5806 5806 5815 5815 5814 5814 6315 6315 5809 5809 5809 5809 6315 6315 6320 6320 5809 5809 6320 6320 5810 5810 5810 5810 6320 6320 6319 6319 5810 5810 6319 6319 5886 5886 5908 5908 5912 5912 6318 6318 6318 6318 5912 5912 5911 5911 6318 6318 5911 5911 6319 6319 6319 6319 5911 5911 5909 5909 6319 6319 5909 5909 5886 5886 6322 6322 5904 5904 6318 6318 6318 6318 5904 5904 5906 5906 6318 6318 5906 5906 5908 5908 5903 5903 5902 5902 6321 6321 6321 6321 5902 5902 5900 5900 6321 6321 5900 5900 6322 6322 6322 6322 5900 5900 5899 5899 6322 6322 5899 5899 5904 5904 5895 5895 5894 5894 6314 6314 6314 6314 5894 5894 5896 5896 6314 6314 5896 5896 6321 6321 6321 6321 5896 5896 5898 5898 6321 6321 5898 5898 5903 5903 5891 5891 5890 5890 6313 6313 6313 6313 5890 5890 5888 5888 6313 6313 5888 5888 6314 6314 6314 6314 5888 5888 5887 5887 6314 6314 5887 5887 5895 5895 5670 5670 5669 5669 6329 6329 5712 5712 5711 5711 6333 6333 6333 6333 5711 5711 6328 6328 6328 6328 5711 5711 5643 5643 6328 6328 5643 5643 5642 5642 6331 6331 5728 5728 6332 6332 6332 6332 5728 5728 5735 5735 6332 6332 5735 5735 5734 5734 5734 5734 5732 5732 6332 6332 6332 6332 5732 5732 5730 5730 6332 6332 5730 5730 6333 6333 6333 6333 5730 5730 5729 5729 6333 6333 5729 5729 5712 5712 5720 5720 5794 5794 6335 6335 6335 6335 5794 5794 5725 5725 6335 6335 5725 5725 6331 6331 6331 6331 5725 5725 5727 5727 6331 6331 5727 5727 5728 5728 5718 5718 5724 5724 6334 6334 6334 6334 5724 5724 5723 5723 6334 6334 5723 5723 6335 6335 6335 6335 5723 5723 5721 5721 6335 6335 5721 5721 5720 5720 5758 5758 5791 5791 6327 6327 6327 6327 5791 5791 5714 5714 6327 6327 5714 5714 6334 6334 6334 6334 5714 5714 5716 5716 6334 6334 5716 5716 5718 5718 6326 6326 5639 5639 5679 5679 5679 5679 5688 5688 6326 6326 6326 6326 5688 5688 5704 5704 6326 6326 5704 5704 6327 6327 6327 6327 5704 5704 5759 5759 6327 6327 5759 5759 5758 5758 5639 5639 6326 6326 5640 5640 5640 5640 6326 6326 6324 6324 5640 5640 6324 6324 5681 5681 5694 5694 5693 5693 6323 6323 6323 6323 5693 5693 5683 5683 6323 6323 5683 5683 6324 6324 6324 6324 5683 5683 5682 5682 6324 6324 5682 5682 5681 5681 5663 5663 5637 5637 6330 6330 6330 6330 5637 5637 5636 5636 6330 6330 5636 5636 6323 6323 6323 6323 5636 5636 5695 5695 6323 6323 5695 5695 5694 5694 6329 6329 5669 5669 6330 6330 5664 5664 5663 5663 5666 5666 5666 5666 5663 5663 6330 6330 5666 5666 6330 6330 5667 5667 5667 5667 6330 6330 5669 5669 5642 5642 5674 5674 6328 6328 6328 6328 5674 5674 5673 5673 6328 6328 5673 5673 6329 6329 6329 6329 5673 5673 5672 5672 6329 6329 5672 5672 5670 5670 500 500 498 498 6338 6338 472 472 471 471 734 734 742 742 433 433 432 432 439 439 443 443 6339 6339 6340 6340 6341 6341 6342 6342 214 214 216 216 431 431 431 431 216 216 6343 6343 431 431 6343 6343 442 442 494 494 493 493 4541 4541 4541 4541 493 493 6344 6344 4538 4538 4539 4539 6345 6345 6345 6345 4539 4539 6346 6346 6345 6345 6346 6346 6347 6347 6347 6347 6346 6346 6344 6344 4539 4539 4542 4542 6346 6346 6346 6346 4542 4542 4543 4543 6346 6346 4543 4543 6344 6344 6344 6344 4543 4543 4540 4540 6344 6344 4540 4540 4541 4541 6340 6340 6342 6342 6348 6348 6348 6348 6342 6342 441 441 6348 6348 441 441 440 440 736 736 741 741 6349 6349 6349 6349 741 741 740 740 6349 6349 740 740 6350 6350 740 740 739 739 6350 6350 6350 6350 739 739 743 743 6350 6350 743 743 742 742 472 472 734 734 474 474 738 738 737 737 734 734 734 734 737 737 6338 6338 734 734 6338 6338 474 474 474 474 6338 6338 498 498 6344 6344 493 493 496 496 6344 6344 496 496 6347 6347 6347 6347 496 496 500 500 216 216 218 218 6343 6343 6343 6343 218 218 219 219 6343 6343 219 219 6351 6351 6351 6351 219 219 4536 4536 6351 6351 4536 4536 4537 4537 4538 4538 6345 6345 4537 4537 4537 4537 6345 6345 6352 6352 4537 4537 6352 6352 6351 6351 6351 6351 6352 6352 6339 6339 6351 6351 6339 6339 6343 6343 6343 6343 6339 6339 443 443 6343 6343 443 443 442 442 742 742 432 432 6350 6350 6350 6350 432 432 437 437 737 737 736 736 6338 6338 6338 6338 736 736 6349 6349 6338 6338 6349 6349 6341 6341 6341 6341 6349 6349 6350 6350 6341 6341 6350 6350 6342 6342 6342 6342 6350 6350 437 437 6342 6342 437 437 441 441 500 500 6338 6338 6347 6347 6347 6347 6338 6338 6341 6341 6347 6347 6341 6341 6345 6345 6345 6345 6341 6341 6340 6340 6345 6345 6340 6340 6352 6352 6352 6352 6340 6340 6348 6348 6352 6352 6348 6348 6339 6339 6339 6339 6348 6348 440 440 6339 6339 440 440 439 439</p>
        </triangles>
      </mesh>
    </geometry>
  </library_geometries>
  <library_materials>
    <material id="e152c7073cb8445292fe77122941ec2e" name="defaultmaterial">
      <instance_effect url="#55416b7ad53d434db5215cefe525ba13" />
    </material>
  </library_materials>
  <library_visual_scenes>
    <visual_scene id="scene">
      <node id="node0" name="node0">
        <instance_geometry url="#7fb737e78e8149119bd4e454df4b234b">
          <bind_material>
            <technique_common>
              <instance_material symbol="material0" target="#e152c7073cb8445292fe77122941ec2e" />
            </technique_common>
          </bind_material>
        </instance_geometry>
      </node>
    </visual_scene>
  </library_visual_scenes>
  <scene>
    <instance_visual_scene url="#scene" />
  </scene>
</COLLADA>
