<COLLADA xmlns="http://www.collada.org/2005/11/COLLADASchema" version="1.4.1">
  <asset>
    <created>2026-09-17T15:28:49.534833</created>
    <modified>2026-09-17T15:28:49.534833</modified>
    <up_axis>Z_UP</up_axis>
  </asset>
  <library_effects>
    <effect id="01895272e6954004ad1d74044773dde4" name="01895272e6954004ad1d74044773dde4">
      <profile_COMMON>
        <technique sid="common">
          <phong>
            <emission>
              <color>0.0 0.0 0.0 1.0</color>
            </emission>
            <ambient>
              <color>0.0 0.0 0.0 1.0</color>
            </ambient>
            <diffuse>
              <color>0.7058823529411765 0.7058823529411765 0.7254901960784313 1.0</color>
            </diffuse>
            <specular>
              <color>0.0 0.0 0.0 1.0</color>
            </specular>
            <shininess>
              <float>0.0</float>
            </shininess>
            <reflective>
              <color>0.0 0.0 0.0 1.0</color>
            </reflective>
            <reflectivity>
              <float>0.0</float>
            </reflectivity>
            <transparent>
              <color>0.0 0.0 0.0 1.0</color>
            </transparent>
            <transparency>
              <float>1.0</float>
            </transparency>
          </phong>
        </technique>
        <extra>
          <technique profile="GOOGLEEARTH">
            <double_sided>0</double_sided>
          </technique>
        </extra>
      </profile_COMMON>
    </effect>
  </library_effects>
  <library_geometries>
    <geometry id="acf141ca40f94ee88d8a7c6440e5024f" name="dd9c0902b325450da178400d07430d74">
      <mesh>
        <source id="verts-array">
          <float_array count="8094" id="verts-array-array">-0.03449658 -0.0005255362 0.00085 -0.03453695 -0.000631708 0.00085 -0.03473597 0.000336013 0.00085 -0.03513171 3.695468e-05 0.00085 -0.03499664 0.0003921387 0.00085 -0.03502554 -3.420962e-06 0.00085 -0.03489047 0.0003517631 0.00085 -0.03489962 -9.430624e-05 0.00085 -0.03483601 -0.0002359741 0.00085 -0.03485176 -0.0003904648 0.00085 -0.03489214 -0.0004966366 0.00085 -0.0345943 0.0003996184 0.00085 -0.03400336 -0.0003921387 0.00085 -0.03410954 -0.0003517631 0.00085 -0.03422496 -0.0003323003 0.00085 -0.03433905 -0.0003584902 0.00085 -0.03443443 -0.0004263457 0.00085 -0.03446304 0.000631708 0.00085 -0.03410786 0.0004966366 0.00085 -0.03450342 0.0005255362 0.00085 -0.03414824 0.0003904648 0.00085 -0.03416399 0.0002359741 0.00085 -0.03410038 9.430624e-05 0.00085 -0.03397446 3.420962e-06 0.00085 -0.03386829 -3.695468e-05 0.00085 0.01770684 0.02961807 0.00085 0.0177786 0.02953002 0.00085 0.01748403 0.02928996 0.00085 0.01666208 0.02964385 0.00085 0.01675013 0.02971561 0.00085 0.01690214 0.02934928 0.00085 0.0168247 0.02980584 0.00085 0.01721365 0.03028686 0.00085 0.01685906 0.02991773 0.00085 0.01684799 0.03003426 0.00085 0.01708773 0.03037774 0.00085 0.01679316 0.03013768 0.00085 0.01701597 0.0304658 0.00085 0.0167214 0.03022573 0.00085 0.01741227 0.02937801 0.00085 0.01736814 0.03027111 0.00085 0.01736568 0.02942382 0.00085 0.01733661 0.02943969 0.00085 0.01715753 0.02948497 0.00085 0.01707797 0.0294707 0.00085 0.01759786 0.03040648 0.00085 0.01783792 0.03011191 0.00085 0.01750981 0.03033471 0.00085 0.01774987 0.03004015 0.00085 0.01727682 0.02947234 0.00085 0.01724846 0.02947694 0.00085 0.01717721 0.0294885 0.00085 0.0176753 0.02994992 0.00085 0.01764094 0.02983802 0.00085 0.01765201 0.02972149 0.00085 0.01707397 0.02946843 0.00085 0.01699019 0.02942104 0.00085 0.01770342 -0.02961215 0.00085 0.01781555 -0.02959403 0.00085 0.01707699 -0.03025024 0.00085 0.01751996 -0.03021432 0.00085 0.0171406 -0.03039191 0.00085 0.01751573 -0.03033129 0.00085 0.01715872 -0.03050405 0.00085 0.01753385 -0.03044343 0.00085 0.01787617 -0.02996916 0.00085 0.01776403 -0.02998728 0.00085 0.01765434 -0.03002814 0.00085 0.01756863 -0.03010786 0.00085 0.01754893 -0.0295964 0.00085 0.01696852 -0.02957895 0.00085 0.01687763 -0.02970487 0.00085 0.01695107 -0.03015936 0.00085 0.01673597 -0.02976847 0.00085 0.01679658 -0.03014361 0.00085 0.01662383 -0.02978659 0.00085 0.01668445 -0.03016173 0.00085 0.01696615 -0.02931232 0.00085 0.01734128 -0.02925171 0.00085 0.01698427 -0.02942446 0.00085 0.0173594 -0.02936384 0.00085 0.01742301 -0.02950551 0.00085 -0.03489047 0.0003517631 0.00025 -0.03532042 0.0005152706 0.00025 -0.0354555 0.0001600866 0.00025 -0.03502554 -3.420962e-06 0.00025 -0.03485176 -0.0003904648 0.00025 -0.03483601 -0.0002359741 0.00025 -0.03489962 -9.430624e-05 0.00025 -0.03501527 -0.0008204244 0.00025 -0.03466009 -0.0009554958 0.00025 -0.03449658 -0.0005255362 0.00025 -0.03410954 -0.0003517631 0.00025 -0.03422496 -0.0003323003 0.00025 -0.03433905 -0.0003584902 0.00025 -0.03443443 -0.0004263457 0.00025 -0.03367957 -0.0005152706 0.00025 -0.0335445 -0.0001600866 0.00025 -0.03397446 3.420962e-06 0.00025 -0.03414824 0.0003904648 0.00025 -0.03416399 0.0002359741 0.00025 -0.03410038 9.430624e-05 0.00025 -0.03398473 0.0008204244 0.00025 -0.03433991 0.0009554958 0.00025 -0.03450342 0.0005255362 0.00025 -0.03473597 0.000336013 0.00025 -0.0345943 0.0003996184 0.00025 0.01774987 0.03004015 0.00025 0.01810645 0.03033075 0.00025 0.01786639 0.03062532 0.00025 0.01750981 0.03033471 0.00025 0.01708773 0.03037774 0.00025 0.01721365 0.03028686 0.00025 0.01736814 0.03027111 0.00025 0.01679713 0.03073433 0.00025 0.01650256 0.03049426 0.00025 0.01679316 0.03013768 0.00025 0.01675013 0.02971561 0.00025 0.0168247 0.02980584 0.00025 0.01685906 0.02991773 0.00025 0.01684799 0.03003426 0.00025 0.01639355 0.029425 0.00025 0.01663361 0.02913044 0.00025 0.01699019 0.02942104 0.00025 0.0170777 0.02947068 0.00025 0.01710657 0.02947586 0.00025 0.0171767 0.02948844 0.00025 0.01719648 0.02948525 0.00025 0.01727734 0.02947217 0.00025 0.01728036 0.02947052 0.00025 0.01735241 0.02943119 0.00025 0.01736545 0.02942407 0.00025 0.01741227 0.02937801 0.00025 0.01770287 0.02902143 0.00025 0.01799744 0.02926149 0.00025 0.01770684 0.02961807 0.00025 0.0176753 0.02994992 0.00025 0.01764094 0.02983802 0.00025 0.01765201 0.02972149 0.00025 0.0171406 -0.03039191 0.00025 0.01721397 -0.03084602 0.00025 0.01758911 -0.0307854 0.00025 0.01751573 -0.03033129 0.00025 0.01776403 -0.02998728 0.00025 0.01765434 -0.03002814 0.00025 0.01756863 -0.03010786 0.00025 0.01751996 -0.03021432 0.00025 0.01821814 -0.0299139 0.00025 0.01815753 -0.02953877 0.00025 0.01770342 -0.02961215 0.00025 0.0173594 -0.02936384 0.00025 0.01742301 -0.02950551 0.00025 0.01754893 -0.0295964 0.00025 0.01728602 -0.02890973 0.00025 0.01691089 -0.02897035 0.00025 0.01698427 -0.02942446 0.00025 0.01673597 -0.02976847 0.00025 0.01687763 -0.02970487 0.00025 0.01696852 -0.02957895 0.00025 0.01628186 -0.02984185 0.00025 0.01634247 -0.03021698 0.00025 0.01679658 -0.03014361 0.00025 0.01707699 -0.03025024 0.00025 0.01695107 -0.03015936 0.00025 -0.035375 0.001515544 0.00025 -0.0345 0.00175 0.00025 -0.03601554 -0.000875 0.00025 -0.0345 -0.00175 0.00025 -0.033625 -0.001515544 0.00025 -0.03298445 -0.000875 0.00025 -0.035375 -0.001515544 0.00025 -0.03625 -6.061511e-17 0.00025 -0.03601554 0.000875 0.00025 -0.03275 -6.295399e-17 0.00025 -0.03298445 0.000875 0.00025 -0.033625 0.001515544 0.00025 0.01876554 0.02900288 0.00025 0.019 0.02987788 0.00025 0.01725 0.03162787 0.00025 0.018125 0.03139342 0.00025 0.01573445 0.03075288 0.00025 0.0155 0.02987788 0.00025 0.01573445 0.02900288 0.00025 0.016375 0.03139342 0.00025 0.016375 0.02836233 0.00025 0.01876554 0.03075288 0.00025 0.018125 0.02836233 0.00025 0.01725 0.02812788 0.00025 0.018125 -0.02836233 0.00025 0.01725 -0.02812788 0.00025 0.01573445 -0.02900288 0.00025 0.01876554 -0.03075288 0.00025 0.018125 -0.03139342 0.00025 0.01876554 -0.02900288 0.00025 0.016375 -0.02836233 0.00025 0.019 -0.02987788 0.00025 0.016375 -0.03139342 0.00025 0.01573445 -0.03075288 0.00025 0.01725 -0.03162787 0.00025 0.0155 -0.02987788 0.00025 -0.0345 -0.00175 0.0007 -0.033625 -0.001515544 0.0007 -0.03298445 -0.000875 0.0007 -0.03275 -9.174669e-19 0.0007 -0.03298445 0.000875 0.0007 -0.033625 0.001515544 0.0007 -0.0345 0.00175 0.0007 -0.035375 0.001515544 0.0007 -0.03601554 0.000875 0.0007 -0.03625 -5.994675e-17 0.0007 -0.03601554 -0.000875 0.0007 -0.035375 -0.001515544 0.0007 0.0155 0.02987788 0.0007 0.01573445 0.02900288 0.0007 0.016375 0.02836233 0.0007 0.01725 0.02812788 0.0007 0.018125 0.02836233 0.0007 0.01876554 0.02900288 0.0007 0.019 0.02987788 0.0007 0.01876554 0.03075288 0.0007 0.018125 0.03139342 0.0007 0.01725 0.03162787 0.0007 0.016375 0.03139342 0.0007 0.01573445 0.03075288 0.0007 0.0155 -0.02987788 0.0007 0.01573445 -0.03075288 0.0007 0.016375 -0.03139342 0.0007 0.01725 -0.03162787 0.0007 0.018125 -0.03139342 0.0007 0.01876554 -0.03075288 0.0007 0.019 -0.02987788 0.0007 0.01876554 -0.02900288 0.0007 0.018125 -0.02836233 0.0007 0.01725 -0.02812788 0.0007 0.016375 -0.02836233 0.0007 0.01573445 -0.02900288 0.0007 0.04525981 0.009456838 0.00125 0.04534786 0.009528598 0.00125 0.04558792 0.009234031 0.00125 0.04465214 0.008471402 0.00125 0.04441208 0.008765969 0.00125 0.0447402 0.008543162 0.00125 0.04484361 0.008597987 0.00125 0.0444714 0.009347858 0.00125 0.04476597 0.00958792 0.00125 0.04454316 0.009259805 0.00125 0.04483773 0.009499868 0.00125 0.04460677 0.009118138 0.00125 0.04549987 0.00916227 0.00125 0.04540898 0.009036353 0.00125 0.04459102 0.008963647 0.00125 0.04539323 0.008881862 0.00125 0.04450013 0.008837729 0.00125 0.04496014 0.008609062 0.00125 0.04492796 0.0094253 0.00125 0.04503985 0.009390938 0.00125 0.04515639 0.009402012 0.00125 0.0455286 0.008652142 0.00125 0.04523403 0.00841208 0.00125 0.04545684 0.008740194 0.00125 0.04516227 0.008500132 0.00125 0.04507204 0.008574699 0.00125 0.0447402 -0.009456838 0.00125 0.04465214 -0.009528598 0.00125 0.04441208 -0.009234031 0.00125 0.04539323 -0.009118138 0.00125 0.04496014 -0.009390938 0.00125 0.04484361 -0.009402012 0.00125 0.04460677 -0.008881862 0.00125 0.04540898 -0.008963647 0.00125 0.04459102 -0.009036353 0.00125 0.04450013 -0.00916227 0.00125 0.04508945 -0.008609965 0.00125 0.04558792 -0.008765969 0.00125 0.04549987 -0.008837729 0.00125 0.04522425 -0.008568124 0.00125 0.04525981 -0.008543162 0.00125 0.04534786 -0.008471402 0.00125 0.0444714 -0.008652142 0.00125 0.04476597 -0.00841208 0.00125 0.04454316 -0.008740194 0.00125 0.04483773 -0.008500132 0.00125 0.04494781 -0.008584497 0.00125 0.0455286 -0.009347858 0.00125 0.04523403 -0.00958792 0.00125 0.04545684 -0.009259805 0.00125 0.04516227 -0.009499868 0.00125 0.04507204 -0.0094253 0.00125 -0.041 -3.988525e-26 0.028 -0.04016073 -0.008253239 0.028 5.178906e-26 -3.988525e-26 0.028 -0.0336513 0.023422 0.028 -0.03767727 0.01616859 0.028 -0.04016073 0.008253239 0.028 -0.01423952 0.03844784 0.028 -0.02168752 0.03479442 0.028 -0.02824764 0.0297165 0.028 0.01027675 0.03969116 0.028 0.002076616 0.04094738 0.028 -0.006208539 0.0405272 0.028 0.03110908 0.02670627 0.028 0.02509635 0.0324218 0.028 0.01805616 0.03680998 0.028 0.04078964 0.004147901 0.028 0.03911971 0.01227389 0.028 0.03584821 0.01989738 0.028 0.03584821 -0.01989738 0.028 0.03911971 -0.01227389 0.028 0.04078964 -0.004147901 0.028 0.01805616 -0.03680998 0.028 0.02509635 -0.0324218 0.028 0.03110908 -0.02670627 0.028 -0.006208539 -0.0405272 0.028 0.002076616 -0.04094738 0.028 0.01027675 -0.03969116 0.028 -0.02824764 -0.0297165 0.028 -0.02168752 -0.03479442 0.028 -0.01423952 -0.03844784 0.028 -0.03767727 -0.01616859 0.028 -0.0336513 -0.023422 0.028 -0.03255144 -0.001125 0.0002 -0.033375 -0.001948557 0.0002 -0.0345 -0.00225 0.0002 -0.035625 -0.001948557 0.0002 -0.03644856 -0.001125 0.0002 -0.03675 -2.339775e-18 0.0002 -0.03644856 0.001125 0.0002 -0.035625 0.001948557 0.0002 -0.0345 0.00225 0.0002 -0.033375 0.001948557 0.0002 -0.03255144 0.001125 0.0002 -0.03225 -5.396826e-19 0.0002 0.01919856 0.02875288 0.0002 0.018375 0.02792932 0.0002 0.01725 0.02762788 0.0002 0.016125 0.02792932 0.0002 0.01530144 0.02875288 0.0002 0.015 0.02987788 0.0002 0.01530144 0.03100288 0.0002 0.016125 0.03182643 0.0002 0.01725 0.03212788 0.0002 0.018375 0.03182643 0.0002 0.01919856 0.03100288 0.0002 0.0195 0.02987788 0.0002 0.01919856 -0.03100288 0.0002 0.018375 -0.03182643 0.0002 0.01725 -0.03212788 0.0002 0.016125 -0.03182643 0.0002 0.01530144 -0.03100288 0.0002 0.015 -0.02987788 0.0002 0.01530144 -0.02875288 0.0002 0.016125 -0.02792932 0.0002 0.01725 -0.02762788 0.0002 0.018375 -0.02792932 0.0002 0.01919856 -0.02875288 0.0002 0.0195 -0.02987788 0.0002 0.04549987 0.00916227 0.00065 0.04585645 0.009452873 0.00065 0.04561639 0.00974744 0.00065 0.04525981 0.009456838 0.00065 0.04483773 0.009499868 0.00065 0.04492796 0.0094253 0.00065 0.04503985 0.009390938 0.00065 0.04515639 0.009402012 0.00065 0.04454713 0.009856449 0.00065 0.04425256 0.009616387 0.00065 0.04454316 0.009259805 0.00065 0.04450013 0.008837729 0.00065 0.04459102 0.008963647 0.00065 0.04460677 0.009118138 0.00065 0.04414355 0.008547127 0.00065 0.04438361 0.008252559 0.00065 0.0447402 0.008543162 0.00065 0.04516227 0.008500132 0.00065 0.04507204 0.008574699 0.00065 0.04496014 0.008609062 0.00065 0.04484361 0.008597987 0.00065 0.04545287 0.008143551 0.00065 0.04574744 0.008383613 0.00065 0.04545684 0.008740194 0.00065 0.04540898 0.009036353 0.00065 0.04539323 0.008881862 0.00065 0.04549987 -0.008837729 0.00065 0.04585645 -0.008547127 0.00065 0.04561639 -0.008252559 0.00065 0.04525981 -0.008543162 0.00065 0.04483773 -0.008500132 0.00065 0.04494781 -0.008584497 0.00065 0.04508945 -0.008609965 0.00065 0.04522425 -0.008568124 0.00065 0.04454713 -0.008143551 0.00065 0.04425256 -0.008383613 0.00065 0.04454316 -0.008740194 0.00065 0.04450013 -0.00916227 0.00065 0.04459102 -0.009036353 0.00065 0.04460677 -0.008881862 0.00065 0.04414355 -0.009452873 0.00065 0.04438361 -0.00974744 0.00065 0.0447402 -0.009456838 0.00065 0.04516227 -0.009499868 0.00065 0.04507204 -0.0094253 0.00065 0.04496014 -0.009390938 0.00065 0.04484361 -0.009402012 0.00065 0.04545287 -0.009856449 0.00065 0.04574744 -0.009616387 0.00065 0.04545684 -0.009259805 0.00065 0.04540898 -0.008963647 0.00065 0.04539323 -0.009118138 0.00065 -0.041 1.00421e-17 0.031 -0.04016073 -0.008253239 0.031 -0.03767727 -0.01616859 0.031 -0.0336513 -0.023422 0.031 -0.02824764 -0.0297165 0.031 -0.02168752 -0.03479442 0.031 -0.01423952 -0.03844784 0.031 -0.006208539 -0.0405272 0.031 0.002076616 -0.04094738 0.031 0.01027675 -0.03969116 0.031 0.01805616 -0.03680998 0.031 0.02509635 -0.0324218 0.031 0.03110908 -0.02670627 0.031 0.03584821 -0.01989738 0.031 0.03911971 -0.01227389 0.031 0.04078964 -0.004147901 0.031 0.04078964 0.004147901 0.031 0.03911971 0.01227389 0.031 0.03584821 0.01989738 0.031 0.03110908 0.02670627 0.031 0.02509635 0.0324218 0.031 0.01805616 0.03680998 0.031 0.01027675 0.03969116 0.031 0.002076616 0.04094738 0.031 -0.006208539 0.0405272 0.031 -0.01423952 0.03844784 0.031 -0.02168752 0.03479442 0.031 -0.02824764 0.0297165 0.031 -0.0336513 0.023422 0.031 -0.03767727 0.01616859 0.031 -0.04016073 0.008253239 0.031 0.02479129 0.02753352 0.0002 0.03705 -1.321085e-16 0.0002 0.00387278 -0.03684704 0.0002 -0.00387278 -0.03684704 0.0002 0.01144908 -0.03523665 0.0002 0.018525 -0.03208624 0.0002 0.02479129 -0.02753352 0.0002 0.02997408 -0.02177744 0.0002 0.03384686 -0.01506959 0.0002 0.03624037 -0.007703128 0.0002 0.018525 0.03208624 0.0002 0.03624037 0.007703128 0.0002 -0.02479129 -0.02753352 0.0002 -0.018525 -0.03208624 0.0002 -0.01144908 -0.03523665 0.0002 -0.03624037 0.007703128 0.0002 0.02997408 0.02177744 0.0002 0.03384686 0.01506959 0.0002 -0.03705 -1.02043e-16 0.0002 -0.02997408 -0.02177744 0.0002 -0.03384686 -0.01506959 0.0002 -0.03624037 -0.007703128 0.0002 -0.03384686 0.01506959 0.0002 -0.02997408 0.02177744 0.0002 -0.02479129 0.02753352 0.0002 0.01144908 0.03523665 0.0002 0.00387278 0.03684704 0.0002 -0.00387278 0.03684704 0.0002 -0.01144908 0.03523665 0.0002 -0.018525 0.03208624 0.0002 0.04651554 0.008125 0.00065 0.04675 0.009 0.00065 0.04651554 0.009875 0.00065 0.04325 0.009 0.00065 0.04348446 0.009875 0.00065 0.045875 0.01051554 0.00065 0.045 0.01075 0.00065 0.045 0.00725 0.00065 0.044125 0.007484456 0.00065 0.045875 0.007484456 0.00065 0.04348446 0.008125 0.00065 0.044125 0.01051554 0.00065 0.045875 -0.007484456 0.00065 0.04651554 -0.009875 0.00065 0.04675 -0.009 0.00065 0.04651554 -0.008125 0.00065 0.045 -0.01075 0.00065 0.044125 -0.01051554 0.00065 0.045875 -0.01051554 0.00065 0.04325 -0.009 0.00065 0.04348446 -0.008125 0.00065 0.045 -0.00725 0.00065 0.044125 -0.007484456 0.00065 0.04348446 -0.009875 0.00065 -0.03404622 -0.03677966 0.02466931 -0.03361426 -0.03800354 0.023 -0.03392109 -0.03688481 0.02481452 -0.03361266 -0.03800582 0.023 -0.03335334 -0.0383739 0.02300001 -0.03384863 -0.03747754 0.02321524 -0.03379695 -0.03762017 0.023 -0.03372943 -0.03782417 0.023 -0.03447985 -0.0360119 0.02548516 -0.034564 -0.03593026 0.02532307 -0.03371951 -0.03785415 0.023 -0.03415605 -0.03662903 0.02449574 -0.03416513 -0.03660398 0.02453355 -0.03518783 -0.03517751 0.02572467 -0.03518266 -0.03518267 0.02572471 -0.0351776 -0.03516598 0.02589009 -0.03501198 -0.03535301 0.02572587 -0.03478924 -0.03559502 0.02577565 -0.03484932 -0.03555457 0.0256013 -0.03461322 -0.03584713 0.02542049 -0.03536107 -0.03500463 0.02572349 -0.03560656 -0.03477985 0.02576969 -0.03556396 -0.0348427 0.02559281 -0.03602343 -0.03447211 0.0254752 -0.03588421 -0.03458708 0.02538654 -0.03658983 -0.03417201 0.02455299 -0.03678756 -0.03404255 0.02465967 -0.03663525 -0.03415547 0.02448453 -0.03800382 -0.03360236 0.02300017 -0.03762017 -0.03379695 0.023 -0.03747763 -0.03384884 0.02321485 -0.03820725 -0.03349917 0.02300026 -0.03721798 -0.03373446 0.02445939 -0.03824775 -0.03347864 0.02300028 -0.0383739 -0.03335334 0.02300001 -0.03399706 -0.03668555 0.02505733 -0.03418459 -0.03640357 0.0252943 -0.03441754 -0.03605329 0.02558867 -0.03462378 -0.03574318 0.02584928 -0.03473873 -0.03561435 0.0258876 -0.03515762 -0.03514486 0.02602724 -0.03582982 -0.03455622 0.02579783 -0.03606071 -0.03441954 0.02557521 -0.03688715 -0.0339303 0.02477837 -0.03584713 0.03461322 0.02542049 -0.03593026 0.034564 0.02532307 -0.0360119 0.03447985 0.02548516 -0.03800582 0.03361266 0.023 -0.0383739 0.03335334 0.02300001 -0.03688481 0.03392109 0.02481452 -0.03800354 0.03361426 0.023 -0.03677966 0.03404622 0.02466931 -0.03785415 0.03371951 0.023 -0.03782417 0.03372943 0.023 -0.03660398 0.03416513 0.02453355 -0.03662903 0.03415605 0.02449574 -0.03747754 0.03384863 0.02321524 -0.03762017 0.03379695 0.023 -0.03555457 0.03484932 0.0256013 -0.03559502 0.03478924 0.02577565 -0.03535301 0.03501198 0.02572587 -0.03516598 0.0351776 0.02589009 -0.03518267 0.03518266 0.02572471 -0.03417201 0.03658983 0.02455299 -0.03458708 0.03588421 0.02538654 -0.03447211 0.03602343 0.0254752 -0.0348427 0.03556396 0.02559281 -0.03477985 0.03560656 0.02576969 -0.03500463 0.03536107 0.02572349 -0.03517751 0.03518783 0.02572467 -0.03404255 0.03678756 0.02465967 -0.03415547 0.03663525 0.02448453 -0.03360239 0.03800375 0.02300017 -0.03379695 0.03762017 0.023 -0.03384884 0.03747763 0.02321485 -0.03349856 0.03820847 0.02300026 -0.03373446 0.03721798 0.02445939 -0.03347864 0.03824775 0.02300028 -0.03335334 0.0383739 0.02300001 -0.0339303 0.03688715 0.02477837 -0.03360113 0.03800625 0.02300017 -0.03420358 0.03642552 0.02522347 -0.03605329 0.03441754 0.02558867 -0.03668555 0.03399706 0.02505733 -0.03574318 0.03462378 0.02584928 -0.03561435 0.03473873 0.0258876 -0.03514486 0.03515762 0.02602724 -0.03455622 0.03582982 0.02579783 -0.03441954 0.03606071 0.02557521 0.03404622 0.03677966 0.02466931 0.03361426 0.03800354 0.023 0.03392109 0.03688481 0.02481452 0.03361266 0.03800582 0.023 0.03335334 0.0383739 0.02300001 0.03384863 0.03747754 0.02321524 0.03379695 0.03762017 0.023 0.03372943 0.03782417 0.023 0.03447985 0.0360119 0.02548516 0.034564 0.03593026 0.02532307 0.03371951 0.03785415 0.023 0.03415605 0.03662903 0.02449574 0.03416513 0.03660398 0.02453355 0.03518783 0.03517751 0.02572467 0.03518266 0.03518267 0.02572471 0.0351776 0.03516598 0.02589009 0.03501198 0.03535301 0.02572587 0.03478924 0.03559502 0.02577565 0.03484932 0.03555457 0.0256013 0.03461322 0.03584713 0.02542049 0.03536107 0.03500463 0.02572349 0.03560656 0.03477985 0.02576969 0.03556396 0.0348427 0.02559281 0.03602343 0.03447211 0.0254752 0.03588421 0.03458708 0.02538654 0.03658983 0.03417201 0.02455299 0.03678756 0.03404255 0.02465967 0.03663525 0.03415547 0.02448453 0.03800375 0.03360239 0.02300017 0.03762017 0.03379695 0.023 0.03747763 0.03384884 0.02321485 0.03820847 0.03349856 0.02300026 0.03721798 0.03373446 0.02445939 0.03824775 0.03347864 0.02300028 0.0383739 0.03335334 0.02300001 0.03800625 0.03360113 0.02300017 0.03399706 0.03668555 0.02505733 0.03418459 0.03640357 0.0252943 0.03441754 0.03605329 0.02558867 0.03462378 0.03574318 0.02584928 0.03473873 0.03561435 0.0258876 0.03515762 0.03514486 0.02602724 0.03582982 0.03455622 0.02579783 0.03606071 0.03441954 0.02557521 0.03688715 0.0339303 0.02477837 0.03584713 -0.03461322 0.02542049 0.03593026 -0.034564 0.02532307 0.0360119 -0.03447985 0.02548516 0.03800354 -0.03361426 0.023 0.0383739 -0.03335334 0.02300001 0.03688481 -0.03392109 0.02481452 0.03677966 -0.03404622 0.02466931 0.03785415 -0.03371951 0.023 0.0378204 -0.03373068 0.023 0.03660398 -0.03416513 0.02453355 0.03662903 -0.03415605 0.02449574 0.03747754 -0.03384863 0.02321524 0.03762017 -0.03379695 0.023 0.03555457 -0.03484932 0.0256013 0.03559502 -0.03478924 0.02577565 0.03535301 -0.03501198 0.02572587 0.03516598 -0.0351776 0.02589009 0.03518267 -0.03518266 0.02572471 0.03417201 -0.03658983 0.02455299 0.03458708 -0.03588421 0.02538654 0.03447211 -0.03602343 0.0254752 0.0348427 -0.03556396 0.02559281 0.03477985 -0.03560656 0.02576969 0.03500463 -0.03536107 0.02572349 0.03517751 -0.03518783 0.02572467 0.03404255 -0.03678756 0.02465967 0.03415547 -0.03663525 0.02448453 0.03360239 -0.03800375 0.02300017 0.03379695 -0.03762017 0.023 0.03384884 -0.03747763 0.02321485 0.03349856 -0.03820847 0.02300026 0.03373446 -0.03721798 0.02445939 0.03347864 -0.03824775 0.02300028 0.03335334 -0.0383739 0.02300001 0.0339303 -0.03688715 0.02477837 0.03360113 -0.03800625 0.02300017 0.03420358 -0.03642552 0.02522347 0.03605329 -0.03441754 0.02558867 0.03668555 -0.03399706 0.02505733 0.03574318 -0.03462378 0.02584928 0.03561435 -0.03473873 0.0258876 0.03514486 -0.03515762 0.02602724 0.03455622 -0.03582982 0.02579783 0.03441954 -0.03606071 0.02557521 0.006141328 0.04861362 0.031 -5.128481e-16 0.049 0.031 -0.02880148 0.03964183 0.031 0.0180381 0.04555905 0.031 0.0121858 0.04746057 0.031 0.03354281 0.03571946 0.031 0.02880148 0.03964183 0.031 0.02360593 0.04293903 0.031 -0.03775515 -0.03123378 0.031 -0.04660177 -0.01514183 0.031 -0.04433652 -0.02086318 0.031 -0.04137207 -0.02625551 0.031 -0.04660177 0.01514183 0.031 -0.04813208 0.009181685 0.031 -0.03354281 0.03571946 0.031 -0.03775515 0.03123378 0.031 -0.04137207 0.02625551 0.031 -0.04433652 0.02086318 0.031 -0.006141328 0.04861362 0.031 -0.0121858 0.04746057 0.031 -0.0180381 0.04555905 0.031 -0.02360593 0.04293903 0.031 0.04433652 0.02086318 0.031 0.04137207 0.02625551 0.031 0.03775515 0.03123378 0.031 0.03354281 -0.03571946 0.031 0.03775515 -0.03123378 0.031 -0.04890331 0.003076735 0.031 -0.04890331 -0.003076735 0.031 -0.04813208 -0.009181685 0.031 0.0180381 -0.04555905 0.031 0.02360593 -0.04293903 0.031 0.02880148 -0.03964183 0.031 -0.0121858 -0.04746057 0.031 -0.006141328 -0.04861362 0.031 -0.03354281 -0.03571946 0.031 -0.02880148 -0.03964183 0.031 -0.02360593 -0.04293903 0.031 -0.0180381 -0.04555905 0.031 0.04813208 0.009181685 0.031 0.04660177 0.01514183 0.031 5.128481e-16 -0.049 0.031 0.006141328 -0.04861362 0.031 0.0121858 -0.04746057 0.031 0.04813208 -0.009181685 0.031 0.04890331 -0.003076735 0.031 0.04890331 0.003076735 0.031 0.04137207 -0.02625551 0.031 0.04433652 -0.02086318 0.031 0.04660177 -0.01514183 0.031 -0.03725 -1.11968e-16 0.0004 -0.036436 -0.00774471 0.0004 -0.03402957 -0.01515094 0.0004 -0.03013588 -0.021895 0.0004 -0.02492511 -0.02768214 0.0004 -0.018625 -0.03225945 0.0004 -0.01151088 -0.03542686 0.0004 -0.003893685 -0.03704594 0.0004 0.003893685 -0.03704594 0.0004 0.01151088 -0.03542686 0.0004 0.018625 -0.03225945 0.0004 0.02492511 -0.02768214 0.0004 0.03013588 -0.021895 0.0004 0.03402957 -0.01515094 0.0004 0.036436 -0.00774471 0.0004 0.03725 -1.213744e-16 0.0004 0.036436 0.00774471 0.0004 0.03402957 0.01515094 0.0004 0.03013588 0.021895 0.0004 0.02492511 0.02768214 0.0004 0.018625 0.03225945 0.0004 0.01151088 0.03542686 0.0004 0.003893685 0.03704594 0.0004 -0.003893685 0.03704594 0.0004 -0.01151088 0.03542686 0.0004 -0.018625 0.03225945 0.0004 -0.02492511 0.02768214 0.0004 -0.03013588 0.021895 0.0004 -0.03402957 0.01515094 0.0004 -0.036436 0.00774471 0.0004 0.04325 0.009 0.0011 0.04348446 0.008125 0.0011 0.044125 0.007484456 0.0011 0.045 0.00725 0.0011 0.045875 0.007484456 0.0011 0.04651554 0.008125 0.0011 0.04675 0.009 0.0011 0.04651554 0.009875 0.0011 0.045875 0.01051554 0.0011 0.045 0.01075 0.0011 0.044125 0.01051554 0.0011 0.04348446 0.009875 0.0011 0.04325 -0.009 0.0011 0.04348446 -0.009875 0.0011 0.044125 -0.01051554 0.0011 0.045 -0.01075 0.0011 0.045875 -0.01051554 0.0011 0.04651554 -0.009875 0.0011 0.04675 -0.009 0.0011 0.04651554 -0.008125 0.0011 0.045875 -0.007484456 0.0011 0.045 -0.00725 0.0011 0.044125 -0.007484456 0.0011 0.04348446 -0.008125 0.0011 0.03765334 0.04627659 0.007807999 0.03459033 0.04190215 0.005 0.0380735 0.04687664 0.005634078 0.03816208 0.04700314 0.005 0.03680821 0.04506962 0.01069105 0.03610112 0.04405979 0.01253605 0.03574327 0.04354872 0.01332225 0.03459033 0.04190215 0.01585523 0.03761286 0.04621877 0.008017478 0.03696332 0.04529114 0.01028631 0.03378952 0.0401313 0.005 0.04190215 0.03459033 0.01585523 0.04190215 0.03459033 0.005 0.040854 0.03415425 0.01763491 0.0401313 0.03378952 0.005 0.03869613 0.033761 0.02123463 0.03747316 0.03383591 0.005 0.0398186 0.03372349 0.01939292 0.0401106 0.03384497 0.01889713 0.03517856 0.03517856 0.005 0.03415425 0.040854 0.01763491 0.03384497 0.0401106 0.01889713 0.03383591 0.03747316 0.005 0.03372349 0.0398186 0.01939292 0.033761 0.03869613 0.02123463 0.04354184 0.03573845 0.0133157 0.0442604 0.03624159 0.01220281 0.04506204 0.0368029 0.01068554 0.04543414 0.03706345 0.009981241 0.0462748 0.03765209 0.007805172 0.04636617 0.03771606 0.007568663 0.04700314 0.03816208 0.005 -0.04627659 0.03765334 0.007807999 -0.04190215 0.03459033 0.005 -0.04687664 0.0380735 0.005634078 -0.04700314 0.03816208 0.005 -0.04621877 0.03761286 0.008017478 -0.04529114 0.03696332 0.01028631 -0.04506962 0.03680821 0.01069105 -0.04405979 0.03610112 0.01253605 -0.04354872 0.03574327 0.01332225 -0.04190215 0.03459033 0.01585523 -0.0401313 0.03378952 0.005 -0.03459033 0.04190215 0.01585523 -0.03459033 0.04190215 0.005 -0.03415425 0.040854 0.01763491 -0.03378952 0.0401313 0.005 -0.03383591 0.03747316 0.005 -0.033761 0.03869613 0.02123463 -0.03372349 0.0398186 0.01939292 -0.03384497 0.0401106 0.01889713 -0.03517856 0.03517856 0.005 -0.03499964 0.03536656 0.02565874 -0.040854 0.03415425 0.01763491 -0.0401106 0.03384497 0.01889713 -0.03747316 0.03383591 0.005 -0.0398186 0.03372349 0.01939292 -0.03869613 0.033761 0.02123463 -0.03573845 0.04354184 0.0133157 -0.03624159 0.0442604 0.01220281 -0.0368029 0.04506204 0.01068554 -0.03706345 0.04543414 0.009981241 -0.03765209 0.0462748 0.007805172 -0.03771606 0.04636617 0.007568663 -0.03816208 0.04700314 0.005 0.04627659 -0.03765334 0.007807999 0.04190215 -0.03459033 0.005 0.04687664 -0.0380735 0.005634078 0.04700314 -0.03816208 0.005 0.04506962 -0.03680821 0.01069105 0.04405979 -0.03610112 0.01253605 0.04354872 -0.03574327 0.01332225 0.04190215 -0.03459033 0.01585523 0.04621877 -0.03761286 0.008017478 0.04529114 -0.03696332 0.01028631 0.03889087 -0.03364088 0.02092715 0.03870029 -0.03366429 0.02123804 0.03747316 -0.03383591 0.005 0.0401313 -0.03378952 0.005 0.04012816 -0.03380923 0.01887861 0.03980316 -0.03376501 0.0194167 0.04151298 -0.03434259 0.0165461 0.04087296 -0.03407439 0.01762661 0.04029403 -0.03383179 0.018604 0.03459033 -0.04190215 0.01585523 0.03459033 -0.04190215 0.005 0.03415425 -0.040854 0.01763491 0.03378952 -0.0401313 0.005 0.03383591 -0.03747316 0.005 0.033761 -0.03869613 0.02123463 0.03372349 -0.0398186 0.01939292 0.03384497 -0.0401106 0.01889713 0.03517856 -0.03517856 0.005 0.03499964 -0.03536656 0.02565874 0.03573845 -0.04354184 0.0133157 0.03624159 -0.0442604 0.01220281 0.0368029 -0.04506204 0.01068554 0.03706345 -0.04543414 0.009981241 0.03765209 -0.0462748 0.007805172 0.03771606 -0.04636617 0.007568663 0.03816208 -0.04700314 0.005 -0.03765334 -0.04627659 0.007807999 -0.03459033 -0.04190215 0.005 -0.0380735 -0.04687664 0.005634078 -0.03816208 -0.04700314 0.005 -0.03680821 -0.04506962 0.01069105 -0.03610112 -0.04405979 0.01253605 -0.03574327 -0.04354872 0.01332225 -0.03459033 -0.04190215 0.01585523 -0.03761286 -0.04621877 0.008017478 -0.03696332 -0.04529114 0.01028631 -0.03870029 -0.03366429 0.02123804 -0.03747316 -0.03383591 0.005 -0.03889087 -0.03364088 0.02092715 -0.04012185 -0.03383091 0.01888729 -0.0401313 -0.03378952 0.005 -0.03980229 -0.03376079 0.01941782 -0.0393461 -0.03366069 0.02017519 -0.03517856 -0.03517856 0.005 -0.033761 -0.03869613 0.02123463 -0.03383591 -0.03747316 0.005 -0.03378952 -0.0401313 0.005 -0.03415425 -0.040854 0.01763491 -0.03384497 -0.0401106 0.01889713 -0.03372349 -0.0398186 0.01939292 -0.04190215 -0.03459033 0.01585523 -0.04190215 -0.03459033 0.005 -0.04087456 -0.03405783 0.01762484 -0.04066786 -0.03395072 0.0179808 -0.04543414 -0.03706345 0.009981241 -0.0462748 -0.03765209 0.007805172 -0.04636617 -0.03771606 0.007568663 -0.04700314 -0.03816208 0.005 -0.04354184 -0.03573845 0.0133157 -0.0442604 -0.03624159 0.01220281 -0.04506204 -0.0368029 0.01068554 0.05399875 0.00455 0.001 0.05414543 0.004076577 0.001 0.05399875 0.00455 0.0035 0.05414863 0.004071404 0.0035 0.05414968 0.004072498 0.001 0.05450935 0.003727239 0.001 0.05451201 0.003725759 0.0035 0.0545122 0.003726497 0.001 0.0549975 0.0036 0.001 0.0549975 0.0036 0.0035 0.06080194 0.004268521 0.006783821 0.06060072 0.003919206 0.00672035 0.06126696 0.003919856 0.003884527 0.06085331 0.004673039 0.006800025 0.06080417 0.004286126 0.006784526 0.0613554 0.004674355 0.004660562 0.06148089 0.004286979 0.003918766 0.06152772 0.004674806 0.003926304 0.06163789 0.004042739 0.001030683 0.06170752 0.004231767 0.001033258 0.06152372 0.00393898 0.001026462 0.06043296 0.003794559 0.006667431 0.06028318 0.003683268 0.006620182 0.06092148 0.003676331 0.003829281 0.0602666 0.003679644 0.006614952 0.06007836 0.003638505 0.006555575 0.06080811 0.0036 0.001 0.06118594 0.003695533 0.001013971 0.06052993 0.0036 0.003767478 0.06050937 0.0036 0.003972051 0.05990218 0.0036 0.0065 0.06173152 0.004296937 0.001034146 0.0618008 0.004485018 0.001036708 0.06180273 0.004513856 0.001036779 0.06180689 0.004576147 0.001036933 0.06180727 0.004581843 0.001036947 0.06180717 0.004599999 0.001036943 0.06180704 0.004623141 0.001036939 0.06180701 0.004629091 0.001036937 0.06180499 0.004667762 0.001036863 0.06180459 0.004675381 0.001036848 0.06128281 0.003720027 0.001017553 0.0614965 0.003914235 0.001025455 0.04003249 0.03372166 0.01957765 0.04274534 0.03403568 0.01699094 0.04308719 0.03425733 0.01647954 0.04282414 0.03448891 0.01641336 0.04132998 0.03342277 0.01899219 0.0418768 0.03365957 0.01821901 0.04168529 0.03385181 0.01813837 0.04222275 0.03380938 0.01772985 0.04062814 0.03331828 0.01995339 0.04047229 0.03348222 0.01986318 0.04001536 0.03322705 0.02079264 0.03921754 0.03338674 0.02162003 0.03985329 0.03320292 0.0210146 0.03960286 0.03322838 0.02135069 0.03933689 0.03325542 0.02170763 0.04026447 0.0336403 0.01973397 0.0388854 0.03361109 0.02137411 0.03906262 0.03352354 0.02150448 0.04281906 0.03449338 0.01641209 0.04271671 0.03458349 0.01638634 0.04250519 0.03464292 0.0162749 0.04142044 0.03402002 0.01799953 0.04250107 0.03464409 0.01627273 0.04228542 0.03470468 0.01615912 0.04113688 0.03408085 0.01781622 0.04218128 0.03467361 0.01607656 0.04217953 0.03467309 0.01607517 0.04732932 0.03765646 0.008154735 0.04697314 0.03780137 0.008070803 0.04572951 0.03692928 0.01106781 0.04383212 0.03585949 0.01355581 0.04416928 0.0358359 0.01376095 0.04537562 0.03694047 0.0108932 0.04659926 0.03779757 0.007946727 0.04734332 0.03831469 0.005 0.0473195 0.0383122 0.005 0.04751964 0.03736551 0.008144108 0.04763942 0.03744974 0.007835084 0.04789732 0.03763109 0.007169725 0.04766793 0.03834866 0.005 0.04800392 0.03826664 0.005 0.04810165 0.03819105 0.005 0.04838355 0.03797298 0.005 0.04607217 0.03677354 0.01118568 0.04631096 0.03651562 0.01126232 0.04651954 0.03666228 0.01072421 0.04494169 0.03555643 0.01347829 0.04450065 0.03567129 0.01389922 0.04468752 0.03537838 0.01388963 0.03567129 0.04450065 0.01389922 0.0358359 0.04416928 0.01376095 0.03692928 0.04572951 0.01106781 0.03834618 0.04750023 0.005 0.03832359 0.04783369 0.005 0.03780137 0.04697314 0.008070803 0.03664212 0.04649041 0.01069417 0.036472 0.04624824 0.01116702 0.03677354 0.04607217 0.01118568 0.03560046 0.04500712 0.01353714 0.03541634 0.04474394 0.0139405 0.03568916 0.04513391 0.01334284 0.03709844 0.04713996 0.009425879 0.03765646 0.04732932 0.008154735 0.03735117 0.04749934 0.008146871 0.038195 0.04813833 0.005 0.03797298 0.04838355 0.005 0.03741517 0.04759034 0.007823003 0.0382052 0.04811418 0.005 0.0383049 0.04734648 0.005 0.03779757 0.04659926 0.007946727 0.03825761 0.0471704 0.005 0.03694047 0.04537562 0.0108932 0.03585949 0.04383212 0.01355581 0.03425733 0.04308719 0.01647954 0.03448891 0.04282414 0.01641336 0.03449338 0.04281906 0.01641209 0.03458349 0.04271671 0.01638634 0.03464292 0.04250519 0.0162749 0.03464409 0.04250107 0.01627273 0.03470468 0.04228542 0.01615912 0.03467361 0.04218128 0.01607656 0.03467309 0.04217953 0.01607517 0.03338674 0.03921754 0.02162003 0.03352354 0.03906262 0.02150448 0.0336403 0.04026447 0.01973397 0.03325155 0.03933664 0.02171027 0.03325667 0.03890842 0.02229045 0.0332435 0.0400105 0.02079728 0.03348222 0.04047229 0.01986318 0.03323894 0.04039185 0.02028059 0.03329558 0.04062929 0.01995335 0.03357018 0.04178038 0.01836687 0.03385181 0.04168529 0.01813837 0.03362534 0.04188529 0.01821536 0.03380306 0.04222327 0.01772723 0.03361109 0.0388854 0.02137411 0.03408085 0.04113688 0.01781622 0.03402002 0.04142044 0.01799953 0.03372166 0.04003249 0.01957765 -0.03372166 0.04003249 0.01957765 -0.03403568 0.04274534 0.01699094 -0.03425733 0.04308719 0.01647954 -0.03448891 0.04282414 0.01641336 -0.03342277 0.04132998 0.01899219 -0.03365957 0.0418768 0.01821901 -0.03385181 0.04168529 0.01813837 -0.03380937 0.04222272 0.01772989 -0.03331828 0.04062814 0.01995339 -0.03348222 0.04047229 0.01986318 -0.03322703 0.04001528 0.02079275 -0.03338674 0.03921754 0.02162003 -0.03320292 0.03985329 0.0210146 -0.03325542 0.03933689 0.02170763 -0.0336403 0.04026447 0.01973397 -0.03361109 0.0388854 0.02137411 -0.03352354 0.03906262 0.02150448 -0.03449338 0.04281906 0.01641209 -0.03458349 0.04271671 0.01638634 -0.03464292 0.04250519 0.0162749 -0.03402002 0.04142044 0.01799953 -0.03464409 0.04250107 0.01627273 -0.03470468 0.04228542 0.01615912 -0.03408085 0.04113688 0.01781622 -0.03467361 0.04218128 0.01607656 -0.03467309 0.04217953 0.01607517 -0.03765646 0.04732932 0.008154735 -0.03780137 0.04697314 0.008070803 -0.03692928 0.04572951 0.01106781 -0.03585949 0.04383212 0.01355581 -0.0358359 0.04416928 0.01376095 -0.03694047 0.04537562 0.0108932 -0.03779757 0.04659926 0.007946727 -0.03831469 0.04734332 0.005 -0.0383122 0.0473195 0.005 -0.03834866 0.04766793 0.005 -0.03826664 0.04800392 0.005 -0.03819768 0.04810815 0.005 -0.03736551 0.04751964 0.008144108 -0.03744974 0.04763942 0.007835084 -0.03763109 0.04789732 0.007169725 -0.03808012 0.0482858 0.005 -0.03797298 0.04838355 0.005 -0.03677354 0.04607217 0.01118568 -0.03651562 0.04631096 0.01126232 -0.03666228 0.04651954 0.01072421 -0.03555643 0.04494169 0.01347829 -0.03567129 0.04450065 0.01389922 -0.03537838 0.04468752 0.01388963 -0.04450065 0.03567129 0.01389922 -0.04416928 0.0358359 0.01376095 -0.04572951 0.03692928 0.01106781 -0.04750023 0.03834618 0.005 -0.04783369 0.03832359 0.005 -0.04697314 0.03780137 0.008070803 -0.04649041 0.03664212 0.01069417 -0.04624824 0.036472 0.01116702 -0.04607217 0.03677354 0.01118568 -0.04500712 0.03560046 0.01353714 -0.04474394 0.03541634 0.0139405 -0.04513391 0.03568916 0.01334284 -0.04713996 0.03709844 0.009425879 -0.04732932 0.03765646 0.008154735 -0.04749934 0.03735117 0.008146871 -0.04813833 0.038195 0.005 -0.04838355 0.03797298 0.005 -0.04759034 0.03741517 0.007823003 -0.04811418 0.0382052 0.005 -0.04734648 0.0383049 0.005 -0.04659926 0.03779757 0.007946727 -0.0471704 0.03825761 0.005 -0.04537562 0.03694047 0.0108932 -0.04383212 0.03585949 0.01355581 -0.04308719 0.03425733 0.01647954 -0.04282414 0.03448891 0.01641336 -0.04281906 0.03449338 0.01641209 -0.04271671 0.03458349 0.01638634 -0.04250519 0.03464292 0.0162749 -0.04250107 0.03464409 0.01627273 -0.04228542 0.03470468 0.01615912 -0.04218128 0.03467361 0.01607656 -0.04217953 0.03467309 0.01607517 -0.03921754 0.03338674 0.02162003 -0.03906262 0.03352354 0.02150448 -0.04026447 0.0336403 0.01973397 -0.03962883 0.03324806 0.02131439 -0.03933664 0.03325155 0.02171027 -0.03890842 0.03325667 0.02229045 -0.04001082 0.0332435 0.02079684 -0.04047229 0.03348222 0.01986318 -0.04039185 0.03323894 0.02028059 -0.04062929 0.03329558 0.01995335 -0.04178038 0.03357018 0.01836687 -0.04168529 0.03385181 0.01813837 -0.04188529 0.03362534 0.01821536 -0.04222329 0.03380307 0.01772722 -0.0388854 0.03361109 0.02137411 -0.04113688 0.03408085 0.01781622 -0.04142044 0.03402002 0.01799953 -0.04003249 0.03372166 0.01957765 -0.03888208 -0.03361218 0.02137168 -0.03906058 -0.03352491 0.02150298 -0.04026176 -0.03364177 0.01973221 -0.04274534 -0.03403568 0.01699094 -0.04308719 -0.03425733 0.01647954 -0.04282414 -0.03448891 0.01641336 -0.04132998 -0.03342277 0.01899219 -0.0418768 -0.03365957 0.01821901 -0.04168385 -0.03385309 0.01813772 -0.04222275 -0.03380938 0.01772985 -0.04062814 -0.03331828 0.01995339 -0.04047117 -0.03348336 0.01986252 -0.04001536 -0.03322705 0.02079264 -0.03921669 -0.03338769 0.0216194 -0.03985329 -0.03320292 0.0210146 -0.03960286 -0.03322838 0.02135069 -0.03933689 -0.03325542 0.02170763 -0.04002826 -0.03372236 0.0195747 -0.04113188 -0.0340809 0.0178127 -0.04281737 -0.03449488 0.01641166 -0.04271671 -0.03458349 0.01638634 -0.04250519 -0.03464292 0.0162749 -0.04141704 -0.03402143 0.01799753 -0.04249692 -0.03464525 0.01627055 -0.04228542 -0.03470468 0.01615912 -0.04217426 -0.03467151 0.01607098 -0.04218128 -0.03467361 0.01607656 -0.04732932 -0.03765646 0.008154735 -0.04697314 -0.03780137 0.008070803 -0.04572951 -0.03692928 0.01106781 -0.04383212 -0.03585949 0.01355581 -0.04416928 -0.0358359 0.01376095 -0.04537562 -0.03694047 0.0108932 -0.04659926 -0.03779757 0.007946727 -0.04734332 -0.03831469 0.005 -0.0473195 -0.0383122 0.005 -0.04766793 -0.03834866 0.005 -0.04800392 -0.03826664 0.005 -0.04810815 -0.03819768 0.005 -0.04751964 -0.03736551 0.008144108 -0.04763942 -0.03744974 0.007835084 -0.04789732 -0.03763109 0.007169725 -0.0482858 -0.03808012 0.005 -0.04838355 -0.03797298 0.005 -0.04607217 -0.03677354 0.01118568 -0.04631096 -0.03651562 0.01126232 -0.04651954 -0.03666228 0.01072421 -0.04494169 -0.03555643 0.01347829 -0.04450065 -0.03567129 0.01389922 -0.04468752 -0.03537838 0.01388963 -0.03567129 -0.04450065 0.01389922 -0.0358359 -0.04416928 0.01376095 -0.03692928 -0.04572951 0.01106781 -0.03834618 -0.04750023 0.005 -0.03832359 -0.04783369 0.005 -0.03780137 -0.04697314 0.008070803 -0.03664212 -0.04649041 0.01069417 -0.036472 -0.04624824 0.01116702 -0.03677354 -0.04607217 0.01118568 -0.03560046 -0.04500712 0.01353714 -0.03541634 -0.04474394 0.0139405 -0.03568916 -0.04513391 0.01334284 -0.03709844 -0.04713996 0.009425879 -0.03765646 -0.04732932 0.008154735 -0.03735117 -0.04749934 0.008146871 -0.038195 -0.04813833 0.005 -0.03797298 -0.04838355 0.005 -0.03741517 -0.04759034 0.007823003 -0.0382052 -0.04811418 0.005 -0.0383049 -0.04734648 0.005 -0.03779757 -0.04659926 0.007946727 -0.03825761 -0.0471704 0.005 -0.03694047 -0.04537562 0.0108932 -0.03585949 -0.04383212 0.01355581 -0.03425733 -0.04308719 0.01647954 -0.03448891 -0.04282414 0.01641336 -0.03449338 -0.04281906 0.01641209 -0.03458349 -0.04271671 0.01638634 -0.03464292 -0.04250519 0.0162749 -0.03464409 -0.04250107 0.01627273 -0.03470468 -0.04228542 0.01615912 -0.03467361 -0.04218128 0.01607656 -0.03467309 -0.04217953 0.01607517 -0.03338674 -0.03921754 0.02162003 -0.03352354 -0.03906262 0.02150448 -0.0336403 -0.04026447 0.01973397 -0.03325155 -0.03933664 0.02171027 -0.03325667 -0.03890842 0.02229045 -0.0332435 -0.0400105 0.02079728 -0.03348222 -0.04047229 0.01986318 -0.03323894 -0.04039185 0.02028059 -0.03329558 -0.04062929 0.01995335 -0.03357018 -0.04178038 0.01836687 -0.03385181 -0.04168529 0.01813837 -0.03362534 -0.04188529 0.01821536 -0.03380306 -0.04222327 0.01772723 -0.03361109 -0.0388854 0.02137411 -0.03408085 -0.04113688 0.01781622 -0.03402002 -0.04142044 0.01799953 -0.03372166 -0.04003249 0.01957765 -0.006152501 0.04870206 0.02923835 -5.287118e-16 0.04908914 0.02923835 -5.195605e-16 0.04964134 0.0262781 -0.002956252 -0.05075688 0.023 5.3419e-16 -0.0508429 0.023 5.256398e-16 -0.04964134 0.0262781 -0.02917844 -0.04016069 0.0262781 -0.03036127 -0.04078227 0.023 -0.03894792 -0.03268118 0.023 -0.03824931 -0.03164258 0.0262781 -0.03915956 -0.0323969 0.023 -0.03398183 -0.03618698 0.0262781 -0.03398183 0.03618698 0.0262781 -0.03824931 0.03164258 0.0262781 -0.03894792 0.03268118 0.023 -0.02917844 0.04016069 0.0262781 -0.03036127 0.04078227 0.023 -0.01827419 -0.04615535 0.0262781 -0.01458191 -0.04870696 0.023 -0.0123453 -0.04808176 0.0262781 -0.01262631 -0.04917045 0.023 -0.006221709 -0.0492499 0.0262781 -0.008828776 -0.05007048 0.023 -0.006362574 -0.05035874 0.023 -0.0239149 -0.04350103 0.0262781 -0.02013784 -0.04668477 0.023 -0.01869388 -0.04721032 0.023 -0.02986769 -0.0411069 0.023 -0.02542145 -0.04403124 0.023 -0.02447096 -0.04450859 0.023 -0.04247862 -0.02793863 0.023 -0.04191357 -0.02659916 0.0262781 -0.04289221 -0.02722228 0.023 -0.04543487 -0.02281825 0.023 -0.04491682 -0.02113625 0.0262781 -0.04594982 -0.02162447 0.023 -0.0477767 -0.01738929 0.023 -0.04721171 -0.01534002 0.0262781 -0.04828525 -0.0156906 0.023 -0.04947242 -0.01172518 0.023 -0.04876205 -0.009301859 0.0262781 -0.0498625 -0.009512932 0.023 -0.05049912 -0.0059025 0.023 -0.04954338 -0.003117005 0.0262781 -0.05065725 -0.003187482 0.023 -0.0508429 5.470742e-18 0.023 -0.04954338 0.003117005 0.0262781 -0.05065725 0.003187482 0.023 -0.04876205 0.009301859 0.0262781 -0.0498625 0.009512932 0.023 -0.05049912 0.0059025 0.023 -0.04491682 0.02113625 0.0262781 -0.0477767 0.01738929 0.023 -0.04721171 0.01534002 0.0262781 -0.04828525 0.0156906 0.023 -0.04947242 0.01172518 0.023 -0.04191357 0.02659916 0.0262781 -0.04543487 0.02281825 0.023 -0.04594982 0.02162447 0.023 -0.03915956 0.0323969 0.023 -0.04247862 0.02793863 0.023 -0.04289221 0.02722228 0.023 -0.0239149 0.04350103 0.0262781 -0.02542145 0.04403124 0.023 -0.02986769 0.0411069 0.023 -0.01827419 0.04615535 0.0262781 -0.02013784 0.04668477 0.023 -0.02447096 0.04450859 0.023 -0.0123453 0.04808176 0.0262781 -0.01458191 0.04870696 0.023 -0.01869388 0.04721032 0.023 -0.002956252 0.05075688 0.023 -0.006362574 0.05035874 0.023 -0.006221709 0.0492499 0.0262781 -0.008828776 0.05007048 0.023 -0.01262631 0.04917045 0.023 5.223841e-16 -0.04908914 0.02923835 -0.006152501 -0.04870206 0.02923835 -0.01220797 -0.04754692 0.02923835 -0.01807092 -0.04564193 0.02923835 -0.02364888 -0.04301715 0.02923835 -0.02885388 -0.03971395 0.02923835 -0.03360383 -0.03578445 0.02923835 -0.03782384 -0.0312906 0.02923835 -0.04144734 -0.02630328 0.02923835 -0.04441719 -0.02090114 0.02923835 -0.04668655 -0.01516938 0.02923835 -0.04821964 -0.009198389 0.02923835 -0.04899228 -0.003082333 0.02923835 -0.04899228 0.003082333 0.02923835 -0.04821964 0.009198389 0.02923835 -0.04668655 0.01516938 0.02923835 -0.04441719 0.02090114 0.02923835 -0.04144734 0.02630328 0.02923835 -0.03782384 0.0312906 0.02923835 -0.03360383 0.03578445 0.02923835 -0.02885388 0.03971395 0.02923835 -0.02364888 0.04301715 0.02923835 -0.01807092 0.04564193 0.02923835 -0.01220797 0.04754692 0.02923835 -5.373492e-16 0.0508429 0.023 0.03372166 -0.04003249 0.01957765 0.03342277 -0.04132998 0.01899219 0.03365957 -0.0418768 0.01821901 0.03385181 -0.04168529 0.01813837 0.03380937 -0.04222272 0.01772989 0.03403568 -0.04274534 0.01699094 0.03425733 -0.04308719 0.01647954 0.03448891 -0.04282414 0.01641336 0.03331828 -0.04062814 0.01995339 0.03348222 -0.04047229 0.01986318 0.03322703 -0.04001528 0.02079275 0.03338674 -0.03921754 0.02162003 0.03320292 -0.03985329 0.0210146 0.03325542 -0.03933689 0.02170763 0.0336403 -0.04026447 0.01973397 0.03361109 -0.0388854 0.02137411 0.03352354 -0.03906262 0.02150448 0.03449338 -0.04281906 0.01641209 0.03458349 -0.04271671 0.01638634 0.03464292 -0.04250519 0.0162749 0.03402002 -0.04142044 0.01799953 0.03464409 -0.04250107 0.01627273 0.03470468 -0.04228542 0.01615912 0.03408085 -0.04113688 0.01781622 0.03467361 -0.04218128 0.01607656 0.03467309 -0.04217953 0.01607517 0.03765646 -0.04732932 0.008154735 0.03780137 -0.04697314 0.008070803 0.03692928 -0.04572951 0.01106781 0.03585949 -0.04383212 0.01355581 0.0358359 -0.04416928 0.01376095 0.03694047 -0.04537562 0.0108932 0.03779757 -0.04659926 0.007946727 0.03831469 -0.04734332 0.005 0.0383122 -0.0473195 0.005 0.03834866 -0.04766793 0.005 0.03826664 -0.04800392 0.005 0.03819768 -0.04810815 0.005 0.03736551 -0.04751964 0.008144108 0.03744974 -0.04763942 0.007835084 0.03763109 -0.04789732 0.007169725 0.03808012 -0.0482858 0.005 0.03797298 -0.04838355 0.005 0.03677354 -0.04607217 0.01118568 0.03651562 -0.04631096 0.01126232 0.03666228 -0.04651954 0.01072421 0.03555643 -0.04494169 0.01347829 0.03567129 -0.04450065 0.01389922 0.03537838 -0.04468752 0.01388963 0.04450065 -0.03567129 0.01389922 0.04416928 -0.0358359 0.01376095 0.04572951 -0.03692928 0.01106781 0.04750023 -0.03834618 0.005 0.04783369 -0.03832359 0.005 0.04697314 -0.03780137 0.008070803 0.04649041 -0.03664212 0.01069417 0.04624824 -0.036472 0.01116702 0.04607217 -0.03677354 0.01118568 0.04500712 -0.03560046 0.01353714 0.04474394 -0.03541634 0.0139405 0.04513391 -0.03568916 0.01334284 0.04713996 -0.03709844 0.009425879 0.04732932 -0.03765646 0.008154735 0.04749934 -0.03735117 0.008146871 0.04813833 -0.038195 0.005 0.04838355 -0.03797298 0.005 0.04759034 -0.03741517 0.007823003 0.04811418 -0.0382052 0.005 0.04734648 -0.0383049 0.005 0.04659926 -0.03779757 0.007946727 0.0471704 -0.03825761 0.005 0.04537562 -0.03694047 0.0108932 0.04383212 -0.03585949 0.01355581 0.04308719 -0.03425733 0.01647954 0.04282414 -0.03448891 0.01641336 0.04281737 -0.03449488 0.01641166 0.04271671 -0.03458349 0.01638634 0.04250519 -0.03464292 0.0162749 0.04249692 -0.03464525 0.01627055 0.04228542 -0.03470468 0.01615912 0.04218128 -0.03467361 0.01607656 0.04217426 -0.03467151 0.01607098 0.03921669 -0.03338769 0.0216194 0.03906058 -0.03352491 0.02150298 0.04026176 -0.03364177 0.01973221 0.04113188 -0.0340809 0.0178127 0.04141704 -0.03402143 0.01799753 0.03962883 -0.03324806 0.02131439 0.03933664 -0.03325155 0.02171027 0.03888208 -0.03361218 0.02137168 0.03890842 -0.03325667 0.02229045 0.04001082 -0.0332435 0.02079684 0.04047117 -0.03348336 0.01986252 0.04039185 -0.03323894 0.02028059 0.04062929 -0.03329558 0.01995335 0.04178038 -0.03357018 0.01836687 0.04168385 -0.03385309 0.01813772 0.04188529 -0.03362534 0.01821536 0.04222329 -0.03380307 0.01772722 0.04002826 -0.03372236 0.0195747 0.006152501 -0.04870206 0.02923835 0.002956252 0.05075688 0.023 0.02917844 0.04016069 0.0262781 0.03036127 0.04078227 0.023 0.03894792 0.03268118 0.023 0.03824931 0.03164258 0.0262781 0.03915956 0.0323969 0.023 0.03398183 0.03618698 0.0262781 0.03398183 -0.03618698 0.0262781 0.03824931 -0.03164258 0.0262781 0.03894792 -0.03268118 0.023 0.02917844 -0.04016069 0.0262781 0.03036127 -0.04078227 0.023 0.01827419 0.04615535 0.0262781 0.01458191 0.04870696 0.023 0.0123453 0.04808176 0.0262781 0.01262631 0.04917045 0.023 0.006221709 0.0492499 0.0262781 0.008828776 0.05007048 0.023 0.006362574 0.05035874 0.023 0.0239149 0.04350103 0.0262781 0.02013784 0.04668477 0.023 0.01869388 0.04721032 0.023 0.02986769 0.0411069 0.023 0.02542145 0.04403124 0.023 0.02447096 0.04450859 0.023 0.04247862 0.02793863 0.023 0.04191357 0.02659916 0.0262781 0.04289221 0.02722228 0.023 0.04543487 0.02281825 0.023 0.04491682 0.02113625 0.0262781 0.04594982 0.02162447 0.023 0.0477767 0.01738929 0.023 0.04721171 0.01534002 0.0262781 0.04828525 0.0156906 0.023 0.04947242 0.01172518 0.023 0.04876205 0.009301859 0.0262781 0.0498625 0.009512932 0.023 0.05049912 0.0059025 0.023 0.04954338 0.003117005 0.0262781 0.05065725 0.003187482 0.023 0.0508429 -9.057662e-18 0.023 0.04954338 -0.003117005 0.0262781 0.05065725 -0.003187482 0.023 0.04876205 -0.009301859 0.0262781 0.0498625 -0.009512932 0.023 0.05049912 -0.0059025 0.023 0.04491682 -0.02113625 0.0262781 0.0477767 -0.01738929 0.023 0.04721171 -0.01534002 0.0262781 0.04828525 -0.0156906 0.023 0.04947242 -0.01172518 0.023 0.04191357 -0.02659916 0.0262781 0.04543487 -0.02281825 0.023 0.04594982 -0.02162447 0.023 0.03915956 -0.0323969 0.023 0.04247862 -0.02793863 0.023 0.04289221 -0.02722228 0.023 0.0239149 -0.04350103 0.0262781 0.02542145 -0.04403124 0.023 0.02986769 -0.0411069 0.023 0.01827419 -0.04615535 0.0262781 0.02013784 -0.04668477 0.023 0.02447096 -0.04450859 0.023 0.0123453 -0.04808176 0.0262781 0.01458191 -0.04870696 0.023 0.01869388 -0.04721032 0.023 0.002956252 -0.05075688 0.023 0.006362574 -0.05035874 0.023 0.006221709 -0.0492499 0.0262781 0.008828776 -0.05007048 0.023 0.01262631 -0.04917045 0.023 0.006152501 0.04870206 0.02923835 0.01220797 0.04754692 0.02923835 0.01807092 0.04564193 0.02923835 0.02364888 0.04301715 0.02923835 0.02885388 0.03971395 0.02923835 0.03360383 0.03578445 0.02923835 0.03782384 0.0312906 0.02923835 0.04144734 0.02630328 0.02923835 0.04441719 0.02090114 0.02923835 0.04668655 0.01516938 0.02923835 0.04821964 0.009198389 0.02923835 0.04899228 0.003082333 0.02923835 0.04899228 -0.003082333 0.02923835 0.04821964 -0.009198389 0.02923835 0.04668655 -0.01516938 0.02923835 0.04441719 -0.02090114 0.02923835 0.04144734 -0.02630328 0.02923835 0.03782384 -0.0312906 0.02923835 0.03360383 -0.03578445 0.02923835 0.02885388 -0.03971395 0.02923835 0.02364888 -0.04301715 0.02923835 0.01807092 -0.04564193 0.02923835 0.01220797 -0.04754692 0.02923835 0.0600084 0.003574683 0.008252247 0.05985076 -0.003445284 0.008131402 0.05966518 -0.003361914 0.008022686 0.05904473 -0.002555892 0.009182143 0.05935875 0.003357648 0.007680498 0.05854681 0.002379727 0.009118165 0.05863958 0.002502437 0.008959697 0.05883039 0.00254668 0.009078761 0.05798391 0.0009352169 0.009976439 0.05813371 0.001378289 0.009756689 0.05832329 0.001382287 0.009852712 0.05921795 0.002668605 0.01074784 0.05918161 0.002601959 0.01082441 0.05900049 0.00178517 0.01115752 0.05905364 -0.001541832 0.01058293 0.05894917 -0.001458013 0.01033219 0.05877342 -9.123983e-06 0.01062154 0.05952083 -0.002848701 0.00969728 0.0595703 -0.003014603 0.009882284 0.06019729 -0.003938274 0.00847165 0.06049157 -0.004558427 0.007863779 0.06085331 -0.004673039 0.006800025 0.06080417 -0.004286126 0.006784526 0.05940947 -0.002707741 0.009506457 0.05895834 -0.001862733 0.01124226 0.05921024 -0.002497599 0.01074653 0.05908184 -0.001644051 0.01083474 0.05952794 -0.003298297 0.01012132 0.05965088 -0.003608157 0.009879366 0.06019347 -0.004221467 0.008578494 0.06049069 -0.004557428 0.007865898 0.06019574 0.00393669 0.008475475 0.05951842 0.002843866 0.009702129 0.05956779 0.003009583 0.009887457 0.05905035 0.001527844 0.01058882 0.05907837 0.001629243 0.01084114 0.05887455 -9.674158e-06 0.01089733 0.05873556 -7.274848e-16 0.01164217 0.05889222 -1.035641e-05 0.01117837 0.05877101 0.0007502544 0.01157959 0.05893956 0.0008274849 0.01109379 0.05880848 0.0009192668 0.01151067 0.05952649 0.003234515 0.01009763 0.06001315 0.004127109 0.009072064 0.06018443 0.004238402 0.008608888 0.05841199 0.002201411 0.009348446 0.05924927 0.003308825 0.007918315 0.05927769 0.003321497 0.007856587 0.05946867 0.003325674 0.00793302 0.05966365 0.003360514 0.008025857 0.05984926 0.003443819 0.008134686 0.0592421 0.002603045 0.009333503 0.05940709 0.002703086 0.009511008 0.05894593 0.00144472 0.01033764 0.05904224 0.002551554 0.009186349 0.05877316 0.001391069 0.01011815 0.06007836 -0.003638505 0.006555575 0.05990218 -0.0036 0.0065 0.05947024 -0.003327003 0.007929912 0.05935 -0.003293495 0.007660781 0.05927001 -0.003249099 0.007828915 0.05905668 -0.003130684 0.008277372 0.05883296 -0.002550904 0.009074567 0.06028318 -0.003683268 0.006620182 0.0602666 -0.003679644 0.006614952 0.05865449 -0.002491841 0.008933654 0.05856508 -0.002349818 0.009079554 0.05832693 -0.001394816 0.009847504 0.05825757 -0.001861364 0.009581342 0.05814442 -0.001397508 0.009743676 0.05812695 -8.800298e-06 0.01012719 0.05801311 -0.000859237 0.00993205 0.05791714 -0.0004658559 0.01006972 0.05793862 -1.513924e-05 0.01003971 0.05798123 0.0008789331 0.009980187 0.06043296 -0.003794559 0.006667431 0.06060072 -0.003919206 0.00672035 0.06080194 -0.004268521 0.006783821 0.0600099 -0.003576199 0.008248803 0.05924451 -0.002607531 0.009329177 0.05877646 -0.001403868 0.01011299 0.05855916 -0.00138389 0.009948563 0.05859651 -8.785637e-06 0.01038703 0.05836994 -8.687378e-06 0.01021981 0.05855571 0.001371343 0.009953652 0.06046433 0.004420281 0.007851948 0.05894202 -0.000848612 0.01108938 0.05884719 -0.0009333982 0.01144178 0.055 -0.0036 0.0035 0.055 0.0036 0.0035 0.055 -0.0036 0.0065 0.055 0.0036 0.0065 0.055 -0.00339798 0.007689005 0.055 0.00339798 0.007689005 0.055 -0.0008796254 0.009990882 0.055 -0.002428814 0.009157228 0.055 0.0008796254 0.009990882 0.055 0.002428814 0.009157228 0.06126696 -0.003919856 0.003884527 0.06092148 -0.003676331 0.003829281 0.0605353 -0.0036 0.003768033 0.06052345 -0.0036 0.003888245 0.06149825 -0.00390687 0.00102552 0.06142596 -0.003814032 0.001022847 0.06148089 -0.004286979 0.003918766 0.0613554 -0.004674355 0.004660562 0.06152772 -0.004674806 0.003926304 0.06180459 -0.004675381 0.001036848 0.0618049 -0.004668815 0.001036859 0.06180704 -0.004622858 0.001036939 0.06180727 -0.004617858 0.001036947 0.06180707 -0.004600004 0.001036939 0.06180676 -0.004574081 0.001036928 0.06180659 -0.004558911 0.001036922 0.06180185 -0.004512614 0.001036747 0.06179421 -0.004437837 0.001036464 0.06174983 -0.004289666 0.001034823 0.06099752 -0.003618126 0.001007004 0.06080811 -0.0036 0.001 0.0611794 -0.003701292 0.001013729 0.06172899 -0.004220103 0.001034052 0.06172077 -0.004192661 0.001033748 0.06152075 -0.00393577 0.001026352 0.0545122 -0.003726497 0.001 0.05450935 -0.003727239 0.001 0.05414863 -0.004071404 0.0035 0.05414968 -0.004072498 0.001 0.05399875 -0.00455 0.0035 0.05414543 -0.004076577 0.001 0.05399875 -0.00455 0.001 0.05451201 -0.003725759 0.0035 0.0549975 -0.0036 0.0035 0.0549975 -0.0036 0.001 0.053 -0.0055 0.001 0.053 -0.0055 0.0035 0.05333554 -0.005442027 0.001 0.05348549 -0.005374242 0.0035 0.0534746 -0.005356523 0.001 0.0536892 -0.005224569 0.001 0.05384887 -0.005028596 0.0035 0.05383172 -0.005016829 0.001 0.05392407 -0.004882218 0.001 -0.03725 -1.111045e-16 0.0025 -0.036436 -0.00774471 0.0025 -0.03402957 -0.01515094 0.0025 -0.03013588 -0.021895 0.0025 -0.02492511 -0.02768214 0.0025 -0.018625 -0.03225945 0.0025 -0.01151088 -0.03542686 0.0025 -0.003893685 -0.03704594 0.0025 0.003893685 -0.03704594 0.0025 0.01151088 -0.03542686 0.0025 0.018625 -0.03225945 0.0025 0.02492511 -0.02768214 0.0025 0.03013588 -0.021895 0.0025 0.03402957 -0.01515094 0.0025 0.036436 -0.00774471 0.0025 0.03725 -1.156663e-16 0.0025 0.036436 0.00774471 0.0025 0.03402957 0.01515094 0.0025 0.03013588 0.021895 0.0025 0.02492511 0.02768214 0.0025 0.018625 0.03225945 0.0025 0.01151088 0.03542686 0.0025 0.003893685 0.03704594 0.0025 -0.003893685 0.03704594 0.0025 -0.01151088 0.03542686 0.0025 -0.018625 0.03225945 0.0025 -0.02492511 0.02768214 0.0025 -0.03013588 0.021895 0.0025 -0.03402957 0.01515094 0.0025 -0.036436 0.00774471 0.0025 0.03696169 0.006331169 0.0025 0.03696169 0.006331169 0.0035 0.0375 5.915459e-18 0.0035 0.0375 5.948317e-18 0.0025 0.03696169 -0.006331169 0.0035 0.03696169 -0.006331169 0.0025 0.04694856 0.007875 0.0006 0.046125 0.007051443 0.0006 0.045 0.00675 0.0006 0.043875 0.007051443 0.0006 0.04305144 0.007875 0.0006 0.04275 0.009 0.0006 0.04305144 0.010125 0.0006 0.043875 0.01094856 0.0006 0.045 0.01125 0.0006 0.046125 0.01094856 0.0006 0.04694856 0.010125 0.0006 0.04725 0.009 0.0006 0.04694856 -0.010125 0.0006 0.046125 -0.01094856 0.0006 0.045 -0.01125 0.0006 0.043875 -0.01094856 0.0006 0.04305144 -0.010125 0.0006 0.04275 -0.009 0.0006 0.04305144 -0.007875 0.0006 0.043875 -0.007051443 0.0006 0.045 -0.00675 0.0006 0.046125 -0.007051443 0.0006 0.04694856 -0.007875 0.0006 0.04725 -0.009 0.0006 0.049 0.0055 0.0035 0.049 -0.0055 0.0035 0.049 0.0055 0.001 0.049 -0.0055 0.001 0.049 0.005583485 0.0006 0.049 -0.005583485 0.0006 0.05348549 0.005374242 0.0035 0.05384887 0.005028596 0.0035 0.053 0.0055 0.0035 0.053 0.0055 0.001 0.05333554 0.005442027 0.001 0.0534746 0.005356523 0.001 0.0536892 0.005224569 0.001 0.05392407 0.004882218 0.001 0.05383172 0.005016829 0.001 0.03603299 0.04054087 0.005 0.03724087 0.04174876 0.005 0.03559087 0.03889087 0.005 0.03603299 0.03724087 0.005 0.03724087 0.03603299 0.005 0.04054087 0.04174876 0.005 0.04174876 0.04054087 0.005 0.04711588 0.03953492 0.005 0.04220758 0.04473742 0.005 0.03889087 0.04219087 0.005 0.03889087 0.03559087 0.005 0.04054087 0.03603299 0.005 0.04174876 0.03724087 0.005 0.04219087 0.03889087 0.005 -0.04054087 0.03603299 0.005 -0.04174876 0.03724087 0.005 -0.04174876 0.04054087 0.005 -0.04054087 0.04174876 0.005 -0.04220758 0.04473742 0.005 -0.03889087 0.04219087 0.005 -0.03724087 0.04174876 0.005 -0.04711588 0.03953492 0.005 -0.04219087 0.03889087 0.005 -0.03889087 0.03559087 0.005 -0.03724087 0.03603299 0.005 -0.03603299 0.03724087 0.005 -0.03559087 0.03889087 0.005 -0.03603299 0.04054087 0.005 0.04220758 -0.04473742 0.005 0.03889087 -0.04219087 0.005 0.03724087 -0.04174876 0.005 0.03603299 -0.03724087 0.005 0.03559087 -0.03889087 0.005 0.03603299 -0.04054087 0.005 0.04054087 -0.03603299 0.005 0.04174876 -0.03724087 0.005 0.03889087 -0.03559087 0.005 0.03724087 -0.03603299 0.005 0.04174876 -0.04054087 0.005 0.04054087 -0.04174876 0.005 0.04711588 -0.03953492 0.005 0.04219087 -0.03889087 0.005 -0.04054087 -0.04174876 0.005 -0.04174876 -0.04054087 0.005 -0.04711588 -0.03953492 0.005 -0.04220758 -0.04473742 0.005 -0.04219087 -0.03889087 0.005 -0.04174876 -0.03724087 0.005 -0.04054087 -0.03603299 0.005 -0.03889087 -0.03559087 0.005 -0.03724087 -0.03603299 0.005 -0.03603299 -0.03724087 0.005 -0.03559087 -0.03889087 0.005 -0.03603299 -0.04054087 0.005 -0.03724087 -0.04174876 0.005 -0.03889087 -0.04219087 0.005 0.06180812 0.0046 0.001 0.06173199 0.004408658 0.0006685864 0.06173199 0.0046 0.0006173166 0.06173199 0.004268587 0.0008086583 0.06151522 0.003892893 0.001 0.06116099 0.004626694 6.471112e-05 0.06118726 0.004628681 8.20723e-05 0.0611908 0.0046 7.612046e-05 0.06179495 0.004674652 0.0008564925 0.06179523 0.004674673 0.0008618399 0.06179906 0.004674963 0.0009335364 0.06180263 0.004675232 0.001000115 0.06175311 0.004671487 0.0006808186 0.06118357 0.003705477 0.0009918356 0.06173199 0.004217316 0.001 0.0611908 0.003799897 0.0005380602 0.06080811 0.003733975 0.0005 0.0611908 0.00413806 0.0001998969 0.06080811 0.0041 0.0001339746 0.06080811 0.0046 -2.311931e-18 0.06152608 0.004654313 0.0003060432 0.06151522 0.0046 0.0002928932 0.06151522 0.004246447 0.0003876276 0.06151522 0.003987628 0.0006464466 0.06172286 0.004669198 0.0006308819 0.0488681 0.01778654 0.02078725 0.04647279 0.02333951 0.02078725 0.03105485 0.0417139 0.02078725 0.02600218 0.04503709 0.02078725 0.02059787 0.04775123 0.02078725 0.01491502 0.04981962 0.02078725 0.009030461 0.05121429 0.02078725 -0.04647279 0.02333951 0.02078725 -0.0488681 0.01778654 0.02078725 -0.003527197 0.06055963 0.007865953 -0.003580151 0.06146882 0.004669878 -0.01069204 0.06063756 0.004669878 0.05927686 0.01774633 0.001036848 0.05824326 0.02119881 0.001036848 0.05785969 0.0210592 0.004669878 0.05681583 0.02450796 0.001036848 0.05538841 0.0278171 0.001036848 0.05502363 0.02763391 0.004669878 -0.01426966 0.06020843 0.001036848 -0.0177764 0.05937732 0.001036848 -0.01765933 0.05898628 0.004669878 -0.02116295 0.05814472 0.001036848 -0.02454949 0.05691212 0.001036848 -0.02438782 0.05653731 0.004669878 -0.03400159 0.05169691 0.001036848 -0.03701259 0.04971654 0.001036848 -0.03676884 0.04938912 0.004669878 -0.04963243 0.03694997 0.001036848 -0.05178452 0.03405922 0.001036848 -0.05144348 0.03383491 0.004669878 -0.05358646 0.03093816 0.001036848 -0.05538841 0.0278171 0.001036848 -0.05502363 0.02763391 0.004669878 -0.05681583 0.02450796 0.001036848 -0.05824326 0.02119881 0.001036848 -0.05785969 0.0210592 0.004669878 -0.05927686 0.01774633 0.001036848 -0.06031047 0.01429384 0.001036848 -0.05991328 0.01419971 0.004669878 -0.06177163 0.003597788 0.001036848 -0.06198118 1.174796e-17 0.001036848 -0.06157299 7.387077e-18 0.004669878 -0.04518103 0.02971603 0.01771927 -0.03622499 0.04865861 0.007865953 -0.03540115 0.047552 0.01074913 -0.03427056 0.04603335 0.01354059 0.06156208 0.007195576 0.001036848 0.06115665 0.007148188 0.004669878 0.06025208 0.007042458 0.007865953 0.05888181 0.006882297 0.01074913 0.05738938 -1.74529e-17 0.01354059 0.05700133 0.0066625 0.01354059 0.043449 0.02857686 0.02078725 0.04518103 0.02971603 0.01771927 0.04794813 0.03153598 0.01354059 0.04952994 0.03257635 0.01074913 0.05068258 0.03333446 0.007865953 0.04225395 0.04478657 0.004669878 0.04716765 0.03957836 0.004669878 0.03622499 0.04865861 0.007865953 0.03540115 0.047552 0.01074913 0.03676884 0.04938912 0.004669878 0.03427056 0.04603335 0.01354059 0.0322928 0.04337675 0.01771927 -0.0322928 0.04337675 0.01771927 -0.03105485 0.0417139 0.02078725 -0.04952994 0.03257635 0.01074913 -0.05068258 0.03333446 0.007865953 -0.04794813 0.03153598 0.01354059 -0.043449 0.02857686 0.02078725 -0.06093628 0.01074471 0.001036848 -0.06156208 0.007195576 0.001036848 -0.06115665 0.007148188 0.004669878 -0.04748034 0.03984074 0.001036848 -0.04716765 0.03957836 0.004669878 -0.0450072 0.0424621 0.001036848 -0.04225395 0.04478657 0.004669878 -0.04253406 0.04508347 0.001036848 -0.03977333 0.04740001 0.001036848 -0.02777004 0.0552947 0.001036848 -0.03078649 0.05332377 0.004669878 -0.03099059 0.05367728 0.001036848 -0.01076292 0.06103954 0.001036848 0.003603885 0.06187632 0.001036848 6.996513e-18 0.06187632 0.001036848 -0.003603885 0.06187632 0.001036848 -0.007183402 0.06145793 0.001036848 0.01076292 0.06103954 0.001036848 0.007183402 0.06145793 0.001036848 0.003580151 0.06146882 0.004669878 0.0177764 0.05937732 0.001036848 0.01426966 0.06020843 0.001036848 0.01069204 0.06063756 0.004669878 0.02454949 0.05691212 0.001036848 0.02116295 0.05814472 0.001036848 0.01765933 0.05898628 0.004669878 0.03099059 0.05367728 0.001036848 0.02777004 0.0552947 0.001036848 0.02438782 0.05653731 0.004669878 0.04253406 0.04508347 0.001036848 0.03977333 0.04740001 0.001036848 0.03701259 0.04971654 0.001036848 0.0450072 0.0424621 0.001036848 0.04748034 0.03984074 0.001036848 0.05358646 0.03093816 0.001036848 0.05178452 0.03405922 0.001036848 0.05144348 0.03383491 0.004669878 0.04963243 0.03694997 0.001036848 0.06031047 0.01429384 0.001036848 0.003527197 0.06055963 0.007865953 0.00344698 0.05918236 0.01074913 0.01053389 0.05974066 0.007865953 0.01029433 0.05838202 0.01074913 0.009965561 0.0565175 0.01354059 -0.06066226 9.833734e-18 0.007865953 -0.06025208 0.007042458 0.007865953 -0.05928266 6.906845e-18 0.01074913 -0.05888181 0.006882297 0.01074913 -0.05738938 9.491166e-18 0.01354059 -0.05700133 0.0066625 0.01354059 -0.0590271 0.01398968 0.007865953 -0.05768469 0.01367152 0.01074913 -0.05584244 0.0132349 0.01354059 -0.05261976 0.01247111 0.01771927 0.01739813 0.05811381 0.007865953 0.01700246 0.05679217 0.01074913 0.01645946 0.05497842 0.01354059 0.01550958 0.0518056 0.01771927 -0.05700388 0.02074771 0.007865953 -0.05570748 0.02027586 0.01074913 -0.05392838 0.01962832 0.01354059 -0.05081616 0.01849557 0.01771927 0.02402709 0.05570106 0.007865953 0.02348066 0.05443429 0.01074913 0.02273077 0.05269585 0.01354059 0.02141897 0.04965476 0.01771927 -0.05371177 0.006278006 0.01771927 -0.05165272 0.006037337 0.02078725 -0.05060257 0.01199303 0.02078725 -0.02600218 0.04503709 0.02078725 -0.02869469 0.04970066 0.01354059 -0.02703871 0.04683242 0.01771927 -0.02141897 0.04965476 0.01771927 -0.02059787 0.04775123 0.02078725 -0.01491502 0.04981962 0.02078725 -0.03033113 0.05253506 0.007865953 -0.02964133 0.05134029 0.01074913 -0.02348066 0.05443429 0.01074913 -0.02273077 0.05269585 0.01354059 -0.01645946 0.05497842 0.01354059 -0.01550958 0.0518056 0.01771927 -0.009390446 0.05325587 0.01771927 -0.009030461 0.05121429 0.02078725 -0.003023784 0.05191637 0.02078725 0.06093628 0.01074471 0.001036848 0.05991328 0.01419971 0.004669878 0.0590271 0.01398968 0.007865953 0.05768469 0.01367152 0.01074913 0.05584244 0.0132349 0.01354059 0.05371177 0.006278006 0.01771927 0.05261976 0.01247111 0.01771927 0.05165272 0.006037337 0.02078725 0.05060257 0.01199303 0.02078725 -0.05200435 9.003513e-18 0.02078725 -0.05407742 6.040368e-18 0.01771927 -0.04832535 0.0242699 0.01771927 -0.05128502 0.02575631 0.01354059 -0.05297692 0.02660601 0.01074913 -0.05420977 0.02722517 0.007865953 -0.02402709 0.05570106 0.007865953 -0.01700246 0.05679217 0.01074913 -0.009965561 0.0565175 0.01354059 -0.003144323 0.05398593 0.01771927 0.003023784 0.05191637 0.02078725 -0.01739813 0.05811381 0.007865953 -0.01029433 0.05838202 0.01074913 -0.003336895 0.05729228 0.01354059 0.003144323 0.05398593 0.01771927 -0.01053389 0.05974066 0.007865953 -0.00344698 0.05918236 0.01074913 0.003336895 0.05729228 0.01354059 0.009390446 0.05325587 0.01771927 0.02703871 0.04683242 0.01771927 0.02869469 0.04970066 0.01354059 0.02964133 0.05134029 0.01074913 0.03033113 0.05253506 0.007865953 0.03078649 0.05332377 0.004669878 0.03400159 0.05169691 0.001036848 0.04832535 0.0242699 0.01771927 0.05128502 0.02575631 0.01354059 0.05297692 0.02660601 0.01074913 0.05420977 0.02722517 0.007865953 0.05081616 0.01849557 0.01771927 0.05392838 0.01962832 0.01354059 0.05570748 0.02027586 0.01074913 0.05700388 0.02074771 0.007865953 0.05407742 -5.822068e-19 0.01771927 0.05200435 -6.830125e-19 0.02078725 -0.0488681 -0.01778654 0.02078725 -0.04647279 -0.02333951 0.02078725 -0.03105485 -0.0417139 0.02078725 -0.02600218 -0.04503709 0.02078725 -0.02059787 -0.04775123 0.02078725 -0.01491502 -0.04981962 0.02078725 -0.009030461 -0.05121429 0.02078725 0.04647279 -0.02333951 0.02078725 0.0488681 -0.01778654 0.02078725 0.003527197 -0.06055963 0.007865953 0.003580151 -0.06146882 0.004669878 0.01069204 -0.06063756 0.004669878 -0.06177163 -0.003597788 0.001036848 -0.06156208 -0.007195576 0.001036848 -0.06115665 -0.007148188 0.004669878 -0.06093628 -0.01074471 0.001036848 -0.06031047 -0.01429384 0.001036848 -0.05991328 -0.01419971 0.004669878 -0.05927686 -0.01774633 0.001036848 -0.05824326 -0.02119881 0.001036848 -0.05785969 -0.0210592 0.004669878 -0.05681583 -0.02450796 0.001036848 -0.05538841 -0.0278171 0.001036848 -0.05502363 -0.02763391 0.004669878 -0.03400159 -0.05169691 0.001036848 -0.03099059 -0.05367728 0.001036848 -0.03078649 -0.05332377 0.004669878 -0.02777004 -0.0552947 0.001036848 -0.02454949 -0.05691212 0.001036848 -0.02438782 -0.05653731 0.004669878 -0.02116295 -0.05814472 0.001036848 -0.0177764 -0.05937732 0.001036848 -0.01765933 -0.05898628 0.004669878 -0.01426966 -0.06020843 0.001036848 -0.01076292 -0.06103954 0.001036848 -0.01069204 -0.06063756 0.004669878 0.01426966 -0.06020843 0.001036848 0.0177764 -0.05937732 0.001036848 0.01765933 -0.05898628 0.004669878 0.02116295 -0.05814472 0.001036848 0.02454949 -0.05691212 0.001036848 0.02438782 -0.05653731 0.004669878 0.02777004 -0.0552947 0.001036848 0.03099059 -0.05367728 0.001036848 0.03078649 -0.05332377 0.004669878 0.06115665 -0.007148188 0.004669878 0.04518103 -0.02971603 0.01771927 0.03622499 -0.04865861 0.007865953 0.03540115 -0.047552 0.01074913 0.03427056 -0.04603335 0.01354059 -0.043449 -0.02857686 0.02078725 -0.04518103 -0.02971603 0.01771927 -0.04794813 -0.03153598 0.01354059 -0.04952994 -0.03257635 0.01074913 -0.05068258 -0.03333446 0.007865953 -0.04225395 -0.04478657 0.004669878 -0.04716765 -0.03957836 0.004669878 -0.03622499 -0.04865861 0.007865953 -0.03540115 -0.047552 0.01074913 -0.03676884 -0.04938912 0.004669878 -0.03427056 -0.04603335 0.01354059 -0.0322928 -0.04337675 0.01771927 0.0322928 -0.04337675 0.01771927 0.03105485 -0.0417139 0.02078725 0.04952994 -0.03257635 0.01074913 0.05068258 -0.03333446 0.007865953 0.05144348 -0.03383491 0.004669878 0.04716765 -0.03957836 0.004669878 0.04794813 -0.03153598 0.01354059 0.043449 -0.02857686 0.02078725 0.05888181 -0.006882297 0.01074913 0.06025208 -0.007042458 0.007865953 0.05700133 -0.0066625 0.01354059 0.06156208 -0.007195576 0.001036848 0.06093628 -0.01074471 0.001036848 0.06031047 -0.01429384 0.001036848 0.05824326 -0.02119881 0.001036848 0.05927686 -0.01774633 0.001036848 0.05991328 -0.01419971 0.004669878 0.05538841 -0.0278171 0.001036848 0.05681583 -0.02450796 0.001036848 0.05785969 -0.0210592 0.004669878 0.05178452 -0.03405922 0.001036848 0.05358646 -0.03093816 0.001036848 0.05502363 -0.02763391 0.004669878 0.04225395 -0.04478657 0.004669878 0.04253406 -0.04508347 0.001036848 0.04963243 -0.03694997 0.001036848 0.04748034 -0.03984074 0.001036848 0.0450072 -0.0424621 0.001036848 0.03400159 -0.05169691 0.001036848 0.03676884 -0.04938912 0.004669878 0.03701259 -0.04971654 0.001036848 0.03977333 -0.04740001 0.001036848 0.01076292 -0.06103954 0.001036848 -0.003603885 -0.06187632 0.001036848 5.761921e-20 -0.06187632 0.001036848 0.003603885 -0.06187632 0.001036848 0.007183402 -0.06145793 0.001036848 -0.04253406 -0.04508347 0.001036848 -0.03977333 -0.04740001 0.001036848 -0.03701259 -0.04971654 0.001036848 -0.0450072 -0.0424621 0.001036848 -0.04748034 -0.03984074 0.001036848 -0.05358646 -0.03093816 0.001036848 -0.05178452 -0.03405922 0.001036848 -0.05144348 -0.03383491 0.004669878 -0.04963243 -0.03694997 0.001036848 -0.007183402 -0.06145793 0.001036848 -0.003580151 -0.06146882 0.004669878 -0.003527197 -0.06055963 0.007865953 -0.00344698 -0.05918236 0.01074913 -0.01053389 -0.05974066 0.007865953 -0.01029433 -0.05838202 0.01074913 -0.009965561 -0.0565175 0.01354059 0.0590271 -0.01398968 0.007865953 0.05768469 -0.01367152 0.01074913 0.05584244 -0.0132349 0.01354059 0.05261976 -0.01247111 0.01771927 -0.01739813 -0.05811381 0.007865953 -0.01700246 -0.05679217 0.01074913 -0.01645946 -0.05497842 0.01354059 -0.01550958 -0.0518056 0.01771927 0.05700388 -0.02074771 0.007865953 0.05570748 -0.02027586 0.01074913 0.05392838 -0.01962832 0.01354059 0.05081616 -0.01849557 0.01771927 -0.02402709 -0.05570106 0.007865953 -0.02348066 -0.05443429 0.01074913 -0.02273077 -0.05269585 0.01354059 -0.02141897 -0.04965476 0.01771927 0.05371177 -0.006278006 0.01771927 0.05165272 -0.006037337 0.02078725 0.05060257 -0.01199303 0.02078725 0.02600218 -0.04503709 0.02078725 0.02869469 -0.04970066 0.01354059 0.02703871 -0.04683242 0.01771927 0.02141897 -0.04965476 0.01771927 0.02059787 -0.04775123 0.02078725 0.01491502 -0.04981962 0.02078725 0.03033113 -0.05253506 0.007865953 0.02964133 -0.05134029 0.01074913 0.02348066 -0.05443429 0.01074913 0.02273077 -0.05269585 0.01354059 0.01645946 -0.05497842 0.01354059 0.01550958 -0.0518056 0.01771927 0.009390446 -0.05325587 0.01771927 0.009030461 -0.05121429 0.02078725 0.003023784 -0.05191637 0.02078725 -0.06025208 -0.007042458 0.007865953 -0.0590271 -0.01398968 0.007865953 -0.05888181 -0.006882297 0.01074913 -0.05768469 -0.01367152 0.01074913 -0.05700133 -0.0066625 0.01354059 -0.05584244 -0.0132349 0.01354059 -0.05371177 -0.006278006 0.01771927 -0.05261976 -0.01247111 0.01771927 -0.05165272 -0.006037337 0.02078725 -0.05060257 -0.01199303 0.02078725 0.04832535 -0.0242699 0.01771927 0.05128502 -0.02575631 0.01354059 0.05297692 -0.02660601 0.01074913 0.05420977 -0.02722517 0.007865953 0.02402709 -0.05570106 0.007865953 0.01700246 -0.05679217 0.01074913 0.009965561 -0.0565175 0.01354059 0.003144323 -0.05398593 0.01771927 -0.003023784 -0.05191637 0.02078725 0.01739813 -0.05811381 0.007865953 0.01029433 -0.05838202 0.01074913 0.003336895 -0.05729228 0.01354059 -0.003144323 -0.05398593 0.01771927 0.01053389 -0.05974066 0.007865953 0.00344698 -0.05918236 0.01074913 -0.003336895 -0.05729228 0.01354059 -0.009390446 -0.05325587 0.01771927 -0.02703871 -0.04683242 0.01771927 -0.02869469 -0.04970066 0.01354059 -0.02964133 -0.05134029 0.01074913 -0.03033113 -0.05253506 0.007865953 -0.04832535 -0.0242699 0.01771927 -0.05128502 -0.02575631 0.01354059 -0.05297692 -0.02660601 0.01074913 -0.05420977 -0.02722517 0.007865953 -0.05081616 -0.01849557 0.01771927 -0.05392838 -0.01962832 0.01354059 -0.05570748 -0.02027586 0.01074913 -0.05700388 -0.02074771 0.007865953 0.06180812 -0.0046 0.001 0.06173199 -0.004268587 0.0008086583 0.06173199 -0.004217316 0.001 0.06173199 -0.004408658 0.0006685864 0.06151522 -0.003892893 0.001 0.06173199 -0.0046 0.0006173166 0.06172286 -0.004669198 0.0006308819 0.06152608 -0.004654313 0.0003060432 0.06179523 -0.004674673 0.0008618399 0.06179495 -0.004674652 0.0008564925 0.06175311 -0.004671487 0.0006808186 0.06179906 -0.004674963 0.0009335364 0.06180263 -0.004675232 0.001000115 0.0611908 -0.00367612 0.001 0.06118726 -0.004628681 8.20723e-05 0.06116099 -0.004626694 6.471112e-05 0.0611908 -0.0046 7.612046e-05 0.06080811 -0.0046 -3.4093e-18 0.0611908 -0.00413806 0.0001998969 0.06080811 -0.0041 0.0001339746 0.0611908 -0.003799897 0.0005380602 0.06080811 -0.003733975 0.0005 0.06151522 -0.003987628 0.0006464466 0.06151522 -0.004246447 0.0003876276 0.06151522 -0.0046 0.0002928932 0.05465182 -0.004582694 6.180866e-05 0.05452085 -0.004576138 0.0001457487 0.05450935 -0.004271717 0.0001913335 0.05429127 -0.004564645 0.0002928932 0.05416436 -0.004558291 0.0004913969 0.05414543 -0.004403118 0.0005150167 0.05406048 -0.00455309 0.0006538829 0.05404784 -0.004552457 0.0007247709 0.05400779 -0.004550452 0.0009493137 0.05414543 -0.004116894 0.000798556 0.05402594 -0.004551361 0.0008475396 0.05414543 -0.004231633 0.0006281442 0.05450935 -0.003794463 0.00066411 0.05450935 -0.00398578 0.0003799636 0.0549975 -0.003677025 0.0006151408 0.0549975 -0.003748131 0.0005095319 0.0549975 -0.0046 -3.411656e-18 0.0549975 -0.004223857 7.343854e-05 0.0549975 -0.004109731 0.000148726 0.0549975 -0.003896233 0.0002895689 0.03714327 -0.005905459 0.0035 0.03794733 -0.0055 0.0035 0.03794733 -0.0055 -2.442669e-18 0.03749708 -0.0056071 -2.268004e-18 0.03749708 -0.0056071 0.0035 0.03714327 -0.005905459 -2.258145e-18 0.03696169 -0.006331169 -2.262042e-18 0.03479807 -0.01397656 0.0025 0.03107221 -0.02099447 0.0025 0.02595137 -0.02706984 0.0025 0.01966545 -0.03192993 0.0025 0.01249665 -0.03535652 0.0025 0.004766827 -0.0371958 0.0025 -0.003177006 -0.03736518 0.0025 -0.01097821 -0.03585706 0.0025 -0.01828655 -0.03273915 0.0025 -0.02477392 -0.02815143 0.0025 -0.03014907 -0.02229986 0.0025 -0.03417069 -0.01544714 0.0025 -0.03665822 -0.007900923 0.0025 -0.0375 -6.970782e-18 0.0025 -0.03665822 0.007900923 0.0025 -0.03417069 0.01544714 0.0025 -0.03014907 0.02229986 0.0025 -0.02477392 0.02815143 0.0025 -0.01828655 0.03273915 0.0025 -0.01097821 0.03585706 0.0025 -0.003177006 0.03736518 0.0025 0.004766827 0.0371958 0.0025 0.01249665 0.03535652 0.0025 0.01966545 0.03192993 0.0025 0.02595137 0.02706984 0.0025 0.03107221 0.02099447 0.0025 0.03479807 0.01397656 0.0025 0.03696169 0.006331169 -1.845992e-18 0.03714327 0.005905459 -1.87007e-18 0.03714327 0.005905459 0.0035 0.03749708 0.0056071 -1.899535e-18 0.03749708 0.0056071 0.0035 0.03794733 0.0055 -2.081239e-18 0.03794733 0.0055 0.0035 0.041 0.0055 0.0035 0.041 -0.0055 0.0035 0.041 0.0055 0.0006 0.041 -0.0055 0.0006 0.049 -0.009 0.0006 0.0484641 -0.011 0.0006 0.047 -0.0124641 0.0006 0.045 -0.013 0.0006 0.043 -0.0124641 0.0006 0.0415359 -0.011 0.0006 0.041 -0.009 0.0006 0.041 0.009 0.0006 0.0415359 0.011 0.0006 0.043 0.0124641 0.0006 0.045 0.013 0.0006 0.047 0.0124641 0.0006 0.0484641 0.011 0.0006 0.049 0.009 0.0006 0.0549975 0.0046 -3.109369e-18 0.0549975 0.004223857 7.343854e-05 0.05465182 0.004582694 6.180866e-05 0.05450935 0.004271717 0.0001913335 0.05452085 0.004576138 0.0001457487 0.05429127 0.004564645 0.0002928932 0.05416436 0.004558291 0.0004913969 0.05414543 0.004403118 0.0005150167 0.05406048 0.00455309 0.0006538829 0.05404784 0.004552457 0.0007247709 0.05402594 0.004551361 0.0008475396 0.05414543 0.004231633 0.0006281442 0.05450935 0.00398578 0.0003799636 0.05450935 0.003794463 0.00066411 0.05414543 0.004116894 0.000798556 0.05400779 0.004550452 0.0009493137 0.0549975 0.004109731 0.000148726 0.0549975 0.003677025 0.0006151408 0.0549975 0.003748131 0.0005095319 0.0549975 0.003896233 0.0002895689 0.03889087 0.03559087 -1.859167e-18 0.04054087 0.03603299 -1.681626e-18 0.04174876 0.03724087 -1.96377e-18 0.04219087 0.03889087 -1.679416e-18 0.04174876 0.04054087 -1.600633e-18 0.04054087 0.04174876 -1.493821e-18 0.03889087 0.04219087 -1.642309e-18 0.03724087 0.04174876 -1.565143e-18 0.03603299 0.04054087 -1.537707e-18 0.03559087 0.03889087 -1.312644e-18 0.03603299 0.03724087 -1.646136e-18 0.03724087 0.03603299 -1.752948e-18 -0.03889087 0.03559087 2.463282e-18 -0.03724087 0.03603299 2.386116e-18 -0.03603299 0.03724087 2.35868e-18 -0.03559087 0.03889087 2.388325e-18 -0.03603299 0.04054087 2.721817e-18 -0.03724087 0.04174876 2.573921e-18 -0.03889087 0.04219087 2.68014e-18 -0.04054087 0.04174876 3.012015e-18 -0.04174876 0.04054087 2.784743e-18 -0.04219087 0.03889087 3.009805e-18 -0.04174876 0.03724087 2.676314e-18 -0.04054087 0.03603299 2.569502e-18 0.03889087 -0.04219087 -4.414864e-18 0.04054087 -0.04174876 -4.49203e-18 0.04174876 -0.04054087 -4.519466e-18 0.04219087 -0.03889087 -4.235113e-18 0.04174876 -0.03724087 -4.411037e-18 0.04054087 -0.03603299 -4.304226e-18 0.03889087 -0.03559087 -4.198006e-18 0.03724087 -0.03603299 -4.12084e-18 0.03603299 -0.03724087 -3.838695e-18 0.03559087 -0.03889087 -4.123049e-18 0.03603299 -0.04054087 -3.947124e-18 0.03724087 -0.04174876 -4.308644e-18 -0.03889087 -0.04219087 -9.241404e-20 -0.03724087 -0.04174876 -1.695803e-19 -0.03603299 -0.04054087 5.769178e-20 -0.03559087 -0.03889087 8.733721e-20 -0.03603299 -0.03724087 -8.858746e-20 -0.03724087 -0.03603299 2.729326e-19 -0.03889087 -0.03559087 3.791522e-19 -0.04054087 -0.03603299 4.563186e-19 -0.04174876 -0.03724087 2.290465e-19 -0.04219087 -0.03889087 1.99401e-19 -0.04174876 -0.04054087 3.753257e-19 -0.04054087 -0.04174876 2.68514e-19 0.06076448 -0.01071442 0.0003060432 0.0609887 0.01075395 0.0006808186 0.06076448 0.01071442 0.0003060432 0.06040392 0.01065084 6.471112e-05 0.06040392 -0.01065084 6.471112e-05 0.0600554 -0.01058939 -2.817947e-18 0.058759 -0.01759129 6.471112e-05 0.05841998 -0.01748979 -2.953792e-18 0.05631947 -0.02429385 6.471112e-05 0.05599453 -0.02415368 -3.037963e-18 0.05311831 -0.03066787 6.471112e-05 0.05281184 -0.03049093 -3.069321e-18 0.04919882 -0.03662717 6.471112e-05 0.04891496 -0.03641584 -3.047442e-18 0.044614 -0.04209114 6.471112e-05 0.0443566 -0.04184829 -2.972622e-18 0.03942586 -0.04698591 6.471112e-05 0.03919838 -0.04671481 -2.845874e-18 0.03370454 -0.05124526 6.471112e-05 0.03351008 -0.0509496 -2.668909e-18 0.02752743 -0.05481162 6.471112e-05 0.02736861 -0.05449538 -2.444123e-18 0.02097806 -0.05763675 6.471112e-05 0.02085702 -0.0573042 -2.174555e-18 0.014145 -0.05968243 6.471112e-05 0.01406338 -0.05933809 -1.86385e-18 0.007120645 -0.06092101 6.471112e-05 0.007079562 -0.06056952 -1.51621e-18 3.596095e-21 -0.06133574 6.471112e-05 -9.60466e-35 -0.06098186 -1.728342e-18 -0.007120645 -0.06092101 6.471112e-05 -0.007079562 -0.06056952 -7.293657e-19 -0.014145 -0.05968243 6.471112e-05 -0.01406338 -0.05933809 -3.008025e-19 -0.02097806 -0.05763675 6.471112e-05 -0.02085702 -0.0573042 1.435582e-19 -0.02752743 -0.05481162 6.471112e-05 -0.02736861 -0.05449538 5.977072e-19 -0.03370454 -0.05124526 6.471112e-05 -0.03351008 -0.0509496 1.055503e-18 -0.03942586 -0.04698591 6.471112e-05 -0.03919838 -0.04671481 1.510754e-18 -0.044614 -0.04209114 6.471112e-05 -0.0443566 -0.04184829 1.957304e-18 -0.04919882 -0.03662717 6.471112e-05 -0.04891496 -0.03641584 2.389115e-18 -0.05311831 -0.03066787 6.471112e-05 -0.05281184 -0.03049093 2.800347e-18 -0.05631947 -0.02429385 6.471112e-05 -0.05599453 -0.02415368 3.185438e-18 -0.058759 -0.01759129 6.471112e-05 -0.05841998 -0.01748979 3.539182e-18 -0.06040392 -0.01065084 6.471112e-05 -0.0600554 -0.01058939 3.856793e-18 -0.06123197 -0.003566356 6.471112e-05 -0.06087869 -0.00354578 4.133978e-18 -0.06123197 0.003566356 6.471112e-05 -0.06087869 0.00354578 4.366988e-18 -0.06040392 0.01065084 6.471112e-05 -0.0600554 0.01058939 4.55267e-18 -0.058759 0.01759129 6.471112e-05 -0.05841998 0.01748979 4.688516e-18 -0.05631947 0.02429385 6.471112e-05 -0.05599453 0.02415368 4.772687e-18 -0.05311831 0.03066787 6.471112e-05 -0.05281184 0.03049093 4.804045e-18 -0.04919882 0.03662717 6.471112e-05 -0.04891496 0.03641584 4.782166e-18 -0.044614 0.04209114 6.471112e-05 -0.0443566 0.04184829 4.707346e-18 -0.03942586 0.04698591 6.471112e-05 -0.03919838 0.04671481 4.580597e-18 -0.03370454 0.05124526 6.471112e-05 -0.03351008 0.0509496 4.403633e-18 -0.02752743 0.05481162 6.471112e-05 -0.02736861 0.05449538 4.178847e-18 -0.02097806 0.05763675 6.471112e-05 -0.02085702 0.0573042 3.909278e-18 -0.014145 0.05968243 6.471112e-05 -0.01406338 0.05933809 3.598573e-18 -0.007120645 0.06092101 6.471112e-05 -0.007079562 0.06056952 3.250933e-18 2.557209e-18 0.06133574 6.471112e-05 7.4926e-18 0.06098186 2.279053e-18 0.007120645 0.06092101 6.471112e-05 0.007079562 0.06056952 2.464089e-18 0.014145 0.05968243 6.471112e-05 0.01406338 0.05933809 2.035526e-18 0.02097806 0.05763675 6.471112e-05 0.02085702 0.0573042 1.591165e-18 0.02752743 0.05481162 6.471112e-05 0.02736861 0.05449538 1.137016e-18 0.03370454 0.05124526 6.471112e-05 0.03351008 0.0509496 6.792209e-19 0.03942586 0.04698591 6.471112e-05 0.03919838 0.04671481 2.239695e-19 0.044614 0.04209114 6.471112e-05 0.0443566 0.04184829 -2.225808e-19 0.04919882 0.03662717 6.471112e-05 0.04891496 0.03641584 -6.543916e-19 0.05311831 0.03066787 6.471112e-05 0.05281184 0.03049093 -1.065623e-18 0.05631947 0.02429385 6.471112e-05 0.05599453 0.02415368 -1.450715e-18 0.058759 0.01759129 6.471112e-05 0.05841998 0.01748979 -1.804458e-18 0.0600554 0.01058939 -2.12207e-18 0.05932786 0.0177616 0.0006808186 0.05686471 0.02452904 0.0006808186 0.05363256 0.03096478 0.0006808186 0.04967513 0.03698177 0.0006808186 0.04504592 0.04249864 0.0006808186 0.03980755 0.04744079 0.0006808186 0.03403084 0.05174138 0.0006808186 0.02779393 0.05534227 0.0006808186 0.02118115 0.05819474 0.0006808186 0.01428194 0.06026023 0.0006808186 0.007189582 0.06151081 0.0006808186 2.61617e-18 0.06192955 0.0006808186 -0.007189582 0.06151081 0.0006808186 -0.01428194 0.06026023 0.0006808186 -0.02118115 0.05819474 0.0006808186 -0.02779393 0.05534227 0.0006808186 -0.03403084 0.05174138 0.0006808186 -0.03980755 0.04744079 0.0006808186 -0.04504592 0.04249864 0.0006808186 -0.04967513 0.03698177 0.0006808186 -0.05363256 0.03096478 0.0006808186 -0.05686471 0.02452904 0.0006808186 -0.05932786 0.0177616 0.0006808186 -0.0609887 0.01075395 0.0006808186 -0.06182478 0.003600883 0.0006808186 -0.06182478 -0.003600883 0.0006808186 -0.0609887 -0.01075395 0.0006808186 -0.05932786 -0.0177616 0.0006808186 -0.05686471 -0.02452904 0.0006808186 -0.05363256 -0.03096478 0.0006808186 -0.04967513 -0.03698177 0.0006808186 -0.04504592 -0.04249864 0.0006808186 -0.03980755 -0.04744079 0.0006808186 -0.03403084 -0.05174138 0.0006808186 -0.02779393 -0.05534227 0.0006808186 -0.02118115 -0.05819474 0.0006808186 -0.01428194 -0.06026023 0.0006808186 -0.007189582 -0.06151081 0.0006808186 3.783412e-20 -0.06192955 0.0006808186 0.007189582 -0.06151081 0.0006808186 0.01428194 -0.06026023 0.0006808186 0.02118115 -0.05819474 0.0006808186 0.02779393 -0.05534227 0.0006808186 0.03403084 -0.05174138 0.0006808186 0.03980755 -0.04744079 0.0006808186 0.04504592 -0.04249864 0.0006808186 0.04967513 -0.03698177 0.0006808186 0.05363256 -0.03096478 0.0006808186 0.05686471 -0.02452904 0.0006808186 0.05932786 -0.0177616 0.0006808186 0.0609887 -0.01075395 0.0006808186 0.05910975 -0.0176963 0.0003060432 0.05665566 -0.02443886 0.0003060432 0.05343539 -0.03085094 0.0003060432 0.0494925 -0.0368458 0.0003060432 0.04488032 -0.04234239 0.0003060432 0.0396612 -0.04726638 0.0003060432 0.03390573 -0.05155116 0.0003060432 0.02769175 -0.05513881 0.0003060432 0.02110328 -0.0579808 0.0003060432 0.01422943 -0.06003869 0.0003060432 0.00716315 -0.06128467 0.0003060432 1.700728e-20 -0.06170188 0.0003060432 -0.00716315 -0.06128467 0.0003060432 -0.01422943 -0.06003869 0.0003060432 -0.02110328 -0.0579808 0.0003060432 -0.02769175 -0.05513881 0.0003060432 -0.03390573 -0.05155116 0.0003060432 -0.0396612 -0.04726638 0.0003060432 -0.04488032 -0.04234239 0.0003060432 -0.0494925 -0.0368458 0.0003060432 -0.05343539 -0.03085094 0.0003060432 -0.05665566 -0.02443886 0.0003060432 -0.05910975 -0.0176963 0.0003060432 -0.06076448 -0.01071442 0.0003060432 -0.06159749 -0.003587645 0.0003060432 -0.06159749 0.003587645 0.0003060432 -0.06076448 0.01071442 0.0003060432 -0.05910975 0.0176963 0.0003060432 -0.05665566 0.02443886 0.0003060432 -0.05343539 0.03085094 0.0003060432 -0.0494925 0.0368458 0.0003060432 -0.04488032 0.04234239 0.0003060432 -0.0396612 0.04726638 0.0003060432 -0.03390573 0.05155116 0.0003060432 -0.02769175 0.05513881 0.0003060432 -0.02110328 0.0579808 0.0003060432 -0.01422943 0.06003869 0.0003060432 -0.00716315 0.06128467 0.0003060432 2.585864e-18 0.06170188 0.0003060432 0.00716315 0.06128467 0.0003060432 0.01422943 0.06003869 0.0003060432 0.02110328 0.0579808 0.0003060432 0.02769175 0.05513881 0.0003060432 0.03390573 0.05155116 0.0003060432 0.0396612 0.04726638 0.0003060432 0.04488032 0.04234239 0.0003060432 0.0494925 0.0368458 0.0003060432 0.05343539 0.03085094 0.0003060432 0.05665566 0.02443886 0.0003060432 0.05910975 0.0176963 0.0003060432 0.053 -0.006011961 0.000152659 0.053 -0.005792893 0.0002928932 0.05343381 -0.005717941 0.0002928932 0.053 -0.005652659 0.0005119607 0.053 -0.005561809 0.0006538829 0.05335627 -0.005500253 0.0006538829 0.05398119 -0.004905842 0.0006538829 0.05419473 -0.004994167 0.0002928932 0.05452831 -0.005132144 6.180866e-05 0.053 -0.0065 -3.84466e-18 0.053 -0.006153883 6.180866e-05 0.05355494 -0.006058003 6.180866e-05 0.05367107 -0.006384055 -4.059707e-18 0.05413986 -0.005698352 6.180866e-05 0.05437841 -0.005949138 -4.084725e-18 0.05484815 -0.005264436 -4.088331e-18 0.0537318 -0.005269353 0.0006538829 0.05389107 -0.00543679 0.0002928932 0.049 -0.005633974 0.0005 0.049 -0.006 0.0001339746 0.049 -0.0065 -3.568164e-18 0.049 -0.009 -3.280303e-18 0.0484641 -0.011 -3.667307e-18 0.047 -0.0124641 -3.455079e-18 0.045 -0.013 -3.540517e-18 0.043 -0.0124641 -3.411765e-18 0.0415359 -0.011 -3.103324e-18 0.041 -0.009 -2.835731e-18 0.041 -0.0055 -2.867583e-18 0.03479807 -0.01397656 -3.005667e-18 0.03107221 -0.02099447 -2.416551e-18 0.02595137 -0.02706984 -2.331598e-18 0.01966545 -0.03192993 -2.754623e-18 0.01249665 -0.03535652 -2.468831e-18 0.004766827 -0.0371958 -1.487052e-18 -0.003177006 -0.03736518 -1.66382e-18 -0.01097821 -0.03585706 -5.680897e-19 -0.01828655 -0.03273915 -5.950817e-20 -0.02477392 -0.02815143 4.517449e-19 -0.03014907 -0.02229986 3.300636e-19 -0.03417069 -0.01544714 7.787126e-19 -0.03665822 -0.007900923 1.164897e-18 -0.0375 -6.888638e-18 1.471279e-18 -0.03665822 0.007900923 1.684103e-18 -0.03417069 0.01544714 1.793814e-18 -0.03014907 0.02229986 1.795489e-18 -0.02477392 0.02815143 1.68905e-18 -0.01828655 0.03273915 2.091931e-18 -0.01097821 0.03585706 1.788241e-18 -0.003177006 0.03736518 7.916156e-19 0.004766827 0.0371958 9.572528e-19 0.01249665 0.03535652 4.672609e-19 0.01966545 0.03192993 -4.370855e-20 0.02595137 0.02706984 -5.527156e-19 0.03107221 0.02099447 -1.036909e-18 0.03479807 0.01397656 -2.087204e-18 0.041 0.0055 -2.650713e-18 0.041 0.009 -2.2443e-18 0.0415359 0.011 -2.559436e-18 0.043 0.0124641 -2.41372e-18 0.045 0.013 -2.507255e-18 0.047 0.0124641 -2.636006e-18 0.0484641 0.011 -2.765474e-18 0.049 0.009 -2.688872e-18 0.049 0.006 0.0001339746 0.049 0.005633974 0.0005 0.049 0.0065 -3.141019e-18 0.053 0.0065 -3.471726e-18 0.053 0.006153883 6.180866e-05 0.053 0.006011961 0.000152659 0.053 0.005792893 0.0002928932 0.053 0.005652659 0.0005119607 0.053 0.005561809 0.0006538829 0.05335627 0.005500253 0.0006538829 0.0537318 0.005269353 0.0006538829 0.05398119 0.004905842 0.0006538829 0.05419473 0.004994167 0.0002928932 0.05452831 0.005132144 6.180866e-05 0.05413986 0.005698352 6.180866e-05 0.05437841 0.005949138 -3.69378e-18 0.05484815 0.005264436 -3.742381e-18 0.05355494 0.006058003 6.180866e-05 0.05367107 0.006384055 -3.640182e-18 0.05343381 0.005717941 0.0002928932 0.05389107 0.00543679 0.0002928932</float_array>
          <technique_common>
            <accessor count="2698" source="#verts-array-array" stride="3">
              <param type="float" name="X" />
              <param type="float" name="Y" />
              <param type="float" name="Z" />
            </accessor>
          </technique_common>
        </source>
        <source id="normals-array">
          <float_array count="8094" id="normals-array-array">-0.6120713 0.3044478 -0.7298494 -0.4293318 0.5871507 -0.6862422 0.1017281 -0.6295624 -0.7702613 0.5871528 0.4293259 -0.686244 0.1535046 -0.7109897 -0.6862434 0.3202895 0.594318 -0.7376997 -0.1555558 -0.6569628 -0.7377007 0.494351 0.4028816 -0.770262 0.6295612 0.1017283 -0.7702624 0.6569652 -0.1555538 -0.7376989 0.7109883 0.1535085 -0.686244 0.402882 -0.4943471 -0.7702643 -0.1535088 0.7109883 -0.6862439 0.1791877 0.6597077 -0.7298476 -0.01925262 0.6568592 -0.7537674 -0.269158 0.5994893 -0.7537683 -0.4780854 0.4508556 -0.7537663 0.4293161 -0.5871559 -0.6862475 -0.7109921 -0.1534974 -0.6862425 0.5943207 -0.320291 -0.7376968 -0.6569577 0.1555543 -0.7377055 -0.6295636 -0.1017364 -0.7702593 -0.4943555 -0.4028794 -0.7702602 -0.3202889 -0.5943146 -0.7377026 -0.5871507 -0.4293303 -0.6862431 -0.5696959 -0.3778463 -0.7298484 -0.7231524 -0.07823304 -0.6862435 0.2225594 0.692487 -0.6862427 0.6924864 -0.2225599 -0.6862432 0.4817242 -0.4850354 -0.7298509 -0.07823755 0.7231523 -0.6862431 0.5784852 -0.3117544 -0.7537666 -0.2266814 -0.5960815 -0.7702612 0.653752 -0.06664678 -0.7537682 0.6294955 0.1886057 -0.7537661 -0.4631955 -0.4911701 -0.7377004 0.569695 0.3778451 -0.7298497 -0.2225547 -0.6924874 -0.6862438 0.7231539 0.07823907 -0.6862413 0.513269 0.4675388 -0.7196961 0.101729 -0.6295609 -0.7702625 0.4011342 0.5405361 -0.739535 0.338912 0.6206764 -0.7070357 -0.122102 0.6946364 -0.7089227 -0.2277159 0.6214421 -0.7496367 0.0782326 -0.7231525 -0.6862435 -0.6924881 0.2225542 -0.6862433 0.3545506 -0.5745369 -0.7377 -0.4817269 0.4850369 -0.7298482 0.2150301 0.6285744 -0.7474331 0.1136048 0.6975556 -0.7074674 -0.007811764 0.6625938 -0.7489382 -0.5784824 0.3117566 -0.7537678 -0.6537539 0.0666527 -0.753766 -0.6294931 -0.1886016 -0.7537691 -0.3436741 0.6148757 -0.7098 -0.3876183 0.5673149 -0.7265713 0.01977995 -0.674838 -0.7377008 -0.2938243 -0.6653851 -0.6862434 0.4943492 0.4028814 -0.7702632 -0.6394582 0.1514126 -0.7537688 0.646725 0.1937675 -0.7376997 -0.6822941 -0.04237655 -0.7298487 0.5389803 0.4884358 -0.6862439 -0.6653858 0.2938226 -0.6862434 -0.4884347 0.5389814 -0.6862438 -0.1746717 0.6609165 -0.7298487 -0.3451039 0.5592305 -0.7537669 -0.5328408 0.3845996 -0.7537664 -0.2266838 -0.596079 -0.7702625 0.5960815 -0.2266814 -0.7702612 0.4028804 -0.4943515 -0.7702623 0.2266801 0.5960834 -0.7702602 0.1937675 -0.646725 -0.7376997 -0.01977889 0.6748383 -0.7377006 0.4884358 -0.5389807 -0.6862436 0.2938226 0.6653869 -0.6862424 0.6653861 -0.2938243 -0.6862424 -0.5389818 -0.4884347 -0.6862435 0.6748384 0.0197794 -0.7377005 -0.6467239 -0.1937689 -0.7377003 -0.4943542 -0.4028806 -0.7702605 -0.1691785 -0.7144988 -0.6788742 0.1561367 -0.2538982 -0.9545455 0.2853923 0.08599086 -0.9545454 0.3483387 0.6463661 -0.6788748 0.714498 -0.1691782 -0.6788751 0.7474674 0.1207802 -0.6532264 0.586934 0.478334 -0.6532266 0.2538981 0.1561372 -0.9545454 -0.08599111 0.2853915 -0.9545456 -0.6517171 0.3241693 -0.685696 0.1907957 0.7024363 -0.6856969 -0.0218619 0.7458823 -0.6657189 -0.3056372 0.6807387 -0.6657182 -0.5428779 0.5119578 -0.6657198 -0.1561372 0.2538984 -0.9545453 -0.2853917 -0.08599106 -0.9545455 -0.3483429 -0.6463659 -0.6788729 -0.7145027 0.1691742 -0.6788711 -0.747464 -0.1207889 -0.6532286 -0.5869365 -0.4783292 -0.6532279 -0.2538976 -0.1561359 -0.9545458 0.08599047 -0.2853934 -0.9545451 0.6463661 -0.3483351 -0.6788767 0.1207798 -0.7474668 -0.6532271 0.4783375 -0.586933 -0.653225 -0.5129288 0.5164531 -0.6856969 -0.2979512 -0.008269622 -0.9545453 -0.06822539 -0.2901523 -0.9545454 0.385601 -0.6248529 -0.6788746 -0.5037618 -0.5341854 -0.6788741 -0.2691342 -0.7077154 -0.6532272 0.1207811 -0.7474673 -0.6532263 0.00826925 -0.2979501 -0.9545456 0.2901518 -0.06822539 -0.9545456 0.6065981 0.4023182 -0.6856959 0.5129316 -0.5164526 -0.6856952 0.6568849 -0.3540052 -0.6657196 0.7423556 -0.07567947 -0.6657183 0.7148075 0.2141664 -0.66572 0.2979496 0.008269844 -0.9545458 0.06822531 0.2901528 -0.9545453 -0.4093174 0.5984344 -0.6887202 -0.2515536 0.6978565 -0.6706095 -0.1255517 0.6963134 -0.7066714 -0.003881872 0.7431814 -0.6690787 0.1106868 0.7001592 -0.7053549 0.2448204 0.7027998 -0.6679337 0.3369889 0.62477 -0.7043443 0.3388378 0.6207018 -0.7070489 0.4384568 0.5908725 -0.6772188 0.5316254 0.4841542 -0.6949598 -0.008270215 0.2979507 -0.9545454 -0.290153 0.06822512 -0.9545452 -0.606596 -0.40232 -0.6856967 -0.6568839 0.3540089 -0.6657186 -0.7423534 0.07568575 -0.66572 -0.7148106 -0.2141635 -0.6657175 0.7033633 0.2107355 -0.6788745 0.1418139 0.2621669 -0.9545456 -0.2171652 0.2041604 -0.9545459 -0.7264877 -0.0451211 -0.6856965 -0.1859842 0.7037263 -0.6856961 -0.3918747 0.6350213 -0.6657193 -0.6050543 0.4367226 -0.6657197 -0.7261257 0.171934 -0.6657178 -0.2621672 0.1418143 -0.9545455 -0.2041606 -0.2171657 -0.9545457 0.02151213 -0.7339396 -0.678874 -0.7033626 -0.2107386 -0.6788743 -0.5869353 -0.4783309 -0.6532278 -0.2691379 -0.7077148 -0.6532263 -0.141814 -0.2621683 -0.9545452 0.2171662 -0.2041617 -0.9545453 0.7339393 0.02151065 -0.6788744 0.2107367 -0.7033627 -0.6788748 0.478333 -0.5869351 -0.6532264 0.7077154 -0.2691342 -0.6532272 0.262168 -0.1418137 -0.9545454 0.2041616 0.2171657 -0.9545455 -0.02150997 0.7339394 -0.6788743 0.5869338 0.4783354 -0.6532257 0.2691319 0.7077155 -0.653228 -0.378581 0.6557219 -0.6532268 0 0.7571623 -0.6532268 -0.6557219 -0.3785811 -0.6532267 0 -0.7571623 -0.6532268 0.378581 -0.6557219 -0.6532268 0.6557219 -0.3785811 -0.6532267 -0.378581 -0.6557219 -0.6532268 -0.7571622 -1.324138e-14 -0.6532269 -0.6557219 0.3785811 -0.6532267 0.7571622 -2.606724e-14 -0.6532269 0.6557219 0.3785811 -0.6532267 0.378581 0.6557219 -0.6532268 0.655722 -0.378581 -0.6532267 0.7571622 0 -0.6532269 0 0.7571622 -0.6532269 0.3785804 0.6557222 -0.6532268 -0.6557218 0.3785815 -0.6532266 -0.7571622 0 -0.6532269 -0.655722 -0.378581 -0.6532267 -0.3785804 0.6557222 -0.6532268 -0.378581 -0.655722 -0.6532267 0.6557218 0.3785815 -0.6532266 0.378581 -0.655722 -0.6532267 0 -0.7571622 -0.6532269 0.378581 0.655722 -0.6532267 0 0.7571622 -0.6532269 -0.655722 0.378581 -0.6532267 0.6557218 -0.3785815 -0.6532266 0.3785804 -0.6557222 -0.6532268 0.655722 0.378581 -0.6532267 -0.378581 0.655722 -0.6532267 0.7571622 0 -0.6532269 -0.3785804 -0.6557222 -0.6532268 -0.6557218 -0.3785815 -0.6532266 0 -0.7571622 -0.6532269 -0.7571622 0 -0.6532269 1.037364e-07 -0.2375124 -0.9713845 0.1187563 -0.2056921 -0.9713844 0.2056919 -0.1187558 -0.9713845 0.2375134 -3.462738e-07 -0.9713843 0.2056916 0.1187562 -0.9713845 0.1187566 0.205692 -0.9713844 -1.037364e-07 0.2375124 -0.9713845 -0.1187563 0.2056921 -0.9713844 -0.2056919 0.1187558 -0.9713845 -0.2375134 3.462738e-07 -0.9713843 -0.2056916 -0.1187562 -0.9713845 -0.1187566 -0.205692 -0.9713844 -0.2375129 2.937337e-07 -0.9713844 -0.2056913 -0.1187564 -0.9713846 -0.1187561 -0.205692 -0.9713845 -2.937331e-07 -0.2375134 -0.9713843 0.1187563 -0.2056918 -0.9713845 0.205692 -0.1187561 -0.9713845 0.2375134 -2.937331e-07 -0.9713843 0.2056914 0.1187563 -0.9713846 0.1187562 0.2056924 -0.9713844 2.937331e-07 0.2375134 -0.9713843 -0.1187561 0.2056923 -0.9713844 -0.2056912 0.1187558 -0.9713847 -0.2375129 2.937337e-07 -0.9713844 -0.2056909 -0.1187564 -0.9713847 -0.1187562 -0.2056924 -0.9713844 -2.937331e-07 -0.2375134 -0.9713843 0.1187563 -0.2056923 -0.9713844 0.2056916 -0.1187559 -0.9713846 0.2375134 -2.937331e-07 -0.9713843 0.2056918 0.1187563 -0.9713845 0.1187561 0.205692 -0.9713845 2.937331e-07 0.2375134 -0.9713843 -0.1187561 0.2056919 -0.9713845 -0.2056916 0.118756 -0.9713846 0.3778466 -0.5696956 -0.7298485 0.07823501 -0.7231532 -0.6862424 -0.692488 0.2225515 -0.6862443 -0.07822615 0.7231523 -0.6862445 0.6924875 -0.2225539 -0.686244 -0.3778454 0.5697002 -0.7298455 -0.1886093 0.629492 -0.7537681 0.7231526 0.0782335 -0.6862433 -0.2225521 -0.6924882 -0.6862439 0.5745371 0.3545505 -0.7376999 -0.4850348 -0.4817292 -0.7298481 0.6295608 0.1017288 -0.7702626 -0.4911726 0.463196 -0.7376984 -0.59608 0.2266831 -0.7702619 0.5960809 -0.2266823 -0.7702615 -0.6295613 -0.101728 -0.7702623 0.491171 -0.4631958 -0.7376996 0.06664967 0.6537509 -0.7537689 -0.3117558 -0.5784835 -0.7537673 -0.06665 -0.6537531 -0.753767 0.1886043 -0.6294935 -0.7537681 -0.7231532 -0.07823623 -0.6862423 0.2225521 0.6924882 -0.6862439 -0.5745363 -0.3545505 -0.7377005 0.4850327 0.4817302 -0.7298488 0.3117571 0.578485 -0.7537656 -0.3778486 0.5696981 -0.7298455 -0.07822411 0.723151 -0.686246 0.692488 -0.2225515 -0.6862443 -0.6295608 -0.1017288 -0.7702626 0.06665 0.6537531 -0.753767 -0.1886084 0.62949 -0.75377 0.6295613 0.101728 -0.7702623 -0.5960809 0.2266823 -0.7702615 0.59608 -0.2266831 -0.7702619 0.4911726 -0.463196 -0.7376984 0.03963241 -0.6433051 -0.7645834 -0.6924875 0.2225539 -0.686244 -0.491171 0.4631958 -0.7376996 0.294702 -0.6000534 -0.743698 0.4217891 -0.557214 -0.7152667 0.0782348 -0.7231528 -0.6862429 0.7231532 0.07823623 -0.6862423 -0.2225521 -0.6924882 -0.6862439 0.5745363 0.3545505 -0.7377005 -0.4728216 -0.4871692 -0.7342383 -0.2605785 -0.5899711 -0.7642205 -0.7231525 -0.07823331 -0.6862434 0.2225521 0.6924882 -0.6862439 -0.5745369 -0.3545506 -0.7376999 0.4850348 0.4817292 -0.7298481 0.3117558 0.5784835 -0.7537673 0.7285156 1.229212e-16 0.6850292 0.7136028 0.1466492 0.6850293 0 0 1 0.5979389 -0.4161778 0.6850293 0.6694751 -0.2872944 0.6850292 0.7136028 -0.1466492 0.6850293 0.2530173 -0.683167 0.6850292 0.3853585 -0.6182506 0.6850292 0.5019232 -0.5280228 0.6850292 -0.1826044 -0.7052592 0.6850292 -0.03689877 -0.7275805 0.6850292 0.1103175 -0.7201146 0.6850292 -0.5527671 -0.474535 0.6850292 -0.4459287 -0.5760925 0.6850292 -0.320834 -0.6540646 0.6850293 -0.7247778 -0.07370267 0.6850292 -0.6951053 -0.2180907 0.6850292 -0.6369751 -0.35355 0.6850292 -0.6369751 0.35355 0.6850292 -0.6951053 0.2180907 0.6850292 -0.7247778 0.07370267 0.6850292 -0.320834 0.6540646 0.6850293 -0.4459287 0.5760925 0.6850292 -0.5527671 0.474535 0.6850292 0.1103175 0.7201146 0.6850292 -0.03689877 0.7275805 0.6850292 -0.1826044 0.7052592 0.6850292 0.5019232 0.5280228 0.6850292 0.3853585 0.6182506 0.6850292 0.2530173 0.683167 0.6850292 0.6694751 0.2872944 0.6850292 0.5979389 0.4161778 0.6850293 -0.2821298 0.1628878 -0.9454472 -0.1628877 0.2821297 -0.9454472 2.154977e-08 0.3257756 -0.9454471 0.1628877 0.2821298 -0.9454472 0.2821298 0.1628877 -0.9454472 0.3257751 7.193352e-08 -0.9454473 0.2821298 -0.1628878 -0.9454472 0.1628877 -0.2821297 -0.9454472 -2.154977e-08 -0.3257756 -0.9454471 -0.1628877 -0.2821298 -0.9454472 -0.2821298 -0.1628877 -0.9454472 -0.3257751 -7.193352e-08 -0.9454473 -0.2821297 0.1628877 -0.9454472 -0.1628876 0.2821297 -0.9454472 -6.101892e-08 0.3257751 -0.9454473 0.1628877 0.2821297 -0.9454472 0.28213 0.1628878 -0.9454471 0.3257755 6.101903e-08 -0.9454472 0.2821298 -0.162888 -0.9454471 0.1628876 -0.2821298 -0.9454472 6.101892e-08 -0.3257751 -0.9454473 -0.1628876 -0.2821299 -0.9454472 -0.2821295 -0.1628877 -0.9454473 -0.3257751 -6.101892e-08 -0.9454473 -0.2821295 0.1628878 -0.9454473 -0.1628875 0.2821299 -0.9454472 -6.101892e-08 0.3257751 -0.9454473 0.1628876 0.2821299 -0.9454472 0.2821298 0.1628878 -0.9454471 0.3257755 6.101903e-08 -0.9454472 0.28213 -0.1628879 -0.9454471 0.1628877 -0.2821296 -0.9454473 6.101892e-08 -0.3257751 -0.9454473 -0.1628877 -0.2821297 -0.9454472 -0.2821297 -0.1628876 -0.9454472 -0.3257751 -6.101892e-08 -0.9454473 -0.5341839 0.5037618 -0.6788752 -0.297951 -0.008269241 -0.9545454 -0.0682259 -0.2901515 -0.9545456 0.4023194 -0.6065963 -0.6856968 -0.5164521 -0.5129302 -0.6856966 -0.3540074 -0.6568843 -0.665719 -0.07568289 -0.7423544 -0.6657192 0.214166 -0.7148091 -0.6657183 0.008269746 -0.2979506 -0.9545455 0.2901526 -0.06822554 -0.9545453 0.624853 0.3856005 -0.6788748 0.5341847 -0.5037619 -0.6788746 0.7077151 -0.2691354 -0.653227 0.7474674 0.1207809 -0.6532262 0.2979509 0.008268899 -0.9545454 0.0682265 0.2901513 -0.9545456 -0.4023195 0.6065945 -0.6856983 0.5164509 0.5129322 -0.685696 0.3540073 0.656883 -0.6657203 0.07568291 0.7423558 -0.6657177 -0.2141716 0.7148074 -0.6657183 -0.008269746 0.2979506 -0.9545455 -0.2901523 0.06822529 -0.9545454 -0.6248535 -0.3856004 -0.6788744 -0.7077149 0.2691367 -0.6532267 -0.7474673 -0.12078 -0.6532264 -0.5341847 0.5037619 -0.6788746 -0.2979509 -0.008268899 -0.9545454 -0.06822571 -0.2901507 -0.9545459 0.4315344 -0.5700895 -0.6991252 -0.5094576 -0.5249147 -0.6818486 -0.3043477 -0.6890682 -0.657691 0.04633493 -0.752099 -0.6574193 0.3257188 -0.6632079 -0.6738416 0.008269746 -0.2979506 -0.9545455 0.2901523 -0.06822529 -0.9545454 0.6248535 0.3856004 -0.6788744 0.5341839 -0.5037618 -0.6788752 0.7077149 -0.2691367 -0.6532267 0.7474673 0.12078 -0.6532264 0.297951 0.008269241 -0.9545454 0.06822691 0.2901524 -0.9545453 -0.4023213 0.6065926 -0.6856989 0.5164521 0.5129302 -0.6856966 0.3540074 0.6568843 -0.665719 0.07568289 0.7423544 -0.6657192 -0.2141717 0.7148087 -0.6657169 -0.008269746 0.2979506 -0.9545455 -0.2901526 0.06822556 -0.9545453 -0.624853 -0.3856006 -0.6788747 -0.7077151 0.2691354 -0.653227 -0.7474674 -0.1207809 -0.6532262 0.6828026 -1.940347e-16 0.7306029 0.6688256 0.1374472 0.7306029 0.6274668 0.2692672 0.7306029 0.5604194 0.3900634 0.7306029 0.4704285 0.4948904 0.7306029 0.361178 0.5794565 0.7306029 0.2371409 0.6402996 0.7306029 0.1033953 0.6749288 0.7306029 -0.03458344 0.6819262 0.7306029 -0.1711463 0.6610056 0.7306029 -0.3007023 0.6130233 0.7306029 -0.4179475 0.5399437 0.7306029 -0.518082 0.4447589 0.7306029 -0.5970061 0.3313654 0.7306029 -0.6514888 0.2044059 0.7306029 -0.6792994 0.06907797 0.7306029 -0.6792994 -0.06907797 0.7306029 -0.6514888 -0.2044059 0.7306029 -0.5970061 -0.3313654 0.7306029 -0.518082 -0.4447589 0.7306029 -0.4179475 -0.5399437 0.7306029 -0.3007023 -0.6130233 0.7306029 -0.1711463 -0.6610056 0.7306029 -0.03458344 -0.6819262 0.7306029 0.1033953 -0.6749288 0.7306029 0.2371409 -0.6402996 0.7306029 0.361178 -0.5794565 0.7306029 0.4704285 -0.4948904 0.7306029 0.5604194 -0.3900634 0.7306029 0.6274668 -0.2692672 0.7306029 0.6688256 -0.1374472 0.7306029 0.2703512 0.3002554 -0.9147442 0.4040325 1.856552e-08 -0.9147446 0.04223281 -0.4018187 -0.9147448 -0.04223286 -0.4018187 -0.9147448 0.1248533 -0.3842592 -0.914744 0.2020168 -0.3499034 -0.9147441 0.2703512 -0.3002554 -0.9147442 0.3268681 -0.2374836 -0.9147452 0.3691001 -0.1643341 -0.9147455 0.3952026 -0.08400295 -0.914745 0.2020168 0.3499034 -0.9147441 0.3952026 0.08400296 -0.914745 -0.2703512 -0.3002554 -0.9147442 -0.2020168 -0.3499034 -0.9147441 -0.1248533 -0.3842592 -0.914744 -0.3952026 0.08400295 -0.914745 0.3268681 0.2374836 -0.9147452 0.3691002 0.1643341 -0.9147455 -0.4040325 -1.856553e-08 -0.9147446 -0.3268681 -0.2374836 -0.9147452 -0.3691002 -0.1643341 -0.9147455 -0.3952026 -0.08400296 -0.914745 -0.3691001 0.1643341 -0.9147455 -0.3268681 0.2374836 -0.9147452 -0.2703512 0.3002554 -0.9147442 0.1248533 0.3842592 -0.914744 0.04223286 0.4018187 -0.9147448 -0.04223281 0.4018187 -0.9147448 -0.1248533 0.3842592 -0.914744 -0.2020168 0.3499034 -0.9147441 0.6557212 -0.3785813 -0.6532273 0.7571628 -1.007386e-07 -0.6532262 0.6557213 0.3785812 -0.6532273 -0.7571628 -1.007386e-07 -0.6532262 -0.6557213 0.3785812 -0.6532273 0.3785821 0.6557215 -0.6532266 4.029488e-07 0.7571623 -0.6532268 4.029488e-07 -0.7571623 -0.6532268 -0.3785817 -0.6557217 -0.6532265 0.3785821 -0.6557215 -0.6532266 -0.6557212 -0.3785813 -0.6532273 -0.3785817 0.6557217 -0.6532265 0.3785821 0.6557215 -0.6532266 0.6557213 -0.3785812 -0.6532273 0.7571628 1.007386e-07 -0.6532262 0.6557212 0.3785813 -0.6532273 4.029488e-07 -0.7571623 -0.6532268 -0.3785817 -0.6557217 -0.6532265 0.3785821 -0.6557215 -0.6532266 -0.7571628 1.007386e-07 -0.6532262 -0.6557212 0.3785813 -0.6532273 4.029488e-07 0.7571623 -0.6532268 -0.3785817 0.6557217 -0.6532265 -0.6557213 -0.3785812 -0.6532273 -0.806919 -0.5653885 0.1709312 -0.7968167 -0.5453487 0.2601499 -0.6931359 -0.6490245 0.3135758 -0.7927261 -0.5517191 0.259213 -0.6818593 -0.6381302 0.357572 -0.9176308 -0.3947815 0.04583956 -0.9523021 -0.3045979 0.01846321 -0.9477618 -0.3137135 0.05771885 -0.7610219 -0.632111 0.1458811 -0.8038268 -0.5909068 0.06849513 -0.8465308 -0.4458308 0.290896 -0.9009924 -0.4278775 0.07164802 -0.8638778 -0.5017372 0.04443887 -0.6969679 -0.7149797 0.05513424 -0.7137711 -0.6982207 0.05494229 -0.6992595 -0.6991644 0.1490144 -0.7179124 -0.6857118 0.1200045 -0.7256204 -0.6700365 0.1566083 -0.7562935 -0.6514266 0.06052742 -0.7382999 -0.6606117 0.1360348 -0.6847993 -0.7186457 0.1208233 -0.6696966 -0.7265138 0.1538965 -0.6522502 -0.7557392 0.05854862 -0.6165766 -0.7756109 0.1351331 -0.6067489 -0.7943963 0.02811263 -0.5013427 -0.863888 0.04850745 -0.5750805 -0.803931 0.1515825 -0.435489 -0.8975003 0.06958809 -0.4480502 -0.8718492 0.1978131 -0.3755129 -0.9243962 0.0669457 -0.3999173 -0.9152779 0.04829531 -0.4435227 -0.8710582 0.2110573 -0.6662822 -0.678213 0.3099923 -0.5554279 -0.7740596 0.3038611 -0.669444 -0.6186355 0.41126 -0.6546783 -0.6859199 0.3176637 -0.6725785 -0.6881698 0.2721405 -0.7008565 -0.672442 0.2379536 -0.6841233 -0.6794944 0.2650712 -0.6853862 -0.6853078 0.2461685 -0.669869 -0.6498629 0.3591013 -0.6808123 -0.6662955 0.3042121 -0.6621539 -0.7045656 0.2552246 -0.6660672 -0.6983432 0.262052 -0.6097294 0.7923282 0.02111768 -0.552911 0.8311256 0.05932684 -0.6323713 0.7608416 0.1456937 -0.5517191 0.7927261 0.259213 -0.6316713 0.6935036 0.3464737 -0.637962 0.7094871 0.299387 -0.5574921 0.7903474 0.2540739 -0.5647579 0.8068703 0.1732306 -0.4440496 0.8795914 0.1707011 -0.3168948 0.9456339 0.07317275 -0.5017372 0.8638778 0.04443887 -0.4258455 0.9018909 0.07244546 -0.3421126 0.9396571 -0.001855212 -0.3045979 0.9523021 0.01846321 -0.6539523 0.7544023 0.05677551 -0.6700365 0.7256204 0.1566083 -0.6857118 0.7179124 0.1200045 -0.6991644 0.6992595 0.1490144 -0.6982207 0.7137711 0.05494229 -0.8541244 0.5175491 0.05113122 -0.7379868 0.6592536 0.1440836 -0.7749524 0.6174105 0.1351038 -0.7733619 0.6309369 0.0618867 -0.7265138 0.6696966 0.1538965 -0.7361118 0.6762594 0.02850701 -0.7071391 0.7055457 0.04647135 -0.8039423 0.5750569 0.1516127 -0.8975003 0.435489 0.06958809 -0.8707996 0.4488433 0.2006183 -0.9250833 0.3728295 0.07224374 -0.9152783 0.3999165 0.04829492 -0.8710254 0.4435739 0.2110852 -0.6598542 0.6774895 0.3249621 -0.7740704 0.5554459 0.3038006 -0.6062603 0.6759671 0.4189475 -0.6893823 0.6758515 0.2607235 -0.8714443 0.4420761 0.2124937 -0.7177522 0.6539094 0.2392368 -0.680062 0.6859589 0.2587974 -0.6736143 0.6761848 0.2983587 -0.6788082 0.662463 0.3168 -0.6835817 0.6658922 0.2988371 -0.6696249 0.6505376 0.3583342 -0.6875654 0.6785333 0.2585468 -0.7206872 0.6524855 0.2342489 0.806919 0.5653885 0.1709312 0.7968167 0.5453487 0.2601499 0.6931359 0.6490245 0.3135758 0.7927261 0.5517191 0.259213 0.6818593 0.6381302 0.357572 0.9176308 0.3947815 0.04583956 0.9523021 0.3045979 0.01846321 0.9477618 0.3137135 0.05771885 0.7610219 0.632111 0.1458811 0.8038268 0.5909068 0.06849513 0.8465308 0.4458308 0.290896 0.9009924 0.4278775 0.07164802 0.8638778 0.5017372 0.04443887 0.6969679 0.7149797 0.05513424 0.7137711 0.6982207 0.05494229 0.6992595 0.6991644 0.1490144 0.7179124 0.6857118 0.1200045 0.7256204 0.6700365 0.1566083 0.7562935 0.6514266 0.06052742 0.7382999 0.6606117 0.1360348 0.6847993 0.7186457 0.1208233 0.6696966 0.7265138 0.1538965 0.6522502 0.7557392 0.05854862 0.6165766 0.7756109 0.1351331 0.6067489 0.7943963 0.02811263 0.5013427 0.863888 0.04850745 0.5750811 0.8039307 0.151582 0.435489 0.8975003 0.06958809 0.4488433 0.8707996 0.2006183 0.3728295 0.9250833 0.07224374 0.3999165 0.9152783 0.04829492 0.4435739 0.8710254 0.2110852 0.6662807 0.6782172 0.3099863 0.5554459 0.7740704 0.3038006 0.669444 0.6186355 0.41126 0.4420761 0.8714443 0.2124937 0.6546783 0.6859199 0.3176637 0.6725785 0.6881698 0.2721405 0.7008565 0.672442 0.2379536 0.6841233 0.6794944 0.2650712 0.6853862 0.6853078 0.2461685 0.669869 0.6498629 0.3591013 0.6808123 0.6662955 0.3042121 0.6621539 0.7045656 0.2552246 0.6660672 0.6983432 0.262052 0.6606117 -0.7382999 0.1360348 0.5909068 -0.8038268 0.06849513 0.6323713 -0.7608416 0.1456937 0.552378 -0.7925438 0.2583658 0.6316599 -0.6935718 0.3463582 0.637962 -0.7094871 0.299387 0.5647714 -0.8068798 0.1731424 0.4441421 -0.8795824 0.1705068 0.316893 -0.945644 0.07304914 0.5017372 -0.8638778 0.04443887 0.4259471 -0.9018455 0.07241369 0.342115 -0.9396563 -0.001853415 0.3064443 -0.9517881 0.01383469 0.6514266 -0.7562935 0.06052742 0.6700365 -0.7256204 0.1566083 0.6857118 -0.7179124 0.1200045 0.6991644 -0.6992595 0.1490144 0.6982207 -0.7137711 0.05494229 0.8541244 -0.5175491 0.05113122 0.7379868 -0.6592536 0.1440836 0.7749524 -0.6174105 0.1351038 0.7733619 -0.6309369 0.0618867 0.7265138 -0.6696966 0.1538965 0.7361118 -0.6762594 0.02850701 0.7071391 -0.7055457 0.04647135 0.8039423 -0.5750569 0.1516127 0.8975003 -0.435489 0.06958809 0.8707996 -0.4488433 0.2006183 0.9250833 -0.3728295 0.07224374 0.9152783 -0.3999165 0.04829492 0.8710254 -0.4435739 0.2110852 0.6598542 -0.6774895 0.3249621 0.7740704 -0.5554459 0.3038006 0.6062603 -0.6759671 0.4189475 0.6893823 -0.6758515 0.2607235 0.8714443 -0.4420761 0.2124937 0.7177522 -0.6539094 0.2392368 0.680062 -0.6859589 0.2587974 0.6736143 -0.6761848 0.2983587 0.6788082 -0.662463 0.3168 0.6835817 -0.6658922 0.2988371 0.6696249 -0.6505376 0.3583342 0.6875654 -0.6785333 0.2585468 0.7206872 -0.6524855 0.2342489 0.0881033 0.6974087 0.7112376 -1.218278e-07 0.7029521 0.7112372 -0.4131847 0.5687 0.7112374 0.2587741 0.6535888 0.7112367 0.1748171 0.6808678 0.711237 0.4812039 0.5124303 0.7112369 0.4131848 0.5687 0.7112374 0.3386498 0.6160015 0.7112373 -0.5416342 -0.448079 0.7112367 -0.668547 -0.2172242 0.7112373 -0.6360498 -0.2993022 0.7112376 -0.593522 -0.3766603 0.7112374 -0.668547 0.2172242 0.7112374 -0.6905011 0.1317201 0.711237 -0.4812039 0.5124302 0.711237 -0.5416344 0.4480789 0.7112366 -0.593522 0.3766605 0.7112373 -0.6360497 0.2993023 0.7112376 -0.08810302 0.6974087 0.7112377 -0.1748172 0.6808677 0.7112371 -0.2587742 0.6535888 0.7112367 -0.3386498 0.6160016 0.7112372 0.6360498 0.2993022 0.7112376 0.593522 0.3766603 0.7112374 0.5416342 0.448079 0.7112367 0.4812039 -0.5124302 0.711237 0.5416344 -0.4480789 0.7112366 -0.7015648 0.04413864 0.7112373 -0.7015648 -0.04413858 0.7112374 -0.6905011 -0.1317202 0.711237 0.2587742 -0.6535888 0.7112367 0.3386498 -0.6160016 0.7112372 0.4131847 -0.5687 0.7112374 -0.1748171 -0.6808678 0.711237 -0.0881033 -0.6974087 0.7112376 -0.4812039 -0.5124303 0.7112369 -0.4131848 -0.5687 0.7112374 -0.3386498 -0.6160015 0.7112373 -0.2587741 -0.6535888 0.7112367 0.6905011 0.1317202 0.711237 0.668547 0.2172242 0.7112373 1.218278e-07 -0.7029521 0.7112372 0.08810302 -0.6974087 0.7112377 0.1748172 -0.6808677 0.7112371 0.6905011 -0.1317201 0.711237 0.7015648 -0.04413864 0.7112373 0.7015648 0.04413858 0.7112374 0.593522 -0.3766605 0.7112373 0.6360497 -0.2993023 0.7112376 0.668547 -0.2172242 0.7112374 -0.9274443 -1.55678e-08 -0.3739613 -0.9071771 -0.1928264 -0.373962 -0.8472619 -0.3772253 -0.3739631 -0.7503178 -0.5451378 -0.3739624 -0.6205816 -0.6892257 -0.3739603 -0.4637225 -0.8031907 -0.3739602 -0.2865963 -0.8820525 -0.3739599 -0.09694432 -0.9223635 -0.3739617 0.09694428 -0.9223635 -0.3739617 0.2865963 -0.8820525 -0.3739599 0.4637225 -0.8031907 -0.3739602 0.6205817 -0.6892257 -0.3739603 0.7503178 -0.5451379 -0.3739625 0.8472619 -0.3772253 -0.3739631 0.9071772 -0.1928264 -0.373962 0.9274443 1.55678e-08 -0.3739613 0.9071771 0.1928264 -0.373962 0.8472619 0.3772253 -0.3739631 0.7503178 0.5451378 -0.3739624 0.6205816 0.6892257 -0.3739603 0.4637225 0.8031907 -0.3739602 0.2865963 0.8820525 -0.3739599 0.09694432 0.9223635 -0.3739617 -0.09694428 0.9223635 -0.3739617 -0.2865963 0.8820525 -0.3739599 -0.4637225 0.8031907 -0.3739602 -0.6205817 0.6892257 -0.3739603 -0.7503178 0.5451379 -0.3739625 -0.8472619 0.3772253 -0.3739631 -0.9071772 0.1928264 -0.373962 -0.2375094 -1.166448e-06 -0.9713852 -0.2056935 -0.1187562 -0.9713841 -0.1187547 -0.2056909 -0.9713849 -2.821339e-08 -0.2375124 -0.9713845 0.1187558 -0.2056908 -0.9713848 0.2056925 -0.1187579 -0.9713841 0.2375094 1.116905e-06 -0.9713852 0.2056935 0.1187561 -0.9713842 0.1187548 0.2056912 -0.9713848 3.747743e-07 0.2375126 -0.9713845 -0.1187556 0.2056905 -0.9713848 -0.2056924 0.1187578 -0.9713842 -0.2375094 -1.116905e-06 -0.9713852 -0.2056935 -0.1187561 -0.9713842 -0.1187546 -0.205691 -0.9713849 -1.766023e-07 -0.2375126 -0.9713844 0.1187558 -0.2056908 -0.9713848 0.2056924 -0.1187578 -0.9713842 0.2375094 1.166448e-06 -0.9713852 0.2056935 0.1187562 -0.9713841 0.1187549 0.2056911 -0.9713848 2.263855e-07 0.2375124 -0.9713845 -0.1187556 0.2056905 -0.9713848 -0.2056925 0.1187579 -0.9713841 0.8652327 -0.500659 0.02670155 0.6315943 -0.3597679 0.686772 0.8847282 -0.4640285 0.04397293 0.5869152 -0.3662872 0.7220555 0.8573458 -0.5124912 0.04807185 0.8626149 -0.5023503 0.05949529 0.8552129 -0.5151279 0.05704493 0.9158892 -0.3959047 0.06638056 0.866429 -0.4977075 0.03984884 0.8665471 -0.4967586 0.04823852 0.7358767 -0.15099 0.6600663 -0.3925193 0.9172327 0.06791725 -0.3594378 0.6322904 0.6863041 -0.1659786 0.9769975 0.133892 -0.1534877 0.7342453 0.6613058 0.2428097 0.9589175 0.1466992 0.2030709 0.7263979 0.6565884 -0.05239539 0.9976727 0.04363469 -0.2642042 0.9611511 0.07990395 0.5352007 0.5324221 0.6558102 0.9759652 -0.1656947 0.1415526 0.9782443 -0.1746298 0.1119932 0.7287793 0.2036434 0.6537661 0.9973099 -0.05328033 0.0503413 0.9585706 0.2428261 0.1489226 -0.5166089 0.8544213 0.05549276 -0.5005609 0.8635809 0.06055347 -0.5135889 0.8568223 0.04562952 -0.4836492 0.873759 0.05127048 -0.5059647 0.8616719 0.03900376 -0.4952807 0.8681039 0.03305473 -0.3309426 0.5897529 0.7366604 0.500659 0.8652327 0.02670155 0.3597679 0.6315943 0.686772 0.4640285 0.8847282 0.04397293 0.3662872 0.5869152 0.7220555 0.4977075 0.866429 0.03984884 0.4967586 0.8665471 0.04823852 0.5124912 0.8573458 0.04807185 0.5023503 0.8626149 0.05949529 0.5151279 0.8552129 0.05704493 0.3959047 0.9158892 0.06638056 0.15099 0.7358767 0.6600663 -0.9172327 -0.3925193 0.06791725 -0.6322904 -0.3594378 0.6863041 -0.9769975 -0.1659786 0.133892 -0.7342453 -0.1534877 0.6613058 -0.7263979 0.2030709 0.6565884 -0.9589175 0.2428097 0.1466992 -0.9976727 -0.05239539 0.04363469 -0.9611511 -0.2642042 0.07990395 -0.532431 0.5352073 0.6557975 -0.7486351 0.6629811 -0.001253402 0.1656947 0.9759652 0.1415526 0.1746298 0.9782443 0.1119932 -0.2036434 0.7287793 0.6537661 0.05328033 0.9973099 0.0503413 -0.2428261 0.9585706 0.1489226 -0.8544213 -0.5166089 0.05549276 -0.8635809 -0.5005609 0.06055347 -0.8568223 -0.5135889 0.04562952 -0.873759 -0.4836492 0.05127048 -0.8616719 -0.5059647 0.03900376 -0.8681039 -0.4952807 0.03305473 -0.5897529 -0.3309426 0.7366604 -0.500659 -0.8652327 0.02670155 -0.3597679 -0.6315943 0.686772 -0.4640285 -0.8847282 0.04397293 -0.3662872 -0.5869152 0.7220555 -0.5124912 -0.8573458 0.04807185 -0.5023503 -0.8626149 0.05949529 -0.5151279 -0.8552129 0.05704494 -0.4548964 -0.8873115 0.07581251 -0.4977075 -0.866429 0.03984884 -0.4967586 -0.8665471 0.04823852 0.06342583 -0.9972927 0.03720788 0.1766978 -0.9836689 0.03425357 0.2041167 -0.7282162 0.6542457 -0.1514178 -0.7351196 0.6608115 -0.00426391 -0.9970597 0.07650967 -0.004576981 -0.9968518 0.07915492 -0.4423462 -0.8966331 -0.01946444 -0.2840746 -0.9546293 0.08935596 -0.1971748 -0.9799255 0.02946411 0.9172327 0.3925193 0.06791725 0.6322904 0.3594378 0.6863041 0.9769975 0.1659786 0.133892 0.7342453 0.1534877 0.6613058 0.7263979 -0.2030709 0.6565884 0.9589175 -0.2428097 0.1466992 0.9976727 0.05239539 0.04363469 0.9611511 0.2642042 0.07990395 0.532432 -0.5352085 0.6557957 0.7486351 -0.6629811 -0.001253402 0.8544213 0.5166089 0.05549276 0.8635809 0.5005609 0.06055347 0.8568223 0.5135889 0.04562952 0.873759 0.4836492 0.05127048 0.8616719 0.5059647 0.03900376 0.8681039 0.4952807 0.03305473 0.5897529 0.3309426 0.7366604 -0.8652327 0.500659 0.02670155 -0.6315943 0.3597679 0.686772 -0.8847282 0.4640285 0.04397293 -0.5869152 0.3662872 0.7220555 -0.8573458 0.5124912 0.04807185 -0.8626149 0.5023503 0.05949529 -0.8552129 0.5151279 0.05704493 -0.9158892 0.3959047 0.06638056 -0.866429 0.4977075 0.03984884 -0.8665471 0.4967586 0.04823852 -0.1766978 -0.9836689 0.03425357 -0.202565 -0.7267453 0.6563602 -0.09416575 -0.99494 0.03503063 0.08346994 -0.993213 0.08099798 0.1509344 -0.7339264 0.6622468 0.05468783 -0.9940384 0.09432286 0.05613646 -0.9981746 0.02227583 -0.5352007 -0.5324221 0.6558102 -0.9585706 -0.2428261 0.1489226 -0.7287793 -0.2036434 0.6537661 -0.7358767 0.15099 0.6600663 -0.9759652 0.1656947 0.1415526 -0.9782443 0.1746298 0.1119932 -0.9973099 0.05328033 0.0503413 0.4300811 -0.900886 0.05860639 0.360356 -0.6303478 0.6876083 0.34026 -0.9359112 0.09106817 0.2494847 -0.9677645 0.03448558 0.4836492 -0.873759 0.05127048 0.5059647 -0.8616719 0.03900376 0.4952807 -0.8681039 0.03305473 0.3309426 -0.5897529 0.7366604 0.5166089 -0.8544244 0.05544572 0.5005609 -0.8635809 0.06055347 0.5135889 -0.8568223 0.04562952 -0.9627137 -0.2564304 -0.08617318 -0.8440584 -0.5333514 -0.05569282 -0.6739314 -0.2082857 -0.7088254 -0.5436186 -0.3385868 -0.768009 -0.6906856 -0.7195681 -0.07193856 -0.4799695 -0.873053 -0.08606776 -0.3108222 -0.5598364 -0.7680968 -0.2510562 -0.9632345 -0.09565561 -0.125539 -0.9873201 -0.09715437 -0.08546942 -0.6708044 -0.7366929 0.9166161 -0.3183413 0.2418135 0.7288359 -0.6679312 0.1505528 0.7269363 -0.6757869 0.1219656 0.9585222 -0.01235659 0.2847499 0.953945 -0.1317053 0.2695228 0.9731571 -0.02346115 0.2289428 0.93484 -0.318648 0.1566446 0.9869757 -0.01199523 0.1604213 0.8201455 -0.548049 -0.1643281 0.8661752 -0.3242489 0.3802672 0.5974938 -0.6750318 0.43282 0.576656 -0.8122378 0.08796405 0.4186022 -0.9076485 0.03076262 0.3910928 -0.9182448 0.06223318 0.2231732 -0.9742372 -0.03248883 0.2182013 -0.975468 -0.02916116 0.1240707 -0.9853714 -0.1168319 0.2457748 -0.947416 -0.2049333 0.09618224 -0.9953334 0.007777291 0.1019558 -0.9945939 0.01969669 0.1181955 -0.9917916 -0.04877848 0.866181 -0.3242385 0.3802629 0.9748646 -0.1952181 -0.1073725 0.9967943 -0.06666773 0.04423362 0.996795 -0.06662468 0.0442808 0.9980892 -0.03621649 0.05006277 0.998129 0.005405626 0.06090446 0.9981302 0.005569529 0.06086859 0.9982957 0.03377714 0.04758958 0.9977456 0.05227938 0.04207881 0.9966931 0.07767381 0.0238678 0.4458707 -0.8039852 -0.3934553 0.5974866 -0.6750351 0.4328248 0.07749337 0.9832115 0.1651964 0.582966 0.5519247 0.5962632 0.5527294 0.5752637 0.6029609 0.4593817 0.6707501 0.582291 0.6467757 0.519177 0.5586917 0.5629963 0.5950267 0.5735664 0.4001433 0.7675401 0.500767 0.5714751 0.5731038 0.58734 0.5962858 0.614455 0.5166124 0.4510717 0.7793953 0.4348302 0.6448783 0.5718901 0.5070244 0.5241678 0.7767967 0.3490488 0.670055 0.5350041 0.5145842 0.6210664 0.6665644 0.4122722 0.6239854 0.6648531 0.4106247 0.2872519 0.9035421 0.3179592 0.3772521 0.8903414 0.2548981 0.3912518 0.878341 0.2746617 0.4498342 0.6772321 0.5822421 0.2470164 0.8187146 0.5183525 0.04299888 0.9077015 0.4174075 0.1668455 0.9129388 0.3724317 0.03860341 0.9117852 0.408849 -0.1741971 0.9433854 0.2822755 0.03668076 0.9611615 0.2735381 -0.378312 0.9161136 0.1327249 -0.3783171 0.9165151 0.1299084 0.5451121 0.7473958 0.3798057 0.1180093 0.9578983 0.261734 0.07877528 0.9294498 0.3604406 -0.2975242 0.9287961 0.2209462 0.04453072 0.9077572 0.4171256 -0.2728771 0.9425586 0.192669 -0.2483186 0.9581708 0.1422908 -0.06678329 0.6485172 0.7582647 -0.1507114 0.605287 0.7816097 0.7448324 0.5115132 0.4284611 0.7447287 0.5118909 0.4281901 0.6564999 0.6852809 0.3152746 0.05266386 0.5873601 0.8076105 0.2487731 0.4952347 0.8323789 0.3681376 0.482614 0.7947065 0.7567333 0.6356937 0.1524737 0.4196058 0.7741155 0.4740001 0.622887 0.5879373 0.5160828 0.6764667 0.5939835 0.4354039 0.6516351 0.4733481 0.5927169 0.4690766 0.6627863 0.5836793 0.6517564 0.4481128 0.6118893 0.7411777 0.3702049 0.5600035 0.9055436 0.04092647 0.4222745 0.9294498 0.07877528 0.3604406 0.6066579 -0.0430987 0.7937938 0.5583846 0.1462874 0.8165823 0.95754 0.1200328 0.2621247 0.4869347 0.6938436 0.5305427 0.4797174 0.6847449 0.5486307 0.6814918 0.5181573 0.5167998 0.5390247 0.5713643 0.6188661 0.5390238 0.5713635 0.6188675 0.6320179 0.5474552 0.5484945 0.6653468 0.6092603 0.431411 0.738749 0.5851947 0.3343607 0.549935 0.7694376 0.324865 0.4541163 0.2904911 0.8422549 0.6396226 0.7450283 0.1892503 0.5629197 0.7686363 0.3038414 0.5448034 0.2426066 0.8027025 0.6403175 -0.1822237 0.7461823 0.9587696 -0.2482868 0.1382555 0.5951005 -0.2178993 0.7735472 0.9426888 -0.2713584 0.1941711 0.9281334 -0.2954212 0.2264835 0.5797611 0.542494 0.6079287 0.6823372 0.4475665 0.578014 0.6818061 0.4589411 0.5696609 0.8193343 0.2565943 0.5126897 0.9082493 0.0314916 0.4172427 0.9116429 0.04902444 0.4080487 0.946437 -0.1681729 0.2756354 0.9164875 -0.378307 0.1301324 0.9176393 -0.375873 0.1290641 0.7748195 0.5126657 0.3699036 0.8762607 0.3923297 0.2797226 0.9035421 0.2872519 0.3179592 0.6499553 0.6165054 0.4443862 0.5850019 0.6765521 0.4472696 0.5939203 0.6442779 0.4818348 0.7558672 0.4770192 0.4484612 0.5694182 0.6483425 0.5053859 0.6067182 0.5896332 0.5331281 0.5700785 0.5970046 0.5644431 0.748251 0.4218294 0.5120355 0.5627228 0.5694828 0.599193 0.5713632 0.5655775 0.5946984 0.8913799 0.3753449 0.2540829 0.9603036 0.02585287 0.2777565 0.9118784 0.1670998 0.3749071 0.9834348 0.07808324 0.1635816 -0.9832115 0.07749337 0.1651964 -0.5609689 0.5747508 0.5957981 -0.5817847 0.5482608 0.6007801 -0.6707501 0.4593817 0.5822909 -0.5390945 0.6309552 0.5579181 -0.6068421 0.5566159 0.5673812 -0.7675401 0.4001431 0.5007671 -0.5800479 0.5661416 0.585686 -0.6236618 0.5898837 0.5129164 -0.779395 0.4510716 0.4348309 -0.5852619 0.6389131 0.499258 -0.7767965 0.5241681 0.3490486 -0.5503821 0.6568321 0.5154135 -0.6541919 0.6311449 0.4167603 -0.9035421 0.2872519 0.3179592 -0.8903414 0.3772521 0.2548981 -0.878341 0.3912518 0.2746617 -0.6772321 0.4498342 0.5822421 -0.8187146 0.2470164 0.5183525 -0.9077015 0.04299888 0.4174075 -0.9129388 0.1668455 0.3724317 -0.9117852 0.03860341 0.408849 -0.9433854 -0.1741971 0.2822755 -0.9611615 0.03668076 0.2735381 -0.9161136 -0.378312 0.1327249 -0.9165151 -0.3783171 0.1299084 -0.7473907 0.5451129 0.3798144 -0.9578983 0.1180093 0.261734 -0.9294498 0.07877528 0.3604406 -0.9287961 -0.2975242 0.2209462 -0.9077572 0.04453072 0.4171256 -0.9425586 -0.2728771 0.192669 -0.9581708 -0.2483186 0.1422908 -0.6485172 -0.06678329 0.7582647 -0.605287 -0.1507114 0.7816097 -0.5873601 0.05266386 0.8076105 -0.5154335 0.2347637 0.8241446 -0.5041785 0.3336156 0.796558 -0.5343343 0.7283295 0.4289791 -0.5353416 0.7280884 0.4281316 -0.6948752 0.6503843 0.3068365 -0.4365181 0.3719105 0.819228 -0.6292319 0.7636107 0.1447962 -0.7741155 0.4196058 0.4740002 -0.5982361 0.6124468 0.5167421 -0.6131132 0.6599684 0.434205 -0.4991639 0.6326274 0.59213 -0.6627863 0.4690766 0.5836793 -0.4709436 0.6333511 0.6140672 -0.3702049 0.7411777 0.5600035 -0.04092647 0.9055436 0.4222745 -0.07877528 0.9294498 0.3604406 0.0430987 0.6066579 0.7937938 -0.1462874 0.5583846 0.8165823 -0.1200328 0.95754 0.2621247 -0.7129188 0.4589144 0.5302305 -0.7031199 0.4574183 0.544418 -0.5181573 0.6814918 0.5167998 -0.5793473 0.5294535 0.6197061 -0.5792763 0.5299124 0.6193802 -0.5537162 0.624478 0.5508407 -0.6352053 0.6464703 0.4225994 -0.5851947 0.738749 0.3343607 -0.7974613 0.5021527 0.3345118 -0.2904911 0.4541163 0.8422549 -0.7658406 0.6197331 0.1715199 -0.7905397 0.529275 0.3080826 -0.2426066 0.5448034 0.8027025 0.1822237 0.6403175 0.7461823 0.2482868 0.9587696 0.1382555 0.2178993 0.5951005 0.7735472 0.2713584 0.9426888 0.1941711 0.2954212 0.9281334 0.2264835 -0.5507481 0.5707717 0.6090125 -0.4475667 0.6823373 0.5780137 -0.4589411 0.6818062 0.5696607 -0.2565943 0.8193343 0.5126897 -0.0314916 0.9082493 0.4172427 -0.04902444 0.9116429 0.4080487 0.1681729 0.946437 0.2756354 0.378307 0.9164875 0.1301324 0.375873 0.9176393 0.1290641 -0.5126658 0.7748195 0.3699034 -0.3923297 0.8762607 0.2797226 -0.2872519 0.9035421 0.3179592 -0.6026143 0.6675624 0.4372831 -0.5918246 0.6812864 0.4308044 -0.6587768 0.6094277 0.4411474 -0.6500937 0.5930197 0.475085 -0.477019 0.7558671 0.4484616 -0.6557306 0.5582091 0.5083503 -0.5991703 0.5941052 0.5366879 -0.6052809 0.5555902 0.5700479 -0.4218289 0.7482511 0.5120358 -0.5752697 0.5553695 0.6005244 -0.5714186 0.5640643 0.5960808 -0.3753449 0.8913799 0.2540829 -0.02585287 0.9603036 0.2777565 -0.1670998 0.9118784 0.3749071 -0.07808324 0.9834348 0.1635816 -0.2496278 -0.95774 0.1428989 -0.3891768 -0.8797009 0.2732539 -0.2845742 -0.9050117 0.3161824 -0.582966 -0.5519247 0.5962632 -0.5527294 -0.5752637 0.6029609 -0.4593804 -0.6707356 0.5823087 -0.6463986 -0.5198217 0.5585286 -0.5628365 -0.5952277 0.5735146 -0.3988696 -0.7685453 0.5002412 -0.5713075 -0.5732798 0.5873312 -0.5962515 -0.6145155 0.5165799 -0.4501508 -0.7802376 0.4342736 -0.6446384 -0.5722883 0.50688 -0.5234802 -0.7774651 0.3485923 -0.6697494 -0.5355713 0.514392 -0.6210828 -0.6665404 0.4122863 -0.6240006 -0.6648296 0.4106395 -0.09840409 -0.9767028 0.1907045 0.1077679 -0.9690639 0.222039 -0.4498299 -0.677204 0.5822781 -0.2471188 -0.8187114 0.5183088 -0.04278924 -0.9078172 0.4171774 -0.1633232 -0.9143381 0.3705554 -0.03818028 -0.911844 0.4087575 0.1740111 -0.9433739 0.2824283 0.3722035 -0.9194021 0.127139 0.378323 -0.9161697 0.1323056 -0.5451129 -0.7473907 0.3798144 -0.1180093 -0.9578983 0.261734 -0.07877528 -0.9294498 0.3604406 0.2974793 -0.9288149 0.2209275 -0.04453072 -0.9077572 0.4171256 0.2728771 -0.9425586 0.192669 0.2483186 -0.9581708 0.1422908 0.06678329 -0.6485172 0.7582647 0.1507114 -0.605287 0.7816097 -0.05266386 -0.5873601 0.8076105 -0.2347637 -0.5154335 0.8241446 -0.3336156 -0.5041785 0.796558 -0.7448324 -0.5115132 0.4284611 -0.7447287 -0.5118909 0.4281901 -0.65572 -0.6860734 0.3151739 -0.3719105 -0.4365181 0.819228 -0.7844179 -0.6070418 0.1272352 -0.4196058 -0.7741155 0.4740001 -0.622887 -0.5879373 0.5160828 -0.6764667 -0.5939835 0.4354039 -0.6516351 -0.4733481 0.5927169 -0.4690766 -0.6627863 0.5836792 -0.6517564 -0.4481128 0.6118893 -0.7411777 -0.3702049 0.5600035 -0.9055436 -0.04092647 0.4222745 -0.9294498 -0.07877528 0.3604406 -0.6066579 0.0430987 0.7937938 -0.5583846 -0.1462874 0.8165823 -0.95754 -0.1200328 0.2621247 -0.4869347 -0.6938436 0.5305427 -0.4797174 -0.6847449 0.5486307 -0.6814918 -0.5181573 0.5167998 -0.5390247 -0.5713643 0.6188661 -0.5390238 -0.5713635 0.6188675 -0.6320179 -0.5474552 0.5484945 -0.6653468 -0.6092603 0.431411 -0.738749 -0.5851947 0.3343607 -0.549935 -0.7694376 0.324865 -0.4541163 -0.2904911 0.8422549 -0.6396226 -0.7450283 0.1892503 -0.5629197 -0.7686363 0.3038414 -0.5448034 -0.2426066 0.8027025 -0.6403175 0.1822237 0.7461823 -0.9587696 0.2482868 0.1382555 -0.5951005 0.2178993 0.7735472 -0.9426888 0.2713584 0.1941711 -0.9281334 0.2954212 0.2264835 -0.5797611 -0.542494 0.6079287 -0.682241 -0.4498039 0.5763884 -0.6834152 -0.4589278 0.5677402 -0.8193343 -0.2565943 0.5126897 -0.9082493 -0.0314916 0.4172427 -0.9116429 -0.04902444 0.4080487 -0.946437 0.1681729 0.2756354 -0.9164875 0.378307 0.1301324 -0.9176393 0.375873 0.1290641 -0.7748195 -0.5126657 0.3699036 -0.8762607 -0.3923297 0.2797226 -0.9035421 -0.2872519 0.3179592 -0.6499553 -0.6165054 0.4443862 -0.5850019 -0.6765521 0.4472696 -0.5939203 -0.6442779 0.4818348 -0.7558672 -0.4770192 0.4484612 -0.5694182 -0.6483425 0.5053859 -0.6067182 -0.5896332 0.5331281 -0.5700785 -0.5970046 0.5644431 -0.7482492 -0.4218224 0.512044 -0.5627228 -0.5694828 0.599193 -0.5712513 -0.5656328 0.5947533 -0.8913799 -0.3753449 0.2540829 -0.9603036 -0.02585287 0.2777565 -0.9118784 -0.1670998 0.3749071 -0.9834348 -0.07808324 0.1635816 -0.1244645 0.9852386 0.1175308 4.048351e-08 0.9930693 0.1175306 0.003030484 0.9624649 0.2713891 -0.07424879 -0.9010642 0.4272826 4.216103e-15 -0.9175626 0.3975913 -0.003030484 -0.9624649 0.2713891 -0.5659343 -0.7796168 0.2681718 -0.5398377 -0.7371551 0.4064206 -0.7079252 -0.5753871 0.4095994 -0.7434774 -0.6129223 0.2675213 -0.7344654 -0.5467931 0.4019675 -0.6568 -0.7136507 0.2435496 -0.6592155 0.7087239 0.2512875 -0.7437734 0.6118468 0.2691555 -0.7127375 0.5759926 0.4002972 -0.5676265 0.7790047 0.2663678 -0.5413861 0.7332863 0.4113298 -0.3537672 -0.8961508 0.2678851 -0.2636087 -0.8750387 0.4059775 -0.2335804 -0.9362272 0.2625241 -0.204465 -0.8930147 0.4008974 -0.1172186 -0.9584423 0.2600928 -0.1674975 -0.8920895 0.4196677 -0.09791932 -0.9107073 0.4012779 -0.4634362 -0.8447007 0.2677826 -0.3637228 -0.8384696 0.4058009 -0.313948 -0.8625674 0.3967545 -0.5033842 -0.7653583 0.4010375 -0.4586263 -0.7905895 0.4057465 -0.4115983 -0.8195599 0.3986332 -0.7627306 -0.5031511 0.4063015 -0.8138652 -0.5157519 0.2676256 -0.7938125 -0.4583072 0.3997703 -0.8159011 -0.4119122 0.4057508 -0.8721613 -0.409371 0.2678618 -0.8425058 -0.3634223 0.3976282 -0.8582069 -0.3142301 0.4058823 -0.916587 -0.2968398 0.2678703 -0.8796683 -0.2633549 0.396015 -0.8889004 -0.2120373 0.4060742 -0.9465353 -0.1798834 0.2677928 -0.9047509 -0.1595323 0.394937 -0.9075099 -0.1067894 0.4062287 -0.961608 -0.06025841 0.2677292 -0.9173855 -0.05343152 0.3943969 -0.9137457 -3.405944e-08 0.4062866 -0.9618139 0.06335067 0.266272 -0.9173855 0.05343156 0.394397 -0.9490733 0.1772145 0.2604896 -0.9034625 0.1514558 0.4010196 -0.8990992 0.1158861 0.4221268 -0.8721614 0.4093709 0.2678618 -0.8582069 0.3142301 0.4058823 -0.9194837 0.2921705 0.2630327 -0.8794022 0.2567513 0.4009121 -0.8820441 0.2186167 0.4173786 -0.8138651 0.5157519 0.2676256 -0.8159011 0.4119122 0.4057508 -0.8425058 0.3634223 0.3976282 -0.7320554 0.5472071 0.4057823 -0.7629095 0.5026953 0.4065299 -0.7938125 0.4583072 0.3997703 -0.4634362 0.8447007 0.2677826 -0.4586263 0.7905895 0.4057465 -0.5033842 0.7653583 0.4010375 -0.3537673 0.8961508 0.2678851 -0.3637228 0.8384696 0.4058009 -0.4115983 0.8195599 0.3986332 -0.2388056 0.9334003 0.2678353 -0.2636087 0.8750387 0.4059774 -0.313948 0.8625674 0.3967545 -0.0637889 0.9103534 0.4088859 -0.1066722 0.9126403 0.3945993 -0.1202936 0.9559481 0.2677549 -0.1597013 0.8997384 0.4061605 -0.2118222 0.8937468 0.3954086 -4.048351e-08 -0.9930693 0.1175306 -0.1244646 -0.9852386 0.1175306 -0.2469663 -0.9618702 0.1175304 -0.3655732 -0.9233325 0.1175301 -0.4784148 -0.8702332 0.1175305 -0.5837116 -0.8034098 0.1175308 -0.6798026 -0.7239164 0.1175305 -0.765173 -0.6330063 0.1175298 -0.8384762 -0.532113 0.1175302 -0.898556 -0.4228283 0.1175306 -0.944465 -0.3068754 0.1175302 -0.9754794 -0.1860826 0.1175297 -0.9911097 -0.0623553 0.1175305 -0.9911097 0.06235524 0.1175306 -0.9754794 0.1860827 0.1175298 -0.944465 0.3068754 0.1175301 -0.898556 0.4228283 0.1175306 -0.8384761 0.5321132 0.1175303 -0.7651731 0.6330062 0.1175297 -0.6798028 0.7239163 0.1175304 -0.5837114 0.8034099 0.1175308 -0.4784148 0.8702332 0.1175306 -0.3655733 0.9233325 0.1175301 -0.2469664 0.9618702 0.1175303 -4.265294e-15 0.9175626 0.3975913 0.9832115 -0.07749337 0.1651964 0.5390945 -0.6309552 0.5579181 0.6068421 -0.5566159 0.5673812 0.7675401 -0.4001431 0.5007671 0.5800479 -0.5661416 0.585686 0.5609689 -0.5747508 0.5957981 0.5817847 -0.5482608 0.6007801 0.6707501 -0.4593817 0.5822909 0.6236618 -0.5898837 0.5129164 0.779395 -0.4510716 0.4348309 0.5852619 -0.6389131 0.499258 0.7767965 -0.5241681 0.3490486 0.5503821 -0.6568321 0.5154135 0.6541919 -0.6311449 0.4167603 0.9035421 -0.2872519 0.3179592 0.8903414 -0.3772521 0.2548981 0.878341 -0.3912518 0.2746617 0.6772321 -0.4498342 0.5822421 0.8187146 -0.2470164 0.5183525 0.9077015 -0.04299888 0.4174075 0.9129388 -0.1668455 0.3724317 0.9117852 -0.03860341 0.408849 0.9433854 0.1741971 0.2822755 0.9611615 -0.03668076 0.2735381 0.9161136 0.378312 0.1327249 0.9165151 0.3783171 0.1299084 0.7473907 -0.5451129 0.3798144 0.9578983 -0.1180093 0.261734 0.9294498 -0.07877528 0.3604406 0.9287961 0.2975242 0.2209462 0.9077572 -0.04453072 0.4171256 0.9425586 0.2728771 0.192669 0.9581708 0.2483186 0.1422908 0.6485172 0.06678329 0.7582647 0.605287 0.1507114 0.7816097 0.5873601 -0.05266386 0.8076105 0.5154335 -0.2347637 0.8241446 0.5041785 -0.3336156 0.796558 0.5343343 -0.7283295 0.4289791 0.5353416 -0.7280884 0.4281316 0.6948752 -0.6503843 0.3068365 0.4365181 -0.3719105 0.819228 0.6292319 -0.7636107 0.1447962 0.7741155 -0.4196058 0.4740002 0.5982361 -0.6124468 0.5167421 0.6131132 -0.6599684 0.434205 0.4991639 -0.6326274 0.59213 0.6627863 -0.4690766 0.5836793 0.4709436 -0.6333511 0.6140672 0.3702049 -0.7411777 0.5600035 0.04092647 -0.9055436 0.4222745 0.07877528 -0.9294498 0.3604406 -0.0430987 -0.6066579 0.7937938 0.1462874 -0.5583846 0.8165823 0.1200328 -0.95754 0.2621247 0.7129188 -0.4589144 0.5302305 0.7031199 -0.4574183 0.544418 0.5181573 -0.6814918 0.5167998 0.5793473 -0.5294535 0.6197061 0.5792763 -0.5299124 0.6193802 0.5537162 -0.624478 0.5508407 0.6352053 -0.6464703 0.4225994 0.5851947 -0.738749 0.3343607 0.7974613 -0.5021527 0.3345118 0.2904911 -0.4541163 0.8422549 0.7658406 -0.6197331 0.1715199 0.7905397 -0.529275 0.3080826 0.2426066 -0.5448034 0.8027025 -0.1822237 -0.6403175 0.7461823 -0.2482868 -0.9587696 0.1382555 -0.2178993 -0.5951005 0.7735472 -0.2713584 -0.9426888 0.1941711 -0.2954212 -0.9281334 0.2264835 0.5507481 -0.5707717 0.6090125 0.4498032 -0.682226 0.5764067 0.4589271 -0.6833867 0.567775 0.2566961 -0.8193301 0.5126455 0.03133008 -0.9083693 0.4169935 0.04881517 -0.9117537 0.4078262 -0.1679899 -0.9465029 0.2755209 -0.3783175 -0.9165403 0.1297294 -0.380045 -0.9159902 0.1285604 0.5119215 -0.775534 0.3694365 0.3903759 -0.8775845 0.2783021 0.2845742 -0.9050117 0.3161824 -0.08068629 -0.9684591 0.2357471 0.1637414 -0.9132473 0.3730524 0.6026121 -0.6675654 0.4372815 0.5918224 -0.6812894 0.4308028 0.2494084 -0.957852 0.142531 0.65854 -0.6098347 0.4409384 0.6499064 -0.5933423 0.4749385 0.4759913 -0.7568921 0.4478244 0.6554493 -0.5586747 0.5082015 0.5990205 -0.5943207 0.5366165 0.6049789 -0.5560063 0.5699627 0.4204138 -0.7495157 0.5113496 0.5749867 -0.5557317 0.6004603 0.5712721 -0.5641528 0.5961374 0.1140841 -0.976672 0.181925 0.1244645 -0.9852386 0.1175308 0.07424879 0.9010642 0.4272826 0.5659343 0.7796168 0.2681718 0.5398377 0.7371551 0.4064206 0.7079252 0.5753871 0.4095994 0.7434774 0.6129223 0.2675213 0.7344654 0.5467931 0.4019675 0.6568 0.7136507 0.2435496 0.6592155 -0.7087239 0.2512875 0.7437734 -0.6118468 0.2691555 0.7127375 -0.5759926 0.4002972 0.5676265 -0.7790047 0.2663678 0.5413861 -0.7332863 0.4113298 0.3537672 0.8961508 0.2678851 0.2636087 0.8750387 0.4059775 0.2335804 0.9362272 0.2625241 0.204465 0.8930147 0.4008974 0.1172186 0.9584423 0.2600928 0.1674975 0.8920895 0.4196677 0.09791932 0.9107073 0.4012779 0.4634362 0.8447007 0.2677826 0.3637228 0.8384696 0.4058009 0.313948 0.8625674 0.3967545 0.5033842 0.7653583 0.4010375 0.4586263 0.7905895 0.4057465 0.4115983 0.8195599 0.3986332 0.7627306 0.5031511 0.4063015 0.8138652 0.5157519 0.2676256 0.7938125 0.4583072 0.3997703 0.8159011 0.4119122 0.4057508 0.8721613 0.409371 0.2678618 0.8425058 0.3634223 0.3976282 0.8582069 0.3142301 0.4058823 0.916587 0.2968398 0.2678703 0.8796683 0.2633549 0.396015 0.8889004 0.2120373 0.4060742 0.9465353 0.1798834 0.2677928 0.9047509 0.1595323 0.394937 0.9075099 0.1067894 0.4062287 0.961608 0.06025841 0.2677292 0.9173855 0.05343152 0.3943969 0.9137457 3.405944e-08 0.4062866 0.9618139 -0.06335067 0.266272 0.9173855 -0.05343156 0.394397 0.9490733 -0.1772145 0.2604896 0.9034625 -0.1514558 0.4010196 0.8990992 -0.1158861 0.4221268 0.8721614 -0.4093709 0.2678618 0.8582069 -0.3142301 0.4058823 0.9194837 -0.2921705 0.2630327 0.8794022 -0.2567513 0.4009121 0.8820441 -0.2186167 0.4173786 0.8138651 -0.5157519 0.2676256 0.8159011 -0.4119122 0.4057508 0.8425058 -0.3634223 0.3976282 0.7320554 -0.5472071 0.4057823 0.7629095 -0.5026953 0.4065299 0.7938125 -0.4583072 0.3997703 0.4634362 -0.8447007 0.2677826 0.4586263 -0.7905895 0.4057465 0.5033842 -0.7653583 0.4010375 0.3537673 -0.8961508 0.2678851 0.3637228 -0.8384696 0.4058009 0.4115983 -0.8195599 0.3986332 0.2388056 -0.9334003 0.2678353 0.2636087 -0.8750387 0.4059774 0.313948 -0.8625674 0.3967545 0.0637889 -0.9103534 0.4088859 0.1066722 -0.9126403 0.3945993 0.1202936 -0.9559481 0.2677549 0.1597013 -0.8997384 0.4061605 0.2118222 -0.8937468 0.3954086 0.1244646 0.9852386 0.1175306 0.2469663 0.9618702 0.1175304 0.3655732 0.9233325 0.1175301 0.4784148 0.8702332 0.1175305 0.5837116 0.8034098 0.1175308 0.6798026 0.7239164 0.1175305 0.765173 0.6330063 0.1175298 0.8384762 0.532113 0.1175302 0.898556 0.4228283 0.1175306 0.944465 0.3068754 0.1175302 0.9754794 0.1860826 0.1175297 0.9911097 0.0623553 0.1175305 0.9911097 -0.06235524 0.1175306 0.9754794 -0.1860827 0.1175298 0.944465 -0.3068754 0.1175301 0.898556 -0.4228283 0.1175306 0.8384761 -0.5321132 0.1175303 0.7651731 -0.6330062 0.1175297 0.6798028 -0.7239163 0.1175304 0.5837114 -0.8034099 0.1175308 0.4784148 -0.8702332 0.1175306 0.3655733 -0.9233325 0.1175301 0.2469664 -0.9618702 0.1175303 0.7711025 -0.6352583 0.04298543 0.5765445 0.8107168 -0.1016593 0.3935861 0.8952294 -0.2089364 0.4233754 0.7378849 -0.5256226 0.05336905 -0.9815996 -0.1833412 0.2123777 -0.8288994 -0.5175148 0.210313 -0.838293 -0.5030242 0.3393377 -0.7818248 -0.5230678 -0.09304868 -0.2079156 -0.973711 0.1834058 -0.5139498 -0.8379845 0.3292004 -0.4759314 -0.8155467 0.9078877 -0.008405636 0.4191293 0.8731386 0.01772081 0.4871498 0.8986337 -0.01867304 0.4383022 0.9527446 0.2799544 -0.1179118 0.8528427 0.3545143 -0.3833782 0.8841936 0.002083003 -0.467116 0.8988077 0.4381126 -0.01421461 0.9472079 0.2347928 0.2183337 0.921971 0.3004321 0.2443562 0.9357443 0.02388549 0.3518693 0.9634964 -2.990922e-05 0.2677212 0.9539645 0.1327325 0.2689493 0.7956366 0.5726538 -0.19756 0.8821597 -0.0001779678 0.4709504 0.8992285 0.0171596 0.4371426 0.9713505 0.160476 0.1752872 0.9067908 0.03153107 0.4204001 0.9087139 0.008933508 0.417324 0.925932 0.01237949 0.3774874 0.9287195 0.03925393 0.3686993 0.9235252 -0.2973652 0.2422295 0.8984233 -0.4391057 -0.004662537 0.9473041 -0.2358886 0.2167291 0.954206 -0.2676627 -0.1335946 0.9752499 -0.151153 0.1613706 0.9854145 5.638891e-05 -0.1701711 0.8851871 -0.002735821 0.4652272 0.989432 0.00183064 0.1449859 0.8825018 0.001429451 0.4703069 0.9681969 -0.08230953 0.2362624 0.8924249 -0.01396329 0.4509799 0.9142141 -0.02656685 0.4043596 0.9232726 0.009516309 0.3840274 0.9339439 -0.001325556 0.3574172 -0.1022451 -0.5601924 -0.8220283 0.04956 -0.9159351 -0.3982546 0.03850185 -0.9821878 -0.1839149 0.2060569 -0.9329311 -0.2952628 0.3910894 -0.8956692 -0.2117208 0.5808361 -0.8077235 -0.1010551 0.6256131 -0.6843575 -0.3745172 0.7896347 -0.5820301 -0.1942113 0.8533707 -0.351738 -0.3847581 0.4248663 -0.7386776 -0.5233011 0.6807194 -0.408539 -0.6080436 0.2227059 0.9743853 -0.03123112 0.1244648 0.9901849 -0.06358021 0.3093168 0.9293012 -0.2017981 0.193034 0.9681898 -0.1592055 0.1863999 0.9681805 -0.1669779 -0.006996829 0.8666751 -0.498824 0.4060994 0.7431307 -0.5318271 0.420448 0.9063997 0.04077988 0.222618 0.9743817 -0.03196024 0.2947383 0.7776166 -0.5553753 0.2034244 0.7075434 -0.6767576 0.3676382 0.392708 -0.8429843 -0.1507756 0.5374281 -0.8297215 0.2258402 0.3475559 -0.9100556 0.3486526 -0.05220343 -0.9357971 -0.159023 0.2913315 -0.9433121 -0.08470432 0.1651294 -0.9826278 0.1998909 -0.1018784 -0.9745073 -0.1447248 -0.05886526 -0.9877194 0.5716099 0.8155156 0.0905347 0.729712 0.6665331 0.1524928 0.9159014 0.3195195 0.2429648 0.7704389 0.6353761 0.05216476 0.626496 0.6822331 -0.3769095 0.6802741 0.4117672 -0.606362 0.4590124 0.43218 -0.7762268 0.7076483 0.002413909 -0.7065607 0.4783558 0.001028219 -0.8781655 0.4617753 -0.4304221 -0.7755646 0.9391141 -0.01698714 0.3431854 0.9807479 0.0830143 0.1767547 0.8999297 0.01831832 0.4356501 0.3015113 0.904534 -0.3015113 0.3015113 -0.904534 -0.3015113 0.6849798 0.7254918 -0.06681538 0.6872621 -0.7236569 -0.06317844 0.6573369 0.7017396 -0.2747177 0.6606451 -0.6981159 -0.2760113 0.659825 0.1855294 -0.7281551 0.6538819 0.5155983 -0.5537119 0.6600553 -0.1850583 -0.7280662 0.6554313 -0.5136155 -0.5537227 0.7273007 0.6753944 0.1219677 0.3909764 0.918273 0.06254716 0.09785142 0.9951728 0.007501031 0.1012952 0.9946839 0.01852761 0.7248102 0.5752533 0.3791225 0.5883217 0.7822335 -0.2049107 0.9353578 0.3179167 0.1550317 0.9717844 0.01577176 0.2353432 0.9872204 0.01304954 0.1588256 0.9973587 -0.06781679 0.02601088 0.997942 -0.05211347 0.03736237 0.9971606 -0.04670949 0.0590681 0.9977808 -0.02285794 0.06253761 0.9974873 0.01166393 0.06987854 0.9974863 0.01158366 0.06990628 0.9972952 0.06731232 0.02951852 0.9946869 0.1017904 0.01538398 0.9700539 0.1901151 -0.1511678 0.9530349 0.2865519 0.09804354 0.2176475 0.8292084 -0.5148234 0.07378359 0.9871626 -0.1416547 0.3263269 0.7723099 0.5450212 0.9530327 0.286543 0.09809118 0.872101 0.4892463 -0.008825628 0.7544098 0.5616921 0.3396584 -0.2663131 0.9610277 -0.0741829 -0.4674539 0.8820921 -0.05831252 -0.5434216 0.3383233 -0.7682644 -0.7025111 0.7098714 -0.0506048 -0.6737147 0.2084752 -0.7089757 -0.8355566 0.5487599 -0.02660137 -0.9655386 0.2479438 -0.0791139 -0.3107909 0.5596671 -0.7682329 -0.08552745 0.6707468 -0.7367386 -0.1255879 0.9873205 -0.09708753 -0.0862087 0.9923113 -0.08880545 -0.08990795 0.7261739 -0.681607 -0.3509818 0.9322843 -0.08750904 -0.3648796 0.6578091 -0.6589007 -0.5220042 0.848971 -0.08221827 -0.6866658 0.7219006 -0.08572935 -0.6387418 0.3973149 -0.6589004 -0.8218093 0.5637993 -0.08221879 -0.9135688 0.3971575 -0.08750963 -0.6819394 -9.874597e-16 -0.7314087 -0.6670374 -0.1417832 -0.7314087 -0.6229826 -0.2773697 -0.7314087 -0.5517005 -0.400834 -0.7314087 -0.4563065 -0.5067797 -0.7314087 -0.3409697 -0.5905768 -0.7314087 -0.2107309 -0.6485629 -0.7314087 -0.07128208 -0.6782036 -0.7314087 0.07128208 -0.6782036 -0.7314087 0.2107309 -0.6485629 -0.7314087 0.3409697 -0.5905768 -0.7314087 0.4563065 -0.5067797 -0.7314087 0.5517005 -0.400834 -0.7314087 0.6229826 -0.2773697 -0.7314087 0.6670374 -0.1417832 -0.7314087 0.6819394 -9.533832e-16 -0.7314087 0.6670374 0.1417832 -0.7314087 0.6229826 0.2773697 -0.7314087 0.5517005 0.400834 -0.7314087 0.4563065 0.5067797 -0.7314087 0.3409697 0.5905768 -0.7314087 0.2107309 0.6485629 -0.7314087 0.07128208 0.6782036 -0.7314087 -0.07128208 0.6782036 -0.7314087 -0.2107309 0.6485629 -0.7314087 -0.3409697 0.5905768 -0.7314087 -0.4563065 0.5067797 -0.7314087 -0.5517005 0.400834 -0.7314087 -0.6229826 0.2773697 -0.7314087 -0.6670374 0.1417832 -0.7314087 -0.6492306 -0.3496199 -0.6754743 0.2035424 -0.817577 -0.5386448 0.6869736 4.87298e-17 -0.7266824 0.7252117 1.647757e-17 -0.688526 0.2035424 0.817577 -0.5386448 -0.6492306 0.3496199 -0.6754743 -0.2821301 0.1628877 -0.9454471 -0.162888 0.2821305 -0.9454469 -1.573012e-07 0.3257757 -0.9454471 0.1628879 0.2821302 -0.945447 0.28213 0.1628881 -0.9454471 0.3257763 -2.044522e-07 -0.9454469 0.2821301 -0.1628877 -0.9454471 0.1628878 -0.2821304 -0.945447 -7.358613e-08 -0.3257754 -0.9454472 -0.1628881 -0.2821302 -0.945447 -0.28213 -0.1628881 -0.9454471 -0.3257763 2.698807e-07 -0.9454469 -0.2821301 0.1628877 -0.9454471 -0.162888 0.2821305 -0.9454469 -1.88127e-07 0.3257754 -0.9454472 0.162888 0.2821302 -0.945447 0.28213 0.1628881 -0.9454471 0.3257763 -2.698807e-07 -0.9454469 0.2821301 -0.1628877 -0.9454471 0.1628878 -0.2821304 -0.945447 -1.044118e-07 -0.3257756 -0.9454471 -0.162888 -0.2821302 -0.945447 -0.28213 -0.1628881 -0.9454471 -0.3257763 2.044522e-07 -0.9454469 0.5773503 -0.5773503 -0.5773503 0.5773503 0.5773503 -0.5773503 0.730556 -0.6792989 -0.0695768 0.7309694 0.678802 -0.0700819 0.05210543 -0.5742968 -0.8169873 0.05156577 0.5752167 -0.8163741 -0.3648796 -0.6578091 -0.6589007 -0.6387418 -0.3973149 -0.6589004 -0.08990795 -0.7261739 -0.681607 -0.08551477 -0.9924126 -0.08834269 -0.3509817 -0.9322843 -0.087509 -0.5220042 -0.848971 -0.08221827 -0.6866658 -0.7219006 -0.08572935 -0.9135689 -0.3971573 -0.08750936 -0.8218093 -0.5637993 -0.08221879 0.5522885 -0.3188641 0.7702617 0.3188635 -0.5522885 0.7702619 0.6377276 1.799793e-07 0.770262 0.5522885 0.3188643 0.7702617 0.3188643 0.5522885 0.7702617 -0.3188633 -0.5522885 0.770262 -0.5522885 -0.3188633 0.770262 0.4823409 0.4223149 0.7674617 0.4452376 0.4659051 0.7646541 1.799781e-07 -0.6377282 0.7702615 1.799793e-07 0.6377276 0.770262 -0.3188641 0.5522885 0.7702617 -0.5522885 0.3188635 0.7702619 -0.6377282 1.799781e-07 0.7702615 0.3188641 0.5522885 0.7702617 0.5522885 0.3188635 0.7702619 0.5522885 -0.3188633 0.770262 0.3188633 -0.5522885 0.770262 -0.4452375 0.4659052 0.7646541 -1.799781e-07 -0.6377282 0.7702615 -0.3188635 -0.5522885 0.7702619 -0.4823409 0.4223148 0.7674617 0.6377282 1.799781e-07 0.7702615 -1.799793e-07 0.6377276 0.770262 -0.3188643 0.5522885 0.7702617 -0.5522885 0.3188643 0.7702617 -0.6377276 1.799793e-07 0.770262 -0.5522885 -0.3188641 0.7702617 0.4452375 -0.4659052 0.7646541 1.799781e-07 0.6377282 0.7702615 0.3188635 0.5522885 0.7702619 0.5522885 -0.3188643 0.7702617 0.6377276 -1.799793e-07 0.770262 0.5522885 0.3188641 0.7702617 -0.3188641 -0.5522885 0.7702617 -0.5522885 -0.3188635 0.7702619 1.799793e-07 -0.6377276 0.770262 0.3188643 -0.5522885 0.7702617 -0.5522885 0.3188633 0.770262 -0.3188633 0.5522885 0.770262 0.4823409 -0.4223148 0.7674617 -0.6377282 -1.799781e-07 0.7702615 0.3188633 0.5522885 0.770262 0.5522885 0.3188633 0.770262 -0.4823409 -0.4223149 0.7674617 -0.4452376 -0.4659051 0.7646541 0.6377282 -1.799781e-07 0.7702615 0.5522885 -0.3188635 0.7702619 0.3188641 -0.5522885 0.7702617 -1.799793e-07 -0.6377276 0.770262 -0.3188643 -0.5522885 0.7702617 -0.5522885 -0.3188643 0.7702617 -0.6377276 -1.799793e-07 0.770262 -0.5522885 0.3188641 0.7702617 -0.3188635 0.5522885 0.7702619 -1.799781e-07 0.6377282 0.7702615 0.9958715 -0.04291985 -0.07998637 0.9122202 -0.2048501 -0.3548108 0.9005382 0.009957931 -0.4346629 0.9122202 -0.3548107 -0.2048503 0.6417682 -0.7248725 0.2503866 0.3306429 -0.02217826 -0.9434953 0.5369784 0.1521994 -0.8297527 0.4199432 -0.05325175 -0.9059867 0.98497 -0.03688338 -0.1687414 0.9927752 0.1075688 -0.05316339 0.9935136 0.09605406 -0.06086294 0.9950081 0.08421415 -0.05354253 0.9422932 0.03604157 -0.3328431 0.3184497 -0.8824642 -0.346189 0.8960937 -0.377352 0.2337126 0.3790395 -0.8105603 -0.4464539 0.09901003 -0.8618936 -0.4973293 0.3717501 -0.4641664 -0.8039598 0.099062 -0.4973559 -0.8618723 0.09717176 -0.1247507 -0.9874183 0.7380836 0.0504043 -0.6728239 0.689956 -0.0693611 -0.7205205 0.6913057 -0.3612812 -0.6257575 0.6854159 -0.6356706 -0.3551449 0.8381182 0.1540786 -0.523276 0.8060523 0.2933788 0.5140122 0.7665426 0.3849722 0.5140125 0.5040533 0.6946008 0.5132836 0.4288914 0.7428617 0.5140124 0.3397502 0.7876301 0.5140123 0.246015 0.8217469 0.5140123 0.1489525 0.8447512 0.5140123 -0.7665426 0.3849722 0.5140125 -0.8060522 0.2933789 0.5140123 -0.05440016 0.9340149 0.3530677 -0.05705246 0.9795519 0.1929331 -0.1703857 0.9663051 0.192933 0.9498988 0.284381 0.1296912 0.9314182 0.3390086 -0.1324133 0.9220376 0.3355943 0.192933 0.9104606 0.3927342 0.1296973 0.8857637 0.4448473 -0.1324141 0.876843 0.4403671 0.1929332 -0.2286679 0.9648264 0.1296957 -0.2842777 0.949554 -0.1324138 -0.2814146 0.9399907 0.1929333 -0.3391315 0.931756 0.1296939 -0.3925921 0.9101308 -0.1324139 -0.3886383 0.9009645 0.1929333 -0.5448681 0.8284314 0.1296923 -0.5919005 0.7950603 -0.1324123 -0.5766194 0.7960939 0.1836968 -0.7953485 0.592115 0.1296945 -0.8281311 0.5446701 -0.1324136 -0.8197896 0.5388234 0.1939441 -0.8587107 0.4957769 0.1296962 -0.8857637 0.4448473 -0.1324141 -0.876843 0.440367 0.1929332 -0.9104606 0.3927342 0.1296973 -0.9314182 0.3390086 -0.1324133 -0.9220376 0.3355944 0.192933 -0.9498988 0.284381 0.1296911 -0.9644767 0.2285851 -0.1324143 -0.9547632 0.2262828 0.1929333 -0.9898763 0.0576538 0.1296953 -0.9911946 1.401782e-16 -0.1324131 -0.9812119 -3.129351e-09 0.1929331 -0.6742974 0.4402198 0.5928993 -0.5468711 0.7544428 0.3629712 -0.5115959 0.706519 0.488979 -0.4828072 0.6408845 0.596795 0.8745522 0.1320121 -0.4666169 0.9715704 0.1370862 0.1930243 0.925324 0.1302942 0.3560883 0.858628 0.1146891 0.4996042 0.7975677 0.0001294826 0.6032294 0.7992054 0.09670847 0.593227 0.7175439 0.4698258 0.514193 0.6757257 0.4414352 0.590364 0.6726052 0.4412127 0.5940821 0.7289092 0.4738534 0.4941197 0.7836258 0.5090316 0.3561144 0.6802061 0.7166532 0.1540385 0.7515467 0.6424902 0.1496127 0.5662379 0.7510959 0.3394549 0.5117295 0.6936212 0.5069739 0.5801463 0.7917288 0.1913002 0.4714009 0.6567675 0.5885895 0.4698917 0.653769 0.5931171 -0.4703734 0.6562879 0.5899449 -0.502331 0.696532 0.5123542 -0.7250523 0.4765498 0.4971915 -0.7799932 0.5173678 0.3520529 -0.6766021 0.4413577 0.5894174 -0.7176862 0.4707276 0.5131686 -0.97649 0.1721814 0.1296948 -0.9844926 0.1150707 -0.1324127 -0.9745773 0.1139117 0.1929331 -0.759299 0.6371277 -0.1324137 -0.7515467 0.6424901 0.1496127 -0.7212299 0.6804458 0.1296956 -0.680206 0.7166533 0.1540384 -0.6801992 0.720969 -0.1324115 -0.6373585 0.7595746 0.129694 -0.4450086 0.886085 0.1296947 -0.4906059 0.8497545 0.1929331 -0.4955973 0.8583995 -0.1324143 -0.1721192 0.9761362 -0.1324126 0.05763266 0.9895176 -0.1324137 0 0.9915541 0.1296941 -0.05763278 0.9895176 -0.1324136 -0.1151123 0.9848497 0.1296927 0.1721191 0.9761362 -0.1324126 0.1151125 0.9848497 0.1296926 0.05705235 0.9795519 0.1929331 0.2842779 0.9495539 -0.1324137 0.2286679 0.9648265 0.1296955 0.1703857 0.9663051 0.192933 0.392592 0.9101308 -0.1324139 0.3391315 0.931756 0.1296943 0.2814147 0.9399907 0.1929333 0.4955974 0.8583995 -0.1324143 0.4450086 0.886085 0.1296944 0.388638 0.9009646 0.1929332 0.6801992 0.720969 -0.1324115 0.6373587 0.7595745 0.1296936 0.5919003 0.7950603 -0.1324125 0.7212299 0.6804458 0.1296956 0.759299 0.6371277 -0.1324137 0.8587107 0.4957769 0.1296962 0.8281311 0.5446701 -0.1324136 0.822996 0.5354312 0.1897131 0.7953485 0.592115 0.1296945 0.9644767 0.2285851 -0.1324143 0.05440016 0.9340149 0.3530677 0.05046608 0.8664687 0.4966742 0.1624649 0.9213839 0.3530678 0.1507157 0.8547512 0.4966741 0.1400793 0.7944291 0.5909824 -0.9355978 -8.342258e-09 0.3530676 -0.9292716 0.1086163 0.3530676 -0.8679371 -3.921447e-08 0.4966741 -0.8620684 0.1007613 0.4966743 -0.8066845 -3.816112e-09 0.5909823 -0.8012299 0.0936503 0.5909824 -0.9103786 0.2157636 0.3530678 -0.8445418 0.2001602 0.4966739 -0.7849402 0.1860342 0.5909823 -0.7844932 0.1859283 0.5916088 0.2683325 0.8962928 0.3530678 0.2489272 0.8314747 0.496674 0.2313597 0.7727954 0.5909823 0.2312279 0.7723553 0.5916088 -0.8791742 0.3199932 0.3530681 -0.815594 0.2968519 0.4966743 -0.7580355 0.2759024 0.5909822 -0.7576039 0.2757453 0.5916087 0.3705711 0.8590809 0.3530681 0.3437723 0.7969539 0.496674 0.3195115 0.7407108 0.5909821 0.3193294 0.740289 0.5916088 -0.800774 0.09359698 0.5916085 -0.8519828 0.09958262 0.5140123 -0.834661 0.1978183 0.5140126 -0.4288914 0.7428617 0.5140123 -0.4033423 0.6986093 0.5909823 -0.4031127 0.6982115 0.5916086 -0.3193294 0.740289 0.5916088 -0.3397503 0.7876301 0.5140123 -0.2460149 0.8217469 0.5140124 -0.4677988 0.8102515 0.3530677 -0.4339685 0.7516556 0.4966742 -0.3437723 0.7969539 0.496674 -0.3195114 0.7407108 0.5909822 -0.2313597 0.7727954 0.5909822 -0.231228 0.7723553 0.5916088 -0.1399996 0.7939769 0.5916087 -0.1489525 0.8447512 0.5140123 -0.05341185 0.8578517 0.5111141 0.978836 0.1630363 0.1236903 0.9547632 0.2262829 0.1929332 0.9103786 0.2157636 0.3530677 0.8445418 0.20016 0.496674 0.7849403 0.1860342 0.5909823 0.800774 0.09359694 0.5916085 0.7844932 0.1859284 0.5916088 0.8519827 0.09958252 0.5140124 0.8346609 0.1978185 0.5140127 -0.8577828 -2.868963e-09 0.5140123 -0.8062253 5.802524e-08 0.5916086 -0.7204693 0.3618333 0.5916086 -0.7208796 0.3620393 0.5909824 -0.7756169 0.3895295 0.4966741 -0.8360806 0.4198956 0.3530678 -0.3705713 0.8590808 0.3530681 -0.2489272 0.8314747 0.496674 -0.1400792 0.7944292 0.5909822 -0.04687782 0.8048613 0.5916086 0.05341174 0.8578518 0.511114 -0.2683325 0.8962928 0.3530679 -0.1507158 0.8547511 0.4966742 -0.04690451 0.8053196 0.5909824 0.04687784 0.8048613 0.5916086 -0.1624649 0.9213839 0.3530677 -0.05046608 0.8664686 0.4966743 0.04690446 0.8053196 0.5909825 0.1399996 0.7939769 0.5916086 0.4031128 0.6982116 0.5916086 0.4033423 0.6986093 0.5909823 0.4339684 0.7516556 0.4966742 0.4677989 0.8102514 0.3530678 0.4906061 0.8497544 0.1929331 0.5448681 0.8284314 0.1296923 0.7204693 0.3618332 0.5916086 0.7208795 0.3620393 0.5909824 0.775617 0.3895294 0.4966741 0.8360807 0.4198954 0.3530678 0.7576039 0.2757453 0.5916087 0.7580355 0.2759024 0.5909823 0.815594 0.296852 0.4966743 0.8791742 0.3199933 0.3530681 0.8062253 -5.802524e-08 0.5916086 0.8577828 2.868963e-09 0.5140123 -0.8060523 -0.2933788 0.5140122 -0.7665426 -0.3849722 0.5140125 -0.5040533 -0.6946008 0.5132836 -0.4288914 -0.7428617 0.5140124 -0.3397502 -0.7876301 0.5140123 -0.246015 -0.8217469 0.5140123 -0.1489525 -0.8447512 0.5140123 0.7665426 -0.3849722 0.5140125 0.8060522 -0.2933789 0.5140123 0.05440016 -0.9340149 0.3530677 0.05705246 -0.9795519 0.1929331 0.1703857 -0.9663051 0.192933 -0.9898763 -0.0576538 0.1296953 -0.9844926 -0.1150707 -0.1324127 -0.9745773 -0.1139117 0.192933 -0.97649 -0.1721814 0.1296948 -0.9644767 -0.2285851 -0.1324143 -0.9547632 -0.2262829 0.1929333 -0.9498988 -0.284381 0.1296911 -0.9314182 -0.3390086 -0.1324133 -0.9220376 -0.3355943 0.192933 -0.9104606 -0.3927342 0.1296973 -0.8857637 -0.4448473 -0.1324141 -0.876843 -0.4403671 0.1929332 -0.5448681 -0.8284314 0.1296923 -0.4955973 -0.8583995 -0.1324143 -0.490606 -0.8497544 0.192933 -0.4450087 -0.886085 0.1296946 -0.3925921 -0.9101308 -0.1324139 -0.3886381 -0.9009646 0.1929333 -0.3391314 -0.931756 0.1296942 -0.2842778 -0.949554 -0.1324137 -0.2814147 -0.9399907 0.1929333 -0.2286679 -0.9648264 0.1296956 -0.1721192 -0.9761362 -0.1324127 -0.1703858 -0.9663051 0.192933 0.2286679 -0.9648264 0.1296957 0.2842777 -0.949554 -0.1324138 0.2814146 -0.9399907 0.1929333 0.3391315 -0.931756 0.1296939 0.3925921 -0.9101308 -0.1324139 0.3886383 -0.9009645 0.1929333 0.4450086 -0.886085 0.1296947 0.4955973 -0.8583995 -0.1324143 0.4906059 -0.8497545 0.1929331 0.9712631 -0.1313239 0.1984996 0.6742974 -0.4402198 0.5928993 0.5468711 -0.7544428 0.3629712 0.5115959 -0.706519 0.488979 0.4828072 -0.6408845 0.596795 -0.7175439 -0.4698258 0.514193 -0.6757257 -0.4414352 0.590364 -0.6726052 -0.4412127 0.5940821 -0.7289092 -0.4738534 0.4941197 -0.7836258 -0.5090316 0.3561144 -0.6802061 -0.7166532 0.1540385 -0.7515467 -0.6424902 0.1496127 -0.5662379 -0.7510959 0.3394549 -0.5117295 -0.6936212 0.5069739 -0.5801463 -0.7917288 0.1913002 -0.4714009 -0.6567675 0.5885895 -0.4698917 -0.653769 0.5931171 0.4703734 -0.6562879 0.5899449 0.502331 -0.696532 0.5123542 0.7250523 -0.4765498 0.4971915 0.7799932 -0.5173678 0.3520529 0.8197896 -0.5388234 0.1939441 0.7515467 -0.6424901 0.1496127 0.6766021 -0.4413577 0.5894174 0.7176862 -0.4707276 0.5131686 0.8585499 -0.1129706 0.5001298 0.9267151 -0.1291842 0.3528605 0.799606 -0.09640362 0.5927365 0.8745522 -0.1320121 -0.4666169 0.978836 -0.1630364 0.1236904 0.9644767 -0.2285851 -0.1324143 0.9314183 -0.3390085 -0.1324132 0.9498987 -0.2843812 0.1296914 0.9547632 -0.2262828 0.1929332 0.8857636 -0.4448474 -0.1324143 0.9104607 -0.392734 0.1296969 0.9220376 -0.3355942 0.1929329 0.8281311 -0.5446701 -0.1324136 0.8587108 -0.4957769 0.1296961 0.8768429 -0.4403671 0.1929333 0.680206 -0.7166533 0.1540384 0.6801992 -0.720969 -0.1324114 0.7953485 -0.592115 0.1296945 0.759299 -0.6371277 -0.1324137 0.7212299 -0.6804458 0.1296956 0.5448682 -0.8284314 0.1296922 0.5766195 -0.7960939 0.1836968 0.5919005 -0.7950603 -0.1324123 0.6373585 -0.7595746 0.129694 0.1721192 -0.9761362 -0.1324126 -0.05763266 -0.9895176 -0.1324137 0 -0.9915541 0.1296941 0.05763278 -0.9895176 -0.1324136 0.1151123 -0.9848497 0.1296927 -0.6801992 -0.720969 -0.1324115 -0.6373587 -0.7595745 0.1296936 -0.5919003 -0.7950603 -0.1324125 -0.7212299 -0.6804458 0.1296956 -0.759299 -0.6371277 -0.1324137 -0.8587107 -0.4957769 0.1296962 -0.8281311 -0.5446701 -0.1324136 -0.822996 -0.5354312 0.1897131 -0.7953485 -0.592115 0.1296945 -0.1151125 -0.9848497 0.1296924 -0.05705233 -0.9795519 0.1929331 -0.05440016 -0.9340149 0.3530677 -0.05046608 -0.8664687 0.4966742 -0.1624649 -0.9213839 0.3530678 -0.1507157 -0.8547512 0.4966741 -0.1400793 -0.7944291 0.5909824 0.9103786 -0.2157636 0.3530678 0.8445418 -0.2001602 0.4966739 0.7849402 -0.1860342 0.5909823 0.7844932 -0.1859283 0.5916088 -0.2683325 -0.8962928 0.3530678 -0.2489272 -0.8314747 0.496674 -0.2313597 -0.7727954 0.5909823 -0.2312279 -0.7723553 0.5916088 0.8791742 -0.3199932 0.3530681 0.815594 -0.2968519 0.4966743 0.7580355 -0.2759024 0.5909822 0.7576039 -0.2757453 0.5916087 -0.3705711 -0.8590809 0.3530681 -0.3437723 -0.7969539 0.496674 -0.3195115 -0.7407108 0.5909821 -0.3193294 -0.740289 0.5916088 0.800774 -0.09359698 0.5916085 0.8519828 -0.09958262 0.5140123 0.834661 -0.1978183 0.5140126 0.4288914 -0.7428617 0.5140123 0.4033423 -0.6986093 0.5909823 0.4031127 -0.6982115 0.5916086 0.3193294 -0.740289 0.5916088 0.3397503 -0.7876301 0.5140123 0.2460149 -0.8217469 0.5140124 0.4677988 -0.8102515 0.3530677 0.4339685 -0.7516556 0.4966742 0.3437723 -0.7969539 0.496674 0.3195114 -0.7407108 0.5909822 0.2313597 -0.7727954 0.5909822 0.231228 -0.7723553 0.5916088 0.1399996 -0.7939769 0.5916087 0.1489525 -0.8447512 0.5140123 0.05341185 -0.8578517 0.5111141 -0.9292716 -0.1086163 0.3530677 -0.9103786 -0.2157636 0.3530677 -0.8620684 -0.1007613 0.4966743 -0.8445418 -0.20016 0.496674 -0.80123 -0.09365033 0.5909824 -0.7849403 -0.1860342 0.5909823 -0.800774 -0.09359694 0.5916085 -0.7844932 -0.1859284 0.5916088 -0.8519827 -0.09958252 0.5140124 -0.8346609 -0.1978185 0.5140127 0.7204693 -0.3618333 0.5916086 0.7208796 -0.3620393 0.5909824 0.7756169 -0.3895295 0.4966741 0.8360806 -0.4198956 0.3530678 0.3705713 -0.8590808 0.3530681 0.2489272 -0.8314747 0.496674 0.1400792 -0.7944292 0.5909822 0.04687782 -0.8048613 0.5916086 -0.05341174 -0.8578518 0.511114 0.2683325 -0.8962928 0.3530679 0.1507158 -0.8547511 0.4966742 0.04690451 -0.8053196 0.5909824 -0.04687784 -0.8048613 0.5916086 0.1624649 -0.9213839 0.3530677 0.05046608 -0.8664686 0.4966743 -0.04690446 -0.8053196 0.5909825 -0.1399996 -0.7939769 0.5916086 -0.4031128 -0.6982116 0.5916086 -0.4033423 -0.6986093 0.5909823 -0.4339684 -0.7516556 0.4966742 -0.4677989 -0.8102514 0.3530678 -0.7204693 -0.3618332 0.5916086 -0.7208795 -0.3620393 0.5909824 -0.775617 -0.3895294 0.4966741 -0.8360807 -0.4198954 0.3530678 -0.7576039 -0.2757453 0.5916087 -0.7580355 -0.2759024 0.5909823 -0.815594 -0.296852 0.4966743 -0.8791742 -0.3199933 0.3530681 0.9960632 0.04221724 -0.07794707 0.9122203 0.3548105 -0.2048504 0.9177324 0.3944953 -0.04626683 0.9122202 0.2048502 -0.3548108 0.714991 0.6690387 0.2029167 0.9029498 -0.002209816 -0.4297404 0.8412223 -0.1587627 -0.5168553 0.7274767 -0.06108467 -0.6834078 0.9927752 -0.1075688 -0.05316339 0.9875324 0.006738076 -0.1572718 0.9374604 -0.05401946 -0.3438749 0.9935136 -0.09605406 -0.06086294 0.995124 -0.08348915 -0.05251493 0.3429255 0.8646261 0.3671837 0.5413658 -0.1490693 -0.8274668 0.3306429 0.02217827 -0.9434953 0.4241537 0.05017676 -0.904199 0.09717176 0.1247507 -0.9874183 0.3717501 0.4641663 -0.8039599 0.09906198 0.4973559 -0.8618723 0.37175 0.8039598 -0.4641665 0.09901 0.8618936 -0.4973293 0.6913056 0.6257574 -0.3612814 0.6913057 0.3612811 -0.6257575 0.6816658 0.0710529 -0.7282054 -0.3323714 0.1369264 -0.9331562 -0.5321853 0.1125364 -0.8391152 -0.4743281 0.3531966 -0.8063901 -0.6827294 0.168072 -0.7110783 -0.838435 0.08271739 -0.5386878 -0.8360892 0.2126248 -0.5057129 -0.917049 0.2396058 -0.3187635 -0.9413568 0.2911649 -0.1705006 -0.9579878 0.2291981 -0.1724171 -0.83755 0.5040279 -0.2108694 -0.9560997 0.231003 -0.180308 -0.8360528 0.3878533 -0.3880536 -0.4751742 0.8121185 -0.3386341 -0.4751742 0.6192386 -0.6251024 -0.1258565 0.9158207 -0.3813562 -0.1262458 0.8228642 -0.5540366 -0.07856003 0.1026689 -0.9916085 -0.1151907 0.38486 -0.9157587 -0.1262975 0.5462533 -0.8280436 -0.1265696 0.6981189 -0.7047057 -0.5196623 0.3842493 -0.7630882 -0.07908281 0.6742105 -0.7342929 -0.08522278 0.726556 -0.6818016 -0.3388378 0.6719467 -0.6585412 -0.2909976 0.5770752 -0.7630888 -0.605094 0.4474193 -0.6585417 -0.6797408 0.2400509 -0.693057 -0.6769036 0.2718765 -0.6840209 -0.6044268 0.4083914 -0.684021 -0.5048146 0.5265715 -0.684021 -0.3825388 0.6211114 -0.6840209 -0.243089 0.6877667 -0.684021 -0.09272589 0.7235449 -0.6840209 0.06180018 0.7268398 -0.684021 0.2135517 0.6975034 -0.684021 0.355716 0.6368528 -0.6840209 0.4819105 0.5476108 -0.684021 0.5864697 0.4337841 -0.6840209 0.6646995 0.3004828 -0.684021 0.7130878 0.1536915 -0.684021 0.7294624 5.833064e-17 -0.6840209 0.7130878 -0.1536915 -0.684021 0.6646995 -0.3004828 -0.684021 0.5864697 -0.4337841 -0.6840209 0.4819105 -0.5476108 -0.684021 0.355716 -0.6368528 -0.6840209 0.2135517 -0.6975034 -0.684021 0.06180018 -0.7268398 -0.684021 -0.09272589 -0.7235449 -0.6840209 -0.243089 -0.6877667 -0.684021 -0.3825388 -0.6211114 -0.6840209 -0.5048146 -0.5265715 -0.684021 -0.6044268 -0.4083914 -0.684021 -0.6769036 -0.2718765 -0.6840209 -0.6797408 -0.2400509 -0.693057 -0.605094 -0.4474193 -0.6585417 -0.5196623 -0.3842493 -0.7630882 -0.3388378 -0.6719467 -0.6585412 -0.2909976 -0.5770752 -0.7630888 -0.08522278 -0.726556 -0.6818016 -0.07908281 -0.6742105 -0.7342929 -0.5773503 -0.5773503 -0.5773503 -0.5773503 0.5773503 -0.5773503 -6.247199e-18 -0.7071068 -0.7071068 2.998656e-16 0.7071068 -0.7071068 -0.7279727 0.09583933 -0.6788744 -0.6557218 0.3785812 -0.6532267 -0.3785812 0.6557217 -0.6532269 -1.76291e-07 0.7571624 -0.6532267 0.3785811 0.6557218 -0.6532268 0.6557218 0.3785812 -0.6532267 0.7279727 0.09583933 -0.6788744 0.7279727 -0.09583933 -0.6788744 0.6557218 -0.3785812 -0.6532267 0.3785811 -0.6557218 -0.6532268 -1.76291e-07 -0.7571624 -0.6532267 -0.3785812 -0.6557217 -0.6532269 -0.6557218 -0.3785812 -0.6532267 -0.7279727 -0.09583933 -0.6788744 -0.07856003 -0.1026689 -0.9916085 -0.1151907 -0.38486 -0.9157587 -0.3323714 -0.1369264 -0.9331562 -0.4813546 -0.3493073 -0.8039168 -0.5321853 -0.1125364 -0.8391152 -0.7019213 -0.2338384 -0.6727749 -0.8043979 -0.1355512 -0.5784201 -0.8093462 -0.1848413 -0.5574876 -0.917049 -0.2396058 -0.3187635 -0.9539573 -0.2360744 -0.1850252 -0.9580601 -0.2289826 -0.1723014 -0.833542 -0.3936972 -0.3875696 -0.4751741 -0.6192386 -0.6251025 -0.4751741 -0.8121186 -0.338634 -0.8391677 -0.5022177 -0.2087462 -0.955622 -0.2442027 -0.1647777 -0.1262975 -0.5462533 -0.8280436 -0.1258565 -0.9158207 -0.3813562 -0.1262458 -0.8228642 -0.5540366 -0.1265696 -0.6981189 -0.7047057 1.799793e-07 0.6377276 -0.770262 -0.3188641 0.5522885 -0.7702617 -0.5522885 0.3188635 -0.7702619 -0.6377282 1.799781e-07 -0.7702615 -0.5522885 -0.3188633 -0.770262 -0.3188633 -0.5522885 -0.770262 1.799781e-07 -0.6377282 -0.7702615 0.3188635 -0.5522885 -0.7702619 0.5522885 -0.3188641 -0.7702617 0.6377276 1.799793e-07 -0.770262 0.5522885 0.3188643 -0.7702617 0.3188643 0.5522885 -0.7702617 -1.799793e-07 0.6377276 -0.770262 -0.3188643 0.5522885 -0.7702617 -0.5522885 0.3188643 -0.7702617 -0.6377276 1.799793e-07 -0.770262 -0.5522885 -0.3188641 -0.7702617 -0.3188635 -0.5522885 -0.7702619 -1.799781e-07 -0.6377282 -0.7702615 0.3188633 -0.5522885 -0.770262 0.5522885 -0.3188633 -0.770262 0.6377282 1.799781e-07 -0.7702615 0.5522885 0.3188635 -0.7702619 0.3188641 0.5522885 -0.7702617 1.799781e-07 0.6377282 -0.7702615 -0.3188633 0.5522885 -0.770262 -0.5522885 0.3188633 -0.770262 -0.6377282 -1.799781e-07 -0.7702615 -0.5522885 -0.3188635 -0.7702619 -0.3188641 -0.5522885 -0.7702617 1.799793e-07 -0.6377276 -0.770262 0.3188643 -0.5522885 -0.7702617 0.5522885 -0.3188643 -0.7702617 0.6377276 -1.799793e-07 -0.770262 0.5522885 0.3188641 -0.7702617 0.3188635 0.5522885 -0.7702619 -1.799781e-07 0.6377282 -0.7702615 -0.3188635 0.5522885 -0.7702619 -0.5522885 0.3188641 -0.7702617 -0.6377276 -1.799793e-07 -0.770262 -0.5522885 -0.3188643 -0.7702617 -0.3188643 -0.5522885 -0.7702617 -1.799793e-07 -0.6377276 -0.770262 0.3188641 -0.5522885 -0.7702617 0.5522885 -0.3188635 -0.7702619 0.6377282 -1.799781e-07 -0.7702615 0.5522885 0.3188633 -0.770262 0.3188633 0.5522885 -0.770262 0.7120563 -0.1287402 -0.6902186 0.9649719 0.1627334 -0.2057841 0.7120563 0.1287402 -0.6902187 0.3724309 0.06735967 -0.9256122 0.3724309 -0.06735966 -0.9256122 0.09188382 -0.01662687 -0.9956309 0.3630209 -0.1086814 -0.9254211 0.08968911 -0.02685116 -0.9956078 0.3479477 -0.15009 -0.9254217 0.08596595 -0.03708208 -0.9956077 0.3281697 -0.1894689 -0.9254222 0.08107994 -0.04681152 -0.9956077 0.3039559 -0.2262868 -0.9254216 0.075097 -0.05590765 -0.9956077 0.2756311 -0.2600446 -0.9254211 0.0680986 -0.06424769 -0.9956078 0.2435778 -0.2902847 -0.9254213 0.06017924 -0.07171885 -0.9956078 0.2082306 -0.3165992 -0.9254215 0.05144662 -0.07822079 -0.9956077 0.1700679 -0.3386331 -0.9254213 0.04201782 -0.08366434 -0.9956077 0.1296046 -0.3560856 -0.9254219 0.03202093 -0.08797683 -0.9956077 0.08738925 -0.368724 -0.9254219 0.02159102 -0.09109968 -0.9956077 0.04399212 -0.376377 -0.9254215 0.01086892 -0.09298963 -0.9956078 4.079407e-08 -0.3789385 -0.9254218 7.92678e-09 -0.09362297 -0.9956077 -0.04399223 -0.376377 -0.9254215 -0.01086894 -0.09298963 -0.9956078 -0.08738918 -0.3687241 -0.9254219 -0.021591 -0.09109969 -0.9956077 -0.1296045 -0.3560856 -0.9254219 -0.03202093 -0.08797682 -0.9956077 -0.170068 -0.3386331 -0.9254213 -0.04201783 -0.08366433 -0.9956077 -0.2082306 -0.3165992 -0.9254215 -0.0514466 -0.0782208 -0.9956077 -0.2435778 -0.2902847 -0.9254213 -0.06017926 -0.07171883 -0.9956078 -0.2756312 -0.2600446 -0.9254211 -0.0680986 -0.0642477 -0.9956078 -0.3039559 -0.2262868 -0.9254216 -0.07509701 -0.05590766 -0.9956077 -0.3281697 -0.189469 -0.9254221 -0.08107993 -0.04681154 -0.9956077 -0.3479477 -0.15009 -0.9254217 -0.08596594 -0.03708208 -0.9956077 -0.363021 -0.1086813 -0.9254211 -0.0896891 -0.02685115 -0.9956078 -0.3731825 -0.06580213 -0.9254215 -0.09219952 -0.01625726 -0.9956078 -0.3782984 -0.0220334 -0.9254214 -0.0934639 -0.005443666 -0.9956078 -0.3782984 0.02203338 -0.9254214 -0.0934639 0.005443654 -0.9956078 -0.3731825 0.06580213 -0.9254215 -0.09219951 0.01625728 -0.9956078 -0.3630209 0.1086814 -0.9254211 -0.08968911 0.02685116 -0.9956078 -0.3479477 0.15009 -0.9254217 -0.08596595 0.03708208 -0.9956077 -0.3281697 0.1894689 -0.9254222 -0.08107994 0.04681152 -0.9956077 -0.3039559 0.2262868 -0.9254216 -0.075097 0.05590765 -0.9956077 -0.2756311 0.2600446 -0.9254211 -0.0680986 0.06424769 -0.9956078 -0.2435778 0.2902847 -0.9254213 -0.06017924 0.07171885 -0.9956078 -0.2082306 0.3165992 -0.9254215 -0.05144662 0.07822079 -0.9956077 -0.1700679 0.3386331 -0.9254213 -0.04201782 0.08366434 -0.9956077 -0.1296046 0.3560856 -0.9254219 -0.03202093 0.08797683 -0.9956077 -0.08738925 0.368724 -0.9254219 -0.02159102 0.09109968 -0.9956077 -0.04399212 0.376377 -0.9254215 -0.01086892 0.09298963 -0.9956078 -4.079407e-08 0.3789385 -0.9254218 -7.92678e-09 0.09362297 -0.9956077 0.04399223 0.376377 -0.9254215 0.01086894 0.09298963 -0.9956078 0.08738918 0.3687241 -0.9254219 0.021591 0.09109969 -0.9956077 0.1296045 0.3560856 -0.9254219 0.03202093 0.08797682 -0.9956077 0.170068 0.3386331 -0.9254213 0.04201783 0.08366433 -0.9956077 0.2082306 0.3165992 -0.9254215 0.0514466 0.0782208 -0.9956077 0.2435778 0.2902847 -0.9254213 0.06017926 0.07171883 -0.9956078 0.2756312 0.2600446 -0.9254211 0.0680986 0.0642477 -0.9956078 0.3039559 0.2262868 -0.9254216 0.07509701 0.05590766 -0.9956077 0.3281697 0.189469 -0.9254221 0.08107993 0.04681154 -0.9956077 0.3479477 0.15009 -0.9254217 0.08596594 0.03708208 -0.9956077 0.363021 0.1086813 -0.9254211 0.0896891 0.02685115 -0.9956078 0.09188383 0.01662685 -0.9956309 0.9360546 0.2802364 -0.2127659 0.8971933 0.3870112 -0.2127593 0.8461975 0.4885524 -0.212759 0.7837574 0.5834859 -0.212764 0.7107194 0.6705295 -0.2127632 0.6280702 0.7485049 -0.2127634 0.5369274 0.816358 -0.2127641 0.4385234 0.8731718 -0.2127634 0.3341895 0.9181776 -0.2127611 0.2253356 0.9507663 -0.2127613 0.1134348 0.9704969 -0.2127636 2.741743e-08 0.9771043 -0.2127611 -0.1134348 0.9704969 -0.2127636 -0.2253357 0.9507662 -0.2127613 -0.3341894 0.9181776 -0.212761 -0.4385235 0.8731718 -0.2127633 -0.5369273 0.8163581 -0.2127641 -0.6280701 0.7485049 -0.2127634 -0.7107194 0.6705294 -0.2127632 -0.7837574 0.5834859 -0.212764 -0.8461974 0.4885525 -0.2127591 -0.8971933 0.3870112 -0.2127592 -0.9360546 0.2802364 -0.2127659 -0.9622596 0.1696723 -0.2127622 -0.975451 0.05681362 -0.2127616 -0.975451 -0.05681361 -0.2127616 -0.9622596 -0.1696723 -0.2127622 -0.9360546 -0.2802364 -0.2127659 -0.8971933 -0.3870112 -0.2127593 -0.8461975 -0.4885524 -0.212759 -0.7837574 -0.5834859 -0.212764 -0.7107194 -0.6705295 -0.2127632 -0.6280702 -0.7485049 -0.2127634 -0.5369274 -0.816358 -0.2127641 -0.4385234 -0.8731718 -0.2127634 -0.3341895 -0.9181776 -0.2127611 -0.2253356 -0.9507663 -0.2127613 -0.1134348 -0.9704969 -0.2127636 -2.741743e-08 -0.9771043 -0.2127611 0.1134348 -0.9704969 -0.2127636 0.2253357 -0.9507662 -0.2127613 0.3341894 -0.9181776 -0.212761 0.4385235 -0.8731718 -0.2127633 0.5369273 -0.8163581 -0.2127641 0.6280701 -0.7485049 -0.2127634 0.7107194 -0.6705294 -0.2127632 0.7837574 -0.5834859 -0.212764 0.8461974 -0.4885525 -0.2127591 0.8971933 -0.3870112 -0.2127592 0.9360546 -0.2802364 -0.2127659 0.9649719 -0.1627335 -0.2057841 0.6934722 -0.2076119 -0.6899229 0.6646801 -0.2867149 -0.6899239 0.6269002 -0.3619411 -0.6899238 0.5806415 -0.4322715 -0.6899252 0.5265322 -0.4967575 -0.6899245 0.4653025 -0.5545261 -0.6899235 0.3977797 -0.6047948 -0.6899236 0.3248777 -0.6468842 -0.6899241 0.2475823 -0.6802271 -0.6899233 0.1669385 -0.7043689 -0.6899246 0.08403757 -0.7189879 -0.6899232 1.361236e-09 -0.7238825 -0.6899232 -0.08403763 -0.7189879 -0.6899232 -0.1669384 -0.7043689 -0.6899247 -0.2475824 -0.6802271 -0.6899233 -0.3248777 -0.6468843 -0.689924 -0.3977797 -0.6047948 -0.6899236 -0.4653025 -0.5545261 -0.6899234 -0.5265322 -0.4967575 -0.6899245 -0.5806414 -0.4322715 -0.6899253 -0.6269002 -0.361941 -0.6899238 -0.6646801 -0.2867149 -0.6899238 -0.6934722 -0.2076119 -0.6899229 -0.7128852 -0.125701 -0.6899232 -0.7226579 -0.04209005 -0.6899231 -0.7226579 0.04209006 -0.6899231 -0.7128852 0.125701 -0.6899232 -0.6934722 0.2076119 -0.6899229 -0.6646801 0.2867149 -0.6899239 -0.6269002 0.3619411 -0.6899238 -0.5806415 0.4322715 -0.6899252 -0.5265322 0.4967575 -0.6899245 -0.4653025 0.5545261 -0.6899235 -0.3977797 0.6047948 -0.6899236 -0.3248777 0.6468842 -0.6899241 -0.2475823 0.6802271 -0.6899233 -0.1669385 0.7043689 -0.6899246 -0.08403757 0.7189879 -0.6899232 -1.361236e-09 0.7238825 -0.6899232 0.08403763 0.7189879 -0.6899232 0.1669384 0.7043689 -0.6899247 0.2475824 0.6802271 -0.6899233 0.3248777 0.6468843 -0.689924 0.3977797 0.6047948 -0.6899236 0.4653025 0.5545261 -0.6899234 0.5265322 0.4967575 -0.6899245 0.5806414 0.4322715 -0.6899253 0.6269002 0.361941 -0.6899238 0.6646801 0.2867149 -0.6899238 0.6934722 0.2076119 -0.6899229 -0.04365411 0.5386242 -0.8414145 -0.05768158 0.6999241 -0.7118842 -0.2453833 0.6489192 -0.720202 -0.06942128 0.8401854 -0.5378376 -0.07960999 0.9272987 -0.3657587 -0.3283272 0.8679556 -0.3726316 -0.8504536 0.3713146 -0.3726312 -0.6358395 0.2775215 -0.7202014 -0.3151211 0.1372628 -0.9390727 -0.006800271 0.08346414 -0.9964876 -0.028726 0.3541449 -0.9347493 -0.1213353 0.3215908 -0.9390725 -0.02729688 0.07268245 -0.9969815 -0.2354011 0.247481 -0.9398614 -0.05276878 0.05547661 -0.9970646 -0.07122655 0.03089687 -0.9969815 -0.6393163 0.6721223 -0.373532 -0.477145 0.5016292 -0.721596 -0.6743764 0.5995052 -0.4310568 -0.6560945 0.3771233 -0.6536957 -0.6801685 0.09395833 -0.7270093 -0.6693526 0.08812186 -0.7377002 -0.5522884 0.3188639 -0.7702619 -0.3188641 0.5522886 -0.7702617 -1.484829e-07 0.6377277 -0.7702619 0.3188639 0.5522886 -0.7702617 0.5522884 0.3188639 -0.7702619 0.6693526 0.08812186 -0.7377002 0.5773503 0.5773503 -0.5773503 -0.6324666 0.2540285 -0.7317482 -0.5647478 0.3815816 -0.7317482 -0.4716749 0.4920035 -0.7317482 -0.3574261 0.5803371 -0.7317482 -0.2271309 0.6426167 -0.7317482 -0.08663868 0.6760461 -0.7317482 0.05774316 0.6791247 -0.7317482 0.1995326 0.6517142 -0.7317482 0.3323641 0.5950451 -0.7317482 0.4502743 0.5116617 -0.7317482 0.5479695 0.4053073 -0.7317482 0.6210638 0.2807569 -0.7317481 0.6662755 0.1436021 -0.7317482 0.681575 5.493946e-17 -0.7317482 0.6662755 -0.1436021 -0.7317482 0.6210638 -0.2807569 -0.7317481 0.5479695 -0.4053073 -0.7317482 0.4502743 -0.5116617 -0.7317482 0.3323641 -0.5950451 -0.7317482 0.1995326 -0.6517142 -0.7317482 0.05774316 -0.6791247 -0.7317482 -0.08663868 -0.6760461 -0.7317482 -0.2271309 -0.6426167 -0.7317482 -0.3574261 -0.5803371 -0.7317482 -0.4716749 -0.4920035 -0.7317482 -0.5647478 -0.3815816 -0.7317482 -0.6324666 -0.2540285 -0.7317482 0.5773503 -0.5773503 -0.5773503 0.6693526 -0.08812186 -0.7377002 0.5522884 -0.3188639 -0.7702619 0.3188639 -0.5522886 -0.7702617 -1.484829e-07 -0.6377277 -0.7702619 -0.3188641 -0.5522886 -0.7702617 -0.5522884 -0.3188639 -0.7702619 -0.6693526 -0.08812186 -0.7377002 -0.6560945 -0.3771233 -0.6536957 -0.6736071 -0.6006622 -0.4306489 -0.6801685 -0.09395833 -0.7270093 -0.006800265 -0.08346414 -0.9964876 -0.02872599 -0.3541449 -0.9347493 -0.04365411 -0.5386242 -0.8414145 -0.05768158 -0.6999241 -0.7118842 -0.07011888 -0.8403891 -0.5374285 -0.0795885 -0.9269631 -0.366613 -0.328327 -0.8679556 -0.3726317 -0.6393162 -0.6721223 -0.3735323 -0.8504537 -0.3713141 -0.3726317 -0.6358396 -0.2775219 -0.7202011 -0.3151209 -0.1372628 -0.9390728 -0.2354011 -0.2474808 -0.9398615 -0.05276876 -0.05547663 -0.9970646 -0.07122658 -0.03089686 -0.9969815 -0.1213353 -0.3215908 -0.9390725 -0.0272969 -0.07268243 -0.9969815 -0.2453832 -0.6489193 -0.720202 -0.4771455 -0.5016292 -0.7215957</float_array>
          <technique_common>
            <accessor count="2698" source="#normals-array-array" stride="3">
              <param type="float" name="X" />
              <param type="float" name="Y" />
              <param type="float" name="Z" />
            </accessor>
          </technique_common>
        </source>
        <vertices id="verts-array-vertices">
          <input semantic="POSITION" source="#verts-array" />
        </vertices>
        <triangles count="5408" material="material0">
          <input offset="0" semantic="VERTEX" source="#verts-array-vertices" />
          <input offset="1" semantic="NORMAL" source="#normals-array" />
          <p>0 0 1 1 2 2 3 3 4 4 5 5 5 5 4 4 6 6 5 5 6 6 7 7 7 7 6 6 2 2 7 7 2 2 8 8 8 8 2 2 1 1 8 8 1 1 9 9 9 9 1 1 10 10 11 11 12 12 13 13 13 13 14 14 11 11 11 11 14 14 15 15 11 11 15 15 2 2 2 2 15 15 16 16 2 2 16 16 0 0 17 17 18 18 19 19 19 19 18 18 20 20 19 19 20 20 11 11 20 20 21 21 11 11 11 11 21 21 22 22 11 11 22 22 12 12 12 12 22 22 23 23 12 12 23 23 24 24 25 25 26 26 27 27 28 28 29 29 30 30 30 30 29 29 31 31 30 30 31 31 32 32 31 31 33 33 32 32 32 32 33 33 34 34 32 32 34 34 35 35 35 35 34 34 36 36 35 35 36 36 37 37 37 37 36 36 38 38 27 27 39 39 40 40 40 40 39 39 41 41 40 40 41 41 42 42 43 43 44 44 32 32 45 45 46 46 47 47 47 47 46 46 48 48 47 47 48 48 40 40 42 42 49 49 40 40 40 40 49 49 50 50 40 40 50 50 32 32 32 32 50 50 51 51 32 32 51 51 43 43 48 48 52 52 40 40 40 40 52 52 53 53 40 40 53 53 27 27 27 27 53 53 54 54 27 27 54 54 25 25 44 44 55 55 32 32 32 32 55 55 56 56 32 32 56 56 30 30 57 57 58 58 59 59 59 59 60 60 61 61 61 61 60 60 62 62 61 61 62 62 63 63 63 63 62 62 64 64 65 65 66 66 58 58 58 58 66 66 67 67 58 58 67 67 59 59 59 59 67 67 68 68 59 59 68 68 60 60 69 69 57 57 70 70 70 70 57 57 59 59 70 70 59 59 71 71 71 71 59 59 72 72 71 71 72 72 73 73 73 73 72 72 74 74 73 73 74 74 75 75 75 75 74 74 76 76 77 77 78 78 79 79 79 79 78 78 80 80 79 79 80 80 70 70 70 70 80 80 81 81 70 70 81 81 69 69 6 6 4 4 82 82 82 82 4 4 83 83 4 4 3 3 83 83 83 83 3 3 84 84 85 85 84 84 5 5 5 5 84 84 3 3 9 9 86 86 87 87 9 9 87 87 8 8 8 8 87 87 88 88 8 8 88 88 7 7 7 7 88 88 85 85 7 7 85 85 5 5 9 9 10 10 86 86 86 86 10 10 89 89 10 10 1 1 89 89 89 89 1 1 90 90 91 91 90 90 0 0 0 0 90 90 1 1 13 13 92 92 93 93 13 13 93 93 14 14 14 14 93 93 94 94 14 14 94 94 15 15 15 15 94 94 95 95 15 15 95 95 16 16 16 16 95 95 91 91 16 16 91 91 0 0 13 13 12 12 92 92 92 92 12 12 96 96 12 12 24 24 96 96 96 96 24 24 97 97 97 97 24 24 98 98 98 98 24 24 23 23 20 20 99 99 100 100 20 20 100 100 21 21 21 21 100 100 101 101 21 21 101 101 22 22 22 22 101 101 98 98 22 22 98 98 23 23 20 20 18 18 99 99 99 99 18 18 102 102 18 18 17 17 102 102 102 102 17 17 103 103 104 104 103 103 19 19 19 19 103 103 17 17 6 6 82 82 105 105 6 6 105 105 2 2 2 2 105 105 106 106 2 2 106 106 11 11 11 11 106 106 104 104 11 11 104 104 19 19 48 48 46 46 107 107 107 107 46 46 108 108 46 46 45 45 108 108 108 108 45 45 109 109 110 110 109 109 47 47 47 47 109 109 45 45 35 35 111 111 112 112 35 35 112 112 32 32 32 32 112 112 113 113 32 32 113 113 40 40 40 40 113 113 110 110 40 40 110 110 47 47 35 35 37 37 111 111 111 111 37 37 114 114 37 37 38 38 114 114 114 114 38 38 115 115 116 116 115 115 36 36 36 36 115 115 38 38 29 29 117 117 118 118 29 29 118 118 31 31 31 31 118 118 119 119 31 31 119 119 33 33 33 33 119 119 120 120 33 33 120 120 34 34 34 34 120 120 116 116 34 34 116 116 36 36 29 29 28 28 117 117 117 117 28 28 121 121 28 28 30 30 121 121 121 121 30 30 122 122 122 122 30 30 123 123 123 123 30 30 56 56 123 123 56 56 124 124 124 124 56 56 55 55 124 124 55 55 125 125 125 125 55 55 44 44 125 125 44 44 126 126 126 126 44 44 43 43 126 126 43 43 127 127 127 127 43 43 51 51 127 127 51 51 128 128 128 128 51 51 50 50 128 128 50 50 129 129 129 129 50 50 49 49 129 129 49 49 130 130 130 130 49 49 42 42 130 130 42 42 131 131 131 131 42 42 41 41 131 131 41 41 132 132 132 132 41 41 39 39 39 39 27 27 132 132 132 132 27 27 133 133 27 27 26 26 133 133 133 133 26 26 134 134 134 134 26 26 135 135 135 135 26 26 25 25 48 48 107 107 136 136 48 48 136 136 52 52 52 52 136 136 137 137 52 52 137 137 53 53 53 53 137 137 138 138 53 53 138 138 54 54 54 54 138 138 135 135 54 54 135 135 25 25 61 61 63 63 139 139 139 139 63 63 140 140 63 63 64 64 140 140 140 140 64 64 141 141 142 142 141 141 62 62 62 62 141 141 64 64 66 66 143 143 144 144 66 66 144 144 67 67 67 67 144 144 145 145 67 67 145 145 68 68 68 68 145 145 146 146 68 68 146 146 60 60 60 60 146 146 142 142 60 60 142 142 62 62 66 66 65 65 143 143 143 143 65 65 147 147 65 65 58 58 147 147 147 147 58 58 148 148 149 149 148 148 57 57 57 57 148 148 58 58 80 80 150 150 151 151 80 80 151 151 81 81 81 81 151 151 152 152 81 81 152 152 69 69 69 69 152 152 149 149 69 69 149 149 57 57 80 80 78 78 150 150 150 150 78 78 153 153 78 78 77 77 153 153 153 153 77 77 154 154 155 155 154 154 79 79 79 79 154 154 77 77 73 73 156 156 157 157 73 73 157 157 71 71 71 71 157 157 158 158 71 71 158 158 70 70 70 70 158 158 155 155 70 70 155 155 79 79 73 73 75 75 156 156 156 156 75 75 159 159 75 75 76 76 159 159 159 159 76 76 160 160 161 161 160 160 74 74 74 74 160 160 76 76 61 61 139 139 162 162 61 61 162 162 59 59 59 59 162 162 163 163 59 59 163 163 72 72 72 72 163 163 161 161 72 72 161 161 74 74 83 83 164 164 82 82 82 82 164 164 165 165 106 106 105 105 104 104 104 104 105 105 82 82 104 104 82 82 103 103 103 103 82 82 165 165 103 103 165 165 102 102 86 86 89 89 166 166 92 92 167 167 90 90 167 167 92 92 168 168 168 168 92 92 96 96 168 168 96 96 169 169 90 90 167 167 89 89 89 89 167 167 170 170 89 89 170 170 166 166 85 85 166 166 84 84 84 84 166 166 171 171 84 84 171 171 83 83 83 83 171 171 172 172 83 83 172 172 164 164 94 94 93 93 95 95 95 95 93 93 92 92 95 95 92 92 91 91 91 91 92 92 90 90 169 169 96 96 173 173 173 173 96 96 97 97 173 173 97 97 174 174 174 174 97 97 98 98 174 174 98 98 101 101 165 165 175 175 102 102 102 102 175 175 174 174 102 102 174 174 99 99 99 99 174 174 101 101 99 99 101 101 100 100 85 85 88 88 166 166 166 166 88 88 87 87 166 166 87 87 86 86 133 133 134 134 176 176 176 176 134 134 177 177 114 114 178 178 111 111 111 111 178 178 179 179 180 180 117 117 181 181 181 181 117 117 121 121 181 181 121 121 182 182 113 113 112 112 110 110 110 110 112 112 111 111 110 110 111 111 109 109 109 109 111 111 179 179 109 109 179 179 108 108 116 116 117 117 115 115 115 115 117 117 180 180 115 115 180 180 114 114 114 114 180 180 183 183 114 114 183 183 178 178 125 125 126 126 127 127 184 184 129 129 130 130 134 134 135 135 177 177 177 177 135 135 138 138 177 177 138 138 137 137 179 179 185 185 108 108 108 108 185 185 177 177 108 108 177 177 107 107 107 107 177 177 137 137 107 107 137 137 136 136 116 116 120 120 117 117 117 117 120 120 119 119 117 117 119 119 118 118 182 182 121 121 184 184 184 184 121 121 122 122 184 184 122 122 123 123 176 176 186 186 133 133 133 133 186 186 187 187 133 133 187 187 132 132 132 132 187 187 184 184 132 132 184 184 131 131 131 131 184 184 130 130 128 128 129 129 127 127 127 127 129 129 184 184 127 127 184 184 125 125 125 125 184 184 123 123 125 125 123 123 124 124 150 150 153 153 188 188 188 188 153 153 189 189 156 156 159 159 190 190 191 191 192 192 141 141 149 149 188 188 148 148 148 148 188 188 193 193 148 148 193 193 147 147 189 189 153 153 194 194 194 194 153 153 154 154 194 194 154 154 190 190 193 193 195 195 147 147 147 147 195 195 191 191 147 147 191 191 143 143 143 143 191 191 144 144 149 149 152 152 188 188 188 188 152 152 151 151 188 188 151 151 150 150 157 157 156 156 158 158 158 158 156 156 190 190 158 158 190 190 155 155 155 155 190 190 154 154 140 140 196 196 139 139 139 139 196 196 197 197 141 141 192 192 140 140 140 140 192 192 198 198 140 140 198 198 196 196 145 145 144 144 146 146 146 146 144 144 191 191 146 146 191 191 142 142 142 142 191 191 141 141 163 163 162 162 161 161 161 161 162 162 139 139 161 161 139 139 160 160 160 160 139 139 197 197 160 160 197 197 159 159 159 159 197 197 199 199 159 159 199 199 190 190 200 200 168 168 201 201 201 201 168 168 169 169 201 201 169 169 202 202 202 202 169 169 173 173 202 202 173 173 203 203 203 203 173 173 174 174 203 203 174 174 204 204 204 204 174 174 175 175 204 204 175 175 205 205 205 205 175 175 165 165 205 205 165 165 206 206 206 206 165 165 164 164 206 206 164 164 207 207 207 207 164 164 172 172 207 207 172 172 208 208 208 208 172 172 171 171 208 208 171 171 209 209 209 209 171 171 166 166 209 209 166 166 210 210 210 210 166 166 170 170 210 210 170 170 211 211 211 211 170 170 167 167 211 211 167 167 200 200 200 200 167 167 168 168 212 212 182 182 213 213 213 213 182 182 184 184 213 213 184 184 214 214 214 214 184 184 187 187 214 214 187 187 215 215 215 215 187 187 186 186 215 215 186 186 216 216 216 216 186 186 176 176 216 216 176 176 217 217 217 217 176 176 177 177 217 217 177 177 218 218 218 218 177 177 185 185 218 218 185 185 219 219 219 219 185 185 179 179 219 219 179 179 220 220 220 220 179 179 178 178 220 220 178 178 221 221 221 221 178 178 183 183 221 221 183 183 222 222 222 222 183 183 180 180 222 222 180 180 223 223 223 223 180 180 181 181 223 223 181 181 212 212 212 212 181 181 182 182 224 224 197 197 225 225 225 225 197 197 196 196 225 225 196 196 226 226 226 226 196 196 198 198 226 226 198 198 227 227 227 227 198 198 192 192 227 227 192 192 228 228 228 228 192 192 191 191 228 228 191 191 229 229 229 229 191 191 195 195 229 229 195 195 230 230 230 230 195 195 193 193 230 230 193 193 231 231 231 231 193 193 188 188 231 231 188 188 232 232 232 232 188 188 189 189 232 232 189 189 233 233 233 233 189 189 194 194 233 233 194 194 234 234 234 234 194 194 190 190 234 234 190 190 235 235 235 235 190 190 199 199 235 235 199 199 224 224 224 224 199 199 197 197 236 236 237 237 238 238 239 239 240 240 241 241 241 241 240 240 242 242 243 243 244 244 245 245 245 245 244 244 246 246 245 245 246 246 247 247 238 238 248 248 247 247 247 247 248 248 249 249 247 247 249 249 250 250 250 250 249 249 251 251 250 250 251 251 252 252 252 252 251 251 240 240 240 240 251 251 253 253 240 240 253 253 242 242 246 246 254 254 247 247 247 247 254 254 255 255 247 247 255 255 238 238 238 238 255 255 256 256 238 238 256 256 236 236 257 257 258 258 259 259 259 259 258 258 260 260 259 259 260 260 251 251 251 251 260 260 261 261 251 251 261 261 253 253 262 262 263 263 264 264 265 265 266 266 264 264 264 264 266 266 267 267 264 264 267 267 262 262 268 268 269 269 270 270 270 270 269 269 265 265 270 270 265 265 271 271 271 271 265 265 264 264 272 272 273 273 268 268 268 268 273 273 274 274 268 268 274 274 269 269 272 272 275 275 273 273 273 273 275 275 276 276 273 273 276 276 277 277 278 278 279 279 280 280 280 280 279 279 281 281 280 280 281 281 268 268 268 268 281 281 282 282 268 268 282 282 272 272 283 283 284 284 285 285 285 285 284 284 286 286 285 285 286 286 265 265 265 265 286 286 287 287 265 265 287 287 266 266 288 288 289 289 290 290 291 291 292 292 290 290 290 290 292 292 293 293 290 290 293 293 288 288 294 294 295 295 290 290 290 290 295 295 296 296 290 290 296 296 291 291 297 297 298 298 290 290 290 290 298 298 299 299 290 290 299 299 294 294 300 300 301 301 290 290 290 290 301 301 302 302 290 290 302 302 297 297 303 303 304 304 290 290 290 290 304 304 305 305 290 290 305 305 300 300 306 306 307 307 290 290 290 290 307 307 308 308 290 290 308 308 303 303 309 309 310 310 290 290 290 290 310 310 311 311 290 290 311 311 306 306 312 312 313 313 290 290 290 290 313 313 314 314 290 290 314 314 309 309 315 315 316 316 290 290 290 290 316 316 317 317 290 290 317 317 312 312 289 289 318 318 290 290 290 290 318 318 319 319 290 290 319 319 315 315 202 202 320 320 201 201 201 201 320 320 321 321 201 201 321 321 200 200 200 200 321 321 322 322 200 200 322 322 211 211 211 211 322 322 323 323 211 211 323 323 210 210 210 210 323 323 324 324 210 210 324 324 209 209 209 209 324 324 325 325 209 209 325 325 208 208 208 208 325 325 326 326 208 208 326 326 207 207 207 207 326 326 327 327 207 207 327 327 206 206 206 206 327 327 328 328 206 206 328 328 205 205 205 205 328 328 329 329 205 205 329 329 204 204 204 204 329 329 330 330 204 204 330 330 203 203 203 203 330 330 331 331 203 203 331 331 202 202 202 202 331 331 320 320 217 217 332 332 216 216 216 216 332 332 333 333 216 216 333 333 215 215 215 215 333 333 334 334 215 215 334 334 214 214 214 214 334 334 335 335 214 214 335 335 213 213 213 213 335 335 336 336 213 213 336 336 212 212 212 212 336 336 337 337 212 212 337 337 223 223 223 223 337 337 338 338 223 223 338 338 222 222 222 222 338 338 339 339 222 222 339 339 221 221 221 221 339 339 340 340 221 221 340 340 220 220 220 220 340 340 341 341 220 220 341 341 219 219 219 219 341 341 342 342 219 219 342 342 218 218 218 218 342 342 343 343 218 218 343 343 217 217 217 217 343 343 332 332 229 229 344 344 228 228 228 228 344 344 345 345 228 228 345 345 227 227 227 227 345 345 346 346 227 227 346 346 226 226 226 226 346 346 347 347 226 226 347 347 225 225 225 225 347 347 348 348 225 225 348 348 224 224 224 224 348 348 349 349 224 224 349 349 235 235 235 235 349 349 350 350 235 235 350 350 234 234 234 234 350 350 351 351 234 234 351 351 233 233 233 233 351 351 352 352 233 233 352 352 232 232 232 232 352 352 353 353 232 232 353 353 231 231 231 231 353 353 354 354 231 231 354 354 230 230 230 230 354 354 355 355 230 230 355 355 229 229 229 229 355 355 344 344 248 248 238 238 356 356 356 356 238 238 357 357 238 238 237 237 357 357 357 357 237 237 358 358 359 359 358 358 236 236 236 236 358 358 237 237 246 246 360 360 361 361 246 246 361 361 254 254 254 254 361 361 362 362 254 254 362 362 255 255 255 255 362 362 363 363 255 255 363 363 256 256 256 256 363 363 359 359 256 256 359 359 236 236 246 246 244 244 360 360 360 360 244 244 364 364 244 244 243 243 364 364 364 364 243 243 365 365 366 366 365 365 245 245 245 245 365 365 243 243 252 252 367 367 368 368 252 252 368 368 250 250 250 250 368 368 369 369 250 250 369 369 247 247 247 247 369 369 366 366 247 247 366 366 245 245 252 252 240 240 367 367 367 367 240 240 370 370 240 240 239 239 370 370 370 370 239 239 371 371 371 371 239 239 372 372 372 372 239 239 241 241 260 260 373 373 374 374 260 260 374 374 261 261 261 261 374 374 375 375 261 261 375 375 253 253 253 253 375 375 376 376 253 253 376 376 242 242 242 242 376 376 372 372 242 242 372 372 241 241 260 260 258 258 373 373 373 373 258 258 377 377 258 258 257 257 377 377 377 377 257 257 378 378 379 379 378 378 259 259 259 259 378 378 257 257 248 248 356 356 380 380 248 248 380 380 249 249 249 249 380 380 381 381 249 249 381 381 251 251 251 251 381 381 379 379 251 251 379 379 259 259 274 274 273 273 382 382 382 382 273 273 383 383 273 273 277 277 383 383 383 383 277 277 384 384 385 385 384 384 276 276 276 276 384 384 277 277 281 281 386 386 387 387 281 281 387 387 282 282 282 282 387 387 388 388 282 282 388 388 272 272 272 272 388 388 389 389 272 272 389 389 275 275 275 275 389 389 385 385 275 275 385 385 276 276 281 281 279 279 386 386 386 386 279 279 390 390 279 279 278 278 390 390 390 390 278 278 391 391 392 392 391 391 280 280 280 280 391 391 278 278 271 271 393 393 394 394 271 271 394 394 270 270 270 270 394 394 395 395 270 270 395 395 268 268 268 268 395 395 392 392 268 268 392 392 280 280 271 271 264 264 393 393 393 393 264 264 396 396 264 264 263 263 396 396 396 396 263 263 397 397 398 398 397 397 262 262 262 262 397 397 263 263 286 286 399 399 400 400 286 286 400 400 287 287 287 287 400 400 401 401 287 287 401 401 266 266 266 266 401 401 402 402 266 266 402 402 267 267 267 267 402 402 398 398 267 267 398 398 262 262 286 286 284 284 399 399 399 399 284 284 403 403 284 284 283 283 403 403 403 403 283 283 404 404 404 404 283 283 405 405 405 405 283 283 285 285 274 274 382 382 406 406 274 274 406 406 269 269 269 269 406 406 407 407 269 269 407 407 265 265 265 265 407 407 405 405 265 265 405 405 285 285 288 288 408 408 289 289 289 289 408 408 409 409 289 289 409 409 318 318 318 318 409 409 410 410 318 318 410 410 319 319 319 319 410 410 411 411 319 319 411 411 315 315 315 315 411 411 412 412 315 315 412 412 316 316 316 316 412 412 413 413 316 316 413 413 317 317 317 317 413 413 414 414 317 317 414 414 312 312 312 312 414 414 415 415 312 312 415 415 313 313 313 313 415 415 416 416 313 313 416 416 314 314 314 314 416 416 417 417 314 314 417 417 309 309 309 309 417 417 418 418 309 309 418 418 310 310 310 310 418 418 419 419 310 310 419 419 311 311 311 311 419 419 420 420 311 311 420 420 306 306 306 306 420 420 421 421 306 306 421 421 307 307 307 307 421 421 422 422 307 307 422 422 308 308 308 308 422 422 423 423 308 308 423 423 303 303 303 303 423 423 424 424 303 303 424 424 304 304 304 304 424 424 425 425 304 304 425 425 305 305 305 305 425 425 426 426 305 305 426 426 300 300 300 300 426 426 427 427 300 300 427 427 301 301 301 301 427 427 428 428 301 301 428 428 302 302 302 302 428 428 429 429 302 302 429 429 297 297 297 297 429 429 430 430 297 297 430 430 298 298 298 298 430 430 431 431 298 298 431 431 299 299 299 299 431 431 432 432 299 299 432 432 294 294 294 294 432 432 433 433 294 294 433 433 295 295 295 295 433 433 434 434 295 295 434 434 296 296 296 296 434 434 435 435 296 296 435 435 291 291 291 291 435 435 436 436 291 291 436 436 292 292 292 292 436 436 437 437 292 292 437 437 293 293 293 293 437 437 438 438 293 293 438 438 288 288 288 288 438 438 408 408 321 321 353 353 322 322 322 322 353 353 323 323 439 439 343 343 342 342 321 321 320 320 353 353 353 353 320 320 331 331 353 353 331 331 440 440 350 350 441 441 351 351 351 351 441 441 442 442 350 350 349 349 441 441 441 441 349 349 348 348 441 441 348 348 443 443 348 348 347 347 443 443 443 443 347 347 346 346 443 443 346 346 444 444 346 346 345 345 444 444 444 444 345 345 344 344 444 444 344 344 445 445 445 445 344 344 355 355 445 445 355 355 446 446 446 446 355 355 354 354 446 446 354 354 447 447 447 447 354 354 353 353 447 447 353 353 448 448 448 448 353 353 440 440 439 439 342 342 449 449 450 450 440 440 333 333 451 451 352 352 452 452 452 452 352 352 351 351 452 452 351 351 453 453 453 453 351 351 442 442 454 454 327 327 326 326 343 343 439 439 332 332 332 332 439 439 455 455 332 332 455 455 333 333 333 333 455 455 456 456 333 333 456 456 450 450 454 454 326 326 457 457 451 451 458 458 352 352 352 352 458 458 459 459 352 352 459 459 460 460 329 329 337 337 330 330 330 330 337 337 336 336 330 330 336 336 331 331 331 331 336 336 335 335 331 331 335 335 440 440 440 440 335 335 334 334 440 440 334 334 333 333 327 327 454 454 328 328 328 328 454 454 461 461 328 328 461 461 329 329 329 329 461 461 462 462 329 329 462 462 463 463 326 326 325 325 457 457 457 457 325 325 324 324 457 457 324 324 460 460 460 460 324 324 323 323 460 460 323 323 352 352 352 352 323 323 353 353 342 342 341 341 449 449 449 449 341 341 340 340 449 449 340 340 464 464 464 464 340 340 339 339 464 464 339 339 465 465 465 465 339 339 338 338 465 465 338 338 466 466 466 466 338 338 337 337 466 466 337 337 467 467 467 467 337 337 329 329 467 467 329 329 468 468 468 468 329 329 463 463 469 469 356 356 470 470 470 470 356 356 357 357 470 470 357 357 471 471 370 370 472 472 367 367 367 367 472 472 473 473 471 471 357 357 474 474 474 474 357 357 358 358 474 474 358 358 475 475 369 369 368 368 366 366 366 366 368 368 367 367 366 366 367 367 365 365 365 365 367 367 473 473 365 365 473 473 364 364 377 377 476 476 373 373 373 373 476 476 477 477 381 381 380 380 379 379 379 379 380 380 356 356 379 379 356 356 378 378 378 378 356 356 469 469 378 378 469 469 377 377 377 377 469 469 478 478 377 377 478 478 476 476 372 372 376 376 375 375 375 375 374 374 372 372 372 372 374 374 373 373 372 372 373 373 371 371 371 371 373 373 477 477 371 371 477 477 370 370 370 370 477 477 479 479 370 370 479 479 472 472 358 358 359 359 475 475 475 475 359 359 363 363 475 475 363 363 362 362 473 473 480 480 364 364 364 364 480 480 475 475 364 364 475 475 360 360 360 360 475 475 362 362 360 360 362 362 361 361 383 383 384 384 481 481 482 482 382 382 483 483 483 483 382 382 383 383 483 483 383 383 484 484 484 484 383 383 481 481 403 403 485 485 399 399 399 399 485 485 486 486 407 407 406 406 405 405 405 405 406 406 382 382 405 405 382 382 404 404 404 404 382 382 482 482 404 404 482 482 403 403 403 403 482 482 487 487 403 403 487 487 485 485 396 396 488 488 393 393 393 393 488 488 489 489 398 398 402 402 401 401 388 388 387 387 389 389 389 389 387 387 386 386 389 389 386 386 385 385 385 385 386 386 390 390 385 385 390 390 384 384 384 384 390 390 490 490 384 384 490 490 481 481 395 395 394 394 392 392 392 392 394 394 393 393 392 392 393 393 391 391 391 391 393 393 489 489 391 391 489 489 390 390 390 390 489 489 491 491 390 390 491 491 490 490 401 401 400 400 398 398 398 398 400 400 399 399 398 398 399 399 397 397 397 397 399 399 486 486 397 397 486 486 396 396 396 396 486 486 492 492 396 396 492 492 488 488 493 493 494 494 495 495 495 495 494 494 496 496 495 495 496 496 497 497 498 498 499 499 500 500 493 493 501 501 502 502 500 500 503 503 498 498 498 498 503 503 494 494 498 498 494 494 504 504 504 504 494 494 493 493 504 504 493 493 505 505 505 505 493 493 502 502 506 506 507 507 508 508 508 508 507 507 509 509 508 508 509 509 510 510 510 510 509 509 511 511 510 510 511 511 501 501 501 501 511 511 512 512 501 501 512 512 502 502 506 506 508 508 513 513 513 513 508 508 514 514 513 513 514 514 515 515 515 515 514 514 516 516 515 515 516 516 517 517 517 517 516 516 518 518 518 518 516 516 519 519 518 518 519 519 520 520 521 521 522 522 523 523 524 524 525 525 526 526 526 526 525 525 527 527 524 524 521 521 525 525 525 525 521 521 519 519 519 519 521 521 523 523 519 519 523 523 520 520 495 495 528 528 493 493 493 493 528 528 529 529 493 493 529 529 501 501 501 501 529 529 530 530 501 501 530 530 510 510 530 530 531 531 510 510 510 510 531 531 532 532 510 510 532 532 508 508 508 508 532 532 533 533 508 508 533 533 514 514 514 514 533 533 534 534 514 514 534 534 516 516 516 516 534 534 535 535 516 516 535 535 519 519 519 519 535 535 536 536 519 519 536 536 525 525 537 537 538 538 539 539 540 540 541 541 542 542 543 543 544 544 545 545 545 545 544 544 546 546 539 539 538 538 544 544 538 538 547 547 544 544 544 544 547 547 548 548 544 544 548 548 546 546 546 546 548 548 549 549 546 546 549 549 550 550 551 551 552 552 553 553 553 553 552 552 554 554 553 553 554 554 555 555 556 556 557 557 558 558 558 558 557 557 559 559 558 558 559 559 560 560 560 560 559 559 561 561 560 560 561 561 554 554 554 554 561 561 562 562 554 554 562 562 555 555 563 563 564 564 556 556 565 565 566 566 567 567 568 568 569 569 570 570 570 570 569 569 571 571 563 563 572 572 569 569 568 568 573 573 569 569 569 569 573 573 565 565 569 569 565 565 563 563 563 563 565 565 567 567 563 563 567 567 564 564 556 556 558 558 563 563 563 563 558 558 574 574 563 563 574 574 572 572 575 575 552 552 539 539 539 539 552 552 551 551 539 539 551 551 537 537 575 575 539 539 576 576 576 576 539 539 544 544 576 576 544 544 542 542 542 542 544 544 543 543 542 542 543 543 540 540 575 575 577 577 552 552 552 552 577 577 578 578 552 552 578 578 554 554 554 554 578 578 579 579 554 554 579 579 560 560 560 560 579 579 580 580 560 560 580 580 558 558 558 558 580 580 581 581 558 558 581 581 574 574 582 582 583 583 584 584 584 584 583 583 585 585 584 584 585 585 586 586 587 587 588 588 589 589 582 582 590 590 591 591 589 589 592 592 587 587 587 587 592 592 583 583 587 587 583 583 593 593 593 593 583 583 582 582 593 593 582 582 594 594 594 594 582 582 591 591 595 595 596 596 597 597 597 597 596 596 598 598 597 597 598 598 599 599 599 599 598 598 600 600 599 599 600 600 590 590 590 590 600 600 601 601 590 590 601 601 591 591 595 595 597 597 602 602 602 602 597 597 603 603 602 602 603 603 604 604 604 604 603 603 605 605 604 604 605 605 606 606 606 606 605 605 607 607 607 607 605 605 608 608 607 607 608 608 609 609 610 610 611 611 612 612 613 613 614 614 615 615 615 615 614 614 616 616 613 613 617 617 614 614 614 614 617 617 610 610 614 614 610 610 608 608 608 608 610 610 612 612 608 608 612 612 609 609 584 584 618 618 582 582 582 582 618 618 619 619 582 582 619 619 590 590 590 590 619 619 620 620 590 590 620 620 599 599 620 620 621 621 599 599 599 599 621 621 622 622 599 599 622 622 597 597 597 597 622 622 623 623 597 597 623 623 603 603 603 603 623 623 624 624 603 603 624 624 605 605 605 605 624 624 625 625 605 605 625 625 608 608 608 608 625 625 626 626 608 608 626 626 614 614 627 627 628 628 629 629 630 630 631 631 632 632 630 630 633 633 634 634 634 634 633 633 635 635 629 629 628 628 633 633 628 628 636 636 633 633 633 633 636 636 637 637 633 633 637 637 635 635 635 635 637 637 638 638 635 635 638 638 639 639 640 640 641 641 642 642 642 642 641 641 643 643 642 642 643 643 644 644 645 645 646 646 647 647 647 647 646 646 648 648 647 647 648 648 649 649 649 649 648 648 650 650 649 649 650 650 643 643 643 643 650 650 651 651 643 643 651 651 644 644 652 652 653 653 645 645 654 654 655 655 656 656 657 657 658 658 659 659 659 659 658 658 660 660 652 652 661 661 658 658 657 657 662 662 658 658 658 658 662 662 654 654 658 658 654 654 652 652 652 652 654 654 656 656 652 652 656 656 653 653 645 645 647 647 652 652 652 652 647 647 663 663 652 652 663 663 661 661 664 664 641 641 629 629 629 629 641 641 640 640 629 629 640 640 627 627 664 664 629 629 665 665 665 665 629 629 633 633 665 665 633 633 632 632 632 632 633 633 630 630 664 664 666 666 641 641 641 641 666 666 667 667 641 641 667 667 643 643 643 643 667 667 668 668 643 643 668 668 649 649 649 649 668 668 669 669 649 649 669 669 647 647 647 647 669 669 670 670 647 647 670 670 663 663 430 430 671 671 431 431 431 431 671 671 672 672 431 431 672 672 432 432 435 435 434 434 673 673 429 429 674 674 430 430 430 430 674 674 675 675 430 430 675 675 671 671 427 427 676 676 428 428 428 428 676 676 677 677 428 428 677 677 429 429 429 429 677 677 678 678 429 429 678 678 674 674 412 412 411 411 679 679 409 409 680 680 410 410 410 410 680 680 681 681 410 410 681 681 411 411 411 411 681 681 682 682 411 411 682 682 679 679 437 437 683 683 438 438 438 438 683 683 684 684 438 438 684 684 408 408 673 673 685 685 435 435 435 435 685 685 686 686 435 435 686 686 436 436 436 436 686 686 687 687 436 436 687 687 437 437 437 437 687 687 688 688 437 437 688 688 683 683 672 672 689 689 432 432 432 432 689 689 690 690 432 432 690 690 433 433 433 433 690 690 691 691 433 433 691 691 434 434 434 434 691 691 692 692 434 434 692 692 673 673 425 425 693 693 426 426 426 426 693 693 694 694 426 426 694 694 427 427 427 427 694 694 695 695 427 427 695 695 676 676 419 419 696 696 420 420 420 420 696 696 697 697 420 420 697 697 421 421 684 684 698 698 408 408 408 408 698 698 699 699 408 408 699 699 409 409 409 409 699 699 700 700 409 409 700 700 680 680 417 417 701 701 418 418 418 418 701 701 702 702 418 418 702 702 419 419 419 419 702 702 703 703 419 419 703 703 696 696 414 414 704 704 415 415 415 415 704 704 705 705 415 415 705 705 416 416 679 679 706 706 412 412 412 412 706 706 707 707 412 412 707 707 413 413 413 413 707 707 708 708 413 413 708 708 414 414 414 414 708 708 709 709 414 414 709 709 704 704 424 424 710 710 425 425 425 425 710 710 711 711 425 425 711 711 693 693 705 705 712 712 416 416 416 416 712 712 713 713 416 416 713 713 417 417 417 417 713 713 714 714 417 417 714 714 701 701 422 422 715 715 423 423 423 423 715 715 716 716 423 423 716 716 424 424 424 424 716 716 717 717 424 424 717 717 710 710 697 697 718 718 421 421 421 421 718 718 719 719 421 421 719 719 422 422 422 422 719 719 720 720 422 422 720 720 715 715 721 721 460 460 722 722 722 722 460 460 459 459 722 722 459 459 723 723 723 723 459 459 458 458 723 723 458 458 724 724 724 724 458 458 451 451 724 724 451 451 725 725 725 725 451 451 452 452 725 725 452 452 726 726 726 726 452 452 453 453 726 726 453 453 727 727 727 727 453 453 442 442 727 727 442 442 728 728 728 728 442 442 441 441 728 728 441 441 729 729 729 729 441 441 443 443 729 729 443 443 730 730 730 730 443 443 444 444 730 730 444 444 731 731 731 731 444 444 445 445 731 731 445 445 732 732 732 732 445 445 446 446 732 732 446 446 733 733 733 733 446 446 447 447 733 733 447 447 734 734 734 734 447 447 448 448 734 734 448 448 735 735 735 735 448 448 440 440 735 735 440 440 736 736 736 736 440 440 450 450 736 736 450 450 737 737 737 737 450 450 456 456 737 737 456 456 738 738 738 738 456 456 455 455 738 738 455 455 739 739 739 739 455 455 439 439 739 739 439 439 740 740 740 740 439 439 449 449 740 740 449 449 741 741 741 741 449 449 464 464 741 741 464 464 742 742 742 742 464 464 465 465 742 742 465 465 743 743 743 743 465 465 466 466 743 743 466 466 744 744 744 744 466 466 467 467 744 744 467 467 745 745 745 745 467 467 468 468 745 745 468 468 746 746 746 746 468 468 463 463 746 746 463 463 747 747 747 747 463 463 462 462 747 747 462 462 748 748 748 748 462 462 461 461 748 748 461 461 749 749 749 749 461 461 454 454 749 749 454 454 750 750 750 750 454 454 457 457 750 750 457 457 721 721 721 721 457 457 460 460 751 751 479 479 752 752 752 752 479 479 477 477 752 752 477 477 753 753 753 753 477 477 476 476 753 753 476 476 754 754 754 754 476 476 478 478 754 754 478 478 755 755 755 755 478 478 469 469 755 755 469 469 756 756 756 756 469 469 470 470 756 756 470 470 757 757 757 757 470 470 471 471 757 757 471 471 758 758 758 758 471 471 474 474 758 758 474 474 759 759 759 759 474 474 475 475 759 759 475 475 760 760 760 760 475 475 480 480 760 760 480 480 761 761 761 761 480 480 473 473 761 761 473 473 762 762 762 762 473 473 472 472 762 762 472 472 751 751 751 751 472 472 479 479 763 763 492 492 764 764 764 764 492 492 486 486 764 764 486 486 765 765 765 765 486 486 485 485 765 765 485 485 766 766 766 766 485 485 487 487 766 766 487 487 767 767 767 767 487 487 482 482 767 767 482 482 768 768 768 768 482 482 483 483 768 768 483 483 769 769 769 769 483 483 484 484 769 769 484 484 770 770 770 770 484 484 481 481 770 770 481 481 771 771 771 771 481 481 490 490 771 771 490 490 772 772 772 772 490 490 491 491 772 772 491 491 773 773 773 773 491 491 489 489 773 773 489 489 774 774 774 774 489 489 488 488 774 774 488 488 763 763 763 763 488 488 492 492 775 775 776 776 777 777 777 777 776 776 778 778 779 779 780 780 776 776 776 776 780 780 781 781 776 776 781 781 782 782 775 775 783 783 776 776 776 776 783 783 784 784 776 776 784 784 779 779 785 785 776 776 782 782 786 786 787 787 788 788 788 788 787 787 789 789 611 611 790 790 791 791 791 791 790 790 792 792 791 791 792 792 789 789 789 789 792 792 793 793 789 789 793 793 788 788 794 794 604 604 606 606 606 606 607 607 794 794 794 794 607 607 609 609 794 794 609 609 791 791 791 791 609 609 612 612 791 791 612 612 611 611 601 601 600 600 591 591 591 591 600 600 794 794 591 591 794 794 594 594 602 602 604 604 595 595 595 595 604 604 794 794 595 595 794 794 596 596 596 596 794 794 600 600 596 596 600 600 598 598 782 782 795 795 785 785 785 785 795 795 796 796 785 785 796 796 797 797 797 797 796 796 798 798 797 797 798 798 799 799 799 799 588 588 797 797 797 797 588 588 587 587 797 797 587 587 794 794 794 794 587 587 593 593 794 794 593 593 594 594 787 787 786 786 800 800 800 800 801 801 787 787 787 787 801 801 802 802 787 787 802 802 803 803 803 803 804 804 787 787 787 787 804 804 805 805 787 787 805 805 806 806 807 807 808 808 809 809 809 809 808 808 810 810 807 807 811 811 808 808 808 808 811 811 812 812 808 808 812 812 813 813 813 813 814 814 808 808 808 808 814 814 815 815 808 808 815 815 816 816 817 817 808 808 816 816 818 818 819 819 820 820 820 820 819 819 821 821 822 822 567 567 566 566 566 566 823 823 822 822 822 822 823 823 824 824 822 822 824 824 821 821 821 821 824 824 825 825 821 821 825 825 820 820 559 559 557 557 556 556 567 567 822 822 564 564 564 564 822 822 826 826 564 564 826 826 556 556 556 556 826 826 559 559 559 559 826 826 827 827 559 559 827 827 561 561 547 547 538 538 826 826 826 826 538 538 537 537 826 826 537 537 551 551 561 561 827 827 562 562 562 562 827 827 826 826 562 562 826 826 555 555 555 555 826 826 551 551 555 555 551 551 553 553 816 816 828 828 817 817 817 817 828 828 829 829 817 817 829 829 830 830 830 830 829 829 831 831 830 830 831 831 832 832 832 832 550 550 830 830 830 830 550 550 549 549 830 830 549 549 826 826 826 826 549 549 548 548 826 826 548 548 547 547 819 819 818 818 833 833 833 833 834 834 819 819 819 819 834 834 835 835 819 819 835 835 836 836 836 836 837 837 819 819 819 819 837 837 838 838 819 819 838 838 839 839 840 840 841 841 842 842 842 842 841 841 843 843 844 844 845 845 841 841 841 841 845 845 846 846 841 841 846 846 847 847 840 840 848 848 841 841 841 841 848 848 849 849 841 841 849 849 844 844 850 850 851 851 852 852 853 853 854 854 852 852 852 852 854 854 855 855 852 852 855 855 850 850 841 841 847 847 853 853 853 853 847 847 856 856 856 856 857 857 853 853 853 853 857 857 858 858 853 853 858 858 854 854 859 859 860 860 861 861 861 861 860 860 862 862 863 863 656 656 655 655 655 655 864 864 863 863 863 863 864 864 865 865 863 863 865 865 862 862 862 862 865 865 866 866 862 862 866 866 861 861 648 648 646 646 645 645 656 656 863 863 653 653 653 653 863 863 867 867 653 653 867 867 645 645 645 645 867 867 648 648 648 648 867 867 868 868 648 648 868 868 650 650 851 851 639 639 852 852 852 852 639 639 638 638 852 852 638 638 867 867 867 867 638 638 637 637 627 627 640 640 628 628 628 628 640 640 867 867 628 628 867 867 636 636 636 636 867 867 637 637 650 650 868 868 651 651 651 651 868 868 867 867 651 651 867 867 644 644 644 644 867 867 640 640 644 644 640 640 642 642 860 860 859 859 869 869 869 869 870 870 860 860 860 860 870 870 871 871 860 860 871 871 872 872 872 872 873 873 860 860 860 860 873 873 874 874 860 860 874 874 875 875 876 876 877 877 878 878 878 878 877 877 879 879 880 880 881 881 877 877 877 877 881 881 882 882 877 877 882 882 883 883 876 876 884 884 877 877 877 877 884 884 885 885 877 877 885 885 880 880 522 522 886 886 887 887 887 887 886 886 888 888 889 889 890 890 891 891 891 891 890 890 887 887 891 891 887 887 892 892 892 892 887 887 888 888 893 893 515 515 517 517 517 517 518 518 893 893 893 893 518 518 520 520 893 893 520 520 887 887 887 887 520 520 523 523 887 887 523 523 522 522 512 512 511 511 502 502 502 502 511 511 893 893 502 502 893 893 505 505 513 513 515 515 506 506 506 506 515 515 893 893 506 506 893 893 507 507 507 507 893 893 511 511 507 507 511 511 509 509 894 894 499 499 895 895 895 895 499 499 498 498 895 895 498 498 893 893 893 893 498 498 504 504 893 893 504 504 505 505 896 896 877 877 883 883 883 883 897 897 896 896 896 896 897 897 898 898 896 896 898 898 895 895 895 895 898 898 899 899 895 895 899 899 894 894 900 900 901 901 902 902 902 902 901 901 890 890 902 902 890 890 903 903 903 903 890 890 889 889 904 904 905 905 901 901 901 901 905 905 906 906 901 901 906 906 907 907 901 901 900 900 908 908 908 908 909 909 901 901 901 901 909 909 910 910 901 901 910 910 904 904 911 911 912 912 913 913 913 913 912 912 914 914 912 912 915 915 914 914 914 914 915 915 916 916 914 914 916 916 917 917 916 916 918 918 917 917 917 917 918 918 919 919 917 917 919 919 920 920 921 921 922 922 923 923 924 924 925 925 926 926 926 926 925 925 927 927 926 926 927 927 928 928 929 929 930 930 927 927 931 931 929 929 923 923 923 923 929 929 927 927 923 923 927 927 921 921 921 921 927 927 925 925 922 922 932 932 923 923 923 923 932 932 933 933 923 923 933 933 934 934 934 934 933 933 935 935 934 934 935 935 936 936 937 937 938 938 939 939 939 939 938 938 934 934 939 939 934 934 940 940 940 940 934 934 936 936 940 940 936 936 941 941 930 930 942 942 927 927 927 927 942 942 943 943 927 927 943 943 928 928 928 928 943 943 944 944 928 928 944 944 945 945 945 945 946 946 928 928 928 928 946 946 947 947 928 928 947 947 948 948 948 948 949 949 928 928 928 928 949 949 950 950 928 928 950 950 951 951 934 934 938 938 952 952 934 934 952 952 923 923 923 923 952 952 953 953 923 923 953 953 931 931 954 954 792 792 790 790 955 955 956 956 957 957 958 958 959 959 960 960 960 960 959 959 961 961 955 955 957 957 961 961 962 962 963 963 964 964 964 964 963 963 965 965 964 964 965 965 966 966 966 966 965 965 967 967 965 965 613 613 615 615 967 967 965 965 968 968 968 968 965 965 615 615 968 968 615 615 616 616 969 969 970 970 971 971 971 971 970 970 610 610 971 971 610 610 617 617 961 961 957 957 960 960 960 960 957 957 972 972 960 960 972 972 973 973 973 973 974 974 960 960 960 960 974 974 975 975 960 960 975 975 969 969 617 617 613 613 971 971 971 971 613 613 965 965 971 971 965 965 969 969 969 969 965 965 963 963 969 969 963 963 960 960 960 960 963 963 962 962 960 960 962 962 958 958 976 976 977 977 978 978 978 978 977 977 979 979 978 978 979 979 980 980 980 980 786 786 978 978 978 978 786 786 788 788 978 978 788 788 954 954 954 954 788 788 793 793 954 954 793 793 792 792 611 611 610 610 790 790 790 790 610 610 970 970 790 790 970 970 954 954 954 954 970 970 969 969 954 954 969 969 978 978 978 978 969 969 975 975 978 978 975 975 976 976 976 976 975 975 974 974 981 981 982 982 983 983 984 984 985 985 983 983 976 976 974 974 985 985 803 803 802 802 986 986 986 986 802 802 801 801 987 987 988 988 989 989 803 803 986 986 804 804 804 804 986 986 987 987 804 804 987 987 805 805 805 805 987 987 989 989 805 805 989 989 806 806 990 990 991 991 981 981 981 981 991 991 992 992 993 993 982 982 994 994 994 994 982 982 981 981 994 994 981 981 995 995 995 995 981 981 992 992 995 995 992 992 996 996 997 997 998 998 999 999 998 998 997 997 1000 1000 1000 1000 997 997 1001 1001 1000 1000 1001 1001 1002 1002 976 976 985 985 977 977 977 977 985 985 984 984 977 977 984 984 979 979 979 979 984 984 980 980 980 980 984 984 800 800 980 980 800 800 786 786 993 993 988 988 982 982 982 982 988 988 987 987 982 982 987 987 983 983 983 983 987 987 986 986 983 983 986 986 984 984 984 984 986 986 801 801 984 984 801 801 800 800 956 956 1002 1002 957 957 957 957 1002 1002 1001 1001 957 957 1001 1001 972 972 972 972 1001 1001 973 973 974 974 973 973 985 985 985 985 973 973 1001 1001 985 985 1001 1001 983 983 983 983 1001 1001 997 997 983 983 997 997 981 981 981 981 997 997 999 999 981 981 999 999 990 990 1003 1003 1004 1004 1005 1005 1006 1006 1007 1007 1008 1008 1009 1009 1010 1010 1011 1011 1012 1012 1013 1013 1003 1003 1012 1012 1003 1003 1014 1014 1009 1009 1011 1011 1015 1015 1015 1015 1011 1011 1016 1016 1015 1015 1016 1016 1017 1017 1018 1018 1019 1019 1020 1020 1017 1017 1016 1016 1020 1020 1020 1020 1016 1016 1021 1021 1020 1020 1021 1021 1018 1018 1022 1022 1006 1006 1023 1023 1023 1023 1006 1006 1008 1008 1023 1023 1008 1008 1005 1005 778 778 1024 1024 777 777 777 777 1024 1024 1022 1022 777 777 1022 1022 775 775 775 775 1022 1022 1023 1023 775 775 1023 1023 783 783 1025 1025 779 779 784 784 779 779 1025 1025 780 780 780 780 1025 1025 1026 1026 780 780 1026 1026 781 781 1013 1013 1027 1027 1003 1003 1003 1003 1027 1027 1028 1028 1003 1003 1028 1028 1004 1004 1004 1004 1028 1028 1029 1029 1004 1004 1029 1029 1030 1030 1007 1007 1021 1021 1008 1008 1008 1008 1021 1021 1016 1016 1008 1008 1016 1016 1005 1005 1005 1005 1016 1016 1011 1011 1005 1005 1011 1011 1003 1003 1003 1003 1011 1011 1010 1010 1003 1003 1010 1010 1014 1014 1031 1031 1032 1032 1026 1026 1032 1032 1033 1033 1026 1026 1026 1026 1033 1033 1034 1034 1026 1026 1034 1034 781 781 781 781 1034 1034 1035 1035 781 781 1035 1035 782 782 1030 1030 1031 1031 1004 1004 1004 1004 1031 1031 1026 1026 1004 1004 1026 1026 1005 1005 1005 1005 1026 1026 1025 1025 1005 1005 1025 1025 1023 1023 1023 1023 1025 1025 784 784 1023 1023 784 784 783 783 1036 1036 1037 1037 1038 1038 1039 1039 1040 1040 1036 1036 1036 1036 1040 1040 586 586 1036 1036 586 586 1037 1037 1041 1041 1042 1042 1043 1043 1043 1043 1042 1042 1044 1044 1044 1044 1042 1042 1045 1045 1045 1045 1042 1042 1046 1046 1045 1045 1046 1046 1047 1047 1028 1028 1027 1027 1048 1048 1047 1047 1046 1046 1048 1048 1048 1048 1046 1046 1029 1029 1048 1048 1029 1029 1028 1028 585 585 583 583 1049 1049 1049 1049 583 583 592 592 1049 1049 592 592 589 589 1034 1034 1033 1033 1050 1050 1050 1050 1033 1033 1051 1051 1050 1050 1051 1051 1038 1038 795 795 782 782 1050 1050 1050 1050 782 782 1035 1035 1050 1050 1035 1035 1034 1034 1032 1032 1031 1031 1046 1046 1046 1046 1031 1031 1030 1030 1046 1046 1030 1030 1029 1029 589 589 588 588 1049 1049 1049 1049 588 588 799 799 1049 1049 799 799 1052 1052 1052 1052 799 799 798 798 1052 1052 798 798 796 796 586 586 585 585 1037 1037 1037 1037 585 585 1049 1049 1037 1037 1049 1049 1038 1038 1038 1038 1049 1049 1052 1052 1038 1038 1052 1052 1050 1050 1050 1050 1052 1052 796 796 1050 1050 796 796 795 795 1033 1033 1032 1032 1051 1051 1051 1051 1032 1032 1046 1046 1051 1051 1046 1046 1038 1038 1038 1038 1046 1046 1042 1042 1038 1038 1042 1042 1036 1036 1036 1036 1042 1042 1041 1041 1036 1036 1041 1041 1039 1039 1053 1053 824 824 823 823 1054 1054 1055 1055 1056 1056 1057 1057 1058 1058 1059 1059 1059 1059 1058 1058 1060 1060 1054 1054 1056 1056 1060 1060 1061 1061 1062 1062 1063 1063 1063 1063 1062 1062 1064 1064 1063 1063 1064 1064 1065 1065 1064 1064 568 568 570 570 1065 1065 1064 1064 1066 1066 1066 1066 1064 1064 570 570 1066 1066 570 570 571 571 1067 1067 1068 1068 1069 1069 1069 1069 1068 1068 565 565 1069 1069 565 565 573 573 1060 1060 1056 1056 1059 1059 1059 1059 1056 1056 1070 1070 1059 1059 1070 1070 1071 1071 1071 1071 1072 1072 1059 1059 1059 1059 1072 1072 1073 1073 1059 1059 1073 1073 1067 1067 573 573 568 568 1069 1069 1069 1069 568 568 1064 1064 1069 1069 1064 1064 1067 1067 1067 1067 1064 1064 1062 1062 1067 1067 1062 1062 1059 1059 1059 1059 1062 1062 1061 1061 1059 1059 1061 1061 1057 1057 1074 1074 1075 1075 1076 1076 1076 1076 1075 1075 1077 1077 1076 1076 1077 1077 1078 1078 1078 1078 818 818 1076 1076 1076 1076 818 818 820 820 1076 1076 820 820 1053 1053 1053 1053 820 820 825 825 1053 1053 825 825 824 824 566 566 565 565 823 823 823 823 565 565 1068 1068 823 823 1068 1068 1053 1053 1053 1053 1068 1068 1067 1067 1053 1053 1067 1067 1076 1076 1076 1076 1067 1067 1073 1073 1076 1076 1073 1073 1074 1074 1074 1074 1073 1073 1072 1072 1079 1079 1080 1080 1081 1081 1082 1082 1083 1083 1081 1081 1074 1074 1072 1072 1083 1083 836 836 835 835 1084 1084 1084 1084 835 835 834 834 1085 1085 1086 1086 1087 1087 836 836 1084 1084 837 837 837 837 1084 1084 1085 1085 837 837 1085 1085 838 838 838 838 1085 1085 1087 1087 838 838 1087 1087 839 839 1088 1088 1080 1080 1089 1089 1089 1089 1080 1080 1079 1079 1089 1089 1079 1079 1090 1090 1091 1091 1092 1092 1079 1079 1079 1079 1092 1092 1093 1093 1090 1090 1079 1079 1094 1094 1094 1094 1079 1079 1093 1093 1094 1094 1093 1093 1095 1095 1096 1096 1097 1097 1098 1098 1097 1097 1096 1096 1099 1099 1099 1099 1096 1096 1100 1100 1099 1099 1100 1100 1101 1101 1074 1074 1083 1083 1075 1075 1075 1075 1083 1083 1082 1082 1075 1075 1082 1082 1077 1077 1077 1077 1082 1082 1078 1078 1078 1078 1082 1082 833 833 1078 1078 833 833 818 818 1088 1088 1086 1086 1080 1080 1080 1080 1086 1086 1085 1085 1080 1080 1085 1085 1081 1081 1081 1081 1085 1085 1084 1084 1081 1081 1084 1084 1082 1082 1082 1082 1084 1084 834 834 1082 1082 834 834 833 833 1055 1055 1101 1101 1056 1056 1056 1056 1101 1101 1100 1100 1056 1056 1100 1100 1070 1070 1070 1070 1100 1100 1071 1071 1072 1072 1071 1071 1083 1083 1083 1083 1071 1071 1100 1100 1083 1083 1100 1100 1081 1081 1081 1081 1100 1100 1096 1096 1081 1081 1096 1096 1079 1079 1079 1079 1096 1096 1098 1098 1079 1079 1098 1098 1091 1091 1102 1102 1103 1103 1104 1104 1105 1105 1106 1106 1107 1107 1108 1108 1109 1109 1110 1110 1111 1111 1112 1112 1102 1102 1111 1111 1102 1102 1113 1113 1108 1108 1110 1110 1114 1114 1114 1114 1110 1110 1115 1115 1114 1114 1115 1115 1116 1116 1117 1117 1118 1118 1119 1119 1116 1116 1115 1115 1119 1119 1119 1119 1115 1115 1120 1120 1119 1119 1120 1120 1117 1117 1121 1121 1105 1105 1122 1122 1122 1122 1105 1105 1107 1107 1122 1122 1107 1107 1104 1104 810 810 1123 1123 809 809 809 809 1123 1123 1121 1121 809 809 1121 1121 807 807 807 807 1121 1121 1122 1122 807 807 1122 1122 811 811 1124 1124 813 813 812 812 813 813 1124 1124 814 814 814 814 1124 1124 1125 1125 814 814 1125 1125 815 815 1112 1112 1126 1126 1102 1102 1102 1102 1126 1126 1127 1127 1102 1102 1127 1127 1103 1103 1103 1103 1127 1127 1128 1128 1103 1103 1128 1128 1129 1129 1106 1106 1120 1120 1107 1107 1107 1107 1120 1120 1115 1115 1107 1107 1115 1115 1104 1104 1104 1104 1115 1115 1110 1110 1104 1104 1110 1110 1102 1102 1102 1102 1110 1110 1109 1109 1102 1102 1109 1109 1113 1113 1130 1130 1131 1131 1125 1125 1131 1131 1132 1132 1125 1125 1125 1125 1132 1132 1133 1133 1125 1125 1133 1133 815 815 815 815 1133 1133 1134 1134 815 815 1134 1134 816 816 1129 1129 1130 1130 1103 1103 1103 1103 1130 1130 1125 1125 1103 1103 1125 1125 1104 1104 1104 1104 1125 1125 1124 1124 1104 1104 1124 1124 1122 1122 1122 1122 1124 1124 812 812 1122 1122 812 812 811 811 1135 1135 1136 1136 1137 1137 1138 1138 1139 1139 1135 1135 1139 1139 1140 1140 1135 1135 1135 1135 1140 1140 541 541 1135 1135 541 541 1136 1136 1141 1141 1142 1142 1143 1143 1143 1143 1142 1142 1144 1144 1144 1144 1142 1142 1145 1145 1145 1145 1142 1142 1146 1146 1145 1145 1146 1146 1147 1147 1127 1127 1126 1126 1148 1148 1147 1147 1146 1146 1148 1148 1148 1148 1146 1146 1128 1128 1148 1148 1128 1128 1127 1127 540 540 543 543 1149 1149 1149 1149 543 543 545 545 1149 1149 545 545 546 546 1133 1133 1132 1132 1150 1150 1150 1150 1132 1132 1151 1151 1150 1150 1151 1151 1137 1137 828 828 816 816 1150 1150 1150 1150 816 816 1134 1134 1150 1150 1134 1134 1133 1133 1131 1131 1130 1130 1146 1146 1146 1146 1130 1130 1129 1129 1146 1146 1129 1129 1128 1128 546 546 550 550 1149 1149 1149 1149 550 550 832 832 1149 1149 832 832 1152 1152 1152 1152 832 832 831 831 1152 1152 831 831 829 829 541 541 540 540 1136 1136 1136 1136 540 540 1149 1149 1136 1136 1149 1149 1137 1137 1137 1137 1149 1149 1152 1152 1137 1137 1152 1152 1150 1150 1150 1150 1152 1152 829 829 1150 1150 829 829 828 828 1132 1132 1131 1131 1151 1151 1151 1151 1131 1131 1146 1146 1151 1151 1146 1146 1137 1137 1137 1137 1146 1146 1142 1142 1137 1137 1142 1142 1135 1135 1135 1135 1142 1142 1141 1141 1135 1135 1141 1141 1138 1138 1153 1153 1154 1154 1155 1155 888 888 886 886 1153 1153 1156 1156 1157 1157 1158 1158 1159 1159 1160 1160 1161 1161 1161 1161 1160 1160 1162 1162 1156 1156 1158 1158 1162 1162 1163 1163 1164 1164 1165 1165 1165 1165 1164 1164 1166 1166 1165 1165 1166 1166 1167 1167 1167 1167 1166 1166 1168 1168 1166 1166 524 524 526 526 1168 1168 1166 1166 1169 1169 1169 1169 1166 1166 526 526 1169 1169 526 526 527 527 521 521 1154 1154 1153 1153 521 521 1153 1153 522 522 522 522 1153 1153 886 886 889 889 891 891 1170 1170 1170 1170 891 891 892 892 889 889 1170 1170 903 903 903 903 1170 1170 1171 1171 903 903 1171 1171 902 902 1162 1162 1158 1158 1161 1161 1161 1161 1158 1158 1172 1172 1161 1161 1172 1172 1173 1173 1173 1173 1174 1174 1161 1161 1161 1161 1174 1174 1175 1175 1161 1161 1175 1175 1155 1155 521 521 524 524 1154 1154 1154 1154 524 524 1166 1166 1154 1154 1166 1166 1155 1155 1155 1155 1166 1166 1164 1164 1155 1155 1164 1164 1161 1161 1161 1161 1164 1164 1163 1163 1161 1161 1163 1163 1159 1159 1176 1176 1177 1177 1171 1171 900 900 902 902 1178 1178 1178 1178 902 902 1171 1171 1178 1178 1171 1171 1179 1179 1179 1179 1171 1171 1177 1177 1174 1174 1176 1176 1175 1175 1175 1175 1176 1176 1171 1171 1175 1175 1171 1171 1155 1155 1155 1155 1171 1171 1170 1170 1155 1155 1170 1170 1153 1153 1153 1153 1170 1170 892 892 1153 1153 892 892 888 888 1180 1180 1181 1181 1182 1182 1183 1183 1184 1184 1182 1182 1176 1176 1174 1174 1184 1184 904 904 910 910 1185 1185 1185 1185 910 910 909 909 1186 1186 1187 1187 1188 1188 904 904 1185 1185 905 905 905 905 1185 1185 1186 1186 905 905 1186 1186 906 906 906 906 1186 1186 1188 1188 906 906 1188 1188 907 907 1189 1189 1181 1181 1190 1190 1190 1190 1181 1181 1180 1180 1190 1190 1180 1180 1191 1191 1192 1192 1193 1193 1180 1180 1180 1180 1193 1193 1194 1194 1191 1191 1180 1180 1195 1195 1195 1195 1180 1180 1194 1194 1195 1195 1194 1194 1196 1196 1197 1197 1198 1198 1199 1199 1198 1198 1197 1197 1200 1200 1200 1200 1197 1197 1201 1201 1200 1200 1201 1201 1202 1202 1176 1176 1184 1184 1177 1177 1177 1177 1184 1184 1183 1183 1177 1177 1183 1183 1179 1179 1179 1179 1183 1183 1178 1178 1178 1178 1183 1183 908 908 1178 1178 908 908 900 900 1189 1189 1187 1187 1181 1181 1181 1181 1187 1187 1186 1186 1181 1181 1186 1186 1182 1182 1182 1182 1186 1186 1185 1185 1182 1182 1185 1185 1183 1183 1183 1183 1185 1185 909 909 1183 1183 909 909 908 908 1157 1157 1202 1202 1158 1158 1158 1158 1202 1202 1201 1201 1158 1158 1201 1201 1172 1172 1172 1172 1201 1201 1173 1173 1174 1174 1173 1173 1184 1184 1184 1184 1173 1173 1201 1201 1184 1184 1201 1201 1182 1182 1182 1182 1201 1201 1197 1197 1182 1182 1197 1197 1180 1180 1180 1180 1197 1197 1199 1199 1180 1180 1199 1199 1192 1192 1203 1203 1204 1204 1205 1205 1206 1206 1207 1207 1208 1208 1209 1209 1210 1210 1211 1211 1212 1212 1213 1213 1203 1203 1212 1212 1203 1203 1214 1214 1209 1209 1211 1211 1215 1215 1215 1215 1211 1211 1216 1216 1215 1215 1216 1216 1217 1217 1218 1218 1219 1219 1220 1220 1217 1217 1216 1216 1220 1220 1220 1220 1216 1216 1221 1221 1220 1220 1221 1221 1218 1218 1222 1222 1206 1206 1223 1223 1223 1223 1206 1206 1208 1208 1223 1223 1208 1208 1205 1205 879 879 1224 1224 878 878 878 878 1224 1224 1222 1222 878 878 1222 1222 876 876 876 876 1222 1222 1223 1223 876 876 1223 1223 884 884 1225 1225 880 880 885 885 880 880 1225 1225 881 881 881 881 1225 1225 1226 1226 881 881 1226 1226 882 882 1213 1213 1227 1227 1203 1203 1203 1203 1227 1227 1228 1228 1203 1203 1228 1228 1204 1204 1204 1204 1228 1228 1229 1229 1204 1204 1229 1229 1230 1230 1207 1207 1221 1221 1208 1208 1208 1208 1221 1221 1216 1216 1208 1208 1216 1216 1205 1205 1205 1205 1216 1216 1211 1211 1205 1205 1211 1211 1203 1203 1203 1203 1211 1211 1210 1210 1203 1203 1210 1210 1214 1214 1231 1231 1232 1232 1226 1226 1232 1232 1233 1233 1226 1226 1226 1226 1233 1233 1234 1234 1226 1226 1234 1234 882 882 882 882 1234 1234 1235 1235 882 882 1235 1235 883 883 1230 1230 1231 1231 1204 1204 1204 1204 1231 1231 1226 1226 1204 1204 1226 1226 1205 1205 1205 1205 1226 1226 1225 1225 1205 1205 1225 1225 1223 1223 1223 1223 1225 1225 885 885 1223 1223 885 885 884 884 1236 1236 1237 1237 1238 1238 1239 1239 1240 1240 1236 1236 1236 1236 1240 1240 497 497 1236 1236 497 497 1237 1237 1241 1241 1242 1242 1243 1243 1243 1243 1242 1242 1244 1244 1244 1244 1242 1242 1245 1245 1245 1245 1242 1242 1246 1246 1245 1245 1246 1246 1247 1247 1246 1246 1229 1229 1228 1228 1247 1247 1246 1246 1248 1248 1248 1248 1246 1246 1228 1228 1248 1248 1228 1228 1227 1227 496 496 494 494 1249 1249 1249 1249 494 494 503 503 1249 1249 503 503 500 500 1234 1234 1233 1233 1250 1250 1250 1250 1233 1233 1251 1251 1250 1250 1251 1251 1238 1238 897 897 883 883 1250 1250 1250 1250 883 883 1235 1235 1250 1250 1235 1235 1234 1234 1232 1232 1231 1231 1246 1246 1246 1246 1231 1231 1230 1230 1246 1246 1230 1230 1229 1229 500 500 499 499 1249 1249 1249 1249 499 499 894 894 1249 1249 894 894 1252 1252 1252 1252 894 894 899 899 1252 1252 899 899 898 898 497 497 496 496 1237 1237 1237 1237 496 496 1249 1249 1237 1237 1249 1249 1238 1238 1238 1238 1249 1249 1252 1252 1238 1238 1252 1252 1250 1250 1250 1250 1252 1252 898 898 1250 1250 898 898 897 897 1233 1233 1232 1232 1251 1251 1251 1251 1232 1232 1246 1246 1251 1251 1246 1246 1238 1238 1238 1238 1246 1246 1242 1242 1238 1238 1242 1242 1236 1236 1236 1236 1242 1242 1241 1241 1236 1236 1241 1241 1239 1239 1253 1253 1254 1254 1255 1255 1256 1256 1257 1257 1258 1258 495 495 497 497 1259 1259 1259 1259 497 497 1260 1260 1261 1261 527 527 525 525 1262 1262 1263 1263 1261 1261 1261 1261 525 525 1262 1262 1262 1262 525 525 536 536 1262 1262 536 536 535 535 535 535 534 534 1262 1262 1262 1262 534 534 533 533 1262 1262 533 533 1264 1264 1264 1264 533 533 532 532 1264 1264 532 532 531 531 531 531 530 530 1264 1264 1264 1264 530 530 529 529 1264 1264 529 529 1259 1259 1259 1259 529 529 528 528 1259 1259 528 528 495 495 1265 1265 574 574 581 581 581 581 580 580 1265 1265 1265 1265 580 580 579 579 1265 1265 579 579 1266 1266 1266 1266 579 579 578 578 578 578 577 577 1266 1266 1266 1266 577 577 575 575 1266 1266 575 575 576 576 576 576 542 542 1266 1266 1266 1266 542 542 541 541 1266 1266 541 541 1267 1267 574 574 1265 1265 572 572 572 572 1265 1265 1268 1268 572 572 1268 1268 569 569 569 569 1268 1268 1269 1269 569 569 1269 1269 571 571 1270 1270 1271 1271 1272 1272 1272 1272 1271 1271 1273 1273 1272 1272 1273 1273 1274 1274 1274 1274 1273 1273 1275 1275 1274 1274 1275 1275 1276 1276 1277 1277 1278 1278 1270 1270 1270 1270 1278 1278 1279 1279 1270 1270 1279 1279 1271 1271 1260 1260 1280 1280 1259 1259 1259 1259 1280 1280 1281 1281 1259 1259 1281 1281 1277 1277 1277 1277 1281 1281 1282 1282 1277 1277 1282 1282 1278 1278 1263 1263 1262 1262 1283 1283 1283 1283 1262 1262 1284 1284 1283 1283 1284 1284 1285 1285 1285 1285 1284 1284 1286 1286 1286 1286 1284 1284 1287 1287 1286 1286 1287 1287 1288 1288 1288 1288 1287 1287 1289 1289 1289 1289 1287 1287 1290 1290 1289 1289 1290 1290 1291 1291 1291 1291 1290 1290 1292 1292 1292 1292 1290 1290 1293 1293 1292 1292 1293 1293 1294 1294 1294 1294 1293 1293 1295 1295 1295 1295 1293 1293 1296 1296 1295 1295 1296 1296 1297 1297 1297 1297 1296 1296 1298 1298 1298 1298 1296 1296 1299 1299 1298 1298 1299 1299 1300 1300 1301 1301 1302 1302 1299 1299 1299 1299 1302 1302 1303 1303 1299 1299 1303 1303 1300 1300 1304 1304 1305 1305 1306 1306 1306 1306 1305 1305 1307 1307 1306 1306 1307 1307 1301 1301 1301 1301 1307 1307 1308 1308 1301 1301 1308 1308 1302 1302 1309 1309 1310 1310 1304 1304 1304 1304 1310 1310 1311 1311 1304 1304 1311 1311 1305 1305 1267 1267 1312 1312 1266 1266 1266 1266 1312 1312 1313 1313 1266 1266 1313 1313 1309 1309 1309 1309 1313 1313 1314 1314 1309 1309 1314 1314 1310 1310 1315 1315 1316 1316 1268 1268 1268 1268 1316 1316 1317 1317 1268 1268 1317 1317 1269 1269 1318 1318 1319 1319 1315 1315 1315 1315 1319 1319 1320 1320 1315 1315 1320 1320 1316 1316 1321 1321 1322 1322 1318 1318 1318 1318 1322 1322 1323 1323 1318 1318 1323 1323 1319 1319 1324 1324 1325 1325 1326 1326 1326 1326 1325 1325 1327 1327 1326 1326 1327 1327 1321 1321 1321 1321 1327 1327 1328 1328 1321 1321 1328 1328 1322 1322 1329 1329 1274 1274 1258 1258 1258 1258 1274 1274 1276 1276 1258 1258 1276 1276 1256 1256 1329 1329 1330 1330 1274 1274 1274 1274 1330 1330 1331 1331 1274 1274 1331 1331 1272 1272 1272 1272 1331 1331 1332 1332 1272 1272 1332 1332 1270 1270 1270 1270 1332 1332 1333 1333 1270 1270 1333 1333 1277 1277 1277 1277 1333 1333 1334 1334 1277 1277 1334 1334 1259 1259 1259 1259 1334 1334 1335 1335 1259 1259 1335 1335 1264 1264 1264 1264 1335 1335 1336 1336 1264 1264 1336 1336 1262 1262 1262 1262 1336 1336 1337 1337 1262 1262 1337 1337 1284 1284 1284 1284 1337 1337 1338 1338 1284 1284 1338 1338 1287 1287 1287 1287 1338 1338 1339 1339 1287 1287 1339 1339 1290 1290 1290 1290 1339 1339 1340 1340 1290 1290 1340 1340 1293 1293 1293 1293 1340 1340 1341 1341 1293 1293 1341 1341 1296 1296 1296 1296 1341 1341 1342 1342 1296 1296 1342 1342 1299 1299 1299 1299 1342 1342 1343 1343 1299 1299 1343 1343 1301 1301 1301 1301 1343 1343 1344 1344 1301 1301 1344 1344 1306 1306 1306 1306 1344 1344 1345 1345 1306 1306 1345 1345 1304 1304 1304 1304 1345 1345 1346 1346 1304 1304 1346 1346 1309 1309 1309 1309 1346 1346 1347 1347 1309 1309 1347 1347 1266 1266 1266 1266 1347 1347 1348 1348 1266 1266 1348 1348 1265 1265 1265 1265 1348 1348 1349 1349 1265 1265 1349 1349 1268 1268 1268 1268 1349 1349 1350 1350 1268 1268 1350 1350 1315 1315 1315 1315 1350 1350 1351 1351 1315 1315 1351 1351 1318 1318 1318 1318 1351 1351 1352 1352 1318 1318 1352 1352 1321 1321 1321 1321 1352 1352 1253 1253 1321 1321 1253 1253 1326 1326 1326 1326 1253 1253 1255 1255 1326 1326 1255 1255 1324 1324 1324 1324 1255 1255 1353 1353 672 672 1254 1254 689 689 689 689 1254 1254 1253 1253 689 689 1253 1253 690 690 690 690 1253 1253 1352 1352 690 690 1352 1352 691 691 691 691 1352 1352 1351 1351 691 691 1351 1351 692 692 692 692 1351 1351 1350 1350 692 692 1350 1350 673 673 673 673 1350 1350 1349 1349 673 673 1349 1349 685 685 685 685 1349 1349 1348 1348 685 685 1348 1348 686 686 686 686 1348 1348 1347 1347 686 686 1347 1347 687 687 687 687 1347 1347 1346 1346 687 687 1346 1346 688 688 688 688 1346 1346 1345 1345 688 688 1345 1345 683 683 683 683 1345 1345 1344 1344 683 683 1344 1344 684 684 684 684 1344 1344 1343 1343 684 684 1343 1343 698 698 698 698 1343 1343 1342 1342 698 698 1342 1342 699 699 699 699 1342 1342 1341 1341 699 699 1341 1341 700 700 700 700 1341 1341 1340 1340 700 700 1340 1340 680 680 680 680 1340 1340 1339 1339 680 680 1339 1339 681 681 681 681 1339 1339 1338 1338 681 681 1338 1338 682 682 682 682 1338 1338 1337 1337 682 682 1337 1337 679 679 679 679 1337 1337 1336 1336 679 679 1336 1336 706 706 706 706 1336 1336 1335 1335 706 706 1335 1335 707 707 707 707 1335 1335 1334 1334 707 707 1334 1334 708 708 708 708 1334 1334 1333 1333 708 708 1333 1333 709 709 709 709 1333 1333 1332 1332 709 709 1332 1332 704 704 704 704 1332 1332 1331 1331 704 704 1331 1331 705 705 705 705 1331 1331 1330 1330 705 705 1330 1330 712 712 712 712 1330 1330 1329 1329 1354 1354 865 865 864 864 1355 1355 1356 1356 1357 1357 1357 1357 1356 1356 1358 1358 1359 1359 1360 1360 1361 1361 1359 1359 1361 1361 1358 1358 1362 1362 1363 1363 1364 1364 1364 1364 1363 1363 1365 1365 1364 1364 1365 1365 1366 1366 1365 1365 657 657 659 659 1366 1366 1365 1365 1367 1367 1367 1367 1365 1365 659 659 1367 1367 659 659 660 660 1368 1368 1369 1369 1370 1370 1370 1370 1369 1369 654 654 1370 1370 654 654 662 662 1358 1358 1361 1361 1357 1357 1357 1357 1361 1361 1371 1371 1357 1357 1371 1371 1372 1372 1372 1372 1373 1373 1357 1357 1357 1357 1373 1373 1374 1374 1357 1357 1374 1374 1368 1368 662 662 657 657 1370 1370 1370 1370 657 657 1365 1365 1370 1370 1365 1365 1368 1368 1368 1368 1365 1365 1363 1363 1368 1368 1363 1363 1357 1357 1357 1357 1363 1363 1362 1362 1357 1357 1362 1362 1355 1355 1375 1375 1376 1376 1377 1377 1377 1377 1376 1376 1378 1378 1377 1377 1378 1378 1379 1379 1379 1379 859 859 1377 1377 1377 1377 859 859 861 861 1377 1377 861 861 1354 1354 1354 1354 861 861 866 866 1354 1354 866 866 865 865 655 655 654 654 864 864 864 864 654 654 1369 1369 864 864 1369 1369 1354 1354 1354 1354 1369 1369 1368 1368 1354 1354 1368 1368 1377 1377 1377 1377 1368 1368 1374 1374 1377 1377 1374 1374 1375 1375 1375 1375 1374 1374 1373 1373 1380 1380 1381 1381 1382 1382 1383 1383 1384 1384 1382 1382 1375 1375 1373 1373 1384 1384 872 872 871 871 1385 1385 1385 1385 871 871 870 870 1386 1386 1387 1387 1388 1388 872 872 1385 1385 873 873 873 873 1385 1385 1386 1386 873 873 1386 1386 874 874 874 874 1386 1386 1388 1388 874 874 1388 1388 875 875 1389 1389 1381 1381 1390 1390 1390 1390 1381 1381 1380 1380 1390 1390 1380 1380 1391 1391 1392 1392 1393 1393 1380 1380 1380 1380 1393 1393 1394 1394 1391 1391 1380 1380 1395 1395 1395 1395 1380 1380 1394 1394 1395 1395 1394 1394 1396 1396 1397 1397 1398 1398 1399 1399 1398 1398 1397 1397 1400 1400 1400 1400 1397 1397 1401 1401 1400 1400 1401 1401 1402 1402 1375 1375 1384 1384 1376 1376 1376 1376 1384 1384 1383 1383 1376 1376 1383 1383 1378 1378 1378 1378 1383 1383 1379 1379 1379 1379 1383 1383 869 869 1379 1379 869 869 859 859 1389 1389 1387 1387 1381 1381 1381 1381 1387 1387 1386 1386 1381 1381 1386 1386 1382 1382 1382 1382 1386 1386 1385 1385 1382 1382 1385 1385 1383 1383 1383 1383 1385 1385 870 870 1383 1383 870 870 869 869 1360 1360 1402 1402 1361 1361 1361 1361 1402 1402 1401 1401 1361 1361 1401 1401 1371 1371 1371 1371 1401 1401 1372 1372 1373 1373 1372 1372 1384 1384 1384 1384 1372 1372 1401 1401 1384 1384 1401 1401 1382 1382 1382 1382 1401 1401 1397 1397 1382 1382 1397 1397 1380 1380 1380 1380 1397 1397 1399 1399 1380 1380 1399 1399 1392 1392 1403 1403 1404 1404 1405 1405 1406 1406 1407 1407 1408 1408 1409 1409 1410 1410 1411 1411 1412 1412 1413 1413 1403 1403 1412 1412 1403 1403 1414 1414 1409 1409 1411 1411 1415 1415 1415 1415 1411 1411 1416 1416 1415 1415 1416 1416 1417 1417 1418 1418 1419 1419 1420 1420 1417 1417 1416 1416 1420 1420 1420 1420 1416 1416 1421 1421 1420 1420 1421 1421 1418 1418 1422 1422 1406 1406 1423 1423 1423 1423 1406 1406 1408 1408 1423 1423 1408 1408 1405 1405 843 843 1424 1424 842 842 842 842 1424 1424 1422 1422 842 842 1422 1422 840 840 840 840 1422 1422 1423 1423 840 840 1423 1423 848 848 1425 1425 844 844 849 849 844 844 1425 1425 845 845 845 845 1425 1425 1426 1426 845 845 1426 1426 846 846 1413 1413 1427 1427 1403 1403 1403 1403 1427 1427 1428 1428 1403 1403 1428 1428 1404 1404 1404 1404 1428 1428 1429 1429 1404 1404 1429 1429 1430 1430 1407 1407 1421 1421 1408 1408 1408 1408 1421 1421 1416 1416 1408 1408 1416 1416 1405 1405 1405 1405 1416 1416 1411 1411 1405 1405 1411 1411 1403 1403 1403 1403 1411 1411 1410 1410 1403 1403 1410 1410 1414 1414 1431 1431 1432 1432 1426 1426 1432 1432 1433 1433 1426 1426 1426 1426 1433 1433 1434 1434 1426 1426 1434 1434 846 846 846 846 1434 1434 1435 1435 846 846 1435 1435 847 847 1430 1430 1431 1431 1404 1404 1404 1404 1431 1431 1426 1426 1404 1404 1426 1426 1405 1405 1405 1405 1426 1426 1425 1425 1405 1405 1425 1425 1423 1423 1423 1423 1425 1425 849 849 1423 1423 849 849 848 848 1436 1436 1437 1437 1438 1438 1439 1439 1440 1440 1438 1438 1441 1441 1442 1442 1436 1436 1443 1443 635 635 639 639 1443 1443 630 630 634 634 1443 1443 634 634 635 635 1442 1442 1444 1444 1436 1436 1436 1436 1444 1444 631 631 1436 1436 631 631 1437 1437 1445 1445 1446 1446 1447 1447 1447 1447 1446 1446 1448 1448 1448 1448 1446 1446 1449 1449 1449 1449 1446 1446 1450 1450 1449 1449 1450 1450 1451 1451 1450 1450 1429 1429 1428 1428 1451 1451 1450 1450 1452 1452 1452 1452 1450 1450 1428 1428 1452 1452 1428 1428 1427 1427 1439 1439 857 857 1435 1435 1435 1435 857 857 856 856 1435 1435 856 856 847 847 1453 1453 854 854 858 858 639 639 851 851 1443 1443 1443 1443 851 851 850 850 1443 1443 850 850 1453 1453 1453 1453 850 850 855 855 1453 1453 855 855 854 854 1435 1435 1434 1434 1439 1439 1439 1439 1434 1434 1433 1433 1439 1439 1433 1433 1440 1440 631 631 630 630 1437 1437 1437 1437 630 630 1443 1443 1437 1437 1443 1443 1438 1438 1438 1438 1443 1443 1453 1453 1438 1438 1453 1453 1439 1439 1439 1439 1453 1453 858 858 1439 1439 858 858 857 857 1432 1432 1431 1431 1450 1450 1450 1450 1431 1431 1430 1430 1450 1450 1430 1430 1429 1429 1433 1433 1432 1432 1440 1440 1440 1440 1432 1432 1450 1450 1440 1440 1450 1450 1438 1438 1438 1438 1450 1450 1446 1446 1438 1438 1446 1446 1436 1436 1436 1436 1446 1446 1445 1445 1436 1436 1445 1445 1441 1441 1454 1454 1329 1329 1258 1258 1455 1455 1353 1353 1255 1255 584 584 586 586 1456 1456 1456 1456 586 586 1457 1457 1458 1458 616 616 614 614 1459 1459 1460 1460 1458 1458 1458 1458 614 614 1459 1459 1459 1459 614 614 626 626 1459 1459 626 626 625 625 625 625 624 624 1459 1459 1459 1459 624 624 623 623 1459 1459 623 623 1461 1461 1461 1461 623 623 622 622 1461 1461 622 622 621 621 621 621 620 620 1461 1461 1461 1461 620 620 619 619 1461 1461 619 619 1456 1456 1456 1456 619 619 618 618 1456 1456 618 618 584 584 1462 1462 663 663 670 670 670 670 669 669 1462 1462 1462 1462 669 669 668 668 1462 1462 668 668 1463 1463 1463 1463 668 668 667 667 667 667 666 666 1463 1463 1463 1463 666 666 664 664 1463 1463 664 664 665 665 665 665 632 632 1463 1463 1463 1463 632 632 631 631 1463 1463 631 631 1464 1464 663 663 1462 1462 661 661 661 661 1462 1462 1465 1465 661 661 1465 1465 658 658 658 658 1465 1465 1466 1466 658 658 1466 1466 660 660 1467 1467 1468 1468 1469 1469 1469 1469 1468 1468 1470 1470 1469 1469 1470 1470 1471 1471 1471 1471 1470 1470 1472 1472 1471 1471 1472 1472 1473 1473 1474 1474 1475 1475 1467 1467 1467 1467 1475 1475 1476 1476 1467 1467 1476 1476 1468 1468 1457 1457 1477 1477 1456 1456 1456 1456 1477 1477 1478 1478 1456 1456 1478 1478 1474 1474 1474 1474 1478 1478 1479 1479 1474 1474 1479 1479 1475 1475 1460 1460 1459 1459 1480 1480 1480 1480 1459 1459 1481 1481 1480 1480 1481 1481 1482 1482 1482 1482 1481 1481 1483 1483 1483 1483 1481 1481 1484 1484 1483 1483 1484 1484 1485 1485 1485 1485 1484 1484 1486 1486 1486 1486 1484 1484 1487 1487 1486 1486 1487 1487 1488 1488 1488 1488 1487 1487 1489 1489 1489 1489 1487 1487 1490 1490 1489 1489 1490 1490 1491 1491 1491 1491 1490 1490 1492 1492 1492 1492 1490 1490 1493 1493 1492 1492 1493 1493 1494 1494 1494 1494 1493 1493 1495 1495 1495 1495 1493 1493 1496 1496 1495 1495 1496 1496 1497 1497 1498 1498 1499 1499 1496 1496 1496 1496 1499 1499 1500 1500 1496 1496 1500 1500 1497 1497 1501 1501 1502 1502 1503 1503 1503 1503 1502 1502 1504 1504 1503 1503 1504 1504 1498 1498 1498 1498 1504 1504 1505 1505 1498 1498 1505 1505 1499 1499 1506 1506 1507 1507 1501 1501 1501 1501 1507 1507 1508 1508 1501 1501 1508 1508 1502 1502 1464 1464 1509 1509 1463 1463 1463 1463 1509 1509 1510 1510 1463 1463 1510 1510 1506 1506 1506 1506 1510 1510 1511 1511 1506 1506 1511 1511 1507 1507 1512 1512 1513 1513 1465 1465 1465 1465 1513 1513 1514 1514 1465 1465 1514 1514 1466 1466 1515 1515 1516 1516 1512 1512 1512 1512 1516 1516 1517 1517 1512 1512 1517 1517 1513 1513 1518 1518 1519 1519 1515 1515 1515 1515 1519 1519 1520 1520 1515 1515 1520 1520 1516 1516 1521 1521 1522 1522 1523 1523 1523 1523 1522 1522 1524 1524 1523 1523 1524 1524 1518 1518 1518 1518 1524 1524 1525 1525 1518 1518 1525 1525 1519 1519 1254 1254 1471 1471 1255 1255 1255 1255 1471 1471 1473 1473 1255 1255 1473 1473 1455 1455 1254 1254 1526 1526 1471 1471 1471 1471 1526 1526 1527 1527 1471 1471 1527 1527 1469 1469 1469 1469 1527 1527 1528 1528 1469 1469 1528 1528 1467 1467 1467 1467 1528 1528 1529 1529 1467 1467 1529 1529 1474 1474 1474 1474 1529 1529 1530 1530 1474 1474 1530 1530 1456 1456 1456 1456 1530 1530 1531 1531 1456 1456 1531 1531 1461 1461 1461 1461 1531 1531 1532 1532 1461 1461 1532 1532 1459 1459 1459 1459 1532 1532 1533 1533 1459 1459 1533 1533 1481 1481 1481 1481 1533 1533 1534 1534 1481 1481 1534 1534 1484 1484 1484 1484 1534 1534 1535 1535 1484 1484 1535 1535 1487 1487 1487 1487 1535 1535 1536 1536 1487 1487 1536 1536 1490 1490 1490 1490 1536 1536 1537 1537 1490 1490 1537 1537 1493 1493 1493 1493 1537 1537 1538 1538 1493 1493 1538 1538 1496 1496 1496 1496 1538 1538 1539 1539 1496 1496 1539 1539 1498 1498 1498 1498 1539 1539 1540 1540 1498 1498 1540 1540 1503 1503 1503 1503 1540 1540 1541 1541 1503 1503 1541 1541 1501 1501 1501 1501 1541 1541 1542 1542 1501 1501 1542 1542 1506 1506 1506 1506 1542 1542 1543 1543 1506 1506 1543 1543 1463 1463 1463 1463 1543 1543 1544 1544 1463 1463 1544 1544 1462 1462 1462 1462 1544 1544 1545 1545 1462 1462 1545 1545 1465 1465 1465 1465 1545 1545 1546 1546 1465 1465 1546 1546 1512 1512 1512 1512 1546 1546 1547 1547 1512 1512 1547 1547 1515 1515 1515 1515 1547 1547 1548 1548 1515 1515 1548 1548 1518 1518 1518 1518 1548 1548 1454 1454 1518 1518 1454 1454 1523 1523 1523 1523 1454 1454 1258 1258 1523 1523 1258 1258 1521 1521 1521 1521 1258 1258 1257 1257 712 712 1329 1329 713 713 713 713 1329 1329 1454 1454 713 713 1454 1454 714 714 714 714 1454 1454 1548 1548 714 714 1548 1548 701 701 701 701 1548 1548 1547 1547 701 701 1547 1547 702 702 702 702 1547 1547 1546 1546 702 702 1546 1546 703 703 703 703 1546 1546 1545 1545 703 703 1545 1545 696 696 696 696 1545 1545 1544 1544 696 696 1544 1544 697 697 697 697 1544 1544 1543 1543 697 697 1543 1543 718 718 718 718 1543 1543 1542 1542 718 718 1542 1542 719 719 719 719 1542 1542 1541 1541 719 719 1541 1541 720 720 720 720 1541 1541 1540 1540 720 720 1540 1540 715 715 715 715 1540 1540 1539 1539 715 715 1539 1539 716 716 716 716 1539 1539 1538 1538 716 716 1538 1538 717 717 717 717 1538 1538 1537 1537 717 717 1537 1537 710 710 710 710 1537 1537 1536 1536 710 710 1536 1536 711 711 711 711 1536 1536 1535 1535 711 711 1535 1535 693 693 693 693 1535 1535 1534 1534 693 693 1534 1534 694 694 694 694 1534 1534 1533 1533 694 694 1533 1533 695 695 695 695 1533 1533 1532 1532 695 695 1532 1532 676 676 676 676 1532 1532 1531 1531 676 676 1531 1531 677 677 677 677 1531 1531 1530 1530 677 677 1530 1530 678 678 678 678 1530 1530 1529 1529 678 678 1529 1529 674 674 674 674 1529 1529 1528 1528 674 674 1528 1528 675 675 675 675 1528 1528 1527 1527 675 675 1527 1527 671 671 671 671 1527 1527 1526 1526 671 671 1526 1526 672 672 672 672 1526 1526 1254 1254 932 932 922 922 1549 1549 1550 1550 1551 1551 1552 1552 1553 1553 941 941 936 936 1554 1554 1555 1555 1556 1556 1557 1557 1558 1558 1559 1559 1560 1560 1561 1561 1562 1562 1563 1563 1564 1564 1565 1565 1566 1566 1567 1567 1568 1568 1569 1569 1570 1570 1571 1571 1566 1566 1568 1568 1572 1572 1573 1573 1574 1574 1575 1575 1575 1575 1574 1574 1567 1567 1575 1575 1567 1567 1563 1563 1563 1563 1567 1567 1566 1566 1563 1563 1566 1566 1564 1564 1564 1564 1566 1566 1572 1572 1574 1574 1576 1576 1567 1567 1567 1567 1576 1576 1577 1577 1567 1567 1577 1577 1568 1568 1568 1568 1577 1577 1578 1578 1568 1568 1578 1578 1571 1571 1571 1571 1578 1578 1579 1579 1571 1571 1579 1579 1569 1569 1549 1549 1580 1580 1581 1581 1581 1581 1580 1580 1582 1582 1581 1581 1582 1582 1583 1583 1583 1583 1582 1582 1584 1584 1583 1583 1584 1584 1585 1585 1586 1586 1587 1587 1588 1588 1588 1588 1587 1587 1589 1589 1588 1588 1589 1589 1590 1590 1590 1590 1589 1589 1562 1562 1560 1560 1584 1584 1591 1591 1591 1591 1584 1584 1582 1582 1591 1591 1582 1582 1592 1592 1592 1592 1582 1582 1580 1580 1592 1592 1580 1580 1593 1593 1549 1549 922 922 1580 1580 1580 1580 922 922 921 921 1580 1580 921 921 925 925 1559 1559 1558 1558 1556 1556 1556 1556 1558 1558 1594 1594 1556 1556 1594 1594 1554 1554 1595 1595 1596 1596 1597 1597 1597 1597 1596 1596 1553 1553 1598 1598 1599 1599 1600 1600 1600 1600 1599 1599 1601 1601 1600 1600 1601 1601 1602 1602 936 936 935 935 1598 1598 1598 1598 935 935 933 933 1598 1598 933 933 1599 1599 1553 1553 936 936 1597 1597 1597 1597 936 936 1598 1598 1597 1597 1598 1598 1603 1603 1603 1603 1598 1598 1600 1600 1603 1603 1600 1600 1604 1604 1604 1604 1600 1600 1602 1602 1604 1604 1602 1602 1565 1565 1605 1605 1606 1606 1607 1607 1607 1607 1606 1606 1608 1608 1608 1608 1609 1609 1607 1607 1607 1607 1609 1609 1610 1610 1607 1607 1610 1610 1611 1611 1551 1551 1612 1612 1613 1613 1610 1610 1614 1614 1611 1611 1611 1611 1614 1614 1615 1615 1611 1611 1615 1615 1616 1616 1615 1615 1617 1617 1616 1616 1616 1616 1617 1617 1618 1618 1616 1616 1618 1618 1619 1619 1619 1619 1618 1618 1620 1620 1620 1620 1621 1621 1619 1619 1619 1619 1621 1621 1622 1622 1619 1619 1622 1622 1559 1559 1559 1559 1622 1622 1623 1623 1559 1559 1623 1623 1557 1557 1612 1612 1551 1551 1624 1624 1624 1624 1551 1551 1550 1550 1624 1624 1550 1550 1625 1625 1626 1626 1625 1625 1627 1627 1627 1627 1625 1625 1550 1550 1627 1627 1550 1550 1628 1628 1628 1628 1550 1550 1552 1552 1628 1628 1552 1552 1629 1629 1629 1629 1552 1552 1630 1630 1629 1629 1630 1630 1631 1631 1631 1631 1630 1630 1632 1632 1631 1631 1632 1632 1633 1633 1556 1556 1633 1633 1559 1559 1559 1559 1633 1633 1632 1632 1559 1559 1632 1632 1619 1619 1619 1619 1632 1632 1630 1630 1619 1619 1630 1630 1616 1616 1616 1616 1630 1630 1552 1552 1616 1616 1552 1552 1611 1611 1611 1611 1552 1552 1551 1551 1611 1611 1551 1551 1607 1607 1607 1607 1551 1551 1613 1613 1607 1607 1613 1613 1605 1605 925 925 924 924 1580 1580 1580 1580 924 924 1634 1634 1580 1580 1634 1634 1593 1593 1560 1560 1562 1562 1584 1584 1584 1584 1562 1562 1589 1589 1584 1584 1589 1589 1585 1585 1585 1585 1589 1589 1587 1587 1585 1585 1587 1587 1635 1635 1635 1635 1587 1587 1586 1586 1635 1635 1586 1586 1636 1636 933 933 932 932 1599 1599 1599 1599 932 932 1549 1549 1599 1599 1549 1549 1601 1601 1601 1601 1549 1549 1581 1581 1601 1601 1581 1581 1602 1602 1602 1602 1581 1581 1583 1583 1602 1602 1583 1583 1565 1565 1565 1565 1583 1583 1585 1585 1565 1565 1585 1585 1563 1563 1563 1563 1585 1585 1635 1635 1563 1563 1635 1635 1575 1575 1575 1575 1635 1635 1636 1636 1575 1575 1636 1636 1573 1573 1571 1571 1626 1626 1568 1568 1568 1568 1626 1626 1627 1627 1568 1568 1627 1627 1572 1572 1572 1572 1627 1627 1628 1628 1572 1572 1628 1628 1564 1564 1564 1564 1628 1628 1629 1629 1564 1564 1629 1629 1565 1565 1565 1565 1629 1629 1631 1631 1565 1565 1631 1631 1604 1604 1604 1604 1631 1631 1633 1633 1604 1604 1633 1633 1603 1603 1603 1603 1633 1633 1556 1556 1603 1603 1556 1556 1597 1597 1597 1597 1556 1556 1555 1555 1597 1597 1555 1555 1595 1595 1637 1637 1638 1638 1639 1639 1639 1639 1638 1638 1640 1640 1639 1639 1640 1640 1641 1641 1641 1641 1640 1640 1642 1642 1643 1643 1644 1644 1645 1645 1645 1645 1644 1644 1641 1641 1645 1645 1641 1641 1646 1646 1646 1646 1641 1641 1642 1642 1606 1606 1639 1639 1608 1608 1608 1608 1639 1639 1641 1641 1608 1608 1641 1641 1609 1609 1617 1617 1615 1615 1644 1644 1644 1644 1615 1615 1614 1614 1644 1644 1614 1614 1641 1641 1641 1641 1614 1614 1610 1610 1641 1641 1610 1610 1609 1609 1617 1617 1644 1644 1618 1618 1618 1618 1644 1644 1643 1643 1618 1618 1643 1643 1620 1620 1557 1557 1623 1623 1645 1645 1645 1645 1623 1623 1622 1622 1645 1645 1622 1622 1643 1643 1643 1643 1622 1622 1621 1621 1643 1643 1621 1621 1620 1620 1557 1557 1645 1645 1558 1558 1558 1558 1645 1645 1646 1646 1558 1558 1646 1646 1594 1594 1596 1596 1595 1595 1642 1642 1642 1642 1595 1595 1555 1555 1642 1642 1555 1555 1646 1646 1646 1646 1555 1555 1554 1554 1646 1646 1554 1554 1594 1594 1596 1596 1642 1642 1553 1553 1553 1553 1642 1642 1640 1640 1553 1553 1640 1640 941 941 1624 1624 1647 1647 1612 1612 1612 1612 1647 1647 1648 1648 1612 1612 1648 1648 1613 1613 1648 1648 1649 1649 1650 1650 1613 1613 1648 1648 1605 1605 1605 1605 1648 1648 1650 1650 1605 1605 1650 1650 1606 1606 1647 1647 1651 1651 1652 1652 1624 1624 1625 1625 1647 1647 1647 1647 1625 1625 1626 1626 1647 1647 1626 1626 1653 1653 1653 1653 1626 1626 1571 1571 1653 1653 1571 1571 1570 1570 1570 1570 1654 1654 1653 1653 1653 1653 1654 1654 1655 1655 1653 1653 1655 1655 1656 1656 1656 1656 1657 1657 1653 1653 1653 1653 1657 1657 1658 1658 1653 1653 1658 1658 1659 1659 1659 1659 1660 1660 1653 1653 1653 1653 1660 1660 1661 1661 1653 1653 1661 1661 1662 1662 1662 1662 1663 1663 1653 1653 1653 1653 1663 1663 1664 1664 1653 1653 1664 1664 1665 1665 1666 1666 1667 1667 1649 1649 1647 1647 1652 1652 1648 1648 1648 1648 1652 1652 1668 1668 1648 1648 1668 1668 1649 1649 1649 1649 1668 1668 1666 1666 1665 1665 1669 1669 1653 1653 1653 1653 1669 1669 1670 1670 1653 1653 1670 1670 1647 1647 1647 1647 1670 1670 1671 1671 1647 1647 1671 1671 1651 1651 1672 1672 1673 1673 1674 1674 1674 1674 1673 1673 1675 1675 1674 1674 1675 1675 1676 1676 1676 1676 1675 1675 1677 1677 1676 1676 1677 1677 1678 1678 1674 1674 1679 1679 1672 1672 1672 1672 1679 1679 1680 1680 1672 1672 1680 1680 1681 1681 1682 1682 1683 1683 1684 1684 1684 1684 1683 1683 1685 1685 1684 1684 1685 1685 1686 1686 1686 1686 1685 1685 1687 1687 1687 1687 1685 1685 1688 1688 1687 1687 1688 1688 1689 1689 1689 1689 1688 1688 1690 1690 1690 1690 1688 1688 1676 1676 1690 1690 1676 1676 1678 1678 1691 1691 722 722 1692 1692 1692 1692 722 722 723 723 1692 1692 723 723 1693 1693 1693 1693 723 723 724 724 1693 1693 724 724 1694 1694 1694 1694 724 724 725 725 1694 1694 725 725 1695 1695 1695 1695 725 725 726 726 1695 1695 726 726 1696 1696 1696 1696 726 726 727 727 1696 1696 727 727 1697 1697 1697 1697 727 727 728 728 1697 1697 728 728 1698 1698 1698 1698 728 728 729 729 1698 1698 729 729 1699 1699 1699 1699 729 729 730 730 1699 1699 730 730 1700 1700 1700 1700 730 730 731 731 1700 1700 731 731 1701 1701 1701 1701 731 731 732 732 1701 1701 732 732 1702 1702 1702 1702 732 732 733 733 1702 1702 733 733 1703 1703 1703 1703 733 733 734 734 1703 1703 734 734 1704 1704 1704 1704 734 734 735 735 1704 1704 735 735 1705 1705 1705 1705 735 735 736 736 1705 1705 736 736 1706 1706 1706 1706 736 736 737 737 1706 1706 737 737 1707 1707 1707 1707 737 737 738 738 1707 1707 738 738 1708 1708 1708 1708 738 738 739 739 1708 1708 739 739 1709 1709 1709 1709 739 739 740 740 1709 1709 740 740 1710 1710 1710 1710 740 740 741 741 1710 1710 741 741 1711 1711 1711 1711 741 741 742 742 1711 1711 742 742 1712 1712 1712 1712 742 742 743 743 1712 1712 743 743 1713 1713 1713 1713 743 743 744 744 1713 1713 744 744 1714 1714 1714 1714 744 744 745 745 1714 1714 745 745 1715 1715 1715 1715 745 745 746 746 1715 1715 746 746 1716 1716 1716 1716 746 746 747 747 1716 1716 747 747 1717 1717 1717 1717 747 747 748 748 1717 1717 748 748 1718 1718 1718 1718 748 748 749 749 1718 1718 749 749 1719 1719 1719 1719 749 749 750 750 1719 1719 750 750 1720 1720 1720 1720 750 750 721 721 1720 1720 721 721 1691 1691 1691 1691 721 721 722 722 1721 1721 1722 1722 1723 1723 1721 1721 1723 1723 1724 1724 1724 1724 1723 1723 1725 1725 1724 1724 1725 1725 1726 1726 756 756 1727 1727 755 755 755 755 1727 1727 1728 1728 755 755 1728 1728 754 754 754 754 1728 1728 1729 1729 754 754 1729 1729 753 753 753 753 1729 1729 1730 1730 753 753 1730 1730 752 752 752 752 1730 1730 1731 1731 752 752 1731 1731 751 751 751 751 1731 1731 1732 1732 751 751 1732 1732 762 762 762 762 1732 1732 1733 1733 762 762 1733 1733 761 761 761 761 1733 1733 1734 1734 761 761 1734 1734 760 760 760 760 1734 1734 1735 1735 760 760 1735 1735 759 759 759 759 1735 1735 1736 1736 759 759 1736 1736 758 758 758 758 1736 1736 1737 1737 758 758 1737 1737 757 757 757 757 1737 1737 1738 1738 757 757 1738 1738 756 756 756 756 1738 1738 1727 1727 768 768 1739 1739 767 767 767 767 1739 1739 1740 1740 767 767 1740 1740 766 766 766 766 1740 1740 1741 1741 766 766 1741 1741 765 765 765 765 1741 1741 1742 1742 765 765 1742 1742 764 764 764 764 1742 1742 1743 1743 764 764 1743 1743 763 763 763 763 1743 1743 1744 1744 763 763 1744 1744 774 774 774 774 1744 1744 1745 1745 774 774 1745 1745 773 773 773 773 1745 1745 1746 1746 773 773 1746 1746 772 772 772 772 1746 1746 1747 1747 772 772 1747 1747 771 771 771 771 1747 1747 1748 1748 771 771 1748 1748 770 770 770 770 1748 1748 1749 1749 770 770 1749 1749 769 769 769 769 1749 1749 1750 1750 769 769 1750 1750 768 768 768 768 1750 1750 1739 1739 1751 1751 1752 1752 1753 1753 1753 1753 1752 1752 1754 1754 1753 1753 1754 1754 1755 1755 1755 1755 1754 1754 1756 1756 1676 1676 1688 1688 1685 1685 1685 1685 1683 1683 1676 1676 1676 1676 1683 1683 1752 1752 1676 1676 1752 1752 1674 1674 1674 1674 1752 1752 1751 1751 1674 1674 1751 1751 1679 1679 1757 1757 1758 1758 1759 1759 1759 1759 1758 1758 913 913 1759 1759 913 913 1751 1751 1751 1751 913 913 914 914 1751 1751 914 914 1679 1679 1679 1679 914 914 917 917 1679 1679 917 917 1680 1680 1680 1680 917 917 920 920 1680 1680 920 920 1637 1637 1637 1637 920 920 1638 1638 1760 1760 1761 1761 1759 1759 1759 1759 1761 1761 1757 1757 1761 1761 1762 1762 1757 1757 1757 1757 1762 1762 1763 1763 1757 1757 1763 1763 1758 1758 911 911 913 913 1764 1764 1764 1764 913 913 1758 1758 1764 1764 1758 1758 1765 1765 1765 1765 1758 1758 1763 1763 1024 1024 1766 1766 1767 1767 1024 1024 778 778 1766 1766 1766 1766 778 778 776 776 1766 1766 776 776 1768 1768 1768 1768 776 776 785 785 1768 1768 785 785 1769 1769 1769 1769 785 785 797 797 1769 1769 797 797 1770 1770 1771 1771 1772 1772 1773 1773 1019 1019 1018 1018 1774 1774 1774 1774 1018 1018 1021 1021 1774 1774 1021 1021 1007 1007 1773 1773 1774 1774 1771 1771 1771 1771 1774 1774 1007 1007 1771 1771 1007 1007 1775 1775 1775 1775 1007 1007 1006 1006 1775 1775 1006 1006 1767 1767 1767 1767 1006 1006 1022 1022 1767 1767 1022 1022 1024 1024 988 988 993 993 1773 1773 993 993 994 994 1773 1773 1773 1773 994 994 995 995 1773 1773 995 995 996 996 787 787 806 806 1773 1773 1773 1773 806 806 989 989 1773 1773 989 989 988 988 797 797 794 794 1770 1770 1770 1770 794 794 791 791 1770 1770 791 791 1776 1776 1776 1776 791 791 789 789 1776 1776 789 789 1777 1777 1777 1777 789 789 787 787 1777 1777 787 787 1778 1778 1778 1778 787 787 1773 1773 1778 1778 1773 1773 1779 1779 1779 1779 1773 1773 1772 1772 1123 1123 1780 1780 1781 1781 1782 1782 1783 1783 1784 1784 1784 1784 1783 1783 1785 1785 1784 1784 1785 1785 1786 1786 1118 1118 1117 1117 1787 1787 1787 1787 1117 1117 1120 1120 1787 1787 1120 1120 1106 1106 1784 1784 1787 1787 1782 1782 1782 1782 1787 1787 1106 1106 1782 1782 1106 1106 1788 1788 1788 1788 1106 1106 1105 1105 1788 1788 1105 1105 1781 1781 1781 1781 1105 1105 1121 1121 1781 1781 1121 1121 1123 1123 1088 1088 1089 1089 1784 1784 1088 1088 1784 1784 1086 1086 1089 1089 1090 1090 1784 1784 1784 1784 1090 1090 1094 1094 1784 1784 1094 1094 1095 1095 1123 1123 810 810 1780 1780 1780 1780 810 810 808 808 1780 1780 808 808 1789 1789 1789 1789 808 808 817 817 1789 1789 817 817 1790 1790 1790 1790 817 817 830 830 1790 1790 830 830 1791 1791 830 830 826 826 1791 1791 1791 1791 826 826 822 822 1791 1791 822 822 1792 1792 1792 1792 822 822 821 821 1792 1792 821 821 1793 1793 1793 1793 821 821 819 819 1793 1793 819 819 1786 1786 1786 1786 819 819 839 839 1786 1786 839 839 1784 1784 1784 1784 839 839 1087 1087 1784 1784 1087 1087 1086 1086 1395 1395 1396 1396 1794 1794 1388 1388 1795 1795 875 875 875 875 1795 1795 1796 1796 875 875 1796 1796 860 860 860 860 1796 1796 862 862 1797 1797 863 863 1798 1798 1798 1798 863 863 862 862 1798 1798 862 862 1799 1799 1799 1799 862 862 1796 1796 1424 1424 1800 1800 1801 1801 1424 1424 843 843 1800 1800 1800 1800 843 843 841 841 1800 1800 841 841 1802 1802 1802 1802 841 841 853 853 1802 1802 853 853 1803 1803 1803 1803 853 853 852 852 1803 1803 852 852 1797 1797 1797 1797 852 852 867 867 1797 1797 867 867 863 863 1804 1804 1805 1805 1794 1794 1794 1794 1805 1805 1795 1795 1395 1395 1794 1794 1391 1391 1419 1419 1418 1418 1806 1806 1806 1806 1418 1418 1421 1421 1806 1806 1421 1421 1407 1407 1794 1794 1806 1806 1804 1804 1804 1804 1806 1806 1407 1407 1804 1804 1407 1407 1807 1807 1807 1807 1407 1407 1406 1406 1807 1807 1406 1406 1801 1801 1801 1801 1406 1406 1422 1422 1801 1801 1422 1422 1424 1424 1388 1388 1387 1387 1795 1795 1795 1795 1387 1387 1389 1389 1795 1795 1389 1389 1794 1794 1794 1794 1389 1389 1390 1390 1794 1794 1390 1390 1391 1391 1808 1808 1809 1809 1810 1810 1219 1219 1218 1218 1811 1811 1811 1811 1218 1218 1221 1221 1811 1811 1221 1221 1207 1207 1189 1189 1190 1190 1810 1810 1189 1189 1810 1810 1187 1187 1190 1190 1191 1191 1810 1810 1810 1810 1191 1191 1195 1195 1810 1810 1195 1195 1196 1196 901 901 907 907 1810 1810 1810 1810 907 907 1188 1188 1810 1810 1188 1188 1187 1187 1809 1809 1812 1812 1810 1810 1810 1810 1812 1812 1813 1813 1810 1810 1813 1813 901 901 901 901 1813 1813 1814 1814 901 901 1814 1814 890 890 890 890 1814 1814 1815 1815 890 890 1815 1815 887 887 887 887 1815 1815 1816 1816 887 887 1816 1816 893 893 893 893 1816 1816 895 895 895 895 1816 1816 1817 1817 895 895 1817 1817 896 896 896 896 1817 1817 1818 1818 896 896 1818 1818 877 877 877 877 1818 1818 1819 1819 877 877 1819 1819 879 879 879 879 1819 1819 1820 1820 879 879 1820 1820 1224 1224 1810 1810 1811 1811 1808 1808 1808 1808 1811 1811 1207 1207 1808 1808 1207 1207 1821 1821 1821 1821 1207 1207 1206 1206 1821 1821 1206 1206 1820 1820 1820 1820 1206 1206 1222 1222 1820 1820 1222 1222 1224 1224 920 920 919 919 1638 1638 1638 1638 919 919 937 937 941 941 1640 1640 940 940 940 940 1640 1640 1638 1638 940 940 1638 1638 939 939 939 939 1638 1638 937 937 1822 1822 1823 1823 1824 1824 1825 1825 1823 1823 1822 1822 949 949 948 948 1822 1822 1822 1822 948 948 947 947 946 946 945 945 1822 1822 931 931 953 953 1826 1826 1827 1827 1828 1828 1829 1829 1830 1830 1831 1831 1822 1822 1822 1822 1831 1831 1832 1832 1822 1822 1833 1833 951 951 950 950 1822 1822 951 951 1832 1832 1833 1833 1822 1822 1834 1834 1830 1830 1822 1822 952 952 938 938 1835 1835 942 942 930 930 1836 1836 1836 1836 930 930 929 929 931 931 1826 1826 929 929 1822 1822 944 944 943 943 942 942 1836 1836 943 943 943 943 1836 1836 1822 1822 945 945 944 944 1822 1822 947 947 946 946 1822 1822 950 950 949 949 1822 1822 1835 1835 938 938 937 937 1835 1835 937 937 1837 1837 1837 1837 937 937 1838 1838 1837 1837 1838 1838 1839 1839 1839 1839 1838 1838 1840 1840 1839 1839 1840 1840 1829 1829 1829 1829 1840 1840 1841 1841 1829 1829 1841 1841 1827 1827 1828 1828 1842 1842 1829 1829 1829 1829 1842 1842 1843 1843 1829 1829 1843 1843 1839 1839 1839 1839 1843 1843 1844 1844 1839 1839 1844 1844 1837 1837 1837 1837 1844 1844 1845 1845 1837 1837 1845 1845 1835 1835 1835 1835 1845 1845 1826 1826 1835 1835 1826 1826 952 952 952 952 1826 1826 953 953 1842 1842 1846 1846 1843 1843 1843 1843 1846 1846 1824 1824 1843 1843 1824 1824 1844 1844 1844 1844 1824 1824 1823 1823 1844 1844 1823 1823 1845 1845 1845 1845 1823 1823 1825 1825 1845 1845 1825 1825 1826 1826 1846 1846 1834 1834 1824 1824 1824 1824 1834 1834 1822 1822 929 929 1826 1826 1836 1836 1836 1836 1826 1826 1825 1825 1836 1836 1825 1825 1822 1822 1485 1485 1486 1486 1847 1847 1482 1482 1483 1483 1848 1848 1477 1477 1457 1457 1849 1849 1479 1479 1478 1478 1850 1850 1476 1476 1475 1475 1851 1851 1470 1470 1468 1468 1852 1852 1473 1473 1472 1472 1853 1853 1311 1311 1310 1310 1854 1854 1307 1307 1305 1305 1855 1855 1856 1856 1857 1857 1858 1858 1859 1859 1860 1860 1861 1861 1862 1862 1863 1863 1864 1864 1865 1865 1866 1866 1867 1867 1868 1868 1869 1869 1870 1870 1871 1871 1872 1872 1873 1873 1874 1874 1875 1875 1876 1876 1877 1877 1878 1878 1879 1879 1880 1880 1881 1881 1882 1882 1883 1883 1884 1884 1885 1885 1886 1886 1887 1887 1888 1888 1147 1147 1148 1148 1889 1889 1093 1093 1092 1092 1890 1890 1091 1091 1098 1098 1891 1891 1097 1097 1099 1099 1892 1892 951 951 1893 1893 928 928 928 928 1893 1893 1894 1894 1895 1895 924 924 1894 1894 1894 1894 924 924 926 926 1894 1894 926 926 928 928 1591 1591 1592 1592 1896 1896 1896 1896 1592 1592 1593 1593 1896 1896 1593 1593 1895 1895 1895 1895 1593 1593 1634 1634 1895 1895 1634 1634 924 924 1897 1897 1586 1586 1588 1588 1588 1588 1590 1590 1898 1898 1590 1590 1562 1562 1898 1898 1898 1898 1562 1562 1561 1561 1898 1898 1561 1561 1896 1896 1896 1896 1561 1561 1560 1560 1896 1896 1560 1560 1591 1591 966 966 967 967 1458 1458 1458 1458 967 967 968 968 1458 1458 968 968 616 616 958 958 1899 1899 959 959 959 959 1899 1899 1900 1900 959 959 1900 1900 961 961 961 961 1900 1900 955 955 1458 1458 1460 1460 966 966 966 966 1460 1460 1480 1480 966 966 1480 1480 964 964 964 964 1480 1480 1899 1899 964 964 1899 1899 962 962 962 962 1899 1899 958 958 1901 1901 1002 1002 1900 1900 1900 1900 1002 1002 956 956 1900 1900 956 956 955 955 1902 1902 998 998 1901 1901 1901 1901 998 998 1000 1000 1901 1901 1000 1000 1002 1002 992 992 991 991 1903 1903 1903 1903 991 991 990 990 1903 1903 990 990 1902 1902 1902 1902 990 990 999 999 1902 1902 999 999 998 998 1019 1019 1774 1774 1904 1904 1904 1904 1774 1774 1773 1773 1904 1904 1773 1773 1905 1905 1905 1905 1773 1773 996 996 1906 1906 1907 1907 1015 1015 1019 1019 1908 1908 1020 1020 1020 1020 1908 1908 1906 1906 1020 1020 1906 1906 1017 1017 1017 1017 1906 1906 1015 1015 1012 1012 1014 1014 1909 1909 1909 1909 1014 1014 1010 1010 1909 1909 1010 1010 1907 1907 1907 1907 1010 1010 1009 1009 1907 1907 1009 1009 1015 1015 1047 1047 1048 1048 1910 1910 1910 1910 1048 1048 1027 1027 1910 1910 1027 1027 1909 1909 1909 1909 1027 1027 1013 1013 1909 1909 1013 1013 1012 1012 1849 1849 1043 1043 1044 1044 1849 1849 1044 1044 1910 1910 1910 1910 1044 1044 1045 1045 1910 1910 1045 1045 1047 1047 586 586 1040 1040 1457 1457 1457 1457 1040 1040 1039 1039 1457 1457 1039 1039 1849 1849 1849 1849 1039 1039 1041 1041 1849 1849 1041 1041 1043 1043 1063 1063 1065 1065 1269 1269 1269 1269 1065 1065 1066 1066 1269 1269 1066 1066 571 571 1911 1911 1060 1060 1058 1058 1063 1063 1912 1912 1061 1061 1061 1061 1912 1912 1057 1057 1101 1101 1055 1055 1911 1911 1911 1911 1055 1055 1054 1054 1911 1911 1054 1054 1060 1060 1093 1093 1890 1890 1095 1095 1108 1108 1114 1114 1913 1913 1913 1913 1114 1114 1116 1116 1913 1913 1116 1116 1914 1914 1914 1914 1116 1116 1119 1119 1914 1914 1119 1119 1876 1876 1108 1108 1913 1913 1109 1109 1109 1109 1913 1913 1915 1915 1109 1109 1915 1915 1113 1113 1148 1148 1126 1126 1889 1889 1889 1889 1126 1126 1112 1112 1889 1889 1112 1112 1915 1915 1915 1915 1112 1112 1111 1111 1915 1915 1111 1111 1113 1113 1141 1141 1143 1143 1916 1916 1916 1916 1143 1143 1144 1144 1916 1916 1144 1144 1889 1889 1889 1889 1144 1144 1145 1145 1889 1889 1145 1145 1147 1147 1267 1267 541 541 1140 1140 1140 1140 1139 1139 1267 1267 1267 1267 1139 1139 1138 1138 1267 1267 1138 1138 1312 1312 1312 1312 1138 1138 1141 1141 1312 1312 1141 1141 1313 1313 1313 1313 1141 1141 1916 1916 1313 1313 1916 1916 1314 1314 1917 1917 1918 1918 1919 1919 1919 1919 1918 1918 1886 1886 1920 1920 1874 1874 1921 1921 1921 1921 1874 1874 1876 1876 1921 1921 1876 1876 1118 1118 1118 1118 1876 1876 1119 1119 1920 1920 1921 1921 1922 1922 1922 1922 1921 1921 1923 1923 1922 1922 1923 1923 1924 1924 1873 1873 1872 1872 1923 1923 1923 1923 1872 1872 1925 1925 1923 1923 1925 1925 1924 1924 1869 1869 1926 1926 1927 1927 1927 1927 1926 1926 1928 1928 1927 1927 1928 1928 1871 1871 1868 1868 1870 1870 1866 1866 1865 1865 1867 1867 1929 1929 1930 1930 1931 1931 1857 1857 1857 1857 1931 1931 1932 1932 1857 1857 1932 1932 1858 1858 1858 1858 1932 1932 1933 1933 1858 1858 1933 1933 1929 1929 1934 1934 1935 1935 1936 1936 1937 1937 1938 1938 1939 1939 1940 1940 1941 1941 1942 1942 1943 1943 1944 1944 1945 1945 1904 1904 1946 1946 1947 1947 1019 1019 1904 1904 1908 1908 1908 1908 1904 1904 1947 1947 1908 1908 1947 1947 1948 1948 1946 1946 1904 1904 1949 1949 1949 1949 1904 1904 1905 1905 1949 1949 1905 1905 1950 1950 1951 1951 1952 1952 1953 1953 1953 1953 1952 1952 1954 1954 992 992 1903 1903 996 996 996 996 1903 1903 1953 1953 996 996 1953 1953 1905 1905 1905 1905 1953 1953 1954 1954 1905 1905 1954 1954 1950 1950 1859 1859 1861 1861 1955 1955 1935 1935 1930 1930 1936 1936 1936 1936 1930 1930 1857 1857 1936 1936 1857 1857 1956 1956 1956 1956 1857 1857 1856 1856 1956 1956 1856 1856 1957 1957 1938 1938 1934 1934 1939 1939 1939 1939 1934 1934 1936 1936 1939 1939 1936 1936 1958 1958 1958 1958 1936 1936 1956 1956 1958 1958 1956 1956 1959 1959 1959 1959 1956 1956 1957 1957 1959 1959 1957 1957 1960 1960 1886 1886 1888 1888 1919 1919 1919 1919 1888 1888 1961 1961 1919 1919 1961 1961 1962 1962 1962 1962 1961 1961 1963 1963 1962 1962 1963 1963 1964 1964 1964 1964 1963 1963 1965 1965 1964 1964 1965 1965 1966 1966 1884 1884 1917 1917 1885 1885 1885 1885 1917 1917 1919 1919 1885 1885 1919 1919 1967 1967 1967 1967 1919 1919 1962 1962 1967 1967 1962 1962 1968 1968 1968 1968 1962 1962 1964 1964 1968 1968 1964 1964 1969 1969 1969 1969 1964 1964 1966 1966 1969 1969 1966 1966 1970 1970 1941 1941 1937 1937 1942 1942 1942 1942 1937 1937 1939 1939 1942 1942 1939 1939 1971 1971 1971 1971 1939 1939 1958 1958 1971 1971 1958 1958 1972 1972 1972 1972 1958 1958 1959 1959 1972 1972 1959 1959 1973 1973 1973 1973 1959 1959 1960 1960 1973 1973 1960 1960 1974 1974 1881 1881 1883 1883 1882 1882 1882 1882 1883 1883 1885 1885 1882 1882 1885 1885 1975 1975 1975 1975 1885 1885 1967 1967 1975 1975 1967 1967 1976 1976 1976 1976 1967 1967 1968 1968 1976 1976 1968 1968 1977 1977 1977 1977 1968 1968 1969 1969 1977 1977 1969 1969 1978 1978 1978 1978 1969 1969 1970 1970 1978 1978 1970 1970 1855 1855 1944 1944 1940 1940 1945 1945 1945 1945 1940 1940 1942 1942 1945 1945 1942 1942 1979 1979 1979 1979 1942 1942 1971 1971 1979 1979 1971 1971 1980 1980 1980 1980 1971 1971 1972 1972 1980 1980 1972 1972 1981 1981 1981 1981 1972 1972 1973 1973 1981 1981 1973 1973 1982 1982 1982 1982 1973 1973 1974 1974 1982 1982 1974 1974 1851 1851 1983 1983 1984 1984 1985 1985 1986 1986 1911 1911 1912 1912 1912 1912 1911 1911 1058 1058 1912 1912 1058 1058 1057 1057 1098 1098 1097 1097 1891 1891 1891 1891 1097 1097 1892 1892 1891 1891 1892 1892 1987 1987 1987 1987 1892 1892 1988 1988 1987 1987 1988 1988 1989 1989 1989 1989 1988 1988 1990 1990 1989 1989 1990 1990 1991 1991 1118 1118 1787 1787 1921 1921 1921 1921 1787 1787 1784 1784 1921 1921 1784 1784 1923 1923 1923 1923 1784 1784 1095 1095 1923 1923 1095 1095 1873 1873 1873 1873 1095 1095 1890 1890 1873 1873 1890 1890 1992 1992 1992 1992 1890 1890 1993 1993 1992 1992 1993 1993 1994 1994 1994 1994 1993 1993 1995 1995 1994 1994 1995 1995 1996 1996 1996 1996 1995 1995 1997 1997 1996 1996 1997 1997 1998 1998 1998 1998 1997 1997 1999 1999 1998 1998 1999 1999 2000 2000 1893 1893 2001 2001 1894 1894 1894 1894 2001 2001 2002 2002 1894 1894 2002 2002 1895 1895 1895 1895 2002 2002 2003 2003 1895 1895 2003 2003 1896 1896 1896 1896 2003 2003 2004 2004 1896 1896 2004 2004 1898 1898 1898 1898 2004 2004 2005 2005 1898 1898 2005 2005 2006 2006 2006 2006 2005 2005 2007 2007 2006 2006 2007 2007 2008 2008 2008 2008 2007 2007 2009 2009 1298 1298 1984 1984 2010 2010 2010 2010 1984 1984 1983 1983 2010 2010 1983 1983 2011 2011 1298 1298 1300 1300 1984 1984 1984 1984 1300 1300 1303 1303 1984 1984 1303 1303 1985 1985 1985 1985 1303 1303 1302 1302 1985 1985 1302 1302 1308 1308 1965 1965 2011 2011 1966 1966 1966 1966 2011 2011 1983 1983 1966 1966 1983 1983 1970 1970 1970 1970 1983 1983 1985 1985 1970 1970 1985 1985 1855 1855 1855 1855 1985 1985 1308 1308 1855 1855 1308 1308 1307 1307 1305 1305 1311 1311 1855 1855 1855 1855 1311 1311 1854 1854 1855 1855 1854 1854 1978 1978 1978 1978 1854 1854 2012 2012 1978 1978 2012 2012 1977 1977 1977 1977 2012 2012 2013 2013 1977 1977 2013 2013 1976 1976 1976 1976 2013 2013 2014 2014 1976 1976 2014 2014 1975 1975 1975 1975 2014 2014 2015 2015 1975 1975 2015 2015 1882 1882 1882 1882 2015 2015 1879 1879 1882 1882 1879 1879 1880 1880 1880 1880 1879 1879 1878 1878 1310 1310 1314 1314 1854 1854 1854 1854 1314 1314 1916 1916 1854 1854 1916 1916 2012 2012 2012 2012 1916 1916 1889 1889 2012 2012 1889 1889 2013 2013 2013 2013 1889 1889 1915 1915 2013 2013 1915 1915 2014 2014 2014 2014 1915 1915 1913 1913 2014 2014 1913 1913 2015 2015 2015 2015 1913 1913 1914 1914 2015 2015 1914 1914 1879 1879 1879 1879 1914 1914 1876 1876 1879 1879 1876 1876 1877 1877 1877 1877 1876 1876 1875 1875 1063 1063 1269 1269 1912 1912 1912 1912 1269 1269 1317 1317 1912 1912 1317 1317 1986 1986 1986 1986 1317 1317 1316 1316 1986 1986 1316 1316 1320 1320 1099 1099 1101 1101 1892 1892 1892 1892 1101 1101 1911 1911 1892 1892 1911 1911 1988 1988 1988 1988 1911 1911 1986 1986 1988 1988 1986 1986 1990 1990 1990 1990 1986 1986 1320 1320 1320 1320 1319 1319 1990 1990 1990 1990 1319 1319 1323 1323 1990 1990 1323 1323 1991 1991 1991 1991 1323 1323 1322 1322 1991 1991 1322 1322 1328 1328 1092 1092 1091 1091 1890 1890 1890 1890 1091 1091 1891 1891 1890 1890 1891 1891 1993 1993 1993 1993 1891 1891 1987 1987 1993 1993 1987 1987 1995 1995 1995 1995 1987 1987 1989 1989 1995 1995 1989 1989 1997 1997 1997 1997 1989 1989 1991 1991 1997 1997 1991 1991 1999 1999 1999 1999 1991 1991 1328 1328 1328 1328 1327 1327 1999 1999 1999 1999 1327 1327 1325 1325 1999 1999 1325 1325 2000 2000 2000 2000 1325 1325 1324 1324 2000 2000 1324 1324 1353 1353 1871 1871 1873 1873 1927 1927 1927 1927 1873 1873 1992 1992 1927 1927 1992 1992 2016 2016 2016 2016 1992 1992 1994 1994 2016 2016 1994 1994 2017 2017 2017 2017 1994 1994 1996 1996 2017 2017 1996 1996 2018 2018 2018 2018 1996 1996 1998 1998 2018 2018 1998 1998 2019 2019 2019 2019 1998 1998 2000 2000 2019 2019 2000 2000 2020 2020 2020 2020 2000 2000 1353 1353 2020 2020 1353 1353 1455 1455 1869 1869 1927 1927 1870 1870 1870 1870 1927 1927 2016 2016 1870 1870 2016 2016 2021 2021 2021 2021 2016 2016 2017 2017 2021 2021 2017 2017 2022 2022 2022 2022 2017 2017 2018 2018 2022 2022 2018 2018 2023 2023 2023 2023 2018 2018 2019 2019 2023 2023 2019 2019 2024 2024 2024 2024 2019 2019 2020 2020 2024 2024 2020 2020 1853 1853 1853 1853 2020 2020 1455 1455 1853 1853 1455 1455 1473 1473 1866 1866 1870 1870 1867 1867 1867 1867 1870 1870 2021 2021 1867 1867 2021 2021 2025 2025 2025 2025 2021 2021 2022 2022 2025 2025 2022 2022 2026 2026 2026 2026 2022 2022 2023 2023 2026 2026 2023 2023 2027 2027 2027 2027 2023 2023 2024 2024 2027 2027 2024 2024 2028 2028 2028 2028 2024 2024 1853 1853 2028 2028 1853 1853 1852 1852 1852 1852 1853 1853 1472 1472 1852 1852 1472 1472 1470 1470 1929 1929 1867 1867 1858 1858 1858 1858 1867 1867 2025 2025 1858 1858 2025 2025 1856 1856 1856 1856 2025 2025 2026 2026 1856 1856 2026 2026 1957 1957 1957 1957 2026 2026 2027 2027 1957 1957 2027 2027 1960 1960 1960 1960 2027 2027 2028 2028 1960 1960 2028 2028 1974 1974 1974 1974 2028 2028 1852 1852 1974 1974 1852 1852 1851 1851 1851 1851 1852 1852 1468 1468 1851 1851 1468 1468 1476 1476 1475 1475 1479 1479 1851 1851 1851 1851 1479 1479 1850 1850 1851 1851 1850 1850 1982 1982 1982 1982 1850 1850 2029 2029 1982 1982 2029 2029 1981 1981 1981 1981 2029 2029 2030 2030 1981 1981 2030 2030 1980 1980 1980 1980 2030 2030 2031 2031 1980 1980 2031 2031 1979 1979 1979 1979 2031 2031 2032 2032 1979 1979 2032 2032 1945 1945 1945 1945 2032 2032 2033 2033 1945 1945 2033 2033 1943 1943 1943 1943 2033 2033 2034 2034 1478 1478 1477 1477 1850 1850 1850 1850 1477 1477 1849 1849 1850 1850 1849 1849 2029 2029 2029 2029 1849 1849 1910 1910 2029 2029 1910 1910 2030 2030 2030 2030 1910 1910 1909 1909 2030 2030 1909 1909 2031 2031 2031 2031 1909 1909 1907 1907 2031 2031 1907 1907 2032 2032 2032 2032 1907 1907 1906 1906 2032 2032 1906 1906 2033 2033 2033 2033 1906 1906 1908 1908 2033 2033 1908 1908 2034 2034 2034 2034 1908 1908 1948 1948 1480 1480 1482 1482 1899 1899 1899 1899 1482 1482 1848 1848 1899 1899 1848 1848 1900 1900 1900 1900 1848 1848 2035 2035 1900 1900 2035 2035 1901 1901 1901 1901 2035 2035 2036 2036 1901 1901 2036 2036 1902 1902 1902 1902 2036 2036 2037 2037 1902 1902 2037 2037 1903 1903 1903 1903 2037 2037 2038 2038 1903 1903 2038 2038 1953 1953 1953 1953 2038 2038 1864 1864 1953 1953 1864 1864 1951 1951 1951 1951 1864 1864 1863 1863 1483 1483 1485 1485 1848 1848 1848 1848 1485 1485 1847 1847 1848 1848 1847 1847 2035 2035 2035 2035 1847 1847 2039 2039 2035 2035 2039 2039 2036 2036 2036 2036 2039 2039 2040 2040 2036 2036 2040 2040 2037 2037 2037 2037 2040 2040 2041 2041 2037 2037 2041 2041 2038 2038 2038 2038 2041 2041 2042 2042 2038 2038 2042 2042 1864 1864 1864 1864 2042 2042 1861 1861 1864 1864 1861 1861 1862 1862 1862 1862 1861 1861 1860 1860 1486 1486 1488 1488 1847 1847 1847 1847 1488 1488 2009 2009 1847 1847 2009 2009 2039 2039 2039 2039 2009 2009 2007 2007 2039 2039 2007 2007 2040 2040 2040 2040 2007 2007 2005 2005 2040 2040 2005 2005 2041 2041 2041 2041 2005 2005 2004 2004 2041 2041 2004 2004 2042 2042 2042 2042 2004 2004 2003 2003 2042 2042 2003 2003 1861 1861 1861 1861 2003 2003 2002 2002 1861 1861 2002 2002 1955 1955 1955 1955 2002 2002 2001 2001 1488 1488 1489 1489 2009 2009 2009 2009 1489 1489 1491 1491 2009 2009 1491 1491 2008 2008 2008 2008 1491 1491 1492 1492 2008 2008 1492 1492 1494 1494 1588 1588 1898 1898 1897 1897 1897 1897 1898 1898 2006 2006 1897 1897 2006 2006 2043 2043 2043 2043 2006 2006 2008 2008 2043 2043 2008 2008 2044 2044 2044 2044 2008 2008 1494 1494 2044 2044 1494 1494 1495 1495 1288 1288 1289 1289 2045 2045 1285 1285 1286 1286 2046 2046 1280 1280 1260 1260 2047 2047 1282 1282 1281 1281 2048 2048 1279 1279 1278 1278 2049 2049 1273 1273 1271 1271 2050 2050 1276 1276 1275 1275 2051 2051 1508 1508 1507 1507 2052 2052 1504 1504 1502 1502 2053 2053 2054 2054 2055 2055 2056 2056 2057 2057 2058 2058 2059 2059 2060 2060 2061 2061 2062 2062 2063 2063 2064 2064 2065 2065 2066 2066 2067 2067 2068 2068 2069 2069 2070 2070 2071 2071 2072 2072 2073 2073 2074 2074 2075 2075 2076 2076 2077 2077 2078 2078 2079 2079 2080 2080 2081 2081 2082 2082 2083 2083 2084 2084 2085 2085 2086 2086 2087 2087 2088 2088 2089 2089 1655 1655 1654 1654 2090 2090 1451 1451 1452 1452 2091 2091 1394 1394 1393 1393 2092 2092 1392 1392 1399 1399 2093 2093 1398 1398 1400 1400 2094 2094 1167 1167 1168 1168 1261 1261 1261 1261 1168 1168 1169 1169 1261 1261 1169 1169 527 527 1159 1159 2095 2095 1160 1160 1160 1160 2095 2095 2096 2096 1160 1160 2096 2096 1162 1162 1162 1162 2096 2096 1156 1156 1261 1261 1263 1263 1167 1167 1167 1167 1263 1263 1283 1283 1167 1167 1283 1283 1165 1165 1165 1165 1283 1283 2095 2095 1165 1165 2095 2095 1163 1163 1163 1163 2095 2095 1159 1159 2097 2097 1202 1202 2096 2096 2096 2096 1202 1202 1157 1157 2096 2096 1157 1157 1156 1156 2098 2098 1198 1198 2097 2097 2097 2097 1198 1198 1200 1200 2097 2097 1200 1200 1202 1202 1194 1194 1193 1193 2099 2099 2099 2099 1193 1193 1192 1192 2099 2099 1192 1192 2098 2098 2098 2098 1192 1192 1199 1199 2098 2098 1199 1199 1198 1198 1219 1219 1811 1811 2100 2100 2100 2100 1811 1811 1810 1810 2100 2100 1810 1810 2101 2101 2101 2101 1810 1810 1196 1196 2102 2102 2103 2103 1215 1215 1219 1219 2104 2104 1220 1220 1220 1220 2104 2104 2102 2102 1220 1220 2102 2102 1217 1217 1217 1217 2102 2102 1215 1215 1212 1212 1214 1214 2105 2105 2105 2105 1214 1214 1210 1210 2105 2105 1210 1210 2103 2103 2103 2103 1210 1210 1209 1209 2103 2103 1209 1209 1215 1215 1247 1247 1248 1248 2106 2106 2106 2106 1248 1248 1227 1227 2106 2106 1227 1227 2105 2105 2105 2105 1227 1227 1213 1213 2105 2105 1213 1213 1212 1212 2047 2047 1243 1243 1244 1244 2047 2047 1244 1244 2106 2106 2106 2106 1244 1244 1245 1245 2106 2106 1245 1245 1247 1247 497 497 1240 1240 1260 1260 1260 1260 1240 1240 1239 1239 1260 1260 1239 1239 2047 2047 2047 2047 1239 1239 1241 1241 2047 2047 1241 1241 1243 1243 1364 1364 1366 1366 1466 1466 1466 1466 1366 1366 1367 1367 1466 1466 1367 1367 660 660 2107 2107 1358 1358 1356 1356 1364 1364 2108 2108 1362 1362 1362 1362 2108 2108 1355 1355 1402 1402 1360 1360 2107 2107 2107 2107 1360 1360 1359 1359 2107 2107 1359 1359 1358 1358 1394 1394 2092 2092 1396 1396 1409 1409 1415 1415 2109 2109 2109 2109 1415 1415 1417 1417 2109 2109 1417 1417 2110 2110 2110 2110 1417 1417 1420 1420 2110 2110 1420 1420 2111 2111 2111 2111 1420 1420 1419 1419 2111 2111 1419 1419 2112 2112 1409 1409 2109 2109 1410 1410 1410 1410 2109 2109 2113 2113 1410 1410 2113 2113 1414 1414 1452 1452 1427 1427 2091 2091 2091 2091 1427 1427 1413 1413 2091 2091 1413 1413 2113 2113 2113 2113 1413 1413 1412 1412 2113 2113 1412 1412 1414 1414 1445 1445 1447 1447 2114 2114 2114 2114 1447 1447 1448 1448 2114 2114 1448 1448 2091 2091 2091 2091 1448 1448 1449 1449 2091 2091 1449 1449 1451 1451 1464 1464 631 631 1444 1444 1444 1444 1442 1442 1464 1464 1464 1464 1442 1442 1441 1441 1464 1464 1441 1441 1509 1509 1509 1509 1441 1441 1445 1445 1509 1509 1445 1445 1510 1510 1510 1510 1445 1445 2114 2114 1510 1510 2114 2114 1511 1511 1577 1577 2115 2115 1578 1578 1578 1578 2115 2115 2116 2116 1578 1578 2116 2116 1579 1579 1579 1579 2116 2116 1569 1569 1577 1577 1576 1576 2115 2115 2115 2115 1576 1576 1574 1574 2115 2115 1574 1574 2117 2117 2117 2117 1574 1574 1573 1573 2117 2117 1573 1573 1897 1897 1897 1897 1573 1573 1636 1636 1897 1897 1636 1636 1586 1586 2090 2090 1654 1654 2116 2116 2116 2116 1654 1654 1570 1570 2116 2116 1570 1570 1569 1569 1656 1656 1655 1655 2118 2118 2118 2118 1655 1655 2090 2090 2118 2118 2090 2090 2119 2119 2119 2119 2090 2090 2120 2120 2121 2121 2122 2122 2123 2123 2124 2124 2125 2125 2126 2126 2127 2127 2128 2128 2129 2129 2112 2112 2130 2130 2131 2131 2132 2132 2111 2111 2133 2133 2133 2133 2111 2111 2112 2112 2133 2133 2112 2112 2134 2134 2134 2134 2112 2112 2131 2131 2088 2088 2135 2135 2136 2136 2136 2136 2135 2135 2137 2137 2136 2136 2137 2137 2130 2130 2130 2130 2137 2137 2138 2138 2130 2130 2138 2138 2131 2131 2087 2087 2089 2089 2085 2085 2084 2084 2086 2086 2082 2082 2081 2081 2083 2083 2139 2139 2140 2140 2141 2141 2055 2055 2055 2055 2141 2141 2142 2142 2055 2055 2142 2142 2056 2056 2056 2056 2142 2142 2143 2143 2056 2056 2143 2143 2139 2139 2100 2100 2144 2144 2145 2145 1219 1219 2100 2100 2104 2104 2104 2104 2100 2100 2145 2145 2104 2104 2145 2145 2146 2146 2144 2144 2100 2100 2147 2147 2147 2147 2100 2100 2101 2101 2147 2147 2101 2101 2148 2148 2149 2149 2150 2150 2151 2151 2151 2151 2150 2150 2152 2152 1194 1194 2099 2099 1196 1196 1196 1196 2099 2099 2151 2151 1196 1196 2151 2151 2101 2101 2101 2101 2151 2151 2152 2152 2101 2101 2152 2152 2148 2148 1888 1888 1887 1887 2057 2057 2153 2153 2140 2140 2154 2154 2154 2154 2140 2140 2055 2055 2154 2154 2055 2055 2155 2155 2155 2155 2055 2055 2054 2054 2155 2155 2054 2054 2156 2156 2079 2079 2153 2153 2080 2080 2080 2080 2153 2153 2154 2154 2080 2080 2154 2154 2157 2157 2157 2157 2154 2154 2155 2155 2157 2157 2155 2155 2158 2158 2158 2158 2155 2155 2156 2156 2158 2158 2156 2156 2159 2159 2122 2122 2120 2120 2123 2123 2123 2123 2120 2120 2090 2090 2123 2123 2090 2090 2160 2160 2160 2160 2090 2090 2116 2116 2160 2160 2116 2116 2161 2161 2161 2161 2116 2116 2115 2115 2161 2161 2115 2115 2162 2162 2162 2162 2115 2115 2117 2117 2162 2162 2117 2117 2163 2163 2076 2076 2078 2078 2077 2077 2077 2077 2078 2078 2080 2080 2077 2077 2080 2080 2164 2164 2164 2164 2080 2080 2157 2157 2164 2164 2157 2157 2165 2165 2165 2165 2157 2157 2158 2158 2165 2165 2158 2158 2166 2166 2166 2166 2158 2158 2159 2159 2166 2166 2159 2159 2167 2167 2125 2125 2121 2121 2126 2126 2126 2126 2121 2121 2123 2123 2126 2126 2123 2123 2168 2168 2168 2168 2123 2123 2160 2160 2168 2168 2160 2160 2169 2169 2169 2169 2160 2160 2161 2161 2169 2169 2161 2161 2170 2170 2170 2170 2161 2161 2162 2162 2170 2170 2162 2162 2171 2171 2171 2171 2162 2162 2163 2163 2171 2171 2163 2163 2053 2053 2073 2073 2075 2075 2074 2074 2074 2074 2075 2075 2077 2077 2074 2074 2077 2077 2172 2172 2172 2172 2077 2077 2164 2164 2172 2172 2164 2164 2173 2173 2173 2173 2164 2164 2165 2165 2173 2173 2165 2165 2174 2174 2174 2174 2165 2165 2166 2166 2174 2174 2166 2166 2175 2175 2175 2175 2166 2166 2167 2167 2175 2175 2167 2167 2049 2049 2176 2176 2177 2177 2178 2178 2179 2179 2107 2107 2108 2108 2108 2108 2107 2107 1356 1356 2108 2108 1356 1356 1355 1355 1399 1399 1398 1398 2093 2093 2093 2093 1398 1398 2094 2094 2093 2093 2094 2094 2180 2180 2180 2180 2094 2094 2181 2181 2180 2180 2181 2181 2182 2182 2182 2182 2181 2181 2183 2183 2182 2182 2183 2183 2184 2184 1419 1419 1806 1806 2112 2112 2112 2112 1806 1806 1794 1794 2112 2112 1794 1794 2130 2130 2130 2130 1794 1794 1396 1396 2130 2130 1396 1396 2136 2136 2136 2136 1396 1396 2092 2092 2136 2136 2092 2092 2185 2185 2185 2185 2092 2092 2186 2186 2185 2185 2186 2186 2187 2187 2187 2187 2186 2186 2188 2188 2187 2187 2188 2188 2189 2189 2189 2189 2188 2188 2190 2190 2189 2189 2190 2190 2191 2191 2191 2191 2190 2190 2192 2192 2191 2191 2192 2192 2193 2193 2058 2058 2060 2060 2059 2059 2059 2059 2060 2060 2062 2062 2059 2059 2062 2062 2194 2194 2194 2194 2062 2062 2195 2195 2194 2194 2195 2195 2196 2196 2196 2196 2195 2195 2197 2197 2196 2196 2197 2197 2198 2198 2198 2198 2197 2197 2199 2199 2198 2198 2199 2199 2200 2200 2200 2200 2199 2199 2201 2201 2200 2200 2201 2201 2202 2202 2202 2202 2201 2201 2203 2203 1495 1495 2177 2177 2044 2044 2044 2044 2177 2177 2176 2176 2044 2044 2176 2176 2043 2043 1495 1495 1497 1497 2177 2177 2177 2177 1497 1497 1500 1500 2177 2177 1500 1500 2178 2178 2178 2178 1500 1500 1499 1499 2178 2178 1499 1499 1505 1505 1897 1897 2043 2043 2117 2117 2117 2117 2043 2043 2176 2176 2117 2117 2176 2176 2163 2163 2163 2163 2176 2176 2178 2178 2163 2163 2178 2178 2053 2053 2053 2053 2178 2178 1505 1505 2053 2053 1505 1505 1504 1504 1502 1502 1508 1508 2053 2053 2053 2053 1508 1508 2052 2052 2053 2053 2052 2052 2171 2171 2171 2171 2052 2052 2204 2204 2171 2171 2204 2204 2170 2170 2170 2170 2204 2204 2205 2205 2170 2170 2205 2205 2169 2169 2169 2169 2205 2205 2206 2206 2169 2169 2206 2206 2168 2168 2168 2168 2206 2206 2207 2207 2168 2168 2207 2207 2126 2126 2126 2126 2207 2207 2129 2129 2126 2126 2129 2129 2124 2124 2124 2124 2129 2129 2128 2128 1507 1507 1511 1511 2052 2052 2052 2052 1511 1511 2114 2114 2052 2052 2114 2114 2204 2204 2204 2204 2114 2114 2091 2091 2204 2204 2091 2091 2205 2205 2205 2205 2091 2091 2113 2113 2205 2205 2113 2113 2206 2206 2206 2206 2113 2113 2109 2109 2206 2206 2109 2109 2207 2207 2207 2207 2109 2109 2110 2110 2207 2207 2110 2110 2129 2129 2129 2129 2110 2110 2111 2111 2129 2129 2111 2111 2127 2127 2127 2127 2111 2111 2132 2132 1364 1364 1466 1466 2108 2108 2108 2108 1466 1466 1514 1514 2108 2108 1514 1514 2179 2179 2179 2179 1514 1514 1513 1513 2179 2179 1513 1513 1517 1517 1400 1400 1402 1402 2094 2094 2094 2094 1402 1402 2107 2107 2094 2094 2107 2107 2181 2181 2181 2181 2107 2107 2179 2179 2181 2181 2179 2179 2183 2183 2183 2183 2179 2179 1517 1517 1517 1517 1516 1516 2183 2183 2183 2183 1516 1516 1520 1520 2183 2183 1520 1520 2184 2184 2184 2184 1520 1520 1519 1519 2184 2184 1519 1519 1525 1525 1393 1393 1392 1392 2092 2092 2092 2092 1392 1392 2093 2093 2092 2092 2093 2093 2186 2186 2186 2186 2093 2093 2180 2180 2186 2186 2180 2180 2188 2188 2188 2188 2180 2180 2182 2182 2188 2188 2182 2182 2190 2190 2190 2190 2182 2182 2184 2184 2190 2190 2184 2184 2192 2192 2192 2192 2184 2184 1525 1525 1525 1525 1524 1524 2192 2192 2192 2192 1524 1524 1522 1522 2192 2192 1522 1522 2193 2193 2193 2193 1522 1522 1521 1521 2193 2193 1521 1521 1257 1257 2088 2088 2136 2136 2089 2089 2089 2089 2136 2136 2185 2185 2089 2089 2185 2185 2208 2208 2208 2208 2185 2185 2187 2187 2208 2208 2187 2187 2209 2209 2209 2209 2187 2187 2189 2189 2209 2209 2189 2189 2210 2210 2210 2210 2189 2189 2191 2191 2210 2210 2191 2191 2211 2211 2211 2211 2191 2191 2193 2193 2211 2211 2193 2193 2212 2212 2212 2212 2193 2193 1257 1257 2212 2212 1257 1257 1256 1256 2085 2085 2089 2089 2086 2086 2086 2086 2089 2089 2208 2208 2086 2086 2208 2208 2213 2213 2213 2213 2208 2208 2209 2209 2213 2213 2209 2209 2214 2214 2214 2214 2209 2209 2210 2210 2214 2214 2210 2210 2215 2215 2215 2215 2210 2210 2211 2211 2215 2215 2211 2211 2216 2216 2216 2216 2211 2211 2212 2212 2216 2216 2212 2212 2051 2051 2051 2051 2212 2212 1256 1256 2051 2051 1256 1256 1276 1276 2082 2082 2086 2086 2083 2083 2083 2083 2086 2086 2213 2213 2083 2083 2213 2213 2217 2217 2217 2217 2213 2213 2214 2214 2217 2217 2214 2214 2218 2218 2218 2218 2214 2214 2215 2215 2218 2218 2215 2215 2219 2219 2219 2219 2215 2215 2216 2216 2219 2219 2216 2216 2220 2220 2220 2220 2216 2216 2051 2051 2220 2220 2051 2051 2050 2050 2050 2050 2051 2051 1275 1275 2050 2050 1275 1275 1273 1273 2139 2139 2083 2083 2056 2056 2056 2056 2083 2083 2217 2217 2056 2056 2217 2217 2054 2054 2054 2054 2217 2217 2218 2218 2054 2054 2218 2218 2156 2156 2156 2156 2218 2218 2219 2219 2156 2156 2219 2219 2159 2159 2159 2159 2219 2219 2220 2220 2159 2159 2220 2220 2167 2167 2167 2167 2220 2220 2050 2050 2167 2167 2050 2050 2049 2049 2049 2049 2050 2050 1271 1271 2049 2049 1271 1271 1279 1279 1278 1278 1282 1282 2049 2049 2049 2049 1282 1282 2048 2048 2049 2049 2048 2048 2175 2175 2175 2175 2048 2048 2221 2221 2175 2175 2221 2221 2174 2174 2174 2174 2221 2221 2222 2222 2174 2174 2222 2222 2173 2173 2173 2173 2222 2222 2223 2223 2173 2173 2223 2223 2172 2172 2172 2172 2223 2223 2224 2224 2172 2172 2224 2224 2074 2074 2074 2074 2224 2224 2071 2071 2074 2074 2071 2071 2072 2072 2072 2072 2071 2071 2070 2070 1281 1281 1280 1280 2048 2048 2048 2048 1280 1280 2047 2047 2048 2048 2047 2047 2221 2221 2221 2221 2047 2047 2106 2106 2221 2221 2106 2106 2222 2222 2222 2222 2106 2106 2105 2105 2222 2222 2105 2105 2223 2223 2223 2223 2105 2105 2103 2103 2223 2223 2103 2103 2224 2224 2224 2224 2103 2103 2102 2102 2224 2224 2102 2102 2071 2071 2071 2071 2102 2102 2104 2104 2071 2071 2104 2104 2069 2069 2069 2069 2104 2104 2146 2146 1283 1283 1285 1285 2095 2095 2095 2095 1285 1285 2046 2046 2095 2095 2046 2046 2096 2096 2096 2096 2046 2046 2225 2225 2096 2096 2225 2225 2097 2097 2097 2097 2225 2225 2226 2226 2097 2097 2226 2226 2098 2098 2098 2098 2226 2226 2227 2227 2098 2098 2227 2227 2099 2099 2099 2099 2227 2227 2228 2228 2099 2099 2228 2228 2151 2151 2151 2151 2228 2228 2068 2068 2151 2151 2068 2068 2149 2149 2149 2149 2068 2068 2067 2067 1286 1286 1288 1288 2046 2046 2046 2046 1288 1288 2045 2045 2046 2046 2045 2045 2225 2225 2225 2225 2045 2045 2229 2229 2225 2225 2229 2229 2226 2226 2226 2226 2229 2229 2230 2230 2226 2226 2230 2230 2227 2227 2227 2227 2230 2230 2231 2231 2227 2227 2231 2231 2228 2228 2228 2228 2231 2231 2232 2232 2228 2228 2232 2232 2068 2068 2068 2068 2232 2232 2065 2065 2068 2068 2065 2065 2066 2066 2066 2066 2065 2065 2064 2064 1289 1289 1291 1291 2045 2045 2045 2045 1291 1291 2203 2203 2045 2045 2203 2203 2229 2229 2229 2229 2203 2203 2201 2201 2229 2229 2201 2201 2230 2230 2230 2230 2201 2201 2199 2199 2230 2230 2199 2199 2231 2231 2231 2231 2199 2199 2197 2197 2231 2231 2197 2197 2232 2232 2232 2232 2197 2197 2195 2195 2232 2232 2195 2195 2065 2065 2065 2065 2195 2195 2062 2062 2065 2065 2062 2062 2063 2063 2063 2063 2062 2062 2061 2061 1291 1291 1292 1292 2203 2203 2203 2203 1292 1292 1294 1294 2203 2203 1294 1294 2202 2202 2202 2202 1294 1294 1295 1295 2202 2202 1295 1295 1297 1297 2057 2057 2059 2059 1888 1888 1888 1888 2059 2059 2194 2194 1888 1888 2194 2194 1961 1961 1961 1961 2194 2194 2196 2196 1961 1961 2196 2196 1963 1963 1963 1963 2196 2196 2198 2198 1963 1963 2198 2198 1965 1965 1965 1965 2198 2198 2200 2200 1965 1965 2200 2200 2011 2011 2011 2011 2200 2200 2202 2202 2011 2011 2202 2202 2010 2010 2010 2010 2202 2202 1297 1297 2010 2010 1297 1297 1298 1298 1681 1681 1680 1680 1667 1667 1667 1667 1680 1680 1637 1637 1667 1667 1637 1637 1649 1649 1649 1649 1637 1637 1650 1650 1650 1650 1637 1637 1639 1639 1650 1650 1639 1639 1606 1606 2233 2233 2234 2234 2235 2235 2236 2236 2234 2234 2233 2233 1652 1652 1651 1651 2237 2237 1664 1664 1663 1663 2233 2233 1662 1662 1661 1661 2233 2233 2233 2233 1661 1661 1660 1660 1657 1657 2233 2233 1658 1658 2238 2238 2239 2239 2240 2240 2233 2233 2241 2241 2242 2242 2233 2233 2242 2242 2238 2238 2238 2238 2242 2242 2243 2243 2238 2238 2243 2243 2239 2239 2244 2244 2241 2241 2233 2233 1656 1656 2245 2245 1657 1657 1657 1657 2245 2245 2233 2233 2244 2244 2233 2233 2245 2245 1659 1659 1658 1658 2233 2233 1660 1660 1659 1659 2233 2233 1663 1663 1662 1662 2233 2233 1671 1671 1670 1670 2235 2235 2235 2235 1670 1670 1669 1669 2235 2235 1669 1669 1665 1665 1668 1668 2246 2246 1666 1666 2247 2247 2248 2248 2249 2249 2249 2249 2248 2248 2250 2250 2249 2249 2250 2250 2251 2251 2251 2251 2250 2250 2252 2252 2251 2251 2252 2252 2253 2253 2253 2253 2252 2252 2254 2254 2253 2253 2254 2254 2246 2246 2246 2246 2254 2254 1667 1667 2246 2246 1667 1667 1666 1666 1668 1668 1652 1652 2246 2246 2246 2246 1652 1652 2237 2237 2246 2246 2237 2237 2253 2253 2253 2253 2237 2237 2255 2255 2253 2253 2255 2255 2251 2251 2251 2251 2255 2255 2256 2256 2251 2251 2256 2256 2249 2249 2249 2249 2256 2256 2257 2257 2249 2249 2257 2257 2247 2247 2247 2247 2257 2257 2240 2240 1651 1651 1671 1671 2237 2237 2237 2237 1671 1671 2235 2235 2237 2237 2235 2235 2255 2255 2255 2255 2235 2235 2234 2234 2255 2255 2234 2234 2256 2256 2256 2256 2234 2234 2236 2236 2256 2256 2236 2236 2257 2257 1665 1665 1664 1664 2235 2235 2235 2235 1664 1664 2233 2233 2240 2240 2257 2257 2238 2238 2238 2238 2257 2257 2236 2236 2238 2238 2236 2236 2233 2233 2258 2258 2259 2259 2260 2260 2261 2261 2262 2262 2263 2263 2263 2263 2262 2262 2264 2264 2263 2263 2264 2264 2265 2265 2266 2266 1678 1678 2267 2267 2267 2267 1678 1678 1677 1677 2267 2267 1677 1677 1675 1675 2268 2268 2266 2266 2269 2269 2269 2269 2266 2266 2267 2267 2269 2269 2267 2267 2270 2270 2270 2270 2267 2267 1675 1675 2259 2259 2261 2261 2260 2260 2260 2260 2261 2261 2263 2263 2260 2260 2263 2263 2271 2271 1681 1681 2272 2272 1672 1672 1672 1672 2272 2272 2270 2270 1672 1672 2270 2270 1673 1673 1673 1673 2270 2270 1675 1675 2272 2272 2273 2273 2270 2270 2270 2270 2273 2273 2271 2271 2270 2270 2271 2271 2269 2269 2269 2269 2271 2271 2263 2263 2269 2269 2263 2263 2268 2268 2268 2268 2263 2263 2265 2265 2274 2274 2258 2258 2275 2275 2275 2275 2258 2258 2260 2260 2275 2275 2260 2260 2276 2276 2276 2276 2260 2260 2271 2271 2276 2276 2271 2271 2277 2277 2277 2277 2271 2271 2273 2273 1682 1682 1754 1754 1683 1683 1683 1683 1754 1754 1752 1752 1726 1726 1725 1725 2278 2278 2279 2279 2280 2280 2281 2281 2279 2279 2281 2281 2282 2282 2282 2282 2281 2281 2283 2283 2282 2282 2283 2283 2278 2278 2278 2278 2283 2283 2284 2284 2278 2278 2284 2284 1726 1726 1706 1706 1726 1726 1705 1705 1705 1705 1726 1726 2285 2285 1705 1705 2285 2285 1704 1704 1704 1704 2285 2285 2286 2286 1704 1704 2286 2286 1703 1703 1703 1703 2286 2286 2287 2287 1703 1703 2287 2287 1702 1702 1702 1702 2287 2287 2288 2288 1702 1702 2288 2288 1701 1701 1701 1701 2288 2288 2289 2289 1701 1701 2289 2289 1700 1700 1700 1700 2289 2289 2290 2290 1700 1700 2290 2290 1699 1699 1699 1699 2290 2290 2291 2291 1699 1699 2291 2291 1698 1698 1698 1698 2291 2291 2292 2292 1698 1698 2292 2292 1697 1697 1697 1697 2292 2292 2293 2293 1697 1697 2293 2293 1696 1696 1696 1696 2293 2293 1695 1695 1695 1695 2293 2293 2294 2294 1695 1695 2294 2294 1694 1694 1694 1694 2294 2294 2295 2295 1694 1694 2295 2295 1693 1693 1693 1693 2295 2295 2296 2296 1693 1693 2296 2296 1692 1692 1692 1692 2296 2296 2297 2297 1692 1692 2297 2297 1691 1691 1691 1691 2297 2297 2298 2298 1691 1691 2298 2298 1720 1720 1720 1720 2298 2298 2299 2299 1720 1720 2299 2299 1719 1719 1719 1719 2299 2299 2300 2300 1719 1719 2300 2300 1718 1718 1718 1718 2300 2300 2301 2301 1718 1718 2301 2301 1717 1717 1717 1717 2301 2301 2302 2302 1717 1717 2302 2302 1716 1716 1716 1716 2302 2302 2303 2303 1716 1716 2303 2303 1715 1715 1715 1715 2303 2303 2304 2304 1715 1715 2304 2304 1714 1714 1714 1714 2304 2304 2305 2305 1714 1714 2305 2305 1713 1713 1713 1713 2305 2305 2306 2306 1713 1713 2306 2306 1712 1712 1712 1712 2306 2306 2307 2307 1712 1712 2307 2307 1711 1711 1711 1711 2307 2307 2308 2308 1711 1711 2308 2308 1710 1710 1710 1710 2308 2308 2309 2309 1710 1710 2309 2309 1709 1709 1709 1709 2309 2309 2310 2310 1709 1709 2310 2310 1708 1708 1708 1708 2310 2310 2311 2311 1708 1708 2311 2311 1707 1707 1707 1707 2311 2311 1721 1721 1707 1707 1721 1721 1706 1706 1706 1706 1721 1721 1724 1724 1706 1706 1724 1724 1726 1726 1721 1721 2312 2312 2313 2313 2314 2314 1722 1722 1721 1721 1721 1721 2313 2313 2314 2314 2314 2314 2313 2313 2315 2315 2314 2314 2315 2315 2316 2316 2316 2316 2315 2315 2317 2317 2316 2316 2317 2317 2318 2318 1722 1722 2314 2314 1723 1723 1723 1723 2314 2314 2316 2316 1723 1723 2316 2316 2318 2318 2319 2319 2320 2320 2318 2318 2318 2318 2320 2320 2279 2279 2279 2279 2282 2282 2318 2318 2318 2318 2282 2282 2278 2278 2318 2318 2278 2278 1723 1723 1723 1723 2278 2278 1725 1725 2321 2321 2322 2322 2319 2319 2319 2319 2322 2322 2320 2320 1748 1748 1755 1755 1749 1749 1749 1749 1755 1755 1756 1756 1749 1749 1756 1756 1750 1750 1750 1750 1756 1756 2323 2323 1750 1750 2323 2323 1739 1739 1739 1739 2323 2323 2324 2324 1739 1739 2324 2324 1740 1740 1740 1740 2324 2324 2325 2325 1740 1740 2325 2325 1741 1741 1741 1741 2325 2325 2326 2326 1741 1741 2326 2326 1742 1742 1742 1742 2326 2326 2327 2327 1742 1742 2327 2327 1743 1743 1743 1743 2327 2327 2328 2328 1743 1743 2328 2328 1744 1744 1744 1744 2328 2328 2329 2329 1744 1744 2329 2329 1745 1745 1745 1745 2329 2329 2322 2322 1745 1745 2322 2322 1746 1746 1747 1747 1746 1746 1730 1730 1730 1730 1746 1746 2322 2322 1730 1730 2322 2322 1731 1731 1731 1731 2322 2322 2321 2321 1731 1731 2321 2321 1732 1732 1732 1732 2321 2321 2330 2330 1732 1732 2330 2330 1733 1733 1733 1733 2330 2330 2331 2331 1733 1733 2331 2331 1734 1734 1734 1734 2331 2331 2332 2332 1734 1734 2332 2332 1735 1735 1735 1735 2332 2332 2333 2333 1735 1735 2333 2333 1736 1736 1736 1736 2333 2333 2334 2334 1736 1736 2334 2334 1737 1737 1737 1737 2334 2334 2335 2335 1737 1737 2335 2335 1738 1738 1738 1738 2335 2335 2336 2336 1738 1738 2336 2336 1727 1727 1727 1727 2336 2336 1755 1755 1727 1727 1755 1755 1728 1728 1728 1728 1755 1755 1748 1748 1728 1728 1748 1748 1729 1729 1729 1729 1748 1748 1747 1747 1729 1729 1747 1747 1730 1730 1753 1753 1760 1760 1751 1751 1751 1751 1760 1760 1759 1759 2337 2337 2338 2338 2339 2339 2339 2339 2338 2338 2340 2340 2339 2339 2340 2340 2341 2341 2341 2341 2340 2340 2342 2342 2343 2343 2344 2344 2345 2345 2345 2345 2344 2344 2346 2346 2347 2347 2346 2346 2348 2348 2348 2348 2346 2346 2344 2344 2348 2348 2344 2344 2340 2340 2340 2340 2344 2344 2343 2343 2340 2340 2343 2343 2342 2342 2349 2349 2350 2350 2351 2351 911 911 2352 2352 912 912 912 912 2352 2352 2351 2351 912 912 2351 2351 915 915 915 915 2351 2351 2350 2350 915 915 2350 2350 916 916 916 916 2350 2350 918 918 2338 2338 2353 2353 2340 2340 2340 2340 2353 2353 2349 2349 2340 2340 2349 2349 2348 2348 2348 2348 2349 2349 2351 2351 2348 2348 2351 2351 2347 2347 2347 2347 2351 2351 2352 2352 919 919 918 918 2354 2354 2354 2354 918 918 2350 2350 2354 2354 2350 2350 2355 2355 2355 2355 2350 2350 2349 2349 2355 2355 2349 2349 2356 2356 2356 2356 2349 2349 2353 2353 2357 2357 1776 1776 2358 2358 2358 2358 1776 1776 1777 1777 2358 2358 1777 1777 2359 2359 2359 2359 1777 1777 1778 1778 2359 2359 1778 1778 2360 2360 2360 2360 1778 1778 1779 1779 2360 2360 1779 1779 2361 2361 2361 2361 1779 1779 1772 1772 2361 2361 1772 1772 2362 2362 2362 2362 1772 1772 1771 1771 2362 2362 1771 1771 2363 2363 2363 2363 1771 1771 1775 1775 2363 2363 1775 1775 2364 2364 2364 2364 1775 1775 1767 1767 2364 2364 1767 1767 2365 2365 2365 2365 1767 1767 1766 1766 2365 2365 1766 1766 2366 2366 2366 2366 1766 1766 1768 1768 2366 2366 1768 1768 2367 2367 2367 2367 1768 1768 1769 1769 2367 2367 1769 1769 2368 2368 2368 2368 1769 1769 1770 1770 2368 2368 1770 1770 2357 2357 2357 2357 1770 1770 1776 1776 2369 2369 1789 1789 2370 2370 2370 2370 1789 1789 1790 1790 2370 2370 1790 1790 2371 2371 2371 2371 1790 1790 1791 1791 2371 2371 1791 1791 2372 2372 2372 2372 1791 1791 1792 1792 2372 2372 1792 1792 2373 2373 2373 2373 1792 1792 1793 1793 2373 2373 1793 1793 2374 2374 2374 2374 1793 1793 1786 1786 2374 2374 1786 1786 2375 2375 2375 2375 1786 1786 1785 1785 2375 2375 1785 1785 2376 2376 2376 2376 1785 1785 1783 1783 2376 2376 1783 1783 2377 2377 2377 2377 1783 1783 1782 1782 2377 2377 1782 1782 2378 2378 2378 2378 1782 1782 1788 1788 2378 2378 1788 1788 2379 2379 2379 2379 1788 1788 1781 1781 2379 2379 1781 1781 2380 2380 2380 2380 1781 1781 1780 1780 2380 2380 1780 1780 2369 2369 2369 2369 1780 1780 1789 1789 2381 2381 1795 1795 2382 2382 2382 2382 1795 1795 1805 1805 2382 2382 1805 1805 2383 2383 2383 2383 1805 1805 1804 1804 2383 2383 1804 1804 2384 2384 2384 2384 1804 1804 1807 1807 2384 2384 1807 1807 2385 2385 2385 2385 1807 1807 1801 1801 2385 2385 1801 1801 2386 2386 2386 2386 1801 1801 1800 1800 2386 2386 1800 1800 2387 2387 2387 2387 1800 1800 1802 1802 2387 2387 1802 1802 2388 2388 2388 2388 1802 1802 1803 1803 2388 2388 1803 1803 2389 2389 2389 2389 1803 1803 1797 1797 2389 2389 1797 1797 2390 2390 2390 2390 1797 1797 1798 1798 2390 2390 1798 1798 2391 2391 2391 2391 1798 1798 1799 1799 2391 2391 1799 1799 2392 2392 2392 2392 1799 1799 1796 1796 2392 2392 1796 1796 2381 2381 2381 2381 1796 1796 1795 1795 2393 2393 1821 1821 2394 2394 2394 2394 1821 1821 1820 1820 2394 2394 1820 1820 2395 2395 2395 2395 1820 1820 1819 1819 2395 2395 1819 1819 2396 2396 2396 2396 1819 1819 1818 1818 2396 2396 1818 1818 2397 2397 2397 2397 1818 1818 1817 1817 2397 2397 1817 1817 2398 2398 2398 2398 1817 1817 1816 1816 2398 2398 1816 1816 2399 2399 2399 2399 1816 1816 1815 1815 2399 2399 1815 1815 2400 2400 2400 2400 1815 1815 1814 1814 2400 2400 1814 1814 2401 2401 2401 2401 1814 1814 1813 1813 2401 2401 1813 1813 2402 2402 2402 2402 1813 1813 1812 1812 2402 2402 1812 1812 2403 2403 2403 2403 1812 1812 1809 1809 2403 2403 1809 1809 2404 2404 2404 2404 1809 1809 1808 1808 2404 2404 1808 1808 2393 2393 2393 2393 1808 1808 1821 1821 919 919 2354 2354 937 937 937 937 2354 2354 1838 1838 2354 2354 2355 2355 1838 1838 1838 1838 2355 2355 2356 2356 1838 1838 2356 2356 1840 1840 2337 2337 1841 1841 2338 2338 2338 2338 1841 1841 1840 1840 2338 2338 1840 1840 2353 2353 2353 2353 1840 1840 2356 2356 2247 2247 2240 2240 2405 2405 1830 1830 1834 1834 2406 2406 1846 1846 1842 1842 2407 2407 1828 1828 1827 1827 2408 2408 2250 2250 2248 2248 2409 2409 2250 2250 2409 2409 2410 2410 2410 2410 2409 2409 2411 2411 2410 2410 2411 2411 2412 2412 2412 2412 2411 2411 2413 2413 2412 2412 2413 2413 2414 2414 2414 2414 2413 2413 2415 2415 2414 2414 2415 2415 2416 2416 2416 2416 2415 2415 2417 2417 2416 2416 2417 2417 2418 2418 2418 2418 2417 2417 2419 2419 2418 2418 2419 2419 2420 2420 2420 2420 2419 2419 2421 2421 2420 2420 2421 2421 2422 2422 2422 2422 2421 2421 2423 2423 2422 2422 2423 2423 2424 2424 2424 2424 2423 2423 2425 2425 2424 2424 2425 2425 2426 2426 2426 2426 2425 2425 2427 2427 2426 2426 2427 2427 2428 2428 2428 2428 2427 2427 2429 2429 2428 2428 2429 2429 2430 2430 2430 2430 2429 2429 2431 2431 2430 2430 2431 2431 2432 2432 2432 2432 2431 2431 2433 2433 2432 2432 2433 2433 2434 2434 2434 2434 2433 2433 2435 2435 2434 2434 2435 2435 2436 2436 2436 2436 2435 2435 2437 2437 2436 2436 2437 2437 2438 2438 2438 2438 2437 2437 2439 2439 2438 2438 2439 2439 2440 2440 2440 2440 2439 2439 2441 2441 2440 2440 2441 2441 2442 2442 2442 2442 2441 2441 2443 2443 2442 2442 2443 2443 2444 2444 2444 2444 2443 2443 2445 2445 2444 2444 2445 2445 2446 2446 2446 2446 2445 2445 2447 2447 2446 2446 2447 2447 2448 2448 2448 2448 2447 2447 2449 2449 2448 2448 2449 2449 2450 2450 2450 2450 2449 2449 2451 2451 2450 2450 2451 2451 2452 2452 2452 2452 2451 2451 2453 2453 2452 2452 2453 2453 2454 2454 2454 2454 2453 2453 2455 2455 2454 2454 2455 2455 2456 2456 2456 2456 2455 2455 2457 2457 2456 2456 2457 2457 2458 2458 2458 2458 2457 2457 2459 2459 2458 2458 2459 2459 2460 2460 2460 2460 2459 2459 2461 2461 2460 2460 2461 2461 2462 2462 2462 2462 2461 2461 2463 2463 2462 2462 2463 2463 2464 2464 2464 2464 2463 2463 2465 2465 2464 2464 2465 2465 2466 2466 2466 2466 2465 2465 2467 2467 2466 2466 2467 2467 2468 2468 2468 2468 2467 2467 2469 2469 2468 2468 2469 2469 2470 2470 2470 2470 2469 2469 2471 2471 2470 2470 2471 2471 2472 2472 2472 2472 2471 2471 2473 2473 2472 2472 2473 2473 2474 2474 2474 2474 2473 2473 2475 2475 2474 2474 2475 2475 2476 2476 2476 2476 2475 2475 2477 2477 2476 2476 2477 2477 2478 2478 2478 2478 2477 2477 2479 2479 2478 2478 2479 2479 2480 2480 2480 2480 2479 2479 2481 2481 2480 2480 2481 2481 2482 2482 2482 2482 2481 2481 2483 2483 2482 2482 2483 2483 2484 2484 2484 2484 2483 2483 2485 2485 2484 2484 2485 2485 2486 2486 2486 2486 2485 2485 2487 2487 2486 2486 2487 2487 2488 2488 2488 2488 2487 2487 2489 2489 2488 2488 2489 2489 2490 2490 2490 2490 2489 2489 2491 2491 2490 2490 2491 2491 2492 2492 2492 2492 2491 2491 2493 2493 2492 2492 2493 2493 2494 2494 2494 2494 2493 2493 2495 2495 2494 2494 2495 2495 2496 2496 2496 2496 2495 2495 2497 2497 2496 2496 2497 2497 2498 2498 2498 2498 2497 2497 2499 2499 2498 2498 2499 2499 2500 2500 2500 2500 2499 2499 2501 2501 2500 2500 2501 2501 2502 2502 2502 2502 2501 2501 2503 2503 2502 2502 2503 2503 2504 2504 2504 2504 2503 2503 2505 2505 2504 2504 2505 2505 2506 2506 2506 2506 2505 2505 2507 2507 2506 2506 2507 2507 2508 2508 2508 2508 2507 2507 2509 2509 2508 2508 2509 2509 2510 2510 2510 2510 2509 2509 2408 2408 2510 2510 2408 2408 2511 2511 2511 2511 2408 2408 1827 1827 2511 2511 1827 1827 1841 1841 951 951 1833 1833 1893 1893 1893 1893 1833 1833 1832 1832 1893 1893 1832 1832 2001 2001 2001 2001 1832 1832 1831 1831 1831 1831 1830 1830 2001 2001 2001 2001 1830 1830 2406 2406 2001 2001 2406 2406 1955 1955 1955 1955 2406 2406 2512 2512 2513 2513 1860 1860 2512 2512 2512 2512 1860 1860 1859 1859 2512 2512 1859 1859 1955 1955 2514 2514 1863 1863 2513 2513 2513 2513 1863 1863 1862 1862 2513 2513 1862 1862 1860 1860 2515 2515 1952 1952 2514 2514 2514 2514 1952 1952 1951 1951 2514 2514 1951 1951 1863 1863 2516 2516 1950 1950 2515 2515 2515 2515 1950 1950 1954 1954 2515 2515 1954 1954 1952 1952 2517 2517 1946 1946 2516 2516 2516 2516 1946 1946 1949 1949 2516 2516 1949 1949 1950 1950 2518 2518 1948 1948 2517 2517 2517 2517 1948 1948 1947 1947 2517 2517 1947 1947 1946 1946 2519 2519 1943 1943 2518 2518 2518 2518 1943 1943 2034 2034 2518 2518 2034 2034 1948 1948 2520 2520 1940 1940 2519 2519 2519 2519 1940 1940 1944 1944 2519 2519 1944 1944 1943 1943 2521 2521 1937 1937 2520 2520 2520 2520 1937 1937 1941 1941 2520 2520 1941 1941 1940 1940 2522 2522 1934 1934 2521 2521 2521 2521 1934 1934 1938 1938 2521 2521 1938 1938 1937 1937 2523 2523 1930 1930 2522 2522 2522 2522 1930 1930 1935 1935 2522 2522 1935 1935 1934 1934 2524 2524 1932 1932 2523 2523 2523 2523 1932 1932 1931 1931 2523 2523 1931 1931 1930 1930 2525 2525 1929 1929 2524 2524 2524 2524 1929 1929 1933 1933 2524 2524 1933 1933 1932 1932 2526 2526 1866 1866 2525 2525 2525 2525 1866 1866 1865 1865 2525 2525 1865 1865 1929 1929 2527 2527 1869 1869 2526 2526 2526 2526 1869 1869 1868 1868 2526 2526 1868 1868 1866 1866 2528 2528 1928 1928 2527 2527 2527 2527 1928 1928 1926 1926 2527 2527 1926 1926 1869 1869 2529 2529 1872 1872 2528 2528 2528 2528 1872 1872 1871 1871 2528 2528 1871 1871 1928 1928 2530 2530 1924 1924 2529 2529 2529 2529 1924 1924 1925 1925 2529 2529 1925 1925 1872 1872 2531 2531 1920 1920 2530 2530 2530 2530 1920 1920 1922 1922 2530 2530 1922 1922 1924 1924 2532 2532 1875 1875 2531 2531 2531 2531 1875 1875 1874 1874 2531 2531 1874 1874 1920 1920 2533 2533 1878 1878 2532 2532 2532 2532 1878 1878 1877 1877 2532 2532 1877 1877 1875 1875 2534 2534 1881 1881 2533 2533 2533 2533 1881 1881 1880 1880 2533 2533 1880 1880 1878 1878 2535 2535 1884 1884 2534 2534 2534 2534 1884 1884 1883 1883 2534 2534 1883 1883 1881 1881 2536 2536 1918 1918 2535 2535 2535 2535 1918 1918 1917 1917 2535 2535 1917 1917 1884 1884 2537 2537 1887 1887 2536 2536 2536 2536 1887 1887 1886 1886 2536 2536 1886 1886 1918 1918 2538 2538 2058 2058 2537 2537 2537 2537 2058 2058 2057 2057 2537 2537 2057 2057 1887 1887 2539 2539 2061 2061 2538 2538 2538 2538 2061 2061 2060 2060 2538 2538 2060 2060 2058 2058 2540 2540 2064 2064 2539 2539 2539 2539 2064 2064 2063 2063 2539 2539 2063 2063 2061 2061 2541 2541 2067 2067 2540 2540 2540 2540 2067 2067 2066 2066 2540 2540 2066 2066 2064 2064 2542 2542 2150 2150 2541 2541 2541 2541 2150 2150 2149 2149 2541 2541 2149 2149 2067 2067 2543 2543 2148 2148 2542 2542 2542 2542 2148 2148 2152 2152 2542 2542 2152 2152 2150 2150 2544 2544 2144 2144 2543 2543 2543 2543 2144 2144 2147 2147 2543 2543 2147 2147 2148 2148 2545 2545 2146 2146 2544 2544 2544 2544 2146 2146 2145 2145 2544 2544 2145 2145 2144 2144 2546 2546 2070 2070 2545 2545 2545 2545 2070 2070 2069 2069 2545 2545 2069 2069 2146 2146 2547 2547 2073 2073 2546 2546 2546 2546 2073 2073 2072 2072 2546 2546 2072 2072 2070 2070 2548 2548 2076 2076 2547 2547 2547 2547 2076 2076 2075 2075 2547 2547 2075 2075 2073 2073 2549 2549 2079 2079 2548 2548 2548 2548 2079 2079 2078 2078 2548 2548 2078 2078 2076 2076 2550 2550 2140 2140 2549 2549 2549 2549 2140 2140 2153 2153 2549 2549 2153 2153 2079 2079 2551 2551 2142 2142 2550 2550 2550 2550 2142 2142 2141 2141 2550 2550 2141 2141 2140 2140 2552 2552 2139 2139 2551 2551 2551 2551 2139 2139 2143 2143 2551 2551 2143 2143 2142 2142 2553 2553 2082 2082 2552 2552 2552 2552 2082 2082 2081 2081 2552 2552 2081 2081 2139 2139 2554 2554 2085 2085 2553 2553 2553 2553 2085 2085 2084 2084 2553 2553 2084 2084 2082 2082 2555 2555 2088 2088 2554 2554 2554 2554 2088 2088 2087 2087 2554 2554 2087 2087 2085 2085 2556 2556 2137 2137 2555 2555 2555 2555 2137 2137 2135 2135 2555 2555 2135 2135 2088 2088 2557 2557 2131 2131 2556 2556 2556 2556 2131 2131 2138 2138 2556 2556 2138 2138 2137 2137 2558 2558 2133 2133 2557 2557 2557 2557 2133 2133 2134 2134 2557 2557 2134 2134 2131 2131 2559 2559 2127 2127 2558 2558 2558 2558 2127 2127 2132 2132 2558 2558 2132 2132 2133 2133 2560 2560 2124 2124 2559 2559 2559 2559 2124 2124 2128 2128 2559 2559 2128 2128 2127 2127 2561 2561 2121 2121 2560 2560 2560 2560 2121 2121 2125 2125 2560 2560 2125 2125 2124 2124 2239 2239 2243 2243 2562 2562 2562 2562 2243 2243 2242 2242 2242 2242 2119 2119 2562 2562 2562 2562 2119 2119 2120 2120 2562 2562 2120 2120 2561 2561 2561 2561 2120 2120 2122 2122 2561 2561 2122 2122 2121 2121 2242 2242 2241 2241 2119 2119 2119 2119 2241 2241 2244 2244 2119 2119 2244 2244 2118 2118 2118 2118 2244 2244 2245 2245 2118 2118 2245 2245 1656 1656 2248 2248 2247 2247 2409 2409 2409 2409 2247 2247 2405 2405 2409 2409 2405 2405 2411 2411 2411 2411 2405 2405 2563 2563 2411 2411 2563 2563 2413 2413 2413 2413 2563 2563 2564 2564 2413 2413 2564 2564 2415 2415 2415 2415 2564 2564 2565 2565 2415 2415 2565 2565 2417 2417 2417 2417 2565 2565 2566 2566 2417 2417 2566 2566 2419 2419 2419 2419 2566 2566 2567 2567 2419 2419 2567 2567 2421 2421 2421 2421 2567 2567 2568 2568 2421 2421 2568 2568 2423 2423 2423 2423 2568 2568 2569 2569 2423 2423 2569 2569 2425 2425 2425 2425 2569 2569 2570 2570 2425 2425 2570 2570 2427 2427 2427 2427 2570 2570 2571 2571 2427 2427 2571 2571 2429 2429 2429 2429 2571 2571 2572 2572 2429 2429 2572 2572 2431 2431 2431 2431 2572 2572 2573 2573 2431 2431 2573 2573 2433 2433 2433 2433 2573 2573 2574 2574 2433 2433 2574 2574 2435 2435 2435 2435 2574 2574 2575 2575 2435 2435 2575 2575 2437 2437 2437 2437 2575 2575 2576 2576 2437 2437 2576 2576 2439 2439 2439 2439 2576 2576 2577 2577 2439 2439 2577 2577 2441 2441 2441 2441 2577 2577 2578 2578 2441 2441 2578 2578 2443 2443 2443 2443 2578 2578 2579 2579 2443 2443 2579 2579 2445 2445 2445 2445 2579 2579 2580 2580 2445 2445 2580 2580 2447 2447 2447 2447 2580 2580 2581 2581 2447 2447 2581 2581 2449 2449 2449 2449 2581 2581 2582 2582 2449 2449 2582 2582 2451 2451 2451 2451 2582 2582 2583 2583 2451 2451 2583 2583 2453 2453 2453 2453 2583 2583 2584 2584 2453 2453 2584 2584 2455 2455 2455 2455 2584 2584 2585 2585 2455 2455 2585 2585 2457 2457 2457 2457 2585 2585 2586 2586 2457 2457 2586 2586 2459 2459 2459 2459 2586 2586 2587 2587 2459 2459 2587 2587 2461 2461 2461 2461 2587 2587 2588 2588 2461 2461 2588 2588 2463 2463 2463 2463 2588 2588 2589 2589 2463 2463 2589 2589 2465 2465 2465 2465 2589 2589 2590 2590 2465 2465 2590 2590 2467 2467 2467 2467 2590 2590 2591 2591 2467 2467 2591 2591 2469 2469 2469 2469 2591 2591 2592 2592 2469 2469 2592 2592 2471 2471 2471 2471 2592 2592 2593 2593 2471 2471 2593 2593 2473 2473 2473 2473 2593 2593 2594 2594 2473 2473 2594 2594 2475 2475 2475 2475 2594 2594 2595 2595 2475 2475 2595 2595 2477 2477 2477 2477 2595 2595 2596 2596 2477 2477 2596 2596 2479 2479 2479 2479 2596 2596 2597 2597 2479 2479 2597 2597 2481 2481 2481 2481 2597 2597 2598 2598 2481 2481 2598 2598 2483 2483 2483 2483 2598 2598 2599 2599 2483 2483 2599 2599 2485 2485 2485 2485 2599 2599 2600 2600 2485 2485 2600 2600 2487 2487 2487 2487 2600 2600 2601 2601 2487 2487 2601 2601 2489 2489 2489 2489 2601 2601 2602 2602 2489 2489 2602 2602 2491 2491 2491 2491 2602 2602 2603 2603 2491 2491 2603 2603 2493 2493 2493 2493 2603 2603 2604 2604 2493 2493 2604 2604 2495 2495 2495 2495 2604 2604 2605 2605 2495 2495 2605 2605 2497 2497 2497 2497 2605 2605 2606 2606 2497 2497 2606 2606 2499 2499 2499 2499 2606 2606 2607 2607 2499 2499 2607 2607 2501 2501 2501 2501 2607 2607 2608 2608 2501 2501 2608 2608 2503 2503 2503 2503 2608 2608 2609 2609 2503 2503 2609 2609 2505 2505 2505 2505 2609 2609 2610 2610 2505 2505 2610 2610 2507 2507 2507 2507 2610 2610 2611 2611 2507 2507 2611 2611 2509 2509 2509 2509 2611 2611 2612 2612 2509 2509 2612 2612 2408 2408 2408 2408 2612 2612 2407 2407 2408 2408 2407 2407 1828 1828 1828 1828 2407 2407 1842 1842 2240 2240 2239 2239 2405 2405 2405 2405 2239 2239 2562 2562 2405 2405 2562 2562 2563 2563 2563 2563 2562 2562 2561 2561 2563 2563 2561 2561 2564 2564 2564 2564 2561 2561 2560 2560 2564 2564 2560 2560 2565 2565 2565 2565 2560 2560 2559 2559 2565 2565 2559 2559 2566 2566 2566 2566 2559 2559 2558 2558 2566 2566 2558 2558 2567 2567 2567 2567 2558 2558 2557 2557 2567 2567 2557 2557 2568 2568 2568 2568 2557 2557 2556 2556 2568 2568 2556 2556 2569 2569 2569 2569 2556 2556 2555 2555 2569 2569 2555 2555 2570 2570 2570 2570 2555 2555 2554 2554 2570 2570 2554 2554 2571 2571 2571 2571 2554 2554 2553 2553 2571 2571 2553 2553 2572 2572 2572 2572 2553 2553 2552 2552 2572 2572 2552 2552 2573 2573 2573 2573 2552 2552 2551 2551 2573 2573 2551 2551 2574 2574 2574 2574 2551 2551 2550 2550 2574 2574 2550 2550 2575 2575 2575 2575 2550 2550 2549 2549 2575 2575 2549 2549 2576 2576 2576 2576 2549 2549 2548 2548 2576 2576 2548 2548 2577 2577 2577 2577 2548 2548 2547 2547 2577 2577 2547 2547 2578 2578 2578 2578 2547 2547 2546 2546 2578 2578 2546 2546 2579 2579 2579 2579 2546 2546 2545 2545 2579 2579 2545 2545 2580 2580 2580 2580 2545 2545 2544 2544 2580 2580 2544 2544 2581 2581 2581 2581 2544 2544 2543 2543 2581 2581 2543 2543 2582 2582 2582 2582 2543 2543 2542 2542 2582 2582 2542 2542 2583 2583 2583 2583 2542 2542 2541 2541 2583 2583 2541 2541 2584 2584 2584 2584 2541 2541 2540 2540 2584 2584 2540 2540 2585 2585 2585 2585 2540 2540 2539 2539 2585 2585 2539 2539 2586 2586 2586 2586 2539 2539 2538 2538 2586 2586 2538 2538 2587 2587 2587 2587 2538 2538 2537 2537 2587 2587 2537 2537 2588 2588 2588 2588 2537 2537 2536 2536 2588 2588 2536 2536 2589 2589 2589 2589 2536 2536 2535 2535 2589 2589 2535 2535 2590 2590 2590 2590 2535 2535 2534 2534 2590 2590 2534 2534 2591 2591 2591 2591 2534 2534 2533 2533 2591 2591 2533 2533 2592 2592 2592 2592 2533 2533 2532 2532 2592 2592 2532 2532 2593 2593 2593 2593 2532 2532 2531 2531 2593 2593 2531 2531 2594 2594 2594 2594 2531 2531 2530 2530 2594 2594 2530 2530 2595 2595 2595 2595 2530 2530 2529 2529 2595 2595 2529 2529 2596 2596 2596 2596 2529 2529 2528 2528 2596 2596 2528 2528 2597 2597 2597 2597 2528 2528 2527 2527 2597 2597 2527 2527 2598 2598 2598 2598 2527 2527 2526 2526 2598 2598 2526 2526 2599 2599 2599 2599 2526 2526 2525 2525 2599 2599 2525 2525 2600 2600 2600 2600 2525 2525 2524 2524 2600 2600 2524 2524 2601 2601 2601 2601 2524 2524 2523 2523 2601 2601 2523 2523 2602 2602 2602 2602 2523 2523 2522 2522 2602 2602 2522 2522 2603 2603 2603 2603 2522 2522 2521 2521 2603 2603 2521 2521 2604 2604 2604 2604 2521 2521 2520 2520 2604 2604 2520 2520 2605 2605 2605 2605 2520 2520 2519 2519 2605 2605 2519 2519 2606 2606 2606 2606 2519 2519 2518 2518 2606 2606 2518 2518 2607 2607 2607 2607 2518 2518 2517 2517 2607 2607 2517 2517 2608 2608 2608 2608 2517 2517 2516 2516 2608 2608 2516 2516 2609 2609 2609 2609 2516 2516 2515 2515 2609 2609 2515 2515 2610 2610 2610 2610 2515 2515 2514 2514 2610 2610 2514 2514 2611 2611 2611 2611 2514 2514 2513 2513 2611 2611 2513 2513 2612 2612 2612 2612 2513 2513 2512 2512 2612 2612 2512 2512 2407 2407 2407 2407 2512 2512 2406 2406 2407 2407 2406 2406 1846 1846 1846 1846 2406 2406 1834 1834 1681 1681 1667 1667 2272 2272 2272 2272 1667 1667 2254 2254 2272 2272 2254 2254 2273 2273 2273 2273 2254 2254 2277 2277 2277 2277 2254 2254 2252 2252 2277 2277 2252 2252 2276 2276 2276 2276 2252 2252 2275 2275 2275 2275 2252 2252 2250 2250 2275 2275 2250 2250 2274 2274 2613 2613 2614 2614 2615 2615 2616 2616 2617 2617 2618 2618 2265 2265 2264 2264 2619 2619 2262 2262 2261 2261 2620 2620 2259 2259 2258 2258 2621 2621 2622 2622 2623 2623 2624 2624 2622 2622 2624 2624 2625 2625 2625 2625 2624 2624 2626 2626 2625 2625 2626 2626 2627 2627 2627 2627 2626 2626 2621 2621 2627 2627 2621 2621 2628 2628 2628 2628 2621 2621 2258 2258 2628 2628 2258 2258 2274 2274 2268 2268 1690 1690 2266 2266 2266 2266 1690 1690 1678 1678 2268 2268 2265 2265 1690 1690 1690 1690 2265 2265 2619 2619 1690 1690 2619 2619 1689 1689 1689 1689 2619 2619 2629 2629 1689 1689 2629 2629 1687 1687 1687 1687 2629 2629 1686 1686 1686 1686 2629 2629 2618 2618 1686 1686 2618 2618 1684 1684 1684 1684 2618 2618 2617 2617 1684 1684 2617 2617 1682 1682 2264 2264 2262 2262 2619 2619 2619 2619 2262 2262 2620 2620 2619 2619 2620 2620 2629 2629 2629 2629 2620 2620 2630 2630 2629 2629 2630 2630 2618 2618 2618 2618 2630 2630 2615 2615 2618 2618 2615 2615 2616 2616 2616 2616 2615 2615 2614 2614 2261 2261 2259 2259 2620 2620 2620 2620 2259 2259 2621 2621 2620 2620 2621 2621 2630 2630 2630 2630 2621 2621 2626 2626 2630 2630 2626 2626 2615 2615 2615 2615 2626 2626 2624 2624 2615 2615 2624 2624 2613 2613 2613 2613 2624 2624 2623 2623 1754 1754 1682 1682 1756 1756 1756 1756 1682 1682 2617 2617 1756 1756 2617 2617 2631 2631 2617 2617 2616 2616 2631 2631 2631 2631 2616 2616 2614 2614 2631 2631 2614 2614 2632 2632 2622 2622 2633 2633 2623 2623 2623 2623 2633 2633 2632 2632 2623 2623 2632 2632 2613 2613 2613 2613 2632 2632 2614 2614 2634 2634 2323 2323 2633 2633 2633 2633 2323 2323 1756 1756 2633 2633 1756 1756 2632 2632 2632 2632 1756 1756 2631 2631 2323 2323 2634 2634 2324 2324 2324 2324 2634 2634 2635 2635 2324 2324 2635 2635 2325 2325 2325 2325 2635 2635 2636 2636 2325 2325 2636 2636 2326 2326 2326 2326 2636 2636 2637 2637 2326 2326 2637 2637 2327 2327 2327 2327 2637 2637 2638 2638 2327 2327 2638 2638 2328 2328 2328 2328 2638 2638 2639 2639 2328 2328 2639 2639 2329 2329 2329 2329 2639 2639 2640 2640 2640 2640 2641 2641 2329 2329 2329 2329 2641 2641 2322 2322 2641 2641 2280 2280 2322 2322 2322 2322 2280 2280 2279 2279 2322 2322 2279 2279 2320 2320 1726 1726 2284 2284 2285 2285 2285 2285 2284 2284 2642 2642 2285 2285 2642 2642 2286 2286 2286 2286 2642 2642 2643 2643 2286 2286 2643 2643 2287 2287 2287 2287 2643 2643 2644 2644 2287 2287 2644 2644 2288 2288 2288 2288 2644 2644 2645 2645 2288 2288 2645 2645 2289 2289 2289 2289 2645 2645 2646 2646 2289 2289 2646 2646 2290 2290 2290 2290 2646 2646 2647 2647 2290 2290 2647 2647 2291 2291 2291 2291 2647 2647 2648 2648 2291 2291 2648 2648 2292 2292 2292 2292 2648 2648 2649 2649 2292 2292 2649 2649 2293 2293 2293 2293 2649 2649 2650 2650 2293 2293 2650 2650 2294 2294 2294 2294 2650 2650 2651 2651 2294 2294 2651 2651 2295 2295 2295 2295 2651 2651 2652 2652 2295 2295 2652 2652 2296 2296 2296 2296 2652 2652 2653 2653 2296 2296 2653 2653 2297 2297 2297 2297 2653 2653 2654 2654 2297 2297 2654 2654 2298 2298 2298 2298 2654 2654 2655 2655 2298 2298 2655 2655 2299 2299 2299 2299 2655 2655 2656 2656 2299 2299 2656 2656 2300 2300 2300 2300 2656 2656 2657 2657 2300 2300 2657 2657 2301 2301 2301 2301 2657 2657 2658 2658 2301 2301 2658 2658 2302 2302 2302 2302 2658 2658 2659 2659 2302 2302 2659 2659 2303 2303 2303 2303 2659 2659 2660 2660 2303 2303 2660 2660 2304 2304 2304 2304 2660 2660 2661 2661 2304 2304 2661 2661 2305 2305 2305 2305 2661 2661 2662 2662 2305 2305 2662 2662 2306 2306 2306 2306 2662 2662 2663 2663 2306 2306 2663 2663 2307 2307 2307 2307 2663 2663 2664 2664 2307 2307 2664 2664 2308 2308 2308 2308 2664 2664 2665 2665 2308 2308 2665 2665 2309 2309 2309 2309 2665 2665 2666 2666 2309 2309 2666 2666 2310 2310 2310 2310 2666 2666 2667 2667 2310 2310 2667 2667 2311 2311 2311 2311 2667 2667 2668 2668 2311 2311 2668 2668 1721 1721 1721 1721 2668 2668 2312 2312 2319 2319 2318 2318 2321 2321 2321 2321 2318 2318 2317 2317 2321 2321 2317 2317 2669 2669 2669 2669 2670 2670 2321 2321 2321 2321 2670 2670 2330 2330 2330 2330 2670 2670 2331 2331 2331 2331 2670 2670 2671 2671 2331 2331 2671 2671 2332 2332 2332 2332 2671 2671 2672 2672 2332 2332 2672 2672 2333 2333 2333 2333 2672 2672 2673 2673 2333 2333 2673 2673 2334 2334 2334 2334 2673 2673 2674 2674 2334 2334 2674 2674 2335 2335 2335 2335 2674 2674 2675 2675 2335 2335 2675 2675 2336 2336 2336 2336 2675 2675 2676 2676 2677 2677 2678 2678 2679 2679 2679 2679 2678 2678 1755 1755 2679 2679 1755 1755 2676 2676 2676 2676 1755 1755 2336 2336 2680 2680 2681 2681 2679 2679 2679 2679 2681 2681 2677 2677 2681 2681 2682 2682 2677 2677 2677 2677 2682 2682 2683 2683 2677 2677 2683 2683 2678 2678 2678 2678 2683 2683 2684 2684 2678 2678 2684 2684 1755 1755 1755 1755 2684 2684 2685 2685 1755 1755 2685 2685 1753 1753 1753 1753 2685 2685 1760 1760 2686 2686 1761 1761 1760 1760 2687 2687 1763 1763 1762 1762 2688 2688 1764 1764 1765 1765 2345 2345 2346 2346 2688 2688 2688 2688 2346 2346 2347 2347 2688 2688 2347 2347 1764 1764 1764 1764 2347 2347 2352 2352 1764 1764 2352 2352 911 911 2345 2345 2688 2688 2343 2343 2343 2343 2688 2688 2689 2689 2343 2343 2689 2689 2342 2342 2342 2342 2689 2689 2341 2341 2341 2341 2689 2689 2690 2690 2341 2341 2690 2690 2339 2339 2691 2691 2692 2692 2693 2693 2694 2694 2695 2695 2692 2692 2680 2680 2695 2695 2681 2681 2681 2681 2695 2695 2694 2694 2681 2681 2694 2694 2682 2682 2682 2682 2694 2694 2696 2696 1760 1760 2685 2685 2686 2686 2686 2686 2685 2685 2684 2684 2686 2686 2684 2684 2696 2696 2696 2696 2684 2684 2683 2683 2696 2696 2683 2683 2682 2682 2692 2692 2691 2691 2694 2694 2694 2694 2691 2691 2697 2697 2694 2694 2697 2697 2696 2696 2696 2696 2697 2697 2687 2687 2696 2696 2687 2687 2686 2686 2686 2686 2687 2687 1762 1762 2686 2686 1762 1762 1761 1761 2337 2337 2339 2339 2693 2693 2693 2693 2339 2339 2690 2690 2693 2693 2690 2690 2691 2691 2691 2691 2690 2690 2689 2689 2691 2691 2689 2689 2697 2697 2697 2697 2689 2689 2688 2688 2697 2697 2688 2688 2687 2687 2687 2687 2688 2688 1765 1765 2687 2687 1765 1765 1763 1763 2280 2280 2641 2641 2640 2640 2418 2418 2637 2637 2416 2416 2416 2416 2637 2637 2636 2636 2416 2416 2636 2636 2414 2414 2414 2414 2636 2636 2412 2412 2638 2638 2386 2386 2639 2639 2639 2639 2386 2386 2387 2387 2387 2387 2647 2647 2646 2646 2464 2464 2466 2466 2399 2399 2274 2274 2250 2250 2628 2628 2628 2628 2250 2250 2410 2410 2646 2646 2645 2645 2387 2387 2387 2387 2645 2645 2644 2644 2387 2387 2644 2644 2639 2639 2639 2639 2644 2644 2643 2643 2639 2639 2643 2643 2640 2640 2640 2640 2643 2643 2642 2642 2640 2640 2642 2642 2284 2284 2446 2446 2448 2448 2403 2403 2636 2636 2635 2635 2412 2412 2412 2412 2635 2635 2634 2634 2412 2412 2634 2634 2633 2633 2284 2284 2283 2283 2640 2640 2640 2640 2283 2283 2281 2281 2640 2640 2281 2281 2280 2280 2456 2456 2458 2458 2400 2400 2400 2400 2458 2458 2460 2460 2400 2400 2460 2460 2399 2399 2399 2399 2460 2460 2462 2462 2399 2399 2462 2462 2464 2464 2403 2403 2448 2448 2402 2402 2402 2402 2448 2448 2450 2450 2402 2402 2450 2450 2401 2401 2401 2401 2450 2450 2452 2452 2401 2401 2452 2452 2400 2400 2400 2400 2452 2452 2454 2454 2400 2400 2454 2454 2456 2456 2633 2633 2622 2622 2412 2412 2412 2412 2622 2622 2625 2625 2412 2412 2625 2625 2410 2410 2410 2410 2625 2625 2627 2627 2410 2410 2627 2627 2628 2628 2403 2403 2404 2404 2446 2446 2446 2446 2404 2404 2393 2393 2446 2446 2393 2393 2444 2444 2444 2444 2393 2393 2394 2394 2444 2444 2394 2394 2442 2442 2442 2442 2394 2394 2440 2440 2440 2440 2394 2394 2395 2395 2440 2440 2395 2395 2438 2438 2378 2378 2379 2379 2399 2399 2399 2399 2379 2379 2380 2380 2399 2399 2380 2380 2369 2369 2430 2430 2432 2432 2391 2391 2391 2391 2432 2432 2434 2434 2391 2391 2434 2434 2390 2390 2398 2398 2655 2655 2397 2397 2397 2397 2655 2655 2654 2654 2650 2650 2649 2649 2396 2396 2396 2396 2649 2649 2648 2648 2392 2392 2381 2381 2422 2422 2422 2422 2381 2381 2382 2382 2422 2422 2382 2382 2420 2420 2420 2420 2382 2382 2383 2383 2420 2420 2383 2383 2384 2384 2654 2654 2653 2653 2397 2397 2397 2397 2653 2653 2652 2652 2397 2397 2652 2652 2396 2396 2396 2396 2652 2652 2651 2651 2396 2396 2651 2651 2650 2650 2387 2387 2388 2388 2647 2647 2647 2647 2388 2388 2389 2389 2647 2647 2389 2389 2648 2648 2648 2648 2389 2389 2390 2390 2648 2648 2390 2390 2396 2396 2396 2396 2390 2390 2434 2434 2396 2396 2434 2434 2395 2395 2395 2395 2434 2434 2436 2436 2395 2395 2436 2436 2438 2438 2422 2422 2424 2424 2392 2392 2392 2392 2424 2424 2426 2426 2392 2392 2426 2426 2391 2391 2391 2391 2426 2426 2428 2428 2391 2391 2428 2428 2430 2430 2418 2418 2420 2420 2637 2637 2637 2637 2420 2420 2384 2384 2637 2637 2384 2384 2638 2638 2638 2638 2384 2384 2385 2385 2638 2638 2385 2385 2386 2386 2657 2657 2369 2369 2658 2658 2658 2658 2369 2369 2370 2370 2658 2658 2370 2370 2659 2659 2659 2659 2370 2370 2371 2371 2659 2659 2371 2371 2660 2660 2466 2466 2468 2468 2399 2399 2399 2399 2468 2468 2470 2470 2399 2399 2470 2470 2378 2378 2378 2378 2470 2470 2472 2472 2378 2378 2472 2472 2377 2377 2377 2377 2472 2472 2474 2474 2377 2377 2474 2474 2376 2376 2376 2376 2474 2474 2476 2476 2376 2376 2476 2476 2375 2375 2375 2375 2476 2476 2374 2374 2398 2398 2399 2399 2655 2655 2655 2655 2399 2399 2369 2369 2655 2655 2369 2369 2656 2656 2656 2656 2369 2369 2657 2657 2500 2500 2363 2363 2498 2498 2498 2498 2363 2363 2364 2364 2666 2666 2665 2665 2367 2367 2476 2476 2478 2478 2374 2374 2374 2374 2478 2478 2480 2480 2374 2374 2480 2480 2373 2373 2373 2373 2480 2480 2482 2482 2373 2373 2482 2482 2484 2484 2490 2490 2492 2492 2365 2365 2365 2365 2492 2492 2494 2494 2365 2365 2494 2494 2364 2364 2364 2364 2494 2494 2496 2496 2364 2364 2496 2496 2498 2498 2367 2367 2665 2665 2366 2366 2484 2484 2486 2486 2373 2373 2373 2373 2486 2486 2488 2488 2373 2373 2488 2488 2372 2372 2665 2665 2664 2664 2366 2366 2366 2366 2664 2664 2663 2663 2366 2366 2663 2663 2662 2662 2490 2490 2365 2365 2488 2488 2488 2488 2365 2365 2366 2366 2488 2488 2366 2366 2372 2372 2372 2372 2366 2366 2662 2662 2372 2372 2662 2662 2371 2371 2371 2371 2662 2662 2661 2661 2371 2371 2661 2661 2660 2660 2666 2666 2367 2367 2667 2667 2667 2667 2367 2367 2368 2368 2667 2667 2368 2368 2668 2668 2358 2358 2508 2508 2510 2510 2508 2508 2358 2358 2506 2506 2506 2506 2358 2358 2359 2359 2506 2506 2359 2359 2504 2504 2504 2504 2359 2359 2360 2360 2504 2504 2360 2360 2502 2502 2502 2502 2360 2360 2361 2361 2502 2502 2361 2361 2500 2500 2500 2500 2361 2361 2362 2362 2500 2500 2362 2362 2363 2363 2337 2337 2693 2693 1841 1841 1841 1841 2693 2693 2692 2692 1841 1841 2692 2692 2695 2695 2510 2510 2511 2511 2358 2358 2358 2358 2511 2511 1841 1841 2358 2358 1841 1841 2675 2675 2675 2675 1841 1841 2695 2695 2675 2675 2695 2695 2676 2676 2676 2676 2695 2695 2680 2680 2676 2676 2680 2680 2679 2679 2669 2669 2317 2317 2670 2670 2670 2670 2317 2317 2315 2315 2675 2675 2674 2674 2358 2358 2358 2358 2674 2674 2673 2673 2358 2358 2673 2673 2357 2357 2357 2357 2673 2673 2672 2672 2357 2357 2672 2672 2368 2368 2368 2368 2672 2672 2671 2671 2368 2368 2671 2671 2668 2668 2668 2668 2671 2671 2670 2670 2668 2668 2670 2670 2312 2312 2312 2312 2670 2670 2315 2315 2312 2312 2315 2315 2313 2313</p>
        </triangles>
      </mesh>
    </geometry>
  </library_geometries>
  <library_materials>
    <material id="018ce6cf023e443ea44eb9dbd8b0a207" name="defaultmaterial">
      <instance_effect url="#01895272e6954004ad1d74044773dde4" />
    </material>
  </library_materials>
  <library_visual_scenes>
    <visual_scene id="scene">
      <node id="node0" name="node0">
        <instance_geometry url="#acf141ca40f94ee88d8a7c6440e5024f">
          <bind_material>
            <technique_common>
              <instance_material symbol="material0" target="#018ce6cf023e443ea44eb9dbd8b0a207" />
            </technique_common>
          </bind_material>
        </instance_geometry>
      </node>
    </visual_scene>
  </library_visual_scenes>
  <scene>
    <instance_visual_scene url="#scene" />
  </scene>
</COLLADA>
