<COLLADA xmlns="http://www.collada.org/2005/11/COLLADASchema" version="1.4.1">
  <asset>
    <created>2026-09-17T15:28:49.789619</created>
    <modified>2026-09-17T15:28:49.789619</modified>
    <up_axis>Z_UP</up_axis>
  </asset>
  <library_effects>
    <effect id="27dc4dbee0114e4886d22299c2bebfd6" name="27dc4dbee0114e4886d22299c2bebfd6">
      <profile_COMMON>
        <technique sid="common">
          <phong>
            <emission>
              <color>0.0 0.0 0.0 1.0</color>
            </emission>
            <ambient>
              <color>0.0 0.0 0.0 1.0</color>
            </ambient>
            <diffuse>
              <color>0.7058823529411765 0.7058823529411765 0.7254901960784313 1.0</color>
            </diffuse>
            <specular>
              <color>0.0 0.0 0.0 1.0</color>
            </specular>
            <shininess>
              <float>0.0</float>
            </shininess>
            <reflective>
              <color>0.0 0.0 0.0 1.0</color>
            </reflective>
            <reflectivity>
              <float>0.0</float>
            </reflectivity>
            <transparent>
              <color>0.0 0.0 0.0 1.0</color>
            </transparent>
            <transparency>
              <float>1.0</float>
            </transparency>
          </phong>
        </technique>
        <extra>
          <technique profile="GOOGLEEARTH">
            <double_sided>0</double_sided>
          </technique>
        </extra>
      </profile_COMMON>
    </effect>
  </library_effects>
  <library_geometries>
    <geometry id="3f733701a0634064831e692b8fdd069c" name="f6a3c5cbeefa4ea2843fbfd31a496306">
      <mesh>
        <source id="verts-array">
          <float_array count="11259" id="verts-array-array">0.0136399 -0.007875 -0.008 0.01516981 -0.004235487 -0.008 -5.96645e-18 1.118897e-16 -0.008 0.004552251 -0.01507778 -0.008 0.008158925 -0.01347199 -0.008 0.01125294 -0.0110197 -0.008 -0.007003004 -0.01410746 -0.008 -0.003274609 -0.01540582 -0.008 0.0006595412 -0.01573619 -0.008 -0.01476219 -0.00549001 -0.008 -0.0129331 -0.008988739 -0.008 -0.01029137 -0.01192267 -0.008 -0.01451935 0.00610337 -0.008 -0.01558104 0.002300808 -0.008 -0.01566372 -0.001646323 -0.008 -0.006406102 0.01438834 -0.008 -0.009783077 0.01234317 -0.008 -0.01254535 0.009522436 -0.008 0.00517965 0.01487393 -0.008 0.001317926 0.01569476 -0.008 -0.002626608 0.01552944 -0.008 0.01395771 0.007296913 -0.008 0.01170453 0.01053881 -0.008 0.008715916 0.01311851 -0.008 0.01574655 -0.0003298428 -0.008 0.01533387 0.003596526 -0.008 0.01254535 -0.009522436 -0.001000001 0.009783077 -0.01234317 -0.001000001 0.01116421 -0.0109328 -0.001000001 0.006406102 -0.01438834 -0.001000001 0.008094589 -0.01336576 -0.001000001 0.002626608 -0.01552944 -0.001000001 0.004516355 -0.01495889 -0.001000001 -0.001317926 -0.01569476 -0.001000001 0.000654341 -0.0156121 -0.001000001 -0.00517965 -0.01487393 -0.001000001 -0.003248788 -0.01528434 -0.001000001 -0.008715916 -0.01311851 -0.001000001 -0.006947783 -0.01399622 -0.001000001 -0.01170453 -0.01053881 -0.001000001 -0.01021022 -0.01182866 -0.001000001 -0.01395771 -0.007296913 -0.001000001 -0.01283112 -0.00891786 -0.001000001 -0.01533387 -0.003596526 -0.001000001 -0.01464579 -0.005446719 -0.001000001 -0.01574655 0.0003298428 -0.001000001 -0.01554021 -0.001633342 -0.001000001 -0.01516981 0.004235487 -0.001000001 -0.01545818 0.002282665 -0.001000001 -0.0136399 0.007875 -0.001000001 -0.01440486 0.006055244 -0.001000001 -0.01125294 0.0110197 -0.001000001 -0.01244642 0.009447349 -0.001000001 -0.008158925 0.01347199 -0.001000001 -0.009705935 0.01224584 -0.001000001 -0.004552251 0.01507778 -0.001000001 -0.006355588 0.01427488 -0.001000001 -0.0006595412 0.01573619 -0.001000001 -0.002605896 0.01540698 -0.001000001 0.003274609 0.01540582 -0.001000001 0.001307534 0.015571 -0.001000001 0.007003004 0.01410746 -0.001000001 0.005138807 0.01475664 -0.001000001 0.01029137 0.01192267 -0.001000001 0.008647189 0.01301507 -0.001000001 0.0129331 0.008988739 -0.001000001 0.01161224 0.01045571 -0.001000001 0.01476219 0.00549001 -0.001000001 0.01384765 0.007239374 -0.001000001 0.01566372 0.001646323 -0.001000001 0.01521295 0.003568166 -0.001000001 0.01558104 -0.002300808 -0.001000001 0.01562238 -0.0003272422 -0.001000001 0.01353235 -0.007812903 -0.001000001 0.01451935 -0.00610337 -0.001000001 0.01505019 -0.004202089 -0.001000001 -0.02414815 -0.003470476 -0.0085 -0.02564815 -0.0038724 -0.0085 -0.02414815 -0.006470476 -0.0085 -0.02674622 -0.004970477 -0.0085 -0.02714815 -0.006470476 -0.0085 -0.02114815 -0.006470476 -0.0085 -0.02155007 -0.004970476 -0.0085 -0.02264815 -0.0038724 -0.0085 -0.02414815 -0.009470476 -0.0085 -0.02264815 -0.009068552 -0.0085 -0.02155007 -0.007970477 -0.0085 -0.02674622 -0.007970476 -0.0085 -0.02564815 -0.009068551 -0.0085 0.0125 0.02415063 -0.009000001 0.01125 0.0238157 -0.009000001 0.0125 0.02165063 -0.009000001 0.01033494 0.02290064 -0.009000001 0.01 0.02165063 -0.009000001 0.015 0.02165063 -0.009000001 0.01466506 0.02290063 -0.009000001 0.01375 0.0238157 -0.009000001 0.0125 0.01915064 -0.009000001 0.01375 0.01948557 -0.009000001 0.01466506 0.02040064 -0.009000001 0.01033494 0.02040063 -0.009000001 0.01125 0.01948557 -0.009000001 -0.02165063 0.015 -0.009000001 -0.02290063 0.01466506 -0.009000001 -0.02165063 0.0125 -0.009000001 -0.0238157 0.01375 -0.009000001 -0.02415063 0.0125 -0.009000001 -0.01915064 0.0125 -0.009000001 -0.01948557 0.01375 -0.009000001 -0.02040064 0.01466506 -0.009000001 -0.02165063 0.01 -0.009000001 -0.02040063 0.01033494 -0.009000001 -0.01948557 0.01125 -0.009000001 -0.0238157 0.01125 -0.009000001 -0.02290064 0.01033494 -0.009000001 -0.0125 -0.01915064 -0.009000001 -0.01375 -0.01948557 -0.009000001 -0.0125 -0.02165063 -0.009000001 -0.01466506 -0.02040064 -0.009000001 -0.015 -0.02165063 -0.009000001 -0.01 -0.02165063 -0.009000001 -0.01033494 -0.02040063 -0.009000001 -0.01125 -0.01948557 -0.009000001 -0.0125 -0.02415063 -0.009000001 -0.01125 -0.0238157 -0.009000001 -0.01033494 -0.02290064 -0.009000001 -0.01466506 -0.02290063 -0.009000001 -0.01375 -0.0238157 -0.009000001 0.02165063 -0.01 -0.009000001 0.02040063 -0.01033494 -0.009000001 0.02165063 -0.0125 -0.009000001 0.01948557 -0.01125 -0.009000001 0.01915064 -0.0125 -0.009000001 0.02415063 -0.0125 -0.009000001 0.0238157 -0.01125 -0.009000001 0.02290064 -0.01033494 -0.009000001 0.02165063 -0.015 -0.009000001 0.02290063 -0.01466506 -0.009000001 0.0238157 -0.01375 -0.009000001 0.01948557 -0.01375 -0.009000001 0.02040064 -0.01466506 -0.009000001 -0.01450593 0.008375 8.046627e-10 -0.01196742 0.01171936 8.046627e-10 -0.008676952 0.01432735 8.046627e-10 -0.006920333 0.01510945 8.046627e-10 -0.004841283 0.0160351 8.046627e-10 -0.0007014172 0.01673531 8.046627e-10 -0.0002760218 0.01669959 8.046627e-10 0.003482521 0.01638397 8.046627e-10 0.007447639 0.01500317 8.046627e-10 0.01094479 0.01267967 8.046627e-10 0.01375425 0.009559452 8.046627e-10 0.01512231 0.006942602 8.046627e-10 0.01569947 0.005838582 8.046627e-10 0.01665824 0.001750852 8.046627e-10 0.01665297 0.001499393 8.046627e-10 0.01657031 -0.002446891 8.046627e-10 0.01544121 -0.006490887 8.046627e-10 0.01334188 -0.01012704 8.046627e-10 0.01040423 -0.01312687 8.046627e-10 0.008039377 -0.01455907 8.046627e-10 0.006812839 -0.01530189 8.046627e-10 0.002793376 -0.01651543 8.046627e-10 0.001548683 -0.0165676 8.046627e-10 -0.001401604 -0.01669125 8.046627e-10 -0.005508516 -0.0158183 8.046627e-10 -0.009269308 -0.01395143 8.046627e-10 -0.01244768 -0.01120794 8.046627e-10 -0.01460028 -0.00811075 8.046627e-10 -0.01484391 -0.007760209 8.046627e-10 -0.01630745 -0.003824877 8.046627e-10 -0.01667921 -0.0002877858 8.046627e-10 -0.01674633 0.0003507856 8.046627e-10 -0.01613297 0.004504407 8.046627e-10 -0.02702386 -0.006006642 8.046627e-10 -0.02714815 -0.006470476 8.046627e-10 -0.02674622 -0.007970476 8.046627e-10 -0.02640667 -0.008310026 8.046627e-10 -0.02564815 -0.009068551 8.046627e-10 -0.02414815 -0.009470476 8.046627e-10 -0.02264815 -0.009068552 8.046627e-10 -0.0223086 -0.008729002 8.046627e-10 -0.02155007 -0.007970477 8.046627e-10 -0.02114815 -0.006470476 8.046627e-10 -0.02155007 -0.004970476 8.046627e-10 -0.02264815 -0.0038724 8.046627e-10 -0.02368431 -0.00359476 8.046627e-10 -0.02414815 -0.003470476 8.046627e-10 -0.02564815 -0.0038724 8.046627e-10 -0.02674622 -0.004970477 8.046627e-10 0.01033494 0.02290064 8.046627e-10 0.01 0.02165063 8.046627e-10 0.01033494 0.02040063 8.046627e-10 0.01125 0.01948557 8.046627e-10 0.0125 0.01915064 8.046627e-10 0.01375 0.01948557 8.046627e-10 0.01466506 0.02040064 8.046627e-10 0.015 0.02165063 8.046627e-10 0.01466506 0.02290063 8.046627e-10 0.01375 0.0238157 8.046627e-10 0.0125 0.02415063 8.046627e-10 0.01125 0.0238157 8.046627e-10 -0.0238157 0.01375 8.046627e-10 -0.02415063 0.0125 8.046627e-10 -0.0238157 0.01125 8.046627e-10 -0.02290064 0.01033494 8.046627e-10 -0.02165063 0.01 8.046627e-10 -0.02040063 0.01033494 8.046627e-10 -0.01948557 0.01125 8.046627e-10 -0.01915064 0.0125 8.046627e-10 -0.01948557 0.01375 8.046627e-10 -0.02040064 0.01466506 8.046627e-10 -0.02165063 0.015 8.046627e-10 -0.02290063 0.01466506 8.046627e-10 -0.01466506 -0.02040064 8.046627e-10 -0.015 -0.02165063 8.046627e-10 -0.01466506 -0.02290063 8.046627e-10 -0.01375 -0.0238157 8.046627e-10 -0.0125 -0.02415063 8.046627e-10 -0.01125 -0.0238157 8.046627e-10 -0.01033494 -0.02290064 8.046627e-10 -0.01 -0.02165063 8.046627e-10 -0.01033494 -0.02040063 8.046627e-10 -0.01125 -0.01948557 8.046627e-10 -0.0125 -0.01915064 8.046627e-10 -0.01375 -0.01948557 8.046627e-10 0.01948557 -0.01125 8.046627e-10 0.01915064 -0.0125 8.046627e-10 0.01948557 -0.01375 8.046627e-10 0.02040064 -0.01466506 8.046627e-10 0.02165063 -0.015 8.046627e-10 0.02290063 -0.01466506 8.046627e-10 0.0238157 -0.01375 8.046627e-10 0.02415063 -0.0125 8.046627e-10 0.0238157 -0.01125 8.046627e-10 0.02290064 -0.01033494 8.046627e-10 0.02165063 -0.01 8.046627e-10 0.02040063 -0.01033494 8.046627e-10 -0.02958348 -0.007420775 8.046627e-10 -0.0294513 -0.007833573 8.046627e-10 -0.0280534 -0.00541224 8.046627e-10 -0.004545789 0.03015934 8.046627e-10 -0.007941565 0.02942236 8.046627e-10 -0.008883978 0.02779017 8.046627e-10 -0.02050108 0.001918769 8.046627e-10 -0.01139416 0.01769241 8.046627e-10 -0.01679507 -0.01191224 8.046627e-10 -0.001021423 -0.02101916 8.046627e-10 0.007638831 -0.02601916 8.046627e-10 0.01270133 -0.01725065 8.046627e-10 0.02180825 -0.001477006 8.046627e-10 0.02680825 0.007183249 8.046627e-10 0.018148 0.01218325 8.046627e-10 -0.006394157 0.02635267 8.046627e-10 0.002374351 0.02129017 8.046627e-10 -0.0229909 0.003356268 8.046627e-10 -0.02941544 -0.007945553 8.046627e-10 -0.02700107 -0.009339561 8.046627e-10 -0.01823257 -0.01440206 8.046627e-10 -0.01388398 0.01912991 8.046627e-10 -0.02168168 0.02145122 8.046627e-10 -0.02424679 0.01850252 8.046627e-10 -0.02641378 0.01525 8.046627e-10 -0.02814705 0.01174708 8.046627e-10 -0.02941814 0.008051271 8.046627e-10 -0.01553137 0.02624931 8.046627e-10 -0.01876055 0.0240477 8.046627e-10 -0.02019442 0.02277319 8.046627e-10 -0.00836516 0.02933043 8.046627e-10 -0.01033665 0.02862873 8.046627e-10 -0.01204717 0.02801991 8.046627e-10 0.007191792 0.02963408 8.046627e-10 0.007104237 0.02966108 8.046627e-10 -0.004177907 0.03019087 8.046627e-10 -0.0006517778 0.03049304 8.046627e-10 0.003252936 0.03032603 8.046627e-10 0.01083889 0.0285091 8.046627e-10 0.01439556 0.02688899 8.046627e-10 0.01771586 0.02482737 8.046627e-10 0.02074527 0.02235808 8.046627e-10 0.02278196 0.02020956 8.046627e-10 0.02343404 0.01952168 8.046627e-10 0.02573802 0.01636473 8.046627e-10 0.02999815 0.005510109 8.046627e-10 0.02904724 0.009300949 8.046627e-10 0.02863589 0.01034906 8.046627e-10 0.02761939 0.01293907 8.046627e-10 0.02987565 -0.00613482 8.046627e-10 0.03041472 -0.002279268 8.046627e-10 0.03045648 0.001628794 8.046627e-10 0.03001954 0.005328957 8.046627e-10 0.02987355 -0.006149902 8.046627e-10 0.02884185 -0.009919556 8.046627e-10 0.02733658 -0.01352633 8.046627e-10 0.02641378 -0.01525 8.046627e-10 0.02538243 -0.016911 8.046627e-10 0.02301151 -0.020018 8.046627e-10 0.02100585 -0.02204521 8.046627e-10 0.02026274 -0.0227963 8.046627e-10 0.01718126 -0.02520028 8.046627e-10 0.007793857 -0.0294282 8.046627e-10 0.01022718 -0.02873421 8.046627e-10 0.01143918 -0.02821311 8.046627e-10 0.01381766 -0.02719048 8.046627e-10 0.006201332 -0.02850898 8.046627e-10 0.006468764 -0.02980613 8.046627e-10 0.005355405 -0.02997394 8.046627e-10 0.002604133 -0.03038862 8.046627e-10 -0.002458923 -0.02350898 8.046627e-10 -0.001303257 -0.03047214 8.046627e-10 -0.02206797 -0.02104531 8.046627e-10 -0.01927016 -0.0236413 8.046627e-10 -0.01608877 -0.02591142 8.046627e-10 -0.0126432 -0.02775607 8.046627e-10 -0.008990033 -0.02914497 8.046627e-10 -0.006111011 -0.02983453 8.046627e-10 -0.005189248 -0.03005531 8.046627e-10 -0.02213513 -0.02098299 8.046627e-10 -0.02463665 -0.01798014 8.046627e-10 -0.02839165 -0.0111429 8.046627e-10 -0.02823501 -0.01147726 8.046627e-10 -0.02673363 -0.01468206 8.046627e-10 -0.02959922 0.007171671 8.046627e-10 -0.03020619 0.004223263 8.046627e-10 -0.03049826 0.0003259073 8.046627e-10 -0.03028954 -0.003576798 8.046627e-10 -0.03017773 -0.004185554 8.046627e-10 -0.02104403 0.03103866 -0.01204356 -0.02109622 0.03100322 -0.01123602 -0.02089207 0.03114115 -0.01194048 -0.02102057 0.03105452 -0.01034804 -0.02002509 0.03170561 -0.01042852 -0.02104926 0.03103512 -0.01045731 -0.01997487 0.03173728 -0.01123602 -0.02002453 0.03170596 -0.01203669 -0.02004458 0.03169326 -0.01211199 -0.02023574 0.03157159 -0.01254315 -0.02029061 0.03153626 -0.01258617 -0.02013703 0.03163457 -0.0123928 -0.02010731 0.03165353 -0.01234754 -0.02096088 0.03109488 -0.01012067 -0.02092172 0.03112115 -0.01006027 -0.02082648 0.03118506 -0.00991335 -0.0207718 0.03122141 -0.009869483 -0.02069734 0.03127092 -0.009809746 -0.02062578 0.031318 -0.009791925 -0.02023711 0.03157068 -0.009914475 -0.02013169 0.03163803 -0.01006468 -0.02012562 0.03164188 -0.01008539 -0.02052992 0.03138108 -0.009768049 -0.02037341 0.0314829 -0.009805721 -0.02024968 0.03156264 -0.009945554 -0.02036898 0.03148578 -0.009806789 -0.02024554 0.0315653 -0.009902454 -0.02002982 0.03170261 -0.01041236 -0.02036143 0.03149067 -0.01264167 -0.02043578 0.03144231 -0.01265979 -0.02052992 0.03138108 -0.01268272 -0.0208258 0.03118547 -0.01253854 -0.02093235 0.03111409 -0.01239917 -0.02093579 0.03111177 -0.01238819 -0.02080846 0.03119708 -0.01256122 -0.02081158 0.03119501 -0.01251657 -0.020687 0.03127772 -0.01264494 -0.02067539 0.03128543 -0.01265294 -0.021028 0.03104949 -0.01209463 -0.02225373 0.03018311 -0.01228875 -0.02229845 0.03015011 -0.01240775 -0.02231812 0.03013553 -0.01243226 -0.02252007 0.02998471 -0.01129483 -0.02243602 0.03004788 -0.01132701 -0.02236399 0.03010147 -0.01139038 -0.02282025 0.02975712 -0.01123602 -0.02262471 0.02990606 -0.01125476 -0.02233059 0.03012631 -0.01141976 -0.02230163 0.03014776 -0.01154959 -0.02228703 0.03015852 -0.01150295 -0.02223887 0.03019408 -0.0122492 -0.02220777 0.03021696 -0.0119381 -0.02223913 0.03019387 -0.0117088 -0.0222603 0.03017829 -0.01155401 -0.02240181 0.03007333 -0.01252065 -0.02249895 0.03000079 -0.01258236 -0.02258534 0.02993527 -0.01259791 -0.02320658 0.02945682 -0.01123602 -0.02237576 0.03009278 -0.0125041 -0.02282025 0.02975712 -0.01264017 -0.02320658 0.02945682 -0.01264017 0.02986902 -0.02267349 -0.0130928 0.02993972 -0.02258015 -0.01324315 0.02997891 -0.02252797 -0.01328616 0.02986087 -0.02268431 -0.01078539 0.03051634 -0.02179457 -0.01115731 0.03049617 -0.02182272 -0.01104804 0.0304542 -0.02188131 -0.01082067 0.03035748 -0.0220153 -0.01076998 0.03042661 -0.02191954 -0.01076027 0.03026819 -0.0221379 -0.01050975 0.03021744 -0.0222069 -0.01049193 0.03032083 -0.02206562 -0.01056948 0.03035948 -0.02201254 -0.01061335 0.03014945 -0.02229935 -0.01046805 0.03003803 -0.02244917 -0.01050572 0.03003488 -0.02245342 -0.01050679 0.02986522 -0.0226786 -0.01076468 0.02994069 -0.02257883 -0.01061448 0.02994674 -0.02257085 -0.01060245 0.02978872 -0.02277898 -0.01112852 0.02975262 -0.02282612 -0.01193602 0.03054929 -0.02174835 -0.01193602 0.02979212 -0.02277452 -0.01111236 0.02978832 -0.02277951 -0.01273669 0.02980271 -0.02276064 -0.01281199 0.02984774 -0.02270159 -0.01304754 0.03002949 -0.02246062 -0.01334168 0.03008242 -0.02238946 -0.01335979 0.03014945 -0.02229935 -0.01338272 0.03025265 -0.02215913 -0.01335294 0.03026086 -0.02214787 -0.01334494 0.03034676 -0.02203008 -0.01326122 0.03035898 -0.02201317 -0.01323854 0.03050138 -0.02181544 -0.01279462 0.03043654 -0.02190585 -0.0130882 0.03043412 -0.02190923 -0.01309917 0.03051266 -0.02179971 -0.01274356 -0.03745851 -0.00176036 -0.01145098 -0.03746442 -0.001633146 -0.01150811 -0.03746646 -0.001584767 -0.01155387 -0.0374691 -0.001521983 -0.01161325 -0.03747033 -0.001490919 -0.01167595 -0.0374061 -0.00265213 -0.01138495 -0.03744351 -0.002057612 -0.01138495 -0.03745427 -0.001851501 -0.01141005 -0.03747178 -0.001454526 -0.0117494 -0.03747246 -0.001436851 -0.01187889 -0.0374731 -0.001420059 -0.01200192 -0.03746895 -0.001525647 -0.0123829 -0.0374671 -0.00156909 -0.01242623 -0.03747124 -0.001468059 -0.01226474 -0.03747183 -0.001453287 -0.01223443 -0.03746317 -0.001661577 -0.01251848 -0.03746119 -0.001704092 -0.01253782 -0.03745512 -0.001834152 -0.01259698 -0.03744912 -0.001945901 -0.01261073 -0.03743629 -0.002185058 -0.01264017 -0.0374061 -0.00265213 -0.01264017 0.0323231 -0.007882164 -0.0212 0.0313231 -0.008150113 -0.0212 0.0323231 -0.009882164 -0.0212 0.03059105 -0.008882164 -0.0212 0.0303231 -0.009882163 -0.0212 0.0343231 -0.009882164 -0.0212 0.03405515 -0.008882162 -0.0212 0.0333231 -0.008150113 -0.0212 0.0323231 -0.01188216 -0.0212 0.0333231 -0.01161421 -0.0212 0.03405515 -0.01088216 -0.0212 0.03059105 -0.01088216 -0.0212 0.0313231 -0.01161421 -0.0212 -0.002357769 0.03571767 -0.0212 -0.003357769 0.03544972 -0.0212 -0.002357769 0.03371767 -0.0212 -0.00408982 0.03471766 -0.0212 -0.00435777 0.03371767 -0.0212 -0.0003577686 0.03371767 -0.0212 -0.0006257179 0.03471766 -0.0212 -0.001357769 0.03544972 -0.0212 -0.002357769 0.03171767 -0.0212 -0.001357769 0.03198561 -0.0212 -0.0006257181 0.03271766 -0.0212 -0.00408982 0.03271766 -0.0212 -0.003357769 0.03198561 -0.0212 0.03037924 0.01681695 -0.0212 0.02937924 0.01654899 -0.0212 0.03037924 0.01481694 -0.0212 0.02864719 0.01581694 -0.0212 0.02837924 0.01481694 -0.0212 0.03237924 0.01481694 -0.0212 0.03211129 0.01581695 -0.0212 0.03137924 0.01654899 -0.0212 0.03037924 0.01281694 -0.0212 0.03137924 0.01308489 -0.0212 0.03211129 0.01381694 -0.0212 0.02864719 0.01381694 -0.0212 0.02937924 0.01308489 -0.0212 -0.0323231 0.01188216 -0.0212 -0.0333231 0.01161421 -0.0212 -0.0323231 0.009882164 -0.0212 -0.03405515 0.01088216 -0.0212 -0.0343231 0.009882164 -0.0212 -0.0303231 0.009882163 -0.0212 -0.03059105 0.01088216 -0.0212 -0.0313231 0.01161421 -0.0212 -0.0323231 0.007882164 -0.0212 -0.0313231 0.008150113 -0.0212 -0.03059105 0.008882164 -0.0212 -0.03405515 0.008882162 -0.0212 -0.0333231 0.008150113 -0.0212 0.02327265 -0.02024516 -6.180921e-05 0.02567048 -0.01710291 -6.180921e-05 -0.02991919 -0.007504986 -6.180921e-05 0.02088603 -0.02349752 -0.0006538845 0.02376599 -0.02067433 -0.001000001 0.02371936 -0.02063376 -0.0006538845 0.02390986 -0.02048578 -0.001000001 0.02616321 -0.01743119 -0.0006538845 0.01770976 -0.02597545 -0.0006538845 0.0197105 -0.02449284 -0.001000001 0.0209271 -0.02354372 -0.001000001 0.009535491 -0.02996922 -0.001000001 0.0105625 -0.02967632 -0.001000001 0.01054177 -0.02961808 -0.0006538845 0.0142707 -0.02808197 -0.001000001 0.0142427 -0.02802687 -0.0006538845 0.01488329 -0.02771951 -0.001000001 0.01774458 -0.02602652 -0.001000001 0.006680856 -0.03078337 -0.001000001 0.006667747 -0.03072297 -0.0006538845 0.003862971 -0.0312081 -0.001000001 0.002684237 -0.03132339 -0.0006538845 0.002689515 -0.03138497 -0.001000001 -0.001343346 -0.03140948 -0.0006538845 -0.001345987 -0.03147123 -0.001000001 -0.01303211 -0.02860986 -0.0006538845 -0.009284788 -0.03010054 -0.001000001 -0.009266569 -0.03004148 -0.0006538845 -0.007668677 -0.03048762 -0.001000001 -0.005348871 -0.03097982 -0.0006538845 -0.005359389 -0.03104073 -0.001000001 -0.001935706 -0.03140797 -0.001000001 -0.01658366 -0.02670846 -0.0006538845 -0.01316226 -0.02861014 -0.001000001 -0.01305773 -0.02866611 -0.001000001 -0.01986291 -0.02436851 -0.0006538845 -0.01816241 -0.0256577 -0.001000001 -0.01661627 -0.02676097 -0.001000001 -0.02539448 -0.01853322 -0.0006538845 -0.02286088 -0.02167096 -0.001000001 -0.02281602 -0.02162844 -0.0006538845 -0.02260006 -0.02191295 -0.001000001 -0.01990197 -0.02441642 -0.001000001 -0.02755597 -0.01513369 -0.0006538845 -0.02620859 -0.01736777 -0.001000001 -0.02544441 -0.01856966 -0.001000001 -0.03072491 -0.006730478 -0.001000001 -0.03055343 -0.007664078 -0.001000001 -0.03049348 -0.00764904 -0.0006538845 -0.02932252 -0.01150824 -0.001000001 -0.02926499 -0.01148566 -0.0006538845 -0.0289702 -0.0122603 -0.001000001 -0.02761015 -0.01516344 -0.001000001 -0.03128264 -0.003694072 -0.001000001 -0.03122126 -0.003686822 -0.0006538845 -0.03142849 -0.0009670182 -0.001000001 -0.03143639 0.0003359324 -0.0006538845 -0.0314982 0.000336593 -0.001000001 -0.03113534 0.004353171 -0.0006538845 -0.03119656 0.00436173 -0.001000001 -0.02499263 0.01907166 -0.0006538845 -0.0272798 0.01575 -0.001000001 -0.02722627 0.0157191 -0.0006538845 -0.0290699 0.01213223 -0.001000001 -0.02901286 0.01210842 -0.0006538845 -0.02964901 0.01044842 -0.001000001 -0.03032305 0.008298932 -0.0006538845 -0.03038267 0.008315248 -0.001000001 -0.0311009 0.00482642 -0.001000001 -0.02234861 0.02211107 -0.0006538845 -0.0238731 0.02045259 -0.001000001 -0.02504177 0.01910916 -0.001000001 -0.01600912 0.02705675 -0.0006538845 -0.01937565 0.02483615 -0.001000001 -0.01933763 0.02478741 -0.0006538845 -0.01973025 0.02452096 -0.001000001 -0.02239255 0.02215454 -0.001000001 -0.01241775 0.02888182 -0.0006538845 -0.01487678 0.02770138 -0.001000001 -0.0160406 0.02710995 -0.001000001 -0.003867368 0.03121908 -0.001000001 -0.004694831 0.03114817 -0.001000001 -0.004685619 0.03108705 -0.0006538845 -0.008639426 0.03029208 -0.001000001 -0.008622474 0.03023264 -0.0006538845 -0.009533691 0.02997379 -0.001000001 -0.01244216 0.0289386 -0.001000001 -0.000673148 0.03149281 -0.001000001 -0.0006718267 0.03143101 -0.0006538845 0.001936642 0.03138119 -0.001000001 0.003352998 0.03125887 -0.0006538845 0.00335959 0.03132033 -0.001000001 0.007322766 0.03057347 -0.0006538845 0.007337163 0.03063358 -0.001000001 0.01483837 0.0277161 -0.0006538845 0.01313902 0.02855796 -0.001000001 0.01117229 0.02938605 -0.0006538845 0.01119426 0.02944382 -0.001000001 0.007677145 0.03052871 -0.001000001 0.0213834 0.02304582 -0.0006538845 0.01829671 0.02564138 -0.001000001 0.01826081 0.02559107 -0.0006538845 0.01819598 0.02570393 -0.001000001 0.01486755 0.0277706 -0.001000001 0.02415488 0.02012217 -0.0006538845 0.02256872 0.02188508 -0.001000001 0.02142544 0.02309113 -0.001000001 0.02846897 0.01333708 -0.0006538845 0.02658189 0.01690127 -0.001000001 0.02652973 0.01686811 -0.0006538845 0.02623225 0.01738036 -0.001000001 0.02420237 0.02016173 -0.001000001 0.02994075 0.009587048 -0.0006538845 0.0289585 0.01225862 -0.001000001 0.02852494 0.0133633 -0.001000001 0.03144744 0.0009704457 -0.001000001 0.03145505 0.001682195 -0.001000001 0.03139333 0.001678895 -0.0006538845 0.03098169 0.005690768 -0.001000001 0.0309209 0.0056796 -0.0006538845 0.03072185 0.006726633 -0.001000001 0.02999961 0.009605897 -0.001000001 0.03141192 -0.002353998 -0.001000001 0.03135028 -0.002349379 -0.0006538845 0.03106667 -0.004823372 -0.001000001 0.03079247 -0.006339076 -0.0006538845 0.03085301 -0.006351539 -0.001000001 0.02972904 -0.01022469 -0.0006538845 0.02978749 -0.01024479 -0.001000001 0.02621465 -0.01746546 -0.001000001 0.0272798 -0.01575 -0.001000001 0.02817746 -0.01394241 -0.0006538845 0.02823286 -0.01396982 -0.001000001 0.02969614 -0.01046366 -0.001000001 -0.02975198 0.008142638 -6.180921e-05 -0.03054898 0.004271189 -6.180921e-05 -0.03084436 0.0003296055 -6.180921e-05 -0.03063327 -0.003617388 -6.180921e-05 -0.02871384 -0.01126935 -6.180921e-05 -0.02703701 -0.01484868 -6.180921e-05 -0.02491623 -0.01818418 -6.180921e-05 -0.02238632 -0.02122111 -6.180921e-05 -0.01948884 -0.02390958 -6.180921e-05 -0.01627135 -0.02620546 -6.180921e-05 -0.01278668 -0.02807105 -6.180921e-05 -0.009092052 -0.02947571 -6.180921e-05 -0.005248136 -0.03039638 -6.180921e-05 -0.001318047 -0.03081794 -6.180921e-05 0.002633685 -0.03073348 -6.180921e-05 0.006542173 -0.03014437 -6.180921e-05 0.01034324 -0.02906029 -6.180921e-05 0.01397447 -0.02749904 -6.180921e-05 0.01737624 -0.02548626 -6.180921e-05 0.02049269 -0.02305499 -6.180921e-05 0.03021255 -0.006219693 -6.180921e-05 0.02916915 -0.01003212 -6.180921e-05 0.02764679 -0.01367983 -6.180921e-05 0.0308021 0.001647276 -6.180921e-05 0.03075987 -0.002305134 -6.180921e-05 0.02937687 0.009406496 -6.180921e-05 0.03033857 0.005572636 -6.180921e-05 0.02369997 0.01974321 -6.180921e-05 0.0260301 0.01655043 -6.180921e-05 0.02793282 0.0130859 -6.180921e-05 0.01096189 0.02883262 -6.180921e-05 0.01455892 0.02719413 -6.180921e-05 0.0179169 0.02510911 -6.180921e-05 0.02098069 0.0226118 -6.180921e-05 -0.0006591728 0.03083907 -6.180921e-05 0.003289851 0.03067018 -6.180921e-05 0.007184857 0.02999768 -6.180921e-05 -0.004597375 0.03050159 -6.180921e-05 -0.008460088 0.02966327 -6.180921e-05 -0.01897345 0.02432059 -6.180921e-05 -0.01570763 0.02654719 -6.180921e-05 -0.01218389 0.02833789 -6.180921e-05 -0.02846646 0.01188039 -6.180921e-05 -0.02671352 0.01542306 -6.180921e-05 -0.02452195 0.01871248 -6.180921e-05 -0.02192772 0.02169465 -6.180921e-05 -0.02702615 0.01560355 -0.0002928927 -0.02480892 0.01893147 -0.0002928927 -0.02218434 0.02194854 -0.0002928927 -0.01919549 0.02460522 -0.0002928927 -0.01589145 0.02685787 -0.0002928927 -0.01232647 0.02866952 -0.0002928927 -0.008559096 0.03001042 -0.0002928927 -0.004651177 0.03085855 -0.0002928927 -0.0006668869 0.03119998 -0.0002928927 0.003328352 0.03102911 -0.0002928927 0.007268941 0.03034874 -0.0002928927 0.01109017 0.02917005 -0.0002928927 0.01472931 0.02751238 -0.0002928927 0.01812658 0.02540296 -0.0002928927 0.02122622 0.02287643 -0.0002928927 0.02397733 0.01997426 -0.0002928927 0.02633473 0.01674412 -0.0002928927 0.02825971 0.01323904 -0.0002928927 0.02972067 0.00951658 -0.0002928927 0.03069362 0.005637852 -0.0002928927 0.03116258 0.001666553 -0.0002928927 0.03111985 -0.002332111 -0.0002928927 0.03056613 -0.006292481 -0.0002928927 0.02951052 -0.01014953 -0.0002928927 0.02797034 -0.01383992 -0.0002928927 0.0259709 -0.01730307 -0.0002928927 0.02354501 -0.02048209 -0.0002928927 0.02073251 -0.0233248 -0.0002928927 0.01757959 -0.02578452 -0.0002928927 0.01413801 -0.02782086 -0.0002928927 0.01046429 -0.02940038 -0.0002928927 0.006618734 -0.03049714 -0.0002928927 0.002664508 -0.03109315 -0.0002928927 -0.001333471 -0.0311786 -0.0002928927 -0.005309555 -0.03075211 -0.0002928927 -0.009198456 -0.02982066 -0.0002928927 -0.01293632 -0.02839956 -0.0002928927 -0.01646177 -0.02651214 -0.0002928927 -0.01971691 -0.02418939 -0.0002928927 -0.02264831 -0.02146946 -0.0002928927 -0.02520782 -0.01839699 -0.0002928927 -0.02735342 -0.01502245 -0.0002928927 -0.02904988 -0.01140124 -0.0002928927 -0.03026934 -0.007592816 -0.0002928927 -0.03099177 -0.003659723 -0.0002928927 -0.03120532 0.000333463 -0.0002928927 -0.03090649 0.004321174 -0.0002928927 -0.03010017 0.008237931 -0.0002928927 -0.0287996 0.01201942 -0.0002928927 0.02471976 -0.02105154 -0.0212 0.02371975 -0.02131949 -0.0212 0.02471976 -0.02305155 -0.0212 0.0229877 -0.02205154 -0.0212 0.02271975 -0.02305155 -0.0212 0.02671976 -0.02305155 -0.0212 0.0264518 -0.02205154 -0.0212 0.02571975 -0.02131949 -0.0212 0.02471975 -0.02505154 -0.0212 0.02571976 -0.0247836 -0.0212 0.02645181 -0.02405155 -0.0212 0.02298771 -0.02405155 -0.0212 0.02371976 -0.0247836 -0.0212 -0.03037924 -0.01281694 -0.0212 -0.03137924 -0.01308489 -0.0212 -0.03037924 -0.01481694 -0.0212 -0.03211129 -0.01381694 -0.0212 -0.03237924 -0.01481694 -0.0212 -0.02837924 -0.01481694 -0.0212 -0.02864719 -0.01381694 -0.0212 -0.02937924 -0.01308489 -0.0212 -0.03037924 -0.01681695 -0.0212 -0.02937924 -0.01654899 -0.0212 -0.02864719 -0.01581694 -0.0212 -0.03211129 -0.01581695 -0.0212 -0.03137924 -0.01654899 -0.0212 0.002357769 -0.03171767 -0.0212 0.001357769 -0.03198561 -0.0212 0.002357769 -0.03371767 -0.0212 0.0006257181 -0.03271766 -0.0212 0.0003577686 -0.03371767 -0.0212 0.00435777 -0.03371767 -0.0212 0.00408982 -0.03271766 -0.0212 0.003357769 -0.03198561 -0.0212 0.002357769 -0.03571767 -0.0212 0.003357769 -0.03544972 -0.0212 0.00408982 -0.03471766 -0.0212 0.0006257179 -0.03471766 -0.0212 0.001357769 -0.03544972 -0.0212 -0.02471975 0.02505154 -0.0212 -0.02571976 0.0247836 -0.0212 -0.02471976 0.02305155 -0.0212 -0.02645181 0.02405155 -0.0212 -0.02671976 0.02305155 -0.0212 -0.02271975 0.02305155 -0.0212 -0.02298771 0.02405155 -0.0212 -0.02371976 0.0247836 -0.0212 -0.02471976 0.02105154 -0.0212 -0.02371975 0.02131949 -0.0212 -0.0229877 0.02205154 -0.0212 -0.0264518 0.02205154 -0.0212 -0.02571975 0.02131949 -0.0212 0.02756848 -0.00925 -0.0225 0.03447566 -0.01323787 -0.0225 0.03449975 -0.01315087 -0.02225419 0.03447566 -0.01323787 -0.0215 0.02756848 -0.00925 -0.0215 0.03449602 -0.01316425 -0.02174916 0.02762628 -0.009149886 -0.02180919 0.03450146 -0.01314459 -0.02181569 0.03451215 -0.01310593 -0.02194656 0.02762628 -0.009149886 -0.02219081 0.03450614 -0.0131278 -0.02218902 0.03450906 -0.01311723 -0.02215914 -0.02087119 0.03067252 -0.01123602 -0.0208209 0.03070668 -0.01203558 -0.02080301 0.03071877 -0.01209444 -0.02031093 0.03104635 -0.01268272 -0.02046011 0.03094825 -0.01265062 -0.02046676 0.03094383 -0.01264587 -0.02059055 0.03086161 -0.01255722 -0.02060406 0.03085256 -0.01253907 -0.02071186 0.03078033 -0.01239415 -0.02071352 0.03077921 -0.0123887 -0.0197618 0.03139875 -0.01123602 -0.01981618 0.03136446 -0.01206787 -0.01982882 0.03135644 -0.01211265 -0.01989893 0.03131202 -0.01236102 -0.01992111 0.03129786 -0.01239379 -0.02002815 0.03122953 -0.01255196 -0.02007399 0.0312 -0.01258633 -0.02015521 0.03114767 -0.01264723 -0.02021745 0.03110718 -0.01266141 -0.01981021 0.03136822 -0.01043649 -0.01981699 0.03136393 -0.01041265 -0.01991006 0.03130494 -0.01008497 -0.01991441 0.03130218 -0.01006964 -0.02002078 0.03123423 -0.009913982 -0.02002596 0.03123093 -0.009906418 -0.02014757 0.03115262 -0.009808951 -0.02015628 0.03114695 -0.009806535 -0.02029091 0.03105944 -0.009769195 -0.02031093 0.03104635 -0.009768049 -0.02082458 0.03070418 -0.01045632 -0.02079633 0.03072329 -0.010348 -0.02073662 0.03076366 -0.01011912 -0.02069859 0.03078917 -0.01006014 -0.020603 0.03085331 -0.009911877 -0.02055029 0.03088835 -0.009869286 -0.02047667 0.0309373 -0.0098098 -0.02040573 0.03098397 -0.009791932 -0.02295905 0.02914262 -0.01264017 -0.02257683 0.02943971 -0.01264017 -0.02197089 0.02989465 -0.0119381 -0.02200142 0.02987219 -0.01224818 -0.02201645 0.02986109 -0.01228874 -0.02206056 0.02982854 -0.01240768 -0.02208009 0.02981405 -0.01243229 -0.02213708 0.0297718 -0.01250409 -0.02216288 0.02975253 -0.01252067 -0.02225873 0.02968095 -0.01258226 -0.02234447 0.02961593 -0.01259787 -0.02257683 0.02943971 -0.01123602 -0.0223843 0.02958637 -0.01125456 -0.02227985 0.02966488 -0.0112947 -0.02219814 0.0297263 -0.0113261 -0.02212546 0.02978037 -0.01139033 -0.0220929 0.02980459 -0.0114191 -0.02204934 0.0298368 -0.01150292 -0.02202301 0.02985627 -0.01155357 -0.02200198 0.02987176 -0.01170874 -0.02295905 0.02914262 -0.01123602 -0.02333308 0.02765533 -0.0213 -0.02286704 0.02791366 -0.01862122 -0.01721074 0.031049 -0.0213 -0.01955366 0.0297503 -0.02776716 -0.02153989 0.02864932 -0.02624975 -0.02286704 0.02791366 -0.02397878 -0.01288159 0.03344868 -0.02624975 -0.01486782 0.0323477 -0.02776716 -0.01721074 0.031049 -0.0283 -0.01155444 0.03418434 -0.01862122 -0.0110884 0.03444267 -0.0213 -0.01155444 0.03418434 -0.02397878 -0.01721074 0.031049 -0.0143 -0.01486782 0.0323477 -0.01483284 -0.01288159 0.03344868 -0.01635025 -0.02153989 0.02864932 -0.01635025 -0.01955366 0.0297503 -0.01483284 -0.03537242 -0.007618493 -0.0213 -0.03538173 -0.007085732 -0.01862122 -0.03549459 -0.00061956 -0.0213 -0.03544784 -0.003297937 -0.02776716 -0.03540821 -0.005568554 -0.02624975 -0.03538173 -0.007085732 -0.02397878 -0.03558098 0.004329433 -0.02624975 -0.03554134 0.002058816 -0.02776716 -0.03549459 -0.00061956 -0.0283 -0.03560746 0.005846612 -0.01862122 -0.03561676 0.006379373 -0.0213 -0.03560746 0.005846612 -0.02397878 -0.03549459 -0.00061956 -0.0143 -0.03554134 0.002058816 -0.01483284 -0.03558098 0.004329433 -0.01635025 -0.03540821 -0.005568554 -0.01635025 -0.03544784 -0.003297937 -0.01483284 0.03022343 -0.02151637 -0.01193602 0.03018813 -0.02156587 -0.01273558 0.03017555 -0.02158342 -0.01279443 0.02982785 -0.02206149 -0.01338272 0.02993368 -0.02191769 -0.01335063 0.02993838 -0.02191124 -0.01334587 0.03002592 -0.02179115 -0.01325722 0.03003544 -0.02177797 -0.01323907 0.03011146 -0.0216728 -0.01309415 0.03011262 -0.02167117 -0.01308869 0.02943526 -0.02258264 -0.01193602 0.02947435 -0.0225316 -0.01276787 0.02948342 -0.0225197 -0.01281265 0.02953374 -0.02245369 -0.01306101 0.02954962 -0.02243271 -0.01309379 0.02962627 -0.02233146 -0.01325196 0.029659 -0.02228785 -0.01328633 0.029717 -0.02221058 -0.01334723 0.02976131 -0.02215099 -0.01336141 0.02947006 -0.02253721 -0.01113649 0.02947492 -0.02253083 -0.01111265 0.02954171 -0.02244318 -0.01078497 0.02954484 -0.02243908 -0.01076964 0.029621 -0.02233843 -0.01061398 0.0296247 -0.02233354 -0.01060642 0.02971155 -0.02221787 -0.01050895 0.02971776 -0.02220953 -0.01050653 0.02981362 -0.02208072 -0.01046919 0.02982785 -0.02206149 -0.01046805 0.03019072 -0.02156224 -0.01115632 0.03017086 -0.02158997 -0.011048 0.03012889 -0.02164856 -0.01081912 0.03010208 -0.0216857 -0.01076014 0.03003471 -0.02177904 -0.01061188 0.02999745 -0.0218302 -0.01056929 0.0299454 -0.02190167 -0.0105098 0.02989509 -0.02197007 -0.01049193 -0.0370071 -0.00262384 -0.01264017 -0.03703697 -0.002161752 -0.01264017 -0.03707339 -0.001404912 -0.01200192 -0.03707211 -0.001438276 -0.01223596 -0.03707156 -0.001452273 -0.01226483 -0.03706926 -0.001509884 -0.01238364 -0.03706746 -0.001552316 -0.01242638 -0.03706358 -0.001643597 -0.01251831 -0.0370616 -0.001685959 -0.01253783 -0.03705563 -0.001813861 -0.01259676 -0.03704966 -0.001925191 -0.01261065 -0.03707263 -0.001424601 -0.01187961 -0.03707162 -0.001450972 -0.01171578 -0.03707067 -0.001474445 -0.01167609 -0.03706847 -0.001529284 -0.01158335 -0.03706686 -0.001566719 -0.01155326 -0.03706331 -0.001649541 -0.0114867 -0.03705867 -0.001742924 -0.01146209 -0.03704411 -0.002035665 -0.01138495 -0.0370071 -0.00262384 -0.01138495 0.03160625 -0.01169008 -0.006 0.0323231 -0.01188216 -0.006 0.0333231 -0.01161421 -0.006 0.03405515 -0.01088216 -0.006 0.0343231 -0.009882164 -0.006 0.03405515 -0.008882162 -0.006 0.03353038 -0.00835739 -0.006 0.0333231 -0.008150113 -0.006 0.0323231 -0.007882164 -0.006 0.0313231 -0.008150113 -0.006 0.03059105 -0.008882164 -0.006 0.0303231 -0.009882163 -0.006 0.03059105 -0.01088216 -0.006 0.0313231 -0.01161421 -0.006 -0.00408982 0.03471766 -0.006 -0.00435777 0.03371767 -0.006 -0.00408982 0.03271766 -0.006 -0.003357769 0.03198561 -0.006 -0.002357769 0.03171767 -0.006 -0.001357769 0.03198561 -0.006 -0.0006257181 0.03271766 -0.006 -0.0003577686 0.03371767 -0.006 -0.0006257179 0.03471766 -0.006 -0.001357769 0.03544972 -0.006 -0.002357769 0.03571767 -0.006 -0.003357769 0.03544972 -0.006 0.02864719 0.01581694 -0.006 0.02837924 0.01481694 -0.006 0.02864719 0.01381694 -0.006 0.02937924 0.01308489 -0.006 0.03037924 0.01281694 -0.006 0.03137924 0.01308489 -0.006 0.03211129 0.01381694 -0.006 0.03237924 0.01481694 -0.006 0.03211129 0.01581695 -0.006 0.03137924 0.01654899 -0.006 0.03037924 0.01681695 -0.006 0.02937924 0.01654899 -0.006 -0.03353038 0.00835739 -0.006 -0.0333231 0.008150113 -0.006 -0.0323231 0.007882164 -0.006 -0.0313231 0.008150113 -0.006 -0.03059105 0.008882164 -0.006 -0.0303231 0.009882163 -0.006 -0.03059105 0.01088216 -0.006 -0.0313231 0.01161421 -0.006 -0.03160625 0.01169008 -0.006 -0.0323231 0.01188216 -0.006 -0.0333231 0.01161421 -0.006 -0.03405515 0.01088216 -0.006 -0.0343231 0.009882164 -0.006 -0.03405515 0.008882162 -0.006 -0.009549309 0.03001767 -0.006 0.02970936 -0.01046918 -0.006 0.0272798 -0.01575 -0.006 0.03112721 -0.004831837 -0.006 0.03148506 0.0009700447 -0.006 0.03077072 0.006738892 -0.006 0.03129568 0.002499427 -0.006 0.03130875 0.002393913 -0.006 0.02900852 0.01227825 -0.006 0.02625848 0.0173995 -0.006 0.02261423 0.02192822 -0.006 0.02069979 0.02356841 -0.006 0.01819988 0.0257102 -0.006 0.01568281 0.02716343 -0.006 0.01316575 0.02861666 -0.006 0.01006095 0.02971075 -0.006 0.007683283 0.0305486 -0.006 0.001939169 0.03144025 -0.006 -0.003870982 0.03126125 -0.006 -0.01348327 0.02835257 -0.006 -0.01358118 0.02831113 -0.006 -0.01490245 0.02775189 -0.006 -0.0197481 0.02454104 -0.006 -0.02392126 0.02049448 -0.006 -0.0272798 0.01575 -0.006 -0.02970936 0.01046918 -0.006 -0.03112721 0.004831837 -0.006 -0.03148506 -0.0009700447 -0.006 -0.03130875 -0.002393913 -0.006 -0.03129568 -0.002499427 -0.006 -0.03077072 -0.006738892 -0.006 -0.02900852 -0.01227825 -0.006 -0.02625848 -0.0173995 -0.006 -0.02261423 -0.02192822 -0.006 -0.02069979 -0.02356841 -0.006 -0.01819988 -0.0257102 -0.006 -0.01568281 -0.02716343 -0.006 -0.01316575 -0.02861666 -0.006 -0.01006095 -0.02971075 -0.006 -0.007683283 -0.0305486 -0.006 -0.001939169 -0.03144025 -0.006 0.003870982 -0.03126125 -0.006 0.009549309 -0.03001767 -0.006 0.01490245 -0.02775189 -0.006 0.01358118 -0.02831113 -0.006 0.01348327 -0.02835257 -0.006 0.0197481 -0.02454104 -0.006 0.02392126 -0.02049448 -0.006 0.0240029 -0.02485946 -0.006 0.02471975 -0.02505154 -0.006 0.02571976 -0.0247836 -0.006 0.02645181 -0.02405155 -0.006 0.02671976 -0.02305155 -0.006 0.0264518 -0.02205154 -0.006 0.02592703 -0.02152677 -0.006 0.02571975 -0.02131949 -0.006 0.02471976 -0.02105154 -0.006 0.02371975 -0.02131949 -0.006 0.0229877 -0.02205154 -0.006 0.02271975 -0.02305155 -0.006 0.02298771 -0.02405155 -0.006 0.02371976 -0.0247836 -0.006 -0.03211129 -0.01381694 -0.006 -0.03237924 -0.01481694 -0.006 -0.03211129 -0.01581695 -0.006 -0.03137924 -0.01654899 -0.006 -0.03037924 -0.01681695 -0.006 -0.02937924 -0.01654899 -0.006 -0.02864719 -0.01581694 -0.006 -0.02837924 -0.01481694 -0.006 -0.02864719 -0.01381694 -0.006 -0.02937924 -0.01308489 -0.006 -0.03037924 -0.01281694 -0.006 -0.03137924 -0.01308489 -0.006 0.0006257181 -0.03271766 -0.006 0.0003577686 -0.03371767 -0.006 0.0006257179 -0.03471766 -0.006 0.001357769 -0.03544972 -0.006 0.002357769 -0.03571767 -0.006 0.003357769 -0.03544972 -0.006 0.00408982 -0.03471766 -0.006 0.00435777 -0.03371767 -0.006 0.00408982 -0.03271766 -0.006 0.003357769 -0.03198561 -0.006 0.002357769 -0.03171767 -0.006 0.001357769 -0.03198561 -0.006 -0.02592703 0.02152677 -0.006 -0.02571975 0.02131949 -0.006 -0.02471976 0.02105154 -0.006 -0.02371975 0.02131949 -0.006 -0.0229877 0.02205154 -0.006 -0.02271975 0.02305155 -0.006 -0.02298771 0.02405155 -0.006 -0.02371976 0.0247836 -0.006 -0.0240029 0.02485946 -0.006 -0.02471975 0.02505154 -0.006 -0.02571976 0.0247836 -0.006 -0.02645181 0.02405155 -0.006 -0.02671976 0.02305155 -0.006 -0.0264518 0.02205154 -0.006 0.027715 -0.003984815 -0.036 0.02646002 -0.009157903 -0.036 -2.229788e-18 1.110223e-16 -0.036 0.02424871 -0.014 -0.036 0.02116099 -0.0183361 -0.036 0.0254697 0.01163162 -0.036 0.02721072 0.006601251 -0.036 0.02796828 0.001332294 -0.036 0.01513794 0.0235551 -0.036 0.01932221 0.02026455 -0.036 0.02280813 0.01624159 -0.036 -1.448147e-10 0.028 -0.036 0.005299035 0.027494 -0.036 0.01040655 0.0259943 -0.036 -0.01513794 0.0235551 -0.036 -0.01040655 0.0259943 -0.036 -0.005299035 0.027494 -0.036 -0.0254697 0.01163162 -0.036 -0.02280813 0.01624159 -0.036 -0.01932221 0.02026455 -0.036 -0.027715 -0.003984815 -0.036 -0.02796829 0.001332294 -0.036 -0.02721072 0.00660125 -0.036 -0.02116099 -0.0183361 -0.036 -0.02424871 -0.014 -0.036 -0.02646002 -0.009157903 -0.036 -0.007888512 -0.0268658 -0.036 -0.01283034 -0.02488739 -0.036 -0.01730845 -0.02200949 -0.036 0.007888511 -0.0268658 -0.036 0.002661569 -0.02787321 -0.036 -0.00266157 -0.02787321 -0.036 0.01730845 -0.02200949 -0.036 0.01283034 -0.02488739 -0.036 0.03332998 -0.01603582 -0.02718658 0.02607138 -0.01184305 -0.02719552 0.03330216 -0.01609933 -0.02720007 0.02590859 -0.012125 -0.02725 0.03319927 -0.01633427 -0.02725 0.03353758 -0.0155296 -0.02675 0.02634161 -0.011375 -0.02675 0.03347002 -0.0156979 -0.02693777 0.02623662 -0.01155684 -0.02700471 0.03335143 -0.01598686 -0.02717617 0.03341427 -0.01583676 -0.02709268 0.03345196 -0.01574287 -0.02698793 0.02302184 -0.017125 -0.02675 0.03021781 -0.0212796 -0.02675 0.03032514 -0.02114343 -0.02694509 0.03074553 -0.02058427 -0.02725 0.02345485 -0.016375 -0.02725 0.03059456 -0.02078832 -0.02718811 0.02329207 -0.01665695 -0.02719552 0.03055416 -0.02084292 -0.02717154 0.03046845 -0.02095876 -0.0271364 0.02312683 -0.01694316 -0.02700471 0.0303541 -0.02110669 -0.02699775 0.03038002 -0.02107381 -0.02704485 0.02179497 -0.01925 -0.0215 0.02870216 -0.02323787 -0.0215 0.02862989 -0.02331144 -0.02174108 0.02173717 -0.01935011 -0.02180919 0.02179497 -0.01925 -0.0225 0.02173717 -0.01935011 -0.02219081 0.02862344 -0.02331799 -0.0221899 0.02863015 -0.02331122 -0.02225894 0.02870216 -0.02323787 -0.0225 0.02862328 -0.02331812 -0.02181007 0.02860507 -0.02333651 -0.022 0.02302184 -0.017125 -0.01725 0.02312683 -0.01694316 -0.01699529 0.02329207 -0.01665695 -0.01680448 0.02623662 -0.01155684 -0.01699529 0.02607138 -0.01184305 -0.01680448 0.02634161 -0.011375 -0.01725 0.02590859 -0.012125 -0.01675 0.02345485 -0.016375 -0.01675 0.03055242 -0.0208467 -0.01681343 0.03059351 -0.02079085 -0.01679993 0.03074553 -0.02058427 -0.01675 0.03021781 -0.0212796 -0.01725 0.03032979 -0.02113693 -0.01706223 0.03052074 -0.02088975 -0.01682383 0.03042217 -0.02101923 -0.01690732 0.0303597 -0.02109882 -0.01701207 0.03353758 -0.0155296 -0.01725 0.03347332 -0.01569062 -0.01705491 0.03319927 -0.01633427 -0.01675 0.03330049 -0.01610151 -0.0168119 0.03332758 -0.01603922 -0.01682846 0.03338505 -0.01590707 -0.0168636 0.03345598 -0.01573408 -0.01700226 0.03344046 -0.01577296 -0.01695515 0.0340258 -0.01439158 -0.01937983 0.0340258 -0.01439158 -0.02462017 -0.01660872 0.03317469 -0.009406374 -0.01617443 0.03338858 -0.009406374 -0.01660872 0.03317469 -0.0130444 -0.01617443 0.03338858 -0.01204447 -0.01613654 0.03340692 -0.0130444 -0.01615549 0.03339776 -0.01204447 -0.01508645 0.03389409 -0.0104063 -0.01510567 0.03388552 -0.009406374 -0.01506722 0.03390264 -0.0104063 -0.01462356 0.03409636 -0.009406374 -0.01506722 0.03390264 -0.0130444 -0.01462356 0.03409636 -0.0130444 -0.01780206 0.03254991 -0.0130444 -0.01822526 0.03231486 -0.0130444 -0.01780206 0.03254991 -0.009406374 -0.01822526 0.03231486 -0.009406374 -0.02123076 0.03042474 -0.0120434 -0.02116633 0.03046951 -0.01228395 -0.02110847 0.03050971 -0.01249998 -0.02097742 0.03059982 -0.01271919 -0.02093079 0.03063188 -0.01279718 -0.02073387 0.03076524 -0.01295742 -0.02067779 0.03080323 -0.01300305 -0.02043751 0.03096302 -0.01307355 -0.02040919 0.03098185 -0.01308186 -0.02031093 0.03104635 -0.01308695 -0.01997207 0.03126541 -0.01301683 -0.01973967 0.03141266 -0.01285301 -0.01972723 0.03142043 -0.01283592 -0.01956271 0.03152318 -0.01260981 -0.01954393 0.03153476 -0.01255524 -0.0194161 0.03161369 -0.01218367 -0.01941211 0.03161613 -0.01214323 -0.01933382 0.03166407 -0.01134919 -0.01933246 0.0316649 -0.01123602 -0.01938878 0.03163045 -0.01042868 -0.01946549 0.03158321 -0.01014355 -0.01951817 0.03155077 -0.009947701 -0.01963497 0.03147805 -0.00975459 -0.01969851 0.03143849 -0.009649533 -0.01987081 0.03132954 -0.009511436 -0.01995625 0.03127552 -0.009442967 -0.02015999 0.03114433 -0.009384823 -0.02021423 0.03110941 -0.009369346 -0.02031093 0.03104635 -0.009363825 -0.02087951 0.03066685 -0.009603406 -0.02065204 0.03082047 -0.009438443 -0.02064621 0.03082441 -0.009434213 -0.02128688 0.0303855 -0.01123602 -0.02128566 0.03038636 -0.01112559 -0.0212121 0.03043774 -0.0103558 -0.02120622 0.03044185 -0.01029425 -0.02107191 0.03053492 -0.009898704 -0.02105572 0.03054614 -0.009851015 -0.02088848 0.03066071 -0.009616003 -0.02295905 0.02914262 -0.0108318 -0.02295905 0.02914262 -0.009406374 -0.02333735 0.02884056 -0.009406374 -0.02333735 0.02884056 -0.0130444 -0.02247649 0.02951639 -0.0130444 -0.02211711 0.02978621 -0.01296506 -0.02207199 0.02982008 -0.0129551 -0.02187701 0.02996331 -0.01280662 -0.02185463 0.02997974 -0.01278958 -0.0216996 0.03009212 -0.01255184 -0.02169377 0.03009636 -0.01254289 -0.02160355 0.03016118 -0.01224339 -0.02160185 0.03016239 -0.01222238 -0.02247649 0.02951639 -0.0108318 -0.02240559 0.02956979 -0.01084313 -0.02216139 0.0297537 -0.01088217 -0.0220696 0.02982154 -0.01093399 -0.02193782 0.02991893 -0.01100839 -0.02183207 0.02999594 -0.01113334 -0.0217435 0.03006045 -0.01123801 -0.02166611 0.03011619 -0.01143065 -0.02162415 0.03014641 -0.01153511 -0.02157895 0.03017879 -0.0119381 -0.01211117 0.0350675 -0.0130444 -0.01413851 0.03430033 -0.0130444 -0.01335654 0.03461232 -0.01264017 -0.01413851 0.03430033 -0.01264017 -0.01211117 0.0350675 -0.01264017 -0.01290378 0.03478365 -0.01264017 -0.01290378 0.03478365 -0.009406374 -0.01335654 0.03461232 -0.009406374 0.03259679 -0.01771609 -0.0137444 0.03282517 -0.01728925 -0.0137444 0.03259679 -0.01771609 -0.01010637 0.03282517 -0.01728925 -0.01010637 0.03399308 -0.01486205 -0.01010637 0.03379626 -0.01530434 -0.01010637 0.03399308 -0.01486205 -0.01334017 0.03379626 -0.01530434 -0.01334017 0.03344028 -0.01606729 -0.01334017 0.03344028 -0.01606729 -0.0137444 0.03432157 -0.01408688 -0.0137444 0.03432157 -0.01408688 -0.01334017 -0.01522986 0.03368299 -0.0275212 -0.01556541 0.03353574 -0.02769566 -0.02181465 0.02982625 -0.0264944 -0.02202995 0.02965721 -0.02619545 -0.0204948 0.03076462 -0.01507831 -0.02019144 0.03097134 -0.01490491 -0.01372775 0.03430805 -0.01610856 -0.01347551 0.03439905 -0.01640305 -0.0120403 0.03489645 -0.01865619 -0.01166393 0.03501659 -0.01953902 -0.01149838 0.03506643 -0.02041444 -0.01146834 0.03507534 -0.02089686 -0.01285843 0.03462167 -0.01712349 -0.01253049 0.03473998 -0.01750636 -0.01219788 0.03484615 -0.01828655 -0.01575569 0.03346453 -0.01474039 -0.01555441 0.0335496 -0.0148642 -0.01477131 0.03388055 -0.01534591 -0.01394629 0.03422922 -0.01585342 -0.01793073 0.03235665 -0.01433396 -0.01772589 0.03247744 -0.01430418 -0.01708588 0.03279809 -0.01444588 -0.01587935 0.03340258 -0.01471301 -0.01962283 0.03135882 -0.0145799 -0.01944519 0.03146357 -0.01455408 -0.01827347 0.03215454 -0.01438377 -0.02225769 0.02947953 -0.01669004 -0.0220273 0.02965641 -0.01641492 -0.02146343 0.03008935 -0.01574155 -0.02128743 0.03022448 -0.01553137 -0.02337377 0.02856882 -0.01899612 -0.0232321 0.02868735 -0.01865048 -0.02287732 0.02898416 -0.01778495 -0.02259232 0.0292226 -0.01708965 -0.02366853 0.02831259 -0.02169603 -0.02368793 0.02829545 -0.0213 -0.02356839 0.02840003 -0.02034169 -0.02341224 0.02853664 -0.01908997 -0.02321286 0.02870353 -0.02394339 -0.02351486 0.02844749 -0.02306072 -0.02364449 0.02833383 -0.02218666 -0.02254778 0.02925062 -0.02547642 -0.02281554 0.02904037 -0.02510462 -0.02308439 0.02881245 -0.02431886 -0.02002101 0.03110118 -0.02786372 -0.02020857 0.03096955 -0.02773473 -0.02090488 0.03048089 -0.02725586 -0.02162088 0.0299784 -0.02676345 -0.01793821 0.03235318 -0.02826887 -0.01813048 0.03225335 -0.0282966 -0.01875497 0.03187276 -0.02815361 -0.019909 0.03116945 -0.02788937 -0.01618027 0.03326592 -0.02801532 -0.01637167 0.03316654 -0.02804293 -0.01758538 0.03253637 -0.02821798 -0.01320335 0.03449801 -0.02590658 -0.01347749 0.03439576 -0.02618538 -0.01413726 0.03414966 -0.02685639 -0.01433192 0.03407705 -0.02705436 -0.01184054 0.03496148 -0.02359624 -0.0120186 0.0349034 -0.0239489 -0.01245521 0.03476096 -0.02481365 -0.01279982 0.03464853 -0.02549618 -0.01144323 0.03508279 -0.0213 -0.01159405 0.03503722 -0.02225865 -0.01178817 0.03497857 -0.0234925 -0.03660565 0.004901568 -0.02547628 -0.03669885 0.004249197 -0.02619473 -0.03689919 -0.002621339 -0.02801505 -0.03682534 -0.003286926 -0.02769424 -0.03641219 -0.006177749 -0.01712162 -0.03652811 -0.005527347 -0.01640563 -0.03696834 0.001328335 -0.01458396 -0.03691758 0.001999715 -0.01490594 -0.03639368 0.006140721 -0.02306072 -0.03636006 0.006309818 -0.02218666 -0.03635368 0.006341254 -0.02169603 -0.03634854 0.006366628 -0.0213 -0.03646015 0.005775404 -0.01865038 -0.03642853 0.005955691 -0.01899719 -0.03641843 0.006013226 -0.01910787 -0.03637911 0.00621208 -0.02034135 -0.03669705 0.004246812 -0.01641516 -0.03665898 0.00453278 -0.01669257 -0.03659857 0.004986419 -0.01713264 -0.03653932 0.005324184 -0.01778238 -0.03688997 0.002364877 -0.01508106 -0.03681421 0.003366976 -0.01556165 -0.03679017 0.003547461 -0.01573673 -0.0369897 -0.0008689006 -0.01430356 -0.03698757 -0.0006496404 -0.01433154 -0.0369837 -0.0002519713 -0.01438229 -0.03697048 0.001107938 -0.01455584 -0.03683142 -0.003302305 -0.01486818 -0.03686234 -0.003051314 -0.01472703 -0.03686821 -0.002950595 -0.01470748 -0.03694688 -0.001602576 -0.01444592 -0.03657553 -0.0052613 -0.01611274 -0.03662281 -0.004996033 -0.01582072 -0.03672709 -0.004149383 -0.01534457 -0.03624176 -0.007018553 -0.01865756 -0.03627716 -0.006855869 -0.01828843 -0.03635545 -0.006496066 -0.01747205 -0.03610421 -0.00763127 -0.0213 -0.03611031 -0.0076058 -0.02089686 -0.03611761 -0.00757532 -0.02041444 -0.03615722 -0.007407034 -0.01953902 -0.03623635 -0.007044541 -0.02394972 -0.03619773 -0.007227003 -0.02359654 -0.03618654 -0.00727988 -0.02349419 -0.03614018 -0.007477752 -0.02225862 -0.03652649 -0.005525262 -0.02618522 -0.03647798 -0.005812509 -0.02590493 -0.03640239 -0.006260028 -0.02546827 -0.03633102 -0.006597206 -0.02481561 -0.03678498 -0.003650663 -0.02751891 -0.03667364 -0.004654115 -0.02703524 -0.03664321 -0.004834307 -0.02685942 -0.03699747 -0.0004242718 -0.02829657 -0.03698775 -0.0006416266 -0.02826872 -0.03696998 -0.001038775 -0.02821784 -0.03690887 -0.002404963 -0.02804278 -0.03692434 0.002015164 -0.02773242 -0.036946 0.001769369 -0.02787063 -0.03694862 0.00165759 -0.02789233 -0.03698033 0.0003062402 -0.02815473 -0.0367376 0.003977946 -0.02649346 -0.03677347 0.003726883 -0.02676996 -0.03684955 0.002863632 -0.02725535 -0.03646443 0.005751049 -0.02394333 -0.03649452 0.00558529 -0.02431877 -0.03655764 0.005237672 -0.02510613 0.03047459 -0.02115915 -0.0127434 0.03042971 -0.0212235 -0.01298395 0.03038941 -0.0212813 -0.01319998 0.03029781 -0.02141131 -0.01341919 0.03026521 -0.02145756 -0.01349718 0.03012686 -0.02165101 -0.01365741 0.03008746 -0.0217061 -0.01370305 0.02991761 -0.02193939 -0.01377355 0.02922144 -0.02285852 -0.01084354 0.02916591 -0.02292946 -0.01112868 0.0291857 -0.02290425 -0.01288366 0.02927818 -0.02278585 -0.01325524 0.02929176 -0.02276846 -0.01330981 0.02941037 -0.02261498 -0.01353592 0.02941934 -0.02260338 -0.01355301 0.02958672 -0.02238384 -0.0137174 0.02982785 -0.02206149 -0.01378695 0.02989759 -0.02196688 -0.01378186 0.02912505 -0.02298132 -0.01193602 0.02912604 -0.02298007 -0.01204918 0.02918281 -0.02290792 -0.01284323 0.02925958 -0.0228098 -0.0106477 0.02934385 -0.02270105 -0.01045459 0.0293897 -0.02264189 -0.01034953 0.02951346 -0.02247989 -0.01021144 0.02957481 -0.02239956 -0.01014297 0.02972032 -0.02220578 -0.01008482 0.02975906 -0.0221542 -0.01006935 0.02982785 -0.02206149 -0.01006382 0.03006519 -0.02173693 -0.01013421 0.0300693 -0.02173121 -0.01013844 0.03022927 -0.02150817 -0.01030341 0.03023554 -0.0214993 -0.010316 0.03051359 -0.02110286 -0.01193602 0.03051274 -0.0211041 -0.01182559 0.03046161 -0.02117782 -0.0110558 0.03045752 -0.02118371 -0.01099425 0.03036388 -0.02131763 -0.01059871 0.03035259 -0.02133378 -0.01055102 0.03188924 -0.01896013 -0.009851075 0.03069207 -0.02084243 -0.01387205 0.03199629 -0.01877891 -0.009978726 0.03080982 -0.02066797 -0.0139997 -0.03682885 0.004477266 -0.009406374 -0.03682885 0.004477266 -0.009810599 -0.03702615 0.002339751 -0.009406374 -0.03699246 0.002822679 -0.009810599 -0.03685607 0.004247344 -0.01110837 -0.03685607 0.004247344 -0.0115126 -0.03699246 0.002822679 -0.01110837 -0.03699246 0.002822679 -0.0115126 -0.0368414 0.004372778 -0.01264017 -0.0368414 0.004372778 -0.0130444 -0.03699246 0.002822679 -0.01264017 -0.03702615 0.002339751 -0.0130444 -0.03688521 -0.003986443 -0.01104455 -0.03688521 -0.003986443 -0.01144877 -0.03672219 -0.005281134 -0.01104455 -0.03672219 -0.005281134 -0.01144877 -0.03692806 -0.003567674 -0.01264017 -0.03692806 -0.003567674 -0.0130444 -0.03672219 -0.005281134 -0.01264017 -0.03665016 -0.005759846 -0.0130444 -0.03665016 -0.005759846 -0.009406374 -0.03672219 -0.005281134 -0.009406374 -0.0370071 -0.00262384 -0.01098072 -0.03704178 -0.002077696 -0.01098072 -0.03707648 -0.001320775 -0.009406374 -0.03709103 -0.0008158361 -0.009406374 -0.03706482 -0.001615216 -0.01104455 -0.0370071 -0.00262384 -0.009406374 -0.03696971 -0.003106496 -0.009406374 -0.03696971 -0.003106496 -0.0130444 -0.03704295 -0.002056681 -0.0130444 -0.03706787 -0.001532881 -0.01294807 -0.0370709 -0.001469202 -0.01293635 -0.03708481 -0.001059978 -0.01258859 -0.03707987 -0.001222034 -0.01278836 -0.03707946 -0.001233274 -0.01279509 -0.03707295 -0.001410407 -0.01113456 -0.03707635 -0.00132436 -0.01117238 -0.03708309 -0.001119828 -0.01135639 -0.03708546 -0.001038625 -0.01256226 -0.03708797 -0.0009446579 -0.01227236 -0.03708808 -0.0009405205 -0.01225959 -0.03708857 -0.0009210475 -0.01200192 -0.03708703 -0.0009809064 -0.01160273 -0.03708691 -0.0009851813 -0.01159508 -0.03708316 -0.001117644 -0.01135835 -0.03705663 0.001793356 -0.009406374 -0.03705663 0.001793356 -0.009810599 -0.03709832 -0.0003528386 -0.009406374 -0.03709977 0.0001312612 -0.009810599 -0.0370671 0.001562066 -0.01110837 -0.0370671 0.001562066 -0.0115126 -0.03709977 0.0001312612 -0.01110837 -0.03709977 0.0001312612 -0.0115126 -0.03706157 0.001688232 -0.01264017 -0.03706157 0.001688232 -0.0130444 -0.03709977 0.0001312612 -0.01264017 -0.03709832 -0.0003528386 -0.0130444 -0.01602215 0.03279544 -0.006 -0.0186301 0.03132389 -0.006 -0.01353876 0.02838461 -0.006 0.01353876 -0.02838461 -0.006 0.02876664 -0.01660843 -0.006 0.03135117 0.002467392 -0.006 0.03630482 -0.003551585 -0.006 0.03628469 -0.003958705 -0.006 0.0355618 -0.008222425 -0.006 0.0343397 -0.01237072 -0.006 0.03263555 -0.01634536 -0.006 -0.03501225 0.01031469 -0.006 -0.03354655 0.0143833 -0.006 -0.03160993 0.01825 -0.006 -0.02876664 0.01660843 -0.006 -0.03135117 -0.002467392 -0.006 -0.03645548 0.001802225 -0.006 -0.03644234 0.0004721969 -0.006 -0.03625529 0.003637173 -0.006 -0.03598645 0.006101281 -0.006 0.03528133 0.009274718 -0.006 0.03408859 0.01304676 -0.006 0.03237947 0.01682508 -0.006 0.03230625 0.01698695 -0.006 0.03007039 0.02068868 -0.006 0.02741241 0.02409999 -0.006 0.02436963 0.02717299 -0.006 0.02098474 0.02986454 -0.006 0.01822595 0.03156828 -0.006 0.01730528 0.03213685 -0.006 0.01338289 0.03395804 -0.006 0.009272628 0.03530253 -0.006 0.005032204 0.03615145 -0.006 0.0007211355 0.03649288 -0.006 -0.001532269 0.03640378 -0.006 -0.009638619 0.03513939 -0.006 -0.007870706 0.0356413 -0.006 -0.003600053 0.03632203 -0.006 -0.02127751 0.02957942 -0.006 -0.01978851 0.03067026 -0.006 -0.03525091 -0.009222412 -0.006 -0.03480162 -0.01100442 -0.006 -0.03325582 -0.01504328 -0.006 -0.03229273 -0.01687491 -0.006 -0.01917869 -0.03105524 -0.006 -0.01822596 -0.03156827 -0.006 -0.03124319 -0.01887096 -0.006 -0.02879197 -0.02243374 -0.006 -0.02593657 -0.02568159 -0.006 -0.02271708 -0.02856894 -0.006 -0.01537108 -0.03310559 -0.006 -0.01134769 -0.03469121 -0.006 -0.007164998 -0.03578984 -0.006 -0.002881731 -0.03638607 -0.006 0.001441991 -0.0364715 -0.006 0.001618768 -0.03645398 -0.006 0.009608511 -0.03519189 -0.006 0.005745471 -0.03604497 -0.006 0.0212282 -0.02966508 -0.006 0.03160993 -0.01825 -0.006 0.03047327 -0.02009054 -0.006 0.02490173 -0.02668621 -0.006 0.02788321 -0.0235537 -0.006 0.02157068 -0.02944411 -0.006 -0.02922958 0.02186051 -0.006 -0.0264389 0.02516415 -0.006 -0.02327709 0.02811454 -0.006 -0.01203087 0.03446024 -0.006 0.03645664 -0.0004803709 -0.006 0.03649822 0.0003605858 -0.006 0.03619939 0.004674815 -0.006 0.03539241 0.00892342 -0.006 0.009968296 -0.03511243 -0.006 0.01405119 -0.033687 -0.006 0.01793683 -0.03178868 -0.006 0.01864434 -0.03133219 -0.006 -0.03641276 -0.00252213 -0.006 -0.03585888 -0.00681108 -0.006 0.02424871 -0.014 -0.039 0.02116099 -0.0183361 -0.039 0.01730845 -0.02200949 -0.039 0.01283034 -0.02488739 -0.039 0.007888511 -0.0268658 -0.039 0.002661569 -0.02787321 -0.039 -0.00266157 -0.02787321 -0.039 -0.007888512 -0.0268658 -0.039 -0.01283034 -0.02488739 -0.039 -0.01730845 -0.02200949 -0.039 -0.02116099 -0.0183361 -0.039 -0.02424871 -0.014 -0.039 -0.02646002 -0.009157903 -0.039 -0.027715 -0.003984815 -0.039 -0.02796829 0.001332294 -0.039 -0.02721072 0.00660125 -0.039 -0.0254697 0.01163162 -0.039 -0.02280813 0.01624159 -0.039 -0.01932221 0.02026455 -0.039 -0.01513794 0.0235551 -0.039 -0.01040655 0.0259943 -0.039 -0.005299035 0.027494 -0.039 -1.448147e-10 0.028 -0.039 0.005299035 0.027494 -0.039 0.01040655 0.0259943 -0.039 0.01513794 0.0235551 -0.039 0.01932221 0.02026455 -0.039 0.02280813 0.01624159 -0.039 0.0254697 0.01163162 -0.039 0.02721072 0.006601251 -0.039 0.02796828 0.001332294 -0.039 0.027715 -0.003984815 -0.039 0.02646002 -0.009157903 -0.039 0.03204294 -0.0185 -0.02725 0.02947637 -0.02227142 -0.02462017 0.02947637 -0.02227142 -0.01937983 0.03204294 -0.0185 -0.01675 0.03373273 -0.01559397 -0.01723769 0.0339315 -0.01558386 -0.01718509 0.03385898 -0.01574867 -0.01694861 0.03364517 -0.01621827 -0.0166465 0.03376168 -0.01596532 -0.0167641 0.03390442 -0.01593692 -0.01661441 0.03351651 -0.01649036 -0.01660355 0.0341002 -0.01550098 -0.01710112 0.03410507 -0.0154947 -0.01709663 0.03372408 -0.01559111 -0.01723824 0.03366145 -0.01574279 -0.0170256 0.0334766 -0.0161692 -0.01675335 0.03336326 -0.01641496 -0.01671289 0.03335455 -0.01641067 -0.0167191 0.03357759 -0.01593975 -0.01685921 0.03421022 -0.01535939 -0.017 0.03411417 -0.01557156 -0.01669912 0.03397063 -0.01588048 -0.01647345 0.03390067 -0.01603105 -0.01636345 0.03364791 -0.01655501 -0.01625 0.03362018 -0.01654136 -0.01642306 0.03361461 -0.01653862 -0.01643276 0.03466954 -0.01329692 -0.02149296 0.03506105 -0.01318199 -0.02135014 0.03516098 -0.01303669 -0.02125 0.03511563 -0.01314749 -0.02104726 0.03505606 -0.01318926 -0.02135514 0.03467923 -0.01329987 -0.0214926 0.03488515 -0.01328263 -0.02144121 0.03512359 -0.01301735 -0.02199955 0.03492123 -0.01317739 -0.02171174 0.03467923 -0.01329987 -0.0225074 0.03488515 -0.01328263 -0.02255879 0.0349213 -0.01317715 -0.02228815 0.03493344 -0.01314133 -0.02199962 0.03469829 -0.01320151 -0.02226106 0.03470808 -0.01316847 -0.02199965 0.03466954 -0.01329692 -0.02250705 0.03469824 -0.01320176 -0.02173886 0.03516098 -0.01303669 -0.02275 0.03521362 -0.01289383 -0.02239492 0.03506105 -0.01318199 -0.02264987 0.03505606 -0.01318926 -0.02264486 0.03522775 -0.01285519 -0.02180312 0.0352231 -0.01286789 -0.02199762 0.03511563 -0.01314749 -0.02295274 0.03372408 -0.01559111 -0.02676176 0.03421022 -0.01535939 -0.027 0.03373273 -0.01559397 -0.02676231 0.0339315 -0.01558386 -0.02681491 0.0341002 -0.01550098 -0.02689888 0.03410507 -0.0154947 -0.02690337 0.03385854 -0.01574967 -0.02705203 0.03390414 -0.01593753 -0.02738598 0.03351651 -0.01649036 -0.02739645 0.03361461 -0.01653862 -0.02756724 0.03364478 -0.01621919 -0.02735416 0.03376143 -0.01596585 -0.02723625 0.03357738 -0.01594023 -0.0271411 0.03347627 -0.01617005 -0.02724724 0.03335455 -0.01641067 -0.0272809 0.03336326 -0.01641496 -0.02728712 0.03366107 -0.01574369 -0.02697497 0.03364791 -0.01655501 -0.02775 0.03381295 -0.01621525 -0.02770321 0.03362018 -0.01654136 -0.02757694 0.03397164 -0.01587802 -0.02752546 0.03404666 -0.01571862 -0.02744144 -0.01526854 0.03425086 -0.009406374 -0.01478123 0.03446397 -0.009406374 -0.01632967 0.03375784 -0.01204447 -0.01634882 0.03374857 -0.01204447 -0.01634882 0.03374857 -0.009406374 -0.01678779 0.03353237 -0.009406374 -0.01678779 0.03353237 -0.0130444 -0.01631052 0.0337671 -0.0130444 -0.0152491 0.03425952 -0.0104063 -0.01522966 0.03426817 -0.0104063 -0.01522966 0.03426817 -0.0130444 -0.01478123 0.03446397 -0.0130444 -0.01842176 0.03266326 -0.009406374 -0.01799399 0.03290085 -0.009406374 -0.01842176 0.03266326 -0.0130444 -0.01799399 0.03290085 -0.0130444 -0.01954089 0.0320063 -0.01123602 -0.0195965 0.03197229 -0.01043667 -0.0196377 0.03194692 -0.01028347 -0.02052992 0.03138108 -0.009363825 -0.02042805 0.03144749 -0.009369736 -0.02037727 0.03148018 -0.009384404 -0.02016695 0.03161557 -0.009445162 -0.02008477 0.03166752 -0.009511066 -0.01990831 0.03177907 -0.009652578 -0.01984648 0.03181756 -0.009754536 -0.01972691 0.03189199 -0.009951702 -0.01967532 0.03192376 -0.01014358 -0.02086197 0.03116133 -0.009431141 -0.02087411 0.03115313 -0.009439684 -0.02109979 0.03100079 -0.00959847 -0.02111307 0.03099169 -0.009616707 -0.02128035 0.03087712 -0.009846552 -0.02129865 0.03086445 -0.009899053 -0.02143244 0.03077175 -0.01028304 -0.02143976 0.03076664 -0.01035601 -0.02151482 0.0307142 -0.01110477 -0.02151639 0.03071311 -0.01123602 -0.02052992 0.03138108 -0.01308695 -0.02063387 0.03131283 -0.01308143 -0.02065801 0.03129677 -0.01307424 -0.02090562 0.03113206 -0.01300055 -0.02095782 0.03109669 -0.01295802 -0.02115921 0.03096026 -0.01279394 -0.02120389 0.03092954 -0.01271935 -0.02133769 0.03083752 -0.01249602 -0.02139447 0.03079807 -0.01228388 -0.02146097 0.03075185 -0.0120354 -0.01954261 0.03200525 -0.01136974 -0.01962261 0.03195626 -0.01214302 -0.02019517 0.03159755 -0.01302048 -0.020188 0.0316021 -0.01301558 -0.01995746 0.03174822 -0.01285793 -0.01994054 0.03175879 -0.0128352 -0.01977604 0.03186155 -0.01261426 -0.01975507 0.0318745 -0.01255491 -0.01963772 0.03194696 -0.01222271 -0.01962801 0.03195295 -0.01219523 -0.0218116 0.03050417 -0.0119381 -0.02188093 0.03045448 -0.01145339 -0.02189374 0.03044522 -0.01142751 -0.02201837 0.03035525 -0.01117579 -0.02206411 0.03032184 -0.01113036 -0.02222368 0.03020526 -0.01097187 -0.02230678 0.03014361 -0.01093409 -0.02246182 0.0300286 -0.01086362 -0.02264681 0.02988898 -0.01084071 -0.02271882 0.02983463 -0.0108318 -0.02320658 0.02945682 -0.0108318 -0.02320658 0.02945682 -0.009406374 -0.02358897 0.02915151 -0.009406374 -0.02358897 0.02915151 -0.0130444 -0.02271882 0.02983463 -0.0130444 -0.02183386 0.03048823 -0.01222249 -0.02183464 0.03048768 -0.01223238 -0.02192303 0.03042418 -0.01253272 -0.02193465 0.03041576 -0.01255076 -0.02208384 0.03030765 -0.01278255 -0.02211346 0.0302859 -0.01280543 -0.02230205 0.03014745 -0.01295107 -0.02235582 0.03010709 -0.01296311 -0.0130429 0.03515868 -0.01264017 -0.01224174 0.03544559 -0.01264017 -0.0130429 0.03515868 -0.009406374 -0.01350055 0.0349855 -0.009406374 -0.01350055 0.0349855 -0.01264017 -0.0141116 0.03474353 -0.01264017 -0.01429094 0.03467014 -0.01264017 -0.01429094 0.03467014 -0.0130444 -0.0141116 0.03474353 -0.0130444 -0.01224174 0.03544559 -0.0130444 0.03317909 -0.01747565 -0.01010637 0.03294823 -0.01790709 -0.01010637 0.03317909 -0.01747565 -0.0137444 0.03294823 -0.01790709 -0.0137444 0.03416064 -0.01546935 -0.01334017 0.03380083 -0.01624052 -0.01334017 0.03416064 -0.01546935 -0.01010637 0.03435958 -0.01502229 -0.01010637 0.03435958 -0.01502229 -0.01334017 0.03469161 -0.01423876 -0.01334017 0.03469161 -0.01423876 -0.0137444 0.03380083 -0.01624052 -0.0137444 -0.0159476 0.03358203 -0.01466197 -0.0236535 0.02860184 -0.02306227 -0.02381642 0.0284605 -0.02169705 -0.02352213 0.0287146 -0.01898644 -0.02377285 0.0284985 -0.02032661 -0.02161534 0.03022418 -0.01569162 -0.02065115 0.03090598 -0.0149724 -0.02243164 0.02960558 -0.01662807 -0.02307187 0.02909188 -0.01773991 -0.01955691 0.03162038 -0.01449196 -0.01838206 0.03232237 -0.01427666 -0.01716021 0.03298604 -0.01433379 -0.01287301 0.03483556 -0.01707205 -0.01375509 0.03451209 -0.01606144 -0.01479861 0.03409237 -0.01524446 -0.01157441 0.0356195 -0.01946786 -0.01169253 0.03544113 -0.01951205 -0.01215876 0.03528887 -0.01820269 -0.012183 0.03506912 -0.01824827 -0.01285951 0.03504636 -0.01700795 -0.0137562 0.03471167 -0.01598084 -0.0148181 0.03427896 -0.0151501 -0.01598848 0.03375467 -0.01455757 -0.0172248 0.03314431 -0.01422366 -0.01847159 0.03246659 -0.01416552 -0.01967139 0.03175158 -0.0143846 -0.02078966 0.03102563 -0.01487338 -0.02177565 0.03033428 -0.01560484 -0.02261081 0.02970827 -0.01655679 -0.02326605 0.02918934 -0.01768641 -0.02372696 0.02880881 -0.01895213 -0.02398363 0.0285911 -0.0203123 -0.02402823 0.02855284 -0.02170287 -0.02366084 0.02861001 -0.02306235 -0.01976746 0.03182498 -0.01421958 -0.0198205 0.0318294 -0.01405915 -0.0196349 0.03194232 -0.01401541 -0.01853523 0.03255859 -0.01399625 -0.0172553 0.0332545 -0.01405551 -0.01725003 0.03329038 -0.01390154 -0.0159861 0.03388214 -0.01439597 -0.01654449 0.03365308 -0.01402424 -0.01892125 0.03237648 -0.01384726 -0.01855879 0.03257962 -0.01383774 -0.01774052 0.03303822 -0.01381624 -0.01472164 0.03448454 -0.01486228 -0.01478403 0.03442239 -0.01500053 -0.01537884 0.03420148 -0.0144655 -0.01595231 0.03393168 -0.01424841 -0.01428497 0.03467261 -0.01512592 -0.0141108 0.03474151 -0.01527827 -0.01369243 0.03486941 -0.01584899 -0.01204746 0.03546825 -0.01812278 -0.01276959 0.0352162 -0.01689935 -0.01247774 0.0353632 -0.01700444 -0.0136011 0.03494314 -0.01572412 -0.01330206 0.03506145 -0.01598571 -0.01264932 0.03530039 -0.01679239 -0.01139259 0.03572756 -0.01941323 -0.01156527 0.03562493 -0.01946511 -0.01183218 0.0355844 -0.01815978 -0.01189912 0.03556146 -0.01803998 -0.02421254 0.0285795 -0.02028631 -0.02437528 0.02849719 -0.02026059 -0.02432624 0.02853917 -0.01976326 -0.02394661 0.02880364 -0.01889099 -0.0242616 0.02859414 -0.02318649 -0.02439831 0.02847758 -0.02230394 -0.02425877 0.02854009 -0.0217135 -0.02441904 0.02845979 -0.02172391 -0.02444579 0.02843683 -0.02097549 -0.02279293 0.02972833 -0.0164378 -0.02346972 0.02919507 -0.0175939 -0.02353372 0.02919613 -0.01729756 -0.02292613 0.02967477 -0.0163123 -0.02287462 0.02971534 -0.01622877 -0.02193187 0.03037103 -0.01546485 -0.02205506 0.0303286 -0.01531886 -0.02091699 0.03108034 -0.01471813 -0.02410209 0.02872817 -0.01883029 -0.02401993 0.02879744 -0.01848834 -0.02361622 0.02912848 -0.01749961 -0.02385974 0.02869672 -0.02308768 -0.0240736 0.02869107 -0.02313187 -0.02408304 0.0286862 -0.02313462 -0.02111204 0.03099245 -0.01461173 -0.0210006 0.03106564 -0.01455933 -0.02005359 0.03168759 -0.01411407 -0.0117244 0.0352265 -0.01953739 -0.01172136 0.03521596 -0.01953747 -0.02002469 0.0313224 -0.02793951 -0.01151549 0.03527912 -0.02089585 -0.01188418 0.03516505 -0.02360664 -0.01157041 0.03526242 -0.0222734 -0.01417239 0.03434914 -0.0269045 -0.01526642 0.0338908 -0.02762765 -0.01321746 0.03471261 -0.02596892 -0.01244398 0.03498277 -0.02485813 -0.0164453 0.03334473 -0.0281061 -0.01767001 0.03271707 -0.02832335 -0.01887512 0.03203565 -0.02826704 -0.02272087 0.02937674 -0.02552746 -0.02197463 0.02995677 -0.02654322 -0.02106911 0.03061668 -0.0273561 -0.02348122 0.02901334 -0.02440331 -0.02328207 0.02891744 -0.02435763 -0.0229068 0.02947699 -0.02559155 -0.02214319 0.03006351 -0.0266239 -0.02121701 0.0307321 -0.02745048 -0.02014934 0.03144859 -0.02804394 -0.01897501 0.03217434 -0.02837719 -0.01774488 0.03286942 -0.02843448 -0.01649577 0.03351142 -0.02821342 -0.01529448 0.03407167 -0.02772668 -0.01418072 0.03454348 -0.02699123 -0.01320955 0.03491899 -0.02604015 -0.01242371 0.03519911 -0.0249116 -0.01185551 0.03538872 -0.02364084 -0.01153724 0.03549024 -0.0222877 -0.01148156 0.03550767 -0.02088992 -0.01778917 0.03297214 -0.02860376 -0.01650692 0.03363188 -0.0283784 -0.01648232 0.03367942 -0.02853926 -0.01905216 0.03225868 -0.02854536 -0.0190853 0.03227336 -0.02869972 -0.02025861 0.03151418 -0.02820556 -0.01963643 0.03194479 -0.02859993 -0.01977597 0.03186159 -0.02857466 -0.01743744 0.03319918 -0.02875366 -0.01779453 0.03300332 -0.02876256 -0.0186242 0.03254826 -0.02878321 -0.02031837 0.03151187 -0.02835304 -0.02086051 0.0311623 -0.02813153 -0.02135667 0.03077923 -0.02760006 -0.0214423 0.03075932 -0.02773815 -0.0218398 0.03048398 -0.02746938 -0.02231062 0.03009311 -0.02675585 -0.02369225 0.02901407 -0.02448336 -0.02309849 0.02949072 -0.02570014 -0.02338328 0.02931676 -0.02558526 -0.02242131 0.0300549 -0.0268807 -0.02268629 0.02985937 -0.02661245 -0.02323311 0.02943367 -0.02580657 -0.02390728 0.02889103 -0.02443994 -0.02384955 0.02893794 -0.02456613 -0.0114061 0.03567822 -0.0223137 -0.01125026 0.03577255 -0.02233936 -0.01131331 0.03575275 -0.02284475 -0.01173465 0.03557228 -0.0237018 -0.01122078 0.03578189 -0.02029941 -0.01134859 0.03569642 -0.0208791 -0.01119552 0.0357898 -0.02086846 -0.01116173 0.03580036 -0.02162959 -0.01312998 0.0350841 -0.02615907 -0.01232061 0.03537488 -0.02500407 -0.01229285 0.03542789 -0.02530911 -0.01403307 0.03477532 -0.02728142 -0.01412896 0.03469551 -0.02713113 -0.0130847 0.03514314 -0.02637843 -0.01301464 0.03516834 -0.02628383 -0.01158872 0.03566397 -0.0237621 -0.01169576 0.03562947 -0.02411863 -0.01218697 0.03546364 -0.025098 -0.01411113 0.0347424 -0.02733327 -0.01510584 0.03432293 -0.02799394 -0.01527341 0.03420864 -0.02788193 -0.01521638 0.03427205 -0.02804162 -0.01624824 0.03379711 -0.02848672 -0.03663727 -0.007997515 -0.01941323 -0.03663473 -0.007796642 -0.01946511 -0.03658831 -0.008218596 -0.02072248 -0.0365883 -0.008020038 -0.0208791 -0.0366013 -0.007961136 -0.0223137 -0.03667382 -0.007623638 -0.0237018 -0.03664717 -0.007952021 -0.02335252 -0.03660407 -0.00814742 -0.02233855 -0.03659175 -0.008203296 -0.0220486 -0.03658869 -0.00821693 -0.02086693 -0.03694871 -0.006171159 -0.02615907 -0.03696455 -0.006299752 -0.02627151 -0.03679585 -0.007017479 -0.02500407 -0.03687017 -0.006844033 -0.02563997 -0.03726225 -0.003877156 -0.02788193 -0.03728813 -0.003953121 -0.02803515 -0.03711167 -0.005111715 -0.02713113 -0.03717594 -0.004919287 -0.02750508 -0.03714203 -0.005150386 -0.02731795 -0.0371325 -0.005215301 -0.02726538 -0.0370218 -0.005969609 -0.02665458 -0.036807 -0.007167713 -0.02509093 -0.03673792 -0.00752164 -0.02449058 -0.03667975 -0.007797509 -0.0237611 -0.03746292 0.0003703122 -0.02854536 -0.03742139 0.001787382 -0.02820556 -0.03748005 0.001033149 -0.02858318 -0.03746677 0.001578354 -0.02846942 -0.03749563 0.0003937192 -0.02871659 -0.03749918 0.0002482383 -0.02874694 -0.03744929 -0.001080195 -0.02860376 -0.03721671 0.004275011 -0.02675585 -0.03723922 0.004386676 -0.02687899 -0.03728797 0.003982096 -0.02724657 -0.03733393 0.003105807 -0.02760006 -0.03716666 0.004988965 -0.02633179 -0.03708896 0.005258518 -0.02570014 -0.03710755 0.00539502 -0.02580125 -0.03736022 0.003190511 -0.02774178 -0.03739274 0.002834217 -0.02796468 -0.03745118 0.001842763 -0.02836315 -0.03660741 0.006185882 -0.02306235 -0.03678195 0.006314781 -0.02308768 -0.0368669 0.005828661 -0.02440331 -0.03697304 0.006011055 -0.02448336 -0.03698122 0.005099375 -0.02559155 -0.03710736 0.004144811 -0.0266239 -0.03722329 0.003008418 -0.02745048 -0.03730995 0.00172555 -0.02804394 -0.0373513 0.0003456725 -0.02837719 -0.03733819 -0.001067197 -0.02843448 -0.03726962 -0.002469953 -0.02821342 -0.03737952 -0.002520523 -0.0283784 -0.03715417 -0.003790425 -0.02772668 -0.03700589 -0.004990881 -0.02699123 -0.03684551 -0.006019694 -0.02604015 -0.03669518 -0.006840306 -0.0249116 -0.03657528 -0.007427187 -0.02364084 -0.03650407 -0.007753579 -0.0222877 -0.03649132 -0.007810512 -0.02088992 -0.03663459 -0.007786018 -0.01946786 -0.03710003 -0.002430318 -0.0281061 -0.03716882 -0.001055857 -0.02832335 -0.03713834 0.001680683 -0.02793951 -0.03718125 0.0003285123 -0.02826704 -0.03704938 0.002938047 -0.0273561 -0.03693064 0.004052199 -0.02654322 -0.03668427 0.005704145 -0.02435763 -0.03680143 0.004988479 -0.02552746 -0.03659667 0.006183613 -0.02306227 -0.03631036 -0.007666851 -0.02089585 -0.03639592 -0.007290522 -0.02360664 -0.03632336 -0.007610948 -0.0222734 -0.03667073 -0.005909651 -0.02596892 -0.03651796 -0.006714587 -0.02485813 -0.0369835 -0.003724294 -0.02762765 -0.03683342 -0.004900922 -0.0269045 -0.03653918 -0.007594537 -0.01951205 -0.03636924 -0.007459625 -0.01953739 -0.03635859 -0.007456984 -0.01953747 -0.03688399 0.006502816 -0.02313187 -0.0368845 0.00651343 -0.02313462 -0.03689405 0.006714093 -0.02318649 -0.03694504 0.006427595 -0.02405157 -0.03698785 0.006168799 -0.02455822 -0.03704681 0.005812423 -0.0252559 -0.03748391 -0.001098387 -0.02878719 -0.03742003 -0.002447764 -0.02858806 -0.03741024 -0.002566201 -0.02854829 -0.03731402 -0.003730163 -0.02815747 -0.03685285 0.006936699 -0.02187723 -0.03684583 0.006738667 -0.0217135 -0.03685684 0.006678922 -0.02028631 -0.03691798 0.006336551 -0.01889099 -0.03690241 0.006668021 -0.01924683 -0.03686612 0.006864941 -0.02026146 -0.03685574 0.006921317 -0.02055194 -0.03685318 0.006934936 -0.02172546 -0.03714195 0.00487509 -0.0164378 -0.03716229 0.005003003 -0.01632523 -0.03701853 0.005727836 -0.0175939 -0.03708588 0.005557631 -0.01696631 -0.03726802 0.003808043 -0.01546485 -0.03737486 0.002574472 -0.01471813 -0.03740345 0.002649791 -0.01456433 -0.03732456 0.003623133 -0.01509778 -0.03729251 0.003910993 -0.01533011 -0.03720722 0.004676846 -0.01594823 -0.03703492 0.005877655 -0.01750689 -0.03697765 0.006237306 -0.01811442 -0.03693 0.006510042 -0.01883148 -0.03748402 0.001033267 -0.01399599 -0.03744497 0.001206632 -0.01421958 -0.03749948 -0.0001973612 -0.01381357 -0.03746418 -0.0002273124 -0.01399625 -0.03742689 -0.001683722 -0.01405551 -0.03733585 -0.003096704 -0.01439597 -0.03738932 -0.002879011 -0.01412877 -0.03745868 -0.00170834 -0.01388469 -0.03746768 -0.001556434 -0.01385301 -0.03749903 -0.0002168591 -0.01381414 -0.03706258 -0.005689281 -0.01572596 -0.03712659 -0.005278822 -0.01535177 -0.03704401 -0.005576712 -0.01584899 -0.03714282 -0.005150535 -0.01527134 -0.03720267 -0.00440785 -0.01500053 -0.03697081 -0.006277674 -0.01626237 -0.03688291 -0.006549313 -0.01689935 -0.03689674 -0.006686301 -0.01679831 -0.03722595 -0.004493204 -0.01485923 -0.03727189 -0.004129935 -0.01463148 -0.0373636 -0.003153029 -0.01423889 -0.03664043 -0.00711464 -0.01820269 -0.03674014 -0.007300721 -0.01812278 -0.03678079 -0.006386518 -0.01700795 -0.03693929 -0.005442618 -0.01598084 -0.0370955 -0.004306631 -0.0151501 -0.03722664 -0.003030904 -0.01455757 -0.03731621 -0.001655043 -0.01422366 -0.03735269 -0.0002364276 -0.01416552 -0.03733337 0.001160134 -0.0143846 -0.03726381 0.002491564 -0.01487338 -0.03715808 0.003691125 -0.01560484 -0.03703352 0.004727403 -0.01655679 -0.03691174 0.005554321 -0.01768641 -0.03681264 0.00614374 -0.01895213 -0.03675243 0.006474882 -0.0203123 -0.0367416 0.00653264 -0.02170287 -0.03716251 0.001126593 -0.01449196 -0.03718303 -0.000241853 -0.01427666 -0.0370567 -0.002979988 -0.01466197 -0.03714685 -0.001631837 -0.01433379 -0.03692416 -0.004230213 -0.01524446 -0.03676589 -0.005343792 -0.01606144 -0.03646225 -0.006983772 -0.01824827 -0.03660499 -0.006269421 -0.01707205 -0.03655572 0.006395373 -0.02169705 -0.03662863 0.006013463 -0.01898644 -0.03656685 0.006338646 -0.02032661 -0.03685501 0.004623578 -0.01662807 -0.03673024 0.005434886 -0.01773991 -0.03709094 0.002431428 -0.0149724 -0.03698258 0.003607343 -0.01569162 -0.03669856 -0.007711406 -0.01854433 -0.03674939 -0.007459104 -0.01804805 -0.03682197 -0.007098796 -0.01733932 -0.03748269 0.001139378 -0.01401172 -0.03747736 0.001251142 -0.01404923 -0.03742086 0.002434993 -0.01444661 0.03014945 -0.02229935 -0.01006382 0.03007698 -0.022397 -0.01006974 0.03004071 -0.02244528 -0.0100844 0.02989049 -0.02264528 -0.01014516 0.02983146 -0.02272254 -0.01021107 0.02970471 -0.02288842 -0.01035258 0.0296601 -0.02294599 -0.01045454 0.02957382 -0.0230573 -0.0106517 0.02953646 -0.02310501 -0.01084358 0.0294794 -0.02317789 -0.01113667 0.02943907 -0.0232291 -0.01193602 0.03038453 -0.02197796 -0.01013114 0.03039306 -0.02196606 -0.01013968 0.0305518 -0.02174482 -0.01029847 0.03056109 -0.02173169 -0.01031671 0.03067818 -0.02156616 -0.01054655 0.03069094 -0.02154792 -0.01059905 0.03078422 -0.02141453 -0.01098304 0.0307893 -0.0214072 -0.01105601 0.03084149 -0.02133196 -0.01180477 0.03084258 -0.02133039 -0.01193602 0.03014945 -0.02229935 -0.01378695 0.03022322 -0.02219925 -0.01378143 0.03024029 -0.02217581 -0.01377424 0.0304153 -0.02193535 -0.01370055 0.03045197 -0.02188407 -0.01365802 0.03059345 -0.0216862 -0.01349394 0.03062468 -0.02164187 -0.01341936 0.0307182 -0.02150911 -0.01319602 0.03075775 -0.0214524 -0.01298388 0.03080406 -0.02138597 -0.0127354 0.0299107 -0.02261858 -0.01372048 0.02990555 -0.02262534 -0.01371558 0.0297401 -0.02284243 -0.01355793 0.0297279 -0.02285821 -0.0135352 0.02960932 -0.0230117 -0.01331426 0.02959415 -0.02303112 -0.01325491 0.02950224 -0.02314882 -0.01289523 0.02949833 -0.02315379 -0.01284302 0.02944032 -0.02322752 -0.01206974 0.03223306 -0.01916455 -0.009851075 0.03102298 -0.02106715 -0.01387205 0.03234126 -0.01898138 -0.009978726 0.031142 -0.02089081 -0.0139997 -0.03742535 0.002364978 -0.009406374 -0.03722592 0.004525539 -0.009406374 -0.03742535 0.002364978 -0.0130444 -0.03723861 0.004419923 -0.0130444 -0.03723861 0.004419923 -0.01264017 -0.0373913 0.002853113 -0.01264017 -0.0373913 0.002853113 -0.0115126 -0.03725344 0.004293138 -0.0115126 -0.03725344 0.004293138 -0.01110837 -0.0373913 0.002853113 -0.01110837 -0.0373913 0.002853113 -0.009810599 -0.03722592 0.004525539 -0.009810599 -0.03732621 -0.003606139 -0.01264017 -0.03714458 -0.005150758 -0.01264017 -0.03711812 -0.005338075 -0.01264017 -0.03711812 -0.005338075 -0.01144877 -0.03714458 -0.005150758 -0.01144877 -0.03728289 -0.004029424 -0.01144877 -0.03728289 -0.004029424 -0.01104455 -0.03714458 -0.005150758 -0.01104455 -0.03711812 -0.005338075 -0.01104455 -0.03711812 -0.005338075 -0.009406374 -0.03704531 -0.005821947 -0.009406374 -0.03704531 -0.005821947 -0.0130444 -0.03732621 -0.003606139 -0.0130444 -0.03714458 -0.005150758 -0.0130444 -0.03747623 -0.001335016 -0.009406374 -0.03749093 -0.0008246318 -0.009406374 -0.03744115 -0.002100098 -0.01098072 -0.0374061 -0.00265213 -0.01098072 -0.0374061 -0.00265213 -0.009406374 -0.03736831 -0.003139991 -0.009406374 -0.03736831 -0.003139991 -0.0130444 -0.03744233 -0.002078856 -0.0130444 -0.03746855 -0.00153552 -0.01295617 -0.03748844 -0.0009309762 -0.01200192 -0.03748796 -0.0009501836 -0.01225676 -0.03748783 -0.000955197 -0.01227224 -0.03748535 -0.001048134 -0.01255909 -0.03748463 -0.00107175 -0.01258828 -0.0374798 -0.001230509 -0.01278448 -0.03747921 -0.001246976 -0.01279441 -0.03747093 -0.001476243 -0.01293262 -0.03746797 -0.001547508 -0.01295812 -0.03746444 -0.001632632 -0.01104455 -0.03747292 -0.001422377 -0.01112775 -0.03748689 -0.0009914755 -0.01160275 -0.03748677 -0.0009957922 -0.01159509 -0.03748301 -0.001128666 -0.01135957 -0.03748289 -0.001132116 -0.01135667 -0.03747431 -0.001387872 -0.0111414 -0.0374983 -0.0003566442 -0.009406374 -0.03748576 0.001033288 -0.009406374 -0.03745616 0.001812693 -0.009406374 -0.0374983 -0.0003566442 -0.0130444 -0.03748576 0.001033288 -0.0130444 -0.03746115 0.001706433 -0.0130444 -0.03746115 0.001706433 -0.01264017 -0.03749977 0.0001326754 -0.01264017 -0.03748576 0.001033288 -0.01264017 -0.03749977 0.0001326754 -0.0115126 -0.03748576 0.001033288 -0.0115126 -0.03746675 0.001578907 -0.0115126 -0.03746675 0.001578907 -0.01110837 -0.03749977 0.0001326754 -0.01110837 -0.03748576 0.001033288 -0.01110837 -0.03749977 0.0001326754 -0.009810599 -0.03748576 0.001033288 -0.009810599 -0.03745616 0.001812693 -0.009810599 0.0255418 -0.02737215 -0.006653882 0.02864713 -0.024199 -0.006999998 0.02859991 -0.02415912 -0.006653882 0.02892701 -0.02382478 -0.006999998 0.03125655 -0.02060694 -0.006653882 0.02212513 -0.03020094 -0.006653882 0.02459365 -0.02823726 -0.006999998 0.02558397 -0.02741734 -0.006999998 0.01410529 -0.03472545 -0.006999998 0.01443615 -0.03460994 -0.006999998 0.01441236 -0.03455289 -0.006653882 0.01842825 -0.0326596 -0.006999998 0.01839788 -0.03260577 -0.006653882 0.01960688 -0.03189915 -0.006999998 0.02216166 -0.0302508 -0.006999998 0.0102414 -0.03607442 -0.006999998 0.01022452 -0.03601496 -0.006653882 0.008186379 -0.03652823 -0.006999998 0.00589315 -0.03697146 -0.006653882 0.005902881 -0.0370325 -0.006999998 0.002062824 -0.03741311 -0.006999998 0.001479056 -0.03740896 -0.006653882 0.001481498 -0.03747072 -0.006999998 -0.002955803 -0.03732133 -0.006653882 -0.002960683 -0.03738294 -0.006999998 -0.004118266 -0.03722181 -0.006999998 -0.007349168 -0.03670978 -0.006653882 -0.0073613 -0.03677038 -0.006999998 -0.01018882 -0.03602771 -0.006999998 -0.01163937 -0.03558291 -0.006653882 -0.01165858 -0.03564165 -0.006999998 -0.01576617 -0.03395653 -0.006653882 -0.0157922 -0.03401259 -0.006999998 -0.023301 -0.02930327 -0.006653882 -0.02133036 -0.03076338 -0.006999998 -0.01967166 -0.03185347 -0.006653882 -0.01970414 -0.03190606 -0.006999998 -0.01599789 -0.03390183 -0.006999998 -0.03017697 -0.02218184 -0.006999998 -0.02958079 -0.02304836 -0.006999998 -0.02953203 -0.02301037 -0.006653882 -0.02664716 -0.0263852 -0.006999998 -0.02660324 -0.02634171 -0.006653882 -0.02612525 -0.02685327 -0.006999998 -0.02333947 -0.02935165 -0.006999998 -0.03209917 -0.01938797 -0.006999998 -0.03204626 -0.01935602 -0.006653882 -0.03340528 -0.01690397 -0.006999998 -0.03411063 -0.01542995 -0.006653882 -0.03416694 -0.01545542 -0.006999998 -0.03569616 -0.01128727 -0.006653882 -0.03575509 -0.01130591 -0.006999998 -0.03578364 -0.01119266 -0.006999998 -0.03678059 -0.00698615 -0.006653882 -0.03684131 -0.006997684 -0.006999998 -0.03708089 -0.005142534 -0.006999998 -0.03734871 -0.002586958 -0.006653882 -0.03741037 -0.00259123 -0.006999998 -0.03744618 0.001033677 -0.006999998 -0.03739253 0.00184855 -0.006653882 -0.03745426 0.001851602 -0.006999998 -0.03691144 0.006258107 -0.006653882 -0.03697238 0.006268438 -0.006999998 -0.02998089 0.02242241 -0.006653882 -0.03247596 0.01875 -0.006999998 -0.03242242 0.0187191 -0.006653882 -0.03446563 0.01477736 -0.006999998 -0.03440882 0.01475301 -0.006653882 -0.03505995 0.01312758 -0.006999998 -0.0359122 0.01057982 -0.006653882 -0.03597148 0.01059728 -0.006999998 -0.03676178 0.007179286 -0.006999998 -0.02711849 0.02581097 -0.006653882 -0.02889879 0.02379902 -0.006999998 -0.03003038 0.02245943 -0.006999998 -0.01961828 0.0319125 -0.006999998 -0.02033067 0.03151054 -0.006999998 -0.02029715 0.03145861 -0.006653882 -0.02391481 0.0288848 -0.006999998 -0.0238754 0.02883719 -0.006653882 -0.02459833 0.02824699 -0.006999998 -0.02716326 0.02585358 -0.006999998 -0.01646111 0.03369394 -0.006999998 -0.01643398 0.03363841 -0.006653882 -0.01408688 0.03468426 -0.006999998 -0.01234011 0.035346 -0.006653882 -0.01236049 0.03540435 -0.006999998 -0.008198699 0.03658587 -0.006999998 -0.008073015 0.03655741 -0.006653882 -0.008086342 0.03661777 -0.006999998 -0.003692589 0.03725564 -0.006653882 -0.003698685 0.03731715 -0.006999998 -0.002063369 0.03738181 -0.006999998 0.0007396733 0.03743089 -0.006653882 0.0007408941 0.03749268 -0.006999998 0.00412155 0.03722494 -0.006999998 0.00516155 0.03708068 -0.006653882 0.005170071 0.03714189 -0.006999998 0.009510971 0.03620994 -0.006653882 0.009526674 0.03626972 -0.006999998 0.01775009 0.03296289 -0.006653882 0.01597669 0.03385432 -0.006999998 0.01372688 0.03483089 -0.006653882 0.01374954 0.0348884 -0.006999998 0.01019299 0.03605176 -0.006999998 0.02499602 0.02787144 -0.006653882 0.02155966 0.03068274 -0.006999998 0.02152413 0.03063217 -0.006653882 0.0213609 0.03080549 -0.006999998 0.01777939 0.03301731 -0.006999998 0.02811702 0.02471946 -0.006653882 0.0261065 0.02683763 -0.006999998 0.02503728 0.02791745 -0.006999998 0.03343211 0.0169201 -0.006999998 0.03319135 0.01745235 -0.006999998 0.03313664 0.01742358 -0.006653882 0.03089424 0.0212555 -0.006999998 0.03084332 0.02122046 -0.006653882 0.0301759 0.02217743 -0.006999998 0.02816344 0.02476026 -0.006999998 0.03502253 0.0134042 -0.006999998 0.0349648 0.01338211 -0.006653882 0.03572756 0.0111745 -0.006999998 0.03630213 0.009152787 -0.006653882 0.03636206 0.009167897 -0.006999998 0.03712576 0.005147185 -0.006999998 0.03712986 0.004794976 -0.006653882 0.03719116 0.004802892 -0.006999998 0.03743637 0.0003698536 -0.006653882 0.03749817 0.0003704649 -0.006999998 0.03742891 -0.001030478 -0.006999998 0.03721735 -0.00406046 -0.006653882 0.03727879 -0.004067163 -0.006999998 0.03675101 -0.007180092 -0.006999998 0.03647588 -0.008433772 -0.006653882 0.0365361 -0.008447697 -0.006999998 0.03522237 -0.01268869 -0.006653882 0.03528052 -0.01270964 -0.006999998 0.03130815 -0.02064097 -0.006999998 0.03247596 -0.01875 -0.006999998 0.03347441 -0.0167655 -0.006653882 0.03352968 -0.01679317 -0.006999998 0.03509637 -0.01313913 -0.006999998 -0.03680117 0.001819314 -0.00606181 -0.03632769 0.006159136 -0.00606181 -0.03675805 -0.002546047 -0.00606181 -0.03619892 -0.006875667 -0.00606181 -0.03513163 -0.01110877 -0.00606181 -0.03357118 -0.01518593 -0.00606181 -0.03153946 -0.01904991 -0.00606181 -0.02906499 -0.02264647 -0.00606181 -0.02618252 -0.02592513 -0.00606181 -0.0229325 -0.02883985 -0.00606181 -0.01936056 -0.03134973 -0.00606181 -0.01551684 -0.03341952 -0.00606181 -0.01145529 -0.03502018 -0.00606181 -0.007232943 -0.03612923 -0.00606181 -0.002909058 -0.0367311 -0.00606181 0.001455665 -0.03681735 -0.00606181 0.005799953 -0.03638677 -0.00606181 0.01006282 -0.0354454 -0.00606181 0.01418443 -0.03400644 -0.00606181 0.01810692 -0.03209012 -0.00606181 0.03076224 -0.02028105 -0.00606181 0.02814762 -0.02377705 -0.00606181 0.02513786 -0.02693927 -0.00606181 0.02177523 -0.02972332 -0.00606181 0.03662876 -0.003996244 -0.00606181 0.03589902 -0.008300396 -0.00606181 0.03466533 -0.01248803 -0.00606181 0.03294503 -0.01650035 -0.00606181 0.03684432 0.0003640039 -0.00606181 0.03654266 0.004719145 -0.00606181 0.03572802 0.009008038 -0.00606181 0.02118373 0.03014773 -0.00606181 0.02460071 0.02743066 -0.00606181 0.02767236 0.02432853 -0.00606181 0.03035554 0.02088487 -0.00606181 0.0326126 0.01714803 -0.00606181 0.03441184 0.01317048 -0.00606181 0.0007279753 0.03683893 -0.00606181 0.005079921 0.03649426 -0.00606181 0.009360558 0.03563729 -0.00606181 0.01350979 0.03428005 -0.00606181 0.01746938 0.0324416 -0.00606181 -0.007945341 0.03597927 -0.00606181 -0.003634192 0.03666646 -0.00606181 -0.01617408 0.03310643 -0.00606181 -0.01214496 0.03478701 -0.00606181 -0.01997616 0.03096109 -0.00606181 -0.03534425 0.0104125 -0.00606181 -0.03386466 0.01451969 -0.00606181 -0.03190967 0.01842306 -0.00606181 -0.02950675 0.02206781 -0.00606181 -0.02668961 0.02540277 -0.00606181 -0.02349781 0.02838114 -0.00606181 -0.0322223 0.01860355 -0.006292894 -0.02979583 0.02228401 -0.006292894 -0.0269511 0.02565165 -0.006292894 -0.02372803 0.02865919 -0.006292894 -0.02017187 0.03126443 -0.006292894 -0.01633254 0.03343078 -0.006292894 -0.01226394 0.03512783 -0.006292894 -0.008023183 0.03633177 -0.006292894 -0.003669797 0.03702569 -0.006292894 0.0007351069 0.03719984 -0.006292894 0.00512969 0.0368518 -0.006292894 0.009452265 0.03598643 -0.006292894 0.01364215 0.0346159 -0.006292894 0.01764053 0.03275943 -0.006292894 0.02139127 0.0304431 -0.006292894 0.02484173 0.02769941 -0.006292894 0.02794347 0.02456688 -0.006292894 0.03065294 0.02108948 -0.006292894 0.03293211 0.01731604 -0.006292894 0.03474898 0.01329951 -0.006292894 0.03607806 0.009096292 -0.006292894 0.03690068 0.00476538 -0.006292894 0.03720529 0.0003675709 -0.006292894 0.03698763 -0.004035397 -0.006292894 0.03625073 -0.008381715 -0.006292894 0.03500496 -0.01261037 -0.006292894 0.0332678 -0.01666201 -0.006292894 0.03106362 -0.02047975 -0.006292894 0.02842338 -0.02401 -0.006292894 0.02538414 -0.0272032 -0.006292894 0.02198857 -0.03001452 -0.006292894 0.01828432 -0.03240451 -0.006292894 0.0143234 -0.03433961 -0.006292894 0.01016141 -0.03579266 -0.006292894 0.005856776 -0.03674326 -0.006292894 0.001469927 -0.03717806 -0.006292894 -0.002937558 -0.03709096 -0.006292894 -0.007303806 -0.03648319 -0.006292894 -0.01156752 -0.03536328 -0.006292894 -0.01566886 -0.03374694 -0.006292894 -0.01955024 -0.03165686 -0.006292894 -0.02315717 -0.0291224 -0.006292894 -0.02643903 -0.02617912 -0.006292894 -0.02934975 -0.02286834 -0.006292894 -0.03184846 -0.01923654 -0.006292894 -0.03390008 -0.01533471 -0.006292894 -0.03547582 -0.0112176 -0.006292894 -0.03655357 -0.00694303 -0.006292894 -0.03711817 -0.002570991 -0.006292894 -0.03716172 0.001837139 -0.006292894 -0.03668361 0.00621948 -0.006292894 -0.03569053 0.01051451 -0.006292894 -0.03419644 0.01466194 -0.006292894 0.01020388 0.03608505 -0.039 0.01600412 0.03391339 -0.039 0.0213678 0.03081667 -0.039 0.02614863 0.02687935 -0.039 0.03021619 0.02220882 -0.039 0.03345953 0.0169325 -0.039 -0.03247596 0.01875 -0.039 -0.02894687 0.02383964 -0.039 -0.0246282 0.028279 -0.039 -0.01963774 0.03194698 -0.039 -0.0141116 0.03474353 -0.039 -0.00820054 0.03659236 -0.039 -0.002065791 0.03744306 -0.039 0.004125308 0.0372724 -0.039 -0.02614863 -0.02687935 -0.039 -0.03021619 -0.02220882 -0.039 -0.03345953 -0.0169325 -0.039 -0.03579019 -0.01119431 -0.039 -0.03714458 -0.005150758 -0.039 -0.03748576 0.001033288 -0.039 -0.03680443 0.007189148 -0.039 -0.03511917 0.01314891 -0.039 0.03579019 0.01119431 -0.039 0.03714458 0.005150758 -0.039 0.03748576 -0.001033288 -0.039 0.03680443 -0.007189148 -0.039 0.03511917 -0.01314891 -0.039 0.03247596 -0.01875 -0.039 0.02894687 -0.02383964 -0.039 0.0246282 -0.028279 -0.039 0.01963774 -0.03194698 -0.039 0.0141116 -0.03474353 -0.039 0.00820054 -0.03659236 -0.039 0.002065791 -0.03744306 -0.039 -0.004125308 -0.0372724 -0.039 -0.01020388 -0.03608505 -0.039 -0.01600412 -0.03391339 -0.039 -0.0213678 -0.03081667 -0.039 0.03219282 -0.01858653 -0.0272809 0.03234912 -0.01867678 -0.02739645 0.03116101 -0.02086244 -0.02775 0.03247596 -0.01875 -0.02775 0.03113533 -0.02084525 -0.02757694 0.03244919 -0.01873455 -0.02757694 0.03113017 -0.02084179 -0.02756724 0.03103932 -0.02078097 -0.02739645 0.03088934 -0.02068055 -0.0272809 0.0308974 -0.02068595 -0.02728712 0.03037114 -0.02141642 -0.02676231 0.03046177 -0.02159361 -0.02681491 0.03056824 -0.02144841 -0.02705139 0.03086802 -0.02102843 -0.0273535 0.03070721 -0.02125581 -0.02723591 0.03075399 -0.02139363 -0.02738559 0.03047434 -0.02178115 -0.02689888 0.03047134 -0.02178851 -0.02690337 0.03036434 -0.02141035 -0.02676176 0.03046438 -0.02128028 -0.0269744 0.03074124 -0.02090699 -0.02724665 0.03059302 -0.02110917 -0.0271408 0.03040673 -0.02194723 -0.027 0.03054245 -0.02175796 -0.02730088 0.03073821 -0.02147919 -0.02752655 0.03083363 -0.02134332 -0.02763655 0.02885024 -0.02337624 -0.02250705 0.02894647 -0.02377277 -0.02264987 0.0288706 -0.02393196 -0.02275 0.02894387 -0.02383728 -0.02295274 0.02895026 -0.02376481 -0.02264486 0.02885764 -0.02338316 -0.0225074 0.02894567 -0.02357011 -0.02255879 0.02883515 -0.02390924 -0.02200045 0.02887257 -0.02365398 -0.02228826 0.02885764 -0.02338316 -0.0214926 0.02894567 -0.02357011 -0.02144121 0.02887239 -0.02365416 -0.02171186 0.02884745 -0.02368258 -0.02200038 0.02878198 -0.02344884 -0.02173894 0.02875827 -0.02347384 -0.02200035 0.02885024 -0.02337624 -0.02149296 0.02878218 -0.02344867 -0.02226115 0.0288706 -0.02393196 -0.02125 0.02877319 -0.02404898 -0.02160508 0.02894647 -0.02377277 -0.02135014 0.02895026 -0.02376481 -0.02135514 0.02874679 -0.02408053 -0.02219688 0.02875547 -0.02407016 -0.02200238 0.02894387 -0.02383728 -0.02104726 0.03036434 -0.02141035 -0.01723824 0.03040673 -0.02194723 -0.017 0.03037114 -0.02141642 -0.01723769 0.03046177 -0.02159361 -0.01718509 0.03047434 -0.02178115 -0.01710112 0.03047134 -0.02178851 -0.01709663 0.03056888 -0.02144752 -0.01694797 0.03075438 -0.02139308 -0.01661402 0.03103932 -0.02078097 -0.01660355 0.03113017 -0.02084179 -0.01643276 0.03086862 -0.02102764 -0.01664584 0.03070755 -0.02125534 -0.01676375 0.03059334 -0.02110875 -0.0168589 0.0307418 -0.02090628 -0.01675276 0.03088934 -0.02068055 -0.0167191 0.0308974 -0.02068595 -0.01671289 0.03046497 -0.02127949 -0.01702503 0.03116101 -0.02086244 -0.01625 0.0309493 -0.02117525 -0.01629679 0.03113533 -0.02084525 -0.01642306 0.03073659 -0.0214813 -0.01647454 0.03063605 -0.02162597 -0.01655856 0.03219282 -0.01858653 -0.0167191 0.03234912 -0.01867678 -0.01660355 0.03247596 -0.01875 -0.01625 0.03244919 -0.01873455 -0.01642306 -0.02117405 0.03056713 -0.0213 -0.02109291 0.03061211 -0.02047667 -0.01793796 0.03236093 -0.0213 -0.02046804 0.03095848 -0.02360691 -0.02085358 0.03074478 -0.02290537 -0.02109291 0.03061211 -0.02212333 -0.01865805 0.03196177 -0.02490723 -0.01934204 0.03158263 -0.02463358 -0.01995563 0.03124252 -0.02419278 -0.01653387 0.03313923 -0.02463358 -0.01721786 0.03276009 -0.02490723 -0.01793796 0.03236093 -0.025 -0.01502234 0.03397708 -0.02290537 -0.01540788 0.03376338 -0.02360691 -0.01592029 0.03347934 -0.02419278 -0.014783 0.03410975 -0.02047667 -0.01470186 0.03415472 -0.0213 -0.014783 0.03410975 -0.02212333 -0.01592029 0.03347934 -0.01840722 -0.01540788 0.03376338 -0.01899309 -0.01502234 0.03397708 -0.01969463 -0.01793796 0.03236093 -0.0176 -0.01721786 0.03276009 -0.01769277 -0.01653387 0.03313923 -0.01796642 -0.01995563 0.03124252 -0.01840722 -0.01934204 0.03158263 -0.01796642 -0.01865805 0.03196177 -0.01769277 -0.02085358 0.03074478 -0.01969463 -0.02046804 0.03095848 -0.01899309 -0.02106867 0.03056838 -0.02047667 -0.02082933 0.03070104 -0.01969463 -0.02044379 0.03091475 -0.01899309 -0.01993139 0.03119878 -0.01840722 -0.0193178 0.0315389 -0.01796642 -0.01863381 0.03191804 -0.01769277 -0.01791372 0.0323172 -0.0176 -0.01719362 0.03271636 -0.01769277 -0.01650963 0.0330955 -0.01796642 -0.01589604 0.03343561 -0.01840722 -0.01538364 0.03371964 -0.01899309 -0.0149981 0.03393335 -0.01969463 -0.01475876 0.03406602 -0.02047667 -0.01467762 0.03411099 -0.0213 -0.01475876 0.03406602 -0.02212333 -0.0149981 0.03393335 -0.02290537 -0.01538364 0.03371964 -0.02360691 -0.01589604 0.03343561 -0.02419278 -0.01650963 0.0330955 -0.02463358 -0.01719362 0.03271636 -0.02490723 -0.01791372 0.0323172 -0.025 -0.01863381 0.03191804 -0.02490723 -0.0193178 0.0315389 -0.02463358 -0.01993139 0.03119878 -0.02419278 -0.02044379 0.03091475 -0.02360691 -0.02082933 0.03070104 -0.02290537 -0.02106867 0.03056838 -0.02212333 -0.02114981 0.0305234 -0.0213 -0.02085135 0.03068884 -0.02465876 -0.02136801 0.03040245 -0.02393896 -0.02175192 0.03018965 -0.02311775 -0.02198833 0.0300586 -0.02222668 -0.02206816 0.03001435 -0.0213 -0.02198833 0.0300586 -0.02037332 -0.02175192 0.03018965 -0.01948225 -0.01497608 0.03394556 -0.02465876 -0.01560563 0.03359659 -0.02524948 -0.01632388 0.03319846 -0.02568843 -0.01710322 0.03276646 -0.02595873 -0.01791372 0.0323172 -0.02605 -0.01872421 0.03186793 -0.02595873 -0.01950355 0.03143594 -0.02568843 -0.0202218 0.03103781 -0.02524948 -0.01497608 0.03394556 -0.01794124 -0.01445942 0.03423194 -0.01866104 -0.01407551 0.03444475 -0.01948225 -0.0138391 0.0345758 -0.02037332 -0.01375927 0.03462004 -0.0213 -0.0138391 0.0345758 -0.02222668 -0.01407551 0.03444475 -0.02311775 -0.01445942 0.03423194 -0.02393896 -0.02136801 0.03040245 -0.01866104 -0.02085135 0.03068884 -0.01794124 -0.0202218 0.03103781 -0.01735052 -0.01950355 0.03143594 -0.01691157 -0.01872421 0.03186793 -0.01664127 -0.01791372 0.0323172 -0.01655 -0.01710322 0.03276646 -0.01664127 -0.01632388 0.03319846 -0.01691157 -0.01560563 0.03359659 -0.01735052 -0.0220924 0.03005808 -0.0213 -0.02201257 0.03010233 -0.02037332 -0.02177616 0.03023338 -0.01948225 -0.02139225 0.03044618 -0.01866104 -0.02087559 0.03073257 -0.01794124 -0.02024604 0.03108154 -0.01735052 -0.01952779 0.03147967 -0.01691157 -0.01874845 0.03191167 -0.01664127 -0.01793796 0.03236093 -0.01655 -0.01712746 0.03281019 -0.01664127 -0.01634812 0.03324219 -0.01691157 -0.01562987 0.03364032 -0.01735052 -0.01500032 0.03398929 -0.01794124 -0.01448366 0.03427568 -0.01866104 -0.01409975 0.03448848 -0.01948225 -0.01386334 0.03461953 -0.02037332 -0.01378351 0.03466377 -0.0213 -0.01386334 0.03461953 -0.02222668 -0.01409975 0.03448848 -0.02311775 -0.01448366 0.03427568 -0.02393896 -0.01500032 0.03398929 -0.02465876 -0.01562987 0.03364032 -0.02524948 -0.01634812 0.03324219 -0.02568843 -0.01712746 0.03281019 -0.02595873 -0.01793796 0.03236093 -0.02605 -0.01874845 0.03191167 -0.02595873 -0.01952779 0.03147967 -0.02568843 -0.02024604 0.03108154 -0.02524948 -0.02087559 0.03073257 -0.02465876 -0.02139225 0.03044618 -0.02393896 -0.02177616 0.03023338 -0.02311775 -0.02201257 0.03010233 -0.02222668 -0.01370733 0.034706 -0.01868229 -0.01338819 0.03488291 -0.01951415 -0.01319315 0.03499101 -0.02039473 -0.01312755 0.03502738 -0.0213 -0.01319315 0.03499101 -0.02220527 -0.01338819 0.03488291 -0.02308585 -0.0183352 0.03214074 -0.01581879 -0.01754071 0.03258112 -0.01581879 -0.01675707 0.0330155 -0.0159683 -0.01600564 0.03343203 -0.01626325 -0.01530691 0.03381934 -0.01669559 -0.01467996 0.03416687 -0.01725352 -0.01414187 0.03446513 -0.01792183 -0.01370733 0.034706 -0.02391771 -0.01414187 0.03446513 -0.02467817 -0.01467996 0.03416687 -0.02534648 -0.01530691 0.03381934 -0.02590442 -0.01600564 0.03343203 -0.02633675 -0.01675707 0.0330155 -0.0266317 -0.02216858 0.03001585 -0.02391771 -0.02248772 0.02983895 -0.02308585 -0.02268276 0.02973084 -0.02220527 -0.02274836 0.02969448 -0.0213 -0.02268276 0.02973084 -0.02039473 -0.02248772 0.02983895 -0.01951415 -0.02216858 0.03001585 -0.01868229 -0.02173404 0.03025672 -0.01792183 -0.02119596 0.03055499 -0.01725352 -0.020569 0.03090252 -0.01669559 -0.01987028 0.03128983 -0.01626325 -0.01911884 0.03170636 -0.0159683 -0.01754071 0.03258112 -0.02678121 -0.0183352 0.03214074 -0.02678121 -0.01911884 0.03170636 -0.0266317 -0.01987028 0.03128983 -0.02633675 -0.020569 0.03090252 -0.02590442 -0.02119596 0.03055499 -0.02534648 -0.02173404 0.03025672 -0.02467817 -0.01133081 0.03487998 -0.0213 -0.01141431 0.03483369 -0.02014784 -0.01166253 0.0346961 -0.0190271 -0.01206871 0.03447095 -0.01796837 -0.01262176 0.03416439 -0.01700051 -0.0133066 0.03378478 -0.01614993 -0.01410454 0.03334247 -0.01543984 -0.01499383 0.03284953 -0.01488959 -0.0159502 0.0323194 -0.0145142 -0.01694757 0.03176656 -0.01432391 -0.01795872 0.03120606 -0.01432391 -0.01895609 0.03065321 -0.0145142 -0.01991246 0.03012309 -0.01488959 -0.02080175 0.02963015 -0.01543984 -0.02159969 0.02918784 -0.01614993 -0.02228453 0.02880823 -0.01700051 -0.02283758 0.02850167 -0.01796837 -0.02324376 0.02827652 -0.0190271 -0.02349198 0.02813893 -0.02014784 -0.02357548 0.02809264 -0.0213 -0.02349198 0.02813893 -0.02245216 -0.02324376 0.02827652 -0.0235729 -0.02283758 0.02850167 -0.02463163 -0.02228453 0.02880823 -0.02559949 -0.02159969 0.02918784 -0.02645007 -0.02080175 0.02963015 -0.02716017 -0.01991246 0.03012309 -0.02771041 -0.01895609 0.03065321 -0.0280858 -0.01795872 0.03120606 -0.02827609 -0.01694757 0.03176656 -0.02827609 -0.0159502 0.0323194 -0.0280858 -0.01499383 0.03284953 -0.02771041 -0.01410454 0.03334247 -0.02716017 -0.0133066 0.03378478 -0.02645007 -0.01262176 0.03416439 -0.02559949 -0.01206871 0.03447095 -0.02463163 -0.01166253 0.0346961 -0.0235729 -0.01141431 0.03483369 -0.02245216 -0.0111719 0.03439638 -0.02014784 -0.01142013 0.03425879 -0.0190271 -0.01182631 0.03403364 -0.01796837 -0.01237936 0.03372708 -0.01700051 -0.0130642 0.03334747 -0.01614993 -0.01386214 0.03290516 -0.01543984 -0.01475143 0.03241222 -0.01488959 -0.0157078 0.0318821 -0.0145142 -0.01670516 0.03132924 -0.01432391 -0.01771632 0.03076875 -0.01432391 -0.01871369 0.0302159 -0.0145142 -0.01967006 0.02968578 -0.01488959 -0.02055934 0.02919284 -0.01543984 -0.02135729 0.02875053 -0.01614993 -0.02204213 0.02837092 -0.01700051 -0.02259518 0.02806436 -0.01796837 -0.02300136 0.02783921 -0.0190271 -0.02324958 0.02770162 -0.02014784 -0.02324958 0.02770162 -0.02245216 -0.02300136 0.02783921 -0.0235729 -0.02259518 0.02806436 -0.02463163 -0.02204213 0.02837092 -0.02559949 -0.02135729 0.02875053 -0.02645007 -0.02055934 0.02919284 -0.02716017 -0.01967006 0.02968578 -0.02771041 -0.01871369 0.0302159 -0.0280858 -0.01771632 0.03076875 -0.02827609 -0.01670516 0.03132924 -0.02827609 -0.0157078 0.0318821 -0.0280858 -0.01475143 0.03241222 -0.02771041 -0.01386214 0.03290516 -0.02716017 -0.0130642 0.03334747 -0.02645007 -0.01237936 0.03372708 -0.02559949 -0.01182631 0.03403364 -0.02463163 -0.01142013 0.03425879 -0.0235729 -0.0111719 0.03439638 -0.02245216 0.02843497 -0.01574919 -0.02400379 0.02850817 -0.01562239 -0.02385738 0.02833497 -0.01592239 -0.02365738 0.02853497 -0.01557598 -0.02365738 0.02850817 -0.01562239 -0.02345738 0.02816176 -0.0162224 -0.02385738 0.02823497 -0.0160956 -0.02400379 0.02833497 -0.01592239 -0.02405738 0.02823497 -0.0160956 -0.02331097 0.02816176 -0.0162224 -0.02345738 0.02813497 -0.0162688 -0.02365738 0.02843497 -0.01574919 -0.02331097 0.02833497 -0.01592239 -0.02325738 0.02901165 -0.01475035 -0.02308401 0.02908485 -0.01462355 -0.0229376 0.02891165 -0.01492355 -0.0227376 0.02911165 -0.01457714 -0.0227376 0.02908485 -0.01462355 -0.0225376 0.02873844 -0.01522355 -0.0229376 0.02881165 -0.01509676 -0.02308401 0.02891165 -0.01492355 -0.0231376 0.02881165 -0.01509676 -0.02239119 0.02873844 -0.01522355 -0.0225376 0.02871165 -0.01526996 -0.0227376 0.02901165 -0.01475035 -0.02239119 0.02891165 -0.01492355 -0.0223376 0.02901165 -0.01475035 -0.02160881 0.02908485 -0.01462355 -0.0214624 0.02891165 -0.01492355 -0.0212624 0.02911165 -0.01457714 -0.0212624 0.02908485 -0.01462355 -0.0210624 0.02873844 -0.01522355 -0.0214624 0.02881165 -0.01509676 -0.02160881 0.02891165 -0.01492355 -0.0216624 0.02881165 -0.01509676 -0.02091599 0.02873844 -0.01522355 -0.0210624 0.02871165 -0.01526996 -0.0212624 0.02901165 -0.01475035 -0.02091599 0.02891165 -0.01492355 -0.0208624 0.02843497 -0.01574919 -0.02068903 0.02850817 -0.01562239 -0.02054262 0.02833497 -0.01592239 -0.02034262 0.02853497 -0.01557598 -0.02034262 0.02850817 -0.01562239 -0.02014262 0.02816176 -0.0162224 -0.02054262 0.02823497 -0.0160956 -0.02068903 0.02833497 -0.01592239 -0.02074262 0.02823497 -0.0160956 -0.01999621 0.02816176 -0.0162224 -0.02014262 0.02813497 -0.0162688 -0.02034262 0.02843497 -0.01574919 -0.01999621 0.02833497 -0.01592239 -0.01994262 0.02771586 -0.01699472 -0.0210173 0.02778906 -0.01686793 -0.02087089 0.02761586 -0.01716793 -0.02067089 0.02781586 -0.01682152 -0.02067089 0.02778906 -0.01686793 -0.02047089 0.02744265 -0.01746793 -0.02087089 0.02751586 -0.01734113 -0.0210173 0.02761586 -0.01716793 -0.02107089 0.02751586 -0.01734113 -0.02032448 0.02744265 -0.01746793 -0.02047089 0.02741586 -0.01751434 -0.02067089 0.02771586 -0.01699472 -0.02032448 0.02761586 -0.01716793 -0.02027089 0.02771586 -0.01699472 -0.02367552 0.02778906 -0.01686793 -0.02352911 0.02761586 -0.01716793 -0.02332911 0.02781586 -0.01682152 -0.02332911 0.02778906 -0.01686793 -0.02312911 0.02744265 -0.01746793 -0.02352911 0.02751586 -0.01734113 -0.02367552 0.02761586 -0.01716793 -0.02372911 0.02751586 -0.01734113 -0.0229827 0.02744265 -0.01746793 -0.02312911 0.02741586 -0.01751434 -0.02332911 0.02771586 -0.01699472 -0.0229827 0.02761586 -0.01716793 -0.02292912 0.02739582 -0.01754904 -0.02234641 0.02746903 -0.01742224 -0.0222 0.02729582 -0.01772224 -0.022 0.02749582 -0.01737583 -0.022 0.02746903 -0.01742224 -0.0218 0.02712262 -0.01802224 -0.0222 0.02719582 -0.01789545 -0.02234641 0.02729582 -0.01772224 -0.0224 0.02719582 -0.01789545 -0.02165359 0.02712262 -0.01802224 -0.0218 0.02709582 -0.01806865 -0.022 0.02739582 -0.01754904 -0.02165359 0.02729582 -0.01772224 -0.0216 0.02824583 -0.01607679 -0.02234641 0.02831903 -0.01595 -0.0222 0.02814583 -0.01625 -0.022 0.02834583 -0.01590359 -0.022 0.02831903 -0.01595 -0.0218 0.02797262 -0.01655 -0.0222 0.02804582 -0.0164232 -0.02234641 0.02814583 -0.01625 -0.0224 0.02804582 -0.0164232 -0.02165359 0.02797262 -0.01655 -0.0218 0.02794582 -0.01659641 -0.022 0.02824583 -0.01607679 -0.02165359 0.02814583 -0.01625 -0.0216 0.03277053 -0.01823979 -0.02332183 0.0327651 -0.01824919 -0.02331097 0.0326651 -0.01842239 -0.02325738 0.0325651 -0.0185956 -0.02331097 0.03249189 -0.0187224 -0.02345738 0.0324651 -0.01876881 -0.02365738 0.03249189 -0.0187224 -0.02385738 0.03250983 -0.01869133 -0.02389325 0.0325651 -0.0185956 -0.02400379 0.0326651 -0.01842239 -0.02405738 0.0327651 -0.01824919 -0.02400379 0.03277053 -0.01823979 -0.02399293 0.03282037 -0.01815346 -0.02389325 0.0328383 -0.0181224 -0.02385738 0.0328651 -0.01807599 -0.02365738 0.0328383 -0.0181224 -0.02345738 0.03343199 -0.0170941 -0.02266456 0.03341498 -0.01712356 -0.0225376 0.03334178 -0.01725035 -0.02239119 0.03324178 -0.01742356 -0.0223376 0.03314178 -0.01759676 -0.02239119 0.03306857 -0.01772355 -0.0225376 0.03305157 -0.01775302 -0.02266456 0.03304178 -0.01776997 -0.0227376 0.03306857 -0.01772355 -0.0229376 0.03314178 -0.01759676 -0.02308401 0.03324178 -0.01742356 -0.0231376 0.03334178 -0.01725035 -0.02308401 0.03341498 -0.01712356 -0.0229376 0.03344178 -0.01707715 -0.0227376 0.03305157 -0.01775302 -0.02133544 0.03306857 -0.01772355 -0.0214624 0.03314178 -0.01759676 -0.02160881 0.03324178 -0.01742356 -0.0216624 0.03334178 -0.01725035 -0.02160881 0.03341498 -0.01712356 -0.0214624 0.03343199 -0.0170941 -0.02133544 0.03344178 -0.01707715 -0.0212624 0.03341498 -0.01712356 -0.0210624 0.03334178 -0.01725035 -0.02091599 0.03324178 -0.01742356 -0.0208624 0.03314178 -0.01759676 -0.02091599 0.03306857 -0.01772355 -0.0210624 0.03304178 -0.01776997 -0.0212624 0.03277053 -0.01823979 -0.02000707 0.0327651 -0.01824919 -0.01999621 0.0326651 -0.01842239 -0.01994262 0.0325651 -0.0185956 -0.01999621 0.03249189 -0.0187224 -0.02014262 0.0324651 -0.01876881 -0.02034262 0.03249189 -0.0187224 -0.02054262 0.0325651 -0.0185956 -0.02068903 0.0326651 -0.01842239 -0.02074262 0.0327651 -0.01824919 -0.02068903 0.03277053 -0.01823979 -0.02067818 0.0328383 -0.0181224 -0.02054262 0.0328651 -0.01807599 -0.02034262 0.0328383 -0.0181224 -0.02014262 0.03198597 -0.01959868 -0.02029231 0.03194599 -0.01966793 -0.02027089 0.03184599 -0.01984113 -0.02032448 0.03177278 -0.01996793 -0.02047089 0.03174599 -0.02001434 -0.02067089 0.03176362 -0.0199838 -0.02080251 0.03177278 -0.01996793 -0.02087089 0.03184599 -0.01984113 -0.0210173 0.03194599 -0.01966793 -0.02107089 0.03198597 -0.01959868 -0.02104946 0.03204599 -0.01949472 -0.0210173 0.03211919 -0.01936793 -0.02087089 0.03212835 -0.01935206 -0.02080251 0.03214599 -0.01932152 -0.02067089 0.03211919 -0.01936793 -0.02047089 0.03204599 -0.01949472 -0.02032448 0.03212835 -0.01935206 -0.02319749 0.03211919 -0.01936793 -0.02312911 0.03204599 -0.01949472 -0.0229827 0.03198597 -0.01959868 -0.02295054 0.03194599 -0.01966793 -0.02292912 0.03184599 -0.01984113 -0.0229827 0.03177278 -0.01996793 -0.02312911 0.03176362 -0.0199838 -0.02319749 0.03174599 -0.02001434 -0.02332911 0.03177278 -0.01996793 -0.02352911 0.03184599 -0.01984113 -0.02367552 0.03194599 -0.01966793 -0.02372911 0.03198597 -0.01959868 -0.02370769 0.03204599 -0.01949472 -0.02367552 0.03211919 -0.01936793 -0.02352911 0.03214599 -0.01932152 -0.02332911 0.03158597 -0.0202915 -0.02162143 0.03152595 -0.02039545 -0.02165359 0.03145275 -0.02052224 -0.0218 0.03142595 -0.02056865 -0.022 0.03145275 -0.02052224 -0.0222 0.03152595 -0.02039545 -0.02234641 0.03158597 -0.0202915 -0.02237857 0.03162595 -0.02022224 -0.0224 0.03172595 -0.02004904 -0.02234641 0.03179916 -0.01992224 -0.0222 0.03182595 -0.01987583 -0.022 0.03179916 -0.01992224 -0.0218 0.03172595 -0.02004904 -0.02165359 0.03162595 -0.02022224 -0.0216 0.03230275 -0.01905 -0.0218 0.03227595 -0.01909641 -0.022 0.03230275 -0.01905 -0.0222 0.03237053 -0.01893261 -0.02233555 0.03237595 -0.01892321 -0.02234641 0.03247596 -0.01875 -0.0224 0.03257595 -0.0185768 -0.02234641 0.03264916 -0.01845 -0.0222 0.03267596 -0.01840359 -0.022 0.03264916 -0.01845 -0.0218 0.03257595 -0.0185768 -0.02165359 0.03247596 -0.01875 -0.0216 0.03237595 -0.01892321 -0.02165359 0.03237053 -0.01893261 -0.02166445 0.02765058 -0.01330779 -0.0216 0.03362615 -0.0167578 -0.0216 0.02755058 -0.013481 -0.02165359 0.03352615 -0.016931 -0.02165359 0.02747737 -0.0136078 -0.0218 0.03345295 -0.0170578 -0.0218 0.02745058 -0.01365421 -0.022 0.03342615 -0.01710421 -0.022 0.02747737 -0.0136078 -0.0222 0.03345295 -0.0170578 -0.0222 0.02755058 -0.013481 -0.02234641 0.03352615 -0.016931 -0.02234641 0.02765058 -0.01330779 -0.0224 0.03362615 -0.0167578 -0.0224 0.02788602 -0.0129 -0.0216 0.0338616 -0.01635 -0.0216 0.03158597 -0.0202915 -0.02266456 0.03295344 -0.01792298 -0.02389325 0.03158597 -0.0202915 -0.02133544 0.03237053 -0.01893261 -0.02389325 0.03338626 -0.01717331 -0.0241273 0.03349376 -0.01698711 -0.02389325 0.03295344 -0.01792298 -0.02266456 0.03382594 -0.01641176 -0.02133544 0.03295344 -0.01792298 -0.022 0.03295344 -0.01792298 -0.02133544 0.0338616 -0.01635 -0.0224 0.03373297 -0.01657278 -0.02319749 0.03295344 -0.01792298 -0.02319749 0.03382594 -0.01641176 -0.02266456 0.03377441 -0.01650101 -0.02304691 0.03361288 -0.01678078 -0.02363388 0.03277053 -0.01823979 -0.02473224 0.0327926 -0.01820155 -0.02472744 0.03295344 -0.01792298 -0.02461072 0.03310751 -0.01765611 -0.02449891 0.03245956 -0.01877839 -0.02479981 0.03237053 -0.01893261 -0.02477623 0.03198597 -0.01959868 -0.02389325 0.03198597 -0.01959868 -0.02460162 0.03212746 -0.01935361 -0.02471187 0.03145738 -0.02051423 -0.02389325 0.03154099 -0.0203694 -0.02408408 0.03158597 -0.0202915 -0.02389325 0.03158597 -0.0202915 -0.02414713 0.03181531 -0.01989426 -0.02446865 0.03112631 -0.02108765 -0.02266456 0.03116559 -0.02101961 -0.02298582 0.03158597 -0.0202915 -0.02319749 0.03122066 -0.02092424 -0.02319749 0.03132021 -0.02075181 -0.02358019 0.03108601 -0.02115745 -0.022335 0.03108601 -0.02115745 -0.022 0.03108601 -0.02115745 -0.021665 0.03112631 -0.02108765 -0.02133544 0.03116559 -0.02101961 -0.02101419 0.03158597 -0.0202915 -0.02080251 0.03122066 -0.02092424 -0.02080251 0.03132021 -0.02075181 -0.02041981 0.03158597 -0.0202915 -0.01985287 0.03154099 -0.0203694 -0.01991592 0.03181531 -0.01989426 -0.01953135 0.03198597 -0.01959868 -0.01939838 0.03212746 -0.01935361 -0.01928814 0.03237053 -0.01893261 -0.01922377 0.03277053 -0.01823979 -0.02080251 0.03237053 -0.01893261 -0.02080251 0.03277053 -0.01823979 -0.01926776 0.03245956 -0.01877839 -0.01920019 0.03295344 -0.01792298 -0.01938928 0.0327926 -0.01820155 -0.01927256 0.03295344 -0.01792298 -0.02080251 0.03310751 -0.01765611 -0.01950109 0.03338626 -0.01717331 -0.0198727 0.03373297 -0.01657278 -0.02080251 0.03361288 -0.01678078 -0.02036612 0.03377441 -0.01650101 -0.02095309 0.03277053 -0.01823979 -0.02319749 0.03237053 -0.01893261 -0.02319749 0.03198597 -0.01959868 -0.02133544 0.03237053 -0.01893261 -0.02133544 0.03198597 -0.01959868 -0.02266456 0.03237053 -0.01893261 -0.02266456 0.03198597 -0.01959868 -0.022 0.03277053 -0.01823979 -0.02133544 0.03277053 -0.01823979 -0.022 0.03277053 -0.01823979 -0.02266456 0.02788602 -0.0129 -0.0224 0.02779884 -0.013051 -0.02095309 0.02763731 -0.01333078 -0.02036612 0.02741068 -0.01372331 -0.0198727 0.02713193 -0.01420611 -0.01950109 0.02681702 -0.01475155 -0.01927256 0.02648398 -0.01532839 -0.01920019 0.02615188 -0.01590361 -0.01928814 0.02583974 -0.01644426 -0.01953135 0.02556542 -0.0169194 -0.01991592 0.02534463 -0.01730181 -0.02041981 0.02519002 -0.01756961 -0.02101419 0.02511043 -0.01770745 -0.021665 0.02511043 -0.01770745 -0.022335 0.02519002 -0.01756961 -0.02298582 0.02534463 -0.01730181 -0.02358019 0.02556542 -0.0169194 -0.02408408 0.02583974 -0.01644426 -0.02446865 0.02615188 -0.01590361 -0.02471187 0.02648398 -0.01532839 -0.02479981 0.02681702 -0.01475155 -0.02472744 0.02713193 -0.01420611 -0.02449891 0.02741068 -0.01372331 -0.0241273 0.02763731 -0.01333078 -0.02363388 0.02779884 -0.013051 -0.02304691 0.0281419 -0.01245679 -0.02428507 0.02833829 -0.01211664 -0.02357742 0.02845944 -0.01190681 -0.0228052 0.02755831 -0.01346761 -0.02539458 0.02787831 -0.01291335 -0.02489917 0.02719499 -0.0140969 -0.02575101 0.02498286 -0.01792842 -0.02460549 0.02527617 -0.0174204 -0.0251631 0.02561959 -0.01682557 -0.02559122 0.02599907 -0.01616829 -0.02587231 0.02639908 -0.01547545 -0.02599487 0.02680323 -0.01477544 -0.02595387 0.02850038 -0.0118359 -0.022 0.02845944 -0.01190681 -0.02119481 0.02833829 -0.01211664 -0.02042258 0.0281419 -0.01245679 -0.01971493 0.02787831 -0.01291335 -0.01910083 0.02755831 -0.01346761 -0.01860542 0.02719499 -0.0140969 -0.01824899 0.02680323 -0.01477544 -0.01804613 0.02639908 -0.01547545 -0.01800513 0.02599907 -0.01616829 -0.01812769 0.02561959 -0.01682557 -0.01840878 0.02527617 -0.0174204 -0.0188369 0.02498286 -0.01792842 -0.01939451 0.02475168 -0.01832883 -0.02005879 0.0245921 -0.01860524 -0.02080255 0.02451064 -0.01874633 -0.02159533 0.02451064 -0.01874633 -0.02240467 0.0245921 -0.01860524 -0.02319745 0.02475168 -0.01832883 -0.02394121 0.02323835 -0.01675 -0.017 0.0261251 -0.01175 -0.017 0.02179497 -0.01925 -0.022 0.02756848 -0.00925 -0.022 0.02323835 -0.01675 -0.027 0.0261251 -0.01175 -0.027 0.03412954 -0.0150859 -0.022 0.0340886 -0.01515681 -0.02119481 0.03396746 -0.01536664 -0.02042258 0.03377107 -0.01570679 -0.01971493 0.03350747 -0.01616335 -0.01910083 0.03318747 -0.01671761 -0.01860542 0.03282415 -0.0173469 -0.01824899 0.0324324 -0.01802544 -0.01804613 0.03202824 -0.01872545 -0.01800513 0.03162824 -0.01941828 -0.01812769 0.03124875 -0.02007557 -0.01840878 0.03090533 -0.0206704 -0.0188369 0.03061203 -0.02117842 -0.01939451 0.03038085 -0.02157882 -0.02005879 0.03022126 -0.02185524 -0.02080255 0.0301398 -0.02199633 -0.02159533 0.0301398 -0.02199633 -0.02240467 0.03022126 -0.02185524 -0.02319745 0.03038085 -0.02157882 -0.02394121 0.03061203 -0.02117842 -0.02460549 0.03090533 -0.0206704 -0.0251631 0.03124875 -0.02007557 -0.02559122 0.03162824 -0.01941828 -0.02587231 0.03202824 -0.01872545 -0.02599487 0.0324324 -0.01802544 -0.02595387 0.03282415 -0.0173469 -0.02575101 0.03318747 -0.01671761 -0.02539458 0.03350747 -0.01616335 -0.02489917 0.03377107 -0.01570679 -0.02428507 0.03396746 -0.01536664 -0.02357742 0.0340886 -0.01515681 -0.0228052 0.02938713 -0.0103 -0.022 0.02794375 -0.0128 -0.027 0.025057 -0.0178 -0.027 0.02361363 -0.0203 -0.022 0.025057 -0.0178 -0.017 0.02794375 -0.0128 -0.017 0.03357285 -0.01605011 -0.0258225 0.03389947 -0.0154844 -0.025227 0.03416581 -0.01502308 -0.02452161 0.03436281 -0.01468186 -0.02373035 0.03448376 -0.01447237 -0.02288016 0.03452454 -0.01440174 -0.022 0.03448376 -0.01447237 -0.02111984 0.03436281 -0.01468186 -0.02026965 0.03416581 -0.01502308 -0.01947839 0.03389947 -0.0154844 -0.018773 0.03357285 -0.01605011 -0.0181775 0.03319709 -0.01670096 -0.01771217 0.03278496 -0.01741477 -0.01739286 0.03235053 -0.01816725 -0.01723043 0.03190856 -0.01893275 -0.01723043 0.03147412 -0.01968523 -0.01739286 0.031062 -0.02039904 -0.01771217 0.03068623 -0.02104989 -0.0181775 0.03035961 -0.0216156 -0.018773 0.03009327 -0.02207692 -0.01947839 0.02989627 -0.02241814 -0.02026965 0.02977532 -0.02262763 -0.02111984 0.02973454 -0.02269826 -0.022 0.02977532 -0.02262763 -0.02288016 0.02989627 -0.02241814 -0.02373035 0.03009327 -0.02207692 -0.02452161 0.03035961 -0.0216156 -0.025227 0.03068623 -0.02104989 -0.0258225 0.031062 -0.02039904 -0.02628783 0.03147412 -0.01968523 -0.02660714 0.03190856 -0.01893275 -0.02676957 0.03235053 -0.01816725 -0.02676957 0.03278496 -0.01741477 -0.02660714 0.03319709 -0.01670096 -0.02628783 0.0288546 -0.01122237 -0.02111984 0.02889538 -0.01115174 -0.022 0.0288546 -0.01122237 -0.02288016 0.02794369 -0.01280011 -0.0258225 0.02756792 -0.01345096 -0.02628783 0.02756792 -0.01345096 -0.01771217 0.02794369 -0.01280011 -0.0181775 0.0282703 -0.0122344 -0.018773 0.02853665 -0.01177308 -0.01947839 0.02873365 -0.01143186 -0.02026965 0.02873365 -0.01143186 -0.02373035 0.02853665 -0.01177308 -0.02452161 0.0282703 -0.0122344 -0.025227 0.0262794 -0.01568275 -0.02676957 0.02672136 -0.01491725 -0.02676957 0.0271558 -0.01416477 -0.02660714 0.02584495 -0.01643523 -0.02660714 0.02543283 -0.01714904 -0.02628783 0.02505707 -0.01779989 -0.0258225 0.02426711 -0.01916814 -0.02373035 0.02446411 -0.01882692 -0.02452161 0.02473045 -0.0183656 -0.025227 0.02414616 -0.01937763 -0.02288016 0.02410538 -0.01944826 -0.022 0.02414616 -0.01937763 -0.02111984 0.02426711 -0.01916814 -0.02026965 0.02446411 -0.01882692 -0.01947839 0.02473045 -0.0183656 -0.018773 0.02505707 -0.01779989 -0.0181775 0.02543283 -0.01714904 -0.01771217 0.02584495 -0.01643523 -0.01739286 0.0262794 -0.01568275 -0.01723043 0.02672136 -0.01491725 -0.01723043 0.0271558 -0.01416477 -0.01739286 -0.03891771 0.0006753895 -0.0241992 -0.03890929 0.0001928588 -0.02437893 -0.03894694 0.00234984 -0.02233148 -0.03886644 -0.00226205 -0.0185192 -0.03887459 -0.001795542 -0.01830121 -0.03884669 -0.003393278 -0.02299408 -0.03885205 -0.00308642 -0.02340763 -0.03890048 -0.0003122489 -0.02447892 -0.03887886 -0.001550655 -0.01822107 -0.03888323 -0.001300116 -0.0181609 -0.03889216 -0.0007886012 -0.01810188 -0.03890114 -0.0002742443 -0.0181257 -0.03890993 0.000229632 -0.01823172 -0.03891832 0.0007099774 -0.01841722 -0.03892607 0.001154353 -0.01867737 -0.038933 0.001551248 -0.01900546 -0.03893892 0.001890382 -0.01939297 -0.03892552 0.001122845 -0.02394438 -0.03889149 -0.000826853 -0.02449658 -0.03888258 -0.001337628 -0.02443144 -0.03887396 -0.001831339 -0.02428521 -0.03883838 -0.00386952 -0.02153841 -0.03883843 -0.003866439 -0.02102343 -0.03883977 -0.003789965 -0.02204721 -0.03883993 -0.003780803 -0.02051562 -0.03884257 -0.003629834 -0.02253666 -0.03884283 -0.003614829 -0.02002812 -0.03884705 -0.003372816 -0.01957356 -0.0388525 -0.003061031 -0.01916372 -0.03885901 -0.002687552 -0.0188092 -0.03894368 0.002162975 -0.01982987 -0.03894715 0.002361963 -0.02030484 -0.03894925 0.002482195 -0.02080559 -0.03886586 -0.002295204 -0.02406166 -0.0388585 -0.002717207 -0.02376658 -0.03894992 0.002520557 -0.02131915 -0.03894914 0.002476055 -0.02183221 -0.03893252 0.001523637 -0.02362107 -0.03894337 0.002145183 -0.02280404 -0.03893852 0.001867384 -0.02323765 -0.03845795 0.002984842 -0.02072834 -0.03845873 0.003029264 -0.0213 -0.03863045 0.002951293 -0.02073311 -0.03863122 0.002995279 -0.02132195 -0.03844453 0.002216057 -0.01899843 -0.03844601 0.00230056 -0.01909499 -0.0386186 0.002272725 -0.01911341 -0.03845151 0.002615744 -0.01960016 -0.03862406 0.002585277 -0.01961436 -0.03845222 0.002656454 -0.01969733 -0.03862805 0.002813438 -0.02015896 -0.03845552 0.002845824 -0.02014935 -0.03845691 0.002925076 -0.02047942 -0.03843916 0.001908433 -0.01864693 -0.03861182 0.001883876 -0.01866909 -0.03843429 0.001629106 -0.01841604 -0.03860387 0.001428799 -0.01829292 -0.03843115 0.001449525 -0.01826759 -0.03859498 0.0009192825 -0.01799462 -0.03842218 0.0009357148 -0.01796678 -0.03858537 0.0003685218 -0.01778194 -0.03841249 0.000380316 -0.01775231 -0.03837981 -0.001491446 -0.01769958 -0.03838161 -0.001388456 -0.01767041 -0.03855475 -0.001385476 -0.01770073 -0.03839194 -0.0007970159 -0.01760218 -0.03856499 -0.0007989762 -0.01763306 -0.03839415 -0.0006705436 -0.01760803 -0.03857528 -0.0002092201 -0.01766037 -0.03840232 -0.000202291 -0.01762971 -0.03840848 0.0001506715 -0.01770398 -0.03837162 -0.001961293 -0.01783265 -0.03854484 -0.001953529 -0.01786161 -0.03836622 -0.002270328 -0.01797706 -0.0385355 -0.002488421 -0.01811155 -0.0383622 -0.002500691 -0.0180847 -0.03835391 -0.002975838 -0.01840854 -0.03852698 -0.002976298 -0.01844407 -0.03835361 -0.002992676 -0.01842001 -0.03851951 -0.003404528 -0.01885055 -0.03834607 -0.003424515 -0.01882992 -0.0385051 -0.004229812 -0.02040063 -0.0383349 -0.004064842 -0.01982938 -0.03850843 -0.004039508 -0.01984167 -0.03833611 -0.00399534 -0.01969884 -0.03851327 -0.003762018 -0.01932048 -0.03833978 -0.003785014 -0.0193038 -0.03834382 -0.003553726 -0.01899977 -0.03850339 -0.004328002 -0.02098289 -0.0383313 -0.004271016 -0.02047766 -0.03833155 -0.00425675 -0.02039305 -0.03850333 -0.004331533 -0.02157336 -0.03832979 -0.004357679 -0.02130007 -0.03832982 -0.004355765 -0.02098021 -0.03833614 -0.003993932 -0.02290055 -0.0383346 -0.004082193 -0.02272989 -0.03850812 -0.004056714 -0.02271794 -0.03833136 -0.004267342 -0.02216396 -0.03850492 -0.004240317 -0.02215674 -0.03833125 -0.004273771 -0.02212285 -0.03832976 -0.004359327 -0.02157566 -0.03833937 -0.003808674 -0.02325878 -0.03851286 -0.003785479 -0.02324242 -0.0383438 -0.00355467 -0.02360109 -0.038519 -0.003433638 -0.02371659 -0.03834556 -0.003453868 -0.02373694 -0.03852639 -0.003010301 -0.02412817 -0.03835301 -0.003026967 -0.02415199 -0.03835394 -0.002974074 -0.02418897 -0.03853483 -0.002526436 -0.0244665 -0.03836153 -0.002539024 -0.02449317 -0.03836622 -0.002270091 -0.02462278 -0.03854412 -0.001994573 -0.02472282 -0.03837089 -0.002002682 -0.02475165 -0.03837981 -0.001492086 -0.02490288 -0.038554 -0.001428486 -0.02489049 -0.03838086 -0.001431827 -0.02492073 -0.03856422 -0.0008428384 -0.02496517 -0.03839117 -0.0008412457 -0.02499604 -0.03859429 0.0008796257 -0.0246242 -0.03841175 0.0003377972 -0.02486001 -0.03858463 0.000326357 -0.02483028 -0.03840849 0.0001510024 -0.02489699 -0.03857452 -0.0002527948 -0.02494493 -0.03840155 -0.0002462333 -0.02497563 -0.03839415 -0.0006705084 -0.02499018 -0.03843428 0.001628894 -0.02418348 -0.03843052 0.001413095 -0.02435756 -0.03860324 0.001392674 -0.02433202 -0.03842214 0.000933349 -0.02463077 -0.03842148 0.0008957237 -0.0246522 -0.0384386 0.001876509 -0.02398374 -0.03861126 0.001852217 -0.02396132 -0.03844456 0.002217826 -0.02360302 -0.03861814 0.002246355 -0.02352169 -0.03844554 0.002273967 -0.0235404 -0.03862371 0.002564877 -0.02302452 -0.03845115 0.00259517 -0.02303905 -0.03845872 0.003029199 -0.02132214 -0.03845783 0.002977743 -0.02191536 -0.03863033 0.002944252 -0.02191022 -0.03845692 0.00292585 -0.02212063 -0.0386278 0.002799535 -0.02248269 -0.03845528 0.002831806 -0.02249265 -0.03845219 0.00265462 -0.02290178 -0.03884263 -0.001855394 -0.01813904 -0.03883405 -0.002347127 -0.01836881 -0.03882622 -0.002795642 -0.0186745 -0.03881935 -0.00318932 -0.01904818 -0.03881361 -0.003517967 -0.01948019 -0.03880916 -0.003773067 -0.01995933 -0.0388061 -0.003948016 -0.0204732 -0.03880453 -0.004038285 -0.02100847 -0.03880447 -0.004041531 -0.0215513 -0.03880594 -0.003957675 -0.02208762 -0.03880888 -0.003788884 -0.02260354 -0.03881323 -0.003539535 -0.0230857 -0.03881888 -0.003216079 -0.02352161 -0.03882567 -0.0028269 -0.02389998 -0.03883344 -0.002382076 -0.02421101 -0.03884197 -0.001893125 -0.02444665 -0.03885106 -0.001372713 -0.0246008 -0.03886045 -0.0008343173 -0.02466945 -0.03886992 -0.0002918817 -0.02465084 -0.03887922 0.0002405442 -0.02454544 -0.03888809 0.0007491705 -0.02435599 -0.03889633 0.001220825 -0.02408739 -0.0389037 0.001643291 -0.02374659 -0.03891002 0.002005627 -0.02334244 -0.03891513 0.00229845 -0.02288538 -0.0389189 0.002514175 -0.02238726 -0.03892122 0.002647215 -0.02186099 -0.03892205 0.002694127 -0.02132018 -0.03892134 0.002653689 -0.02077885 -0.03891912 0.002526955 -0.02025102 -0.03891546 0.002317206 -0.01975036 -0.03891045 0.00202987 -0.01928983 -0.03890421 0.001672395 -0.01888137 -0.0388969 0.001254036 -0.01853554 -0.03888873 0.0007856279 -0.01826132 -0.03887989 0.0002793057 -0.01806579 -0.03887062 -0.0002518206 -0.01795403 -0.03886116 -0.0007939937 -0.01792893 -0.03885175 -0.001333173 -0.01799113 -0.03876455 0.0002917328 -0.02471911 -0.0387739 0.0008275756 -0.02451952 -0.03878257 0.001324468 -0.02423654 -0.03879035 0.001769541 -0.02387751 -0.03879701 0.002151267 -0.02345173 -0.03880239 0.002459759 -0.02297021 -0.03880636 0.002687028 -0.02244544 -0.0388088 0.002827185 -0.02189101 -0.03880967 0.002876606 -0.02132126 -0.03880892 0.002834005 -0.02075097 -0.03880659 0.002700489 -0.02019489 -0.03880274 0.002479516 -0.01966744 -0.03879745 0.002176807 -0.01918227 -0.03879088 0.001800201 -0.01875194 -0.03878319 0.001359457 -0.01838761 -0.03877457 0.0008659844 -0.01809871 -0.03876526 0.0003325675 -0.01789272 -0.0387555 -0.0002269797 -0.01777498 -0.03874553 -0.0007981654 -0.01774854 -0.03873561 -0.001366197 -0.01781407 -0.03872601 -0.00191636 -0.01796989 -0.03871696 -0.002434409 -0.01821196 -0.03870872 -0.002906923 -0.018534 -0.03870147 -0.003321667 -0.01892769 -0.03869543 -0.003667898 -0.01938281 -0.03869074 -0.00393665 -0.01988759 -0.03868752 -0.004120962 -0.02042895 -0.03868587 -0.004216059 -0.02099287 -0.0386858 -0.004219481 -0.02156475 -0.03868734 -0.004131137 -0.02212976 -0.03869045 -0.003953314 -0.02267329 -0.03869504 -0.00369062 -0.02318125 -0.03870099 -0.003349859 -0.02364049 -0.03870814 -0.002939856 -0.0240391 -0.03871632 -0.002471227 -0.02436678 -0.03872531 -0.001956112 -0.02461503 -0.03873488 -0.001407852 -0.02477742 -0.03874478 -0.0008406443 -0.02484975 -0.03875476 -0.0002691845 -0.02483014 -0.03700733 0.002961817 -0.02212333 -0.03700894 0.003054569 -0.0213 -0.03700255 0.00268821 -0.02290537 -0.03699486 0.002247469 -0.02360691 -0.03698463 0.001661695 -0.02419278 -0.03697239 0.000960258 -0.02463358 -0.03695874 0.0001783358 -0.02490723 -0.03694437 -0.0006448659 -0.025 -0.03693 -0.001468069 -0.02490723 -0.03691635 -0.002249992 -0.02463358 -0.03690411 -0.002951427 -0.02419278 -0.03689389 -0.003537203 -0.02360691 -0.03688619 -0.003977942 -0.02290537 -0.03688142 -0.00425155 -0.02212333 -0.0368798 -0.004344303 -0.0213 -0.03688142 -0.00425155 -0.02047667 -0.03688619 -0.003977942 -0.01969463 -0.03689389 -0.003537203 -0.01899309 -0.03690411 -0.002951427 -0.01840722 -0.03691635 -0.002249992 -0.01796642 -0.03693 -0.001468069 -0.01769277 -0.03694437 -0.0006448659 -0.0176 -0.03695874 0.0001783358 -0.01769277 -0.03697239 0.000960258 -0.01796642 -0.03698463 0.001661695 -0.01840722 -0.03699486 0.002247469 -0.01899309 -0.03700255 0.00268821 -0.01969463 -0.03700733 0.002961817 -0.02047667 -0.03700299 0.002713379 -0.01794124 -0.0370133 0.003304012 -0.01866104 -0.03702096 0.003742894 -0.01948225 -0.03702568 0.004013154 -0.02037332 -0.03702727 0.004104411 -0.0213 -0.03702568 0.004013154 -0.02222668 -0.03702096 0.003742894 -0.02311775 -0.03688575 -0.004003113 -0.02465876 -0.03687545 -0.004593745 -0.02393896 -0.03686778 -0.005032626 -0.02311775 -0.03686307 -0.005302887 -0.02222668 -0.03686147 -0.005394143 -0.0213 -0.03686307 -0.005302887 -0.02037332 -0.03686778 -0.005032626 -0.01948225 -0.03687545 -0.004593745 -0.01866104 -0.03688575 -0.004003113 -0.01794124 -0.03689831 -0.003283424 -0.01735052 -0.03691265 -0.002462336 -0.01691157 -0.0369282 -0.001571404 -0.01664127 -0.03694437 -0.0006448659 -0.01655 -0.03696054 0.0002816714 -0.01664127 -0.0369761 0.001172602 -0.01691157 -0.03699043 0.00199369 -0.01735052 -0.0370133 0.003304012 -0.02393896 -0.03700299 0.002713379 -0.02465876 -0.03699043 0.00199369 -0.02524948 -0.0369761 0.001172602 -0.02568843 -0.03696054 0.0002816714 -0.02595873 -0.03694437 -0.0006448659 -0.02605 -0.0369282 -0.001571404 -0.02595873 -0.03691265 -0.002462336 -0.02568843 -0.03689831 -0.003283424 -0.02524948 -0.03691147 -0.005395015 -0.0213 -0.03691306 -0.00530376 -0.02037332 -0.03691778 -0.005033499 -0.01948225 -0.03692544 -0.004594618 -0.01866104 -0.03693575 -0.004003984 -0.01794124 -0.03694831 -0.003284296 -0.01735052 -0.03696264 -0.002463209 -0.01691157 -0.03697819 -0.001572276 -0.01664127 -0.03699437 -0.0006457389 -0.01655 -0.03701054 0.0002807984 -0.01664127 -0.03702609 0.001171731 -0.01691157 -0.03704042 0.001992817 -0.01735052 -0.03705299 0.002712507 -0.01794124 -0.03706329 0.003303141 -0.01866104 -0.03707095 0.00374202 -0.01948225 -0.03707567 0.004012282 -0.02037332 -0.03707726 0.004103537 -0.0213 -0.03707567 0.004012282 -0.02222668 -0.03707095 0.00374202 -0.02311775 -0.03706329 0.003303141 -0.02393896 -0.03705299 0.002712507 -0.02465876 -0.03704042 0.001992817 -0.02524948 -0.03702609 0.001171731 -0.02568843 -0.03701054 0.0002807984 -0.02595873 -0.03699437 -0.0006457389 -0.02605 -0.03697819 -0.001572276 -0.02595873 -0.03696264 -0.002463209 -0.02568843 -0.03694831 -0.003284296 -0.02524948 -0.03693575 -0.004003984 -0.02465876 -0.03692544 -0.004594618 -0.02393896 -0.03691778 -0.005033499 -0.02311775 -0.03691306 -0.00530376 -0.02222668 -0.03707011 0.003693873 -0.02467817 -0.03705937 0.003078742 -0.02534648 -0.03704687 0.002362018 -0.02590442 -0.03703292 0.001563251 -0.02633675 -0.03701793 0.0007042265 -0.0266317 -0.03707878 0.00419063 -0.01868229 -0.03708515 0.004555464 -0.01951415 -0.03708904 0.004778421 -0.02039473 -0.03709035 0.004853423 -0.0213 -0.03708904 0.004778421 -0.02220527 -0.03708515 0.004555464 -0.02308585 -0.03707878 0.00419063 -0.02391771 -0.03691862 -0.004985351 -0.01792183 -0.03692935 -0.00437022 -0.01725352 -0.03694186 -0.003653496 -0.01669559 -0.03695581 -0.002854728 -0.01626325 -0.0369708 -0.001995704 -0.0159683 -0.03700229 -0.0001916209 -0.02678121 -0.03698644 -0.001099857 -0.02678121 -0.0369708 -0.001995704 -0.0266317 -0.03695581 -0.002854728 -0.02633675 -0.03694186 -0.003653496 -0.02590442 -0.03692935 -0.00437022 -0.02534648 -0.03698644 -0.001099857 -0.01581879 -0.03700229 -0.0001916209 -0.01581879 -0.03701793 0.0007042265 -0.0159683 -0.03703292 0.001563251 -0.01626325 -0.03704687 0.002362018 -0.01669559 -0.03705937 0.003078742 -0.01725352 -0.03707011 0.003693873 -0.01792183 -0.03691862 -0.004985351 -0.02467817 -0.03690995 -0.005482107 -0.02391771 -0.03690358 -0.005846941 -0.02308585 -0.03689969 -0.006069901 -0.02220527 -0.03689838 -0.006144902 -0.0213 -0.03689969 -0.006069901 -0.02039473 -0.03690358 -0.005846941 -0.01951415 -0.03690995 -0.005482107 -0.01868229 -0.03611669 0.006370647 -0.0213 -0.03611502 0.006275191 -0.02014784 -0.03611007 0.005991426 -0.0190271 -0.03610196 0.005527093 -0.01796837 -0.03609093 0.004894856 -0.01700051 -0.03607726 0.004111963 -0.01614993 -0.03606134 0.003199768 -0.01543984 -0.03604359 0.002183154 -0.01488959 -0.03602451 0.001089851 -0.0145142 -0.0360046 -5.031907e-05 -0.01432391 -0.03598443 -0.001206255 -0.01432391 -0.03596453 -0.002346423 -0.0145142 -0.03594544 -0.003439727 -0.01488959 -0.0359277 -0.004456341 -0.01543984 -0.03591178 -0.005368535 -0.01614993 -0.03589811 -0.006151429 -0.01700051 -0.03588707 -0.006783666 -0.01796837 -0.03587897 -0.007247999 -0.0190271 -0.03587402 -0.007531764 -0.02014784 -0.03587235 -0.007627221 -0.0213 -0.03587402 -0.007531764 -0.02245216 -0.03587897 -0.007247999 -0.0235729 -0.03588707 -0.006783666 -0.02463163 -0.03589811 -0.006151429 -0.02559949 -0.03591178 -0.005368535 -0.02645007 -0.0359277 -0.004456341 -0.02716017 -0.03594544 -0.003439727 -0.02771041 -0.03596453 -0.002346423 -0.0280858 -0.03598443 -0.001206255 -0.02827609 -0.0360046 -5.031907e-05 -0.02827609 -0.03602451 0.001089851 -0.0280858 -0.03604359 0.002183154 -0.02771041 -0.03606134 0.003199768 -0.02716017 -0.03607726 0.004111963 -0.02645007 -0.03609093 0.004894856 -0.02559949 -0.03610196 0.005527093 -0.02463163 -0.03611007 0.005991426 -0.0235729 -0.03611502 0.006275191 -0.02245216 -0.03561509 0.006283916 -0.02014784 -0.03561014 0.006000153 -0.0190271 -0.03560204 0.005535819 -0.01796837 -0.035591 0.004903582 -0.01700051 -0.03557733 0.004120689 -0.01614993 -0.03556141 0.003208494 -0.01543984 -0.03554367 0.002191879 -0.01488959 -0.03552458 0.001098578 -0.0145142 -0.03550468 -4.159356e-05 -0.01432391 -0.0354845 -0.001197527 -0.01432391 -0.0354646 -0.002337698 -0.0145142 -0.03544552 -0.003431001 -0.01488959 -0.03542778 -0.004447615 -0.01543984 -0.03541185 -0.005359809 -0.01614993 -0.03539819 -0.006142702 -0.01700051 -0.03538715 -0.006774939 -0.01796837 -0.03537904 -0.007239274 -0.0190271 -0.03537409 -0.007523038 -0.02014784 -0.03537409 -0.007523038 -0.02245216 -0.03537904 -0.007239274 -0.0235729 -0.03538715 -0.006774939 -0.02463163 -0.03539819 -0.006142702 -0.02559949 -0.03541185 -0.005359809 -0.02645007 -0.03542778 -0.004447615 -0.02716017 -0.03544552 -0.003431001 -0.02771041 -0.0354646 -0.002337698 -0.0280858 -0.0354845 -0.001197527 -0.02827609 -0.03550468 -4.159356e-05 -0.02827609 -0.03552458 0.001098578 -0.0280858 -0.03554367 0.002191879 -0.02771041 -0.03556141 0.003208494 -0.02716017 -0.03557733 0.004120689 -0.02645007 -0.035591 0.004903582 -0.02559949 -0.03560204 0.005535819 -0.02463163 -0.03561014 0.006000153 -0.0235729 -0.03561509 0.006283916 -0.02245216</float_array>
          <technique_common>
            <accessor count="3753" source="#verts-array-array" stride="3">
              <param type="float" name="X" />
              <param type="float" name="Y" />
              <param type="float" name="Z" />
            </accessor>
          </technique_common>
        </source>
        <source id="normals-array">
          <float_array count="11259" id="normals-array-array">-0.6317096 0.3647178 0.6840496 -0.702565 0.1961596 0.6840496 0 0 1 -0.2108301 0.6983028 0.6840496 -0.3778673 0.623933 0.6840496 -0.5211617 0.5103593 0.6840497 0.3243326 0.6533639 0.6840497 0.1516583 0.7134955 0.6840497 -0.03054558 0.7287956 0.6840496 0.6836868 0.2542607 0.6840496 0.5989754 0.4162988 0.6840496 0.4766281 0.5521792 0.6840496 0.6724397 -0.2826676 0.6840496 0.7216103 -0.106558 0.6840496 0.7254395 0.07624666 0.6840497 0.2966882 -0.6663724 0.6840497 0.4530872 -0.5716538 0.6840496 0.5810172 -0.4410161 0.6840496 -0.2398871 -0.6888616 0.6840496 -0.0610376 -0.7268773 0.6840496 0.1216472 -0.7192205 0.6840496 -0.6464283 -0.3379446 0.6840496 -0.5420761 -0.4880876 0.6840497 -0.4036634 -0.6075623 0.6840497 -0.7292755 0.0152761 0.6840497 -0.710163 -0.1665671 0.6840496 -0.7339576 0.5571041 0.3885117 -0.5723527 0.7221296 0.3885115 -0.6630141 0.6492716 0.3726375 -0.374785 0.8417808 0.3885117 -0.4807171 0.7937584 0.3726375 -0.1536683 0.90854 0.3885114 -0.2682149 0.8883704 0.3726375 0.0771045 0.9182124 0.3885111 -0.03885975 0.9271632 0.372637 0.303032 0.87019 0.3885113 0.1929375 0.9076984 0.3726375 0.5099192 0.7674901 0.3885116 0.4126114 0.8311997 0.3726377 0.6847662 0.6165664 0.3885114 0.6063593 0.7024741 0.3726373 0.8165869 0.4269013 0.3885114 0.7620076 0.5296093 0.372637 0.8970983 0.2104123 0.3885116 0.8697762 0.3234669 0.3726374 0.9212418 -0.0192971 0.3885114 0.9228935 0.09699983 0.3726373 0.8875003 -0.2477944 0.3885115 0.9180221 -0.1355615 0.3726373 0.7979937 -0.460722 0.3885115 0.8554679 -0.3596056 0.3726373 0.6583464 -0.6447006 0.3885115 0.7391614 -0.5610542 0.3726373 0.4773328 -0.7881702 0.3885114 0.5764109 -0.7272496 0.3726372 0.2663267 -0.8821161 0.3885117 0.3774423 -0.8477492 0.3726375 0.0385861 -0.9206356 0.3885114 0.1547576 -0.9149816 0.3726375 -0.191579 -0.9013081 0.3885114 -0.07765129 -0.9247225 0.3726372 -0.4097063 -0.8253481 0.3885116 -0.3051808 -0.8763596 0.3726373 -0.6020905 -0.6975285 0.3885113 -0.5135345 -0.7729319 0.3726373 -0.7566429 -0.5258806 0.3885114 -0.6896213 -0.620938 0.3726372 -0.8636528 -0.3211897 0.3885112 -0.8223766 -0.429928 0.3726374 -0.916396 -0.09631696 0.3885117 -0.9034588 -0.2119039 0.3726379 -0.911559 0.1346072 0.3885114 -0.9277736 0.01943395 0.3726373 -0.8036516 0.4639885 0.3726375 -0.8494451 0.357074 0.3885116 -0.8937929 0.2495512 0.3726372 3.824223e-09 -0.7571623 0.6532268 0.3785814 -0.6557217 0.6532267 0 0 1 0.6557216 -0.3785813 0.653227 0.7571624 -3.984807e-07 0.6532267 -0.7571624 3.504715e-07 0.6532267 -0.6557218 -0.3785813 0.6532267 -0.378581 -0.6557218 0.6532268 1.017814e-07 0.7571623 0.6532268 -0.3785811 0.6557218 0.6532268 -0.6557216 0.3785814 0.6532269 0.6557218 0.3785811 0.6532268 0.3785812 0.6557218 0.6532268 5.968565e-07 -0.7571623 0.6532268 0.3785811 -0.6557217 0.6532269 0 0 1 0.6557217 -0.3785814 0.6532268 0.7571623 -2.6317e-07 0.6532268 -0.7571623 -1.385082e-17 0.6532268 -0.6557219 -0.3785808 0.6532269 -0.3785812 -0.655722 0.6532266 5.263405e-07 0.7571623 0.6532268 -0.3785813 0.6557219 0.6532266 -0.6557219 0.3785808 0.6532269 0.6557217 0.3785816 0.6532266 0.3785808 0.6557219 0.653227 1.385082e-17 -0.7571623 0.6532268 0.3785808 -0.6557219 0.6532269 0 0 1 0.655722 -0.3785812 0.6532266 0.7571623 5.968565e-07 0.6532268 -0.7571623 5.263405e-07 0.6532268 -0.6557219 -0.3785813 0.6532266 -0.3785808 -0.6557219 0.6532269 2.6317e-07 0.7571623 0.6532268 -0.3785816 0.6557217 0.6532266 -0.6557219 0.3785808 0.653227 0.6557217 0.3785811 0.6532269 0.3785814 0.6557217 0.6532268 -5.263405e-07 -0.7571623 0.6532268 0.3785813 -0.6557219 0.6532266 0 0 1 0.6557219 -0.3785808 0.6532269 0.7571623 1.385082e-17 0.6532268 -0.7571623 2.6317e-07 0.6532268 -0.6557217 -0.3785816 0.6532266 -0.3785808 -0.6557219 0.653227 -5.968565e-07 0.7571623 0.6532268 -0.3785811 0.6557217 0.6532269 -0.6557217 0.3785814 0.6532268 0.6557219 0.3785808 0.6532269 0.3785812 0.655722 0.6532266 -2.6317e-07 -0.7571623 0.6532268 0.3785816 -0.6557217 0.6532266 0 0 1 0.6557219 -0.3785808 0.653227 0.7571623 -5.263405e-07 0.6532268 -0.7571623 -5.968565e-07 0.6532268 -0.6557217 -0.3785811 0.6532269 -0.3785814 -0.6557217 0.6532268 -1.385082e-17 0.7571623 0.6532268 -0.3785808 0.6557219 0.6532269 -0.655722 0.3785812 0.6532266 0.6557219 0.3785813 0.6532266 0.3785808 0.6557219 0.6532269 0.3082758 -0.1779831 0.9344988 0.2543282 -0.2490566 0.9344988 0.1844003 -0.3044809 0.9344987 0.156395 -0.3512687 0.9231202 0.1028855 -0.3407732 0.9344989 0.01490621 -0.3556539 0.9344988 -0.03217529 -0.3831632 0.9231201 -0.07400958 -0.3481876 0.9344988 -0.1582751 -0.3188431 0.9344988 -0.2325959 -0.2694649 0.9344987 -0.2923015 -0.2031549 0.9344987 -0.3407554 -0.1781424 0.9231203 -0.3336411 -0.1240801 0.9344987 -0.3540151 -0.03720702 0.9344993 -0.3844281 0.008054095 0.9231198 -0.3521476 0.0520006 0.9344988 -0.3281521 0.1379425 0.9344988 -0.2835376 0.2152168 0.9344989 -0.2211077 0.2789685 0.9344988 -0.1991874 0.3288973 0.9231202 -0.1447844 0.3251911 0.9344989 -0.05936395 0.3509813 0.9344988 -0.01610159 0.3841746 0.92312 0.02978648 0.3547183 0.9344986 0.1170655 0.3361664 0.9344987 0.1969887 0.2964917 0.9344989 0.2645345 0.2381879 0.9344988 0.3157419 0.2194471 0.9231197 0.3154585 0.1649179 0.9344988 0.3465611 0.0812851 0.9344989 0.3824054 0.04019244 0.9231201 0.3558883 -0.007454738 0.9344988 0.3428534 -0.09572634 0.9344988 0.6830122 -0.1830127 0.7071073 0.6377281 5.715196e-07 0.7702615 0.5522885 0.3188639 0.7702618 0.5 0.5 0.7071068 0.318864 0.5522885 0.7702618 8.572643e-08 0.6377278 0.7702618 -0.3188636 0.5522889 0.7702616 -0.4999997 0.5 0.707107 -0.5522886 0.3188641 0.7702616 -0.6377277 2.951882e-07 0.7702619 -0.5522884 -0.3188639 0.7702619 -0.3188639 -0.5522886 0.7702617 -0.1830127 -0.6830127 0.7071068 8.965427e-08 -0.6377278 0.7702618 0.318864 -0.5522883 0.7702619 0.5522886 -0.3188646 0.7702614 0.5522883 -0.3188641 0.7702618 0.6377278 -2.216577e-07 0.7702618 0.552288 0.3188641 0.770262 0.3188638 0.5522889 0.7702615 4.433158e-07 0.6377279 0.7702618 -0.3188638 0.5522882 0.770262 -0.5522888 0.3188637 0.7702617 -0.6377278 -6.999599e-17 0.7702618 -0.5522888 -0.3188637 0.7702617 -0.3188637 -0.5522882 0.7702621 5.027086e-07 -0.6377279 0.7702617 0.318864 -0.5522886 0.7702617 0.5522882 -0.3188637 0.7702621 0.6377279 5.027086e-07 0.7702617 0.5522886 0.318864 0.7702617 0.3188641 0.5522883 0.7702618 2.216577e-07 0.6377278 0.7702618 -0.3188641 0.552288 0.770262 -0.5522889 0.3188638 0.7702615 -0.6377279 4.433158e-07 0.7702618 -0.5522882 -0.3188638 0.770262 -0.3188637 -0.5522888 0.7702617 6.999599e-17 -0.6377278 0.7702618 0.3188637 -0.5522888 0.7702617 0.5522888 -0.3188637 0.7702617 0.6377278 6.999599e-17 0.7702618 0.5522888 0.3188637 0.7702617 0.3188637 0.5522882 0.7702621 -5.027086e-07 0.6377279 0.7702617 -0.318864 0.5522886 0.7702617 -0.5522883 0.3188641 0.7702618 -0.6377278 2.216577e-07 0.7702618 -0.552288 -0.3188641 0.770262 -0.3188638 -0.5522889 0.7702615 -4.433158e-07 -0.6377279 0.7702618 0.3188638 -0.5522882 0.770262 0.5522889 -0.3188638 0.7702615 0.6377279 -4.433158e-07 0.7702618 0.5522882 0.3188638 0.770262 0.3188637 0.5522888 0.7702617 -6.999599e-17 0.6377278 0.7702618 -0.3188637 0.5522888 0.7702617 -0.5522882 0.3188637 0.7702621 -0.6377279 -5.027086e-07 0.7702617 -0.5522886 -0.318864 0.7702617 -0.3188641 -0.5522883 0.7702618 -2.216577e-07 -0.6377278 0.7702618 0.3188641 -0.552288 0.770262 -0.08905735 -0.02233961 0.9957759 -0.08420844 -0.02696244 0.9960833 0 0 1 -0.01368444 0.09079055 0.995776 -0.01875355 0.08641057 0.9960831 0 0 1 0 0 1 0 0 1 0 0 1 0 0 1 0 0 1 0 0 1 0 0 1 0 0 1 0 0 1 0 0 1 0 0 1 0 0 1 -0.08421069 -0.02696405 0.9960831 0 0 1 0 0 1 0 0 1 -0.06526941 0.0645756 0.995776 -0.07299178 0.05569943 0.995776 -0.07951513 0.04590808 0.995776 -0.08473288 0.03536299 0.995776 -0.08855886 0.02423714 0.995776 -0.04675505 0.07902 0.995776 -0.05647578 0.07239194 0.995776 -0.0587432 0.06608815 0.9960831 -0.02518228 0.08829518 0.995776 -0.02964925 0.08330231 0.9960832 -0.03626626 0.08434997 0.995776 0.02606306 0.08449283 0.9960832 0.02138691 0.08929055 0.995776 -0.007549587 0.08809911 0.9960831 -0.001962092 0.09179512 0.995776 0.009792477 0.09129214 0.995776 0.03262884 0.08582233 0.995776 0.04333574 0.08094539 0.995776 0.05333099 0.07473911 0.995776 0.06245048 0.0673056 0.995776 0.06417152 0.06083137 0.9960831 0.07054503 0.0587674 0.995776 0.07748037 0.04926352 0.995776 0.09030552 0.01658723 0.995776 0.08744263 0.02799921 0.995776 0.08230962 0.03230411 0.9960831 0.08314409 0.03895114 0.995776 0.08756986 -0.01224297 0.9960831 0.09155877 -0.006861357 0.995776 0.09168473 0.004903246 0.995776 0.08781163 0.01036926 0.9960831 0.0899306 -0.01851286 0.995776 0.08682402 -0.02986129 0.995776 0.08215942 -0.03897564 0.9958568 0.09302567 -0.05370842 0.9942141 0.07483364 -0.05166435 0.9958568 0.06927268 -0.06026116 0.995776 0.06285666 -0.06218856 0.9960831 0.06099791 -0.06862478 0.995776 0.05172148 -0.07586148 0.995776 0.02425122 -0.08503107 0.9960831 0.0307876 -0.08650057 0.995776 0.03492557 -0.08123168 0.9960831 0.04159597 -0.08185286 0.995776 0 0 1 0.01947334 -0.08972727 0.995776 0.0131786 -0.08743427 0.9960831 0.007839322 -0.09148024 0.995776 0 0 1 -0.003923231 -0.09173159 0.995776 -0.06014155 -0.0648178 0.9960832 -0.05801008 -0.07116878 0.995776 -0.04843275 -0.07800232 0.995776 -0.03806049 -0.08355552 0.995776 -0.02706311 -0.08773648 0.995776 -0.02059568 -0.08598973 0.9960831 -0.01562159 -0.09047748 0.995776 -0.06663455 -0.06316696 0.995776 -0.07416501 -0.0541266 0.995776 -0.08546897 -0.03354425 0.995776 -0.08007035 -0.03751121 0.9960832 -0.08047779 -0.04419824 0.995776 -0.08660567 0.01782904 0.9960831 -0.09093089 0.01271345 0.995776 -0.09181074 0.0009811241 0.995776 -0.09118159 -0.01076716 0.9957761 -0.08696702 -0.01597419 0.9960831 -0.9740768 0.1581851 -0.1617155 -0.9850051 0.1725239 -0.0007202272 -0.5511715 0.834385 0.00341319 -0.9532537 0.2154049 0.2119155 0.2378828 0.9598676 0.1485464 -0.9761324 0.1684966 0.1370197 0.2351434 0.9719606 -0.0004255228 0.2366706 0.9623881 -0.1334026 0.1816851 0.9604795 -0.2108782 0.0562539 0.8395059 -0.5404307 -0.05936134 0.8066492 -0.5880419 0.08374543 0.8981289 -0.4316841 0.1901691 0.9200495 -0.342556 -0.9187286 0.1938419 0.3440393 -0.8564236 0.2822655 0.4322787 -0.7928158 0.2848147 0.538817 -0.719018 0.3755974 0.5847561 -0.6091908 0.4003848 0.684528 -0.5101169 0.5143769 0.6893455 0.07588062 0.8889945 0.4515871 0.1835825 0.9130181 0.3642737 0.1795126 0.9569483 0.2280904 -0.3710398 0.559091 0.7414491 -0.2689405 0.6724997 0.6895036 -0.5441395 0.8389699 -0.006459347 -0.1290415 0.7142074 0.6879361 0.04684009 0.8336652 0.5502802 0.1817138 0.9558773 0.2308218 -0.1246757 0.717739 -0.6850597 -0.2701044 0.6714893 -0.6900331 -0.356319 0.5671542 -0.7425449 -0.8258855 0.2991143 -0.477958 -0.8980819 0.2030969 -0.3901289 -0.9435225 0.2185473 -0.2490027 -0.7576858 0.3071296 -0.575833 -0.5547048 0.8320472 0.0002121403 -0.6847308 0.3959787 -0.6118371 -0.5786101 0.4224657 -0.6976626 -0.9439143 0.2145945 -0.250948 0.09563357 0.9493589 -0.2992858 0.08916401 0.9007828 -0.4250177 -0.02279956 0.8660261 -0.4994787 -0.2594171 0.6901863 0.6755336 -0.1467887 0.7370906 0.6596594 -0.0961343 0.8106571 0.5775754 -0.4073904 0.5721818 0.7117872 -0.305612 0.6272918 0.7163144 0.03275567 0.8556734 0.5164785 -0.5950288 0.8037044 -6.097962e-05 0.05640527 0.9208884 0.385724 0.1719162 0.9636915 -0.2043125 0.1930946 0.9810415 0.01649072 0.1417052 0.9828308 0.118166 0.1650959 0.9480628 0.2718827 -0.1689997 0.7596458 -0.6279947 -0.2315159 0.6763574 -0.6992432 -0.3475101 0.6262497 -0.6978883 -0.8108266 0.1003484 0.5766199 -0.05622992 0.8012147 -0.5957291 -0.3812316 0.5817068 -0.718526 -0.810728 0.09890354 -0.5770079 0.2333271 -0.8713222 -0.4316898 0.2387802 -0.8067961 -0.5404295 0.3370012 -0.7351904 -0.5881541 0.1648565 -0.9596102 0.2279706 0.9737944 0.1813415 0.1372579 0.9688159 0.1294969 0.2112495 0.9275934 0.1422111 0.3454657 0.8055987 -0.5924173 -0.007246017 0.8995446 0.03840048 0.4351377 0.7106562 -0.164528 0.6840309 0.6560195 -0.3033976 0.6910777 0.8028376 -0.1000821 0.5877375 0.8405893 0.01203396 0.5415393 0.5401323 -0.3945223 0.7433769 0.4858625 -0.5380772 0.6887747 0.3699585 -0.6256631 0.686787 0.1450571 -0.919956 0.364197 0.2433214 -0.8598356 0.4488624 0.2499431 -0.7986245 0.5474737 0.1098924 -0.9827777 0.1485652 0.1169961 -0.9931323 -0.0004265615 0.9836206 0.1802474 -0.001173888 0.1620712 -0.9594267 0.2307236 0.1122474 -0.9846851 -0.1334004 0.1631432 -0.9638015 -0.2108813 0.1411613 -0.9288331 -0.342553 0.3678862 -0.6302827 -0.6836692 0.4889825 -0.5367454 -0.6876049 0.5338874 -0.4097443 -0.7396444 0.6915678 -0.1977972 -0.6947016 0.7819404 -0.1380613 -0.607872 0.8193267 -0.02919339 -0.5725832 0.880235 9.716448e-05 -0.474538 0.9609839 0.1200109 -0.2492135 0.9619361 0.117953 -0.2465077 0.9127075 0.1214128 -0.3901588 0.9694084 0.1849274 -0.1613979 -0.7208389 0.2547558 0.6445858 -0.6862717 0.3824071 0.6187051 -0.7318704 0.4472835 0.5141042 -0.6921361 0.5736386 0.4380484 -0.7358394 0.5990656 0.315691 -0.5395755 -0.6131696 0.5769587 -0.714854 0.0001200062 0.6992737 -0.6804851 0.1707761 0.7125837 -0.7023239 0.6793761 0.2125778 -0.7363851 0.6692777 0.09901748 -0.709856 0.7043442 -0.001923195 -0.6974344 0.5735226 -0.4297174 -0.7307433 0.4660477 -0.4988124 -0.7358653 0.6030975 -0.3078566 -0.7050757 0.6756838 -0.2152198 -0.690297 0.3909496 -0.608809 -0.7223159 0.2582718 -0.6415258 -0.6860773 0.1658036 -0.7083835 -0.7120026 0.04832157 -0.7005122 -0.6970403 0.00341769 -0.7170238 -0.537144 -0.6152405 -0.5770229 -3.525808e-07 -0.7571623 0.6532268 0.378581 -0.655722 0.6532267 0 0 1 0.6557218 -0.3785812 0.6532268 0.7571624 4.816343e-07 0.6532267 -0.7571622 1.762901e-07 0.6532269 -0.655722 -0.378581 0.6532267 -0.3785812 -0.6557218 0.6532268 3.635317e-07 0.7571622 0.653227 -0.3785809 0.6557221 0.6532266 -0.655722 0.3785809 0.6532268 0.6557216 0.3785813 0.6532269 0.3785812 0.6557219 0.6532266 -3.305445e-08 -0.7571623 0.6532268 0.3785817 -0.6557217 0.6532266 0 0 1 0.6557218 -0.3785808 0.653227 0.7571624 -3.525813e-07 0.6532267 -0.7571624 -2.909009e-07 0.6532267 -0.6557218 -0.3785808 0.6532269 -0.3785816 -0.6557217 0.6532266 5.509074e-08 0.7571623 0.6532268 -0.3785807 0.655722 0.6532268 -0.6557218 0.3785814 0.6532267 0.6557218 0.3785815 0.6532266 0.3785807 0.655722 0.6532269 -1.762918e-07 -0.7571626 0.6532265 0.3785816 -0.6557214 0.6532269 0 0 1 0.6557218 -0.3785812 0.6532268 0.7571623 -8.814528e-08 0.6532268 -0.7571623 8.814512e-08 0.6532268 -0.6557216 -0.378582 0.6532265 -0.3785808 -0.6557216 0.6532272 -1.762907e-07 0.7571623 0.6532268 -0.3785808 0.6557219 0.6532269 -0.6557217 0.3785816 0.6532266 0.6557219 0.3785811 0.6532267 0.3785811 0.6557219 0.6532267 -3.635317e-07 -0.7571622 0.653227 0.3785809 -0.6557221 0.6532266 0 0 1 0.655722 -0.3785809 0.6532268 0.7571622 -1.762901e-07 0.6532269 -0.7571624 -4.816343e-07 0.6532267 -0.6557216 -0.3785813 0.6532269 -0.3785812 -0.6557219 0.6532266 3.525808e-07 0.7571623 0.6532268 -0.378581 0.655722 0.6532267 -0.6557218 0.3785812 0.6532268 0.655722 0.378581 0.6532267 0.3785812 0.6557218 0.6532268 0.2801632 -0.2437175 0.928499 0.3090465 -0.2073384 0.9281708 -0.3601769 -0.09034748 0.9284988 0.6193474 -0.6967874 0.3617957 0.7509211 -0.6545301 0.08779427 0.7033655 -0.6118667 0.3617956 0.7917862 -0.6042064 0.0894948 0.7702684 -0.5219554 0.3664003 0.5251594 -0.7702674 0.3617953 0.6123676 -0.7849465 0.0941539 0.6639522 -0.7427433 0.0866014 0.2730762 -0.9574784 0.09308299 0.3381709 -0.9372194 0.08520733 0.3126018 -0.8782841 0.3617971 0.4480137 -0.8899015 0.08578499 0.4223481 -0.8310998 0.3617945 0.5070744 -0.8569984 0.09181113 0.5604105 -0.8236475 0.08686129 0.2114221 -0.973526 0.08687796 0.1977232 -0.9110487 0.3617953 0.1483908 -0.9845064 0.09342025 0.07959744 -0.9288516 0.3617996 0.0803012 -0.993176 0.08457618 -0.03983486 -0.931405 0.3617983 -0.03874813 -0.9955762 0.0855959 -0.3864506 -0.8483871 0.3617946 -0.2906406 -0.9540413 0.0730286 -0.2747874 -0.8908397 0.3617961 -0.2395908 -0.9671311 0.08516888 -0.1586135 -0.9186643 0.3617978 -0.168308 -0.9819009 0.08685103 -0.1062076 -0.9901433 0.09130258 -0.4917666 -0.7920041 0.3617943 -0.4726304 -0.8770823 0.08571596 -0.4104748 -0.9078767 0.08526601 -0.5890081 -0.7226156 0.3617956 -0.5854166 -0.8062273 0.08535253 -0.5217213 -0.8489155 0.08455398 -0.7530394 -0.5495776 0.3617958 -0.723954 -0.6842606 0.08762478 -0.6765776 -0.6413624 0.361797 -0.6774025 -0.7300691 0.0901385 -0.6244521 -0.7775509 0.07398727 -0.8171348 -0.4487691 0.3617969 -0.8401369 -0.5341753 0.09395142 -0.8029631 -0.589714 0.08653125 -0.9810842 -0.1734938 0.08587035 -0.965473 -0.2458608 0.0861064 -0.9042434 -0.2268223 0.361795 -0.9286347 -0.3608241 0.08627656 -0.8678147 -0.3405918 0.3617941 -0.90169 -0.4224208 0.09228079 -0.8735249 -0.4789652 0.08687127 -0.9897473 -0.1219206 0.07440171 -0.9258242 -0.1093275 0.361797 -0.9943842 -0.05629571 0.08961552 -0.9322038 0.009961814 0.3617968 -0.9963496 0.01589777 0.08387379 -0.9232774 0.1290868 0.3617948 -0.9872806 0.1341188 0.08537689 -0.7411227 0.5655443 0.3617966 -0.8626711 0.4980633 0.08792914 -0.8073584 0.4661284 0.3617966 -0.91845 0.3859158 0.08670984 -0.8603373 0.3590592 0.3617959 -0.9414099 0.3237784 0.09441935 -0.8991896 0.2460937 0.3617955 -0.961271 0.2615687 0.0868325 -0.9754197 0.2008033 0.09074412 -0.6627181 0.6556742 0.3617957 -0.751105 0.6533956 0.09442111 -0.793438 0.6024429 0.08671027 -0.4747286 0.802331 0.3617979 -0.6112099 0.7866295 0.08738702 -0.5734314 0.7350381 0.3617947 -0.6616109 0.7443366 0.09074173 -0.7071605 0.701701 0.08683171 -0.3682317 0.8564514 0.3617962 -0.4484383 0.8893102 0.08961257 -0.5100343 0.8557988 0.08644919 -0.08501793 0.9920971 0.09227817 -0.152122 0.9846172 0.08595302 -0.1389463 0.921846 0.3617927 -0.2695436 0.9591605 0.08577489 -0.2556879 0.8965084 0.361796 -0.3338729 0.9380484 0.09270478 -0.3957404 0.9144958 0.08418399 -0.02196664 0.9959773 0.08687118 -0.01992197 0.9320442 0.3617964 0.04254128 0.9946672 0.09395464 0.09942888 0.9269404 0.3617946 0.1119543 0.9902319 0.08310815 0.2171472 0.9066143 0.3617977 0.2282774 0.9698669 0.0851334 0.4400124 0.8218845 0.3617942 0.4203664 0.9033414 0.08524375 0.3312995 0.871404 0.3617951 0.3500885 0.9329028 0.08444161 0.2964706 0.9511034 0.0866462 0.6340962 0.6833927 0.361796 0.5810103 0.8094175 0.08526614 0.5414997 0.7588693 0.3617947 0.5254143 0.8461998 0.08880111 0.4649742 0.8821975 0.07434056 0.7162797 0.5966955 0.361798 0.7225074 0.6849007 0.094308 0.674298 0.7335781 0.08476728 0.8442092 0.3954935 0.3617951 0.8419648 0.5324582 0.08708334 0.7867037 0.5002012 0.3617956 0.8043856 0.5870507 0.09129829 0.766197 0.6367094 0.08685146 0.887853 0.2842909 0.3617952 0.9268031 0.3637435 0.09341712 0.9007616 0.4256433 0.08634967 0.9957196 -0.01064072 0.09181057 0.9946735 0.05638455 0.08628643 0.9309274 0.04978525 0.3617951 0.9805388 0.1764278 0.08612196 0.9169174 0.1684212 0.3617966 0.965739 0.2422484 0.09307986 0.9488094 0.3036661 0.08687739 0.993505 -0.07350595 0.08686057 0.9296508 -0.06966763 0.3617952 0.9859676 -0.1378526 0.09415192 0.9131094 -0.1879771 0.3617954 0.9748806 -0.2069736 0.08227854 0.8815746 -0.3031989 0.3617965 0.9434931 -0.3203421 0.08486215 0.8203149 -0.5656474 0.08441837 0.8542628 -0.4932088 0.1642565 0.8371606 -0.406094 0.3664011 0.9000225 -0.4275898 0.08441874 0.9191512 -0.3836037 0.08949494 -0.3581638 0.0980238 0.9284988 -0.3677586 0.05141791 0.9284987 -0.3713148 0.003967914 0.9284986 -0.3687741 -0.04354728 0.9284984 -0.3456668 -0.1356643 0.9284986 -0.3254812 -0.1787538 0.9284983 -0.2999503 -0.2189075 0.9284984 -0.2694946 -0.2554675 0.9284983 -0.2346132 -0.2878315 0.9284986 -0.1958799 -0.3154701 0.9284986 -0.15393 -0.337928 0.9284989 -0.1094532 -0.3548393 0.9284983 -0.06317888 -0.3659214 0.9284988 -0.0158671 -0.3709977 0.9284982 0.03170517 -0.3699801 0.9284985 0.078757 -0.3628883 0.9284985 0.1245153 -0.3498375 0.9284986 0.1682294 -0.3310428 0.9284985 0.2091811 -0.3068122 0.9284985 0.2466981 -0.277544 0.9284985 0.3637095 -0.07487486 0.9284983 0.3511477 -0.12077 0.9284987 0.3340845 -0.1639733 0.9281704 0.3708055 0.01983044 0.9284988 0.3702975 -0.02774996 0.9284986 0.3536486 0.1132384 0.9284986 0.3652262 0.06708533 0.9284985 0.2853084 0.2376755 0.9284985 0.3133594 0.1992401 0.9284984 0.3362648 0.1575326 0.9284985 0.1319629 0.3470968 0.9284986 0.1752651 0.327372 0.9284986 0.2156893 0.3022712 0.9284989 0.252573 0.2722091 0.9284983 -0.007935327 0.3712511 0.9284986 0.03960435 0.3692176 0.9284987 0.08649399 0.3611235 0.9284981 -0.05534468 0.3671881 0.9284987 -0.1018456 0.3570969 0.9284984 -0.2284086 0.2927795 0.9284986 -0.1890939 0.3195845 0.9284984 -0.1466739 0.3411414 0.9284984 -0.3426889 0.1430201 0.9284986 -0.3215867 0.1856682 0.9284984 -0.2952033 0.2252672 0.9284986 -0.2639737 0.2611678 0.9284984 -0.6161138 0.3557134 0.7027601 -0.5655665 0.4315789 0.7027618 -0.505735 0.5003593 0.7027608 -0.4375988 0.560924 0.70276 -0.3622759 0.6122766 0.7027614 -0.2810054 0.6535766 0.7027614 -0.1951215 0.684146 0.7027602 -0.1060325 0.7034797 0.7027613 -0.01520281 0.711264 0.7027606 0.07587629 0.7073694 0.7027598 0.1657096 0.6918581 0.7027607 0.2528221 0.6649881 0.7027601 0.3357835 0.6271994 0.7027591 0.4132307 0.5791098 0.7027605 0.4838929 0.5215121 0.7027608 0.5466093 0.4553518 0.702761 0.6003507 0.3817145 0.702761 0.6442348 0.3018096 0.7027606 0.6775394 0.2169486 0.7027615 0.6997194 0.1285256 0.7027617 0.7104114 0.03799237 0.7027604 0.7094367 -0.05316506 0.702761 0.6968135 -0.1434493 0.7027612 0.6727503 -0.2313784 0.7027596 0.6376387 -0.3155081 0.7027599 0.5920572 -0.3944571 0.7027602 0.5367548 -0.4669296 0.7027596 0.4726378 -0.5317342 0.7027604 0.4007611 -0.5878084 0.7027601 0.3223034 -0.6342304 0.7027605 0.2385535 -0.6702383 0.7027608 0.1508867 -0.6952414 0.7027607 0.06074266 -0.7088294 0.7027597 -0.03039897 -0.7107776 0.7027596 -0.1210415 -0.701053 0.7027615 -0.2096965 -0.6798201 0.7027603 -0.2949084 -0.647423 0.7027606 -0.3752784 -0.6043965 0.7027595 -0.4494855 -0.5514442 0.7027603 -0.5163119 -0.4894377 0.7027608 -0.5746611 -0.4193953 0.7027604 -0.6235742 -0.3424659 0.7027605 -0.6622488 -0.2599136 0.7027599 -0.6900481 -0.1730928 0.7027607 -0.7065186 -0.08343063 0.7027595 -0.7113863 0.007601934 0.70276 -0.7045751 0.09850954 0.7027587 -0.6861911 0.1877996 0.702761 -0.6565418 0.2740058 0.7027615 -3.525808e-07 -0.7571623 0.6532268 0.3785814 -0.6557218 0.6532266 0 0 1 0.6557216 -0.3785811 0.653227 0.7571627 6.579248e-07 0.6532263 -0.7571627 -4.816325e-07 0.6532264 -0.6557211 -0.378582 0.653227 -0.3785812 -0.6557218 0.6532268 3.59495e-07 0.757162 0.6532271 -0.3785809 0.6557223 0.6532264 -0.6557216 0.3785811 0.653227 0.6557211 0.3785816 0.6532272 0.3785812 0.6557221 0.6532265 1.762907e-07 -0.7571623 0.6532268 0.3785808 -0.6557219 0.6532269 0 0 1 0.6557217 -0.3785816 0.6532266 0.7571623 -8.814512e-08 0.6532268 -0.7571623 8.814528e-08 0.6532268 -0.6557219 -0.3785811 0.6532267 -0.3785811 -0.6557219 0.6532267 1.762918e-07 0.7571626 0.6532265 -0.3785816 0.6557214 0.6532269 -0.6557218 0.3785812 0.6532268 0.6557216 0.378582 0.6532265 0.3785808 0.6557216 0.6532272 -5.509074e-08 -0.7571623 0.6532268 0.3785807 -0.655722 0.6532268 0 0 1 0.6557218 -0.3785814 0.6532267 0.7571624 2.909009e-07 0.6532267 -0.7571624 3.525813e-07 0.6532267 -0.6557218 -0.3785815 0.6532266 -0.3785807 -0.655722 0.6532269 3.305445e-08 0.7571623 0.6532268 -0.3785817 0.6557217 0.6532266 -0.6557218 0.3785808 0.653227 0.6557218 0.3785808 0.6532269 0.3785816 0.6557217 0.6532266 -3.59495e-07 -0.757162 0.6532271 0.3785809 -0.6557223 0.6532264 0 0 1 0.6557216 -0.3785811 0.653227 0.7571627 4.816325e-07 0.6532264 -0.7571627 -6.579248e-07 0.6532263 -0.6557211 -0.3785816 0.6532272 -0.3785812 -0.6557221 0.6532265 3.525808e-07 0.7571623 0.6532268 -0.3785814 0.6557218 0.6532266 -0.6557216 0.3785811 0.653227 0.6557211 0.378582 0.653227 0.3785812 0.6557218 0.6532268 0.2687007 -0.9122762 0.3091149 -0.3524878 -0.8329275 0.4265959 -0.3527812 -0.8688878 0.3472454 -0.344256 -0.8423613 -0.4146267 0.2682162 -0.9124987 -0.3088791 -0.324973 -0.8992767 -0.2927353 0.2132286 -0.9679489 -0.1326971 -0.3638989 -0.8934009 -0.2634622 -0.4197194 -0.897825 -0.1332136 0.2135963 -0.9679298 0.1322443 -0.3464036 -0.8740844 0.3405597 -0.3877626 -0.9006453 0.1961584 -0.9782394 0.2074771 -0.0009107687 -0.960498 0.239019 -0.1425257 -0.9460265 0.2110859 -0.24592 -0.4063607 0.6304536 -0.6613617 -0.6077851 0.4960104 -0.6201378 -0.6920592 0.3890499 -0.6080249 -0.7669939 0.3798255 -0.5171586 -0.8307879 0.2938404 -0.4727042 -0.889377 0.3067326 -0.339004 -0.9458857 0.2149348 -0.2431117 0.2017905 0.9794279 -0.001232955 0.171729 0.9753994 -0.1382212 0.1908674 0.9561915 -0.2219626 0.09119625 0.9427326 -0.3208404 0.08715891 0.8929052 -0.4417279 -0.02828046 0.8656743 -0.4998082 -0.06289071 0.7987456 -0.598373 -0.2060972 0.7602511 -0.61607 -0.2745776 0.6660797 -0.693502 0.1709949 0.9763161 0.1325429 0.1907966 0.9549137 0.2274564 0.1876059 0.9560296 0.225414 0.09030834 0.9435059 0.3188119 0.082911 0.8908624 0.4466429 -0.01689216 0.8688594 0.4947707 -0.1839624 0.7720098 0.6084067 -0.249502 0.6793042 0.6901409 -0.318547 0.6610365 0.679381 -0.4490141 0.5863132 0.6742575 -0.9647766 0.2299391 0.1278048 -0.9553679 0.204372 0.2133173 -0.9058999 0.2899925 0.3086256 -0.8579397 0.273195 0.4350907 -0.7927921 0.3636143 0.4891475 -0.7206838 0.3691796 0.586789 -0.6285552 0.4856229 0.6075268 -0.5106005 0.5098562 0.6923394 -0.7962033 0.5219574 -0.3059751 -0.4008783 0.6023281 -0.6902879 0.1050608 0.994353 0.01497725 0.08059248 0.9796607 -0.1837653 0.09985667 0.9497685 -0.2965946 -0.003335452 0.925086 -0.379743 -0.01489814 0.8673107 -0.4975442 -0.1254767 0.8322254 -0.5400523 -0.1624214 0.760118 -0.6291581 -0.2855111 0.7168106 -0.6361336 -0.345028 0.6248989 -0.7003264 -0.4105611 0.5811962 0.7026027 -0.3244816 0.6518959 0.6853783 -0.2443851 0.6789653 0.692302 -0.2097749 0.771599 0.6005243 -0.0930994 0.8112079 0.577299 -0.06404578 0.8873198 0.4566856 0.05909047 0.9212167 0.3845363 0.04583035 0.9702785 0.2376114 0.1450263 0.9824198 0.1175532 -0.7973777 0.5222049 0.3024745 0.1496835 -0.7249474 -0.6723438 0.2742673 0.9153766 -0.2947255 -0.8746198 -0.4848095 3.512143e-07 -0.07504715 0.725391 0.6842337 0.1315396 0.8379502 0.5296573 0.2795057 0.9153803 0.2897507 -0.7828435 0.330084 0.5274473 -0.5750939 0.4500278 0.6831852 -0.3235503 0.5894447 0.7401825 -0.9243755 0.2484448 -0.2894913 0.5359516 -0.5094915 0.6731822 -0.9216076 0.2521987 0.2950173 -0.328266 0.5868687 -0.7401531 -0.575639 0.4478577 -0.6841515 -0.7802564 0.3328289 -0.5295516 0.1348259 0.8385977 -0.5278028 -0.07686389 0.7262857 -0.683082 0.7409788 -0.2120663 0.6371642 -0.6695489 0.6737361 -0.3127042 -0.01745307 0.9998477 -4.252146e-07 -0.6756116 0.2642272 0.6882826 -0.6796501 0.510661 0.5265939 -0.6819716 0.6707693 0.291519 -0.6608079 -0.5428936 0.5182658 -0.6674378 -0.2922979 0.6849006 -0.6691304 -0.003598737 0.7431363 -0.6580974 -0.6941844 -0.2915748 0.7351649 0.2382311 -0.6346483 -0.6464588 -0.6963859 0.3116693 -0.6688696 -0.01988673 -0.7431137 -0.6659913 -0.2875899 -0.6882933 -0.6612781 -0.5341348 -0.5266985 -0.6794153 0.5194546 -0.5182295 -0.6773471 0.2687845 -0.6848035 0.9894126 0.145127 -0.0009123078 0.9837291 0.1093954 -0.1425121 0.9604613 0.1305624 -0.2459016 0.600002 -0.4501128 -0.6613592 0.7422351 -0.254035 -0.6201236 0.7841389 -0.1244857 -0.6079717 0.8511747 -0.08982762 -0.5171389 0.8811328 0.01294564 -0.4726916 0.9405917 0.021327 -0.3388693 0.9616874 0.1269224 -0.2429979 0.1508693 -0.9885529 -0.001235346 0.1776653 -0.974341 -0.1381832 0.1530316 -0.9629784 -0.221932 0.2418383 -0.9157508 -0.3208033 0.2283027 -0.8676208 -0.4417149 0.3271348 -0.8019749 -0.4998191 0.336344 -0.7272052 -0.5983689 0.4572615 -0.6413878 -0.6160629 0.4887951 -0.5292867 -0.6934947 0.1786774 -0.9749375 0.1325566 0.1525301 -0.9616817 0.2278221 0.1557081 -0.961796 0.2251742 0.2429427 -0.9161471 0.3188311 0.231573 -0.8641973 0.4466956 0.3175914 -0.8088999 0.4947895 0.440556 -0.6601097 0.6084123 0.4698543 -0.5504335 0.6901159 0.5282852 -0.5092889 0.679367 0.6246565 -0.3939043 0.6742727 0.9845869 0.1193848 0.127812 0.9668869 0.1400929 0.213316 0.9502296 0.04261903 0.3086217 0.89995 0.04140255 0.4340229 0.8694623 -0.06673558 0.4894708 0.8040322 -0.09594843 0.586793 0.7580836 -0.2371378 0.6075154 0.6558707 -0.30083 0.6923402 -0.8791239 -0.3657295 -0.3055866 -0.7209642 -0.0003120088 -0.6929722 -0.7641447 0.6450276 0.004708389 -0.7652938 0.6128254 -0.1969021 -0.7297072 0.6098656 -0.3091784 -0.7661035 0.5139528 -0.3859247 -0.7271468 0.471701 -0.4987542 -0.7648481 0.3460005 -0.5434068 -0.7194948 0.2622808 -0.6430677 -0.7488623 0.1458211 -0.6464839 -0.7098861 0.05115528 -0.7024563 -0.7285224 0.6756512 0.1129183 -0.7747256 0.5895563 0.2285249 -0.7331886 0.5793303 0.3561052 -0.7722015 0.463442 0.4346567 -0.7290738 0.4125768 0.546106 -0.7736342 0.2513817 0.5816333 -0.7080719 0.167897 0.6858898 -0.7300943 0.03339146 0.6825301 -0.880017 -0.3659296 0.3027634 0.1830119 0.6830133 0.7071064 5.93969e-07 0.637728 0.7702616 -0.3188635 0.5522883 0.7702621 -0.5522887 0.3188637 0.7702618 -0.637728 1.484822e-07 0.7702617 -0.552288 -0.318864 0.7702621 -0.5000012 -0.4999998 0.7071061 -0.3188649 -0.5522872 0.7702624 -2.969649e-07 -0.6377279 0.7702617 0.3188636 -0.5522885 0.7702619 0.5522885 -0.3188639 0.7702618 0.6377276 4.056613e-07 0.770262 0.5522886 0.3188642 0.7702616 0.318863 0.5522884 0.7702623 0.5522889 -0.3188638 0.7702615 0.6377278 -2.969653e-07 0.7702618 0.5522882 0.318864 0.770262 0.3188636 0.5522888 0.7702617 4.640076e-08 0.6377279 0.7702617 -0.3188636 0.5522888 0.7702617 -0.5522882 0.318864 0.7702619 -0.6377278 -2.450142e-07 0.7702618 -0.5522889 -0.3188638 0.7702616 -0.3188641 -0.5522881 0.770262 -2.784045e-08 -0.6377279 0.7702617 0.3188641 -0.552288 0.770262 0.5522885 -0.3188639 0.7702618 0.6377278 -7.424128e-08 0.7702618 0.5522885 0.3188638 0.7702618 0.3188638 0.5522885 0.7702618 -1.484827e-07 0.6377278 0.7702618 -0.3188637 0.5522888 0.7702616 -0.5522881 0.3188641 0.770262 -0.6377279 7.424116e-08 0.7702617 -0.5522877 -0.3188642 0.7702622 -0.3188641 -0.5522892 0.7702612 -1.484834e-07 -0.6377273 0.7702622 0.3188644 -0.5522884 0.7702616 0.5000012 0.4999998 0.7071061 0.3188649 0.5522872 0.7702624 2.969649e-07 0.6377279 0.7702617 -0.3188636 0.5522885 0.7702619 -0.5522885 0.3188639 0.7702618 -0.6377276 -4.056613e-07 0.770262 -0.5522886 -0.3188642 0.7702616 -0.318863 -0.5522884 0.7702623 -0.1830119 -0.6830133 0.7071064 -5.93969e-07 -0.637728 0.7702616 0.3188635 -0.5522883 0.7702621 0.5522887 -0.3188637 0.7702618 0.637728 -1.484822e-07 0.7702617 0.552288 0.318864 0.7702621 -0.2070634 0.6579512 0.7240339 0.6503023 -0.2253906 0.7254695 0.5991545 -0.345922 0.722047 0.6808403 -0.1089751 0.7242796 0.689038 0.0236301 0.7243399 0.6744424 0.1460104 0.7237461 0.7064849 0.08653048 0.7024184 0.7057883 0.08739262 0.7030117 0.6350758 0.2703543 0.7235934 0.5758172 0.3799071 0.723951 0.4954149 0.4812033 0.7231926 0.4602867 0.5435385 0.7019273 0.4005976 0.5592053 0.7258174 0.3497281 0.6200156 0.7023324 0.2936074 0.6195131 0.7280097 0.2306093 0.6731694 0.7026111 0.1693499 0.6641024 0.7282092 0.04549472 0.6880687 0.724218 -0.08687768 0.6841813 0.7241189 -0.2792899 0.6598295 0.6975831 -0.2844379 0.6504511 0.7042787 -0.3186734 0.6069898 0.7280183 -0.4316377 0.5381551 0.7239323 -0.5247724 0.4490855 0.7231433 -0.5974752 0.3449524 0.7239 -0.6513057 0.2299236 0.7231431 -0.6811963 0.1027542 0.7248539 -0.6843281 -0.02586586 0.7287153 -0.7055249 -0.07889788 0.7042796 -0.7075431 -0.09395492 0.7003965 -0.6707607 -0.1416046 0.7280304 -0.6359735 -0.267132 0.7240015 -0.5750356 -0.3822255 0.7233518 -0.4958546 -0.4796569 0.7239181 -0.4581264 -0.5456911 0.7016704 -0.4022781 -0.5551111 0.7280275 -0.3514013 -0.6191931 0.7022229 -0.2870975 -0.6221345 0.7283705 -0.2327956 -0.6692366 0.7056406 -0.1748159 -0.6629532 0.7279646 -0.03976185 -0.6880382 0.7245843 0.08215755 -0.6847688 0.7241145 0.2113608 -0.6565419 0.7240714 0.3240545 -0.6085395 0.7243399 0.277214 -0.6549269 0.7030101 0.2772113 -0.6549231 0.7030147 0.4335508 -0.5375183 0.7232619 0.5235496 -0.4492806 0.723908 0.1830114 0.6830133 0.7071065 4.845297e-07 0.6377283 0.7702614 -0.3188633 0.5522882 0.7702623 -0.5522888 0.3188642 0.7702615 -0.6377272 -4.056594e-07 0.7702623 -0.5522884 -0.3188649 0.7702615 -0.5 -0.5 0.7071068 -0.318864 -0.5522885 0.7702618 -2.969649e-07 -0.6377279 0.7702617 0.3188639 -0.5522881 0.7702621 0.5522888 -0.3188642 0.7702615 0.6377271 5.541431e-07 0.7702624 0.5522888 0.3188648 0.7702612 0.3188631 0.5522882 0.7702624 0.5522881 -0.3188641 0.770262 0.6377279 -7.424116e-08 0.7702617 0.5522877 0.3188642 0.7702622 0.3188641 0.5522892 0.7702612 1.484834e-07 0.6377273 0.7702622 -0.3188644 0.5522884 0.7702616 -0.5522885 0.3188639 0.7702618 -0.6377278 7.424128e-08 0.7702618 -0.5522885 -0.3188638 0.7702618 -0.3188638 -0.5522885 0.7702618 1.484827e-07 -0.6377278 0.7702618 0.3188637 -0.5522888 0.7702616 0.5522882 -0.318864 0.7702619 0.6377278 2.450142e-07 0.7702618 0.5522889 0.3188638 0.7702616 0.3188641 0.5522881 0.770262 2.784045e-08 0.6377279 0.7702617 -0.3188641 0.552288 0.770262 -0.5522889 0.3188638 0.7702615 -0.6377278 2.969653e-07 0.7702618 -0.5522882 -0.318864 0.770262 -0.3188636 -0.5522888 0.7702617 -4.640076e-08 -0.6377279 0.7702617 0.3188636 -0.5522888 0.7702617 0.5 0.5 0.7071068 0.318864 0.5522885 0.7702618 2.969649e-07 0.6377279 0.7702617 -0.3188639 0.5522881 0.7702621 -0.5522888 0.3188642 0.7702615 -0.6377271 -5.541431e-07 0.7702624 -0.5522888 -0.3188648 0.7702612 -0.3188631 -0.5522882 0.7702624 -0.1830114 -0.6830133 0.7071065 -4.845297e-07 -0.6377283 0.7702614 0.3188633 -0.5522882 0.7702623 0.5522888 -0.3188642 0.7702615 0.6377272 4.056594e-07 0.7702623 0.5522884 0.3188649 0.7702615 -0.7198926 0.1035048 -0.6863245 -0.6872947 0.237875 -0.6863246 0 0 -1 -0.6298562 0.3636477 -0.6863246 -0.5496531 0.4762772 -0.6863246 -0.6615712 -0.3021294 -0.6863246 -0.7067941 -0.1714662 -0.6863246 -0.7264715 -0.03460618 -0.6863247 -0.3932056 -0.6118397 -0.6863246 -0.5018912 -0.5263685 -0.6863246 -0.5924373 -0.4218727 -0.6863246 4.904641e-09 -0.7272954 -0.6863246 -0.1376416 -0.7141522 -0.6863246 -0.2703085 -0.6751977 -0.6863246 0.3932056 -0.6118398 -0.6863246 0.2703085 -0.6751976 -0.6863246 0.1376417 -0.7141522 -0.6863246 0.6615712 -0.3021294 -0.6863246 0.5924373 -0.4218728 -0.6863246 0.5018912 -0.5263685 -0.6863246 0.7198925 0.1035049 -0.6863246 0.7264716 -0.03460607 -0.6863246 0.706794 -0.1714664 -0.6863246 0.5496532 0.4762771 -0.6863246 0.6298562 0.3636477 -0.6863246 0.6872948 0.2378749 -0.6863246 0.2049028 0.6978348 -0.6863246 0.3332659 0.6464459 -0.6863246 0.4495842 0.5716928 -0.6863246 -0.2049028 0.6978348 -0.6863246 -0.0691339 0.7240021 -0.6863246 0.06913389 0.7240021 -0.6863246 -0.4495841 0.5716928 -0.6863246 -0.333266 0.6464459 -0.6863246 0.02628245 -0.2187998 0.9754157 0.4545081 -0.5515386 0.699448 0.02663361 -0.2187551 0.9754163 0.5663878 -0.3965524 0.7224617 0.04898441 -0.1178047 0.9918279 -0.2990038 -0.7482431 0.5922237 0.2984999 -0.8600384 0.4138017 -0.2069028 -0.6906989 0.6929115 0.3389808 -0.7510816 0.5665408 -0.07429143 -0.3325193 0.9401658 -0.2242058 -0.5598669 0.7976721 -0.2296249 -0.6635718 0.7120006 0.89426 0.1713872 0.4134315 0.4876015 0.6451888 0.5881973 0.4871639 0.5766997 0.6558116 0.1370912 0.04888853 0.9893513 0.6265721 -0.2917918 0.7226791 0.2312869 0.1033712 0.9673783 0.7044878 -0.1168407 0.7000322 0.2354036 0.1546539 0.9595141 0.2508892 0.2968342 0.9213816 0.8193252 0.08162505 0.5674888 0.492463 0.5608791 0.6655035 0.3742124 0.4993262 0.7814336 0.9244522 0.222923 -0.3093438 0.538869 0.7123722 -0.4496066 0.569774 0.7784529 -0.2633795 0.9452054 0.2987063 -0.1317625 0.9244001 0.2235209 0.3090678 0.9450158 0.2990756 0.1322832 0.584471 0.7999926 0.1356666 0.5694629 0.7782033 0.2647861 0.537744 0.7152148 0.4464294 0.5839404 0.8010286 -0.1317831 0.5867407 0.8097747 -0.0005816665 0.8940654 0.1715097 -0.4138013 0.8199469 0.08197242 -0.5665401 0.7049014 -0.1178471 -0.699447 0.3389768 -0.7503689 -0.5674868 0.4534336 -0.5516825 -0.7000317 0.2987042 -0.8601462 -0.41343 0.565985 -0.3967315 -0.7226791 0.626619 -0.29223 -0.7224613 0.2026193 0.08662616 -0.9754185 0.2027651 0.08631136 -0.9754162 0.1265134 0.01648028 -0.991828 0.4984986 0.6330653 -0.5922225 0.494711 0.524536 -0.6929091 0.2508202 0.2305885 -0.9401692 0.3727562 0.4741002 -0.7976728 0.4598555 0.530646 -0.7120026 -0.314953 -0.7448668 -0.588199 -0.25585 -0.7102481 -0.6558113 0.02620702 -0.1431689 -0.9893512 0.02612796 -0.2519764 -0.9673806 -0.0162306 -0.2811812 -0.9595174 -0.1316251 -0.3656946 -0.9213806 -0.2395019 -0.7069261 -0.6655031 -0.2453168 -0.5737515 -0.7814275 -0.3265325 -0.7998865 -0.5035455 -0.3265325 -0.7998865 0.5035455 0.2602492 0.7736537 -0.577694 -0.7719397 0.2652897 -0.5776941 0.2604083 0.7736105 0.57768 -0.6683753 0.6800979 -0.3012329 -0.6546622 0.3507956 0.6695968 -0.1057473 0.8936634 -0.4361 -0.6144304 0.6574939 0.436093 0.1545104 0.7264757 -0.6695966 -0.08819906 0.9494606 0.3012399 -0.7590077 0.3003215 -0.5776801 0.2955139 0.7608817 0.5776941 -0.7589377 0.3004715 0.5776941 -0.7840866 0.2268859 0.5776945 0.2217605 0.7855517 0.5776944 -0.7840866 0.2268859 -0.5776945 0.2217605 0.7855517 -0.5776944 0.2002869 0.968758 0.1462638 0.1512911 0.9637584 0.2197288 0.1606208 0.9278294 0.3366506 0.0727251 0.906402 0.4161087 0.04961146 0.8433894 0.5350075 -0.06812606 0.8069869 0.5866268 -0.1234499 0.7221329 0.6806498 -0.251459 0.6821203 0.6866442 -0.2924522 0.6278331 0.7213164 -0.4117035 0.5475971 0.7284488 -0.5780425 0.4240449 0.6971749 -0.7622631 0.3131886 0.566452 -0.8294329 0.3130353 0.4626553 -0.8925234 0.2354303 0.3846745 -0.9295483 0.254336 0.2669329 -0.9626717 0.2018163 0.1803702 -0.9693744 0.2311211 0.0830439 -0.9748619 0.2182117 0.04503178 -0.9757482 0.2175543 -0.02419903 -0.9685626 0.2044447 -0.1417353 -0.945452 0.246029 -0.2135187 -0.9171483 0.2223905 -0.3307286 -0.8631976 0.293341 -0.4109026 -0.7949995 0.289312 -0.5331738 -0.7134927 0.3847013 -0.5856049 -0.6118421 0.4018068 -0.6813226 -0.5219497 0.5050487 -0.6873822 -0.4588298 0.5201358 -0.7203707 -0.3372849 0.595474 -0.729143 0.01788464 0.8244902 -0.5655935 -0.09345366 0.7880803 -0.6084373 -0.1528089 0.7001147 -0.6974875 0.1912774 0.9812051 0.02548707 0.1901865 0.9807085 -0.0451648 0.175793 0.9808799 -0.08349567 0.2006479 0.9623799 -0.1832084 0.1378139 0.9522703 -0.272376 0.140062 0.9110967 -0.3876666 0.04433673 0.8842986 -0.464812 -0.7968732 0.522784 -0.3028035 -0.8108741 0.09355458 -0.5776943 0.08826093 0.8114675 -0.5776941 0.08976912 0.8115583 0.5773341 -0.4675473 0.5066028 0.7243984 -0.5232044 0.4905954 0.6968309 -0.6084058 0.3774841 0.6981032 -0.7166909 0.3494301 0.6035336 -0.7904697 0.2512561 0.5585946 -0.8610524 0.2465372 0.4447562 -0.9147609 0.1673299 0.3677134 -0.9771171 0.1333237 0.1657317 -0.984095 0.1633998 0.06969656 -0.4557134 0.5205129 -0.7220745 -0.4980506 0.5128827 -0.6992117 -0.5709307 0.4080351 -0.7124223 -0.6481904 0.3943334 -0.6514218 -0.7367298 0.2816476 -0.6147389 -0.8046488 0.2857574 -0.5204642 -0.8835767 0.1776168 -0.433295 -0.9231055 0.2050529 -0.3253147 -0.9711856 0.1211735 -0.2052205 -0.9923351 0.1215698 -0.02217782 -0.7371534 0.3512148 0.5772807 0.3199692 0.7512435 0.5772806 -0.03981914 0.9464148 -0.3204894 0.3178643 0.7516227 -0.5779495 -0.7358269 0.3528926 -0.5779495 -0.5967075 0.7356806 -0.3204907 -0.7429981 0.3379699 -0.5776939 0.3331162 0.7451866 -0.5776942 0.7819758 0.2340571 0.5776946 0.2391564 -0.7804319 0.5776939 0.7819758 0.2340571 -0.5776946 0.2391564 -0.7804319 -0.5776939 0.2951476 -0.7610239 -0.5776942 0.7629332 0.2901767 -0.577694 0.7005367 -0.6376009 -0.3204895 0.9426157 -0.09360509 -0.3204898 0.7684907 0.2745848 -0.5779491 0.7682318 0.2767079 0.5772803 0.3087005 -0.755944 0.5772804 0.310451 -0.7547151 -0.5779492 -0.4816267 0.003790878 0.8763683 -0.4692613 0.02351485 0.8827462 0.5396008 0.5046004 0.6739505 0.5396029 0.5045999 0.6739493 0.2513022 0.4079974 -0.877716 0.2274067 0.4079688 -0.8842215 -0.714323 -0.1950113 -0.6720961 -0.7143221 -0.1950115 -0.6720971 -0.8873006 -0.2157233 -0.4076285 -0.9122846 -0.3161085 -0.2604076 -0.9130507 -0.3767114 -0.1562911 -0.931593 -0.3577107 -0.06463394 -0.7205888 -0.1696198 -0.6722952 -0.7300305 -0.4763623 -0.4900352 -0.8706538 -0.2305153 -0.4345396 -0.3546999 -0.1119702 -0.9282514 -0.4424352 -0.2189395 -0.8696647 -0.5351907 0.02566798 -0.8443412 -0.5648254 -0.1770847 -0.8059859 -0.01337519 0.2606185 -0.9653492 -0.06514965 0.0271199 -0.9975069 -0.2861845 0.1520813 -0.9460284 -0.2491295 0.04899143 -0.9672302 0.1654021 0.2319128 -0.9585711 0.02493594 0.231719 -0.9724631 -0.006133069 0.2602331 -0.9655263 0.4762949 0.5022247 -0.7217434 0.4762956 0.5022234 -0.7217439 0.4223912 0.5092709 -0.7498192 0.4364321 0.3345692 -0.8352188 0.7180544 0.5130703 -0.470273 0.7180525 0.5130713 -0.4702749 0.5698067 0.6637912 -0.4844601 0.6432638 0.5045911 -0.5758468 0.7968644 0.6006471 0.06503913 0.8893973 0.4492301 -0.08464496 0.6713414 0.7263192 -0.1475167 0.7587012 0.5806815 -0.2952652 0.6517994 0.6390467 0.4083833 0.7515301 0.6060697 0.2605419 0.8037765 0.5740746 0.1561461 0.5258738 0.5187305 0.6740738 0.7876535 0.3710722 0.4918408 0.6555009 0.6172169 0.4351574 0.2774892 0.2423289 0.9296647 0.4159817 0.2609276 0.8711349 0.2618701 0.4655229 0.8454067 0.4470519 0.3838182 0.8079778 -0.2152814 0.1464266 0.9655119 0.00891237 0.06897208 0.9975788 0.02044254 0.3238348 0.9458928 0.0894456 0.2354621 0.9677588 -0.286041 -0.02098075 0.9579877 -0.2122556 0.1024229 0.9718318 -0.2185679 0.140491 0.9656554 -0.6806869 -0.1371914 0.7196137 -0.6806891 -0.1371875 0.7196124 -0.6559713 -0.09255321 0.7490898 -0.5230364 -0.1834415 0.8323353 -0.8178003 -0.3348429 0.4680629 -0.8178012 -0.3348428 0.4680615 -0.8653746 -0.1324923 0.4832934 -0.7707124 -0.2771611 0.5737457 -0.8511358 -0.518172 0.08405713 -0.9715038 -0.1861119 0.1467742 -0.8958871 -0.3354038 0.2913599 -0.1872391 -0.7150314 0.6735515 -0.1747558 -0.7159809 0.6758933 -0.06715322 0.2991103 0.9518526 -0.1884695 0.3800223 0.9055729 -0.2065836 0.707355 -0.6759971 -0.20095 0.7079755 -0.6770449 -0.05528328 -0.3011746 -0.9519651 -0.1748918 -0.3858033 -0.9058525 -0.1327435 -0.9548625 0.265738 -0.05138992 -0.9841599 0.1696716 -0.1217436 -0.9904283 0.06504014 -0.05443384 -0.9976678 -0.04118123 -0.1342378 -0.8823596 -0.451023 -0.09105658 -0.8801668 -0.4658488 -0.08408104 -0.957937 -0.274385 -0.2733905 -0.9451781 -0.1785944 -0.1847741 -0.6651966 -0.7234445 -0.2044335 -0.6674226 -0.7160684 -0.07281793 -0.80187 -0.5930447 -0.2281245 -0.855209 -0.4653781 -0.2444968 -0.4042058 -0.8813847 -0.09313527 -0.5504857 -0.8296333 -0.1357232 -0.6804762 -0.7200912 -0.05571384 0.04012598 -0.9976402 -0.2306944 -0.1209716 -0.9654771 -0.2452185 -0.1346536 -0.960071 -0.2215345 -0.1272902 -0.966809 -0.1222293 0.4499618 -0.8846436 -0.09381144 0.348371 -0.9326505 -0.1479489 0.1813408 -0.9722277 -0.2674039 0.1771386 -0.9471627 -0.1986969 0.7092176 -0.6764096 0.03831206 0.5696377 -0.8210025 -0.2567993 0.4703852 -0.8442701 -0.2113823 0.8968763 -0.3884977 -0.3142297 0.8357701 -0.4502756 -0.2129762 0.8346853 -0.5078794 -0.08808678 0.9952574 0.04127307 -0.1560103 0.9856385 -0.06463348 -0.08732434 0.9816329 -0.1696211 -0.1656274 0.9494594 -0.2666354 -0.1635396 0.8774961 0.4508386 -0.118592 0.876824 0.4659567 -0.1455365 0.9428119 0.2998748 -0.3181497 0.9341759 0.1615429 -0.2069826 0.6588623 0.7232279 -0.2265732 0.6603411 0.7159708 -0.1009604 0.798868 0.592973 -0.258143 0.8465311 0.4655612 -0.258743 0.3959669 0.8810575 -0.1118899 0.5472725 0.8294416 -0.1596569 0.6754714 0.7198945 -0.05499878 -0.0418493 0.997609 -0.2346597 0.1132135 0.9654623 -0.2495617 0.1263052 0.9600864 -0.2244397 0.1199932 0.9670721 -0.1044419 -0.4547693 0.8844641 -0.07796666 -0.3550486 0.9315909 -0.1451268 -0.1865048 0.971676 -0.2614452 -0.1864844 0.9470322 -0.1695466 -0.7185725 0.6744683 0.04707796 -0.5698271 0.8204149 -0.2420931 -0.4795228 0.8434743 -0.1762438 -0.9048826 0.3874604 -0.2816105 -0.847903 0.4491726 -0.1852315 -0.8424795 0.5058829 0.1485787 -0.9780245 0.1462617 0.1927897 -0.9563214 0.2197305 0.1715638 -0.9258682 0.336651 0.2465376 -0.8752578 0.4161046 0.2463406 -0.8081404 0.5350004 0.3441213 -0.7331098 0.5866264 0.3665261 -0.6343265 0.6806531 0.4727087 -0.5523382 0.686636 0.9720735 0.09835897 -0.2130695 0.9792877 0.1446029 -0.141724 0.9729008 0.1449291 0.1801654 0.9600106 0.08423218 0.2669918 0.9187454 0.08913751 0.3846575 0.8865177 -0.005555689 0.4626613 0.8235703 -0.02900944 0.5664719 0.6888252 -0.1971249 0.6976114 0.5761502 -0.3707072 0.7284416 0.4922717 -0.4871738 0.7213392 0.9905771 0.1348025 -0.02419366 0.9899717 0.133893 0.04504014 0.9893149 0.119855 0.08301088 0.9370586 0.1102241 -0.3313182 0.9113479 0.0246608 -0.4108977 0.845997 0.004750297 -0.5331665 0.8026813 -0.1129961 -0.5856062 0.7133025 -0.1643364 -0.6813172 0.664854 -0.2923782 -0.6873748 0.610891 -0.3284401 -0.7203744 0.5230685 -0.441302 -0.7291446 0.3863473 -0.6035916 -0.6974332 0.3612301 -0.7066866 -0.6083641 0.2695193 -0.7793954 -0.5655989 0.2657313 -0.8449394 -0.4641812 0.1613503 -0.986568 0.02549033 0.1622017 -0.9857236 -0.04516232 0.1757486 -0.9808895 -0.08347606 0.1460213 -0.9721724 -0.1831903 0.2014597 -0.9408665 -0.2723677 0.1854715 -0.9028493 -0.3878962 0.5975873 -0.1111571 -0.7940614 0.918866 0.3334869 0.2108831 0.09307505 -0.9730699 -0.2108837 0.3568357 -0.4920721 0.7940613 -0.634608 -0.512018 -0.578887 -0.6347355 -0.5117167 0.5790137 -0.5344261 0.6180245 -0.5765713 -0.9203967 -0.2233861 0.3208873 -0.6341656 -0.5131474 -0.5783716 -0.6341656 -0.5131474 0.5783716 -0.9241832 -0.2298311 -0.3050623 -0.9241832 -0.2298311 0.3050623 -0.6354223 -0.511488 -0.5784622 -0.6352428 -0.5118965 0.578298 -0.9215125 -0.2269023 -0.3151668 -0.53518 0.6171733 0.5767837 -0.505948 -0.6400063 -0.5782808 -0.505948 -0.6400063 0.5782808 -0.8520631 -0.4256005 -0.3047174 -0.8520631 -0.4256005 0.3047174 -0.5112425 -0.6355096 -0.5785833 -0.5110055 -0.6358379 0.5784319 -0.8501448 -0.4205743 -0.3168139 -0.6562858 0.4865407 0.5766863 -0.6582167 0.4827218 -0.5776941 -0.487005 -0.655054 -0.577694 -0.8799985 -0.3659892 -0.302745 -0.862069 0.2361948 -0.4483849 -0.615312 0.4030129 -0.6774745 -0.5370242 -0.7187746 -0.441552 -0.8925136 -0.4286289 -0.1403453 -0.532898 -0.6182956 -0.5776939 -0.6217591 0.5288525 -0.5776943 -0.6210406 0.5300613 0.5773591 -0.6807619 -0.1051765 0.7249146 -0.7087416 -0.1558375 0.6880407 -0.6615289 -0.2942647 0.6897738 -0.6887462 -0.5712803 0.4463937 -0.6522881 -0.5082958 0.5622772 -0.6931083 -0.3888216 0.606975 -0.7024259 -0.3095331 -0.6409268 -0.655096 -0.4351535 -0.6176493 -0.6882147 -0.4934247 -0.5318765 -0.6475056 -0.6736781 0.3562223 -0.6869407 -0.6930652 0.2185705 -0.6605138 -0.7372761 0.1419348 -0.6619165 -0.7490892 -0.02705513 -0.647827 -0.7227279 -0.2407998 -0.6880385 -0.6377102 -0.3463074 -0.6513562 -0.6002664 -0.4641286 -0.595787 -0.5567113 -0.5788871 -0.595936 -0.55642 0.5790138 -0.57786 0.577619 -0.576571 -0.9017613 -0.2895771 0.3208919 -0.5952626 -0.5578073 -0.5783714 -0.5952626 -0.5578073 0.5783714 -0.9050711 -0.2962813 -0.3050635 -0.9050711 -0.2962813 0.3050635 -0.5966373 -0.5562424 -0.578462 -0.5964286 -0.5566369 0.5782978 -0.9026192 -0.2931656 -0.3151705 -0.5785502 0.5767152 0.5767835 -0.04018504 0.08225407 0.9958009 -0.04343966 0.07698613 0.9960854 0 0 1 0 0 1 0 0 1 0 0 1 0.08828847 -0.004364679 0.9960854 0.09100624 -0.00992902 0.9958008 0.08919408 -0.02062305 0.9958007 0.08612813 -0.03102727 0.9958008 0.08173474 -0.03938905 0.9958755 -0.08781586 0.02587076 0.9958007 -0.08413886 0.03607506 0.9958008 -0.07928109 0.04577297 0.9958009 0 0 1 0 0 1 -0.09143441 0.004520172 0.9958008 -0.08839159 -0.0008732618 0.9960854 -0.08787477 0.009587251 0.9960854 -0.09025918 0.01530288 0.9958007 0.08428283 0.02665048 0.9960854 0.08549892 0.03272309 0.9958008 0.08053893 0.03643157 0.9960854 0.08102813 0.04260511 0.9958008 0.07542041 0.05188983 0.9958008 0.06875302 0.06044518 0.9958009 0.06112184 0.06815299 0.9958008 0.05263221 0.07490381 0.9958008 0.04644701 0.07520964 0.9960854 0.04340352 0.0806028 0.9958008 0.03356571 0.08517039 0.9958009 0.0232568 0.08854281 0.9958008 0.01262153 0.09067296 0.9958007 0.001808666 0.09152842 0.9958008 -0.003492237 0.08832692 0.9960854 -0.02414136 0.08503571 0.9960854 -0.01974072 0.08939287 0.9958008 -0.009029357 0.09109998 0.9958008 -0.05223984 0.07130764 0.9960854 -0.04963217 0.07692481 0.9958008 -0.0857131 -0.0216107 0.9960855 -0.08728654 -0.02760033 0.9958008 -0.08340895 -0.03773007 0.9958009 -0.07823921 -0.04113898 0.9960854 -0.04810193 -0.07788927 0.9958009 -0.04190982 -0.07782897 0.9960854 -0.0783611 -0.04733036 0.9958009 -0.07221427 -0.05626688 0.9958008 -0.06505155 -0.06441208 0.9958009 -0.056977 -0.07165406 0.9958008 -0.03855277 -0.08303327 0.9958008 -0.02846127 -0.08700952 0.9958008 -0.01797049 -0.0897645 0.9958009 -0.007227759 -0.09126064 0.9958008 0.003616381 -0.09147427 0.9958009 0.008718441 -0.08796485 0.9960854 0.01906127 -0.08631576 0.9960855 0.01441031 -0.09040488 0.9958008 0.04792428 -0.07427776 0.9960854 0.09344885 -0.05395278 0.9941612 0.07498009 -0.05109032 0.9958754 0.06245679 -0.06693254 0.9958008 0.06993428 -0.05907531 0.9958008 0.05410201 -0.07384922 0.9958008 -0.07331118 0.0548287 0.9958008 -0.06631245 0.06311521 0.9958007 -0.05838229 0.07051542 0.9958007 -0.03017484 0.0864303 0.9958008 0.08828763 -0.004364652 0.9960855 0.09154146 0.000904378 0.9958009 0.09079229 0.01172498 0.9958008 0.08876804 0.02238076 0.9958009 0.0250016 -0.08806517 0.9958009 0.03524222 -0.08449158 0.9958008 0.0449876 -0.07972936 0.9958009 0.04792322 -0.07427645 0.9960855 -0.09132754 -0.00632579 0.9958008 -0.08993846 -0.01708305 0.9958008 -0.5926758 0.3421816 -0.7291413 -0.5172071 0.4481626 -0.7291413 -0.4230452 0.5379458 -0.7291413 -0.3135933 0.6082862 -0.7291413 -0.1928074 0.6566417 -0.7291413 -0.06505292 0.6812643 -0.7291413 0.06505292 0.6812643 -0.7291413 0.1928074 0.6566417 -0.7291413 0.3135933 0.6082863 -0.7291413 0.4230452 0.5379458 -0.7291414 0.5172072 0.4481626 -0.7291413 0.5926758 0.3421816 -0.7291413 0.6467237 0.2238332 -0.7291414 0.6773974 0.097395 -0.7291413 0.683588 -0.03256327 -0.7291414 0.6650721 -0.1613447 -0.7291413 0.6225186 -0.2842947 -0.7291413 0.5574657 -0.3969696 -0.7291414 0.4722646 -0.495297 -0.7291413 0.3699947 -0.5757229 -0.7291413 0.2543522 -0.6353408 -0.7291413 0.1295167 -0.6719958 -0.7291413 4.61512e-09 -0.6843631 -0.7291413 -0.1295166 -0.6719958 -0.7291413 -0.2543522 -0.6353407 -0.7291414 -0.3699947 -0.575723 -0.7291413 -0.4722646 -0.4952969 -0.7291413 -0.5574658 -0.3969696 -0.7291413 -0.6225186 -0.2842947 -0.7291413 -0.665072 -0.1613446 -0.7291413 -0.6835881 -0.03256339 -0.7291412 -0.6773973 0.09739486 -0.7291414 -0.6467237 0.2238333 -0.7291413 0.07801748 -0.04504337 0.9959339 0.5294567 0.6827279 0.5035456 0.5294567 0.6827279 -0.5035456 0.07801743 -0.04504343 -0.9959339 -0.02459974 -0.8474859 -0.5302476 0.3711957 -0.8310816 -0.4141462 0.3007503 -0.7393535 -0.6024164 0.4592513 -0.4112881 -0.7873566 0.4690907 -0.6326716 -0.6161823 0.764089 -0.5578943 -0.3239166 0.5974535 -0.3781383 -0.7071497 0.705113 -0.6984762 -0.1222564 0.8021505 -0.5855656 -0.1169076 -0.2169228 -0.7970744 -0.5635751 0.04766728 -0.7544433 -0.654632 0.2814373 -0.3874881 -0.8778645 0.4542273 -0.2956706 -0.8403907 0.3052213 -0.2412134 -0.9212253 0.1371286 -0.5713354 -0.8091796 0.879305 -0.4726192 -0.0587688 0.9521609 -0.2938072 0.08406454 0.889233 -0.4511671 -0.07558456 0.905934 -0.4234187 0.0003917807 0.8856526 -0.4576352 -0.07867378 0.8139384 -0.4646452 -0.3487249 0.7163401 -0.4452018 -0.5372636 -0.2468279 -0.863708 -0.4394138 0.8472428 -0.5255629 -0.07722259 0.9099893 -0.4132647 -0.03364162 0.890978 -0.4516157 -0.04691963 0.7216796 -0.672881 -0.1625108 -0.02953132 -0.9042759 -0.425926 0.3809889 -0.8623895 -0.3333644 0.7256929 -0.6880014 0.004881581 0.317014 -0.9253882 -0.2077467 -0.03231867 -0.9051993 0.4237567 0.3663354 -0.8746757 0.3173968 0.2334934 -0.9371439 0.2593109 0.3534565 -0.9354506 -0.0008370839 -0.06537491 -0.9610576 0.2685039 -0.09087485 -0.9957546 -0.01464974 -0.2432849 -0.8666618 0.4355569 -0.03552078 -0.9688936 -0.2449153 0.9073215 -0.4187778 0.03731997 0.9205545 -0.3902497 0.01687069 0.8488989 -0.5226673 0.07867413 0.7263479 -0.6707959 0.1498387 0.9233606 -0.383752 -0.01181423 0.9063635 -0.4224569 0.005952544 0.8911522 -0.4512367 0.04725671 -0.2281023 -0.7990455 0.5563233 0.8824433 -0.4667424 0.05869734 -0.02410259 -0.8471012 0.5308848 0.3711305 -0.8307866 0.4147961 0.7052607 -0.6982283 0.1228192 0.8000985 -0.5880782 0.1183491 0.3767738 -0.7571258 0.5336684 0.7626801 -0.5550454 0.3320295 0.6148684 -0.3643914 0.6993967 0.7326856 -0.4189721 0.5363154 0.5256676 -0.4643505 0.7127778 0.4837992 -0.6181311 0.6195581 0.1173903 -0.5819345 0.8047184 0.2453465 -0.3707967 0.8957203 0.3005103 -0.2217215 0.9276493 0.4544131 -0.2951573 0.8404706 0.07020237 -0.7453252 0.6629947 0.8870046 -0.4546572 0.08068252 0.8928187 -0.4476657 0.04970152 0.8214097 -0.4449208 0.3568354 0.8843717 -0.4575998 0.09213653 0.885332 -0.4612442 0.05866069 -0.09679285 0.903375 -0.4177855 -0.616257 0.7332608 -0.2873256 0.1294724 0.7344953 -0.6661483 -0.7714974 0.2698682 -0.5761622 -0.6662171 0.6885141 -0.2865364 -0.1407662 0.9558111 -0.2580892 -0.143343 0.9427941 0.3009851 -0.6220778 0.6500401 0.4364254 -0.6446442 0.3750452 0.6661644 0.2917001 0.7635084 0.5761649 -0.09933583 0.9485619 0.3006039 -0.6319465 0.7154499 0.2979515 -0.1909202 0.9389646 -0.2861729 -0.6963084 0.6623205 -0.2765613 -0.1894837 0.9353963 0.298546 -0.694714 0.6537942 0.2998759 -0.9655937 0.2590126 -0.02326597 -0.9498755 0.2847853 -0.1289723 -0.9434709 0.2570356 -0.2092735 -0.368945 0.6347338 -0.6789644 -0.4790086 0.5592715 -0.6765842 -0.5205184 0.5099794 -0.6848224 -0.6307048 0.4954892 -0.5972453 -0.7135218 0.393037 -0.5800074 -0.7881062 0.3999475 -0.4679002 -0.8609081 0.3062147 -0.4062879 -0.893953 0.3382055 -0.2940494 -0.9406928 0.2674957 -0.2086699 -0.2325616 0.7487277 -0.6207431 -0.1000071 0.7851924 -0.6111231 -0.07460542 0.8552674 -0.5127881 0.03414725 0.8843364 -0.4655998 0.02475682 0.9370494 -0.3483183 0.0824357 0.9619157 -0.2606197 0.06222252 0.9862646 -0.153005 0.1688241 0.981931 -0.08549845 0.1511468 0.9874079 -0.04669374 0.1543056 0.9877191 0.02450906 -0.4350445 0.5915367 0.6788377 -0.3215751 0.6648045 0.6742584 -0.2509549 0.6831617 0.6857928 -0.1970676 0.7725424 0.603608 -0.07217317 0.808619 0.583889 -0.04777225 0.8787682 0.4748518 0.06417468 0.9086345 0.4126317 0.06079764 0.9520334 0.2998934 0.1451234 0.9650338 0.2182863 0.1230255 0.9834201 0.1332274 -0.9641111 0.2613211 0.04691605 -0.9666223 0.2418506 0.0845554 -0.591188 0.5135011 0.6219432 -0.6768259 0.4084242 0.6124511 -0.7548112 0.4085285 0.5131905 -0.8253502 0.3187517 0.4660412 -0.8729872 0.3386008 0.3510595 -0.9268752 0.2605012 0.2702618 -0.9254419 0.2681407 0.2676899 -0.9391049 0.297837 0.1713915 -0.9769167 0.2119571 -0.02660766 -0.9341985 0.263385 -0.2406272 -0.903957 0.2358918 -0.3566746 -0.8381737 0.3305661 -0.4338098 -0.7796641 0.3212648 -0.5375061 -0.7048635 0.4218128 -0.5702994 -0.6249805 0.4304264 -0.6512545 -0.5634621 0.5145097 -0.6463669 -0.487471 0.5289517 -0.6946813 -0.4640074 0.5529545 -0.6920538 -0.810706 0.09959957 -0.5769191 -0.7877251 0.5416194 -0.2934921 -0.3590045 0.882768 -0.3030454 -0.3497346 0.8867153 0.3023602 -0.4914798 0.5429533 0.680918 -0.9831947 0.1696033 0.06754987 -0.9649225 0.2179853 0.146311 -0.9078816 0.2694127 0.3211975 -0.862348 0.2547023 0.4375873 -0.7959759 0.3494102 0.4943025 -0.7190561 0.3490023 0.6009623 -0.6398657 0.4634625 0.6130044 -0.5237475 0.4898548 0.6969439 -0.7393993 0.3563276 -0.5712436 -0.5667392 0.774177 -0.2818806 -0.5689239 0.7635894 -0.3053799 -0.0785837 0.9523541 -0.294697 0.3276399 0.7482304 -0.5768911 -0.2651684 0.6577188 -0.7050473 -0.06899009 0.9511652 -0.3008739 -0.06957195 0.9517848 0.2987731 -0.2609887 0.6609124 0.703619 -0.5599491 0.7720956 0.3005417 0.6745788 -0.6778384 -0.2923671 0.9387626 -0.1715264 -0.2988368 0.666721 -0.6832126 0.2978315 0.9389844 -0.1713255 0.2982546 0.7682148 0.2812677 -0.5750952 0.9470525 -0.1252282 -0.2956509 0.9498648 -0.1111538 -0.2922355 0.7208872 -0.6291082 -0.2907654 0.3047021 -0.7592599 -0.5750488 0.7334845 -0.6106896 -0.2984269 0.7285029 -0.6164872 0.298709 0.9473263 -0.1248312 0.2949408 -0.4314278 0.2325887 -0.8716493 0.720387 0.6416986 0.2631833 0.5828136 0.8109675 0.05157575 0.5117465 0.7844128 -0.3504456 0.418513 0.9009778 -0.1143933 0.2274859 0.6548685 -0.7206923 0.03887838 0.6347052 -0.7717758 0.2656537 0.7309512 -0.6286004 0.3462517 0.82745 -0.4420818 -0.05247006 0.4577973 -0.8875069 -0.1810349 0.4688306 -0.864537 -0.3516828 0.3824165 -0.8544453 -0.8050915 0.1328347 -0.5780853 -0.7324415 0.1361181 -0.6670841 -0.5835724 0.2901779 -0.7584458 -0.6593055 0.7444033 -0.1057351 -0.9005442 0.388321 -0.1955169 -0.8518688 0.4043448 -0.3329037 -0.9001028 0.1486 -0.4095521 -0.7824665 0.4285384 -0.4517754 -0.6992545 0.4597738 -0.5474041 -0.6075773 0.4973328 -0.6192818 -0.5117659 0.5404412 -0.6678465 -0.4147795 0.5884957 -0.6939963 -0.3187313 0.6407839 -0.6984313 -0.2252831 0.696492 -0.6812829 -0.1358727 0.7544597 -0.6421287 -0.05241234 0.8128435 -0.5801193 0.02263475 0.8689286 -0.4944196 0.08590226 0.9187962 -0.3852717 0.1333071 0.9577289 -0.2549207 0.1609383 0.9809537 -0.1087596 0.1655605 0.9851721 0.04500806 0.5511833 0.7969994 0.2469593 -0.4136071 0.8385361 -0.3546637 -0.5020893 0.8601159 -0.09003844 -0.5007292 0.8608014 -0.09105611 -0.4427065 0.8200672 -0.3626303 -0.4734853 0.8035661 -0.3606843 -0.4682082 0.8785466 -0.09453506 -0.5053775 0.789393 -0.3485001 -0.4571956 0.8850925 -0.08708239 -0.4992656 0.8625396 -0.08221508 -0.4842815 0.8695774 -0.09647095 -0.4759441 0.8748525 -0.09005746 -0.437413 0.8950859 -0.08655115 -0.5387524 0.7771088 -0.3253426 -0.4408413 0.893925 -0.08097536 -0.4516049 0.8876922 -0.08975282 -0.4245201 0.9026237 -0.07108544 -0.4235754 0.9025473 -0.07740963 -0.5722675 0.7671724 -0.2897524 -0.6302408 0.7558499 -0.1774473 -0.6037561 0.7600274 -0.2404931 -0.4014338 0.9144546 -0.0512216 -0.4228058 0.9029352 -0.07709252 -0.4109309 0.9096263 -0.06095762 -0.4158425 0.9069018 -0.06785365 -0.3817183 0.9240085 -0.02234691 -0.4979401 0.8655231 -0.05408632 -0.3938676 0.9183677 -0.03832705 -0.4076307 0.9115939 -0.05323417 -0.2814856 0.9578701 -0.05701505 -0.5656094 0.8245573 -0.01382833 -0.588118 0.8085534 -0.01893509 -0.2912613 0.9471632 -0.1343459 -0.5683909 0.8223646 0.02546211 -0.587702 0.808949 0.01441957 -0.2731659 0.9617856 0.01867914 -0.5569898 0.8305189 0.0008899759 -0.6372637 0.7706419 0.002462198 -0.3337257 0.9064018 -0.2589651 -0.3103176 0.9288255 -0.2024504 -0.5654818 0.8231276 -0.0518775 -0.5494681 0.8329209 -0.06578367 -0.5550392 0.8293286 -0.06438629 -0.3591832 0.8826292 -0.3032376 -0.5419107 0.8371701 -0.07402021 -0.3857116 0.8596102 -0.3351074 -0.5574467 0.8295115 -0.03411611 -0.5763965 0.81638 -0.03592744 -0.5534906 0.8312115 -0.05230234 0.1478662 0.9694979 0.1954722 -0.2820841 0.9535533 0.1056628 -0.4702298 0.8808893 0.05401936 -0.5293385 0.8446435 -0.0798627 -0.5172272 0.8512128 -0.08895415 -0.5107135 0.8554274 -0.086115 -0.9679643 -0.04511151 -0.2470023 -0.9259518 -0.2708453 -0.2631656 0.03247243 0.4881083 0.8721788 -0.9965359 -0.06479304 -0.05213566 -0.9363845 -0.01591617 0.3506147 -0.9862401 0.1198431 0.1138772 -0.675213 0.1494853 0.7223168 -0.5596216 0.3039192 0.7710102 -0.7614913 0.1631451 0.6273075 -0.8856872 0.1430184 0.4417056 -0.3614516 0.2884957 0.8866358 -0.3010106 0.3991251 0.8660784 -0.1398585 0.5019397 0.8535198 0.3152649 0.7520105 0.5788681 0.2686159 0.6957226 0.6661948 0.06460235 0.6466574 0.76004 0.1084145 0.9366051 0.3331923 0.3491243 0.8428224 0.4095885 0.05107415 0.8905468 0.4520154 -0.0195617 0.8364977 0.5476211 -0.09999419 0.7786495 0.6194401 -0.187398 0.7202377 0.6679369 -0.2795433 0.6634351 0.6940529 -0.3747456 0.609735 0.6984189 -0.4715397 0.5599987 0.6812134 -0.5680561 0.5149188 0.6420053 -0.6618328 0.4750912 0.5798842 -0.7491384 0.441161 0.4941342 -0.8248992 0.4139831 0.3849146 -0.8829886 0.3944137 0.2544974 -0.9172356 0.3833233 0.1083609 -0.9231834 0.3816677 -0.04541164 -0.4609271 0.8099684 0.3626256 -0.492187 0.7950636 0.3544372 -0.4631497 0.8820614 0.08637128 -0.4306328 0.8272957 0.3607452 -0.4973642 0.862584 0.09261607 -0.4017055 0.84684 0.348561 -0.49767 0.8625318 0.09145243 -0.5079488 0.8570736 0.08609821 -0.4728262 0.8775486 0.07964844 -0.4782166 0.8739652 0.08656625 -0.4888808 0.8678401 0.08859554 -0.5201184 0.8500065 0.08346125 -0.5279423 0.8465023 0.06863496 -0.3735879 0.8686263 0.3254541 -0.5311712 0.8436076 0.07863388 -0.5429197 0.837119 0.06685749 -0.3473363 0.8918087 0.2898875 -0.3069852 0.9349779 0.1776977 -0.3244567 0.9147479 0.2407576 -0.5640415 0.8242263 0.05008162 -0.5413457 0.837393 0.07561594 -0.5551217 0.8295893 0.06017902 -0.5499066 0.8325608 0.06667241 -0.569083 0.8213787 0.03849094 -0.5580849 0.8281226 0.05247996 -0.6632694 0.7462119 0.0569341 -0.3983904 0.9171127 0.01376165 -0.3727942 0.9277292 0.01852277 -0.6491524 0.7487156 0.1342615 -0.1608157 0.9867947 0.01935331 -0.6708165 0.7413832 -0.01887341 -0.3835851 0.9235054 0.0004281298 -0.3394684 0.9406173 -0.0005524076 -0.5921059 0.763136 0.2589095 -0.6234536 0.755212 0.2023868 -0.3903169 0.9195312 0.04599013 -0.4137853 0.9085372 0.05780909 -0.558096 0.7722731 0.303518 -0.4011993 0.9143547 0.05472281 -0.4069653 0.9115609 0.05861693 -0.4026142 0.9147979 0.03235006 -0.381008 0.9239737 0.03324895 -0.403639 0.913672 0.04773904 -0.4200887 0.904758 0.07027415 -0.4374835 0.8957036 0.07951863 -0.524902 0.78247 0.3349904 -0.4471923 0.890287 0.08606982 -0.4540258 0.8871699 0.08240255 -0.9913958 -0.1286641 -0.0240794 -0.9984534 -0.002463306 -0.05554067 -0.9892731 -0.1457677 -0.009512047 -0.9801347 0.197174 -0.02141023 -0.9782265 0.1983451 0.06109141 -0.9730282 0.1851462 0.1376121 -0.990381 -0.1368077 0.02071299 -0.9932078 -0.1145983 0.02013937 -0.9893197 -0.1456257 0.006292552 -0.9914871 -0.1301973 0.001377207 -0.955272 0.1376132 0.2617596 -0.9933784 -0.09770958 0.06043383 -0.9643592 0.1648223 0.2069903 -0.9904498 -0.1313924 0.04177601 -0.9396134 0.06512104 0.3359849 -0.9939755 -0.06671642 0.08695725 -0.9467967 0.1017703 0.3053174 -0.9936598 -0.08490222 0.0737005 -0.9934647 -0.07935938 0.08203671 -0.9932325 -0.09090409 0.0722881 -0.9922301 -0.1135098 0.05094084 -0.9932662 -0.102611 0.05378867 -0.9907857 -0.1311375 0.03386184 -0.9932444 -0.1097483 0.03769456 -0.9315612 -0.04064141 0.3613059 -0.9341648 -0.07581215 0.3486955 -0.996443 0.01396541 0.08310484 -0.9976179 0.01968217 0.06611531 -0.9956039 0.004746358 0.09354309 -0.9961142 -0.003997233 0.08798072 -0.9315823 -0.006006975 0.3634809 -0.9455138 -0.1474611 0.2902737 -0.9957989 0.0507193 0.07623688 -0.9961867 0.05643539 0.06653603 -0.9389594 -0.1117082 0.3253868 -0.995775 0.07101658 0.05821358 -0.9532676 -0.1811937 0.2417639 -0.9961002 0.05713152 0.0672337 -0.9959775 0.04109369 0.07962536 -0.9967873 0.03927094 0.0698065 -0.9965816 0.02742339 0.07792991 -0.4147346 -0.8755658 0.2477494 -0.7654901 -0.6130553 0.1954178 -0.7573206 -0.5617527 0.3330156 -0.960299 -0.2098132 0.1838595 -0.7460489 -0.4891728 0.4517975 -0.7345659 -0.4010228 0.5473515 -0.7246373 -0.3025332 0.6191723 -0.7176582 -0.1977342 0.6677334 -0.7144196 -0.08959622 0.6939576 -0.715383 0.01969073 0.698455 -0.7205788 0.1284334 0.6813743 -0.9343881 0.02926536 0.3550527 -0.7296913 0.2346517 0.6422532 -0.7420227 0.3358809 0.5801606 -0.7562739 0.4285291 0.494381 -0.7706598 0.5077322 0.3850863 -0.7828455 0.567749 0.2545859 -0.7904821 0.6028184 0.1083886 -0.7917119 0.6091977 -0.04550177 -0.9744246 0.1986659 -0.1050169 -0.4303814 0.1811745 0.884278 -0.4930168 0.05631703 0.8681952 -0.4070565 -0.2627638 0.8747915 -0.5078958 -0.1367275 0.8504983 -0.5347818 -0.4042852 0.7419986 -0.4711521 -0.5743962 0.6693912 -0.5429482 -0.7445426 0.3884115 -0.4914802 -0.6475632 0.5823307 -0.210669 -0.9400814 0.2680774 -0.4413281 0.8953647 -0.05959481 -0.4531706 0.8208672 0.3475822 -0.5826211 0.8009939 0.1377007 -0.5267759 0.5755753 0.6254761 -0.5541692 0.6990352 0.4519362 -0.5350799 0.3171163 0.7830241 -0.4620336 0.5208908 0.7177727 -0.7863894 0.5859915 -0.1954629 -0.4449647 0.8605822 -0.2477996 -0.2436229 0.931934 -0.2686016 -0.9668924 -0.2325818 0.1049988 -0.9979281 -0.03243853 0.05556348 -0.9963379 0.0812428 0.0266524 -0.9951815 0.0937209 0.0288135 -0.9964362 0.06440126 0.05447303 -0.9951975 0.09017917 0.03807304 -0.9960312 -0.0259657 0.08513251 -0.9955543 -0.04478732 0.08286003 -0.994652 -0.05183746 0.08933216 -0.9946037 -0.06498908 0.08086986 -0.9907185 0.1355376 0.0103174 -0.9726162 -0.231458 0.02109292 -0.9706961 -0.2323714 -0.06125907 -0.9659625 -0.2189254 -0.1377976 -0.9948385 0.09925457 -0.02109132 -0.9968292 0.07682223 -0.02073257 -0.9896921 0.1430809 -0.006109086 -0.9921507 0.1250461 -0.0006963213 -0.9498833 -0.1707445 -0.2618551 -0.9603747 0.2557333 0.1108193 -0.9580146 -0.1983087 -0.2070787 -0.994252 0.09888927 -0.04103619 -0.9426723 -0.1345827 -0.3053793 -0.9367888 -0.09773525 -0.3359682 -0.9962753 0.03713407 -0.07782437 -0.9938503 0.1106946 -0.002863897 -0.9946263 0.1033252 -0.006520703 -0.9552784 0.2719847 0.1160492 -0.9961449 0.0705366 -0.05215329 -0.9545708 0.2948558 0.04306639 -0.9609406 0.2738045 0.04030064 -0.9957168 -0.001698474 -0.09244012 -0.9327721 -0.06168531 -0.3551496 -0.9960815 -0.009003442 -0.08798055 -0.9311928 -0.02659425 -0.3635557 -0.9324318 0.00818535 -0.3612532 -0.9362522 0.04330948 -0.3486489 -0.9950941 -0.04992935 -0.08540969 -0.9947922 -0.0396202 -0.09390755 -0.9955491 -0.03159312 -0.08879113 -0.9952161 -0.02046436 -0.09553075 -0.9934155 -0.08192385 -0.08008811 -0.9934521 -0.09186192 -0.06792937 -0.9501046 0.1143711 -0.2902078 -0.9941811 -0.07751056 -0.07480679 -0.9422818 0.07900795 -0.3253656 -0.9925896 -0.1061278 -0.05918377 -0.9590053 0.1478871 -0.24174 -0.9934895 -0.0920423 -0.06713247 -0.9936683 -0.07114088 -0.08696094 -0.9946874 -0.06956517 -0.07587987 -0.9940603 -0.05990063 -0.09086262 -0.7764953 0.5351151 -0.3327265 -0.9670823 0.176118 -0.1836689 -0.7626978 0.4630208 -0.4515571 -0.7481484 0.3753888 -0.5471355 -0.7347936 0.2773075 -0.6190145 -0.7241304 0.1728792 -0.6676436 -0.7171344 0.06492938 -0.6939037 -0.7142627 -0.04437874 -0.6984693 -0.715646 -0.1532097 -0.6814525 -0.7210411 -0.2597126 -0.6423778 -0.7298028 -0.3612842 -0.5803977 -0.7408373 -0.4543862 -0.4946648 -0.7524283 -0.5341215 -0.3854424 -0.7625283 -0.5945756 -0.2550108 -0.7689567 -0.6299768 -0.1087884 -0.7699742 -0.6364794 0.04509783 -0.424703 -0.1952109 -0.8840362 -0.4909665 -0.07314845 -0.868102 -0.4141218 0.2506387 -0.8750334 -0.5121914 0.1192796 -0.8505483 -0.5476322 0.3858663 -0.7424326 -0.494566 0.5560017 -0.6680319 -0.5731145 0.7219825 -0.387661 -0.5093439 0.6321447 -0.5839194 -0.4100219 -0.9101531 0.05918899 -0.4312316 -0.8365002 -0.3380927 -0.5630182 -0.8122199 -0.152674 -0.5074139 -0.5927558 -0.6254372 -0.5292898 -0.7179073 -0.4521742 -0.5234786 -0.3352603 -0.7833075 -0.4435869 -0.5363283 -0.7180408 -0.9900594 -0.1384953 -0.02452611 -0.9921831 -0.1161165 -0.04571354 -0.9894573 -0.1416767 -0.03003156 -0.9960683 0.009394747 -0.08808858 -0.9954509 0.01555493 -0.09399722 -0.9964892 0.03711833 -0.07504334 0.5704417 -0.4717719 -0.67233 0.6486241 -0.3629647 -0.6689868 0.6695787 -0.296528 -0.6809813 0.7635609 -0.2442968 -0.5977406 0.805064 -0.1195138 -0.5810236 0.8776675 -0.09758393 -0.4692303 0.9128518 0.01544575 -0.4079988 0.9552741 0.004459283 -0.2956882 0.9736126 0.08666896 -0.2111089 0.9899282 0.05685732 -0.1296514 0.9966553 0.078114 -0.02400685 0.479487 -0.6237188 -0.6173063 0.3679228 -0.7018295 -0.609974 0.3635349 -0.7774343 -0.5132624 0.2827024 -0.8366751 -0.4690993 0.3032806 -0.8883464 -0.3447631 0.2211984 -0.936711 -0.2713738 0.2526381 -0.9523928 -0.1706516 0.1947895 -0.9772067 -0.08440451 0.2146008 -0.9755844 -0.04670646 0.2102874 -0.9772712 0.02683766 0.6145516 -0.4046909 0.6771644 0.535366 -0.5120954 0.6716707 0.475579 -0.5547605 0.6826898 0.4580987 -0.6567551 0.5990144 0.3516813 -0.7341399 0.580826 0.3485153 -0.8097696 0.4720278 0.2515708 -0.8746504 0.4143656 0.2707021 -0.9140395 0.3020796 0.1971726 -0.9556468 0.2187742 0.2251975 -0.9650944 0.1337122 0.7338588 -0.2759497 0.6207278 0.7765721 -0.1469138 0.6126598 0.8492764 -0.120145 0.514096 0.8843947 -0.01133728 0.4666021 0.9360852 -0.01254842 0.3515496 0.9593675 0.07935127 0.2707717 0.9837329 0.05318975 0.171582 0.9899094 0.1134124 0.08495351 0.9954273 0.0822618 0.04855314 0.828573 -0.3885226 -0.403134 0.9797538 -0.1676889 0.1093749 0.5653272 -0.8172047 -0.1121679 0.7044061 -0.5842681 0.4030419 -0.8860978 0.3609834 -0.290726 -0.9404635 -0.1724048 -0.292925 -0.9004341 0.3434388 0.2669612 -0.9375601 -0.186358 0.2936865 -0.9389174 -0.173001 -0.2974976 -0.6257428 -0.5257154 -0.5762546 -0.6256068 -0.5259609 0.5761781 -0.9363666 -0.1841046 0.2988696 -0.9349468 -0.189899 -0.2996878 -0.6252474 -0.5262078 -0.5763428 -0.6255526 -0.5256891 0.576485 -0.9381608 -0.1692256 0.3020217 -0.8734219 -0.386548 -0.2961668 -0.7038377 -0.09107512 -0.7044982 -0.4901644 -0.6531145 -0.5772178 -0.4901644 -0.6531145 0.5772178 -0.7036408 -0.09189409 0.7045886 -0.8687336 -0.3965616 0.2967168 -0.8691701 -0.3982175 -0.2931999 -0.7063791 -0.08982762 -0.7021108 -0.4901644 -0.6531145 -0.5772178 -0.8854293 -0.3590533 -0.2951197 -0.944661 0.1215152 -0.3047125 -0.9431565 0.1256059 0.3076994 -0.8726666 -0.3906062 0.2930526 -0.7045145 -0.09278043 0.7035987 -0.8743114 0.2437962 -0.4196939 -0.9491544 -0.2811007 -0.1417333 -0.6319463 0.3864776 -0.671773 -0.5393618 -0.6142569 -0.5760012 -0.8879501 -0.3591437 -0.2873333 -0.9373475 0.214541 -0.2745029 -0.9278226 0.2246447 0.2977918 -0.727814 -0.1039321 0.6778531 -0.729731 -0.2063741 0.6518454 -0.7189608 -0.694578 -0.02562751 -0.7202472 -0.6813637 0.1303362 -0.6914543 -0.6889772 0.2172586 -0.7371149 -0.5991433 0.3125524 -0.6937371 -0.5680416 0.442784 -0.739658 -0.4579121 0.493176 -0.7004805 -0.3864864 0.5999628 -0.717252 -0.3285367 0.6145024 -0.7104129 -0.1464137 0.6883869 -0.5417778 -0.787459 -0.2939134 -0.703811 -0.2902869 -0.64837 -0.7354846 -0.642527 -0.2149919 -0.6913875 -0.633951 -0.3465394 -0.7360648 -0.5305349 -0.4204062 -0.6937132 -0.4775692 -0.5391564 -0.7394495 -0.3602924 -0.568686 -0.9126179 0.2932555 -0.284833 -0.7158978 0.01681671 -0.6980026 -0.9223681 -0.2563622 -0.2889906 -0.9094683 0.2909053 0.2970548 -0.7102159 0.01558352 0.7038115 -0.9218218 -0.2413987 0.3032675 -0.9181974 -0.2549588 -0.303166 -0.5831499 -0.5721266 -0.5767212 -0.7092134 0.01847557 -0.7047517 -0.5831499 -0.5721266 0.5767212 -0.709152 0.01807725 0.7048238 -0.9177859 -0.2596844 0.3003881 -0.9177722 -0.2595029 -0.3005869 -0.5831499 -0.5721266 -0.5767212 -0.7090399 0.01786749 -0.704942 -0.5831499 -0.5721266 0.5767212 -0.7091928 0.01869775 0.7047666 -0.9193777 -0.2552061 0.2993568 0.6359682 -0.6815424 0.3620005 0.7606673 -0.6431651 0.0878857 0.7121127 -0.6015414 0.3619991 0.7955438 -0.5987808 0.09258284 0.7731019 -0.5178498 0.3662581 0.5508975 -0.7519779 0.361996 0.6406135 -0.7635768 0.08102384 0.6758028 -0.7332337 0.07522503 0.3283203 -0.9404215 0.08839216 0.3840806 -0.9191608 0.08732436 0.3588545 -0.8603368 0.3620002 0.4888098 -0.8679907 0.08750513 0.4580911 -0.8118555 0.361999 0.540001 -0.8369481 0.08897572 0.5886627 -0.8035044 0.08863906 0.2722593 -0.9581482 0.08846972 0.2545816 -0.8967417 0.361998 0.2147781 -0.972589 0.0891119 0.1467344 -0.9205573 0.3619989 0.1566144 -0.983683 0.08854199 0.09824448 -0.991214 0.08855989 0.03682804 -0.9314518 0.3619963 0.03900786 -0.9953674 0.08787551 -0.07359723 -0.9292703 0.3619948 -0.07819353 -0.993048 0.08798571 -0.1373231 -0.9865305 0.08888107 -0.1829881 -0.914043 0.3619956 -0.1954873 -0.976693 0.08863166 -0.2530369 -0.9633527 0.0890159 -0.289811 -0.8859847 0.3619953 -0.3105632 -0.9465236 0.08742693 -0.3925647 -0.8454891 0.3619961 -0.4189192 -0.9038266 0.08720184 -0.580174 -0.7296253 0.3620014 -0.5726369 -0.8149521 0.08910746 -0.4898069 -0.7931233 0.3620008 -0.5231614 -0.8476335 0.0884286 -0.4722667 -0.8770226 0.0882925 -0.820589 -0.564573 0.08883087 -0.7854716 -0.6126231 0.08790533 -0.7353223 -0.5729389 0.3619974 -0.708137 -0.7005898 0.08784058 -0.6623972 -0.6558858 0.3619996 -0.665033 -0.7415354 0.08863617 -0.620059 -0.7795396 0.08857183 -0.8525736 -0.5150368 0.08863045 -0.7979237 -0.4819477 0.3620003 -0.8815867 -0.4635471 0.08904495 -0.8493255 -0.3841924 0.3619979 -0.908036 -0.4096846 0.08734557 -0.888803 -0.2810435 0.3619997 -0.9496374 -0.3010062 0.0870862 -0.9666661 -0.2409267 0.08666562 -0.9158055 -0.173949 0.3619974 -0.9775084 -0.1950768 0.08013988 -0.9874447 -0.1245008 0.09722394 -0.9299509 -0.0644131 0.3619977 -0.9937789 -0.06835152 0.08792895 -0.9957358 -0.005823141 0.09206663 -0.9310406 0.04602662 0.3620014 -0.9951906 0.04351325 0.08776249 -0.9190644 0.1558216 0.3619949 -0.9813865 0.1785452 0.0707264 -0.7464987 0.5582991 0.3619969 -0.862669 0.4980619 0.08795709 -0.8072896 0.4660887 0.3620011 -0.9153664 0.3928144 0.08832461 -0.8567505 0.3673374 0.361997 -0.9370748 0.3375767 0.08906645 -0.8941851 0.2634289 0.3619919 -0.9554941 0.2813895 0.0886059 -0.9726487 0.2173452 0.08194805 -0.6752275 0.6426714 0.3619963 -0.7608875 0.6427418 0.08906862 -0.7978706 0.5963232 0.08832407 -0.4911895 0.8660667 0.09306651 -0.5374776 0.8383604 0.09093764 -0.5053815 0.783293 0.3619967 -0.6387312 0.764347 0.08829549 -0.5944779 0.7180221 0.3619948 -0.6783115 0.729649 0.08663686 -0.7214372 0.6867873 0.08860881 -0.43815 0.8945979 0.08785872 -0.4091919 0.8375673 0.3619985 -0.3847778 0.9178901 0.09707602 -0.307258 0.8800856 0.3619972 -0.3222593 0.9427595 0.08575223 -0.2695248 0.9595323 0.08157248 -0.2010122 0.9102484 0.3619973 -0.2184251 0.9725997 0.07962626 -0.09194247 0.9276343 0.3619962 -0.0992205 0.9912244 0.08734696 -0.03935034 0.9952501 0.08904402 0.0184171 0.9319968 0.3619984 0.01974843 0.9958693 0.08862466 0.07864018 0.9929376 0.0888291 0.1285192 0.9232778 0.3619959 0.1379572 0.9865482 0.08769508 0.2368152 0.9015955 0.3620001 0.2525264 0.9636129 0.08763932 0.4419618 0.820747 0.3620002 0.4194508 0.9033941 0.08910733 0.3417875 0.8672579 0.3620015 0.3650716 0.9267564 0.08857344 0.3096725 0.946703 0.08863606 0.6223792 0.6939752 0.3619979 0.5728075 0.8149592 0.08793819 0.5359324 0.762716 0.3619955 0.5233886 0.8475073 0.08829332 0.4724916 0.8768877 0.0884292 0.7000904 0.6154941 0.3619951 0.7077697 0.7008125 0.08901636 0.6647807 0.7418129 0.0882056 0.9075383 0.410526 0.0885594 0.8814316 0.4641294 0.08753428 0.8250742 0.4338325 0.3619971 0.8210694 0.5640601 0.08764277 0.7679718 0.5283708 0.3619996 0.7856985 0.6121903 0.0888865 0.7480968 0.6576437 0.08863359 0.9302017 0.3562093 0.08854233 0.8705932 0.3332029 0.361999 0.9496759 0.3002913 0.08911073 0.9038923 0.227897 0.3619967 0.9659105 0.2432907 0.08846763 0.9785895 0.1858769 0.08838736 0.9245011 0.1193914 0.361999 0.9879496 0.1273774 0.08792364 0.9321323 0.009208343 0.3620008 0.9960555 0.01023909 0.08813938 0.9948189 -0.04918102 0.08897498 0.9266802 -0.1011018 0.3619976 0.9901864 -0.1080442 0.08864208 0.9815835 -0.1729987 0.08102641 0.908218 -0.209994 0.3619981 0.9729005 -0.2186465 0.07522152 0.8770061 -0.315937 0.3620002 0.9373368 -0.3371487 0.0879237 0.8247332 -0.5581751 0.09086105 0.855238 -0.4907714 0.1664674 0.8350219 -0.4106007 0.3662588 0.8947201 -0.4386634 0.08396674 0.9161944 -0.390073 0.0918197 -0.3703689 0.01830953 0.9287043 -0.3656018 0.06198554 0.9287051 -0.3699341 -0.02562338 0.9287046 -0.3643082 -0.06919721 0.9287041 -0.353567 -0.1117993 0.9287041 -0.3378622 -0.1528319 0.9287042 -0.3174143 -0.1917191 0.9287044 -0.2925113 -0.2279149 0.9287045 -0.2635028 -0.2609124 0.928704 -0.2307943 -0.2902462 0.928704 -0.1948467 -0.3155073 0.9287034 -0.1561621 -0.336335 0.9287046 -0.1152868 -0.3524452 0.9287041 -0.07279254 -0.3636056 0.9287046 -0.02927699 -0.3696633 0.9287044 0.01464975 -0.3705306 0.9287047 0.05837114 -0.3661986 0.9287042 0.1012731 -0.3567246 0.9287041 0.1427522 -0.3422414 0.9287048 0.1822294 -0.322957 0.9287041 0.3096046 -0.2054646 0.9284015 0.2832798 -0.2392939 0.9287039 0.2529891 -0.2711185 0.9287041 0.2191467 -0.2991365 0.9287045 0.368633 -0.04021843 0.9287046 0.3612894 -0.08353573 0.9287043 0.3488737 -0.12568 0.9287043 0.3327402 -0.1653934 0.9284013 0.3708039 0.003663377 0.928704 0.3677676 0.04749378 0.9287041 0.359568 0.09065718 0.9287045 0.2131938 0.3034076 0.9287046 0.2475835 0.2760644 0.9287039 0.2784956 0.2448432 0.9287045 0.3055005 0.210187 0.9287039 0.3282155 0.1725789 0.928704 0.3463218 0.1325481 0.9287046 0.007326418 0.3707496 0.928704 0.05112471 0.3672805 0.9287041 0.09420516 0.3586558 0.9287041 0.1359632 0.3449956 0.9287045 0.1758131 0.326495 0.9287038 -0.0799622 0.3620965 0.9287046 -0.03657464 0.3690127 0.9287044 -0.1627769 0.3331849 0.9287042 -0.1222274 0.3500982 0.9287043 -0.2010407 0.3115933 0.9287046 -0.355704 0.1047913 0.9287053 -0.3408164 0.146127 0.928704 -0.3211396 0.1854101 0.9287047 -0.2969579 0.2220918 0.928704 -0.2686051 0.2556544 0.9287045 -0.2364821 0.2856281 0.9287049 -0.6158342 0.355552 0.7030868 -0.5694586 0.4258925 0.7030878 -0.5150882 0.4902533 0.7030902 -0.4534907 0.5477348 0.7030881 -0.3855242 0.597525 0.7030896 -0.3121481 0.6389305 0.703087 -0.2343883 0.6713631 0.7030887 -0.1533395 0.6943747 0.7030866 -0.07013748 0.7076372 0.7030863 0.01404939 0.7109624 0.7030896 0.09803856 0.7043093 0.703091 0.1806519 0.6877742 0.7030872 0.2607291 0.6615797 0.7030879 0.3371467 0.6261003 0.7030864 0.4088304 0.5818291 0.7030879 0.4747761 0.5293922 0.7030871 0.5340563 0.4695229 0.7030876 0.5858392 0.403062 0.7030885 0.6293997 0.3309449 0.7030871 0.6641224 0.2541802 0.7030888 0.6895239 0.1738485 0.7030886 0.7052452 0.09107588 0.7030892 0.7110671 0.007024924 0.703089 0.7069085 -0.07712451 0.7030876 0.6928235 -0.1601914 0.7030891 0.6690151 -0.2410095 0.7030884 0.6358159 -0.3184449 0.7030867 0.5936871 -0.3914088 0.7030895 0.5432292 -0.4588803 0.7030867 0.4851425 -0.519908 0.7030878 0.4202456 -0.5736375 0.7030886 0.3494495 -0.6193146 0.7030892 0.273749 -0.6562994 0.7030879 0.1942054 -0.6840709 0.7030869 0.111935 -0.7022382 0.7030876 0.02809362 -0.7105493 0.7030864 -0.05614265 -0.7088819 0.7030893 -0.1395903 -0.6972656 0.7030897 -0.2210789 -0.6758645 0.7030869 -0.2994633 -0.6449705 0.7030895 -0.3736453 -0.6050282 0.703086 -0.4425801 -0.5565875 0.7030884 -0.5053031 -0.5003357 0.7030882 -0.5609311 -0.4370584 0.7030905 -0.6086889 -0.3676497 0.7030872 -0.6478992 -0.2930772 0.7030877 -0.678015 -0.2143913 0.7030875 -0.6986121 -0.1326954 0.7030883 -0.7094027 -0.04913675 0.7030884 -0.7102346 0.03511126 0.7030889 -0.7010973 0.1188665 0.7030884 -0.6821153 0.2009529 0.7030908 -0.6535631 0.2802194 0.7030878 0.1964905 0.6967343 -0.6898933 0.3088878 0.6543637 -0.6902148 0.4125051 0.5947053 -0.6900472 0.5044412 0.5188726 -0.6901524 0.5836536 0.4282427 -0.6898961 0.6457104 0.3273803 -0.6898407 -0.6267932 0.3618792 -0.6900534 -0.5586784 0.4599068 -0.6901914 -0.475166 0.544971 -0.6908139 -0.3793829 0.6146672 -0.6915583 -0.2698008 0.6708987 -0.690726 -0.1581045 0.7068643 -0.6894533 -0.04083441 0.7229657 -0.6896761 0.08016718 0.7194271 -0.689926 -0.5049695 -0.5185656 -0.6899968 -0.5829681 -0.4289637 -0.6900278 -0.6464148 -0.32619 -0.6897448 -0.6910846 -0.2164136 -0.6896138 -0.7157055 -0.1019708 -0.690918 -0.7227038 0.02279344 -0.690782 -0.7100857 0.1381461 -0.6904302 -0.6776302 0.2538763 -0.6901914 0.690618 0.2159679 -0.6902207 0.7169367 0.09923484 -0.6900393 0.7234209 -0.01966839 -0.6901271 0.7105197 -0.1395878 -0.6896934 0.6779664 -0.2513332 -0.6907917 0.6250302 -0.3637244 -0.6906821 0.5586852 -0.4606696 -0.689677 0.4763254 -0.545483 -0.6896103 0.3785162 -0.6171423 -0.6898267 0.2730546 -0.6706134 -0.6897238 0.1582753 -0.7060768 -0.6902206 0.03957347 -0.7227132 -0.6900141 -0.07926959 -0.7193935 -0.6900648 -0.1977515 -0.6964824 -0.6897873 -0.3084418 -0.6551591 -0.6896595 -0.4122516 -0.5946866 -0.6902148 0.3187258 -0.1840162 0.9298128 0.61432 -0.3546779 0.7048507 0.8422654 -0.5345843 0.06934471 0.8610034 -0.5017022 0.0834749 0.8093419 -0.4725418 0.3488121 0.8069232 -0.4658773 0.3630885 0.7436857 -0.3977259 0.5373507 0.626205 -0.3283428 0.707148 0.3615 -0.1437179 0.921229 0.4831647 -0.2455327 0.8403961 0.7216175 0.4450783 0.5302579 0.9053347 0.09407613 0.4141483 0.7906765 0.1092163 0.6024139 0.5858081 -0.1920794 0.7873591 0.7824542 -0.08990786 0.6161835 0.8651949 -0.3827755 0.3239148 0.9574533 -0.2614055 0.1222712 0.9081915 -0.4018962 0.1169083 0.5817936 0.5864257 0.5635788 0.6771977 0.3359426 0.6546341 0.4762944 -0.0499893 0.8778637 0.5633609 0.166908 0.8091763 0.8470662 -0.5282773 0.0583269 0.842849 -0.5353752 0.05457979 0.8384625 -0.5381008 0.08618736 0.8243408 -0.5660409 0.007743164 0.6245237 0.645668 0.4394121 0.8788015 -0.4708932 0.07725014 0.8151649 -0.5784372 0.03027478 0.8249262 -0.5639724 0.03783997 0.9435899 -0.2884776 0.1625387 0.768317 0.4777735 0.425936 0.937346 0.1012486 0.3333636 0.9586736 -0.2844665 -0.004882244 0.9599169 0.1881529 0.2077451 0.7677229 0.4806489 -0.4237666 0.9406593 0.1200822 -0.3173963 0.9283362 0.266364 -0.2593109 0.9868518 0.1616254 0.0008385876 0.7939955 0.5523362 -0.2539606 0.8156528 0.5785406 0.001128728 0.621807 0.6463753 -0.4422161 0.7966333 0.5485471 0.2539124 0.8144403 -0.5790789 -0.03680524 0.7955012 -0.6057366 -0.01615654 0.8771224 -0.4737747 -0.07870133 0.9441189 -0.2935633 -0.1498667 0.7940438 -0.6077085 0.01359476 0.8164272 -0.5774208 -0.005638279 0.8356131 -0.5473492 -0.04647215 0.5779125 0.5970914 -0.5563264 0.8277367 -0.5596162 -0.04100956 0.7215336 0.4444567 -0.5308931 0.9050467 0.09398554 -0.4147978 0.9573127 -0.2616571 -0.1228333 0.9093414 -0.3988625 -0.1183509 0.8440763 0.05226708 -0.5336697 0.8620244 -0.3829784 -0.3320263 0.6230096 -0.3502968 -0.6993934 0.7291348 -0.4250097 -0.536404 0.6649752 -0.223064 -0.7127766 0.7772184 -0.109918 -0.619556 0.5626642 0.1893061 -0.8047187 0.4437923 -0.02707813 -0.8957205 0.3422636 -0.1493846 -0.9276529 0.482818 -0.2459547 -0.8404719 0.6805693 0.311869 -0.6629956 0.8383028 -0.5385498 -0.08492637 0.8343722 -0.5483422 -0.0560711 0.7959867 -0.4888855 -0.3569259 0.8392934 -0.5350169 -0.09666213 0.8419831 -0.5360866 -0.06062723 0.3187287 -0.184018 -0.9298115 0.6143208 -0.3546782 -0.7048499 0.8620099 -0.4988549 -0.08990365 0.8069226 -0.4658768 -0.3630905 -0.970049 0.2429094 -7.783623e-07 -0.9540235 0.2518048 0.162584 -0.4848096 0.8746197 7.90795e-15 -0.8306288 0.3201872 -0.4555611 -0.9067629 0.2779909 -0.3170205 -0.9540237 0.2518047 -0.1625828 -0.4732048 0.5183295 -0.7123284 -0.6082745 0.4434515 -0.6582955 -0.7294398 0.3763018 -0.5712395 -0.05374059 0.7508454 -0.658288 -0.188805 0.675972 -0.7123304 -0.3310056 0.5971491 -0.7306492 0.2447643 0.9162905 -0.3170209 0.1686168 0.8740935 -0.4555535 0.06742171 0.818009 -0.5712404 0.2920295 0.9424883 0.162587 0.308037 0.9513744 -8.529188e-07 0.2920299 0.9424883 -0.1625863 0.06742282 0.8180093 0.5712399 0.1686169 0.8740935 0.4555533 0.2447643 0.9162901 0.3170219 -0.3310056 0.597149 0.7306492 -0.1888052 0.6759719 0.7123303 -0.05374051 0.7508455 0.6582879 -0.7294388 0.3763023 0.5712404 -0.6082754 0.4434508 0.658295 -0.4732044 0.5183298 0.7123284 -0.906763 0.2779904 0.3170208 -0.8306297 0.3201874 0.4555594 -0.9353041 0.3198584 0.151317 -0.8913199 0.3442278 0.2950528 -0.8204622 0.3834996 0.4239928 -0.7262847 0.4357276 0.5316503 -0.6135144 0.4982233 0.6126775 -0.4878088 0.5679099 0.6629638 -0.3554622 0.6412688 0.6800154 -0.2231154 0.7146295 0.6629662 -0.09740952 0.7843146 0.6126679 0.01535615 0.8468244 0.5316508 0.1095373 0.8990219 0.4239825 0.1804092 0.9382942 0.2950535 0.2243978 0.9626772 0.1513213 0.2392943 0.9709471 -1.489312e-06 0.2243975 0.9626777 -0.1513187 0.1804093 0.9382941 -0.2950538 0.1095373 0.8990219 -0.4239826 0.01535581 0.8468238 -0.5316517 -0.09741 0.7843144 -0.6126681 -0.2231147 0.7146296 -0.6629663 -0.3554617 0.6412694 -0.6800151 -0.4878101 0.5679092 -0.6629633 -0.6135136 0.498223 -0.6126784 -0.7262853 0.4357271 -0.5316498 -0.8204612 0.3835008 -0.4239935 -0.89132 0.3442271 -0.2950532 -0.9353045 0.319858 -0.1513153 -0.9502209 0.311577 -1.214533e-06 0.1177196 0.849256 0.5146905 0.19689 0.8931429 0.4043885 0.2557474 0.9257435 0.2785537 0.2919688 0.945827 0.1420054 0.3042015 0.9526077 -2.750729e-07 0.2919685 0.9458272 -0.1420047 0.2557472 0.9257431 -0.2785552 -0.7825938 0.3501907 0.5146974 -0.6861226 0.4036709 0.6052153 -0.5760578 0.4646762 0.6724831 -0.45663 0.5308821 0.7139 -0.3324328 0.5997233 0.7278877 -0.2082317 0.6685677 0.7139025 -0.08881053 0.7347704 0.6724769 0.02126329 0.7957749 0.6052191 -0.7825947 0.3501899 -0.5146966 -0.8617607 0.3063375 -0.4043833 -0.9205949 0.2737076 -0.2785485 -0.9568292 0.2535991 -0.1420046 -0.9690546 0.2468464 -1.469137e-06 -0.9568287 0.2535995 0.1420077 -0.9205952 0.2737074 0.2785475 -0.8617617 0.3063369 0.4043816 0.1968908 0.8931431 -0.4043876 0.1177198 0.8492563 -0.51469 0.02126191 0.7957746 -0.6052196 -0.08880982 0.7347714 -0.6724758 -0.2082307 0.668568 -0.7139025 -0.332433 0.5997228 -0.7278879 -0.4566304 0.5308819 -0.7138999 -0.5760586 0.4646762 -0.6724823 -0.6861223 0.403671 -0.6052156 0.2440691 0.9697578 -3.104589e-07 0.2325802 0.9633897 -0.133367 0.1985631 0.9445273 -0.261612 0.1432856 0.91391 -0.3797866 0.06893177 0.8726941 -0.4833771 -0.02166091 0.8224646 -0.5684038 -0.1250336 0.7651717 -0.6315685 -0.2371929 0.702994 -0.6704766 -0.3538376 0.6383403 -0.6836085 -0.4704832 0.5736852 -0.6704706 -0.5826425 0.5115053 -0.6315774 -0.6860116 0.454213 -0.5684 -0.7766159 0.4039872 -0.4833861 -0.8509655 0.3628014 -0.3797799 -0.9062212 0.3321543 -0.2616041 -0.9402519 0.3132721 -0.1333676 -0.9517332 0.3069266 -1.576947e-07 -0.9402518 0.3132721 0.1333684 -0.9062208 0.3321545 0.2616051 -0.8509668 0.3628005 0.3797779 -0.776615 0.4039876 0.4833873 -0.6860123 0.454213 0.5683992 -0.5826404 0.5115066 0.6315784 -0.4704832 0.5736848 0.670471 -0.3538376 0.6383402 0.6836086 -0.2371929 0.7029939 0.6704768 -0.1250349 0.7651712 0.631569 -0.02165947 0.822465 0.5684032 0.06893025 0.8726937 0.4833781 0.1432854 0.9139096 0.3797875 0.1985639 0.9445277 0.26161 0.2325802 0.9633895 0.1333682 -0.2283672 0.9627899 0.1445128 -0.2107503 0.9725557 0.09858832 -0.1999823 0.9785241 0.0499762 -0.1963615 0.9805316 9.805626e-07 -0.1999825 0.978524 -0.0499775 -0.21075 0.9725558 -0.09858785 -0.4838507 0.8211733 0.3025936 -0.4399914 0.8454849 0.3025937 -0.3967305 0.8694649 0.2943395 -0.3552478 0.8924597 0.2780552 -0.3166727 0.9138415 0.2541891 -0.2820618 0.9330266 0.2233885 -0.2523554 0.9494929 0.1864937 -0.228367 0.9627899 -0.1445131 -0.2523559 0.9494927 -0.1864942 -0.2820614 0.9330268 -0.2233885 -0.3166736 0.9138413 -0.2541888 -0.3552469 0.89246 -0.2780555 -0.3967307 0.8694645 -0.2943403 -0.6954755 0.703868 -0.1445121 -0.7130937 0.6941021 -0.09858863 -0.723861 0.6881336 -0.04997443 -0.7274827 0.6861261 -1.782388e-07 -0.7238611 0.6881334 0.04997514 -0.7130937 0.6941022 0.09858754 -0.6954757 0.7038676 0.1445129 -0.6714865 0.7171652 0.1864941 -0.6417812 0.7336309 0.2233887 -0.6071706 0.7528162 0.2541881 -0.5685972 0.7741979 0.2780555 -0.5271132 0.7971929 0.2943387 -0.4399915 0.8454847 -0.302594 -0.4838507 0.8211732 -0.3025939 -0.5271127 0.7971931 -0.2943389 -0.5685971 0.7741978 -0.2780559 -0.6071704 0.7528164 -0.2541882 -0.6417821 0.7336302 -0.2233887 -0.6714861 0.7171655 -0.1864944 0.5518638 0.8339343 5.396504e-07 0.5412817 0.8280708 0.1459895 0.5098294 0.810636 0.2879989 0.4583636 0.7821071 0.4221508 0.3882868 0.7432627 0.5447879 0.3015105 0.6951617 0.6525654 0.2004037 0.6391176 0.7425409 0.08772185 0.5766567 0.8122635 -0.03346014 0.509484 0.8598293 -0.1598361 0.4394331 0.8839406 -0.2879595 0.3684127 0.8839409 -0.4143362 0.2983617 0.8598289 -0.5355183 0.2311885 0.8122635 -0.6482 0.1687294 0.742541 -0.7493071 0.1126843 0.652565 -0.836083 0.0645833 0.5447883 -0.9061599 0.02573961 0.4221512 -0.9576268 -0.00279043 0.2879984 -0.9890793 -0.02022405 0.14599 -0.9996596 -0.02608818 1.609669e-07 -0.9890793 -0.0202241 -0.14599 -0.9576267 -0.002790466 -0.2879988 -0.9061599 0.02573958 -0.4221513 -0.8360827 0.06458349 -0.5447887 -0.7493074 0.1126842 -0.6525647 -0.6481998 0.1687292 -0.7425412 -0.5355176 0.2311885 -0.812264 -0.414336 0.2983615 -0.8598291 -0.2879595 0.3684126 -0.8839409 -0.159836 0.439433 -0.8839407 -0.03346013 0.5094839 -0.8598294 0.08772163 0.5766565 -0.8122636 0.2004034 0.6391172 -0.7425414 0.3015106 0.695162 -0.6525651 0.3882867 0.7432626 -0.5447882 0.4583639 0.7821067 -0.4221511 0.5098293 0.810636 -0.2879989 0.5412818 0.8280706 -0.1459901 0.9592849 -0.2560105 0.1192942 0.9335838 -0.2702572 0.2353344 0.8915281 -0.2935702 0.3449553 0.8342649 -0.3253127 0.445167 0.7633574 -0.364616 0.5332361 0.6807394 -0.4104121 0.6067585 0.5886626 -0.461452 0.6637307 0.4896404 -0.5163399 0.702599 0.3863737 -0.5735826 0.7223007 0.2816779 -0.631616 0.722301 0.1784111 -0.6888573 0.7025988 0.07938913 -0.7437462 0.6637311 -0.01268662 -0.7947847 0.6067589 -0.09530504 -0.8405809 0.533236 -0.1662136 -0.8798861 0.4451667 -0.2234762 -0.9116273 0.3449551 -0.2655314 -0.9349387 0.2353351 -0.2912309 -0.9491857 0.1192939 -0.2912307 -0.9491858 -0.119294 -0.2655314 -0.9349387 -0.2353353 -0.2234764 -0.9116272 -0.3449553 -0.1662133 -0.8798861 -0.4451669 -0.09530511 -0.840581 -0.5332358 -0.01268665 -0.7947845 -0.6067592 0.07938981 -0.743746 -0.6637312 0.178411 -0.6888574 -0.7025988 0.2816779 -0.631616 -0.722301 0.3863738 -0.5735826 -0.7223007 0.4896402 -0.5163401 -0.702599 0.5886624 -0.4614522 -0.6637306 0.680739 -0.4104119 -0.606759 0.7633573 -0.3646162 -0.533236 0.8342651 -0.3253127 -0.4451667 0.891528 -0.29357 -0.3449558 0.9335838 -0.2702571 -0.2353346 0.9592849 -0.2560106 -0.1192944 0.3764195 -0.6544733 0.6557234 0.2378486 -0.8944857 0.3785808 0.8660254 -0.5000001 -5.140002e-13 0.187131 -0.982335 -4.333748e-08 0.2378484 -0.8944847 -0.3785832 0.8935722 0.2412594 0.3785797 0.7549997 0.001246881 0.6557239 0.565712 -0.3266152 0.7571608 0.755001 0.001246348 -0.6557224 0.8935713 0.2412591 -0.378582 0.9442919 0.329109 -4.333766e-08 0.3764206 -0.6544741 -0.6557219 0.5657106 -0.3266144 -0.7571622 0.376421 -0.6544747 0.6557211 0.2378486 -0.8944846 0.3785834 0.8660253 -0.5000002 2.569974e-13 0.1871313 -0.9823349 1.282434e-08 0.2378487 -0.8944855 -0.3785811 0.8935719 0.2412582 0.3785813 0.7550009 0.001247119 0.6557226 0.5657109 -0.3266134 0.7571624 0.7550015 0.001249401 -0.6557218 0.8935728 0.2412586 -0.3785789 0.9442921 0.3291085 -6.696079e-09 0.3764192 -0.6544764 -0.6557203 0.5657109 -0.3266134 -0.7571624 0.3764193 -0.6544764 0.6557203 0.2378487 -0.8944855 0.3785811 0.8660253 -0.5000002 -2.569974e-13 0.1871313 -0.9823349 -7.018226e-09 0.2378485 -0.8944846 -0.3785835 0.8935728 0.2412586 0.3785789 0.7550015 0.001249441 0.6557218 0.5657109 -0.3266134 0.7571624 0.7550009 0.001247079 -0.6557226 0.8935719 0.2412583 -0.3785812 0.9442921 0.3291085 -2.502931e-08 0.3764209 -0.6544747 -0.6557211 0.5657109 -0.3266134 -0.7571624 0.3764206 -0.6544741 0.6557219 0.2378484 -0.8944847 0.3785832 0.8660254 -0.5000001 5.140002e-13 0.187131 -0.982335 -4.333748e-08 0.2378485 -0.8944857 -0.3785808 0.8935713 0.2412591 0.378582 0.755001 0.001246347 0.6557224 0.5657106 -0.3266143 0.7571622 0.7550017 0.00124867 -0.6557217 0.8935722 0.2412595 -0.3785797 0.9442919 0.329109 -4.333766e-08 0.3764189 -0.6544759 -0.6557211 0.5657106 -0.3266144 -0.7571622 0.3764201 -0.6544744 0.6557218 0.2378477 -0.8944871 0.378578 0.8660252 -0.5000003 0 0.1871311 -0.982335 -1.352845e-08 0.2378475 -0.8944862 -0.3785803 0.8935735 0.2412556 0.378579 0.7549994 0.001248418 0.6557243 0.5657127 -0.3266133 0.7571611 0.7550007 0.001247857 -0.6557228 0.8935726 0.2412553 -0.3785813 0.9442909 0.329112 -3.122353e-08 0.3764213 -0.6544753 -0.6557203 0.5657113 -0.3266124 -0.7571625 0.3764213 -0.6544753 0.6557203 0.2378475 -0.8944862 0.3785803 0.8660252 -0.5000003 0 0.187131 -0.982335 5.686592e-08 0.2378477 -0.8944871 -0.378578 0.8935726 0.2412553 0.3785813 0.7550007 0.001247858 0.6557228 0.5657113 -0.3266124 0.7571625 0.7549994 0.001248417 -0.6557243 0.8935735 0.2412556 -0.378579 0.9442909 0.329112 7.456141e-08 0.3764201 -0.6544744 -0.6557218 0.5657127 -0.3266132 -0.7571611 0.3764227 -0.6544727 0.655722 0.2378489 -0.894485 0.3785822 0.8660254 -0.5000001 1.030324e-12 0.1871323 -0.9823347 -9.247763e-07 0.2378493 -0.8944846 -0.3785828 0.8935718 0.2412588 0.378581 0.7550017 0.001244705 0.6557216 0.5657104 -0.3266124 0.7571632 0.7550017 0.001244705 -0.6557216 0.8935717 0.2412583 -0.3785817 0.9442924 0.3291078 -9.247697e-07 0.3764227 -0.6544728 -0.655722 0.5657104 -0.3266124 -0.7571632 0.3764203 -0.6544744 0.6557217 0.2378532 -0.894484 0.3785818 0.8660253 -0.5000002 1.784543e-12 0.1871285 -0.9823355 -8.814715e-07 0.2378537 -0.8944836 -0.3785825 0.8935721 0.241257 0.3785816 0.7550028 0.001246093 0.6557204 0.5657093 -0.3266143 0.7571632 0.7550028 0.001246068 -0.6557204 0.8935719 0.2412564 -0.3785822 0.944292 0.3291088 -8.814758e-07 0.3764204 -0.6544744 -0.6557217 0.5657093 -0.3266143 -0.7571632 0.3623671 -0.7865656 -0.5000047 0.5076624 -0.6612612 -0.5522794 0.6670594 -0.3851271 -0.6377373 0.8265029 -0.1089852 -0.5522817 0.9432097 0.0931603 -0.3188677 0.9859297 0.1671605 4.626992e-07 0.9432135 0.09316585 0.3188548 0.8623717 0.07946344 0.5000006 0.8264994 -0.1089874 0.5522865 0.6670631 -0.3851306 0.6377314 0.5076649 -0.6612577 0.5522814 0.3623738 -0.7865638 0.5000026 0.3623653 -0.7865681 0.500002 0.3909387 -0.8634299 0.318835 0.3481863 -0.9374253 -8.548555e-06 0.3909279 -0.8634249 -0.3188616 0.2708672 -0.9450601 -0.1830094 0.39092 -0.8634298 -0.3188582 0.5076327 -0.6612743 -0.552291 0.6670677 -0.3851363 -0.6377231 0.8264982 -0.108988 -0.5522883 0.9432115 0.09318755 -0.3188545 0.9538804 0.2379485 -0.1830099 0.9859318 0.167148 -9.58318e-06 0.94321 0.09316794 0.3188647 0.8264936 -0.1089881 0.5522951 0.6670728 -0.3851347 0.6377187 0.50763 -0.6612697 0.552299 0.3909215 -0.8634287 0.3188593 0.348203 -0.9374191 1.38286e-07 0.953883 0.2379448 0.1830015 0.943211 0.09317126 0.3188605 0.8264967 -0.1089889 0.5522903 0.667067 -0.3851313 0.6377268 0.5076309 -0.661276 0.5522906 0.3909194 -0.863429 0.318861 0.2708673 -0.94506 0.1830093 0.348203 -0.9374191 -1.333958e-07 0.3909215 -0.8634287 -0.3188593 0.50763 -0.6612697 -0.552299 0.6670728 -0.3851347 -0.6377187 0.8264936 -0.1089881 -0.5522951 0.9432107 0.09317399 -0.3188608 0.9859309 0.1671534 1.841667e-06 0.3623661 -0.7865676 -0.5000023 0.5076625 -0.6612599 -0.5522809 0.667065 -0.3851281 -0.6377309 0.8264995 -0.1089846 -0.5522871 0.9432102 0.09315908 -0.3188667 0.9859297 0.1671604 3.341495e-07 0.9432097 0.09316032 0.3188678 0.8265029 -0.1089852 0.5522817 0.6670594 -0.3851272 0.6377373 0.5076623 -0.661261 0.5522798 0.362364 -0.7865669 0.5000048 0.3909311 -0.8634222 0.3188652 0.3481978 -0.9374211 4.050054e-07 0.3909327 -0.8634217 -0.3188644 0.5208735 -0.5120438 -0.6830095 0.6670653 -0.3851303 -0.6377292 0.8264967 -0.1089902 -0.5522901 0.9432112 0.09317336 -0.3188594 0.985931 0.1671528 -6.355927e-06 0.9538811 0.2379494 0.1830051 0.9432093 0.09316789 0.3188668 0.8264964 -0.1089927 0.55229 0.6670632 -0.3851313 0.6377308 0.5208758 -0.5120384 0.6830117 0.5076339 -0.6612733 0.552291 0.3909215 -0.8634248 0.3188699 0.2708651 -0.9450599 0.1830136 0.3482038 -0.9374188 -3.986286e-06 0.3909203 -0.8634281 -0.3188624 0.5076303 -0.661275 -0.5522924 0.2708634 -0.9450599 -0.183016 0.3909188 -0.8634266 -0.3188682 0.5076316 -0.6612676 -0.5523 0.5208708 -0.5120417 -0.6830131 0.667063 -0.3851326 -0.6377302 0.8264973 -0.1089924 -0.5522888 0.9432095 0.0931721 -0.3188649 0.9538803 0.2379508 -0.1830078 0.985932 0.1671472 -1.423224e-06 0.9432105 0.09316466 0.318864 0.8264953 -0.1089899 0.5522922 0.6670656 -0.3851295 0.6377294 0.520875 -0.5120431 0.6830088 0.507629 -0.661275 0.5522936 0.3909192 -0.8634292 0.3188608 0.3482025 -0.9374193 5.982006e-06 0.7038781 -0.1950492 -0.6830164 0.8265001 -0.1089858 -0.5522859 0.9432098 0.09316209 -0.3188668 0.9859298 0.1671598 -7.789371e-07 0.9432101 0.09316202 0.3188661 0.8265061 -0.1089854 0.5522769 0.7038777 -0.1950547 0.6830153 0.6670674 -0.3851354 0.6377239 0.507634 -0.661276 0.5522878 0.3909285 -0.8634233 0.3188654 0.3481939 -0.9374225 -4.276367e-06 0.3909245 -0.8634257 -0.3188638 0.5076341 -0.6612767 -0.5522869 0.6670681 -0.3851348 -0.6377235 0.9432085 0.09316444 -0.31887 0.9859304 0.1671565 -2.596804e-07 0.9432082 0.09316476 0.3188709 0.8623768 0.07946976 0.4999908 0.8265089 -0.1089475 0.5522803 0.6670729 -0.3851289 0.6377221 0.5076322 -0.6612756 0.5522899 0.3909207 -0.8634272 0.3188644 0.3482062 -0.937418 -1.754961e-07 0.3909212 -0.8634265 -0.3188656 0.507632 -0.6612726 -0.5522937 0.667067 -0.3851321 -0.6377264 0.8265087 -0.1089475 -0.5522805 0.8623774 0.07946554 -0.4999904 0.6358424 -0.2564373 -0.7279728 0.6829265 -0.292535 -0.6693539 0.7549993 0.001249136 -0.6557244 0.8264979 -0.1089826 -0.5522898 0.8935723 0.241258 -0.3785804 0.9432108 0.09316371 -0.3188634 0.9442921 0.3291085 -1.415664e-06 0.9859308 0.167154 -9.312931e-07 0.8935718 0.2412594 0.3785806 0.943212 0.09316345 0.3188599 0.7549993 0.001249231 0.6557244 0.8264973 -0.108985 0.5522902 0.6358423 -0.2564373 0.7279728 0.6829242 -0.2925357 0.669356 0.9507482 -0.220334 -0.2180155 0.8166397 0.2849489 -0.5019 0.8660248 -0.500001 -9.698243e-07 0.8660251 -0.5000005 -6.269892e-07 0.8660253 -0.5000001 2.107113e-06 0.8660255 -0.4999999 9.232628e-07 0.8279149 0.071705 -0.5562512 0.8727437 0.09742473 -0.4783586 0.8660241 -0.5000023 -1.478213e-06 0.9537432 0.2377174 0.1840229 0.8660258 -0.4999993 1.82362e-07 0.8660248 -0.500001 -2.175629e-06 0.8166393 0.2849499 0.5019002 0.9221093 0.1829312 -0.3409553 0.8660263 -0.4999985 1.118332e-06 0.9537428 0.2377181 -0.1840238 0.9294109 0.2474976 -0.2737523 0.8871753 0.174344 -0.4272284 0.6505605 -0.287403 -0.7029726 0.6726926 -0.1971585 -0.7131712 0.7329659 -0.1446775 -0.6647025 0.7550295 -0.05454111 -0.6534185 0.5856011 -0.3479912 -0.732102 0.5659674 -0.4339304 -0.7009888 0.8660252 -0.5000004 1.450937e-06 0.4840279 -0.5758536 -0.65887 0.4987622 -0.4984048 -0.7091043 0.346473 -0.8141078 -0.4660311 0.3454224 -0.7640102 -0.5449512 0.8660265 -0.4999981 1.841856e-06 0.4094394 -0.7050413 -0.5790303 0.4171393 -0.6397774 -0.6455073 0.2689405 -0.9483942 -0.1679868 0.2472536 -0.9340338 -0.2577723 0.866025 -0.5000006 2.895716e-07 0.2987262 -0.8968045 -0.3263501 0.2876828 -0.8640095 -0.4131903 0.2264435 -0.9700775 -0.08759587 0.2588205 -0.9659254 0 0.2264435 -0.9700775 0.08759587 0.2689404 -0.9483942 0.1679868 0.2472536 -0.9340338 0.2577723 0.8660249 -0.5000009 -1.906442e-06 0.2987262 -0.8968045 0.3263501 0.2876823 -0.8640095 0.4131905 0.4094397 -0.705041 0.5790304 0.3454203 -0.7640112 0.5449511 0.4171395 -0.6397762 0.6455083 0.4840292 -0.5758523 0.6588702 0.4987629 -0.4984048 0.7091039 0.5659674 -0.4339308 0.7009886 0.8660253 -0.5000002 -9.452984e-07 0.8660248 -0.5000011 -1.09731e-07 0.650557 -0.2874177 0.7029699 0.5856006 -0.3479915 0.7321023 0.732967 -0.1446758 0.6647016 0.6726821 -0.1971666 0.7131789 0.8660261 -0.4999987 -3.373174e-07 0.7550291 -0.05454113 0.6534189 0.8279152 0.07170602 0.5562505 0.9221093 0.1829312 0.3409553 0.887175 0.174344 0.4272291 0.9294109 0.2474976 0.2737523 0.8660256 -0.4999997 2.669896e-07 0.8660251 -0.5000005 1.572547e-07 0.8660254 -0.4999999 1.218234e-06 0.8660248 -0.5000011 -1.241343e-07 0.8660247 -0.5000013 9.711178e-08 0.8660254 -0.5 -1.78204e-07 0.8660248 -0.500001 -8.428624e-07 0.8660259 -0.4999991 -1.622132e-07 0.8660261 -0.4999988 1.902938e-07 0.8660258 -0.4999994 2.331979e-07 0.9507481 -0.220334 0.2180159 0.9509919 0.1770576 0.2535056 0.9118785 0.1093112 0.3956371 0.8570019 0.01426244 0.5151159 0.789504 -0.1026462 0.605101 0.7132508 -0.234723 0.6604381 0.6326062 -0.374402 0.677962 0.5521903 -0.5136872 0.6566668 0.4766039 -0.6446051 0.5977734 0.410179 -0.759658 0.5046513 0.3567153 -0.8522584 0.3826354 0.3192773 -0.9171034 0.2387121 0.3000068 -0.9504818 0.0811188 0.3000067 -0.9504818 -0.08111901 0.3192774 -0.9171035 -0.2387114 0.3567159 -0.8522579 -0.3826359 0.4101789 -0.7596578 -0.5046516 0.4766035 -0.6446052 -0.5977736 0.5521897 -0.5136883 -0.6566665 0.6326069 -0.3744014 -0.6779617 0.7132503 -0.2347225 -0.6604388 0.7895037 -0.1026472 -0.6051012 0.857002 0.01426231 -0.5151157 0.9118785 0.109311 -0.3956371 0.9509946 0.1770447 -0.2535045 0.2942824 -0.8603454 0.4161773 0.2585158 -0.9222968 0.2872946 0.2364514 -0.9605127 0.1466493 0.4005731 -0.6762451 0.6182506 0.342292 -0.7771928 0.5280223 0.4667439 -0.5616342 0.683167 0.869636 0.1361964 0.4745354 0.8162174 0.04367128 0.576092 0.75367 -0.06466436 0.6540643 0.6845547 -0.1843749 0.7052593 0.6117018 -0.3105589 0.727581 0.5380941 -0.4380521 0.7201146 0.2289943 -0.9734278 -1.50586e-07 0.2364514 -0.9605127 -0.1466493 0.2585154 -0.9222971 -0.2872941 0.2942825 -0.8603451 -0.4161779 0.3422919 -0.7771928 -0.5280224 0.4005731 -0.6762448 -0.6182509 0.4667438 -0.5616343 -0.683167 0.5380941 -0.4380521 -0.7201146 0.6117018 -0.3105589 -0.727581 0.684555 -0.1843748 -0.7052591 0.7536698 -0.06466481 -0.6540644 0.8162174 0.04367161 -0.576092 0.8696359 0.1361959 -0.4745357 0.9117404 0.2091212 -0.3535501 0.9408051 0.2594653 -0.2180905 0.9556417 0.2851609 -0.07370285 0.9556417 0.285161 0.07370273 0.940805 0.2594652 0.2180911 0.9117407 0.2091208 0.3535496 -0.726372 -0.03812468 0.6862436 -0.3301691 0.6481189 0.6862435 -0.9244735 -0.3812462 -1.776608e-08 -0.1320675 0.9912407 5.681014e-08 -0.7263721 -0.03812478 -0.6862435 -0.3301691 0.648119 -0.6862435 0.2913198 -0.9566257 -1.929196e-07 0.2983075 -0.9445215 -0.1374478 0.3189883 -0.9087037 -0.2692659 0.3525113 -0.8506391 -0.3900627 0.3975059 -0.772704 -0.4948914 0.4521301 -0.6780904 -0.5794581 0.5141493 -0.570672 -0.6402999 0.5810223 -0.4548436 -0.67493 0.6500126 -0.335352 -0.6819257 0.7182938 -0.2170846 -0.6610055 0.7830718 -0.1048854 -0.6130234 0.8416947 -0.003347546 -0.5399433 0.8917619 0.0833704 -0.4447585 0.9312237 0.1517207 -0.3313657 0.9584652 0.198903 -0.2044064 0.97237 0.2229905 -0.06907779 0.9723701 0.2229902 0.0690784 0.9584651 0.1989037 0.2044062 0.9312236 0.1517212 0.3313657 0.8917622 0.08337046 0.4447578 0.8416948 -0.003347752 0.5399433 0.7830716 -0.1048856 0.6130235 0.7182936 -0.2170846 0.6610058 0.6500137 -0.3353512 0.6819251 0.5810217 -0.4548445 0.6749299 0.51415 -0.5706714 0.6402999 0.4521299 -0.6780909 0.5794578 0.3975057 -0.7727042 0.4948913 0.3525105 -0.8506393 0.3900629 0.3189884 -0.9087033 0.2692669 0.2983077 -0.9445214 0.1374475 0.9244736 0.3812462 6.391143e-08 0.7263718 0.03812486 -0.6862438 0.3301688 -0.6481188 -0.6862438 0.1320677 -0.9912407 -1.066488e-08 0.3301689 -0.6481187 0.6862439 0.7263718 0.0381248 0.6862438 0.8138666 0.03582202 -0.5799465 0.86342 0.1216532 -0.4895981 0.9038292 0.1916442 -0.3825772 0.933718 0.2434138 -0.262527 0.9520684 0.2751971 -0.1335377 0.9582555 0.2859132 -1.264873e-08 0.9520683 0.2751973 0.1335377 0.933718 0.2434136 0.2625271 0.9038292 0.1916442 0.3825771 0.8634201 0.1216526 0.4895982 0.8138669 0.035822 0.5799461 0.7568556 -0.0629245 0.650546 0.6943278 -0.1712232 0.6989932 0.6284156 -0.2853886 0.7236347 0.5613593 -0.4015295 0.7236365 0.495447 -0.515694 0.6989935 0.4329207 -0.6239938 0.650547 0.3759097 -0.7227393 0.5799481 0.326355 -0.8085699 0.4895989 0.2859454 -0.8785613 0.3825771 0.2560571 -0.9303301 0.2625276 0.2377081 -0.9621136 0.1335376 0.2315192 -0.9728303 -2.021649e-07 0.2377075 -0.9621138 -0.133537 0.2560568 -0.93033 -0.2625283 0.2859457 -0.8785613 -0.3825769 0.3263548 -0.8085701 -0.4895987 0.3759098 -0.7227394 -0.5799479 0.4329207 -0.6239933 -0.6505475 0.4954472 -0.5156942 -0.6989933 0.5613593 -0.4015294 -0.7236366 0.6284157 -0.2853889 -0.7236345 0.6943283 -0.1712229 -0.6989928 0.7568552 -0.06292544 -0.6505463 0.9675824 0.2189478 0.1258814 0.9734146 0.2290503 6.660106e-08 0.9675824 0.2189477 -0.1258813 0.8373027 -0.006701397 -0.5466986 0.7835599 -0.09978715 -0.6132507 0.78356 -0.09978644 0.6132506 0.8373027 -0.006701378 0.5466986 0.8840157 0.07420789 0.4615295 0.9221087 0.1401858 0.3606432 0.9502841 0.1889868 0.2474757 0.950284 0.1889865 -0.2474759 0.9221086 0.1401862 -0.3606432 0.8840159 0.074208 -0.4615291 0.599271 -0.4189779 -0.6821524 0.6624835 -0.3094958 -0.6821495 0.7246184 -0.2018771 -0.6589187 0.5371398 -0.5265999 -0.6589183 0.478198 -0.6286894 -0.6132506 0.4244551 -0.7217744 -0.5466989 0.3114736 -0.9174634 -0.2474775 0.3396484 -0.8686628 -0.3606437 0.3777408 -0.8026847 -0.4615292 0.2941774 -0.9474247 -0.125881 0.2883437 -0.957527 9.752042e-08 0.2941774 -0.9474247 0.125881 0.3114734 -0.9174635 0.2474773 0.3396488 -0.8686627 0.3606436 0.3777408 -0.8026844 0.4615297 0.4244551 -0.7217744 0.5466989 0.4781975 -0.6286899 0.6132505 0.5371403 -0.5266 0.6589178 0.5992711 -0.4189771 0.6821527 0.662483 -0.3094963 0.6821498 0.7246187 -0.2018775 0.6589182 -0.9962252 0.0218637 -0.08400761 -0.9959813 0.007883411 -0.08921426 -0.9970719 0.07038692 -0.02988733 -0.9947396 -0.06325024 0.08057638 -0.9950518 -0.05114945 0.08518017 -0.9941672 -0.09603037 -0.04908828 -0.9943225 -0.08713853 -0.06107029 -0.9957249 -0.006749537 -0.09212197 -0.994946 -0.04305657 0.0907111 -0.9953642 -0.03327533 0.09023753 -0.9954846 -0.0205566 0.09267094 -0.9957444 -0.005650164 0.09198445 -0.9959986 0.008950401 0.088919 -0.996242 0.02287249 0.0835389 -0.996467 0.03574917 0.07599691 -0.9966682 0.04724275 0.06648772 -0.9968397 0.0570703 0.05525883 -0.9964514 0.03482954 -0.07662523 -0.9954641 -0.02166435 -0.09263898 -0.9952069 -0.03646801 -0.09073745 -0.9949564 -0.05077212 -0.08650957 -0.9939264 -0.1098297 -0.00690609 -0.9939261 -0.1097572 0.008014898 -0.9939663 -0.1075272 -0.0216531 -0.9939708 -0.107263 0.02272944 -0.9940478 -0.1028826 -0.03583502 -0.9940554 -0.102448 0.0368559 -0.9941768 -0.09544525 0.0500273 -0.9943345 -0.08640918 0.06190655 -0.9945244 -0.07557872 0.07217344 -0.9969769 0.06497564 0.04260544 -0.9970779 0.07074051 0.02883568 -0.9971391 0.07421824 0.01432558 -0.9947214 -0.06421739 -0.08003452 -0.9945087 -0.07644459 -0.07147483 -0.9971588 0.07532625 -0.0005559902 -0.9971355 0.07404717 -0.01542345 -0.9966543 0.04644191 -0.06725614 -0.9969687 0.06445441 -0.04357772 -0.9968271 0.05641322 -0.05615335 -0.105611 0.9824093 0.1540075 -0.1074251 0.9934879 0.03796883 -0.3775666 0.9146114 0.1446701 -0.3794075 0.9252019 -0.007171749 -0.1038197 0.7476594 0.6559169 -0.1008577 0.7997053 0.5918607 -0.3741346 0.7424175 0.5557334 -0.1022786 0.8822286 0.4595779 -0.3755227 0.8218533 0.4284155 -0.1063785 0.9168196 0.3848706 -0.3765345 0.8798414 0.2900015 -0.1056549 0.9447499 0.3102976 -0.1088856 0.9664795 0.2325111 -0.1013331 0.6928722 0.7139045 -0.372413 0.6435878 0.6686578 -0.1029468 0.6326722 0.7675466 -0.3703927 0.5279302 0.7642637 -0.09840368 0.5679936 0.8171291 -0.3681283 0.398434 0.8400785 -0.09537609 0.4308261 0.8973808 -0.3656899 0.2584533 0.8941324 -0.09342973 0.2825423 0.9546941 -0.08564662 -0.2728882 0.9582258 -0.08354004 -0.1928187 0.9776717 -0.357907 -0.1873328 0.9147727 -0.08625723 -0.03791977 0.995551 -0.360507 -0.03827009 0.9319711 -0.09151478 0.04446469 0.9948105 -0.3631216 0.1116192 0.9250318 -0.09140136 0.1239814 0.988066 -0.09546024 0.203377 0.9744358 -0.08308901 -0.3485889 0.9335856 -0.3553884 -0.3317061 0.8738822 -0.08462444 -0.4230248 0.9021578 -0.3530133 -0.4676518 0.81036 -0.08002105 -0.4953777 0.8649841 -0.07870293 -0.5623729 0.8231298 -0.350849 -0.5916474 0.7258501 -0.07431771 -0.6288825 0.7739404 -0.3489538 -0.700484 0.6225379 -0.07226387 -0.7406728 0.6679684 -0.3452917 -0.910234 0.2285778 -0.07057824 -0.9165863 0.3935584 -0.3461369 -0.8618667 0.3706415 -0.07568562 -0.8804491 0.4680609 -0.3473666 -0.7913417 0.5031051 -0.07461752 -0.8401818 0.5371469 -0.07790563 -0.7939585 0.6029598 -0.3448542 -0.9351898 0.0805959 -0.07284177 -0.9834935 0.1656338 -0.06967894 -0.9666669 0.2463736 -0.3448383 -0.9360875 -0.06947501 -0.07466981 -0.9971905 0.00595581 -0.07174193 -0.9936385 0.0868076 -0.07611481 -0.8859525 -0.4574873 -0.07199798 -0.9207485 -0.383456 -0.3460593 -0.86624 -0.3603765 -0.07083132 -0.9698154 -0.233326 -0.345243 -0.9129044 -0.2177446 -0.07184349 -0.9854725 -0.1538911 -0.07146852 -0.9945998 -0.07525621 -0.07453477 -0.8463667 -0.5273594 -0.3472629 -0.7973041 -0.4936746 -0.07734849 -0.8011385 -0.5934597 -0.3488192 -0.707883 -0.6141879 -0.07310725 -0.7490729 -0.6584414 -0.3507004 -0.6002902 -0.7187913 -0.07503103 -0.6379238 -0.7664357 -0.0795875 -0.5721564 -0.8162738 -0.3528453 -0.4773137 -0.8047806 -0.08015267 -0.5054075 -0.8591501 -0.08452683 -0.4337865 -0.8970421 -0.3552029 -0.3421369 -0.8699272 -0.08269132 -0.3594256 -0.9295028 -0.08457492 -0.2843463 -0.9549839 -0.3577153 -0.1982652 -0.9125408 -0.08257489 -0.2042881 -0.9754218 -0.3603108 -0.04942069 -0.9315223 -0.08526598 -0.05059738 -0.9950727 -0.3679567 0.3883537 -0.8448605 -0.09050305 0.2731728 -0.9576982 -0.3655049 0.2477378 -0.8972359 -0.09491034 0.1917178 -0.9768502 -0.3629337 0.1005432 -0.9263747 -0.09126847 0.112486 -0.9894529 -0.09192114 0.0325443 -0.9952343 -0.102964 0.623433 -0.7750676 -0.09858832 0.5584104 -0.8236857 -0.3702315 0.5187481 -0.7706031 -0.09766249 0.4912021 -0.8655533 -0.093048 0.4179244 -0.9037042 -0.1010267 0.6845372 -0.7219435 -0.3722667 0.6355431 -0.6763894 -0.1028913 0.7398269 -0.6648831 -0.374019 0.7357143 -0.5646541 -0.1003543 0.7925847 -0.6014471 -0.3754292 0.8166693 -0.438297 -0.1018391 0.8764488 -0.470602 -0.1025031 0.9936297 -0.04683061 -0.1023676 0.981464 -0.1620164 -0.3771189 0.9130871 -0.155091 -0.1085745 0.9636554 -0.2440898 -0.3764692 0.8763099 -0.3005858 -0.1057131 0.941067 -0.3212752 -0.1069995 0.9120742 -0.3958177 -0.9250007 -0.1476388 0.3501093 -0.924436 -0.200766 0.3242083 -0.92357 -0.2503774 0.2903956 -0.9228052 -0.2939294 0.2490703 -0.9221749 -0.3302709 0.2012824 -0.9216829 -0.3584852 0.1482869 -0.9213424 -0.3778426 0.09144995 -0.9211711 -0.3878197 0.03224458 -0.9211616 -0.3881865 -0.02779477 -0.9213231 -0.3789122 -0.08711642 -0.9216525 -0.3602346 -0.1441795 -0.9221347 -0.3326536 -0.1975073 -0.9227603 -0.2968753 -0.2457205 -0.9235083 -0.2538355 -0.287576 -0.9243653 -0.204637 -0.3219822 -0.9253116 -0.1505535 -0.3480403 -0.9263177 -0.09299414 -0.3650857 -0.9273551 -0.03343925 -0.3726852 -0.9284019 0.0265546 -0.3706274 -0.9294321 0.08544241 -0.3589645 -0.9304139 0.1417005 -0.3380101 -0.931323 0.1938698 -0.308305 -0.9321397 0.2405957 -0.270609 -0.9328364 0.2806799 -0.2259093 -0.9334026 0.3130663 -0.1753544 -0.9338225 0.3369185 -0.1202554 -0.9340776 0.3516374 -0.06204992 -0.9341687 0.3568247 -0.002234992 -0.9340901 0.3523534 0.05764333 -0.9338457 0.3383354 0.116023 -0.93344 0.3151364 0.1714022 -0.9328871 0.2833521 0.2223359 -0.9321952 0.2438165 0.2675177 -0.9313882 0.197542 0.3057665 -0.9304815 0.1457373 0.3361025 -0.9295032 0.08973313 0.3577313 -0.9284803 0.03098857 0.3700866 -0.9274351 -0.02898288 0.3728593 -0.9260478 -0.08778953 0.3670537 -0.704937 0.1818609 -0.6855584 -0.7068139 0.2893017 -0.6455375 -0.7085493 0.3889339 -0.5888024 -0.7101068 0.4781752 -0.5168141 -0.7114459 0.5547123 -0.4314383 -0.7125281 0.6165649 -0.3348901 -0.7133216 0.6621362 -0.2296692 -0.7138134 0.6902378 -0.1184996 -0.7139796 0.7001535 -0.004265268 -0.7138355 0.6916068 0.1100861 -0.7133725 0.6648318 0.2215815 -0.7125965 0.6205268 0.327342 -0.7115318 0.559836 0.4246247 -0.7102179 0.4843193 0.5109064 -0.708674 0.3959493 0.5839567 -0.7069486 0.2970034 0.6418821 -0.7050828 0.1900475 0.6831839 -0.7031188 0.07785849 0.706797 -0.7011219 -0.03667216 0.7120978 -0.6991364 -0.1505679 0.6989546 -0.6972116 -0.2608781 0.6677114 -0.6953933 -0.3647524 0.61918 -0.6937402 -0.4594969 0.5546053 -0.6922916 -0.5426542 0.4756666 -0.6910804 -0.6120748 0.3844116 -0.6901404 -0.6659617 0.2831981 -0.6894945 -0.7029182 0.1746522 -0.6891627 -0.7219852 0.06158057 -0.6891458 -0.7226757 -0.05308357 -0.6894557 -0.7049615 -0.1663736 -0.6900803 -0.6693047 -0.2753551 -0.6910003 -0.6166319 -0.3772052 -0.6921922 -0.5483065 -0.4692866 -0.6936269 -0.4660975 -0.5492129 -0.6952676 -0.3721348 -0.6149135 -0.6970701 -0.2688495 -0.6646903 -0.6989852 -0.1589206 -0.6972546 -0.7009763 -0.04518895 -0.7117515 -0.7029784 0.0693935 -0.7078177 -0.7419357 0.6536385 -0.1492921 -0.742907 0.66939 -0.002470868 -0.7407242 0.6019603 -0.2982809 -0.7395641 0.5223969 -0.4244365 -0.7364529 0.4137819 -0.5351837 -0.7358743 0.2813082 -0.6159178 -0.7328796 0.1416813 -0.6654427 -0.7300475 -0.01500378 -0.6832316 -0.7278653 -0.1626529 -0.6661502 -0.7238143 -0.3096219 -0.6166256 -0.7230013 -0.4400291 -0.532582 -0.7207825 -0.5454437 -0.4277427 -0.718531 -0.6293637 -0.2959977 -0.7180834 -0.6790043 -0.1526744 -0.7170659 -0.6970054 -0.00018802 -0.7185885 -0.6782126 0.1538127 -0.7192269 -0.6291707 0.294715 -0.7210255 -0.5449152 0.4280067 -0.7236149 -0.4399616 0.5318038 -0.7238591 -0.3099383 0.616414 -0.7273479 -0.163165 0.66659 -0.7298778 -0.01443796 0.6834251 -0.7317679 0.1400438 0.6670109 -0.7348671 0.2838563 0.6159512 -0.7365478 0.4134182 0.5353343 -0.7392563 0.5225689 0.424761 -0.740723 0.6021022 0.2979973 -0.7406884 0.6544437 0.151935 -0.676615 -0.5265783 -0.5146916 -0.675039 -0.6170835 -0.4043888 -0.673845 -0.6843546 -0.2785527 -0.6731395 -0.7257534 -0.1420042 -0.6728765 -0.7397548 1.467851e-06 -0.6731398 -0.7257537 0.1420017 -0.6738451 -0.6843537 0.2785548 -0.6945677 0.5026549 0.5146977 -0.6961598 0.5931523 0.4043908 -0.6973259 0.6604132 0.2785516 -0.6980476 0.7018292 0.1420045 -0.6982925 0.7158125 -1.92497e-08 -0.6980477 0.7018291 -0.1420046 -0.6973258 0.6604133 -0.2785516 -0.6961595 0.5931529 -0.4043903 -0.6945678 0.5026542 -0.5146983 -0.692648 0.3923658 -0.6052172 -0.6904545 0.2665405 -0.6724795 -0.6880697 0.1300141 -0.7139022 -0.6855915 -0.01196705 -0.7278881 -0.6831152 -0.1539478 -0.7139004 -0.6807345 -0.2904742 -0.672477 -0.6785302 -0.4163017 -0.6052187 -0.6750391 -0.6170842 0.4043875 -0.6766151 -0.5265785 0.5146912 -0.6785304 -0.4163007 0.6052191 -0.6807348 -0.2904734 0.672477 -0.6831154 -0.1539482 0.7139001 -0.6855911 -0.01196661 0.7278885 -0.6880699 0.1300138 0.7139022 -0.6904545 0.2665398 0.6724798 -0.6926483 0.3923653 0.6052172 -0.7416639 0.6707717 -7.674843e-07 -0.7414364 0.6576365 -0.1333652 -0.7407569 0.6187415 -0.2616068 -0.7396617 0.555572 -0.3797898 -0.7381671 0.4705774 -0.4833903 -0.7363643 0.3669984 -0.5684011 -0.7343026 0.2488282 -0.6315728 -0.7320643 0.1206061 -0.6704745 -0.7297393 -0.01273755 -0.6836069 -0.7274102 -0.1460825 -0.6704732 -0.7251745 -0.274303 -0.6315694 -0.7231039 -0.3924764 -0.5684039 -0.7213091 -0.496042 -0.4833793 -0.7198256 -0.5810437 -0.3797884 -0.7187048 -0.6442238 -0.2616087 -0.7180437 -0.6831009 -0.1333657 -0.717796 -0.6962534 1.895758e-06 -0.7180442 -0.6831012 0.1333617 -0.7187044 -0.6442228 0.2616122 -0.7198256 -0.5810441 0.3797878 -0.7213086 -0.4960446 0.4833774 -0.7231046 -0.3924733 0.5684052 -0.7251743 -0.2743029 0.6315696 -0.7274093 -0.1460813 0.6704744 -0.7297393 -0.0127386 0.6836068 -0.732065 0.1206063 0.6704737 -0.7343029 0.2488282 0.6315725 -0.736364 0.366998 0.5684017 -0.7381678 0.470577 0.4833897 -0.7396619 0.5555714 0.3797903 -0.7407567 0.6187421 0.261606 -0.7414363 0.6576364 0.1333665 -0.9568264 0.2229426 -0.1864938 -0.9562332 0.1889841 -0.2233897 -0.9555437 0.1494173 -0.2541865 -0.9547734 0.1053196 -0.2780566 -0.9539453 0.0578967 -0.2943405 -0.9573051 0.2503662 0.144512 -0.9576569 0.270506 0.09858896 -0.9578715 0.2828158 0.04997481 -0.9579441 0.286955 9.375065e-07 -0.9578714 0.2828158 -0.04997688 -0.9576571 0.270506 -0.09858725 -0.9573049 0.2503665 -0.144513 -0.9484634 -0.2561985 0.1864925 -0.9490559 -0.2222398 0.2233886 -0.9497463 -0.1826733 0.2541896 -0.9505164 -0.1385774 0.2780555 -0.9513436 -0.09115404 0.2943403 -0.9530815 0.008440022 -0.3025962 -0.9522065 -0.04169874 -0.3025955 -0.9513438 -0.09115338 -0.2943399 -0.9505162 -0.1385768 -0.2780564 -0.9497464 -0.1826737 -0.2541892 -0.9490559 -0.2222398 -0.2233885 -0.9522062 -0.04169776 0.3025966 -0.9530817 0.008440252 0.3025955 -0.9539455 0.05789661 0.2943398 -0.9547738 0.1053196 0.2780555 -0.9555434 0.149416 0.2541882 -0.9562331 0.1889864 0.2233884 -0.9568268 0.2229409 0.1864938 -0.9484636 -0.2561979 -0.1864924 -0.9479845 -0.2836224 -0.1445118 -0.9476328 -0.3037634 -0.09858958 -0.9474178 -0.3160728 -0.04997595 -0.947346 -0.3202118 -4.291819e-07 -0.9474176 -0.3160731 0.04997692 -0.947633 -0.3037631 0.09858846 -0.9479845 -0.2836223 0.1445122 -0.4772363 0.878775 -1.891147e-08 -0.4770248 0.86668 0.1459903 -0.4763977 0.8307237 0.2879989 -0.4753707 0.7718881 0.422151 -0.473973 0.6917771 0.5447881 -0.4722405 0.592577 0.6525653 -0.4702228 0.4769933 0.7425415 -0.4679746 0.3481781 0.8122634 -0.4655566 0.2096444 0.8598292 -0.4630342 0.06517382 0.883941 -0.4604781 -0.08129391 0.8839408 -0.4579567 -0.2257649 0.859829 -0.4555382 -0.3642979 0.8122635 -0.4532905 -0.4931127 0.7425413 -0.4512729 -0.6086964 0.6525653 -0.4495409 -0.7078976 0.544788 -0.4481416 -0.7880088 0.4221507 -0.447115 -0.8468441 0.2879986 -0.4464885 -0.8827994 0.145991 -0.4462759 -0.8948954 -3.218776e-07 -0.4464881 -0.8827996 -0.1459906 -0.4471153 -0.846844 -0.2879986 -0.4481419 -0.7880085 -0.4221509 -0.4495407 -0.7078973 -0.5447885 -0.4512727 -0.6086967 -0.6525651 -0.4532902 -0.4931126 -0.7425415 -0.4555379 -0.3642973 -0.8122639 -0.4579567 -0.2257648 -0.859829 -0.4604779 -0.08129412 -0.8839408 -0.4630339 0.06517403 -0.8839411 -0.4655565 0.2096443 -0.8598293 -0.4679744 0.3481775 -0.8122637 -0.4702227 0.4769934 -0.7425415 -0.4722406 0.5925768 -0.6525654 -0.473973 0.691777 -0.5447882 -0.4753707 0.7718879 -0.4221514 -0.4763981 0.8307235 -0.2879988 -0.4770249 0.8666799 -0.1459902 0.6764036 0.7268059 0.1192951 0.6769142 0.6974273 0.2353346 0.677754 0.6493502 0.3449548 0.6788972 0.5838882 0.4451665 0.6803115 0.5028274 0.5332361 0.6819607 0.4083789 0.6067588 0.6837974 0.3031198 0.6637315 0.6857733 0.1899206 0.7025989 0.6878347 0.07186724 0.7223008 0.6899235 -0.04781856 0.7223011 0.6919837 -0.1658707 0.7025991 0.6939598 -0.2790713 0.6637311 0.695797 -0.3843315 0.6067585 0.6974452 -0.4787787 0.5332366 0.6988616 -0.5598384 0.4451667 0.7000036 -0.6253005 0.3449554 0.7008423 -0.6733779 0.2353344 0.7013546 -0.7027592 0.1192944 0.7013545 -0.7027595 -0.119294 0.7008424 -0.6733779 -0.2353341 0.7000036 -0.6253002 -0.344956 0.6988616 -0.5598381 -0.4451671 0.6974451 -0.478779 -0.5332363 0.6957968 -0.3843314 -0.6067588 0.69396 -0.2790707 -0.6637312 0.6919837 -0.1658708 -0.7025991 0.6899235 -0.0478185 -0.7223011 0.6878347 0.0718673 -0.7223009 0.6857733 0.1899204 -0.7025989 0.6837976 0.3031194 -0.6637315 0.6819604 0.4083788 -0.6067592 0.6803116 0.5028275 -0.533236 0.6788973 0.5838879 -0.4451667 0.6777539 0.6493502 -0.3449552 0.6769144 0.697427 -0.235335 0.6764037 0.726806 -0.1192944</float_array>
          <technique_common>
            <accessor count="3753" source="#normals-array-array" stride="3">
              <param type="float" name="X" />
              <param type="float" name="Y" />
              <param type="float" name="Z" />
            </accessor>
          </technique_common>
        </source>
        <vertices id="verts-array-vertices">
          <input semantic="POSITION" source="#verts-array" />
        </vertices>
        <triangles count="7502" material="material0">
          <input offset="0" semantic="VERTEX" source="#verts-array-vertices" />
          <input offset="1" semantic="NORMAL" source="#normals-array" />
          <p>0 0 1 1 2 2 3 3 4 4 2 2 2 2 4 4 5 5 2 2 5 5 0 0 6 6 7 7 2 2 2 2 7 7 8 8 2 2 8 8 3 3 9 9 10 10 2 2 2 2 10 10 11 11 2 2 11 11 6 6 12 12 13 13 2 2 2 2 13 13 14 14 2 2 14 14 9 9 15 15 16 16 2 2 2 2 16 16 17 17 2 2 17 17 12 12 18 18 19 19 2 2 2 2 19 19 20 20 2 2 20 20 15 15 21 21 22 22 2 2 2 2 22 22 23 23 2 2 23 23 18 18 1 1 24 24 2 2 2 2 24 24 25 25 2 2 25 25 21 21 0 0 5 5 26 26 4 4 27 27 5 5 5 5 27 27 28 28 5 5 28 28 26 26 3 3 29 29 4 4 4 4 29 29 30 30 4 4 30 30 27 27 8 8 31 31 3 3 3 3 31 31 32 32 3 3 32 32 29 29 7 7 33 33 8 8 8 8 33 33 34 34 8 8 34 34 31 31 6 6 35 35 7 7 7 7 35 35 36 36 7 7 36 36 33 33 11 11 37 37 6 6 6 6 37 37 38 38 6 6 38 38 35 35 10 10 39 39 11 11 11 11 39 39 40 40 11 11 40 40 37 37 9 9 41 41 10 10 10 10 41 41 42 42 10 10 42 42 39 39 14 14 43 43 9 9 9 9 43 43 44 44 9 9 44 44 41 41 13 13 45 45 14 14 14 14 45 45 46 46 14 14 46 46 43 43 12 12 47 47 13 13 13 13 47 47 48 48 13 13 48 48 45 45 17 17 49 49 12 12 12 12 49 49 50 50 12 12 50 50 47 47 16 16 51 51 17 17 17 17 51 51 52 52 17 17 52 52 49 49 15 15 53 53 16 16 16 16 53 53 54 54 16 16 54 54 51 51 20 20 55 55 15 15 15 15 55 55 56 56 15 15 56 56 53 53 19 19 57 57 20 20 20 20 57 57 58 58 20 20 58 58 55 55 18 18 59 59 19 19 19 19 59 59 60 60 19 19 60 60 57 57 23 23 61 61 18 18 18 18 61 61 62 62 18 18 62 62 59 59 22 22 63 63 23 23 23 23 63 63 64 64 23 23 64 64 61 61 21 21 65 65 22 22 22 22 65 65 66 66 22 22 66 66 63 63 25 25 67 67 21 21 21 21 67 67 68 68 21 21 68 68 65 65 24 24 69 69 25 25 25 25 69 69 70 70 25 25 70 70 67 67 1 1 71 71 24 24 24 24 71 71 72 72 24 24 72 72 69 69 26 26 73 73 0 0 0 0 73 73 74 74 0 0 74 74 1 1 1 1 74 74 75 75 1 1 75 75 71 71 76 76 77 77 78 78 78 78 77 77 79 79 78 78 79 79 80 80 81 81 82 82 78 78 78 78 82 82 83 83 78 78 83 83 76 76 84 84 85 85 78 78 78 78 85 85 86 86 78 78 86 86 81 81 80 80 87 87 78 78 78 78 87 87 88 88 78 78 88 88 84 84 89 89 90 90 91 91 91 91 90 90 92 92 91 91 92 92 93 93 94 94 95 95 91 91 91 91 95 95 96 96 91 91 96 96 89 89 97 97 98 98 91 91 91 91 98 98 99 99 91 91 99 99 94 94 93 93 100 100 91 91 91 91 100 100 101 101 91 91 101 101 97 97 102 102 103 103 104 104 104 104 103 103 105 105 104 104 105 105 106 106 107 107 108 108 104 104 104 104 108 108 109 109 104 104 109 109 102 102 110 110 111 111 104 104 104 104 111 111 112 112 104 104 112 112 107 107 106 106 113 113 104 104 104 104 113 113 114 114 104 104 114 114 110 110 115 115 116 116 117 117 117 117 116 116 118 118 117 117 118 118 119 119 120 120 121 121 117 117 117 117 121 121 122 122 117 117 122 122 115 115 123 123 124 124 117 117 117 117 124 124 125 125 117 117 125 125 120 120 119 119 126 126 117 117 117 117 126 126 127 127 117 117 127 127 123 123 128 128 129 129 130 130 130 130 129 129 131 131 130 130 131 131 132 132 133 133 134 134 130 130 130 130 134 134 135 135 130 130 135 135 128 128 136 136 137 137 130 130 130 130 137 137 138 138 130 130 138 138 133 133 132 132 139 139 130 130 130 130 139 139 140 140 130 130 140 140 136 136 141 141 49 49 52 52 141 141 52 52 142 142 142 142 52 52 51 51 142 142 51 51 143 143 51 51 54 54 143 143 143 143 54 54 53 53 143 143 53 53 144 144 144 144 53 53 56 56 144 144 56 56 145 145 145 145 56 56 55 55 145 145 55 55 146 146 55 55 58 58 146 146 146 146 58 58 57 57 146 146 57 57 147 147 147 147 57 57 60 60 147 147 60 60 148 148 148 148 60 60 59 59 148 148 59 59 149 149 149 149 59 59 62 62 62 62 61 61 149 149 149 149 61 61 64 64 149 149 64 64 150 150 64 64 63 63 150 150 150 150 63 63 66 66 150 150 66 66 151 151 151 151 66 66 65 65 151 151 65 65 152 152 152 152 65 65 68 68 152 152 68 68 153 153 153 153 68 68 67 67 153 153 67 67 154 154 67 67 70 70 154 154 154 154 70 70 69 69 154 154 69 69 155 155 155 155 69 69 72 72 155 155 72 72 156 156 156 156 72 72 71 71 156 156 71 71 157 157 157 157 71 71 75 75 75 75 74 74 157 157 157 157 74 74 73 73 157 157 73 73 158 158 73 73 26 26 158 158 158 158 26 26 28 28 158 158 28 28 159 159 159 159 28 28 27 27 159 159 27 27 160 160 160 160 27 27 30 30 160 160 30 30 161 161 161 161 30 30 29 29 161 161 29 29 162 162 29 29 32 32 162 162 162 162 32 32 31 31 162 162 31 31 163 163 163 163 31 31 34 34 163 163 34 34 164 164 164 164 34 34 33 33 164 164 33 33 165 165 33 33 36 36 165 165 165 165 36 36 35 35 165 165 35 35 166 166 35 35 38 38 166 166 166 166 38 38 37 37 166 166 37 37 167 167 37 37 40 40 167 167 167 167 40 40 39 39 167 167 39 39 168 168 168 168 39 39 42 42 168 168 42 42 169 169 42 42 41 41 169 169 169 169 41 41 44 44 169 169 44 44 170 170 170 170 44 44 43 43 170 170 43 43 171 171 171 171 43 43 46 46 171 171 46 46 172 172 172 172 46 46 45 45 172 172 45 45 173 173 45 45 48 48 173 173 173 173 48 48 47 47 173 173 47 47 141 141 141 141 47 47 50 50 141 141 50 50 49 49 79 79 174 174 80 80 80 80 174 174 175 175 80 80 175 175 87 87 175 175 176 176 87 87 87 87 176 176 177 177 87 87 177 177 88 88 88 88 177 177 178 178 88 88 178 178 84 84 84 84 178 178 179 179 84 84 179 179 85 85 179 179 180 180 85 85 85 85 180 180 181 181 85 85 181 181 86 86 86 86 181 181 182 182 86 86 182 182 81 81 81 81 182 182 183 183 81 81 183 183 82 82 82 82 183 183 184 184 82 82 184 184 83 83 184 184 185 185 83 83 83 83 185 185 186 186 83 83 186 186 76 76 76 76 186 186 187 187 76 76 187 187 77 77 77 77 187 187 188 188 77 77 188 188 79 79 79 79 188 188 189 189 79 79 189 189 174 174 92 92 190 190 93 93 93 93 190 190 191 191 93 93 191 191 100 100 100 100 191 191 192 192 100 100 192 192 101 101 101 101 192 192 193 193 101 101 193 193 97 97 97 97 193 193 194 194 97 97 194 194 98 98 98 98 194 194 195 195 98 98 195 195 99 99 99 99 195 195 196 196 99 99 196 196 94 94 94 94 196 196 197 197 94 94 197 197 95 95 95 95 197 197 198 198 95 95 198 198 96 96 96 96 198 198 199 199 96 96 199 199 89 89 89 89 199 199 200 200 89 89 200 200 90 90 90 90 200 200 201 201 90 90 201 201 92 92 92 92 201 201 190 190 105 105 202 202 106 106 106 106 202 202 203 203 106 106 203 203 113 113 113 113 203 203 204 204 113 113 204 204 114 114 114 114 204 204 205 205 114 114 205 205 110 110 110 110 205 205 206 206 110 110 206 206 111 111 111 111 206 206 207 207 111 111 207 207 112 112 112 112 207 207 208 208 112 112 208 208 107 107 107 107 208 208 209 209 107 107 209 209 108 108 108 108 209 209 210 210 108 108 210 210 109 109 109 109 210 210 211 211 109 109 211 211 102 102 102 102 211 211 212 212 102 102 212 212 103 103 103 103 212 212 213 213 103 103 213 213 105 105 105 105 213 213 202 202 118 118 214 214 119 119 119 119 214 214 215 215 119 119 215 215 126 126 126 126 215 215 216 216 126 126 216 216 127 127 127 127 216 216 217 217 127 127 217 217 123 123 123 123 217 217 218 218 123 123 218 218 124 124 124 124 218 218 219 219 124 124 219 219 125 125 125 125 219 219 220 220 125 125 220 220 120 120 120 120 220 220 221 221 120 120 221 221 121 121 121 121 221 221 222 222 121 121 222 222 122 122 122 122 222 222 223 223 122 122 223 223 115 115 115 115 223 223 224 224 115 115 224 224 116 116 116 116 224 224 225 225 116 116 225 225 118 118 118 118 225 225 214 214 131 131 226 226 132 132 132 132 226 226 227 227 132 132 227 227 139 139 139 139 227 227 228 228 139 139 228 228 140 140 140 140 228 228 229 229 140 140 229 229 136 136 136 136 229 229 230 230 136 136 230 230 137 137 137 137 230 230 231 231 137 137 231 231 138 138 138 138 231 231 232 232 138 138 232 232 133 133 133 133 232 232 233 233 133 133 233 233 134 134 134 134 233 233 234 234 134 134 234 234 135 135 135 135 234 234 235 235 135 135 235 235 128 128 128 128 235 235 236 236 128 128 236 236 129 129 129 129 236 236 237 237 129 129 237 237 131 131 131 131 237 237 226 226 238 238 239 239 240 240 241 241 242 242 243 243 244 244 171 171 172 172 142 142 245 245 141 141 141 141 245 245 244 244 141 141 244 244 173 173 173 173 244 244 172 172 246 246 168 168 169 169 187 187 186 186 244 244 244 244 186 186 185 185 244 244 185 185 171 171 171 171 185 185 184 184 171 171 184 184 170 170 170 170 184 184 169 169 181 181 246 246 182 182 182 182 246 246 169 169 182 182 169 169 183 183 183 183 169 169 184 184 164 164 165 165 247 247 247 247 165 165 166 166 247 247 166 166 246 246 246 246 166 166 167 167 246 246 167 167 168 168 248 248 162 162 247 247 247 247 162 162 163 163 247 247 163 163 164 164 158 158 159 159 249 249 249 249 159 159 160 160 249 249 160 160 248 248 248 248 160 160 161 161 248 248 161 161 162 162 250 250 156 156 157 157 251 251 154 154 250 250 250 250 154 154 155 155 250 250 155 155 156 156 149 149 150 150 252 252 150 150 151 151 252 252 252 252 151 151 152 152 252 252 152 152 251 251 251 251 152 152 153 153 251 251 153 153 154 154 253 253 146 146 254 254 254 254 146 146 147 147 254 254 147 147 148 148 142 142 143 143 245 245 245 245 143 143 144 144 245 245 144 144 253 253 253 253 144 144 145 145 253 253 145 145 146 146 188 188 255 255 189 189 189 189 255 255 240 240 189 189 240 240 174 174 174 174 240 240 175 175 175 175 240 240 239 239 175 175 239 239 176 176 176 176 239 239 256 256 176 176 256 256 177 177 177 177 256 256 257 257 177 177 257 257 178 178 178 178 257 257 179 179 179 179 257 257 258 258 179 179 258 258 180 180 206 206 205 205 255 255 210 210 259 259 211 211 211 211 259 259 260 260 211 211 260 260 212 212 212 212 260 260 213 213 213 213 260 260 261 261 213 213 261 261 202 202 202 202 261 261 262 262 202 202 262 262 203 203 203 203 262 262 263 263 203 203 263 263 204 204 204 204 263 263 264 264 204 204 264 264 205 205 210 210 209 209 259 259 259 259 209 209 208 208 259 259 208 208 255 255 255 255 208 208 207 207 255 255 207 207 206 206 265 265 266 266 259 259 259 259 266 266 267 267 259 259 267 267 260 260 242 242 268 268 243 243 243 243 268 268 269 269 243 243 269 269 259 259 259 259 269 269 270 270 259 259 270 270 265 265 254 254 271 271 272 272 273 273 253 253 274 274 274 274 253 253 254 254 274 274 254 254 275 275 275 275 254 254 272 272 148 148 149 149 254 254 254 254 149 149 252 252 254 254 252 252 193 193 193 193 192 192 254 254 254 254 192 192 191 191 254 254 191 191 271 271 191 191 190 190 271 271 271 271 190 190 201 201 271 271 201 201 276 276 276 276 201 201 200 200 276 276 200 200 277 277 277 277 200 200 199 199 277 277 199 199 278 278 278 278 199 199 198 198 278 278 198 198 279 279 279 279 198 198 197 197 279 279 197 197 280 280 196 196 195 195 252 252 252 252 195 195 194 194 252 252 194 194 193 193 197 197 196 196 280 280 280 280 196 196 252 252 280 280 252 252 281 281 281 281 252 252 282 282 283 283 284 284 251 251 251 251 284 284 285 285 251 251 285 285 252 252 252 252 285 285 286 286 252 252 286 286 282 282 287 287 288 288 250 250 250 250 288 288 289 289 250 250 289 289 251 251 251 251 289 289 290 290 251 251 290 290 283 283 226 226 250 250 249 249 249 249 250 250 157 157 249 249 157 157 158 158 226 226 237 237 250 250 250 250 237 237 236 236 250 250 236 236 287 287 287 287 236 236 235 235 287 287 235 235 291 291 291 291 235 235 234 234 291 291 234 234 292 292 229 229 228 228 249 249 249 249 228 228 227 227 249 249 227 227 226 226 292 292 234 234 293 293 293 293 234 234 233 233 293 293 233 233 294 294 294 294 233 233 232 232 294 294 232 232 295 295 295 295 232 232 231 231 295 295 231 231 296 296 296 296 231 231 230 230 296 296 230 230 297 297 230 230 229 229 297 297 297 297 229 229 249 249 297 297 249 249 298 298 298 298 249 249 299 299 300 300 301 301 248 248 248 248 301 301 302 302 248 248 302 302 249 249 249 249 302 302 303 303 249 249 303 303 299 299 300 300 304 304 305 305 305 305 304 304 306 306 306 306 304 304 307 307 307 307 304 304 308 308 307 307 308 308 309 309 215 215 214 214 258 258 258 258 214 214 225 225 310 310 311 311 216 216 308 308 221 221 220 220 225 225 224 224 258 258 258 258 224 224 223 223 258 258 223 223 308 308 308 308 223 223 222 222 308 308 222 222 221 221 216 216 311 311 217 217 217 217 311 311 312 312 217 217 312 312 218 218 218 218 312 312 313 313 218 218 313 313 219 219 219 219 313 313 314 314 219 219 314 314 220 220 220 220 314 314 315 315 220 220 315 315 308 308 308 308 315 315 316 316 308 308 316 316 309 309 216 216 215 215 310 310 310 310 215 215 258 258 310 310 258 258 317 317 317 317 258 258 318 318 256 256 319 319 257 257 257 257 319 319 320 320 257 257 320 320 258 258 258 258 320 320 321 321 258 258 321 321 318 318 205 205 264 264 255 255 255 255 264 264 322 322 255 255 322 322 323 323 323 323 324 324 255 255 255 255 324 324 325 325 255 255 325 325 240 240 240 240 325 325 326 326 240 240 326 326 238 238 300 300 248 248 304 304 304 304 248 248 247 247 304 304 247 247 308 308 308 308 247 247 246 246 308 308 246 246 258 258 258 258 246 246 181 181 258 258 181 181 180 180 188 188 187 187 255 255 255 255 187 187 244 244 255 255 244 244 259 259 259 259 244 244 245 245 259 259 245 245 243 243 243 243 245 245 253 253 243 243 253 253 241 241 241 241 253 253 273 273 327 327 328 328 329 329 330 330 331 331 332 332 332 332 331 331 333 333 332 332 333 333 328 328 328 328 333 333 334 334 328 328 334 334 335 335 336 336 337 337 338 338 338 338 337 337 328 328 338 338 328 328 339 339 339 339 328 328 335 335 330 330 340 340 331 331 331 331 340 340 341 341 331 331 341 341 342 342 342 342 343 343 331 331 331 331 343 343 344 344 331 331 344 344 345 345 346 346 347 347 348 348 345 345 349 349 350 350 345 345 350 350 351 351 351 351 350 350 352 352 351 351 352 352 353 353 353 353 346 346 351 351 351 351 346 346 348 348 351 351 348 348 345 345 345 345 348 348 354 354 345 345 354 354 331 331 337 337 355 355 328 328 328 328 355 355 356 356 328 328 356 356 329 329 329 329 356 356 357 357 358 358 359 359 360 360 361 361 362 362 363 363 363 363 362 362 329 329 363 363 329 329 364 364 364 364 329 329 357 357 361 361 358 358 362 362 362 362 358 358 360 360 362 362 360 360 329 329 329 329 360 360 365 365 329 329 365 365 327 327 366 366 367 367 368 368 369 369 370 370 371 371 368 368 372 372 373 373 371 371 374 374 375 375 375 375 374 374 376 376 377 377 366 366 378 378 378 378 366 366 379 379 373 373 369 369 368 368 368 368 369 369 371 371 368 368 371 371 366 366 366 366 371 371 375 375 366 366 375 375 379 379 379 379 375 375 376 376 379 379 376 376 380 380 381 381 382 382 383 383 372 372 368 368 384 384 384 384 368 368 385 385 384 384 385 385 381 381 381 381 383 383 384 384 384 384 383 383 386 386 384 384 386 386 387 387 388 388 389 389 390 390 391 391 392 392 393 393 393 393 394 394 395 395 395 395 394 394 396 396 397 397 398 398 399 399 399 399 398 398 395 395 399 399 395 395 400 400 400 400 395 395 396 396 398 398 401 401 395 395 395 395 401 401 402 402 395 395 402 402 393 393 393 393 402 402 403 403 404 404 391 391 405 405 405 405 391 391 393 393 405 405 393 393 406 406 406 406 393 393 403 403 407 407 408 408 409 409 392 392 391 391 409 409 409 409 391 391 410 410 409 409 410 410 407 407 408 408 411 411 409 409 409 409 411 411 412 412 409 409 412 412 413 413 390 390 414 414 415 415 416 416 417 417 415 415 415 415 417 417 418 418 415 415 418 418 390 390 390 390 418 418 419 419 390 390 419 419 420 420 421 421 390 390 422 422 422 422 390 390 420 420 422 422 420 420 423 423 413 413 388 388 409 409 409 409 388 388 390 390 409 409 390 390 424 424 424 424 390 390 421 421 425 425 426 426 427 427 428 428 429 429 427 427 427 427 429 429 430 430 427 427 430 430 425 425 425 425 430 430 431 431 425 425 431 431 432 432 429 429 433 433 430 430 430 430 433 433 434 434 430 430 434 434 435 435 436 436 437 437 438 438 438 438 437 437 430 430 438 438 430 430 439 439 439 439 430 430 435 435 437 437 440 440 430 430 430 430 440 440 441 441 430 430 441 441 442 442 442 442 443 443 430 430 430 430 443 443 444 444 430 430 444 444 445 445 446 446 447 447 448 448 448 448 447 447 449 449 448 448 449 449 450 450 451 451 452 452 448 448 448 448 452 452 453 453 448 448 453 453 446 446 454 454 455 455 448 448 448 448 455 455 456 456 448 448 456 456 451 451 450 450 457 457 448 448 448 448 457 457 458 458 448 448 458 458 454 454 459 459 460 460 461 461 461 461 460 460 462 462 461 461 462 462 463 463 464 464 465 465 461 461 461 461 465 465 466 466 461 461 466 466 459 459 467 467 468 468 461 461 461 461 468 468 469 469 461 461 469 469 464 464 463 463 470 470 461 461 461 461 470 470 471 471 461 461 471 471 467 467 472 472 473 473 474 474 474 474 473 473 475 475 474 474 475 475 476 476 477 477 478 478 474 474 474 474 478 478 479 479 474 474 479 479 472 472 480 480 481 481 474 474 474 474 481 481 482 482 474 474 482 482 477 477 476 476 483 483 474 474 474 474 483 483 484 484 474 474 484 484 480 480 485 485 486 486 487 487 487 487 486 486 488 488 487 487 488 488 489 489 490 490 491 491 487 487 487 487 491 491 492 492 487 487 492 492 485 485 493 493 494 494 487 487 487 487 494 494 495 495 487 487 495 495 490 490 489 489 496 496 487 487 487 487 496 496 497 497 487 487 497 497 493 493 296 296 498 498 499 499 239 239 238 238 500 500 501 501 502 502 503 503 503 503 502 502 504 504 503 503 504 504 505 505 506 506 507 507 501 501 501 501 507 507 508 508 501 501 508 508 502 502 509 509 510 510 511 511 511 511 510 510 512 512 511 511 512 512 513 513 513 513 512 512 514 514 513 513 514 514 506 506 506 506 514 514 515 515 506 506 515 515 507 507 509 509 511 511 516 516 516 516 511 511 517 517 516 516 517 517 518 518 518 518 517 517 519 519 518 518 519 519 520 520 520 520 519 519 521 521 520 520 521 521 522 522 523 523 524 524 525 525 525 525 524 524 526 526 525 525 526 526 527 527 527 527 526 526 528 528 527 527 528 528 521 521 521 521 528 528 529 529 521 521 529 529 522 522 530 530 531 531 523 523 523 523 531 531 532 532 523 523 532 532 524 524 533 533 534 534 530 530 530 530 534 534 535 535 530 530 535 535 531 531 536 536 537 537 538 538 538 538 537 537 539 539 538 538 539 539 533 533 533 533 539 539 540 540 533 533 540 540 534 534 541 541 542 542 536 536 536 536 542 542 543 543 536 536 543 543 537 537 544 544 545 545 546 546 546 546 545 545 547 547 546 546 547 547 548 548 548 548 547 547 549 549 548 548 549 549 541 541 541 541 549 549 550 550 541 541 550 550 542 542 544 544 546 546 551 551 551 551 546 546 552 552 551 551 552 552 553 553 553 553 552 552 554 554 553 553 554 554 555 555 555 555 554 554 556 556 555 555 556 556 557 557 558 558 559 559 560 560 560 560 559 559 561 561 560 560 561 561 562 562 562 562 561 561 563 563 562 562 563 563 564 564 564 564 563 563 565 565 564 564 565 565 556 556 556 556 565 565 566 566 556 556 566 566 557 557 567 567 568 568 558 558 558 558 568 568 569 569 558 558 569 569 559 559 570 570 571 571 572 572 572 572 571 571 573 573 572 572 573 573 567 567 567 567 573 573 574 574 567 567 574 574 568 568 575 575 576 576 570 570 570 570 576 576 577 577 570 570 577 577 571 571 578 578 579 579 580 580 580 580 579 579 581 581 580 580 581 581 582 582 582 582 581 581 583 583 582 582 583 583 575 575 575 575 583 583 584 584 575 575 584 584 576 576 578 578 580 580 585 585 585 585 580 580 586 586 585 585 586 586 587 587 587 587 586 586 588 588 587 587 588 588 589 589 589 589 588 588 590 590 589 589 590 590 591 591 592 592 593 593 594 594 594 594 593 593 595 595 594 594 595 595 590 590 590 590 595 595 596 596 590 590 596 596 591 591 597 597 598 598 599 599 599 599 598 598 600 600 599 599 600 600 592 592 592 592 600 600 601 601 592 592 601 601 593 593 602 602 603 603 597 597 597 597 603 603 604 604 597 597 604 604 598 598 605 605 606 606 607 607 607 607 606 606 608 608 607 607 608 608 602 602 602 602 608 608 609 609 602 602 609 609 603 603 610 610 611 611 605 605 605 605 611 611 612 612 605 605 612 612 606 606 613 613 614 614 615 615 615 615 614 614 616 616 615 615 616 616 617 617 617 617 616 616 618 618 617 617 618 618 610 610 610 610 618 618 619 619 610 610 619 619 611 611 613 613 615 615 620 620 620 620 615 615 621 621 620 620 621 621 622 622 622 622 621 621 623 623 622 622 623 623 624 624 624 624 623 623 625 625 624 624 625 625 626 626 504 504 627 627 505 505 505 505 627 627 628 628 505 505 628 628 629 629 629 629 628 628 630 630 629 629 630 630 625 625 625 625 630 630 631 631 625 625 631 631 626 626 323 323 322 322 632 632 632 632 633 633 323 323 323 323 633 633 634 634 323 323 634 634 324 324 324 324 634 634 635 635 324 324 635 635 325 325 500 500 238 238 635 635 635 635 238 238 326 326 635 635 326 326 325 325 321 321 320 320 636 636 636 636 320 320 319 319 636 636 319 319 500 500 500 500 319 319 256 256 500 500 256 256 239 239 636 636 637 637 321 321 321 321 637 637 638 638 321 321 638 638 318 318 318 318 638 638 639 639 318 318 639 639 317 317 317 317 639 639 310 310 310 310 639 639 640 640 310 310 640 640 311 311 311 311 640 640 641 641 311 311 641 641 312 312 312 312 641 641 642 642 312 312 642 642 313 313 313 313 642 642 643 643 313 313 643 643 314 314 314 314 643 643 315 315 315 315 643 643 644 644 315 315 644 644 316 316 316 316 644 644 645 645 316 316 645 645 309 309 309 309 645 645 646 646 309 309 646 646 307 307 307 307 646 646 306 306 306 306 646 646 647 647 306 306 647 647 305 305 305 305 647 647 300 300 300 300 647 647 648 648 300 300 648 648 301 301 301 301 648 648 302 302 302 302 648 648 649 649 302 302 649 649 303 303 303 303 649 649 650 650 303 303 650 650 299 299 299 299 650 650 651 651 299 299 651 651 298 298 498 498 296 296 651 651 651 651 296 296 297 297 651 651 297 297 298 298 652 652 292 292 653 653 653 653 292 292 293 293 653 653 293 293 654 654 654 654 293 293 294 294 654 654 294 294 499 499 499 499 294 294 295 295 499 499 295 295 296 296 655 655 288 288 656 656 656 656 288 288 287 287 656 656 287 287 652 652 652 652 287 287 291 291 652 652 291 291 292 292 657 657 283 283 658 658 658 658 283 283 290 290 658 658 290 290 655 655 655 655 290 290 289 289 655 655 289 289 288 288 659 659 282 282 660 660 660 660 282 282 286 286 660 660 286 286 661 661 661 661 286 286 285 285 661 661 285 285 657 657 657 657 285 285 284 284 657 657 284 284 283 283 279 279 280 280 659 659 659 659 280 280 281 281 659 659 281 281 282 282 662 662 277 277 663 663 663 663 277 277 278 278 663 663 278 278 664 664 664 664 278 278 279 279 664 664 279 279 665 665 665 665 279 279 659 659 666 666 275 275 667 667 667 667 275 275 272 272 667 667 272 272 668 668 668 668 272 272 271 271 668 668 271 271 662 662 662 662 271 271 276 276 662 662 276 276 277 277 669 669 273 273 666 666 666 666 273 273 274 274 666 666 274 274 275 275 670 670 242 242 669 669 669 669 242 242 241 241 669 669 241 241 273 273 671 671 265 265 672 672 672 672 265 265 270 270 672 672 270 270 673 673 673 673 270 270 269 269 673 673 269 269 670 670 670 670 269 269 268 268 670 670 268 268 242 242 322 322 264 264 632 632 632 632 264 264 263 263 632 632 263 263 674 674 674 674 263 263 262 262 674 674 262 262 675 675 675 675 262 262 261 261 675 675 261 261 676 676 676 676 261 261 260 260 676 676 260 260 677 677 677 677 260 260 267 267 677 677 267 267 671 671 671 671 267 267 266 266 671 671 266 266 265 265 560 560 678 678 558 558 558 558 678 678 679 679 558 558 679 679 567 567 567 567 679 679 680 680 567 567 680 680 572 572 572 572 680 680 681 681 572 572 681 681 570 570 570 570 681 681 682 682 570 570 682 682 575 575 575 575 682 682 683 683 575 575 683 683 582 582 582 582 683 683 684 684 582 582 684 684 580 580 580 580 684 684 685 685 580 580 685 685 586 586 586 586 685 685 686 686 586 586 686 686 588 588 588 588 686 686 687 687 588 588 687 687 590 590 590 590 687 687 688 688 590 590 688 688 594 594 594 594 688 688 689 689 594 594 689 689 592 592 592 592 689 689 690 690 592 592 690 690 599 599 599 599 690 690 691 691 599 599 691 691 597 597 597 597 691 691 692 692 597 597 692 692 602 602 602 602 692 692 693 693 602 602 693 693 607 607 607 607 693 693 694 694 607 607 694 694 605 605 605 605 694 694 695 695 605 605 695 695 610 610 610 610 695 695 696 696 610 610 696 696 617 617 617 617 696 696 697 697 617 617 697 697 615 615 615 615 697 697 698 698 615 615 698 698 621 621 621 621 698 698 699 699 621 621 699 699 623 623 623 623 699 699 700 700 623 623 700 700 625 625 625 625 700 700 701 701 625 625 701 701 629 629 629 629 701 701 702 702 629 629 702 702 505 505 505 505 702 702 703 703 505 505 703 703 503 503 503 503 703 703 704 704 503 503 704 704 501 501 501 501 704 704 705 705 501 501 705 705 506 506 506 506 705 705 706 706 506 506 706 706 513 513 513 513 706 706 707 707 513 513 707 707 511 511 511 511 707 707 708 708 511 511 708 708 517 517 517 517 708 708 709 709 517 517 709 709 519 519 519 519 709 709 710 710 519 519 710 710 521 521 521 521 710 710 711 711 521 521 711 711 527 527 527 527 711 711 712 712 527 527 712 712 525 525 525 525 712 712 713 713 525 525 713 713 523 523 523 523 713 713 714 714 523 523 714 714 530 530 530 530 714 714 715 715 530 530 715 715 533 533 533 533 715 715 716 716 533 533 716 716 538 538 538 538 716 716 717 717 538 538 717 717 536 536 536 536 717 717 718 718 536 536 718 718 541 541 541 541 718 718 719 719 541 541 719 719 548 548 548 548 719 719 720 720 548 548 720 720 546 546 546 546 720 720 721 721 546 546 721 721 552 552 552 552 721 721 722 722 552 552 722 722 554 554 554 554 722 722 723 723 554 554 723 723 556 556 556 556 723 723 724 724 556 556 724 724 564 564 564 564 724 724 725 725 564 564 725 725 562 562 562 562 725 725 726 726 562 562 726 726 560 560 560 560 726 726 678 678 678 678 675 675 679 679 679 679 675 675 676 676 679 679 676 676 680 680 680 680 676 676 677 677 680 680 677 677 681 681 681 681 677 677 671 671 681 681 671 671 682 682 682 682 671 671 672 672 682 682 672 672 683 683 683 683 672 672 673 673 683 683 673 673 684 684 684 684 673 673 670 670 684 684 670 670 685 685 685 685 670 670 669 669 685 685 669 669 686 686 686 686 669 669 666 666 686 686 666 666 687 687 687 687 666 666 667 667 687 687 667 667 688 688 688 688 667 667 668 668 688 688 668 668 689 689 689 689 668 668 662 662 689 689 662 662 690 690 690 690 662 662 663 663 690 690 663 663 691 691 691 691 663 663 664 664 691 691 664 664 692 692 692 692 664 664 665 665 692 692 665 665 693 693 693 693 665 665 659 659 693 693 659 659 694 694 694 694 659 659 660 660 694 694 660 660 695 695 695 695 660 660 661 661 695 695 661 661 696 696 696 696 661 661 657 657 696 696 657 657 697 697 697 697 657 657 658 658 697 697 658 658 698 698 698 698 658 658 655 655 698 698 655 655 699 699 699 699 655 655 656 656 699 699 656 656 700 700 700 700 656 656 652 652 700 700 652 652 701 701 701 701 652 652 653 653 701 701 653 653 702 702 702 702 653 653 654 654 702 702 654 654 703 703 703 703 654 654 499 499 703 703 499 499 704 704 704 704 499 499 498 498 704 704 498 498 705 705 705 705 498 498 651 651 705 705 651 651 706 706 706 706 651 651 650 650 706 706 650 650 707 707 707 707 650 650 649 649 707 707 649 649 708 708 708 708 649 649 648 648 708 708 648 648 709 709 709 709 648 648 647 647 709 709 647 647 710 710 710 710 647 647 646 646 710 710 646 646 711 711 711 711 646 646 645 645 711 711 645 645 712 712 712 712 645 645 644 644 712 712 644 644 713 713 713 713 644 644 643 643 713 713 643 643 714 714 714 714 643 643 642 642 714 714 642 642 715 715 715 715 642 642 641 641 715 715 641 641 716 716 716 716 641 641 640 640 716 716 640 640 717 717 717 717 640 640 639 639 717 717 639 639 718 718 718 718 639 639 638 638 718 718 638 638 719 719 719 719 638 638 637 637 719 719 637 637 720 720 720 720 637 637 636 636 720 720 636 636 721 721 721 721 636 636 500 500 721 721 500 500 722 722 722 722 500 500 635 635 722 722 635 635 723 723 723 723 635 635 634 634 723 723 634 634 724 724 724 724 634 634 633 633 724 724 633 633 725 725 725 725 633 633 632 632 725 725 632 632 726 726 726 726 632 632 674 674 726 726 674 674 678 678 678 678 674 674 675 675 727 727 728 728 729 729 729 729 728 728 730 730 729 729 730 730 731 731 732 732 733 733 729 729 729 729 733 733 734 734 729 729 734 734 727 727 735 735 736 736 729 729 729 729 736 736 737 737 729 729 737 737 732 732 731 731 738 738 729 729 729 729 738 738 739 739 729 729 739 739 735 735 740 740 741 741 742 742 742 742 741 741 743 743 742 742 743 743 744 744 745 745 746 746 742 742 742 742 746 746 747 747 742 742 747 747 740 740 748 748 749 749 742 742 742 742 749 749 750 750 742 742 750 750 745 745 744 744 751 751 742 742 742 742 751 751 752 752 742 742 752 752 748 748 753 753 754 754 755 755 755 755 754 754 756 756 755 755 756 756 757 757 758 758 759 759 755 755 755 755 759 759 760 760 755 755 760 760 753 753 761 761 762 762 755 755 755 755 762 762 763 763 755 755 763 763 758 758 757 757 764 764 755 755 755 755 764 764 765 765 755 755 765 765 761 761 766 766 767 767 768 768 768 768 767 767 769 769 768 768 769 769 770 770 771 771 772 772 768 768 768 768 772 772 773 773 768 768 773 773 766 766 774 774 775 775 768 768 768 768 775 775 776 776 768 768 776 776 771 771 770 770 777 777 768 768 768 768 777 777 778 778 768 768 778 778 774 774 779 779 780 780 781 781 782 782 783 783 784 784 784 784 783 783 785 785 784 784 785 785 786 786 786 786 785 785 787 787 779 779 781 781 788 788 788 788 781 781 789 789 788 788 789 789 785 785 785 785 789 789 790 790 785 785 790 790 787 787 791 791 328 328 792 792 792 792 328 328 327 327 792 792 327 327 793 793 793 793 327 327 365 365 793 793 365 365 360 360 357 357 794 794 364 364 364 364 794 794 795 795 364 364 795 795 363 363 363 363 795 795 796 796 363 363 796 796 361 361 361 361 796 796 797 797 361 361 797 797 358 358 358 358 797 797 798 798 358 358 798 798 359 359 359 359 798 798 799 799 359 359 799 799 360 360 360 360 799 799 800 800 360 360 800 800 793 793 794 794 357 357 356 356 333 333 801 801 334 334 334 334 801 801 802 802 334 334 802 802 335 335 335 335 802 802 803 803 335 335 803 803 339 339 339 339 803 803 804 804 339 339 804 804 338 338 338 338 804 804 805 805 338 338 805 805 336 336 336 336 805 805 806 806 336 336 806 806 337 337 337 337 806 806 807 807 337 337 807 807 355 355 355 355 807 807 808 808 355 355 808 808 356 356 356 356 808 808 809 809 356 356 809 809 794 794 801 801 333 333 810 810 810 810 333 333 331 331 810 810 331 331 811 811 331 331 354 354 811 811 811 811 354 354 348 348 811 811 348 348 812 812 812 812 348 348 813 813 813 813 348 348 347 347 813 813 347 347 814 814 814 814 347 347 346 346 814 814 346 346 815 815 815 815 346 346 353 353 815 815 353 353 816 816 816 816 353 353 352 352 816 816 352 352 817 817 817 817 352 352 350 350 817 817 350 350 818 818 818 818 350 350 349 349 818 818 349 349 819 819 819 819 349 349 345 345 328 328 791 791 332 332 332 332 791 791 820 820 332 332 820 820 330 330 330 330 820 820 821 821 330 330 821 821 340 340 340 340 821 821 822 822 340 340 822 822 341 341 341 341 822 822 823 823 341 341 823 823 342 342 342 342 823 823 824 824 342 342 824 824 343 343 343 343 824 824 825 825 343 343 825 825 344 344 344 344 825 825 826 826 344 344 826 826 345 345 345 345 826 826 827 827 345 345 827 827 819 819 387 387 386 386 828 828 828 828 386 386 829 829 829 829 386 386 383 383 378 378 830 830 377 377 377 377 830 830 831 831 377 377 831 831 366 366 366 366 831 831 832 832 366 366 832 832 367 367 367 367 832 832 833 833 367 367 833 833 368 368 368 368 833 833 834 834 368 368 834 834 385 385 385 385 834 834 835 835 385 385 835 835 381 381 381 381 835 835 836 836 381 381 836 836 382 382 382 382 836 836 837 837 382 382 837 837 383 383 383 383 837 837 838 838 383 383 838 838 829 829 830 830 378 378 379 379 372 372 839 839 373 373 373 373 839 839 840 840 373 373 840 840 369 369 369 369 840 840 841 841 369 369 841 841 370 370 370 370 841 841 842 842 370 370 842 842 371 371 371 371 842 842 843 843 371 371 843 843 374 374 374 374 843 843 844 844 374 374 844 844 376 376 376 376 844 844 845 845 376 376 845 845 380 380 380 380 845 845 846 846 380 380 846 846 379 379 379 379 846 846 847 847 379 379 847 847 830 830 384 384 848 848 372 372 372 372 848 848 839 839 387 387 828 828 384 384 384 384 828 828 848 848 849 849 850 850 851 851 852 852 853 853 851 851 851 851 853 853 854 854 851 851 854 854 849 849 855 855 856 856 851 851 851 851 856 856 857 857 851 851 857 857 852 852 858 858 859 859 851 851 851 851 859 859 860 860 851 851 860 860 855 855 861 861 862 862 851 851 851 851 862 862 863 863 851 851 863 863 858 858 850 850 864 864 851 851 851 851 864 864 865 865 851 851 865 865 861 861 866 866 867 867 868 868 869 869 870 870 868 868 868 868 870 870 871 871 868 868 871 871 866 866 872 872 873 873 868 868 868 868 873 873 874 874 868 868 874 874 869 869 875 875 876 876 868 868 868 868 876 876 877 877 868 868 877 877 872 872 878 878 879 879 868 868 868 868 879 879 880 880 868 868 880 880 875 875 867 867 881 881 868 868 868 868 881 881 882 882 868 868 882 882 878 878 883 883 409 409 884 884 884 884 409 409 424 424 884 884 424 424 885 885 885 885 424 424 421 421 885 885 421 421 422 422 416 416 886 886 417 417 417 417 886 886 887 887 417 417 887 887 418 418 418 418 887 887 888 888 418 418 888 888 419 419 419 419 888 888 889 889 419 419 889 889 420 420 420 420 889 889 890 890 420 420 890 890 423 423 423 423 890 890 891 891 423 423 891 891 422 422 422 422 891 891 892 892 422 422 892 892 885 885 886 886 416 416 415 415 408 408 893 893 411 411 411 411 893 893 894 894 411 411 894 894 412 412 412 412 894 894 895 895 412 412 895 895 413 413 413 413 895 895 896 896 413 413 896 896 388 388 388 388 896 896 897 897 388 388 897 897 389 389 389 389 897 897 898 898 389 389 898 898 390 390 390 390 898 898 899 899 390 390 899 899 414 414 414 414 899 899 900 900 414 414 900 900 415 415 415 415 900 900 901 901 415 415 901 901 886 886 893 893 408 408 902 902 902 902 408 408 407 407 902 902 407 407 903 903 407 407 410 410 903 903 903 903 410 410 391 391 903 903 391 391 904 904 904 904 391 391 905 905 905 905 391 391 404 404 905 905 404 404 906 906 906 906 404 404 405 405 906 906 405 405 907 907 907 907 405 405 406 406 907 907 406 406 908 908 908 908 406 406 403 403 908 908 403 403 909 909 909 909 403 403 402 402 909 909 402 402 910 910 910 910 402 402 401 401 910 910 401 401 911 911 911 911 401 401 398 398 409 409 883 883 392 392 392 392 883 883 912 912 392 392 912 912 393 393 393 393 912 912 913 913 393 393 913 913 394 394 394 394 913 913 914 914 394 394 914 914 396 396 396 396 914 914 915 915 396 396 915 915 400 400 400 400 915 915 916 916 400 400 916 916 399 399 399 399 916 916 917 917 399 399 917 917 397 397 397 397 917 917 918 918 397 397 918 918 398 398 398 398 918 918 919 919 398 398 919 919 911 911 445 445 444 444 920 920 920 920 444 444 921 921 921 921 444 444 443 443 435 435 922 922 439 439 439 439 922 922 923 923 439 439 923 923 438 438 438 438 923 923 924 924 438 438 924 924 436 436 436 436 924 924 925 925 436 436 925 925 437 437 437 437 925 925 926 926 437 437 926 926 440 440 440 440 926 926 927 927 440 440 927 927 441 441 441 441 927 927 928 928 441 441 928 928 442 442 442 442 928 928 929 929 442 442 929 929 443 443 443 443 929 929 930 930 443 443 930 930 921 921 435 435 434 434 922 922 922 922 434 434 931 931 931 931 434 434 932 932 932 932 434 434 433 433 932 932 433 433 933 933 933 933 433 433 429 429 933 933 429 429 934 934 934 934 429 429 428 428 934 934 428 428 935 935 935 935 428 428 427 427 935 935 427 427 936 936 936 936 427 427 426 426 936 936 426 426 937 937 431 431 938 938 432 432 432 432 938 938 937 937 432 432 937 937 425 425 425 425 937 937 426 426 430 430 939 939 431 431 431 431 939 939 938 938 445 445 920 920 430 430 430 430 920 920 939 939 458 458 940 940 454 454 454 454 940 940 941 941 454 454 941 941 455 455 455 455 941 941 942 942 455 455 942 942 456 456 456 456 942 942 943 943 456 456 943 943 451 451 451 451 943 943 944 944 451 451 944 944 452 452 944 944 945 945 452 452 452 452 945 945 946 946 452 452 946 946 453 453 453 453 946 946 947 947 453 453 947 947 446 446 446 446 947 947 948 948 446 446 948 948 447 447 447 447 948 948 949 949 447 447 949 949 449 449 449 449 949 949 950 950 449 449 950 950 450 450 450 450 950 950 951 951 450 450 951 951 457 457 457 457 951 951 952 952 457 457 952 952 458 458 458 458 952 952 953 953 458 458 953 953 940 940 462 462 954 954 463 463 463 463 954 954 955 955 463 463 955 955 470 470 470 470 955 955 956 956 470 470 956 956 471 471 471 471 956 956 957 957 471 471 957 957 467 467 467 467 957 957 958 958 467 467 958 958 468 468 468 468 958 958 959 959 468 468 959 959 469 469 469 469 959 959 960 960 469 469 960 960 464 464 464 464 960 960 961 961 464 464 961 961 465 465 465 465 961 961 962 962 465 465 962 962 466 466 466 466 962 962 963 963 466 466 963 963 459 459 459 459 963 963 964 964 459 459 964 964 460 460 460 460 964 964 965 965 460 460 965 965 462 462 462 462 965 965 954 954 475 475 966 966 476 476 476 476 966 966 967 967 476 476 967 967 483 483 483 483 967 967 968 968 483 483 968 968 484 484 484 484 968 968 969 969 484 484 969 969 480 480 480 480 969 969 970 970 480 480 970 970 481 481 481 481 970 970 971 971 481 481 971 971 482 482 482 482 971 971 972 972 482 482 972 972 477 477 477 477 972 972 973 973 477 477 973 973 478 478 478 478 973 973 974 974 478 478 974 974 479 479 479 479 974 974 975 975 479 479 975 975 472 472 472 472 975 975 976 976 472 472 976 976 473 473 473 473 976 976 977 977 473 473 977 977 475 475 475 475 977 977 966 966 496 496 978 978 497 497 497 497 978 978 979 979 497 497 979 979 493 493 493 493 979 979 980 980 493 493 980 980 494 494 494 494 980 980 981 981 494 494 981 981 495 495 495 495 981 981 982 982 495 495 982 982 490 490 490 490 982 982 983 983 490 490 983 983 491 491 491 491 983 983 984 984 491 491 984 984 492 492 984 984 985 985 492 492 492 492 985 985 986 986 492 492 986 986 485 485 485 485 986 986 987 987 485 485 987 987 486 486 486 486 987 987 988 988 486 486 988 988 488 488 488 488 988 988 989 989 488 488 989 989 489 489 489 489 989 989 990 990 489 489 990 990 496 496 496 496 990 990 991 991 496 496 991 991 978 978 584 584 583 583 992 992 631 631 630 630 993 993 993 993 630 630 994 994 631 631 993 993 626 626 626 626 993 993 995 995 626 626 995 995 624 624 614 614 613 613 996 996 996 996 613 613 620 620 996 996 620 620 995 995 995 995 620 620 622 622 995 995 622 622 624 624 997 997 616 616 998 998 998 998 616 616 614 614 998 998 614 614 999 999 999 999 614 614 996 996 1000 1000 619 619 997 997 997 997 619 619 618 618 997 997 618 618 616 616 608 608 606 606 1001 1001 1001 1001 606 606 612 612 1001 1001 612 612 1000 1000 1000 1000 612 612 611 611 1000 1000 611 611 619 619 608 608 1001 1001 609 609 609 609 1001 1001 1002 1002 609 609 1002 1002 603 603 603 603 1002 1002 604 604 604 604 1002 1002 1003 1003 604 604 1003 1003 598 598 598 598 1003 1003 1004 1004 598 598 1004 1004 600 600 600 600 1004 1004 601 601 601 601 1004 1004 1005 1005 601 601 1005 1005 593 593 593 593 1005 1005 1006 1006 593 593 1006 1006 595 595 595 595 1006 1006 1007 1007 595 595 1007 1007 596 596 596 596 1007 1007 1008 1008 596 596 1008 1008 591 591 591 591 1008 1008 1009 1009 591 591 1009 1009 589 589 1010 1010 585 585 1009 1009 1009 1009 585 585 587 587 1009 1009 587 587 589 589 583 583 581 581 992 992 992 992 581 581 579 579 992 992 579 579 1010 1010 1010 1010 579 579 578 578 1010 1010 578 578 585 585 992 992 1011 1011 584 584 584 584 1011 1011 1012 1012 584 584 1012 1012 576 576 576 576 1012 1012 1013 1013 576 576 1013 1013 577 577 577 577 1013 1013 1014 1014 577 577 1014 1014 571 571 571 571 1014 1014 573 573 573 573 1014 1014 574 574 574 574 1014 1014 1015 1015 574 574 1015 1015 568 568 568 568 1015 1015 569 569 569 569 1015 1015 1016 1016 569 569 1016 1016 559 559 559 559 1016 1016 561 561 561 561 1016 1016 1017 1017 561 561 1017 1017 563 563 563 563 1017 1017 565 565 565 565 1017 1017 1018 1018 565 565 1018 1018 566 566 566 566 1018 1018 557 557 557 557 1018 1018 1019 1019 557 557 1019 1019 555 555 555 555 1019 1019 553 553 553 553 1019 1019 1020 1020 553 553 1020 1020 551 551 551 551 1020 1020 1021 1021 551 551 1021 1021 544 544 544 544 1021 1021 1022 1022 544 544 1022 1022 545 545 545 545 1022 1022 1023 1023 545 545 1023 1023 547 547 1024 1024 550 550 1023 1023 1023 1023 550 550 549 549 1023 1023 549 549 547 547 539 539 537 537 1025 1025 1025 1025 537 537 543 543 1025 1025 543 543 1024 1024 1024 1024 543 543 542 542 1024 1024 542 542 550 550 539 539 1025 1025 540 540 540 540 1025 1025 1026 1026 540 540 1026 1026 534 534 534 534 1026 1026 1027 1027 534 534 1027 1027 535 535 535 535 1027 1027 1028 1028 535 535 1028 1028 531 531 531 531 1028 1028 1029 1029 531 531 1029 1029 532 532 532 532 1029 1029 1030 1030 532 532 1030 1030 524 524 524 524 1030 1030 526 526 526 526 1030 1030 1031 1031 526 526 1031 1031 528 528 528 528 1031 1031 1032 1032 528 528 1032 1032 529 529 529 529 1032 1032 522 522 522 522 1032 1032 1033 1033 522 522 1033 1033 520 520 510 510 509 509 1034 1034 1034 1034 509 509 516 516 1034 1034 516 516 1033 1033 1033 1033 516 516 518 518 1033 1033 518 518 520 520 1035 1035 514 514 512 512 1035 1035 512 512 1036 1036 510 510 1034 1034 512 512 512 512 1034 1034 1037 1037 512 512 1037 1037 1036 1036 514 514 1035 1035 515 515 515 515 1035 1035 1038 1038 515 515 1038 1038 507 507 507 507 1038 1038 508 508 508 508 1038 1038 1039 1039 508 508 1039 1039 502 502 630 630 628 628 994 994 994 994 628 628 627 627 994 994 627 627 1039 1039 1039 1039 627 627 504 504 1039 1039 504 504 502 502 739 739 1040 1040 735 735 735 735 1040 1040 1041 1041 735 735 1041 1041 736 736 736 736 1041 1041 1042 1042 736 736 1042 1042 737 737 737 737 1042 1042 1043 1043 737 737 1043 1043 732 732 732 732 1043 1043 1044 1044 732 732 1044 1044 733 733 1044 1044 1045 1045 733 733 733 733 1045 1045 1046 1046 733 733 1046 1046 734 734 734 734 1046 1046 1047 1047 734 734 1047 1047 727 727 727 727 1047 1047 1048 1048 727 727 1048 1048 728 728 728 728 1048 1048 1049 1049 728 728 1049 1049 730 730 730 730 1049 1049 1050 1050 730 730 1050 1050 731 731 731 731 1050 1050 1051 1051 731 731 1051 1051 738 738 738 738 1051 1051 1052 1052 738 738 1052 1052 739 739 739 739 1052 1052 1053 1053 739 739 1053 1053 1040 1040 743 743 1054 1054 744 744 744 744 1054 1054 1055 1055 744 744 1055 1055 751 751 751 751 1055 1055 1056 1056 751 751 1056 1056 752 752 752 752 1056 1056 1057 1057 752 752 1057 1057 748 748 748 748 1057 1057 1058 1058 748 748 1058 1058 749 749 749 749 1058 1058 1059 1059 749 749 1059 1059 750 750 750 750 1059 1059 1060 1060 750 750 1060 1060 745 745 745 745 1060 1060 1061 1061 745 745 1061 1061 746 746 746 746 1061 1061 1062 1062 746 746 1062 1062 747 747 747 747 1062 1062 1063 1063 747 747 1063 1063 740 740 740 740 1063 1063 1064 1064 740 740 1064 1064 741 741 741 741 1064 1064 1065 1065 741 741 1065 1065 743 743 743 743 1065 1065 1054 1054 756 756 1066 1066 757 757 757 757 1066 1066 1067 1067 757 757 1067 1067 764 764 764 764 1067 1067 1068 1068 764 764 1068 1068 765 765 765 765 1068 1068 1069 1069 765 765 1069 1069 761 761 761 761 1069 1069 1070 1070 761 761 1070 1070 762 762 762 762 1070 1070 1071 1071 762 762 1071 1071 763 763 763 763 1071 1071 1072 1072 763 763 1072 1072 758 758 758 758 1072 1072 1073 1073 758 758 1073 1073 759 759 759 759 1073 1073 1074 1074 759 759 1074 1074 760 760 760 760 1074 1074 1075 1075 760 760 1075 1075 753 753 753 753 1075 1075 1076 1076 753 753 1076 1076 754 754 754 754 1076 1076 1077 1077 754 754 1077 1077 756 756 756 756 1077 1077 1066 1066 777 777 1078 1078 778 778 778 778 1078 1078 1079 1079 778 778 1079 1079 774 774 774 774 1079 1079 1080 1080 774 774 1080 1080 775 775 775 775 1080 1080 1081 1081 775 775 1081 1081 776 776 776 776 1081 1081 1082 1082 776 776 1082 1082 771 771 771 771 1082 1082 1083 1083 771 771 1083 1083 772 772 772 772 1083 1083 1084 1084 772 772 1084 1084 773 773 1084 1084 1085 1085 773 773 773 773 1085 1085 1086 1086 773 773 1086 1086 766 766 766 766 1086 1086 1087 1087 766 766 1087 1087 767 767 767 767 1087 1087 1088 1088 767 767 1088 1088 769 769 769 769 1088 1088 1089 1089 769 769 1089 1089 770 770 770 770 1089 1089 1090 1090 770 770 1090 1090 777 777 777 777 1090 1090 1091 1091 777 777 1091 1091 1078 1078 1092 1092 1093 1093 1094 1094 1094 1094 1093 1093 1095 1095 1094 1094 1095 1095 1096 1096 1097 1097 1098 1098 1094 1094 1094 1094 1098 1098 1099 1099 1094 1094 1099 1099 1092 1092 1100 1100 1101 1101 1094 1094 1094 1094 1101 1101 1102 1102 1094 1094 1102 1102 1097 1097 1103 1103 1104 1104 1094 1094 1094 1094 1104 1104 1105 1105 1094 1094 1105 1105 1100 1100 1106 1106 1107 1107 1094 1094 1094 1094 1107 1107 1108 1108 1094 1094 1108 1108 1103 1103 1109 1109 1110 1110 1094 1094 1094 1094 1110 1110 1111 1111 1094 1094 1111 1111 1106 1106 1112 1112 1113 1113 1094 1094 1094 1094 1113 1113 1114 1114 1094 1094 1114 1114 1109 1109 1115 1115 1116 1116 1094 1094 1094 1094 1116 1116 1117 1117 1094 1094 1117 1117 1112 1112 1118 1118 1119 1119 1094 1094 1094 1094 1119 1119 1120 1120 1094 1094 1120 1120 1115 1115 1121 1121 1122 1122 1094 1094 1094 1094 1122 1122 1123 1123 1094 1094 1123 1123 1118 1118 1096 1096 1124 1124 1094 1094 1094 1094 1124 1124 1125 1125 1094 1094 1125 1125 1121 1121 1126 1126 1127 1127 1128 1128 1128 1128 1127 1127 1129 1129 1128 1128 1129 1129 1130 1130 1131 1131 1132 1132 1133 1133 1133 1133 1132 1132 1134 1134 1126 1126 1135 1135 1127 1127 1127 1127 1135 1135 1136 1136 1127 1127 1136 1136 1134 1134 1134 1134 1136 1136 1137 1137 1134 1134 1137 1137 1133 1133 1138 1138 1139 1139 1140 1140 1141 1141 1142 1142 1143 1143 1143 1143 1142 1142 1144 1144 1143 1143 1144 1144 1145 1145 1145 1145 1144 1144 1146 1146 1138 1138 1140 1140 1147 1147 1147 1147 1140 1140 1148 1148 1147 1147 1148 1148 1144 1144 1144 1144 1148 1148 1149 1149 1144 1144 1149 1149 1146 1146 1150 1150 1151 1151 1152 1152 1150 1150 1152 1152 1153 1153 1154 1154 1155 1155 1156 1156 1156 1156 1157 1157 1154 1154 1154 1154 1157 1157 1158 1158 1153 1153 1152 1152 1159 1159 1153 1153 1159 1159 1155 1155 1155 1155 1159 1159 1160 1160 1155 1155 1160 1160 1156 1156 1153 1153 1155 1155 1154 1154 1132 1132 1150 1150 1153 1153 1150 1150 1132 1132 1161 1161 1161 1161 1132 1132 779 779 1161 1161 779 779 788 788 1153 1153 1154 1154 1132 1132 1132 1132 1154 1154 1127 1127 1132 1132 1127 1127 1134 1134 788 788 785 785 1161 1161 1161 1161 785 785 783 783 1161 1161 783 783 1162 1162 1162 1162 783 783 1163 1163 1147 1147 1144 1144 1138 1138 1138 1138 1144 1144 1142 1142 1138 1138 1142 1142 1154 1154 1154 1154 1142 1142 1129 1129 1154 1154 1129 1129 1127 1127 1164 1164 1165 1165 1166 1166 1166 1166 1165 1165 1167 1167 1166 1166 1167 1167 783 783 783 783 1167 1167 1168 1168 783 783 1168 1168 1163 1163 1169 1169 1163 1163 1170 1170 1170 1170 1163 1163 1168 1168 1170 1170 1168 1168 1171 1171 1172 1172 1161 1161 1173 1173 1173 1173 1161 1161 1162 1162 1169 1169 1174 1174 1163 1163 1163 1163 1174 1174 1175 1175 1163 1163 1175 1175 1162 1162 1162 1162 1175 1175 1176 1176 1162 1162 1176 1176 1173 1173 1166 1166 1177 1177 1178 1178 1179 1179 1167 1167 1180 1180 1180 1180 1167 1167 1165 1165 1180 1180 1165 1165 1181 1181 1181 1181 1165 1165 1182 1182 1166 1166 1178 1178 1164 1164 1164 1164 1178 1178 1183 1183 1164 1164 1183 1183 1165 1165 1165 1165 1183 1183 1184 1184 1165 1165 1184 1184 1182 1182 1177 1177 1166 1166 1185 1185 1185 1185 1166 1166 783 783 1185 1185 783 783 782 782 780 780 779 779 1186 1186 1186 1186 779 779 1132 1132 1186 1186 1132 1132 1131 1131 1187 1187 1188 1188 1189 1189 1189 1189 1188 1188 1190 1190 1189 1189 1190 1190 1191 1191 1191 1191 1190 1190 1192 1192 1191 1191 1192 1192 1193 1193 1193 1193 1192 1192 1194 1194 1193 1193 1194 1194 1195 1195 1195 1195 1194 1194 1196 1196 1195 1195 1196 1196 1197 1197 1197 1197 1196 1196 1198 1198 1199 1199 1200 1200 1201 1201 1201 1201 1200 1200 1202 1202 791 791 792 792 1203 1203 1203 1203 792 792 1204 1204 1204 1204 792 792 793 793 1204 1204 793 793 1205 1205 1205 1205 793 793 800 800 1205 1205 800 800 1206 1206 1206 1206 800 800 799 799 1206 1206 799 799 1207 1207 1207 1207 799 799 798 798 1207 1207 798 798 1208 1208 798 798 797 797 1208 1208 1208 1208 797 797 796 796 1208 1208 796 796 1209 1209 1209 1209 796 796 795 795 1209 1209 795 795 1210 1210 1210 1210 795 795 794 794 1210 1210 794 794 1211 1211 1211 1211 794 794 1212 1212 1212 1212 794 794 809 809 1212 1212 809 809 1213 1213 1213 1213 809 809 808 808 1213 1213 808 808 807 807 1213 1213 807 807 1214 1214 1214 1214 807 807 806 806 1214 1214 806 806 1215 1215 1215 1215 806 806 805 805 1215 1215 805 805 1216 1216 1216 1216 805 805 804 804 1216 1216 804 804 1217 1217 1217 1217 804 804 803 803 1217 1217 803 803 1218 1218 1218 1218 803 803 802 802 1218 1218 802 802 1219 1219 1219 1219 802 802 1220 1220 1220 1220 802 802 801 801 1220 1220 801 801 1221 1221 1221 1221 801 801 1222 1222 1222 1222 801 801 810 810 1222 1222 810 810 1223 1223 1223 1223 810 810 811 811 1223 1223 811 811 1224 1224 811 811 812 812 1224 1224 1224 1224 812 812 813 813 1224 1224 813 813 1225 1225 1225 1225 813 813 814 814 1225 1225 814 814 1226 1226 1226 1226 814 814 815 815 1226 1226 815 815 1227 1227 1227 1227 815 815 816 816 1227 1227 816 816 1228 1228 1228 1228 816 816 817 817 1228 1228 817 817 1229 1229 1229 1229 817 817 818 818 1229 1229 818 818 1230 1230 1230 1230 818 818 1231 1231 824 824 1232 1232 825 825 825 825 1232 1232 1233 1233 825 825 1233 1233 826 826 826 826 1233 1233 1234 1234 826 826 1234 1234 827 827 827 827 1234 1234 1231 1231 827 827 1231 1231 819 819 819 819 1231 1231 818 818 1203 1203 1235 1235 791 791 791 791 1235 1235 1236 1236 791 791 1236 1236 820 820 820 820 1236 1236 1237 1237 820 820 1237 1237 821 821 821 821 1237 1237 1238 1238 821 821 1238 1238 822 822 822 822 1238 1238 1239 1239 822 822 1239 1239 823 823 823 823 1239 1239 1240 1240 823 823 1240 1240 824 824 824 824 1240 1240 1241 1241 824 824 1241 1241 1232 1232 841 841 840 840 1242 1242 1242 1242 840 840 839 839 1242 1242 839 839 848 848 1243 1243 1242 1242 1244 1244 1244 1244 1242 1242 848 848 1244 1244 848 848 1245 1245 1245 1245 848 848 828 828 1245 1245 828 828 1246 1246 828 828 829 829 1246 1246 1246 1246 829 829 838 838 1246 1246 838 838 1247 1247 1247 1247 838 838 837 837 1247 1247 837 837 1248 1248 1248 1248 837 837 836 836 1248 1248 836 836 1249 1249 1249 1249 836 836 835 835 1249 1249 835 835 1250 1250 1250 1250 835 835 834 834 1250 1250 834 834 1251 1251 1251 1251 834 834 833 833 1251 1251 833 833 1252 1252 1252 1252 833 833 832 832 1252 1252 832 832 1253 1253 1253 1253 832 832 831 831 1253 1253 831 831 1254 1254 1254 1254 831 831 830 830 841 841 1242 1242 842 842 842 842 1242 1242 1255 1255 842 842 1255 1255 1256 1256 1256 1256 1257 1257 842 842 842 842 1257 1257 1258 1258 842 842 1258 1258 843 843 843 843 1258 1258 1259 1259 843 843 1259 1259 844 844 844 844 1259 1259 1260 1260 844 844 1260 1260 845 845 845 845 1260 1260 1261 1261 845 845 1261 1261 846 846 846 846 1261 1261 1262 1262 846 846 1262 1262 847 847 847 847 1262 1262 1263 1263 847 847 1263 1263 830 830 830 830 1263 1263 1264 1264 830 830 1264 1264 1254 1254 1265 1265 1266 1266 1267 1267 1267 1267 1266 1266 1268 1268 1269 1269 1265 1265 1270 1270 1270 1270 1265 1265 1267 1267 1270 1270 1267 1267 1271 1271 1271 1271 1267 1267 1272 1272 1273 1273 1274 1274 1275 1275 1275 1275 1274 1274 1276 1276 1277 1277 1278 1278 1279 1279 1279 1279 1278 1278 1280 1280 1281 1281 1282 1282 1280 1280 1280 1280 1282 1282 1283 1283 1280 1280 1283 1283 1279 1279 1279 1279 1283 1283 1284 1284 1285 1285 1286 1286 856 856 1287 1287 1288 1288 853 853 1289 1289 1290 1290 865 865 1291 1291 1292 1292 863 863 858 858 1293 1293 1294 1294 858 858 1294 1294 859 859 859 859 1294 1294 1295 1295 859 859 1295 1295 1296 1296 1292 1292 1297 1297 863 863 863 863 1297 1297 1298 1298 863 863 1298 1298 858 858 858 858 1298 1298 1299 1299 858 858 1299 1299 1293 1293 1300 1300 1301 1301 862 862 862 862 1301 1301 1302 1302 862 862 1302 1302 863 863 863 863 1302 1302 1303 1303 863 863 1303 1303 1291 1291 1304 1304 1305 1305 861 861 861 861 1305 1305 1306 1306 861 861 1306 1306 862 862 862 862 1306 1306 1307 1307 862 862 1307 1307 1300 1300 1290 1290 1308 1308 865 865 865 865 1308 1308 1309 1309 865 865 1309 1309 861 861 861 861 1309 1309 1310 1310 861 861 1310 1310 1304 1304 1311 1311 1312 1312 864 864 864 864 1312 1312 1313 1313 864 864 1313 1313 865 865 865 865 1313 1313 1314 1314 865 865 1314 1314 1289 1289 1315 1315 1316 1316 850 850 850 850 1316 1316 1317 1317 850 850 1317 1317 864 864 864 864 1317 1317 1318 1318 864 864 1318 1318 1311 1311 1319 1319 1320 1320 849 849 849 849 1320 1320 1321 1321 849 849 1321 1321 850 850 850 850 1321 1321 1322 1322 850 850 1322 1322 1315 1315 854 854 1323 1323 1324 1324 854 854 1324 1324 849 849 849 849 1324 1324 1325 1325 849 849 1325 1325 1319 1319 1288 1288 1326 1326 853 853 853 853 1326 1326 1327 1327 853 853 1327 1327 854 854 854 854 1327 1327 1328 1328 854 854 1328 1328 1323 1323 1329 1329 1330 1330 852 852 852 852 1330 1330 1331 1331 852 852 1331 1331 853 853 853 853 1331 1331 1332 1332 853 853 1332 1332 1287 1287 1333 1333 1334 1334 857 857 857 857 1334 1334 1335 1335 857 857 1335 1335 852 852 852 852 1335 1335 1336 1336 852 852 1336 1336 1329 1329 1286 1286 1337 1337 856 856 856 856 1337 1337 1338 1338 856 856 1338 1338 857 857 857 857 1338 1338 1339 1339 857 857 1339 1339 1333 1333 1340 1340 1341 1341 855 855 855 855 1341 1341 1342 1342 855 855 1342 1342 856 856 856 856 1342 1342 1343 1343 856 856 1343 1343 1285 1285 1344 1344 1345 1345 860 860 860 860 1345 1345 1346 1346 860 860 1346 1346 855 855 855 855 1346 1346 1347 1347 855 855 1347 1347 1340 1340 1296 1296 1348 1348 859 859 859 859 1348 1348 1349 1349 859 859 1349 1349 860 860 860 860 1349 1349 1350 1350 860 860 1350 1350 1344 1344 1351 1351 1352 1352 872 872 1353 1353 1354 1354 869 869 1355 1355 1356 1356 881 881 1357 1357 1358 1358 879 879 1359 1359 877 877 1360 1360 1360 1360 877 877 876 876 1360 1360 876 876 1361 1361 1361 1361 876 876 1362 1362 1363 1363 1364 1364 875 875 875 875 1364 1364 1365 1365 875 875 1365 1365 876 876 876 876 1365 1365 1366 1366 876 876 1366 1366 1362 1362 1367 1367 1368 1368 880 880 880 880 1368 1368 1369 1369 880 880 1369 1369 875 875 875 875 1369 1369 1370 1370 875 875 1370 1370 1363 1363 1358 1358 1371 1371 879 879 879 879 1371 1371 1372 1372 879 879 1372 1372 880 880 880 880 1372 1372 1373 1373 880 880 1373 1373 1367 1367 1374 1374 1375 1375 878 878 878 878 1375 1375 1376 1376 878 878 1376 1376 879 879 879 879 1376 1376 1377 1377 879 879 1377 1377 1357 1357 1378 1378 1379 1379 882 882 882 882 1379 1379 1380 1380 882 882 1380 1380 878 878 878 878 1380 1380 1381 1381 878 878 1381 1381 1374 1374 1356 1356 1382 1382 881 881 881 881 1382 1382 1383 1383 881 881 1383 1383 882 882 882 882 1383 1383 1384 1384 882 882 1384 1384 1378 1378 867 867 1385 1385 1386 1386 867 867 1386 1386 881 881 881 881 1386 1386 1387 1387 881 881 1387 1387 1355 1355 1388 1388 1389 1389 866 866 866 866 1389 1389 1390 1390 866 866 1390 1390 867 867 867 867 1390 1390 1391 1391 867 867 1391 1391 1385 1385 1392 1392 1393 1393 871 871 871 871 1393 1393 1394 1394 871 871 1394 1394 866 866 866 866 1394 1394 1395 1395 866 866 1395 1395 1388 1388 1396 1396 1397 1397 870 870 870 870 1397 1397 1398 1398 870 870 1398 1398 871 871 871 871 1398 1398 1399 1399 871 871 1399 1399 1392 1392 1354 1354 1400 1400 869 869 869 869 1400 1400 1401 1401 869 869 1401 1401 870 870 870 870 1401 1401 1402 1402 870 870 1402 1402 1396 1396 1403 1403 1404 1404 874 874 874 874 1404 1404 1405 1405 874 874 1405 1405 869 869 869 869 1405 1405 1406 1406 869 869 1406 1406 1353 1353 1407 1407 1408 1408 873 873 873 873 1408 1408 1409 1409 873 873 1409 1409 874 874 874 874 1409 1409 1410 1410 874 874 1410 1410 1403 1403 1352 1352 1411 1411 872 872 872 872 1411 1411 1412 1412 872 872 1412 1412 873 873 873 873 1412 1412 1413 1413 873 873 1413 1413 1407 1407 1359 1359 1414 1414 877 877 877 877 1414 1414 1415 1415 877 877 1415 1415 872 872 872 872 1415 1415 1416 1416 872 872 1416 1416 1351 1351 883 883 884 884 1417 1417 1417 1417 884 884 1418 1418 1418 1418 884 884 885 885 1418 1418 885 885 1419 1419 1419 1419 885 885 892 892 1419 1419 892 892 1420 1420 1420 1420 892 892 891 891 1420 1420 891 891 1421 1421 1421 1421 891 891 890 890 1421 1421 890 890 1422 1422 890 890 889 889 1422 1422 1422 1422 889 889 888 888 1422 1422 888 888 1423 1423 1423 1423 888 888 887 887 1423 1423 887 887 1424 1424 1424 1424 887 887 886 886 1425 1425 1426 1426 902 902 902 902 1426 1426 893 893 894 894 1427 1427 895 895 895 895 1427 1427 1428 1428 895 895 1428 1428 896 896 896 896 1428 1428 1429 1429 896 896 1429 1429 897 897 897 897 1429 1429 1430 1430 897 897 1430 1430 898 898 898 898 1430 1430 1431 1431 898 898 1431 1431 899 899 899 899 1431 1431 1432 1432 899 899 1432 1432 900 900 900 900 1432 1432 901 901 901 901 1432 1432 1433 1433 901 901 1433 1433 886 886 886 886 1433 1433 1434 1434 886 886 1434 1434 1424 1424 1426 1426 1435 1435 893 893 893 893 1435 1435 1436 1436 893 893 1436 1436 894 894 894 894 1436 1436 1437 1437 894 894 1437 1437 1427 1427 902 902 903 903 1425 1425 1425 1425 903 903 904 904 1425 1425 904 904 1438 1438 1438 1438 904 904 905 905 1438 1438 905 905 1439 1439 1439 1439 905 905 906 906 1439 1439 906 906 1440 1440 1440 1440 906 906 907 907 1440 1440 907 907 1441 1441 1441 1441 907 907 908 908 1441 1441 908 908 1442 1442 1442 1442 908 908 909 909 1442 1442 909 909 1443 1443 1443 1443 909 909 910 910 1443 1443 910 910 1444 1444 1444 1444 910 910 1445 1445 910 910 911 911 1445 1445 1445 1445 911 911 919 919 1445 1445 919 919 1446 1446 1446 1446 919 919 918 918 1446 1446 918 918 1447 1447 1447 1447 918 918 917 917 1447 1447 917 917 1448 1448 1448 1448 917 917 916 916 1448 1448 916 916 1449 1449 1449 1449 916 916 915 915 1417 1417 1450 1450 883 883 883 883 1450 1450 1451 1451 883 883 1451 1451 912 912 912 912 1451 1451 1452 1452 912 912 1452 1452 913 913 913 913 1452 1452 1453 1453 913 913 1453 1453 914 914 914 914 1453 1453 1454 1454 914 914 1454 1454 915 915 915 915 1454 1454 1455 1455 915 915 1455 1455 1449 1449 1456 1456 1457 1457 1458 1458 1458 1458 1457 1457 1459 1459 1460 1460 1461 1461 1462 1462 1462 1462 1461 1461 1463 1463 1464 1464 1465 1465 1466 1466 1466 1466 1465 1465 1467 1467 1468 1468 1469 1469 1470 1470 1470 1470 1469 1469 1471 1471 1470 1470 1471 1471 1467 1467 1467 1467 1471 1471 1462 1462 1467 1467 1462 1462 1466 1466 1466 1466 1462 1462 1463 1463 1472 1472 1473 1473 1474 1474 1474 1474 1473 1473 1475 1475 1476 1476 1477 1477 1478 1478 1478 1478 1477 1477 1479 1479 1478 1478 1479 1479 1475 1475 1475 1475 1479 1479 1480 1480 1475 1475 1480 1480 1474 1474 1474 1474 1480 1480 1481 1481 939 939 1482 1482 938 938 938 938 1482 1482 1483 1483 1484 1484 1485 1485 1483 1483 1483 1483 1485 1485 1486 1486 934 934 1486 1486 933 933 933 933 1486 1486 932 932 934 934 935 935 1486 1486 1486 1486 935 935 936 936 1486 1486 936 936 1483 1483 1483 1483 936 936 937 937 1483 1483 937 937 938 938 1487 1487 1482 1482 1488 1488 1488 1488 1482 1482 939 939 1488 1488 939 939 1489 1489 1489 1489 939 939 920 920 1489 1489 920 920 1490 1490 920 920 921 921 1490 1490 1490 1490 921 921 930 930 1490 1490 930 930 1491 1491 930 930 929 929 1491 1491 1491 1491 929 929 928 928 1491 1491 928 928 1492 1492 1493 1493 1494 1494 925 925 925 925 1494 1494 1495 1495 925 925 1495 1495 926 926 926 926 1495 1495 1492 1492 926 926 1492 1492 927 927 927 927 1492 1492 928 928 1486 1486 1496 1496 932 932 932 932 1496 1496 1497 1497 932 932 1497 1497 1498 1498 1493 1493 925 925 1499 1499 1499 1499 925 925 924 924 1499 1499 924 924 1500 1500 1500 1500 924 924 923 923 1500 1500 923 923 1501 1501 1501 1501 923 923 922 922 1501 1501 922 922 1502 1502 1502 1502 922 922 931 931 1502 1502 931 931 1503 1503 1503 1503 931 931 932 932 1503 1503 932 932 1504 1504 1504 1504 932 932 1498 1498 1504 1504 1498 1498 1505 1505 1506 1506 1507 1507 1508 1508 1508 1508 1507 1507 1509 1509 1510 1510 1511 1511 1512 1512 1512 1512 1511 1511 1513 1513 1514 1514 1515 1515 1516 1516 1516 1516 1515 1515 1517 1517 1516 1516 1517 1517 1513 1513 1513 1513 1517 1517 1508 1508 1513 1513 1508 1508 1512 1512 1512 1512 1508 1508 1509 1509 1518 1518 1519 1519 1520 1520 1037 1037 1521 1521 1036 1036 1011 1011 1520 1520 1012 1012 1522 1522 940 940 953 953 1522 1522 953 953 994 994 994 994 953 953 952 952 994 994 952 952 993 993 1523 1523 999 999 996 996 952 952 951 951 993 993 993 993 951 951 950 950 993 993 950 950 995 995 995 995 950 950 949 949 995 995 949 949 996 996 996 996 949 949 948 948 996 996 948 948 1523 1523 948 948 947 947 1524 1524 1524 1524 947 947 946 946 1524 1524 946 946 1525 1525 1525 1525 946 946 1526 1526 946 946 945 945 1526 1526 1526 1526 945 945 944 944 1526 1526 944 944 1527 1527 944 944 943 943 1527 1527 1527 1527 943 943 942 942 1527 1527 942 942 1528 1528 1528 1528 942 942 941 941 1529 1529 989 989 1530 1530 1530 1530 989 989 988 988 1530 1530 988 988 1531 1531 1531 1531 988 988 987 987 1531 1531 987 987 1532 1532 1533 1533 1020 1020 1019 1019 1534 1534 1535 1535 1533 1533 987 987 986 986 1532 1532 1532 1532 986 986 985 985 1532 1532 985 985 1016 1016 1016 1016 985 985 984 984 1016 1016 984 984 1017 1017 980 980 979 979 1536 1536 1536 1536 979 979 978 978 1536 1536 978 978 1537 1537 1537 1537 978 978 991 991 1537 1537 991 991 1529 1529 1529 1529 991 991 990 990 1529 1529 990 990 989 989 984 984 983 983 1017 1017 1017 1017 983 983 982 982 1017 1017 982 982 1018 1018 1018 1018 982 982 981 981 1018 1018 981 981 1019 1019 1019 1019 981 981 980 980 1019 1019 980 980 1533 1533 1533 1533 980 980 1536 1536 1533 1533 1536 1536 1534 1534 967 967 966 966 1001 1001 1001 1001 966 966 977 977 976 976 1003 1003 977 977 977 977 1003 1003 1002 1002 977 977 1002 1002 1001 1001 969 969 968 968 997 997 971 971 1538 1538 972 972 972 972 1538 1538 1539 1539 969 969 997 997 970 970 976 976 975 975 1540 1540 1540 1540 975 975 974 974 1540 1540 974 974 1539 1539 1539 1539 974 974 973 973 1539 1539 973 973 972 972 967 967 1001 1001 968 968 968 968 1001 1001 1000 1000 968 968 1000 1000 997 997 971 971 970 970 1538 1538 1538 1538 970 970 997 997 1538 1538 997 997 1523 1523 1523 1523 997 997 998 998 1523 1523 998 998 999 999 976 976 1540 1540 1003 1003 1003 1003 1540 1540 1541 1541 1003 1003 1541 1541 1542 1542 1542 1542 1543 1543 1003 1003 1003 1003 1543 1543 1544 1544 1003 1003 1544 1544 1004 1004 1004 1004 1544 1544 1545 1545 1004 1004 1545 1545 1005 1005 1545 1545 1546 1546 1005 1005 1005 1005 1546 1546 1547 1547 1005 1005 1547 1547 1006 1006 1006 1006 1547 1547 1548 1548 1006 1006 1548 1548 1007 1007 1007 1007 1548 1548 1549 1549 1007 1007 1549 1549 1550 1550 1550 1550 1551 1551 1007 1007 1007 1007 1551 1551 1552 1552 1007 1007 1552 1552 963 963 963 963 962 962 1007 1007 1007 1007 962 962 961 961 1007 1007 961 961 1008 1008 1008 1008 961 961 1009 1009 1010 1010 957 957 992 992 992 992 957 957 956 956 992 992 956 956 955 955 961 961 960 960 1009 1009 1009 1009 960 960 959 959 1009 1009 959 959 1010 1010 1010 1010 959 959 958 958 1010 1010 958 958 957 957 1011 1011 992 992 1553 1553 1553 1553 992 992 955 955 1553 1553 955 955 1554 1554 1554 1554 955 955 954 954 1554 1554 954 954 1555 1555 1555 1555 954 954 965 965 1555 1555 965 965 1552 1552 1552 1552 965 965 964 964 1552 1552 964 964 963 963 1014 1014 1082 1082 1015 1015 1015 1015 1082 1082 1081 1081 1015 1015 1081 1081 1016 1016 1016 1016 1081 1081 1080 1080 1016 1016 1080 1080 1532 1532 1012 1012 1520 1520 1013 1013 1013 1013 1520 1520 1084 1084 1013 1013 1084 1084 1014 1014 1014 1014 1084 1084 1083 1083 1014 1014 1083 1083 1082 1082 1085 1085 1084 1084 1556 1556 1556 1556 1084 1084 1520 1520 1556 1556 1520 1520 1557 1557 1557 1557 1520 1520 1519 1519 1063 1063 1062 1062 1022 1022 1063 1063 1022 1022 1064 1064 1024 1024 1060 1060 1059 1059 1060 1060 1024 1024 1061 1061 1065 1065 1064 1064 1558 1558 1558 1558 1064 1064 1022 1022 1558 1558 1022 1022 1533 1533 1533 1533 1022 1022 1021 1021 1533 1533 1021 1021 1020 1020 1058 1058 1026 1026 1059 1059 1059 1059 1026 1026 1025 1025 1059 1059 1025 1025 1024 1024 1065 1065 1558 1558 1054 1054 1054 1054 1558 1558 1559 1559 1054 1054 1559 1559 1055 1055 1055 1055 1559 1559 1560 1560 1055 1055 1560 1560 1056 1056 1056 1056 1560 1560 1561 1561 1056 1056 1561 1561 1057 1057 1061 1061 1024 1024 1062 1062 1062 1062 1024 1024 1023 1023 1062 1062 1023 1023 1022 1022 1027 1027 1562 1562 1028 1028 1028 1028 1562 1562 1563 1563 1028 1028 1563 1563 1029 1029 1564 1564 1026 1026 1561 1561 1561 1561 1026 1026 1058 1058 1561 1561 1058 1058 1057 1057 1564 1564 1565 1565 1026 1026 1026 1026 1565 1565 1566 1566 1026 1026 1566 1566 1027 1027 1027 1027 1566 1566 1567 1567 1027 1027 1567 1567 1562 1562 1563 1563 1568 1568 1029 1029 1029 1029 1568 1568 1569 1569 1029 1029 1569 1569 1030 1030 1030 1030 1569 1569 1570 1570 1030 1030 1570 1570 1571 1571 1034 1034 1033 1033 1075 1075 1571 1571 1572 1572 1030 1030 1030 1030 1572 1572 1573 1573 1030 1030 1573 1573 1069 1069 1069 1069 1068 1068 1030 1030 1030 1030 1068 1068 1067 1067 1030 1030 1067 1067 1031 1031 1031 1031 1067 1067 1032 1032 1037 1037 1034 1034 1574 1574 1575 1575 1574 1574 1073 1073 1073 1073 1574 1574 1034 1034 1073 1073 1034 1034 1074 1074 1074 1074 1034 1034 1075 1075 1073 1073 1072 1072 1575 1575 1575 1575 1072 1072 1071 1071 1575 1575 1071 1071 1573 1573 1573 1573 1071 1071 1070 1070 1573 1573 1070 1070 1069 1069 1067 1067 1066 1066 1032 1032 1032 1032 1066 1066 1077 1077 1032 1032 1077 1077 1033 1033 1033 1033 1077 1077 1076 1076 1033 1033 1076 1076 1075 1075 1052 1052 1521 1521 1576 1576 1036 1036 1521 1521 1035 1035 1035 1035 1521 1521 1052 1052 1035 1035 1052 1052 1038 1038 1052 1052 1051 1051 1038 1038 1038 1038 1051 1051 1050 1050 1038 1038 1050 1050 1039 1039 1039 1039 1050 1050 1049 1049 1039 1039 1049 1049 994 994 994 994 1049 1049 1048 1048 994 994 1048 1048 1522 1522 941 941 940 940 1528 1528 1528 1528 940 940 1522 1522 1528 1528 1522 1522 1577 1577 1577 1577 1522 1522 1578 1578 1579 1579 1580 1580 1043 1043 1043 1043 1042 1042 1579 1579 1579 1579 1042 1042 1041 1041 1579 1579 1041 1041 1581 1581 1581 1581 1041 1041 1040 1040 1581 1581 1040 1040 1576 1576 1576 1576 1040 1040 1053 1053 1576 1576 1053 1053 1052 1052 1048 1048 1047 1047 1522 1522 1522 1522 1047 1047 1046 1046 1522 1522 1046 1046 1578 1578 1578 1578 1046 1046 1045 1045 1578 1578 1045 1045 1580 1580 1580 1580 1045 1045 1044 1044 1580 1580 1044 1044 1043 1043 1080 1080 1079 1079 1532 1532 1532 1532 1079 1079 1078 1078 1532 1532 1078 1078 1531 1531 1531 1531 1078 1078 1091 1091 1531 1531 1091 1091 1582 1582 1091 1091 1090 1090 1582 1582 1582 1582 1090 1090 1089 1089 1582 1582 1089 1089 1583 1583 1583 1583 1089 1089 1088 1088 1583 1583 1088 1088 1584 1584 1584 1584 1088 1088 1087 1087 1584 1584 1087 1087 1556 1556 1556 1556 1087 1087 1086 1086 1556 1556 1086 1086 1085 1085 1011 1011 1553 1553 1520 1520 1520 1520 1553 1553 1585 1585 1520 1520 1585 1585 1518 1518 948 948 1524 1524 1523 1523 1523 1523 1524 1524 1586 1586 1523 1523 1586 1586 1587 1587 1587 1587 1588 1588 1523 1523 1523 1523 1588 1588 1589 1589 1523 1523 1589 1589 1538 1538 1037 1037 1574 1574 1521 1521 1521 1521 1574 1574 1590 1590 1521 1521 1590 1590 1591 1591 1591 1591 1592 1592 1521 1521 1521 1521 1592 1592 1593 1593 1521 1521 1593 1593 1576 1576 1535 1535 1594 1594 1533 1533 1533 1533 1594 1594 1595 1595 1533 1533 1595 1595 1558 1558 1095 1095 1596 1596 1096 1096 1096 1096 1596 1596 1597 1597 1096 1096 1597 1597 1124 1124 1124 1124 1597 1597 1598 1598 1124 1124 1598 1598 1125 1125 1125 1125 1598 1598 1599 1599 1125 1125 1599 1599 1121 1121 1121 1121 1599 1599 1600 1600 1121 1121 1600 1600 1122 1122 1122 1122 1600 1600 1601 1601 1122 1122 1601 1601 1123 1123 1123 1123 1601 1601 1602 1602 1123 1123 1602 1602 1118 1118 1118 1118 1602 1602 1603 1603 1118 1118 1603 1603 1119 1119 1119 1119 1603 1603 1604 1604 1119 1119 1604 1604 1120 1120 1120 1120 1604 1604 1605 1605 1120 1120 1605 1605 1115 1115 1115 1115 1605 1605 1606 1606 1115 1115 1606 1606 1116 1116 1116 1116 1606 1606 1607 1607 1116 1116 1607 1607 1117 1117 1117 1117 1607 1607 1608 1608 1117 1117 1608 1608 1112 1112 1112 1112 1608 1608 1609 1609 1112 1112 1609 1609 1113 1113 1113 1113 1609 1609 1610 1610 1113 1113 1610 1610 1114 1114 1114 1114 1610 1610 1611 1611 1114 1114 1611 1611 1109 1109 1109 1109 1611 1611 1612 1612 1109 1109 1612 1612 1110 1110 1110 1110 1612 1612 1613 1613 1110 1110 1613 1613 1111 1111 1111 1111 1613 1613 1614 1614 1111 1111 1614 1614 1106 1106 1106 1106 1614 1614 1615 1615 1106 1106 1615 1615 1107 1107 1107 1107 1615 1615 1616 1616 1107 1107 1616 1616 1108 1108 1108 1108 1616 1616 1617 1617 1108 1108 1617 1617 1103 1103 1103 1103 1617 1617 1618 1618 1103 1103 1618 1618 1104 1104 1104 1104 1618 1618 1619 1619 1104 1104 1619 1619 1105 1105 1105 1105 1619 1619 1620 1620 1105 1105 1620 1620 1100 1100 1100 1100 1620 1620 1621 1621 1100 1100 1621 1621 1101 1101 1101 1101 1621 1621 1622 1622 1101 1101 1622 1622 1102 1102 1102 1102 1622 1622 1623 1623 1102 1102 1623 1623 1097 1097 1097 1097 1623 1623 1624 1624 1097 1097 1624 1624 1098 1098 1098 1098 1624 1624 1625 1625 1098 1098 1625 1625 1099 1099 1099 1099 1625 1625 1626 1626 1099 1099 1626 1626 1092 1092 1092 1092 1626 1626 1627 1627 1092 1092 1627 1627 1093 1093 1093 1093 1627 1627 1628 1628 1093 1093 1628 1628 1095 1095 1095 1095 1628 1628 1596 1596 1130 1130 1129 1129 1629 1629 1629 1629 1129 1129 1142 1142 1629 1629 1142 1142 1141 1141 1139 1139 1138 1138 1630 1630 1630 1630 1138 1138 1154 1154 1630 1630 1154 1154 1158 1158 1151 1151 1150 1150 1631 1631 1631 1631 1150 1150 1161 1161 1631 1631 1161 1161 1172 1172 1171 1171 1168 1168 1632 1632 1632 1632 1168 1168 1167 1167 1632 1632 1167 1167 1179 1179 1633 1633 1634 1634 1635 1635 1636 1636 1637 1637 1638 1638 1636 1636 1638 1638 1639 1639 1634 1634 1640 1640 1635 1635 1635 1635 1640 1640 1641 1641 1635 1635 1641 1641 1637 1637 1177 1177 1642 1642 1178 1178 1178 1178 1642 1642 1643 1643 1178 1178 1643 1643 1183 1183 1183 1183 1643 1643 1184 1184 1644 1644 1645 1645 1646 1646 1184 1184 1643 1643 1182 1182 1182 1182 1643 1643 1647 1647 1182 1182 1647 1647 1181 1181 1181 1181 1647 1647 1644 1644 1181 1181 1644 1644 1180 1180 1180 1180 1644 1644 1646 1646 1180 1180 1646 1646 1179 1179 1641 1641 1648 1648 1649 1649 1637 1637 1641 1641 1638 1638 1638 1638 1641 1641 1649 1649 1638 1638 1649 1649 1650 1650 1651 1651 1652 1652 1650 1650 1650 1650 1652 1652 1653 1653 1650 1650 1653 1653 1638 1638 1638 1638 1653 1653 1654 1654 1638 1638 1654 1654 1639 1639 1642 1642 1633 1633 1643 1643 1643 1643 1633 1633 1635 1635 1643 1643 1635 1635 1647 1647 1647 1647 1635 1635 1637 1637 1647 1647 1637 1637 1644 1644 1644 1644 1637 1637 1636 1636 1644 1644 1636 1636 1645 1645 1645 1645 1636 1636 1639 1639 1185 1185 782 782 1655 1655 1656 1656 1657 1657 1658 1658 1634 1634 1659 1659 1640 1640 1640 1640 1659 1659 1656 1656 1640 1640 1656 1656 1641 1641 1641 1641 1656 1656 1658 1658 1641 1641 1658 1658 1648 1648 1177 1177 1185 1185 1642 1642 1642 1642 1185 1185 1655 1655 1642 1642 1655 1655 1633 1633 1633 1633 1655 1655 1660 1660 1633 1633 1660 1660 1634 1634 1634 1634 1660 1660 1661 1661 1634 1634 1661 1661 1659 1659 1662 1662 1656 1656 1659 1659 1662 1662 1659 1659 1663 1663 1664 1664 1665 1665 1666 1666 1666 1666 1665 1665 1662 1662 1666 1666 1662 1662 1667 1667 1667 1667 1662 1662 1663 1663 790 790 1668 1668 1669 1669 780 780 1670 1670 781 781 781 781 1670 1670 1668 1668 781 781 1668 1668 789 789 789 789 1668 1668 790 790 1661 1661 1660 1660 1671 1671 1671 1671 1660 1660 1655 1655 1671 1671 1655 1655 782 782 782 782 784 784 1671 1671 1671 1671 784 784 786 786 1671 1671 786 786 1669 1669 1669 1669 786 786 787 787 1669 1669 787 787 790 790 1672 1672 1673 1673 1674 1674 1674 1674 1673 1673 1662 1662 1674 1674 1662 1662 1675 1675 1675 1675 1662 1662 1665 1665 1657 1657 1656 1656 1676 1676 1676 1676 1656 1656 1662 1662 1676 1676 1662 1662 1677 1677 1677 1677 1662 1662 1673 1673 1670 1670 1664 1664 1668 1668 1668 1668 1664 1664 1666 1666 1668 1668 1666 1666 1669 1669 1669 1669 1666 1666 1667 1667 1669 1669 1667 1667 1671 1671 1671 1671 1667 1667 1663 1663 1671 1671 1663 1663 1661 1661 1661 1661 1663 1663 1659 1659 1678 1678 1672 1672 1674 1674 1186 1186 1131 1131 1679 1679 1678 1678 1674 1674 1680 1680 780 780 1186 1186 1670 1670 1670 1670 1186 1186 1679 1679 1670 1670 1679 1679 1664 1664 1664 1664 1679 1679 1681 1681 1664 1664 1681 1681 1665 1665 1665 1665 1681 1681 1682 1682 1665 1665 1682 1682 1675 1675 1675 1675 1682 1682 1683 1683 1675 1675 1683 1683 1674 1674 1674 1674 1683 1683 1684 1684 1674 1674 1684 1684 1680 1680 1685 1685 1684 1684 1683 1683 1684 1684 1685 1685 1686 1686 1687 1687 1688 1688 1689 1689 1689 1689 1688 1688 1686 1686 1689 1689 1686 1686 1690 1690 1690 1690 1686 1686 1685 1685 1691 1691 1135 1135 1692 1692 1692 1692 1135 1135 1126 1126 1692 1692 1126 1126 1128 1128 1128 1128 1130 1130 1692 1692 1692 1692 1130 1130 1693 1693 1692 1692 1693 1693 1694 1694 1682 1682 1681 1681 1695 1695 1695 1695 1681 1681 1679 1679 1695 1695 1679 1679 1131 1131 1131 1131 1133 1133 1695 1695 1695 1695 1133 1133 1137 1137 1695 1695 1137 1137 1691 1691 1691 1691 1137 1137 1136 1136 1691 1691 1136 1136 1135 1135 1696 1696 1697 1697 1698 1698 1698 1698 1697 1697 1699 1699 1680 1680 1684 1684 1700 1700 1700 1700 1684 1684 1686 1686 1700 1700 1686 1686 1699 1699 1699 1699 1686 1686 1688 1688 1699 1699 1688 1688 1698 1698 1694 1694 1687 1687 1692 1692 1692 1692 1687 1687 1689 1689 1692 1692 1689 1689 1691 1691 1691 1691 1689 1689 1690 1690 1691 1691 1690 1690 1695 1695 1695 1695 1690 1690 1685 1685 1695 1695 1685 1685 1682 1682 1682 1682 1685 1685 1683 1683 1194 1194 1701 1701 1196 1196 1196 1196 1701 1701 1702 1702 1192 1192 1703 1703 1194 1194 1194 1194 1703 1703 1701 1701 1704 1704 1703 1703 1190 1190 1190 1190 1703 1703 1192 1192 1704 1704 1190 1190 1705 1705 1705 1705 1190 1190 1188 1188 1706 1706 1705 1705 1187 1187 1187 1187 1705 1705 1188 1188 1706 1706 1187 1187 1707 1707 1707 1707 1187 1187 1189 1189 1707 1707 1189 1189 1708 1708 1708 1708 1189 1189 1191 1191 1193 1193 1709 1709 1191 1191 1191 1191 1709 1709 1708 1708 1709 1709 1193 1193 1710 1710 1710 1710 1193 1193 1195 1195 1710 1710 1195 1195 1711 1711 1711 1711 1195 1195 1197 1197 1711 1711 1197 1197 1712 1712 1712 1712 1197 1197 1198 1198 1712 1712 1198 1198 1702 1702 1702 1702 1198 1198 1196 1196 1202 1202 1713 1713 1201 1201 1201 1201 1713 1713 1714 1714 1713 1713 1202 1202 1715 1715 1715 1715 1202 1202 1200 1200 1715 1715 1200 1200 1716 1716 1716 1716 1200 1200 1199 1199 1716 1716 1199 1199 1714 1714 1714 1714 1199 1199 1201 1201 1717 1717 1221 1221 1718 1718 1718 1718 1221 1221 1222 1222 1718 1718 1222 1222 1719 1719 1719 1719 1222 1222 1223 1223 1231 1231 1720 1720 1230 1230 1230 1230 1720 1720 1721 1721 1230 1230 1721 1721 1229 1229 1229 1229 1721 1721 1722 1722 1229 1229 1722 1722 1228 1228 1228 1228 1722 1722 1723 1723 1228 1228 1723 1723 1227 1227 1227 1227 1723 1723 1724 1724 1227 1227 1724 1724 1226 1226 1226 1226 1724 1724 1725 1725 1226 1226 1725 1725 1225 1225 1225 1225 1725 1725 1726 1726 1225 1225 1726 1726 1224 1224 1224 1224 1726 1726 1727 1727 1224 1224 1727 1727 1223 1223 1223 1223 1727 1727 1728 1728 1223 1223 1728 1728 1719 1719 1720 1720 1231 1231 1729 1729 1729 1729 1231 1231 1234 1234 1729 1729 1234 1234 1730 1730 1730 1730 1234 1234 1233 1233 1730 1730 1233 1233 1731 1731 1731 1731 1233 1233 1232 1232 1731 1731 1232 1232 1732 1732 1732 1732 1232 1232 1241 1241 1732 1732 1241 1241 1733 1733 1733 1733 1241 1241 1240 1240 1733 1733 1240 1240 1734 1734 1734 1734 1240 1240 1239 1239 1734 1734 1239 1239 1735 1735 1735 1735 1239 1239 1238 1238 1735 1735 1238 1238 1736 1736 1736 1736 1238 1238 1237 1237 1736 1736 1237 1237 1737 1737 1737 1737 1237 1237 1236 1236 1737 1737 1236 1236 1738 1738 1738 1738 1236 1236 1235 1235 1212 1212 1739 1739 1211 1211 1211 1211 1739 1739 1740 1740 1211 1211 1740 1740 1210 1210 1210 1210 1740 1740 1741 1741 1210 1210 1741 1741 1209 1209 1209 1209 1741 1741 1742 1742 1209 1209 1742 1742 1208 1208 1208 1208 1742 1742 1743 1743 1208 1208 1743 1743 1207 1207 1207 1207 1743 1743 1744 1744 1207 1207 1744 1744 1206 1206 1206 1206 1744 1744 1745 1745 1206 1206 1745 1745 1205 1205 1205 1205 1745 1745 1746 1746 1205 1205 1746 1746 1204 1204 1204 1204 1746 1746 1747 1747 1204 1204 1747 1747 1203 1203 1203 1203 1747 1747 1748 1748 1203 1203 1748 1748 1235 1235 1235 1235 1748 1748 1738 1738 1221 1221 1717 1717 1220 1220 1220 1220 1717 1717 1749 1749 1220 1220 1749 1749 1219 1219 1219 1219 1749 1749 1750 1750 1219 1219 1750 1750 1218 1218 1739 1739 1212 1212 1751 1751 1751 1751 1212 1212 1213 1213 1751 1751 1213 1213 1752 1752 1752 1752 1213 1213 1753 1753 1753 1753 1213 1213 1214 1214 1753 1753 1214 1214 1754 1754 1754 1754 1214 1214 1215 1215 1754 1754 1215 1215 1755 1755 1755 1755 1215 1215 1216 1216 1755 1755 1216 1216 1756 1756 1756 1756 1216 1216 1217 1217 1756 1756 1217 1217 1757 1757 1757 1757 1217 1217 1218 1218 1757 1757 1218 1218 1758 1758 1758 1758 1218 1218 1750 1750 1759 1759 1264 1264 1760 1760 1760 1760 1264 1264 1263 1263 1760 1760 1263 1263 1761 1761 1761 1761 1263 1263 1262 1262 1761 1761 1262 1262 1762 1762 1762 1762 1262 1262 1261 1261 1762 1762 1261 1261 1763 1763 1763 1763 1261 1261 1260 1260 1763 1763 1260 1260 1764 1764 1764 1764 1260 1260 1259 1259 1764 1764 1259 1259 1765 1765 1765 1765 1259 1259 1258 1258 1765 1765 1258 1258 1766 1766 1766 1766 1258 1258 1257 1257 1766 1766 1257 1257 1767 1767 1257 1257 1256 1256 1767 1767 1767 1767 1256 1256 1255 1255 1767 1767 1255 1255 1768 1768 1769 1769 1768 1768 1242 1242 1242 1242 1768 1768 1255 1255 1769 1769 1242 1242 1770 1770 1770 1770 1242 1242 1243 1243 1771 1771 1770 1770 1244 1244 1244 1244 1770 1770 1243 1243 1771 1771 1244 1244 1772 1772 1772 1772 1244 1244 1245 1245 1772 1772 1245 1245 1773 1773 1773 1773 1245 1245 1246 1246 1253 1253 1254 1254 1774 1774 1774 1774 1254 1254 1264 1264 1774 1774 1264 1264 1759 1759 1774 1774 1775 1775 1253 1253 1253 1253 1775 1775 1776 1776 1253 1253 1776 1776 1252 1252 1252 1252 1776 1776 1777 1777 1252 1252 1777 1777 1251 1251 1251 1251 1777 1777 1250 1250 1250 1250 1777 1777 1778 1778 1250 1250 1778 1778 1249 1249 1249 1249 1778 1778 1779 1779 1249 1249 1779 1779 1248 1248 1248 1248 1779 1779 1780 1780 1248 1248 1780 1780 1247 1247 1780 1780 1781 1781 1247 1247 1247 1247 1781 1781 1773 1773 1247 1247 1773 1773 1246 1246 1270 1270 1782 1782 1269 1269 1269 1269 1782 1782 1783 1783 1782 1782 1270 1270 1784 1784 1784 1784 1270 1270 1271 1271 1785 1785 1784 1784 1272 1272 1272 1272 1784 1784 1271 1271 1785 1785 1272 1272 1786 1786 1786 1786 1272 1272 1267 1267 1786 1786 1267 1267 1787 1787 1787 1787 1267 1267 1268 1268 1787 1787 1268 1268 1788 1788 1788 1788 1268 1268 1789 1789 1789 1789 1268 1268 1266 1266 1789 1789 1266 1266 1790 1790 1790 1790 1266 1266 1265 1265 1790 1790 1265 1265 1791 1791 1791 1791 1265 1265 1783 1783 1783 1783 1265 1265 1269 1269 1276 1276 1792 1792 1275 1275 1275 1275 1792 1792 1793 1793 1792 1792 1276 1276 1794 1794 1794 1794 1276 1276 1274 1274 1794 1794 1274 1274 1795 1795 1795 1795 1274 1274 1273 1273 1795 1795 1273 1273 1793 1793 1793 1793 1273 1273 1275 1275 1280 1280 1796 1796 1281 1281 1281 1281 1796 1796 1797 1797 1796 1796 1280 1280 1798 1798 1798 1798 1280 1280 1278 1278 1799 1799 1798 1798 1277 1277 1277 1277 1798 1798 1278 1278 1799 1799 1277 1277 1800 1800 1800 1800 1277 1277 1279 1279 1801 1801 1800 1800 1284 1284 1284 1284 1800 1800 1279 1279 1801 1801 1284 1284 1802 1802 1802 1802 1284 1284 1283 1283 1802 1802 1283 1283 1803 1803 1803 1803 1283 1283 1282 1282 1803 1803 1282 1282 1797 1797 1797 1797 1282 1282 1281 1281 1300 1300 1307 1307 1804 1804 1324 1324 1805 1805 1325 1325 1325 1325 1805 1805 1806 1806 1325 1325 1806 1806 1319 1319 1807 1807 1315 1315 1322 1322 1807 1807 1322 1322 1808 1808 1808 1808 1322 1322 1321 1321 1808 1808 1321 1321 1806 1806 1806 1806 1321 1321 1320 1320 1806 1806 1320 1320 1319 1319 1809 1809 1810 1810 1289 1289 1289 1289 1314 1314 1809 1809 1809 1809 1314 1314 1313 1313 1809 1809 1313 1313 1811 1811 1811 1811 1313 1313 1312 1312 1312 1312 1311 1311 1811 1811 1811 1811 1311 1311 1318 1318 1811 1811 1318 1318 1812 1812 1812 1812 1318 1318 1317 1317 1812 1812 1317 1317 1807 1807 1807 1807 1317 1317 1316 1316 1807 1807 1316 1316 1315 1315 1813 1813 1814 1814 1310 1310 1804 1804 1307 1307 1815 1815 1307 1307 1306 1306 1815 1815 1815 1815 1306 1306 1305 1305 1815 1815 1305 1305 1814 1814 1814 1814 1305 1305 1304 1304 1814 1814 1304 1304 1310 1310 1816 1816 1297 1297 1817 1817 1817 1817 1297 1297 1292 1292 1292 1292 1291 1291 1817 1817 1817 1817 1291 1291 1303 1303 1817 1817 1303 1303 1818 1818 1818 1818 1303 1303 1302 1302 1818 1818 1302 1302 1804 1804 1804 1804 1302 1302 1301 1301 1804 1804 1301 1301 1300 1300 1819 1819 1820 1820 1821 1821 1821 1821 1820 1820 1822 1822 1821 1821 1822 1822 1823 1823 1823 1823 1822 1822 1816 1816 1823 1823 1816 1816 1824 1824 1824 1824 1816 1816 1817 1817 1824 1824 1817 1817 1825 1825 1825 1825 1817 1817 1818 1818 1825 1825 1818 1818 1826 1826 1826 1826 1818 1818 1804 1804 1826 1826 1804 1804 1827 1827 1827 1827 1804 1804 1815 1815 1827 1827 1815 1815 1828 1828 1828 1828 1815 1815 1814 1814 1828 1828 1814 1814 1829 1829 1829 1829 1814 1814 1813 1813 1829 1829 1813 1813 1830 1830 1830 1830 1813 1813 1810 1810 1830 1830 1810 1810 1831 1831 1831 1831 1810 1810 1809 1809 1831 1831 1809 1809 1832 1832 1832 1832 1809 1809 1811 1811 1832 1832 1811 1811 1833 1833 1833 1833 1811 1811 1812 1812 1833 1833 1812 1812 1834 1834 1834 1834 1812 1812 1807 1807 1834 1834 1807 1807 1835 1835 1835 1835 1807 1807 1808 1808 1835 1835 1808 1808 1836 1836 1836 1836 1808 1808 1806 1806 1836 1836 1806 1806 1837 1837 1837 1837 1806 1806 1805 1805 1838 1838 1839 1839 1840 1840 1838 1838 1840 1840 1841 1841 1842 1842 1843 1843 1844 1844 1844 1844 1843 1843 1845 1845 1840 1840 1846 1846 1841 1841 1841 1841 1846 1846 1847 1847 1841 1841 1847 1847 1842 1842 1842 1842 1847 1847 1848 1848 1842 1842 1848 1848 1843 1843 1849 1849 1850 1850 1851 1851 1851 1851 1850 1850 1844 1844 1851 1851 1844 1844 1852 1852 1852 1852 1844 1844 1845 1845 1849 1849 1853 1853 1850 1850 1850 1850 1853 1853 1854 1854 1850 1850 1854 1854 1855 1855 1856 1856 1857 1857 1858 1858 1854 1854 1859 1859 1855 1855 1855 1855 1859 1859 1860 1860 1855 1855 1860 1860 1857 1857 1857 1857 1860 1860 1861 1861 1857 1857 1861 1861 1858 1858 1862 1862 1863 1863 1864 1864 1864 1864 1863 1863 1856 1856 1864 1864 1856 1856 1865 1865 1865 1865 1856 1856 1858 1858 1866 1866 1867 1867 1868 1868 1866 1866 1868 1868 1869 1869 1870 1870 1871 1871 1872 1872 1872 1872 1871 1871 1873 1873 1872 1872 1873 1873 1866 1866 1866 1866 1873 1873 1874 1874 1866 1866 1874 1874 1867 1867 1875 1875 1876 1876 1877 1877 1877 1877 1878 1878 1875 1875 1875 1875 1878 1878 1879 1879 1875 1875 1879 1879 1880 1880 1880 1880 1879 1879 1881 1881 1880 1880 1881 1881 1882 1882 1868 1868 1883 1883 1869 1869 1869 1869 1883 1883 1884 1884 1869 1869 1884 1884 1876 1876 1876 1876 1884 1884 1885 1885 1876 1876 1885 1885 1877 1877 1886 1886 1887 1887 1872 1872 1872 1872 1887 1887 1888 1888 1872 1872 1888 1888 1870 1870 1881 1881 1889 1889 1882 1882 1882 1882 1889 1889 1890 1890 1882 1882 1890 1890 1838 1838 1838 1838 1890 1890 1891 1891 1838 1838 1891 1891 1839 1839 1820 1820 1892 1892 1822 1822 1822 1822 1892 1892 1893 1893 1822 1822 1893 1893 1294 1294 1294 1294 1293 1293 1822 1822 1822 1822 1293 1293 1299 1299 1822 1822 1299 1299 1816 1816 1816 1816 1299 1299 1298 1298 1816 1816 1298 1298 1297 1297 1310 1310 1309 1309 1813 1813 1813 1813 1309 1309 1308 1308 1813 1813 1308 1308 1810 1810 1810 1810 1308 1308 1290 1290 1810 1810 1290 1290 1289 1289 1863 1863 1819 1819 1856 1856 1856 1856 1819 1819 1821 1821 1856 1856 1821 1821 1857 1857 1857 1857 1821 1821 1823 1823 1857 1857 1823 1823 1855 1855 1855 1855 1823 1823 1824 1824 1855 1855 1824 1824 1850 1850 1850 1850 1824 1824 1825 1825 1850 1850 1825 1825 1844 1844 1844 1844 1825 1825 1826 1826 1844 1844 1826 1826 1842 1842 1842 1842 1826 1826 1827 1827 1842 1842 1827 1827 1841 1841 1841 1841 1827 1827 1828 1828 1841 1841 1828 1828 1838 1838 1838 1838 1828 1828 1829 1829 1838 1838 1829 1829 1882 1882 1882 1882 1829 1829 1830 1830 1882 1882 1830 1830 1880 1880 1880 1880 1830 1830 1831 1831 1880 1880 1831 1831 1875 1875 1875 1875 1831 1831 1832 1832 1875 1875 1832 1832 1876 1876 1876 1876 1832 1832 1833 1833 1876 1876 1833 1833 1869 1869 1869 1869 1833 1833 1834 1834 1869 1869 1834 1834 1866 1866 1866 1866 1834 1834 1835 1835 1866 1866 1835 1835 1872 1872 1872 1872 1835 1835 1836 1836 1872 1872 1836 1836 1886 1886 1886 1886 1836 1836 1837 1837 1329 1329 1336 1336 1894 1894 1294 1294 1893 1893 1295 1295 1295 1295 1893 1893 1895 1895 1295 1295 1895 1895 1296 1296 1896 1896 1344 1344 1350 1350 1896 1896 1350 1350 1897 1897 1897 1897 1350 1350 1349 1349 1897 1897 1349 1349 1895 1895 1895 1895 1349 1349 1348 1348 1895 1895 1348 1348 1296 1296 1898 1898 1899 1899 1285 1285 1285 1285 1343 1343 1898 1898 1898 1898 1343 1343 1342 1342 1898 1898 1342 1342 1900 1900 1900 1900 1342 1342 1341 1341 1341 1341 1340 1340 1900 1900 1900 1900 1340 1340 1347 1347 1900 1900 1347 1347 1901 1901 1901 1901 1347 1347 1346 1346 1901 1901 1346 1346 1896 1896 1896 1896 1346 1346 1345 1345 1896 1896 1345 1345 1344 1344 1902 1902 1903 1903 1339 1339 1894 1894 1336 1336 1904 1904 1336 1336 1335 1335 1904 1904 1904 1904 1335 1335 1334 1334 1904 1904 1334 1334 1903 1903 1903 1903 1334 1334 1333 1333 1903 1903 1333 1333 1339 1339 1905 1905 1326 1326 1906 1906 1906 1906 1326 1326 1288 1288 1288 1288 1287 1287 1906 1906 1906 1906 1287 1287 1332 1332 1906 1906 1332 1332 1907 1907 1907 1907 1332 1332 1331 1331 1907 1907 1331 1331 1894 1894 1894 1894 1331 1331 1330 1330 1894 1894 1330 1330 1329 1329 1887 1887 1886 1886 1908 1908 1908 1908 1886 1886 1909 1909 1908 1908 1909 1909 1910 1910 1910 1910 1909 1909 1905 1905 1910 1910 1905 1905 1911 1911 1911 1911 1905 1905 1906 1906 1911 1911 1906 1906 1912 1912 1912 1912 1906 1906 1907 1907 1912 1912 1907 1907 1913 1913 1913 1913 1907 1907 1894 1894 1913 1913 1894 1894 1914 1914 1914 1914 1894 1894 1904 1904 1914 1914 1904 1904 1915 1915 1915 1915 1904 1904 1903 1903 1915 1915 1903 1903 1916 1916 1916 1916 1903 1903 1902 1902 1916 1916 1902 1902 1917 1917 1917 1917 1902 1902 1899 1899 1917 1917 1899 1899 1918 1918 1918 1918 1899 1899 1898 1898 1918 1918 1898 1898 1919 1919 1919 1919 1898 1898 1900 1900 1919 1919 1900 1900 1920 1920 1920 1920 1900 1900 1901 1901 1920 1920 1901 1901 1921 1921 1921 1921 1901 1901 1896 1896 1921 1921 1896 1896 1922 1922 1922 1922 1896 1896 1897 1897 1922 1922 1897 1897 1923 1923 1923 1923 1897 1897 1895 1895 1923 1923 1895 1895 1892 1892 1892 1892 1895 1895 1893 1893 1924 1924 1925 1925 1926 1926 1927 1927 1928 1928 1929 1929 1929 1929 1928 1928 1930 1930 1929 1929 1930 1930 1931 1931 1926 1926 1932 1932 1924 1924 1924 1924 1932 1932 1933 1933 1924 1924 1933 1933 1927 1927 1927 1927 1933 1933 1934 1934 1927 1927 1934 1934 1928 1928 1931 1931 1935 1935 1929 1929 1929 1929 1935 1935 1936 1936 1929 1929 1936 1936 1937 1937 1936 1936 1938 1938 1937 1937 1937 1937 1938 1938 1939 1939 1937 1937 1939 1939 1940 1940 1941 1941 1942 1942 1943 1943 1939 1939 1944 1944 1940 1940 1940 1940 1944 1944 1945 1945 1940 1940 1945 1945 1942 1942 1942 1942 1945 1945 1946 1946 1942 1942 1946 1946 1943 1943 1870 1870 1888 1888 1947 1947 1947 1947 1888 1888 1941 1941 1947 1947 1941 1941 1948 1948 1948 1948 1941 1941 1943 1943 1949 1949 1950 1950 1951 1951 1949 1949 1951 1951 1952 1952 1862 1862 1953 1953 1954 1954 1954 1954 1953 1953 1955 1955 1954 1954 1955 1955 1949 1949 1949 1949 1955 1955 1956 1956 1949 1949 1956 1956 1950 1950 1957 1957 1958 1958 1959 1959 1960 1960 1961 1961 1962 1962 1962 1962 1961 1961 1957 1957 1962 1962 1957 1957 1963 1963 1963 1963 1957 1957 1959 1959 1951 1951 1964 1964 1952 1952 1952 1952 1964 1964 1965 1965 1952 1952 1965 1965 1958 1958 1958 1958 1965 1965 1966 1966 1958 1958 1966 1966 1959 1959 1820 1820 1819 1819 1954 1954 1954 1954 1819 1819 1863 1863 1954 1954 1863 1863 1862 1862 1960 1960 1967 1967 1961 1961 1961 1961 1967 1967 1968 1968 1961 1961 1968 1968 1969 1969 1969 1969 1968 1968 1970 1970 1969 1969 1970 1970 1925 1925 1925 1925 1970 1970 1971 1971 1925 1925 1971 1971 1926 1926 1886 1886 1837 1837 1909 1909 1909 1909 1837 1837 1805 1805 1909 1909 1805 1805 1324 1324 1324 1324 1323 1323 1909 1909 1909 1909 1323 1323 1328 1328 1909 1909 1328 1328 1905 1905 1905 1905 1328 1328 1327 1327 1905 1905 1327 1327 1326 1326 1339 1339 1338 1338 1902 1902 1902 1902 1338 1338 1337 1337 1902 1902 1337 1337 1899 1899 1899 1899 1337 1337 1286 1286 1899 1899 1286 1286 1285 1285 1888 1888 1887 1887 1941 1941 1941 1941 1887 1887 1908 1908 1941 1941 1908 1908 1942 1942 1942 1942 1908 1908 1910 1910 1942 1942 1910 1910 1940 1940 1940 1940 1910 1910 1911 1911 1940 1940 1911 1911 1937 1937 1937 1937 1911 1911 1912 1912 1937 1937 1912 1912 1929 1929 1929 1929 1912 1912 1913 1913 1929 1929 1913 1913 1927 1927 1927 1927 1913 1913 1914 1914 1927 1927 1914 1914 1924 1924 1924 1924 1914 1914 1915 1915 1924 1924 1915 1915 1925 1925 1925 1925 1915 1915 1916 1916 1925 1925 1916 1916 1969 1969 1969 1969 1916 1916 1917 1917 1969 1969 1917 1917 1961 1961 1961 1961 1917 1917 1918 1918 1961 1961 1918 1918 1957 1957 1957 1957 1918 1918 1919 1919 1957 1957 1919 1919 1958 1958 1958 1958 1919 1919 1920 1920 1958 1958 1920 1920 1952 1952 1952 1952 1920 1920 1921 1921 1952 1952 1921 1921 1949 1949 1949 1949 1921 1921 1922 1922 1949 1949 1922 1922 1954 1954 1954 1954 1922 1922 1923 1923 1954 1954 1923 1923 1820 1820 1820 1820 1923 1923 1892 1892 1972 1972 1973 1973 1974 1974 1974 1974 1973 1973 1975 1975 1976 1976 1977 1977 1978 1978 1978 1978 1979 1979 1976 1976 1976 1976 1979 1979 1980 1980 1976 1976 1980 1980 1975 1975 1975 1975 1980 1980 1981 1981 1975 1975 1981 1981 1974 1974 1982 1982 1983 1983 1984 1984 1984 1984 1983 1983 1985 1985 1986 1986 1987 1987 1988 1988 1988 1988 1987 1987 1989 1989 1989 1989 1990 1990 1988 1988 1988 1988 1990 1990 1991 1991 1988 1988 1991 1991 1982 1982 1982 1982 1991 1991 1992 1992 1982 1982 1992 1992 1983 1983 1985 1985 1993 1993 1984 1984 1984 1984 1993 1993 1994 1994 1984 1984 1994 1994 1977 1977 1977 1977 1994 1994 1995 1995 1977 1977 1995 1995 1978 1978 1996 1996 1997 1997 1998 1998 1998 1998 1997 1997 1999 1999 1998 1998 2000 2000 1996 1996 1996 1996 2000 2000 2001 2001 1996 1996 2001 2001 2002 2002 2003 2003 2004 2004 2005 2005 2003 2003 2005 2005 2006 2006 2004 2004 2003 2003 2007 2007 2007 2007 2003 2003 2008 2008 2007 2007 2008 2008 2009 2009 2005 2005 2010 2010 2006 2006 2006 2006 2010 2010 2011 2011 2006 2006 2011 2011 1997 1997 1997 1997 2011 2011 2012 2012 1997 1997 2012 2012 1999 1999 2013 2013 2014 2014 2015 2015 2015 2015 2014 2014 2016 2016 2015 2015 2016 2016 2017 2017 2017 2017 2016 2016 2008 2008 2017 2017 2008 2008 2018 2018 2018 2018 2008 2008 2003 2003 2018 2018 2003 2003 2019 2019 2019 2019 2003 2003 2006 2006 2019 2019 2006 2006 2020 2020 2020 2020 2006 2006 1997 1997 2020 2020 1997 1997 2021 2021 2021 2021 1997 1997 1996 1996 2021 2021 1996 1996 2022 2022 2022 2022 1996 1996 2002 2002 2022 2022 2002 2002 2023 2023 2023 2023 2002 2002 2024 2024 2023 2023 2024 2024 2025 2025 2025 2025 2024 2024 1986 1986 2025 2025 1986 1986 2026 2026 2026 2026 1986 1986 1988 1988 2026 2026 1988 1988 2027 2027 2027 2027 1988 1988 1982 1982 2027 2027 1982 1982 2028 2028 2028 2028 1982 1982 1984 1984 2028 2028 1984 1984 2029 2029 2029 2029 1984 1984 1977 1977 2029 2029 1977 1977 2030 2030 2030 2030 1977 1977 1976 1976 2030 2030 1976 1976 2031 2031 2031 2031 1976 1976 1975 1975 2031 2031 1975 1975 2032 2032 2032 2032 1975 1975 1973 1973 2033 2033 1406 1406 2034 2034 2034 2034 1406 1406 1405 1405 1409 1409 2035 2035 1410 1410 1410 1410 2035 2035 2036 2036 1410 1410 2036 2036 1403 1403 1403 1403 2036 2036 2034 2034 1403 1403 2034 2034 1404 1404 1404 1404 2034 2034 1405 1405 1409 1409 1408 1408 2035 2035 2035 2035 1408 1408 1407 1407 2035 2035 1407 1407 2037 2037 2037 2037 1407 1407 1413 1413 2037 2037 1413 1413 2038 2038 2038 2038 1413 1413 1412 1412 2039 2039 2040 2040 1416 1416 1412 1412 1411 1411 2038 2038 2038 2038 1411 1411 1352 1352 2038 2038 1352 1352 2040 2040 2040 2040 1352 1352 1351 1351 2040 2040 1351 1351 1416 1416 1359 1359 2041 2041 1414 1414 1414 1414 2041 2041 2039 2039 1414 1414 2039 2039 1415 1415 1415 1415 2039 2039 1416 1416 1391 1391 1390 1390 2042 2042 1394 1394 2043 2043 2044 2044 1390 1390 1389 1389 2042 2042 2042 2042 1389 1389 1388 1388 2042 2042 1388 1388 2044 2044 2044 2044 1388 1388 1395 1395 2044 2044 1395 1395 1394 1394 1398 1398 2045 2045 2046 2046 2047 2047 2048 2048 1401 1401 1398 1398 1397 1397 2045 2045 2045 2045 1397 1397 1396 1396 2045 2045 1396 1396 2048 2048 2048 2048 1396 1396 1402 1402 2048 2048 1402 1402 1401 1401 1394 1394 1393 1393 2043 2043 2043 2043 1393 1393 1392 1392 2043 2043 1392 1392 2046 2046 2046 2046 1392 1392 1399 1399 2046 2046 1399 1399 1398 1398 2049 2049 2050 2050 2042 2042 2042 2042 2050 2050 2051 2051 2042 2042 2051 2051 1391 1391 1401 1401 1400 1400 2047 2047 2047 2047 1400 1400 1354 1354 2047 2047 1354 1354 2033 2033 2033 2033 1354 1354 1353 1353 2033 2033 1353 1353 1406 1406 2014 2014 2052 2052 2016 2016 2016 2016 2052 2052 2053 2053 2016 2016 2053 2053 2054 2054 2054 2054 2055 2055 2016 2016 2016 2016 2055 2055 2056 2056 2016 2016 2056 2056 2008 2008 2008 2008 2056 2056 2057 2057 2008 2008 2057 2057 2009 2009 2001 2001 2058 2058 2002 2002 2002 2002 2058 2058 2059 2059 2002 2002 2059 2059 2024 2024 2024 2024 2059 2059 2060 2060 2024 2024 2060 2060 1986 1986 1986 1986 2060 2060 2061 2061 1986 1986 2061 2061 1987 1987 2041 2041 2013 2013 2039 2039 2039 2039 2013 2013 2015 2015 2039 2039 2015 2015 2040 2040 2040 2040 2015 2015 2017 2017 2040 2040 2017 2017 2038 2038 2038 2038 2017 2017 2018 2018 2038 2038 2018 2018 2037 2037 2037 2037 2018 2018 2019 2019 2037 2037 2019 2019 2035 2035 2035 2035 2019 2019 2020 2020 2035 2035 2020 2020 2036 2036 2036 2036 2020 2020 2021 2021 2036 2036 2021 2021 2034 2034 2034 2034 2021 2021 2022 2022 2034 2034 2022 2022 2033 2033 2033 2033 2022 2022 2023 2023 2033 2033 2023 2023 2047 2047 2047 2047 2023 2023 2025 2025 2047 2047 2025 2025 2048 2048 2048 2048 2025 2025 2026 2026 2048 2048 2026 2026 2045 2045 2045 2045 2026 2026 2027 2027 2045 2045 2027 2027 2046 2046 2046 2046 2027 2027 2028 2028 2046 2046 2028 2028 2043 2043 2043 2043 2028 2028 2029 2029 2043 2043 2029 2029 2044 2044 2044 2044 2029 2029 2030 2030 2044 2044 2030 2030 2042 2042 2042 2042 2030 2030 2031 2031 2042 2042 2031 2031 2049 2049 2049 2049 2031 2031 2032 2032 2054 2054 2053 2053 2062 2062 2062 2062 2053 2053 2063 2063 2064 2064 2065 2065 2066 2066 2066 2066 2067 2067 2064 2064 2064 2064 2067 2067 2068 2068 2064 2064 2068 2068 2063 2063 2063 2063 2068 2068 2069 2069 2063 2063 2069 2069 2062 2062 2070 2070 2071 2071 2072 2072 2072 2072 2071 2071 2073 2073 2074 2074 2075 2075 2076 2076 2076 2076 2077 2077 2074 2074 2074 2074 2077 2077 2078 2078 2074 2074 2078 2078 2070 2070 2070 2070 2078 2078 2079 2079 2070 2070 2079 2079 2071 2071 2073 2073 2080 2080 2072 2072 2072 2072 2080 2080 2081 2081 2072 2072 2081 2081 2065 2065 2065 2065 2081 2081 2082 2082 2065 2065 2082 2082 2066 2066 2083 2083 2084 2084 2085 2085 2085 2085 2084 2084 2086 2086 2087 2087 2088 2088 2089 2089 2089 2089 2090 2090 2087 2087 2087 2087 2090 2090 2091 2091 2087 2087 2091 2091 2086 2086 2086 2086 2091 2091 2092 2092 2086 2086 2092 2092 2085 2085 2093 2093 2094 2094 2095 2095 2095 2095 2094 2094 2096 2096 2095 2095 2096 2096 2097 2097 2093 2093 2095 2095 2098 2098 2098 2098 2095 2095 2099 2099 2098 2098 2099 2099 2100 2100 2096 2096 2101 2101 2097 2097 2097 2097 2101 2101 2102 2102 2097 2097 2102 2102 2088 2088 2088 2088 2102 2102 2103 2103 2088 2088 2103 2103 2089 2089 2050 2050 2049 2049 2104 2104 2104 2104 2049 2049 2105 2105 2104 2104 2105 2105 2106 2106 2106 2106 2105 2105 2099 2099 2106 2106 2099 2099 2107 2107 2107 2107 2099 2099 2095 2095 2107 2107 2095 2095 2108 2108 2108 2108 2095 2095 2097 2097 2108 2108 2097 2097 2109 2109 2109 2109 2097 2097 2088 2088 2109 2109 2088 2088 2110 2110 2110 2110 2088 2088 2087 2087 2110 2110 2087 2087 2111 2111 2111 2111 2087 2087 2086 2086 2111 2111 2086 2086 2112 2112 2112 2112 2086 2086 2084 2084 2112 2112 2084 2084 2113 2113 2113 2113 2084 2084 2075 2075 2113 2113 2075 2075 2114 2114 2114 2114 2075 2075 2074 2074 2114 2114 2074 2074 2115 2115 2115 2115 2074 2074 2070 2070 2115 2115 2070 2070 2116 2116 2116 2116 2070 2070 2072 2072 2116 2116 2072 2072 2117 2117 2117 2117 2072 2072 2065 2065 2117 2117 2065 2065 2118 2118 2118 2118 2065 2065 2064 2064 2118 2118 2064 2064 2119 2119 2119 2119 2064 2064 2063 2063 2119 2119 2063 2063 2052 2052 2052 2052 2063 2063 2053 2053 2120 2120 1377 1377 2121 2121 2121 2121 1377 1377 1376 1376 1380 1380 2122 2122 1381 1381 1381 1381 2122 2122 2123 2123 1381 1381 2123 2123 1374 1374 1374 1374 2123 2123 2121 2121 1374 1374 2121 2121 1375 1375 1375 1375 2121 2121 1376 1376 1380 1380 1379 1379 2122 2122 2122 2122 1379 1379 1378 1378 2122 2122 1378 1378 2124 2124 2124 2124 1378 1378 1384 1384 2124 2124 1384 1384 2125 2125 2125 2125 1384 1384 1383 1383 2126 2126 2127 2127 1387 1387 1383 1383 1382 1382 2125 2125 2125 2125 1382 1382 1356 1356 2125 2125 1356 1356 2127 2127 2127 2127 1356 1356 1355 1355 2127 2127 1355 1355 1387 1387 1391 1391 2051 2051 1385 1385 1385 1385 2051 2051 2126 2126 1385 1385 2126 2126 1386 1386 1386 1386 2126 2126 1387 1387 1359 1359 1360 1360 2128 2128 1365 1365 2129 2129 1366 1366 1366 1366 2129 2129 2130 2130 1366 1366 2130 2130 1362 1362 1362 1362 2130 2130 2128 2128 1362 1362 2128 2128 1361 1361 1361 1361 2128 2128 1360 1360 1369 1369 2131 2131 2132 2132 2133 2133 2134 2134 1372 1372 1369 1369 1368 1368 2131 2131 2131 2131 1368 1368 1367 1367 2131 2131 1367 1367 2134 2134 2134 2134 1367 1367 1373 1373 2134 2134 1373 1373 1372 1372 1365 1365 1364 1364 2129 2129 2129 2129 1364 1364 1363 1363 2129 2129 1363 1363 2132 2132 2132 2132 1363 1363 1370 1370 2132 2132 1370 1370 1369 1369 2014 2014 2013 2013 2128 2128 2128 2128 2013 2013 2041 2041 2128 2128 2041 2041 1359 1359 1372 1372 1371 1371 2133 2133 2133 2133 1371 1371 1358 1358 2133 2133 1358 1358 2120 2120 2120 2120 1358 1358 1357 1357 2120 2120 1357 1357 1377 1377 2049 2049 2032 2032 2105 2105 2105 2105 2032 2032 1973 1973 2105 2105 1973 1973 1972 1972 1972 1972 2135 2135 2105 2105 2105 2105 2135 2135 2136 2136 2105 2105 2136 2136 2099 2099 2099 2099 2136 2136 2137 2137 2099 2099 2137 2137 2100 2100 2083 2083 2138 2138 2084 2084 2084 2084 2138 2138 2139 2139 2084 2084 2139 2139 2075 2075 2075 2075 2139 2139 2140 2140 2075 2075 2140 2140 2076 2076 2051 2051 2050 2050 2126 2126 2126 2126 2050 2050 2104 2104 2126 2126 2104 2104 2127 2127 2127 2127 2104 2104 2106 2106 2127 2127 2106 2106 2125 2125 2125 2125 2106 2106 2107 2107 2125 2125 2107 2107 2124 2124 2124 2124 2107 2107 2108 2108 2124 2124 2108 2108 2122 2122 2122 2122 2108 2108 2109 2109 2122 2122 2109 2109 2123 2123 2123 2123 2109 2109 2110 2110 2123 2123 2110 2110 2121 2121 2121 2121 2110 2110 2111 2111 2121 2121 2111 2111 2120 2120 2120 2120 2111 2111 2112 2112 2120 2120 2112 2112 2133 2133 2133 2133 2112 2112 2113 2113 2133 2133 2113 2113 2134 2134 2134 2134 2113 2113 2114 2114 2134 2134 2114 2114 2131 2131 2131 2131 2114 2114 2115 2115 2131 2131 2115 2115 2132 2132 2132 2132 2115 2115 2116 2116 2132 2132 2116 2116 2129 2129 2129 2129 2116 2116 2117 2117 2129 2129 2117 2117 2130 2130 2130 2130 2117 2117 2118 2118 2130 2130 2118 2118 2128 2128 2128 2128 2118 2118 2119 2119 2128 2128 2119 2119 2014 2014 2014 2014 2119 2119 2052 2052 1445 1445 2141 2141 1444 1444 1444 1444 2141 2141 2142 2142 1444 1444 2142 2142 1443 1443 1443 1443 2142 2142 2143 2143 1443 1443 2143 2143 1442 1442 1442 1442 2143 2143 2144 2144 1442 1442 2144 2144 1441 1441 1441 1441 2144 2144 2145 2145 1441 1441 2145 2145 1440 1440 1440 1440 2145 2145 2146 2146 1440 1440 2146 2146 1439 1439 1439 1439 2146 2146 2147 2147 1439 1439 2147 2147 1438 1438 1438 1438 2147 2147 2148 2148 1438 1438 2148 2148 1425 1425 1425 1425 2148 2148 2149 2149 1425 1425 2149 2149 1426 1426 1426 1426 2149 2149 2150 2150 1426 1426 2150 2150 1435 1435 1435 1435 2150 2150 2151 2151 2141 2141 1445 1445 2152 2152 2152 2152 1445 1445 1446 1446 2152 2152 1446 1446 2153 2153 2153 2153 1446 1446 1447 1447 2153 2153 1447 1447 2154 2154 2154 2154 1447 1447 1448 1448 2154 2154 1448 1448 2155 2155 2155 2155 1448 1448 1449 1449 2155 2155 1449 1449 2156 2156 2156 2156 1449 1449 1455 1455 2156 2156 1455 1455 2157 2157 2157 2157 1455 1455 1454 1454 2157 2157 1454 1454 2158 2158 2158 2158 1454 1454 1453 1453 2158 2158 1453 1453 2159 2159 2159 2159 1453 1453 1452 1452 2159 2159 1452 1452 2160 2160 2160 2160 1452 1452 1451 1451 2160 2160 1451 1451 2161 2161 2161 2161 1451 1451 1450 1450 1433 1433 2162 2162 1434 1434 1434 1434 2162 2162 2163 2163 1434 1434 2163 2163 1424 1424 1424 1424 2163 2163 2164 2164 1424 1424 2164 2164 1423 1423 1423 1423 2164 2164 2165 2165 1423 1423 2165 2165 1422 1422 1422 1422 2165 2165 2166 2166 1422 1422 2166 2166 1421 1421 1421 1421 2166 2166 2167 2167 1421 1421 2167 2167 1420 1420 1420 1420 2167 2167 2168 2168 1420 1420 2168 2168 1419 1419 1419 1419 2168 2168 2169 2169 1419 1419 2169 2169 1418 1418 1418 1418 2169 2169 2170 2170 1418 1418 2170 2170 1417 1417 1417 1417 2170 2170 2171 2171 1417 1417 2171 2171 1450 1450 1450 1450 2171 2171 2161 2161 2162 2162 1433 1433 2172 2172 2172 2172 1433 1433 1432 1432 2172 2172 1432 1432 2173 2173 2173 2173 1432 1432 2174 2174 2174 2174 1432 1432 1431 1431 2174 2174 1431 1431 2175 2175 2175 2175 1431 1431 1430 1430 2175 2175 1430 1430 2176 2176 2176 2176 1430 1430 1429 1429 2176 2176 1429 1429 2177 2177 2177 2177 1429 1429 1428 1428 2177 2177 1428 1428 2178 2178 2178 2178 1428 1428 1427 1427 2178 2178 1427 1427 2179 2179 2179 2179 1427 1427 1437 1437 2179 2179 1437 1437 2180 2180 2180 2180 1437 1437 1436 1436 2180 2180 1436 1436 2151 2151 2151 2151 1436 1436 1435 1435 1456 1456 2181 2181 1457 1457 1457 1457 2181 2181 2182 2182 1458 1458 2183 2183 1456 1456 1456 1456 2183 2183 2181 2181 1459 1459 2184 2184 1458 1458 1458 1458 2184 2184 2183 2183 1457 1457 2182 2182 1459 1459 1459 1459 2182 2182 2184 2184 1462 1462 2185 2185 1460 1460 1460 1460 2185 2185 2186 2186 2185 2185 1462 1462 2187 2187 2187 2187 1462 1462 1471 1471 2187 2187 1471 1471 2188 2188 2188 2188 1471 1471 1469 1469 2188 2188 1469 1469 2189 2189 2189 2189 1469 1469 1468 1468 2190 2190 2189 2189 1470 1470 1470 1470 2189 2189 1468 1468 2190 2190 1470 1470 2191 2191 2191 2191 1470 1470 1467 1467 2191 2191 1467 1467 2192 2192 2192 2192 1467 1467 1465 1465 2192 2192 1465 1465 2193 2193 2193 2193 1465 1465 1464 1464 2194 2194 2193 2193 1466 1466 1466 1466 2193 2193 1464 1464 2194 2194 1466 1466 2195 2195 2195 2195 1466 1466 1463 1463 2195 2195 1463 1463 2196 2196 2196 2196 1463 1463 1461 1461 2196 2196 1461 1461 2186 2186 2186 2186 1461 1461 1460 1460 2197 2197 1476 1476 2198 2198 2198 2198 1476 1476 1478 1478 2198 2198 1478 1478 2199 2199 2199 2199 1478 1478 2200 2200 2200 2200 1478 1478 1475 1475 2200 2200 1475 1475 2201 2201 2201 2201 1475 1475 1473 1473 2201 2201 1473 1473 2202 2202 2202 2202 1473 1473 2203 2203 2203 2203 1473 1473 1472 1472 2203 2203 1472 1472 2204 2204 2204 2204 1472 1472 1474 1474 2204 2204 1474 1474 2205 2205 2205 2205 1474 1474 2206 2206 2206 2206 1474 1474 1481 1481 2207 2207 2206 2206 1480 1480 1480 1480 2206 2206 1481 1481 2207 2207 1480 1480 2208 2208 2208 2208 1480 1480 1479 1479 1477 1477 2209 2209 1479 1479 1479 1479 2209 2209 2210 2210 1479 1479 2210 2210 2208 2208 2209 2209 1477 1477 2197 2197 2197 2197 1477 1477 1476 1476 1484 1484 2211 2211 1485 1485 1485 1485 2211 2211 2212 2212 1483 1483 2213 2213 1484 1484 1484 1484 2213 2213 2211 2211 2214 2214 2213 2213 1482 1482 1482 1482 2213 2213 1483 1483 2214 2214 1482 1482 2215 2215 2215 2215 1482 1482 1487 1487 2216 2216 2215 2215 1488 1488 1488 1488 2215 2215 1487 1487 2216 2216 1488 1488 2217 2217 2217 2217 1488 1488 1489 1489 2217 2217 1489 1489 2218 2218 2218 2218 1489 1489 1490 1490 2219 2219 1491 1491 1492 1492 1502 1502 2220 2220 1501 1501 1501 1501 2220 2220 2221 2221 1501 1501 2221 2221 1500 1500 1500 1500 2221 2221 2222 2222 1500 1500 2222 2222 1499 1499 1499 1499 2222 2222 2223 2223 1499 1499 2223 2223 1493 1493 1493 1493 2223 2223 2224 2224 1493 1493 2224 2224 1494 1494 1494 1494 2224 2224 2225 2225 1494 1494 2225 2225 1495 1495 1495 1495 2225 2225 2226 2226 1495 1495 2226 2226 1492 1492 1492 1492 2226 2226 2227 2227 1492 1492 2227 2227 2219 2219 2219 2219 2228 2228 1491 1491 1491 1491 2228 2228 2218 2218 1491 1491 2218 2218 1490 1490 1486 1486 2229 2229 2230 2230 2220 2220 1502 1502 2231 2231 2231 2231 1502 1502 1503 1503 2231 2231 1503 1503 2232 2232 2232 2232 1503 1503 1504 1504 2232 2232 1504 1504 2233 2233 2233 2233 1504 1504 1505 1505 2233 2233 1505 1505 2234 2234 2234 2234 1505 1505 1498 1498 2234 2234 1498 1498 2235 2235 2235 2235 1498 1498 1497 1497 2235 2235 1497 1497 2230 2230 2230 2230 1497 1497 1496 1496 2230 2230 1496 1496 1486 1486 1485 1485 2212 2212 1486 1486 1486 1486 2212 2212 2229 2229 1508 1508 2236 2236 1506 1506 1506 1506 2236 2236 2237 2237 1506 1506 2237 2237 2238 2238 2236 2236 1508 1508 2239 2239 2239 2239 1508 1508 1517 1517 2239 2239 1517 1517 2240 2240 2240 2240 1517 1517 1515 1515 2240 2240 1515 1515 2241 2241 2241 2241 1515 1515 2242 2242 2242 2242 1515 1515 1514 1514 1516 1516 2243 2243 1514 1514 1514 1514 2243 2243 2244 2244 1514 1514 2244 2244 2242 2242 2243 2243 1516 1516 2245 2245 2245 2245 1516 1516 1513 1513 2245 2245 1513 1513 2246 2246 2246 2246 1513 1513 1511 1511 2246 2246 1511 1511 2247 2247 2247 2247 1511 1511 2248 2248 2248 2248 1511 1511 1510 1510 1512 1512 2249 2249 1510 1510 1510 1510 2249 2249 2250 2250 1510 1510 2250 2250 2248 2248 2249 2249 1512 1512 2251 2251 2251 2251 1512 1512 1509 1509 2251 2251 1509 1509 2252 2252 2252 2252 1509 1509 1507 1507 2252 2252 1507 1507 2253 2253 2253 2253 1507 1507 2238 2238 2238 2238 1507 1507 1506 1506 2254 2254 2255 2255 2256 2256 2256 2256 2255 2255 2257 2257 2256 2256 2257 2257 2258 2258 2259 2259 2260 2260 2254 2254 2254 2254 2260 2260 2261 2261 2254 2254 2261 2261 2255 2255 2262 2262 2263 2263 2264 2264 2264 2264 2263 2263 2265 2265 2264 2264 2265 2265 2266 2266 2266 2266 2265 2265 2267 2267 2266 2266 2267 2267 2259 2259 2259 2259 2267 2267 2268 2268 2259 2259 2268 2268 2260 2260 2262 2262 2264 2264 2269 2269 2269 2269 2264 2264 2270 2270 2269 2269 2270 2270 2271 2271 2271 2271 2270 2270 2272 2272 2271 2271 2272 2272 2273 2273 2273 2273 2272 2272 2274 2274 2274 2274 2272 2272 2275 2275 2274 2274 2275 2275 2276 2276 2276 2276 2275 2275 2277 2277 2276 2276 2277 2277 2278 2278 2278 2278 2277 2277 2279 2279 2279 2279 2277 2277 2280 2280 2279 2279 2280 2280 2281 2281 2281 2281 2280 2280 2282 2282 2282 2282 2280 2280 2283 2283 2282 2282 2283 2283 2284 2284 2284 2284 2283 2283 2285 2285 2284 2284 2285 2285 2286 2286 2287 2287 2288 2288 2289 2289 2289 2289 2288 2288 2290 2290 2289 2289 2290 2290 2285 2285 2285 2285 2290 2290 2291 2291 2285 2285 2291 2291 2286 2286 2292 2292 2293 2293 2294 2294 2294 2294 2293 2293 2295 2295 2294 2294 2295 2295 2296 2296 2296 2296 2295 2295 2297 2297 2296 2296 2297 2297 2287 2287 2287 2287 2297 2297 2298 2298 2287 2287 2298 2298 2288 2288 2292 2292 2294 2294 2299 2299 2299 2299 2294 2294 2300 2300 2299 2299 2300 2300 2301 2301 2301 2301 2300 2300 2302 2302 2301 2301 2302 2302 2303 2303 2303 2303 2302 2302 2304 2304 2303 2303 2304 2304 2305 2305 2305 2305 2304 2304 2306 2306 2306 2306 2304 2304 2307 2307 2306 2306 2307 2307 2308 2308 2308 2308 2307 2307 2309 2309 2309 2309 2307 2307 2310 2310 2309 2309 2310 2310 2311 2311 2311 2311 2310 2310 2312 2312 2312 2312 2310 2310 2313 2313 2312 2312 2313 2313 2314 2314 2314 2314 2313 2313 2315 2315 2314 2314 2315 2315 2316 2316 2317 2317 2318 2318 2319 2319 2319 2319 2318 2318 2320 2320 2319 2319 2320 2320 2321 2321 2321 2321 2320 2320 2322 2322 2321 2321 2322 2322 2323 2323 2323 2323 2322 2322 2324 2324 2323 2323 2324 2324 2315 2315 2315 2315 2324 2324 2325 2325 2315 2315 2325 2325 2316 2316 2326 2326 2327 2327 2317 2317 2317 2317 2327 2327 2328 2328 2317 2317 2328 2328 2318 2318 2329 2329 2330 2330 2331 2331 2331 2331 2330 2330 2332 2332 2331 2331 2332 2332 2333 2333 2333 2333 2332 2332 2334 2334 2333 2333 2334 2334 2326 2326 2326 2326 2334 2334 2335 2335 2326 2326 2335 2335 2327 2327 2329 2329 2331 2331 2336 2336 2336 2336 2331 2331 2337 2337 2336 2336 2337 2337 2338 2338 2338 2338 2337 2337 2339 2339 2338 2338 2339 2339 2340 2340 2340 2340 2339 2339 2341 2341 2341 2341 2339 2339 2342 2342 2341 2341 2342 2342 2343 2343 2343 2343 2342 2342 2344 2344 2343 2343 2344 2344 2345 2345 2345 2345 2344 2344 2346 2346 2346 2346 2344 2344 2347 2347 2346 2346 2347 2347 2348 2348 2348 2348 2347 2347 2349 2349 2349 2349 2347 2347 2350 2350 2349 2349 2350 2350 2351 2351 2351 2351 2350 2350 2352 2352 2351 2351 2352 2352 2353 2353 2354 2354 2355 2355 2356 2356 2356 2356 2355 2355 2357 2357 2356 2356 2357 2357 2352 2352 2352 2352 2357 2357 2358 2358 2352 2352 2358 2358 2353 2353 2359 2359 2360 2360 2361 2361 2361 2361 2360 2360 2362 2362 2361 2361 2362 2362 2354 2354 2354 2354 2362 2362 2363 2363 2354 2354 2363 2363 2355 2355 2364 2364 2365 2365 2359 2359 2359 2359 2365 2365 2366 2366 2359 2359 2366 2366 2360 2360 2367 2367 2368 2368 2369 2369 2369 2369 2368 2368 2370 2370 2369 2369 2370 2370 2371 2371 2371 2371 2370 2370 2372 2372 2371 2371 2372 2372 2364 2364 2364 2364 2372 2372 2373 2373 2364 2364 2373 2373 2365 2365 2367 2367 2369 2369 2374 2374 2374 2374 2369 2369 2375 2375 2374 2374 2375 2375 2376 2376 2376 2376 2375 2375 2377 2377 2376 2376 2377 2377 2378 2378 2378 2378 2377 2377 2379 2379 2379 2379 2377 2377 2380 2380 2379 2379 2380 2380 2381 2381 2381 2381 2380 2380 2382 2382 2381 2381 2382 2382 2383 2383 2383 2383 2382 2382 2384 2384 2384 2384 2382 2382 2385 2385 2384 2384 2385 2385 2386 2386 2386 2386 2385 2385 2387 2387 2387 2387 2385 2385 2388 2388 2387 2387 2388 2388 2389 2389 2389 2389 2388 2388 2390 2390 2389 2389 2390 2390 2391 2391 2257 2257 2392 2392 2258 2258 2258 2258 2392 2392 2393 2393 2258 2258 2393 2393 2394 2394 2394 2394 2393 2393 2395 2395 2394 2394 2395 2395 2390 2390 2390 2390 2395 2395 2396 2396 2390 2390 2396 2396 2391 2391 2397 2397 1534 1534 1536 1536 2397 2397 1536 1536 2398 2398 1534 1534 2397 2397 1535 1535 1535 1535 2397 2397 2399 2399 1535 1535 2399 2399 1594 1594 1594 1594 2399 2399 2400 2400 1594 1594 2400 2400 1595 1595 1595 1595 2400 2400 1558 1558 1558 1558 2400 2400 2401 2401 1558 1558 2401 2401 1559 1559 1559 1559 2401 2401 2402 2402 1559 1559 2402 2402 1560 1560 1560 1560 2402 2402 1561 1561 1561 1561 2402 2402 2403 2403 1561 1561 2403 2403 1564 1564 1564 1564 2403 2403 2404 2404 1564 1564 2404 2404 1565 1565 1565 1565 2404 2404 2405 2405 1565 1565 2405 2405 1566 1566 1566 1566 2405 2405 2406 2406 1566 1566 2406 2406 1567 1567 1567 1567 2406 2406 2407 2407 1567 1567 2407 2407 1562 1562 1562 1562 2407 2407 1563 1563 1563 1563 2407 2407 2408 2408 1563 1563 2408 2408 1568 1568 1568 1568 2408 2408 2409 2409 1568 1568 2409 2409 1569 1569 1569 1569 2409 2409 2410 2410 1569 1569 2410 2410 1570 1570 1570 1570 2410 2410 2411 2411 1570 1570 2411 2411 1571 1571 1571 1571 2411 2411 2412 2412 1571 1571 2412 2412 1572 1572 1572 1572 2412 2412 1573 1573 1573 1573 2412 2412 2413 2413 1573 1573 2413 2413 1575 1575 1575 1575 2413 2413 1574 1574 1574 1574 2413 2413 2414 2414 1574 1574 2414 2414 1590 1590 1590 1590 2414 2414 2415 2415 1590 1590 2415 2415 1591 1591 1591 1591 2415 2415 2416 2416 1591 1591 2416 2416 1592 1592 2417 2417 1580 1580 2418 2418 2418 2418 1580 1580 1579 1579 2418 2418 1579 1579 2419 2419 2419 2419 1579 1579 1581 1581 2419 2419 1581 1581 2420 2420 2420 2420 1581 1581 1576 1576 2420 2420 1576 1576 2416 2416 2416 2416 1576 1576 1593 1593 2416 2416 1593 1593 1592 1592 1524 1524 1525 1525 2421 2421 2421 2421 1525 1525 1526 1526 2421 2421 1526 1526 2422 2422 2422 2422 1526 1526 1527 1527 2422 2422 1527 1527 2423 2423 2423 2423 1527 1527 1528 1528 2423 2423 1528 1528 2424 2424 2424 2424 1528 1528 1577 1577 2424 2424 1577 1577 2417 2417 2417 2417 1577 1577 1578 1578 2417 2417 1578 1578 1580 1580 1524 1524 2421 2421 1586 1586 1586 1586 2421 2421 2425 2425 1586 1586 2425 2425 1587 1587 1587 1587 2425 2425 2426 2426 1587 1587 2426 2426 1588 1588 1588 1588 2426 2426 2427 2427 1588 1588 2427 2427 1589 1589 2428 2428 1544 1544 2429 2429 2429 2429 1544 1544 1543 1543 2429 2429 1543 1543 2430 2430 2430 2430 1543 1543 1542 1542 2430 2430 1542 1542 2431 2431 2431 2431 1542 1542 1541 1541 2431 2431 1541 1541 2432 2432 2432 2432 1541 1541 1540 1540 2432 2432 1540 1540 2433 2433 2433 2433 1540 1540 1539 1539 2433 2433 1539 1539 2427 2427 2427 2427 1539 1539 1538 1538 2427 2427 1538 1538 1589 1589 2434 2434 1550 1550 2435 2435 2435 2435 1550 1550 1549 1549 2435 2435 1549 1549 2436 2436 2436 2436 1549 1549 1548 1548 2436 2436 1548 1548 2437 2437 2437 2437 1548 1548 1547 1547 2437 2437 1547 1547 2438 2438 2438 2438 1547 1547 1546 1546 2438 2438 1546 1546 2428 2428 2428 2428 1546 1546 1545 1545 2428 2428 1545 1545 1544 1544 2439 2439 1555 1555 2440 2440 2440 2440 1555 1555 1552 1552 2440 2440 1552 1552 2434 2434 2434 2434 1552 1552 1551 1551 2434 2434 1551 1551 1550 1550 2441 2441 1585 1585 2442 2442 2442 2442 1585 1585 1553 1553 2442 2442 1553 1553 2439 2439 2439 2439 1553 1553 1554 1554 2439 2439 1554 1554 1555 1555 2443 2443 1519 1519 2441 2441 2441 2441 1519 1519 1518 1518 2441 2441 1518 1518 1585 1585 1536 1536 1537 1537 2398 2398 2398 2398 1537 1537 1529 1529 2398 2398 1529 1529 2444 2444 2444 2444 1529 1529 1530 1530 2444 2444 1530 1530 2445 2445 2445 2445 1530 1530 1531 1531 2445 2445 1531 1531 2446 2446 2446 2446 1531 1531 1582 1582 2446 2446 1582 1582 2447 2447 2447 2447 1582 1582 1583 1583 2447 2447 1583 1583 2448 2448 2448 2448 1583 1583 1584 1584 2448 2448 1584 1584 2449 2449 2449 2449 1584 1584 1556 1556 2449 2449 1556 1556 2443 2443 2443 2443 1556 1556 1557 1557 2443 2443 1557 1557 1519 1519 2319 2319 2450 2450 2317 2317 2317 2317 2450 2450 2451 2451 2317 2317 2451 2451 2326 2326 2326 2326 2451 2451 2452 2452 2326 2326 2452 2452 2333 2333 2333 2333 2452 2452 2453 2453 2333 2333 2453 2453 2331 2331 2331 2331 2453 2453 2454 2454 2331 2331 2454 2454 2337 2337 2337 2337 2454 2454 2455 2455 2337 2337 2455 2455 2339 2339 2339 2339 2455 2455 2456 2456 2339 2339 2456 2456 2342 2342 2342 2342 2456 2456 2457 2457 2342 2342 2457 2457 2344 2344 2344 2344 2457 2457 2458 2458 2344 2344 2458 2458 2347 2347 2347 2347 2458 2458 2459 2459 2347 2347 2459 2459 2350 2350 2350 2350 2459 2459 2460 2460 2350 2350 2460 2460 2352 2352 2352 2352 2460 2460 2461 2461 2352 2352 2461 2461 2356 2356 2356 2356 2461 2461 2462 2462 2356 2356 2462 2462 2354 2354 2354 2354 2462 2462 2463 2463 2354 2354 2463 2463 2361 2361 2361 2361 2463 2463 2464 2464 2361 2361 2464 2464 2359 2359 2359 2359 2464 2464 2465 2465 2359 2359 2465 2465 2364 2364 2364 2364 2465 2465 2466 2466 2364 2364 2466 2466 2371 2371 2371 2371 2466 2466 2467 2467 2371 2371 2467 2467 2369 2369 2369 2369 2467 2467 2468 2468 2369 2369 2468 2468 2375 2375 2375 2375 2468 2468 2469 2469 2375 2375 2469 2469 2377 2377 2377 2377 2469 2469 2470 2470 2377 2377 2470 2470 2380 2380 2380 2380 2470 2470 2471 2471 2380 2380 2471 2471 2382 2382 2382 2382 2471 2471 2472 2472 2382 2382 2472 2472 2385 2385 2385 2385 2472 2472 2473 2473 2385 2385 2473 2473 2388 2388 2388 2388 2473 2473 2474 2474 2388 2388 2474 2474 2390 2390 2390 2390 2474 2474 2475 2475 2390 2390 2475 2475 2394 2394 2394 2394 2475 2475 2476 2476 2394 2394 2476 2476 2258 2258 2258 2258 2476 2476 2477 2477 2258 2258 2477 2477 2256 2256 2256 2256 2477 2477 2478 2478 2256 2256 2478 2478 2254 2254 2254 2254 2478 2478 2479 2479 2254 2254 2479 2479 2259 2259 2259 2259 2479 2479 2480 2480 2259 2259 2480 2480 2266 2266 2266 2266 2480 2480 2481 2481 2266 2266 2481 2481 2264 2264 2264 2264 2481 2481 2482 2482 2264 2264 2482 2482 2270 2270 2270 2270 2482 2482 2483 2483 2270 2270 2483 2483 2272 2272 2272 2272 2483 2483 2484 2484 2272 2272 2484 2484 2275 2275 2275 2275 2484 2484 2485 2485 2275 2275 2485 2485 2277 2277 2277 2277 2485 2485 2486 2486 2277 2277 2486 2486 2280 2280 2280 2280 2486 2486 2487 2487 2280 2280 2487 2487 2283 2283 2283 2283 2487 2487 2488 2488 2283 2283 2488 2488 2285 2285 2285 2285 2488 2488 2489 2489 2285 2285 2489 2489 2289 2289 2289 2289 2489 2489 2490 2490 2289 2289 2490 2490 2287 2287 2287 2287 2490 2490 2491 2491 2287 2287 2491 2491 2296 2296 2296 2296 2491 2491 2492 2492 2296 2296 2492 2492 2294 2294 2294 2294 2492 2492 2493 2493 2294 2294 2493 2493 2300 2300 2300 2300 2493 2493 2494 2494 2300 2300 2494 2494 2302 2302 2302 2302 2494 2494 2495 2495 2302 2302 2495 2495 2304 2304 2304 2304 2495 2495 2496 2496 2304 2304 2496 2496 2307 2307 2307 2307 2496 2496 2497 2497 2307 2307 2497 2497 2310 2310 2310 2310 2497 2497 2498 2498 2310 2310 2498 2498 2313 2313 2313 2313 2498 2498 2499 2499 2313 2313 2499 2499 2315 2315 2315 2315 2499 2499 2500 2500 2315 2315 2500 2500 2323 2323 2323 2323 2500 2500 2501 2501 2323 2323 2501 2501 2321 2321 2321 2321 2501 2501 2502 2502 2321 2321 2502 2502 2319 2319 2319 2319 2502 2502 2450 2450 2450 2450 2446 2446 2451 2451 2451 2451 2446 2446 2447 2447 2451 2451 2447 2447 2452 2452 2452 2452 2447 2447 2448 2448 2452 2452 2448 2448 2453 2453 2453 2453 2448 2448 2449 2449 2453 2453 2449 2449 2454 2454 2454 2454 2449 2449 2443 2443 2454 2454 2443 2443 2455 2455 2455 2455 2443 2443 2441 2441 2455 2455 2441 2441 2456 2456 2456 2456 2441 2441 2442 2442 2456 2456 2442 2442 2457 2457 2457 2457 2442 2442 2439 2439 2457 2457 2439 2439 2458 2458 2458 2458 2439 2439 2440 2440 2458 2458 2440 2440 2459 2459 2459 2459 2440 2440 2434 2434 2459 2459 2434 2434 2460 2460 2460 2460 2434 2434 2435 2435 2460 2460 2435 2435 2461 2461 2461 2461 2435 2435 2436 2436 2461 2461 2436 2436 2462 2462 2462 2462 2436 2436 2437 2437 2462 2462 2437 2437 2463 2463 2463 2463 2437 2437 2438 2438 2463 2463 2438 2438 2464 2464 2464 2464 2438 2438 2428 2428 2464 2464 2428 2428 2465 2465 2465 2465 2428 2428 2429 2429 2465 2465 2429 2429 2466 2466 2466 2466 2429 2429 2430 2430 2466 2466 2430 2430 2467 2467 2467 2467 2430 2430 2431 2431 2467 2467 2431 2431 2468 2468 2468 2468 2431 2431 2432 2432 2468 2468 2432 2432 2469 2469 2469 2469 2432 2432 2433 2433 2469 2469 2433 2433 2470 2470 2470 2470 2433 2433 2427 2427 2470 2470 2427 2427 2471 2471 2471 2471 2427 2427 2426 2426 2471 2471 2426 2426 2472 2472 2472 2472 2426 2426 2425 2425 2472 2472 2425 2425 2473 2473 2473 2473 2425 2425 2421 2421 2473 2473 2421 2421 2474 2474 2474 2474 2421 2421 2422 2422 2474 2474 2422 2422 2475 2475 2475 2475 2422 2422 2423 2423 2475 2475 2423 2423 2476 2476 2476 2476 2423 2423 2424 2424 2476 2476 2424 2424 2477 2477 2477 2477 2424 2424 2417 2417 2477 2477 2417 2417 2478 2478 2478 2478 2417 2417 2418 2418 2478 2478 2418 2418 2479 2479 2479 2479 2418 2418 2419 2419 2479 2479 2419 2419 2480 2480 2480 2480 2419 2419 2420 2420 2480 2480 2420 2420 2481 2481 2481 2481 2420 2420 2416 2416 2481 2481 2416 2416 2482 2482 2482 2482 2416 2416 2415 2415 2482 2482 2415 2415 2483 2483 2483 2483 2415 2415 2414 2414 2483 2483 2414 2414 2484 2484 2484 2484 2414 2414 2413 2413 2484 2484 2413 2413 2485 2485 2485 2485 2413 2413 2412 2412 2485 2485 2412 2412 2486 2486 2486 2486 2412 2412 2411 2411 2486 2486 2411 2411 2487 2487 2487 2487 2411 2411 2410 2410 2487 2487 2410 2410 2488 2488 2488 2488 2410 2410 2409 2409 2488 2488 2409 2409 2489 2489 2489 2489 2409 2409 2408 2408 2489 2489 2408 2408 2490 2490 2490 2490 2408 2408 2407 2407 2490 2490 2407 2407 2491 2491 2491 2491 2407 2407 2406 2406 2491 2491 2406 2406 2492 2492 2492 2492 2406 2406 2405 2405 2492 2492 2405 2405 2493 2493 2493 2493 2405 2405 2404 2404 2493 2493 2404 2404 2494 2494 2494 2494 2404 2404 2403 2403 2494 2494 2403 2403 2495 2495 2495 2495 2403 2403 2402 2402 2495 2495 2402 2402 2496 2496 2496 2496 2402 2402 2401 2401 2496 2496 2401 2401 2497 2497 2497 2497 2401 2401 2400 2400 2497 2497 2400 2400 2498 2498 2498 2498 2400 2400 2399 2399 2498 2498 2399 2399 2499 2499 2499 2499 2399 2399 2397 2397 2499 2499 2397 2397 2500 2500 2500 2500 2397 2397 2398 2398 2500 2500 2398 2398 2501 2501 2501 2501 2398 2398 2444 2444 2501 2501 2444 2444 2502 2502 2502 2502 2444 2444 2445 2445 2502 2502 2445 2445 2450 2450 2450 2450 2445 2445 2446 2446 1619 1619 2503 2503 1620 1620 1620 1620 2503 2503 2504 2504 1620 1620 2504 2504 1621 1621 1621 1621 2504 2504 2505 2505 1621 1621 2505 2505 1622 1622 1622 1622 2505 2505 2506 2506 1622 1622 2506 2506 1623 1623 1623 1623 2506 2506 2507 2507 1623 1623 2507 2507 1624 1624 1624 1624 2507 2507 2508 2508 1624 1624 2508 2508 1625 1625 1612 1612 2509 2509 1613 1613 1613 1613 2509 2509 2510 2510 1613 1613 2510 2510 1614 1614 1614 1614 2510 2510 2511 2511 1614 1614 2511 2511 1615 1615 1615 1615 2511 2511 2512 2512 1615 1615 2512 2512 1616 1616 1616 1616 2512 2512 2513 2513 1616 1616 2513 2513 1617 1617 1617 1617 2513 2513 2514 2514 1617 1617 2514 2514 1618 1618 1618 1618 2514 2514 2515 2515 1618 1618 2515 2515 1619 1619 1619 1619 2515 2515 2516 2516 1619 1619 2516 2516 2503 2503 1605 1605 2517 2517 1606 1606 1606 1606 2517 2517 2518 2518 1606 1606 2518 2518 1607 1607 1607 1607 2518 2518 2519 2519 1607 1607 2519 2519 1608 1608 1608 1608 2519 2519 2520 2520 1608 1608 2520 2520 1609 1609 1609 1609 2520 2520 2521 2521 1609 1609 2521 2521 1610 1610 1610 1610 2521 2521 2522 2522 1610 1610 2522 2522 1611 1611 1611 1611 2522 2522 2523 2523 1611 1611 2523 2523 1612 1612 1612 1612 2523 2523 2524 2524 1612 1612 2524 2524 2509 2509 2508 2508 2525 2525 1625 1625 1625 1625 2525 2525 2526 2526 1625 1625 2526 2526 1626 1626 1626 1626 2526 2526 2527 2527 1626 1626 2527 2527 1627 1627 1627 1627 2527 2527 2528 2528 1627 1627 2528 2528 1628 1628 1628 1628 2528 2528 2529 2529 1628 1628 2529 2529 1596 1596 1596 1596 2529 2529 2530 2530 1596 1596 2530 2530 1597 1597 1597 1597 2530 2530 2531 2531 1597 1597 2531 2531 1598 1598 1598 1598 2531 2531 2532 2532 1598 1598 2532 2532 1599 1599 2532 2532 2533 2533 1599 1599 1599 1599 2533 2533 2534 2534 1599 1599 2534 2534 1600 1600 1600 1600 2534 2534 2535 2535 1600 1600 2535 2535 1601 1601 1601 1601 2535 2535 2536 2536 1601 1601 2536 2536 1602 1602 1602 1602 2536 2536 2537 2537 1602 1602 2537 2537 1603 1603 1603 1603 2537 2537 2538 2538 1603 1603 2538 2538 1604 1604 1604 1604 2538 2538 2539 2539 1604 1604 2539 2539 1605 1605 1605 1605 2539 2539 2540 2540 1605 1605 2540 2540 2517 2517 1130 1130 1629 1629 1693 1693 1693 1693 1629 1629 2541 2541 1693 1693 2541 2541 1694 1694 1694 1694 2541 2541 2542 2542 1698 1698 1688 1688 2542 2542 2542 2542 1688 1688 1687 1687 2542 2542 1687 1687 1694 1694 2543 2543 2544 2544 2545 2545 2545 2545 2544 2544 2546 2546 2545 2545 2546 2546 2547 2547 2548 2548 2547 2547 2542 2542 2542 2542 2547 2547 2546 2546 2542 2542 2546 2546 1698 1698 1698 1698 2546 2546 2544 2544 1698 1698 2544 2544 1696 1696 1629 1629 1141 1141 2541 2541 2541 2541 1141 1141 2549 2549 2541 2541 2549 2549 2542 2542 2542 2542 2549 2549 2550 2550 2542 2542 2550 2550 2548 2548 2551 2551 2552 2552 2553 2553 2554 2554 2555 2555 2556 2556 2554 2554 2556 2556 2548 2548 2552 2552 2557 2557 2553 2553 2553 2553 2557 2557 2558 2558 2553 2553 2558 2558 2555 2555 1139 1139 2559 2559 1140 1140 1140 1140 2559 2559 2560 2560 1140 1140 2560 2560 1148 1148 1148 1148 2560 2560 1149 1149 2561 2561 2550 2550 2549 2549 1149 1149 2560 2560 1146 1146 1146 1146 2560 2560 2562 2562 1146 1146 2562 2562 1145 1145 1145 1145 2562 2562 2561 2561 1145 1145 2561 2561 1143 1143 1143 1143 2561 2561 2549 2549 1143 1143 2549 2549 1141 1141 2558 2558 2563 2563 2564 2564 2555 2555 2558 2558 2556 2556 2556 2556 2558 2558 2564 2564 2556 2556 2564 2564 2565 2565 2566 2566 2543 2543 2565 2565 2565 2565 2543 2543 2545 2545 2565 2565 2545 2545 2556 2556 2556 2556 2545 2545 2547 2547 2556 2556 2547 2547 2548 2548 2559 2559 2551 2551 2560 2560 2560 2560 2551 2551 2553 2553 2560 2560 2553 2553 2562 2562 2562 2562 2553 2553 2555 2555 2562 2562 2555 2555 2561 2561 2561 2561 2555 2555 2554 2554 2561 2561 2554 2554 2550 2550 2550 2550 2554 2554 2548 2548 1630 1630 1158 1158 2567 2567 2568 2568 2569 2569 2570 2570 2552 2552 2571 2571 2557 2557 2557 2557 2571 2571 2568 2568 2557 2557 2568 2568 2558 2558 2558 2558 2568 2568 2570 2570 2558 2558 2570 2570 2563 2563 1139 1139 1630 1630 2559 2559 2559 2559 1630 1630 2567 2567 2559 2559 2567 2567 2551 2551 2551 2551 2567 2567 2572 2572 2551 2551 2572 2572 2552 2552 2552 2552 2572 2572 2573 2573 2552 2552 2573 2573 2571 2571 2574 2574 2568 2568 2571 2571 2574 2574 2571 2571 2575 2575 2576 2576 2577 2577 2578 2578 2578 2578 2577 2577 2574 2574 2578 2578 2574 2574 2579 2579 2579 2579 2574 2574 2575 2575 1159 1159 2580 2580 2581 2581 1151 1151 2582 2582 1152 1152 1152 1152 2582 2582 2580 2580 1152 1152 2580 2580 1159 1159 1158 1158 1157 1157 2583 2583 2573 2573 2572 2572 2583 2583 2583 2583 2572 2572 2567 2567 2583 2583 2567 2567 1158 1158 2583 2583 1157 1157 1156 1156 2583 2583 1156 1156 2581 2581 2581 2581 1156 1156 1160 1160 2581 2581 1160 1160 1159 1159 2584 2584 2585 2585 2586 2586 2586 2586 2585 2585 2574 2574 2586 2586 2574 2574 2587 2587 2587 2587 2574 2574 2577 2577 2569 2569 2568 2568 2588 2588 2588 2588 2568 2568 2574 2574 2588 2588 2574 2574 2589 2589 2589 2589 2574 2574 2585 2585 2582 2582 2576 2576 2580 2580 2580 2580 2576 2576 2578 2578 2580 2580 2578 2578 2581 2581 2581 2581 2578 2578 2579 2579 2581 2581 2579 2579 2583 2583 2583 2583 2579 2579 2575 2575 2583 2583 2575 2575 2573 2573 2573 2573 2575 2575 2571 2571 2590 2590 2584 2584 2586 2586 1631 1631 1172 1172 2591 2591 2590 2590 2586 2586 2592 2592 1151 1151 1631 1631 2582 2582 2582 2582 1631 1631 2591 2591 2582 2582 2591 2591 2576 2576 2576 2576 2591 2591 2593 2593 2576 2576 2593 2593 2577 2577 2577 2577 2593 2593 2594 2594 2577 2577 2594 2594 2587 2587 2587 2587 2594 2594 2595 2595 2587 2587 2595 2595 2586 2586 2586 2586 2595 2595 2596 2596 2586 2586 2596 2596 2592 2592 2597 2597 2596 2596 2595 2595 2596 2596 2597 2597 2598 2598 2599 2599 2600 2600 2601 2601 2601 2601 2600 2600 2598 2598 2601 2601 2598 2598 2602 2602 2602 2602 2598 2598 2597 2597 2603 2603 1174 1174 2604 2604 2604 2604 1174 1174 1169 1169 2604 2604 1169 1169 1170 1170 1170 1170 1171 1171 2604 2604 2604 2604 1171 1171 2605 2605 2604 2604 2605 2605 2606 2606 2594 2594 2593 2593 2607 2607 2607 2607 2593 2593 2591 2591 2607 2607 2591 2591 1172 1172 1172 1172 1173 1173 2607 2607 2607 2607 1173 1173 1176 1176 2607 2607 1176 1176 2603 2603 2603 2603 1176 1176 1175 1175 2603 2603 1175 1175 1174 1174 2608 2608 2609 2609 2610 2610 2610 2610 2609 2609 2611 2611 2592 2592 2596 2596 2612 2612 2612 2612 2596 2596 2598 2598 2612 2612 2598 2598 2611 2611 2611 2611 2598 2598 2600 2600 2611 2611 2600 2600 2610 2610 2606 2606 2599 2599 2604 2604 2604 2604 2599 2599 2601 2601 2604 2604 2601 2601 2603 2603 2603 2603 2601 2601 2602 2602 2603 2603 2602 2602 2607 2607 2607 2607 2602 2602 2597 2597 2607 2607 2597 2597 2594 2594 2594 2594 2597 2597 2595 2595 1171 1171 1632 1632 2605 2605 2605 2605 1632 1632 2613 2613 2605 2605 2613 2613 2606 2606 2606 2606 2613 2613 2614 2614 2610 2610 2600 2600 2614 2614 2614 2614 2600 2600 2599 2599 2614 2614 2599 2599 2606 2606 1652 1652 2615 2615 1653 1653 1653 1653 2615 2615 2616 2616 1653 1653 2616 2616 1654 1654 1639 1639 1654 1654 2614 2614 2614 2614 1654 1654 2616 2616 2614 2614 2616 2616 2610 2610 2610 2610 2616 2616 2615 2615 2610 2610 2615 2615 2608 2608 1632 1632 1179 1179 2613 2613 2613 2613 1179 1179 1646 1646 2613 2613 1646 1646 2614 2614 2614 2614 1646 1646 1645 1645 2614 2614 1645 1645 1639 1639 1785 1785 1786 1786 1787 1787 1768 1768 1769 1769 1770 1770 1781 1781 1881 1881 1773 1773 1773 1773 1881 1881 1879 1879 1773 1773 1879 1879 1772 1772 1772 1772 1879 1879 1878 1878 1878 1878 1877 1877 1772 1772 1772 1772 1877 1877 1885 1885 1772 1772 1885 1885 1884 1884 1781 1781 1780 1780 1881 1881 1881 1881 1780 1780 1779 1779 1881 1881 1779 1779 1778 1778 1747 1747 1746 1746 1776 1776 1734 1734 1735 1735 1760 1760 1760 1760 1735 1735 1736 1736 1776 1776 1775 1775 1747 1747 1747 1747 1775 1775 1774 1774 1747 1747 1774 1774 1748 1748 1748 1748 1774 1774 1759 1759 1748 1748 1759 1759 1738 1738 1738 1738 1759 1759 1760 1760 1738 1738 1760 1760 1737 1737 1737 1737 1760 1760 1736 1736 1778 1778 1777 1777 1744 1744 1744 1744 1777 1777 1776 1776 1744 1744 1776 1776 1745 1745 1745 1745 1776 1776 1746 1746 1778 1778 1744 1744 1881 1881 1881 1881 1744 1744 1743 1743 1881 1881 1743 1743 1742 1742 1741 1741 1890 1890 1742 1742 1742 1742 1890 1890 1889 1889 1742 1742 1889 1889 1881 1881 1753 1753 1840 1840 1752 1752 1752 1752 1840 1840 1839 1839 1752 1752 1839 1839 1751 1751 1751 1751 1839 1839 1891 1891 1751 1751 1891 1891 1739 1739 1739 1739 1891 1891 1890 1890 1739 1739 1890 1890 1740 1740 1740 1740 1890 1890 1741 1741 1753 1753 1754 1754 1840 1840 1840 1840 1754 1754 1755 1755 1840 1840 1755 1755 1756 1756 1727 1727 1726 1726 2329 2329 2329 2329 1726 1726 1725 1725 2329 2329 1725 1725 1724 1724 1721 1721 2330 2330 1722 1722 1722 1722 2330 2330 2329 2329 1722 1722 2329 2329 1723 1723 1723 1723 2329 2329 1724 1724 1734 1734 1760 1760 1733 1733 1733 1733 1760 1760 1761 1761 1733 1733 1761 1761 1762 1762 1721 1721 1720 1720 2330 2330 2330 2330 1720 1720 1729 1729 2330 2330 1729 1729 1730 1730 1730 1730 1731 1731 2330 2330 2330 2330 1731 1731 1732 1732 2330 2330 1732 1732 1733 1733 1762 1762 1763 1763 1733 1733 1733 1733 1763 1763 1764 1764 1733 1733 1764 1764 2330 2330 2330 2330 1764 1764 1765 1765 2330 2330 1765 1765 1766 1766 1768 1768 1770 1770 1767 1767 1766 1766 1767 1767 2330 2330 2330 2330 1767 1767 1770 1770 2330 2330 1770 1770 2332 2332 2332 2332 1770 1770 1771 1771 2332 2332 1771 1771 2334 2334 2334 2334 1771 1771 1772 1772 1884 1884 1883 1883 1772 1772 1772 1772 1883 1883 1868 1868 1772 1772 1868 1868 2334 2334 2334 2334 1868 1868 1867 1867 1871 1871 2511 2511 1873 1873 1873 1873 2511 2511 1874 1874 1871 1871 1870 1870 2511 2511 2511 2511 1870 1870 1947 1947 2511 2511 1947 1947 1948 1948 1948 1948 1943 1943 2511 2511 2511 2511 1943 1943 1946 1946 2511 2511 1946 1946 1945 1945 1945 1945 1944 1944 2511 2511 2511 2511 1944 1944 1939 1939 2511 2511 1939 1939 1938 1938 1938 1938 1936 1936 2511 2511 2511 2511 1936 1936 1935 1935 2511 2511 1935 1935 2512 2512 1847 1847 1715 1715 1716 1716 1706 1706 1707 1707 1716 1716 1716 1716 1707 1707 1848 1848 1716 1716 1848 1848 1847 1847 1714 1714 1713 1713 2329 2329 1757 1757 1758 1758 1715 1715 1756 1756 1757 1757 1840 1840 1840 1840 1757 1757 1715 1715 1840 1840 1715 1715 1846 1846 1846 1846 1715 1715 1847 1847 1758 1758 1750 1750 1715 1715 1715 1715 1750 1750 1749 1749 1715 1715 1749 1749 1713 1713 1713 1713 1749 1749 1717 1717 1717 1717 1718 1718 1713 1713 1713 1713 1718 1718 1719 1719 1713 1713 1719 1719 2329 2329 2329 2329 1719 1719 1728 1728 2329 2329 1728 1728 1727 1727 1708 1708 1709 1709 1710 1710 1710 1710 1711 1711 1708 1708 1708 1708 1711 1711 1845 1845 1708 1708 1845 1845 1707 1707 1707 1707 1845 1845 1843 1843 1707 1707 1843 1843 1848 1848 1712 1712 1851 1851 1711 1711 1711 1711 1851 1851 1852 1852 1711 1711 1852 1852 1845 1845 2338 2338 1702 1702 1701 1701 1703 1703 1704 1704 1701 1701 1701 1701 1704 1704 1705 1705 1701 1701 1705 1705 2338 2338 1716 1716 1714 1714 1706 1706 1706 1706 1714 1714 2329 2329 1706 1706 2329 2329 1705 1705 1705 1705 2329 2329 2336 2336 1705 1705 2336 2336 2338 2338 1790 1790 1853 1853 1849 1849 1790 1790 1849 1849 1789 1789 2514 2514 2513 2513 1967 1967 1967 1967 1960 1960 2514 2514 2514 2514 1960 1960 1962 1962 2514 2514 1962 1962 1963 1963 1963 1963 1959 1959 2514 2514 2514 2514 1959 1959 1966 1966 2514 2514 1966 1966 1965 1965 1862 1862 1864 1864 1791 1791 1965 1965 1964 1964 2514 2514 2514 2514 1964 1964 1951 1951 2514 2514 1951 1951 1950 1950 1950 1950 1956 1956 2514 2514 2514 2514 1956 1956 1955 1955 2514 2514 1955 1955 1953 1953 1862 1862 1791 1791 1953 1953 1864 1864 1865 1865 1791 1791 1791 1791 1865 1865 1858 1858 1791 1791 1858 1858 1861 1861 1861 1861 1860 1860 1791 1791 1791 1791 1860 1860 1859 1859 1791 1791 1859 1859 1790 1790 1790 1790 1859 1859 1854 1854 1790 1790 1854 1854 1853 1853 1791 1791 1783 1783 2341 2341 1783 1783 1782 1782 2341 2341 2341 2341 1782 1782 1784 1784 2341 2341 1784 1784 2340 2340 2340 2340 1784 1784 1785 1785 2340 2340 1785 1785 2338 2338 2338 2338 1785 1785 1787 1787 2338 2338 1787 1787 1702 1702 1702 1702 1787 1787 1788 1788 1702 1702 1788 1788 1712 1712 1712 1712 1788 1788 1789 1789 1712 1712 1789 1789 1851 1851 1851 1851 1789 1789 1849 1849 1935 1935 1931 1931 2512 2512 2512 2512 1931 1931 1930 1930 2512 2512 1930 1930 1928 1928 1926 1926 1971 1971 2513 2513 1928 1928 1934 1934 2512 2512 2512 2512 1934 1934 1933 1933 2512 2512 1933 1933 2513 2513 2513 2513 1933 1933 1932 1932 2513 2513 1932 1932 1926 1926 1971 1971 1970 1970 2513 2513 2513 2513 1970 1970 1968 1968 2513 2513 1968 1968 1967 1967 2204 2204 2205 2205 2206 2206 1972 1972 1974 1974 2306 2306 1972 1972 2306 2306 2135 2135 1981 1981 1980 1980 2520 2520 2520 2520 1980 1980 1979 1979 1979 1979 1978 1978 2520 2520 2520 2520 1978 1978 1995 1995 2520 2520 1995 1995 1994 1994 1994 1994 1993 1993 2520 2520 2520 2520 1993 1993 1985 1985 2520 2520 1985 1985 1983 1983 1990 1990 2521 2521 1991 1991 1991 1991 2521 2521 2520 2520 1991 1991 2520 2520 1992 1992 1992 1992 2520 2520 1983 1983 2093 2093 2098 2098 2208 2208 2098 2098 2100 2100 2208 2208 2208 2208 2100 2100 2137 2137 2208 2208 2137 2137 2136 2136 2136 2136 2135 2135 2208 2208 2208 2208 2135 2135 2306 2306 2208 2208 2306 2306 2207 2207 2207 2207 2306 2306 2308 2308 2207 2207 2308 2308 2206 2206 2206 2206 2308 2308 2309 2309 2206 2206 2309 2309 2204 2204 2204 2204 2309 2309 2203 2203 2092 2092 2091 2091 2239 2239 2102 2102 2210 2210 2103 2103 2103 2103 2210 2210 2209 2209 2103 2103 2209 2209 2089 2089 2102 2102 2101 2101 2210 2210 2210 2210 2101 2101 2096 2096 2210 2210 2096 2096 2208 2208 2208 2208 2096 2096 2094 2094 2208 2208 2094 2094 2093 2093 2230 2230 2229 2229 2212 2212 2312 2312 2237 2237 2236 2236 2209 2209 2197 2197 2089 2089 2089 2089 2197 2197 2217 2217 2089 2089 2217 2217 2090 2090 2217 2217 2218 2218 2090 2090 2090 2090 2218 2218 2228 2228 2090 2090 2228 2228 2091 2091 2228 2228 2219 2219 2091 2091 2091 2091 2219 2219 2227 2227 2091 2091 2227 2227 2239 2239 2239 2239 2227 2227 2226 2226 2239 2239 2226 2226 2225 2225 2225 2225 2224 2224 2239 2239 2239 2239 2224 2224 2223 2223 2239 2239 2223 2223 2222 2222 2222 2222 2221 2221 2239 2239 2239 2239 2221 2221 2220 2220 2239 2239 2220 2220 2236 2236 2236 2236 2220 2220 2231 2231 2236 2236 2231 2231 2232 2232 2232 2232 2233 2233 2236 2236 2236 2236 2233 2233 2234 2234 2236 2236 2234 2234 2235 2235 2201 2201 2202 2202 2197 2197 2211 2211 2213 2213 2214 2214 2235 2235 2230 2230 2236 2236 2236 2236 2230 2230 2212 2212 2236 2236 2212 2212 2312 2312 2312 2312 2212 2212 2211 2211 2312 2312 2211 2211 2215 2215 2215 2215 2211 2211 2214 2214 2197 2197 2202 2202 2217 2217 2217 2217 2202 2202 2203 2203 2217 2217 2203 2203 2216 2216 2216 2216 2203 2203 2309 2309 2216 2216 2309 2309 2215 2215 2215 2215 2309 2309 2311 2311 2215 2215 2311 2311 2312 2312 2189 2189 2190 2190 2191 2191 2140 2140 2241 2241 2076 2076 2076 2076 2241 2241 2077 2077 2140 2140 2139 2139 2241 2241 2241 2241 2139 2139 2138 2138 2241 2241 2138 2138 2240 2240 2240 2240 2138 2138 2083 2083 2240 2240 2083 2083 2239 2239 2239 2239 2083 2083 2085 2085 2239 2239 2085 2085 2092 2092 2081 2081 2080 2080 2188 2188 2188 2188 2080 2080 2073 2073 2188 2188 2073 2073 2187 2187 2187 2187 2073 2073 2071 2071 2187 2187 2071 2071 2079 2079 2191 2191 2192 2192 2189 2189 2189 2189 2192 2192 2066 2066 2189 2189 2066 2066 2188 2188 2188 2188 2066 2066 2082 2082 2188 2188 2082 2082 2081 2081 2194 2194 2195 2195 2193 2193 2193 2193 2195 2195 2196 2196 2054 2054 2062 2062 2523 2523 2012 2012 2011 2011 2523 2523 2011 2011 2010 2010 2523 2523 2523 2523 2010 2010 2005 2005 2523 2523 2005 2005 2004 2004 2004 2004 2007 2007 2523 2523 2523 2523 2007 2007 2009 2009 2523 2523 2009 2009 2057 2057 2057 2057 2056 2056 2523 2523 2523 2523 2056 2056 2055 2055 2523 2523 2055 2055 2054 2054 2069 2069 2068 2068 2325 2325 2325 2325 2068 2068 2067 2067 2325 2325 2067 2067 2066 2066 2185 2185 2312 2312 2314 2314 2185 2185 2314 2314 2186 2186 2192 2192 2193 2193 2066 2066 2066 2066 2193 2193 2196 2196 2066 2066 2196 2196 2325 2325 2325 2325 2196 2196 2186 2186 2325 2325 2186 2186 2316 2316 2316 2316 2186 2186 2314 2314 2246 2246 2247 2247 2242 2242 2248 2248 2185 2185 2247 2247 2247 2247 2185 2185 2187 2187 2247 2247 2187 2187 2242 2242 2242 2242 2187 2187 2079 2079 2242 2242 2079 2079 2241 2241 2241 2241 2079 2079 2078 2078 2241 2241 2078 2078 2077 2077 2237 2237 2312 2312 2238 2238 2238 2238 2312 2312 2185 2185 2238 2238 2185 2185 2253 2253 2253 2253 2185 2185 2248 2248 2253 2253 2248 2248 2252 2252 1990 1990 1989 1989 2521 2521 2521 2521 1989 1989 1987 1987 2521 2521 1987 1987 2061 2061 2061 2061 2060 2060 2521 2521 2521 2521 2060 2060 2059 2059 2521 2521 2059 2059 2522 2522 2522 2522 2059 2059 2058 2058 2522 2522 2058 2058 2001 2001 2001 2001 2000 2000 2522 2522 2522 2522 2000 2000 1998 1998 2522 2522 1998 1998 2523 2523 2523 2523 1998 1998 1999 1999 2523 2523 1999 1999 2012 2012 2197 2197 2198 2198 2201 2201 2201 2201 2198 2198 2199 2199 2201 2201 2199 2199 2200 2200 2248 2248 2250 2250 2252 2252 2252 2252 2250 2250 2249 2249 2252 2252 2249 2249 2251 2251 2242 2242 2244 2244 2246 2246 2246 2246 2244 2244 2243 2243 2246 2246 2243 2243 2245 2245 1680 1680 1700 1700 2529 2529 2529 2529 1700 1700 1699 1699 1676 1676 1677 1677 2528 2528 1677 1677 1673 1673 2528 2528 2528 2528 1673 1673 1672 1672 2528 2528 1672 1672 2529 2529 2529 2529 1672 1672 1678 1678 2529 2529 1678 1678 1680 1680 1792 1792 1794 1794 1803 1803 1803 1803 1794 1794 1648 1648 1803 1803 1648 1648 1802 1802 1802 1802 1648 1648 1658 1658 1652 1652 1651 1651 1794 1794 1651 1651 1650 1650 1794 1794 1794 1794 1650 1650 1649 1649 1794 1794 1649 1649 1648 1648 1793 1793 2393 2393 2615 2615 1652 1652 1794 1794 2615 2615 2615 2615 1794 1794 1795 1795 2615 2615 1795 1795 1793 1793 1803 1803 1797 1797 1792 1792 1792 1792 1797 1797 1796 1796 1792 1792 1796 1796 1798 1798 1793 1793 1792 1792 2393 2393 2393 2393 1792 1792 1798 1798 2393 2393 1798 1798 2395 2395 2395 2395 1798 1798 2396 2396 1798 1798 1799 1799 2396 2396 2396 2396 1799 1799 1800 1800 2396 2396 1800 1800 1801 1801 2387 2387 2389 2389 1657 1657 1657 1657 2389 2389 2391 2391 1657 1657 2391 2391 1658 1658 1658 1658 2391 2391 2396 2396 1658 1658 2396 2396 1802 1802 1802 1802 2396 2396 1801 1801 2612 2612 2182 2182 2592 2592 2592 2592 2182 2182 2590 2590 2612 2612 2611 2611 2182 2182 2182 2182 2611 2611 2609 2609 2182 2182 2609 2609 2184 2184 2184 2184 2609 2609 2608 2608 2184 2184 2608 2608 2183 2183 2170 2170 2169 2169 2182 2182 2182 2182 2169 2169 2168 2168 2164 2164 2163 2163 2590 2590 2168 2168 2167 2167 2182 2182 2182 2182 2167 2167 2166 2166 2182 2182 2166 2166 2590 2590 2590 2590 2166 2166 2165 2165 2590 2590 2165 2165 2164 2164 2163 2163 2162 2162 2590 2590 2590 2590 2162 2162 2172 2172 2590 2590 2172 2172 2173 2173 2173 2173 2174 2174 2590 2590 2590 2590 2174 2174 2175 2175 2590 2590 2175 2175 2176 2176 2151 2151 2150 2150 2257 2257 2176 2176 2177 2177 2590 2590 2590 2590 2177 2177 2178 2178 2590 2590 2178 2178 2179 2179 2151 2151 2257 2257 2180 2180 2150 2150 2149 2149 2257 2257 2257 2257 2149 2149 2148 2148 2257 2257 2148 2148 2147 2147 2147 2147 2146 2146 2257 2257 2257 2257 2146 2146 2145 2145 2257 2257 2145 2145 2144 2144 2141 2141 2392 2392 2142 2142 2142 2142 2392 2392 2257 2257 2142 2142 2257 2257 2143 2143 2143 2143 2257 2257 2144 2144 2155 2155 2156 2156 2181 2181 2141 2141 2152 2152 2392 2392 2392 2392 2152 2152 2153 2153 2392 2392 2153 2153 2154 2154 2156 2156 2157 2157 2181 2181 2181 2181 2157 2157 2158 2158 2181 2181 2158 2158 2159 2159 2159 2159 2160 2160 2181 2181 2181 2181 2160 2160 2161 2161 2181 2181 2161 2161 2182 2182 2182 2182 2161 2161 2171 2171 2182 2182 2171 2171 2170 2170 2608 2608 2615 2615 2183 2183 2183 2183 2615 2615 2393 2393 2183 2183 2393 2393 2181 2181 2181 2181 2393 2393 2392 2392 2181 2181 2392 2392 2155 2155 2155 2155 2392 2392 2154 2154 2589 2589 2585 2585 2260 2260 2260 2260 2585 2585 2584 2584 2260 2260 2584 2584 2261 2261 2179 2179 2180 2180 2590 2590 2590 2590 2180 2180 2257 2257 2590 2590 2257 2257 2584 2584 2584 2584 2257 2257 2255 2255 2584 2584 2255 2255 2261 2261 1699 1699 1697 1697 2529 2529 2529 2529 1697 1697 1696 1696 2529 2529 1696 1696 2530 2530 2530 2530 1696 1696 2544 2544 2530 2530 2544 2544 2531 2531 2531 2531 2544 2544 2543 2543 2543 2543 2566 2566 2531 2531 2531 2531 2566 2566 2565 2565 2531 2531 2565 2565 2564 2564 2564 2564 2563 2563 2531 2531 2531 2531 2563 2563 2570 2570 2531 2531 2570 2570 2532 2532 2532 2532 2570 2570 2569 2569 2532 2532 2569 2569 2588 2588 1657 1657 1676 1676 2387 2387 2387 2387 1676 1676 2528 2528 2387 2387 2528 2528 2386 2386 2386 2386 2528 2528 2527 2527 2379 2379 2381 2381 2526 2526 2526 2526 2381 2381 2383 2383 2526 2526 2383 2383 2527 2527 2527 2527 2383 2383 2384 2384 2527 2527 2384 2384 2386 2386 2379 2379 2526 2526 2378 2378 2378 2378 2526 2526 2525 2525 2378 2378 2525 2525 2376 2376 2376 2376 2525 2525 2374 2374 2374 2374 2525 2525 2508 2508 2374 2374 2508 2508 2367 2367 2367 2367 2508 2508 2368 2368 2368 2368 2508 2508 2507 2507 2368 2368 2507 2507 2370 2370 2506 2506 2373 2373 2507 2507 2507 2507 2373 2373 2372 2372 2507 2507 2372 2372 2370 2370 2362 2362 2360 2360 2505 2505 2505 2505 2360 2360 2366 2366 2505 2505 2366 2366 2506 2506 2506 2506 2366 2366 2365 2365 2506 2506 2365 2365 2373 2373 2362 2362 2505 2505 2363 2363 2363 2363 2505 2505 2504 2504 2363 2363 2504 2504 2355 2355 2355 2355 2504 2504 2357 2357 2357 2357 2504 2504 2503 2503 2357 2357 2503 2503 2358 2358 2358 2358 2503 2503 2353 2353 2353 2353 2503 2503 2516 2516 2353 2353 2516 2516 2351 2351 2345 2345 2346 2346 2515 2515 2515 2515 2346 2346 2348 2348 2515 2515 2348 2348 2516 2516 2516 2516 2348 2348 2349 2349 2516 2516 2349 2349 2351 2351 1953 1953 1791 1791 2514 2514 2514 2514 1791 1791 2341 2341 2514 2514 2341 2341 2515 2515 2515 2515 2341 2341 2343 2343 2515 2515 2343 2343 2345 2345 1867 1867 1874 1874 2334 2334 2334 2334 1874 1874 2511 2511 2334 2334 2511 2511 2335 2335 2335 2335 2511 2511 2510 2510 2335 2335 2510 2510 2327 2327 2327 2327 2510 2510 2328 2328 2328 2328 2510 2510 2509 2509 2328 2328 2509 2509 2318 2318 2318 2318 2509 2509 2320 2320 2320 2320 2509 2509 2524 2524 2320 2320 2524 2524 2322 2322 2322 2322 2524 2524 2324 2324 2324 2324 2524 2524 2523 2523 2324 2324 2523 2523 2325 2325 2325 2325 2523 2523 2062 2062 2325 2325 2062 2062 2069 2069 1974 1974 1981 1981 2306 2306 2306 2306 1981 1981 2520 2520 2306 2306 2520 2520 2305 2305 2305 2305 2520 2520 2519 2519 2305 2305 2519 2519 2303 2303 2303 2303 2519 2519 2301 2301 2301 2301 2519 2519 2299 2299 2299 2299 2519 2519 2518 2518 2299 2299 2518 2518 2292 2292 2292 2292 2518 2518 2293 2293 2293 2293 2518 2518 2517 2517 2293 2293 2517 2517 2295 2295 2540 2540 2298 2298 2517 2517 2517 2517 2298 2298 2297 2297 2517 2517 2297 2297 2295 2295 2539 2539 2290 2290 2540 2540 2540 2540 2290 2290 2288 2288 2540 2540 2288 2288 2298 2298 2282 2282 2284 2284 2538 2538 2538 2538 2284 2284 2286 2286 2538 2538 2286 2286 2539 2539 2539 2539 2286 2286 2291 2291 2539 2539 2291 2291 2290 2290 2282 2282 2538 2538 2281 2281 2281 2281 2538 2538 2537 2537 2281 2281 2537 2537 2279 2279 2279 2279 2537 2537 2278 2278 2278 2278 2537 2537 2536 2536 2278 2278 2536 2536 2276 2276 2535 2535 2273 2273 2536 2536 2536 2536 2273 2273 2274 2274 2536 2536 2274 2274 2276 2276 2534 2534 2269 2269 2535 2535 2535 2535 2269 2269 2271 2271 2535 2535 2271 2271 2273 2273 2267 2267 2265 2265 2533 2533 2533 2533 2265 2265 2263 2263 2533 2533 2263 2263 2534 2534 2534 2534 2263 2263 2262 2262 2534 2534 2262 2262 2269 2269 2267 2267 2533 2533 2268 2268 2268 2268 2533 2533 2532 2532 2268 2268 2532 2532 2260 2260 2260 2260 2532 2532 2588 2588 2260 2260 2588 2588 2589 2589 2617 2617 2618 2618 2619 2619 2620 2620 2621 2621 2619 2619 2619 2619 2621 2621 2622 2622 2619 2619 2622 2622 2617 2617 2623 2623 2624 2624 2619 2619 2619 2619 2624 2624 2625 2625 2619 2619 2625 2625 2620 2620 2626 2626 2627 2627 2619 2619 2619 2619 2627 2627 2628 2628 2619 2619 2628 2628 2623 2623 2629 2629 2630 2630 2619 2619 2619 2619 2630 2630 2631 2631 2619 2619 2631 2631 2626 2626 2632 2632 2633 2633 2619 2619 2619 2619 2633 2633 2634 2634 2619 2619 2634 2634 2629 2629 2635 2635 2636 2636 2619 2619 2619 2619 2636 2636 2637 2637 2619 2619 2637 2637 2632 2632 2638 2638 2639 2639 2619 2619 2619 2619 2639 2639 2640 2640 2619 2619 2640 2640 2635 2635 2641 2641 2642 2642 2619 2619 2619 2619 2642 2642 2643 2643 2619 2619 2643 2643 2638 2638 2618 2618 2644 2644 2619 2619 2619 2619 2644 2644 2645 2645 2619 2619 2645 2645 2641 2641 2617 2617 2646 2646 2618 2618 2618 2618 2646 2646 2647 2647 2618 2618 2647 2647 2644 2644 2644 2644 2647 2647 2648 2648 2644 2644 2648 2648 2645 2645 2645 2645 2648 2648 2649 2649 2645 2645 2649 2649 2641 2641 2641 2641 2649 2649 2650 2650 2641 2641 2650 2650 2642 2642 2642 2642 2650 2650 2651 2651 2642 2642 2651 2651 2643 2643 2643 2643 2651 2651 2652 2652 2643 2643 2652 2652 2638 2638 2638 2638 2652 2652 2653 2653 2638 2638 2653 2653 2639 2639 2639 2639 2653 2653 2654 2654 2639 2639 2654 2654 2640 2640 2640 2640 2654 2654 2655 2655 2640 2640 2655 2655 2635 2635 2635 2635 2655 2655 2656 2656 2635 2635 2656 2656 2636 2636 2636 2636 2656 2656 2657 2657 2636 2636 2657 2657 2637 2637 2637 2637 2657 2657 2658 2658 2637 2637 2658 2658 2632 2632 2632 2632 2658 2658 2659 2659 2632 2632 2659 2659 2633 2633 2633 2633 2659 2659 2660 2660 2633 2633 2660 2660 2634 2634 2634 2634 2660 2660 2661 2661 2634 2634 2661 2661 2629 2629 2629 2629 2661 2661 2662 2662 2629 2629 2662 2662 2630 2630 2630 2630 2662 2662 2663 2663 2630 2630 2663 2663 2631 2631 2631 2631 2663 2663 2664 2664 2631 2631 2664 2664 2626 2626 2626 2626 2664 2664 2665 2665 2626 2626 2665 2665 2627 2627 2627 2627 2665 2665 2666 2666 2627 2627 2666 2666 2628 2628 2628 2628 2666 2666 2667 2667 2628 2628 2667 2667 2623 2623 2623 2623 2667 2667 2668 2668 2623 2623 2668 2668 2624 2624 2624 2624 2668 2668 2669 2669 2624 2624 2669 2669 2625 2625 2625 2625 2669 2669 2670 2670 2625 2625 2670 2670 2620 2620 2620 2620 2670 2670 2671 2671 2620 2620 2671 2671 2621 2621 2621 2621 2671 2671 2672 2672 2621 2621 2672 2672 2622 2622 2622 2622 2672 2672 2673 2673 2622 2622 2673 2673 2617 2617 2617 2617 2673 2673 2646 2646 2669 2669 2674 2674 2670 2670 2670 2670 2674 2674 2675 2675 2670 2670 2675 2675 2671 2671 2671 2671 2675 2675 2676 2676 2671 2671 2676 2676 2672 2672 2672 2672 2676 2676 2677 2677 2672 2672 2677 2677 2673 2673 2673 2673 2677 2677 2678 2678 2673 2673 2678 2678 2646 2646 2646 2646 2678 2678 2679 2679 2646 2646 2679 2679 2647 2647 2647 2647 2679 2679 2680 2680 2647 2647 2680 2680 2648 2648 2662 2662 2681 2681 2663 2663 2663 2663 2681 2681 2682 2682 2663 2663 2682 2682 2664 2664 2664 2664 2682 2682 2683 2683 2664 2664 2683 2683 2665 2665 2665 2665 2683 2683 2684 2684 2665 2665 2684 2684 2666 2666 2666 2666 2684 2684 2685 2685 2666 2666 2685 2685 2667 2667 2667 2667 2685 2685 2686 2686 2667 2667 2686 2686 2668 2668 2668 2668 2686 2686 2687 2687 2668 2668 2687 2687 2669 2669 2669 2669 2687 2687 2688 2688 2669 2669 2688 2688 2674 2674 2655 2655 2689 2689 2656 2656 2656 2656 2689 2689 2690 2690 2656 2656 2690 2690 2657 2657 2657 2657 2690 2690 2691 2691 2657 2657 2691 2691 2658 2658 2658 2658 2691 2691 2692 2692 2658 2658 2692 2692 2659 2659 2659 2659 2692 2692 2693 2693 2659 2659 2693 2693 2660 2660 2660 2660 2693 2693 2694 2694 2660 2660 2694 2694 2661 2661 2661 2661 2694 2694 2695 2695 2661 2661 2695 2695 2662 2662 2662 2662 2695 2695 2696 2696 2662 2662 2696 2696 2681 2681 2680 2680 2697 2697 2648 2648 2648 2648 2697 2697 2698 2698 2648 2648 2698 2698 2649 2649 2649 2649 2698 2698 2699 2699 2649 2649 2699 2699 2650 2650 2650 2650 2699 2699 2700 2700 2650 2650 2700 2700 2651 2651 2651 2651 2700 2700 2701 2701 2651 2651 2701 2701 2652 2652 2652 2652 2701 2701 2702 2702 2652 2652 2702 2702 2653 2653 2653 2653 2702 2702 2703 2703 2653 2653 2703 2703 2654 2654 2654 2654 2703 2703 2704 2704 2654 2654 2704 2704 2655 2655 2655 2655 2704 2704 2705 2705 2655 2655 2705 2705 2689 2689 2678 2678 2706 2706 2679 2679 2679 2679 2706 2706 2707 2707 2679 2679 2707 2707 2680 2680 2680 2680 2707 2707 2708 2708 2680 2680 2708 2708 2697 2697 2697 2697 2708 2708 2709 2709 2697 2697 2709 2709 2698 2698 2698 2698 2709 2709 2710 2710 2698 2698 2710 2710 2699 2699 2699 2699 2710 2710 2711 2711 2699 2699 2711 2711 2700 2700 2700 2700 2711 2711 2712 2712 2700 2700 2712 2712 2701 2701 2701 2701 2712 2712 2713 2713 2701 2701 2713 2713 2702 2702 2702 2702 2713 2713 2714 2714 2702 2702 2714 2714 2703 2703 2703 2703 2714 2714 2715 2715 2703 2703 2715 2715 2704 2704 2704 2704 2715 2715 2716 2716 2704 2704 2716 2716 2705 2705 2705 2705 2716 2716 2717 2717 2705 2705 2717 2717 2689 2689 2689 2689 2717 2717 2718 2718 2689 2689 2718 2718 2690 2690 2690 2690 2718 2718 2719 2719 2690 2690 2719 2719 2691 2691 2691 2691 2719 2719 2720 2720 2691 2691 2720 2720 2692 2692 2692 2692 2720 2720 2721 2721 2692 2692 2721 2721 2693 2693 2693 2693 2721 2721 2722 2722 2693 2693 2722 2722 2694 2694 2694 2694 2722 2722 2723 2723 2694 2694 2723 2723 2695 2695 2695 2695 2723 2723 2724 2724 2695 2695 2724 2724 2696 2696 2696 2696 2724 2724 2725 2725 2696 2696 2725 2725 2681 2681 2681 2681 2725 2725 2726 2726 2681 2681 2726 2726 2682 2682 2682 2682 2726 2726 2727 2727 2682 2682 2727 2727 2683 2683 2683 2683 2727 2727 2728 2728 2683 2683 2728 2728 2684 2684 2684 2684 2728 2728 2729 2729 2684 2684 2729 2729 2685 2685 2685 2685 2729 2729 2730 2730 2685 2685 2730 2730 2686 2686 2686 2686 2730 2730 2731 2731 2686 2686 2731 2731 2687 2687 2687 2687 2731 2731 2732 2732 2687 2687 2732 2732 2688 2688 2688 2688 2732 2732 2733 2733 2688 2688 2733 2733 2674 2674 2674 2674 2733 2733 2734 2734 2674 2674 2734 2734 2675 2675 2675 2675 2734 2734 2735 2735 2675 2675 2735 2735 2676 2676 2676 2676 2735 2735 2736 2736 2676 2676 2736 2736 2677 2677 2677 2677 2736 2736 2737 2737 2677 2677 2737 2737 2678 2678 2678 2678 2737 2737 2706 2706 2719 2719 2738 2738 2720 2720 2720 2720 2738 2738 2739 2739 2720 2720 2739 2739 2721 2721 2721 2721 2739 2739 2740 2740 2721 2721 2740 2740 2722 2722 2722 2722 2740 2740 2741 2741 2722 2722 2741 2741 2723 2723 2723 2723 2741 2741 2742 2742 2723 2723 2742 2742 2724 2724 2724 2724 2742 2742 2743 2743 2724 2724 2743 2743 2725 2725 2713 2713 2744 2744 2714 2714 2714 2714 2744 2744 2745 2745 2714 2714 2745 2745 2715 2715 2715 2715 2745 2745 2746 2746 2715 2715 2746 2746 2716 2716 2716 2716 2746 2746 2747 2747 2716 2716 2747 2747 2717 2717 2717 2717 2747 2747 2748 2748 2717 2717 2748 2748 2718 2718 2718 2718 2748 2748 2749 2749 2718 2718 2749 2749 2719 2719 2719 2719 2749 2749 2750 2750 2719 2719 2750 2750 2738 2738 2743 2743 2751 2751 2725 2725 2725 2725 2751 2751 2752 2752 2725 2725 2752 2752 2726 2726 2726 2726 2752 2752 2753 2753 2726 2726 2753 2753 2727 2727 2727 2727 2753 2753 2754 2754 2727 2727 2754 2754 2728 2728 2728 2728 2754 2754 2755 2755 2728 2728 2755 2755 2729 2729 2729 2729 2755 2755 2756 2756 2729 2729 2756 2756 2730 2730 2735 2735 2757 2757 2736 2736 2736 2736 2757 2757 2758 2758 2736 2736 2758 2758 2737 2737 2737 2737 2758 2758 2759 2759 2737 2737 2759 2759 2706 2706 2706 2706 2759 2759 2760 2760 2706 2706 2760 2760 2707 2707 2707 2707 2760 2760 2761 2761 2707 2707 2761 2761 2708 2708 2708 2708 2761 2761 2762 2762 2708 2708 2762 2762 2709 2709 2762 2762 2763 2763 2709 2709 2709 2709 2763 2763 2764 2764 2709 2709 2764 2764 2710 2710 2710 2710 2764 2764 2765 2765 2710 2710 2765 2765 2711 2711 2711 2711 2765 2765 2766 2766 2711 2711 2766 2766 2712 2712 2712 2712 2766 2766 2767 2767 2712 2712 2767 2767 2713 2713 2713 2713 2767 2767 2768 2768 2713 2713 2768 2768 2744 2744 2756 2756 2769 2769 2730 2730 2730 2730 2769 2769 2770 2770 2730 2730 2770 2770 2731 2731 2731 2731 2770 2770 2771 2771 2731 2731 2771 2771 2732 2732 2732 2732 2771 2771 2772 2772 2732 2732 2772 2772 2733 2733 2733 2733 2772 2772 2773 2773 2733 2733 2773 2773 2734 2734 2734 2734 2773 2773 2774 2774 2734 2734 2774 2774 2735 2735 2735 2735 2774 2774 2775 2775 2735 2735 2775 2775 2757 2757 2776 2776 2740 2740 2777 2777 2777 2777 2740 2740 2739 2739 2777 2777 2739 2739 2778 2778 2778 2778 2739 2739 2738 2738 2778 2778 2738 2738 2779 2779 2779 2779 2738 2738 2750 2750 2779 2779 2750 2750 2780 2780 2780 2780 2750 2750 2749 2749 2780 2780 2749 2749 2781 2781 2781 2781 2749 2749 2748 2748 2781 2781 2748 2748 2782 2782 2782 2782 2748 2748 2747 2747 2782 2782 2747 2747 2783 2783 2783 2783 2747 2747 2746 2746 2783 2783 2746 2746 2784 2784 2784 2784 2746 2746 2745 2745 2784 2784 2745 2745 2785 2785 2785 2785 2745 2745 2744 2744 2785 2785 2744 2744 2786 2786 2786 2786 2744 2744 2768 2768 2786 2786 2768 2768 2787 2787 2787 2787 2768 2768 2767 2767 2787 2787 2767 2767 2788 2788 2788 2788 2767 2767 2766 2766 2788 2788 2766 2766 2789 2789 2789 2789 2766 2766 2765 2765 2789 2789 2765 2765 2790 2790 2790 2790 2765 2765 2764 2764 2790 2790 2764 2764 2791 2791 2791 2791 2764 2764 2763 2763 2791 2791 2763 2763 2792 2792 2792 2792 2763 2763 2762 2762 2792 2792 2762 2762 2793 2793 2793 2793 2762 2762 2761 2761 2793 2793 2761 2761 2794 2794 2794 2794 2761 2761 2760 2760 2794 2794 2760 2760 2795 2795 2795 2795 2760 2760 2759 2759 2795 2795 2759 2759 2796 2796 2796 2796 2759 2759 2758 2758 2796 2796 2758 2758 2797 2797 2797 2797 2758 2758 2757 2757 2797 2797 2757 2757 2798 2798 2798 2798 2757 2757 2775 2775 2798 2798 2775 2775 2799 2799 2799 2799 2775 2775 2774 2774 2799 2799 2774 2774 2800 2800 2800 2800 2774 2774 2773 2773 2800 2800 2773 2773 2801 2801 2801 2801 2773 2773 2772 2772 2801 2801 2772 2772 2802 2802 2802 2802 2772 2772 2771 2771 2802 2802 2771 2771 2803 2803 2803 2803 2771 2771 2770 2770 2803 2803 2770 2770 2804 2804 2804 2804 2770 2770 2769 2769 2804 2804 2769 2769 2805 2805 2805 2805 2769 2769 2756 2756 2805 2805 2756 2756 2806 2806 2806 2806 2756 2756 2755 2755 2806 2806 2755 2755 2807 2807 2807 2807 2755 2755 2754 2754 2807 2807 2754 2754 2808 2808 2808 2808 2754 2754 2753 2753 2808 2808 2753 2753 2809 2809 2809 2809 2753 2753 2752 2752 2809 2809 2752 2752 2810 2810 2810 2810 2752 2752 2751 2751 2810 2810 2751 2751 2811 2811 2811 2811 2751 2751 2743 2743 2811 2811 2743 2743 2812 2812 2812 2812 2743 2743 2742 2742 2812 2812 2742 2742 2813 2813 2813 2813 2742 2742 2741 2741 2813 2813 2741 2741 2776 2776 2776 2776 2741 2741 2740 2740 859 859 2777 2777 2814 2814 2814 2814 2777 2777 2778 2778 2814 2814 2778 2778 2815 2815 2815 2815 2778 2778 2779 2779 2815 2815 2779 2779 2816 2816 2816 2816 2779 2779 2780 2780 2816 2816 2780 2780 2817 2817 2817 2817 2780 2780 2781 2781 2817 2817 2781 2781 2818 2818 2818 2818 2781 2781 2782 2782 2818 2818 2782 2782 2819 2819 2819 2819 2782 2782 2783 2783 2819 2819 2783 2783 2820 2820 2820 2820 2783 2783 2784 2784 2820 2820 2784 2784 2821 2821 2821 2821 2784 2784 2785 2785 2821 2821 2785 2785 2822 2822 2822 2822 2785 2785 2786 2786 2822 2822 2786 2786 2823 2823 2823 2823 2786 2786 2787 2787 2823 2823 2787 2787 2824 2824 2824 2824 2787 2787 2788 2788 2824 2824 2788 2788 2825 2825 2825 2825 2788 2788 2789 2789 2825 2825 2789 2789 2826 2826 2826 2826 2789 2789 2790 2790 2826 2826 2790 2790 2827 2827 2827 2827 2790 2790 2791 2791 2827 2827 2791 2791 2828 2828 2828 2828 2791 2791 2792 2792 2828 2828 2792 2792 2829 2829 2829 2829 2792 2792 2793 2793 2829 2829 2793 2793 2830 2830 2830 2830 2793 2793 2794 2794 2830 2830 2794 2794 2831 2831 2831 2831 2794 2794 2795 2795 2831 2831 2795 2795 849 849 849 849 2795 2795 2796 2796 849 849 2796 2796 2832 2832 2832 2832 2796 2796 2797 2797 2832 2832 2797 2797 2833 2833 2833 2833 2797 2797 2798 2798 2833 2833 2798 2798 2834 2834 2834 2834 2798 2798 2799 2799 2834 2834 2799 2799 2835 2835 2835 2835 2799 2799 2800 2800 2835 2835 2800 2800 2836 2836 2836 2836 2800 2800 2801 2801 2836 2836 2801 2801 2837 2837 2837 2837 2801 2801 2802 2802 2837 2837 2802 2802 2838 2838 2838 2838 2802 2802 2803 2803 2838 2838 2803 2803 2839 2839 2839 2839 2803 2803 2804 2804 2839 2839 2804 2804 2840 2840 2840 2840 2804 2804 2805 2805 2840 2840 2805 2805 2841 2841 2841 2841 2805 2805 2806 2806 2841 2841 2806 2806 2842 2842 2842 2842 2806 2806 2807 2807 2842 2842 2807 2807 2843 2843 2843 2843 2807 2807 2808 2808 2843 2843 2808 2808 2844 2844 2844 2844 2808 2808 2809 2809 2844 2844 2809 2809 2845 2845 2845 2845 2809 2809 2810 2810 2845 2845 2810 2810 2846 2846 2846 2846 2810 2810 2811 2811 2846 2846 2811 2811 2847 2847 2847 2847 2811 2811 2812 2812 2847 2847 2812 2812 2848 2848 2848 2848 2812 2812 2813 2813 2848 2848 2813 2813 2849 2849 2849 2849 2813 2813 2776 2776 2849 2849 2776 2776 859 859 859 859 2776 2776 2777 2777 859 859 2814 2814 851 851 859 859 851 851 2849 2849 2846 2846 2847 2847 851 851 851 851 2847 2847 2848 2848 851 851 2848 2848 2849 2849 2843 2843 2844 2844 851 851 851 851 2844 2844 2845 2845 851 851 2845 2845 2846 2846 2840 2840 2841 2841 851 851 851 851 2841 2841 2842 2842 851 851 2842 2842 2843 2843 2837 2837 2838 2838 851 851 851 851 2838 2838 2839 2839 851 851 2839 2839 2840 2840 2834 2834 2835 2835 851 851 851 851 2835 2835 2836 2836 851 851 2836 2836 2837 2837 849 849 2832 2832 851 851 851 851 2832 2832 2833 2833 851 851 2833 2833 2834 2834 2829 2829 2830 2830 851 851 851 851 2830 2830 2831 2831 851 851 2831 2831 849 849 2826 2826 2827 2827 851 851 851 851 2827 2827 2828 2828 851 851 2828 2828 2829 2829 2823 2823 2824 2824 851 851 851 851 2824 2824 2825 2825 851 851 2825 2825 2826 2826 2820 2820 2821 2821 851 851 851 851 2821 2821 2822 2822 851 851 2822 2822 2823 2823 2817 2817 2818 2818 851 851 851 851 2818 2818 2819 2819 851 851 2819 2819 2820 2820 2814 2814 2815 2815 851 851 851 851 2815 2815 2816 2816 851 851 2816 2816 2817 2817 2850 2850 2851 2851 2852 2852 2852 2852 2851 2851 2853 2853 2852 2852 2853 2853 2854 2854 2855 2855 2856 2856 2852 2852 2852 2852 2856 2856 2857 2857 2852 2852 2857 2857 2850 2850 2858 2858 2859 2859 2852 2852 2852 2852 2859 2859 2860 2860 2852 2852 2860 2860 2855 2855 2854 2854 2861 2861 2852 2852 2852 2852 2861 2861 2862 2862 2852 2852 2862 2862 2858 2858 2863 2863 2864 2864 2865 2865 2865 2865 2864 2864 2866 2866 2865 2865 2866 2866 2867 2867 2868 2868 2869 2869 2865 2865 2865 2865 2869 2869 2870 2870 2865 2865 2870 2870 2863 2863 2871 2871 2872 2872 2865 2865 2865 2865 2872 2872 2873 2873 2865 2865 2873 2873 2868 2868 2867 2867 2874 2874 2865 2865 2865 2865 2874 2874 2875 2875 2865 2865 2875 2875 2871 2871 2876 2876 2877 2877 2878 2878 2878 2878 2877 2877 2879 2879 2878 2878 2879 2879 2880 2880 2881 2881 2882 2882 2878 2878 2878 2878 2882 2882 2883 2883 2878 2878 2883 2883 2876 2876 2884 2884 2885 2885 2878 2878 2878 2878 2885 2885 2886 2886 2878 2878 2886 2886 2881 2881 2880 2880 2887 2887 2878 2878 2878 2878 2887 2887 2888 2888 2878 2878 2888 2888 2884 2884 2889 2889 2890 2890 2891 2891 2891 2891 2890 2890 2892 2892 2891 2891 2892 2892 2893 2893 2894 2894 2895 2895 2891 2891 2891 2891 2895 2895 2896 2896 2891 2891 2896 2896 2889 2889 2897 2897 2898 2898 2891 2891 2891 2891 2898 2898 2899 2899 2891 2891 2899 2899 2894 2894 2893 2893 2900 2900 2891 2891 2891 2891 2900 2900 2901 2901 2891 2891 2901 2901 2897 2897 2902 2902 2903 2903 2904 2904 2904 2904 2903 2903 2905 2905 2904 2904 2905 2905 2906 2906 2907 2907 2908 2908 2904 2904 2904 2904 2908 2908 2909 2909 2904 2904 2909 2909 2902 2902 2910 2910 2911 2911 2904 2904 2904 2904 2911 2911 2912 2912 2904 2904 2912 2912 2907 2907 2906 2906 2913 2913 2904 2904 2904 2904 2913 2913 2914 2914 2904 2904 2914 2914 2910 2910 2915 2915 2916 2916 2917 2917 2917 2917 2916 2916 2918 2918 2917 2917 2918 2918 2919 2919 2920 2920 2921 2921 2917 2917 2917 2917 2921 2921 2922 2922 2917 2917 2922 2922 2915 2915 2923 2923 2924 2924 2917 2917 2917 2917 2924 2924 2925 2925 2917 2917 2925 2925 2920 2920 2919 2919 2926 2926 2917 2917 2917 2917 2926 2926 2927 2927 2917 2917 2927 2927 2923 2923 2928 2928 2929 2929 2930 2930 2930 2930 2929 2929 2931 2931 2930 2930 2931 2931 2932 2932 2933 2933 2934 2934 2930 2930 2930 2930 2934 2934 2935 2935 2930 2930 2935 2935 2928 2928 2936 2936 2937 2937 2930 2930 2930 2930 2937 2937 2938 2938 2930 2930 2938 2938 2933 2933 2932 2932 2939 2939 2930 2930 2930 2930 2939 2939 2940 2940 2930 2930 2940 2940 2936 2936 2941 2941 2942 2942 2943 2943 2943 2943 2942 2942 2944 2944 2943 2943 2944 2944 2945 2945 2946 2946 2947 2947 2943 2943 2943 2943 2947 2947 2948 2948 2943 2943 2948 2948 2941 2941 2949 2949 2950 2950 2943 2943 2943 2943 2950 2950 2951 2951 2943 2943 2951 2951 2946 2946 2945 2945 2952 2952 2943 2943 2943 2943 2952 2952 2953 2953 2943 2943 2953 2953 2949 2949 2854 2854 2954 2954 2861 2861 2861 2861 2954 2954 2955 2955 2861 2861 2955 2955 2862 2862 2862 2862 2955 2955 2956 2956 2862 2862 2956 2956 2858 2858 2858 2858 2956 2956 2957 2957 2858 2858 2957 2957 2859 2859 2859 2859 2957 2957 2958 2958 2859 2859 2958 2958 2860 2860 2860 2860 2958 2958 2959 2959 2860 2860 2959 2959 2855 2855 2959 2959 2960 2960 2855 2855 2855 2855 2960 2960 2961 2961 2855 2855 2961 2961 2856 2856 2856 2856 2961 2961 2962 2962 2856 2856 2962 2962 2857 2857 2857 2857 2962 2962 2963 2963 2857 2857 2963 2963 2850 2850 2850 2850 2963 2963 2964 2964 2850 2850 2964 2964 2851 2851 2851 2851 2964 2964 2965 2965 2965 2965 2966 2966 2851 2851 2851 2851 2966 2966 2967 2967 2851 2851 2967 2967 2853 2853 2853 2853 2967 2967 2968 2968 2853 2853 2968 2968 2854 2854 2854 2854 2968 2968 2969 2969 2854 2854 2969 2969 2954 2954 2866 2866 2970 2970 2867 2867 2867 2867 2970 2970 2971 2971 2867 2867 2971 2971 2874 2874 2874 2874 2971 2971 2972 2972 2874 2874 2972 2972 2875 2875 2875 2875 2972 2972 2973 2973 2875 2875 2973 2973 2871 2871 2871 2871 2973 2973 2974 2974 2871 2871 2974 2974 2872 2872 2974 2974 2975 2975 2872 2872 2872 2872 2975 2975 2976 2976 2872 2872 2976 2976 2873 2873 2873 2873 2976 2976 2977 2977 2873 2873 2977 2977 2868 2868 2868 2868 2977 2977 2978 2978 2868 2868 2978 2978 2869 2869 2869 2869 2978 2978 2979 2979 2869 2869 2979 2979 2870 2870 2870 2870 2979 2979 2980 2980 2870 2870 2980 2980 2863 2863 2863 2863 2980 2980 2981 2981 2863 2863 2981 2981 2864 2864 2864 2864 2981 2981 2982 2982 2864 2864 2982 2982 2866 2866 2866 2866 2982 2982 2983 2983 2866 2866 2983 2983 2970 2970 2886 2886 2984 2984 2881 2881 2881 2881 2984 2984 2985 2985 2881 2881 2985 2985 2882 2882 2882 2882 2985 2985 2986 2986 2882 2882 2986 2986 2883 2883 2883 2883 2986 2986 2987 2987 2883 2883 2987 2987 2876 2876 2876 2876 2987 2987 2988 2988 2876 2876 2988 2988 2877 2877 2988 2988 2989 2989 2877 2877 2877 2877 2989 2989 2990 2990 2877 2877 2990 2990 2879 2879 2879 2879 2990 2990 2991 2991 2879 2879 2991 2991 2880 2880 2880 2880 2991 2991 2992 2992 2880 2880 2992 2992 2887 2887 2887 2887 2992 2992 2993 2993 2887 2887 2993 2993 2888 2888 2888 2888 2993 2993 2994 2994 2888 2888 2994 2994 2884 2884 2884 2884 2994 2994 2995 2995 2884 2884 2995 2995 2885 2885 2885 2885 2995 2995 2996 2996 2885 2885 2996 2996 2886 2886 2886 2886 2996 2996 2997 2997 2886 2886 2997 2997 2984 2984 2893 2893 2998 2998 2900 2900 2900 2900 2998 2998 2999 2999 2900 2900 2999 2999 2901 2901 2901 2901 2999 2999 3000 3000 2901 2901 3000 3000 2897 2897 2897 2897 3000 3000 3001 3001 2897 2897 3001 3001 2898 2898 2898 2898 3001 3001 3002 3002 2898 2898 3002 3002 2899 2899 2899 2899 3002 3002 3003 3003 2899 2899 3003 3003 2894 2894 2894 2894 3003 3003 3004 3004 2894 2894 3004 3004 2895 2895 2895 2895 3004 3004 3005 3005 2895 2895 3005 3005 2896 2896 2896 2896 3005 3005 3006 3006 2896 2896 3006 3006 2889 2889 2889 2889 3006 3006 3007 3007 2889 2889 3007 3007 2890 2890 3007 3007 3008 3008 2890 2890 2890 2890 3008 3008 3009 3009 2890 2890 3009 3009 2892 2892 2892 2892 3009 3009 3010 3010 2892 2892 3010 3010 2893 2893 2893 2893 3010 3010 3011 3011 2893 2893 3011 3011 2998 2998 2913 2913 3012 3012 2914 2914 2914 2914 3012 3012 3013 3013 2914 2914 3013 3013 2910 2910 2910 2910 3013 3013 3014 3014 2910 2910 3014 3014 2911 2911 2911 2911 3014 3014 3015 3015 2911 2911 3015 3015 2912 2912 3015 3015 3016 3016 2912 2912 2912 2912 3016 3016 3017 3017 2912 2912 3017 3017 2907 2907 2907 2907 3017 3017 3018 3018 2907 2907 3018 3018 2908 2908 2908 2908 3018 3018 3019 3019 2908 2908 3019 3019 2909 2909 3019 3019 3020 3020 2909 2909 2909 2909 3020 3020 3021 3021 2909 2909 3021 3021 2902 2902 2902 2902 3021 3021 3022 3022 2902 2902 3022 3022 2903 2903 3022 3022 3023 3023 2903 2903 2903 2903 3023 3023 3024 3024 2903 2903 3024 3024 2905 2905 2905 2905 3024 3024 3025 3025 2905 2905 3025 3025 2906 2906 2906 2906 3025 3025 3026 3026 2906 2906 3026 3026 2913 2913 2913 2913 3026 3026 3027 3027 2913 2913 3027 3027 3012 3012 2918 2918 3028 3028 2919 2919 2919 2919 3028 3028 3029 3029 2919 2919 3029 3029 2926 2926 3029 3029 3030 3030 2926 2926 2926 2926 3030 3030 3031 3031 2926 2926 3031 3031 2927 2927 2927 2927 3031 3031 3032 3032 2927 2927 3032 3032 2923 2923 2923 2923 3032 3032 3033 3033 2923 2923 3033 3033 2924 2924 3033 3033 3034 3034 2924 2924 2924 2924 3034 3034 3035 3035 2924 2924 3035 3035 2925 2925 2925 2925 3035 3035 3036 3036 2925 2925 3036 3036 2920 2920 2920 2920 3036 3036 3037 3037 2920 2920 3037 3037 2921 2921 2921 2921 3037 3037 3038 3038 2921 2921 3038 3038 2922 2922 3038 3038 3039 3039 2922 2922 2922 2922 3039 3039 3040 3040 2922 2922 3040 3040 2915 2915 2915 2915 3040 3040 3041 3041 2915 2915 3041 3041 2916 2916 2916 2916 3041 3041 3042 3042 2916 2916 3042 3042 2918 2918 2918 2918 3042 3042 3043 3043 2918 2918 3043 3043 3028 3028 2940 2940 3044 3044 2936 2936 2936 2936 3044 3044 3045 3045 2936 2936 3045 3045 2937 2937 2937 2937 3045 3045 3046 3046 2937 2937 3046 3046 2938 2938 2938 2938 3046 3046 3047 3047 2938 2938 3047 3047 2933 2933 2933 2933 3047 3047 3048 3048 2933 2933 3048 3048 2934 2934 3048 3048 3049 3049 2934 2934 2934 2934 3049 3049 3050 3050 2934 2934 3050 3050 2935 2935 2935 2935 3050 3050 3051 3051 2935 2935 3051 3051 2928 2928 2928 2928 3051 3051 3052 3052 2928 2928 3052 3052 2929 2929 2929 2929 3052 3052 3053 3053 2929 2929 3053 3053 2931 2931 2931 2931 3053 3053 3054 3054 2931 2931 3054 3054 2932 2932 2932 2932 3054 3054 3055 3055 2932 2932 3055 3055 2939 2939 2939 2939 3055 3055 3056 3056 2939 2939 3056 3056 2940 2940 2940 2940 3056 3056 3057 3057 2940 2940 3057 3057 3044 3044 2950 2950 3058 3058 2951 2951 2951 2951 3058 3058 3059 3059 2951 2951 3059 3059 2946 2946 3059 3059 3060 3060 2946 2946 2946 2946 3060 3060 3061 3061 2946 2946 3061 3061 2947 2947 2947 2947 3061 3061 3062 3062 2947 2947 3062 3062 2948 2948 2948 2948 3062 3062 3063 3063 2948 2948 3063 3063 2941 2941 2941 2941 3063 3063 3064 3064 2941 2941 3064 3064 2942 2942 2942 2942 3064 3064 3065 3065 2942 2942 3065 3065 2944 2944 2944 2944 3065 3065 3066 3066 2944 2944 3066 3066 2945 2945 2945 2945 3066 3066 3067 3067 2945 2945 3067 3067 2952 2952 2952 2952 3067 3067 3068 3068 2952 2952 3068 3068 2953 2953 2953 2953 3068 3068 3069 3069 2953 2953 3069 3069 2949 2949 2949 2949 3069 3069 3070 3070 2949 2949 3070 3070 2950 2950 2950 2950 3070 3070 3071 3071 2950 2950 3071 3071 3058 3058 3072 3072 3073 3073 3074 3074 3074 3074 3073 3073 3075 3075 3074 3074 3075 3075 3076 3076 3076 3076 3075 3075 3077 3077 3076 3076 3077 3077 3078 3078 3078 3078 3077 3077 3079 3079 3078 3078 3079 3079 3080 3080 3080 3080 3079 3079 3081 3081 3080 3080 3081 3081 3082 3082 3082 3082 3081 3081 3083 3083 3082 3082 3083 3083 3084 3084 3084 3084 3083 3083 3085 3085 3086 3086 3087 3087 3072 3072 3072 3072 3087 3087 3073 3073 3051 3051 3050 3050 3088 3088 2967 2967 2966 2966 3089 3089 3045 3045 3044 3044 3090 3090 2962 2962 2961 2961 3091 3091 3092 3092 3093 3093 3089 3089 2977 2977 2976 2976 3094 3094 3081 3081 3079 3079 2972 2972 3073 3073 3087 3087 3095 3095 3096 3096 2986 2986 2985 2985 3096 3096 2985 2985 3097 3097 2986 2986 3096 3096 2987 2987 2987 2987 3096 3096 3079 3079 2987 2987 3079 3079 2988 2988 2988 2988 3079 3079 3077 3077 2988 2988 3077 3077 2989 2989 2989 2989 3077 3077 3075 3075 2989 2989 3075 3075 2990 2990 3085 3085 3083 3083 2970 2970 3085 3085 2970 2970 3098 3098 3094 3094 2976 2976 3096 3096 2976 2976 2975 2975 3096 3096 3096 3096 2975 2975 2974 2974 3096 3096 2974 2974 3079 3079 3079 3079 2974 2974 2973 2973 3079 3079 2973 2973 2972 2972 3081 3081 2972 2972 3083 3083 3083 3083 2972 2972 2971 2971 3083 3083 2971 2971 2970 2970 3099 3099 2980 2980 3100 3100 3100 3100 2980 2980 2979 2979 3100 3100 2979 2979 2978 2978 3098 3098 2970 2970 3101 3101 3101 3101 2970 2970 2983 2983 3101 3101 2983 2983 3102 3102 3102 3102 2983 2983 2982 2982 3102 3102 2982 2982 3099 3099 3099 3099 2982 2982 2981 2981 3099 3099 2981 2981 2980 2980 3089 3089 3093 3093 3100 3100 3100 3100 3093 3093 3103 3103 3100 3100 3103 3103 3099 3099 2965 2965 3104 3104 3105 3105 2965 2965 3105 3105 2966 2966 2966 2966 3105 3105 3106 3106 2966 2966 3106 3106 3089 3089 3089 3089 3106 3106 3107 3107 3089 3089 3107 3107 3092 3092 2965 2965 2964 2964 3104 3104 3104 3104 2964 2964 2963 2963 3104 3104 2963 2963 3108 3108 3108 3108 2963 2963 2962 2962 3108 3108 2962 2962 3109 3109 3109 3109 2962 2962 3091 3091 3110 3110 3111 3111 3112 3112 3113 3113 3114 3114 3115 3115 3115 3115 3114 3114 3116 3116 3115 3115 3116 3116 3110 3110 3110 3110 3116 3116 3117 3117 3110 3110 3117 3117 3111 3111 3050 3050 3118 3118 3088 3088 3088 3088 3118 3118 3119 3119 3088 3088 3119 3119 3120 3120 3120 3120 3119 3119 3121 3121 3120 3120 3121 3121 3122 3122 3050 3050 3049 3049 3118 3118 3118 3118 3049 3049 3048 3048 3118 3118 3048 3048 3123 3123 3123 3123 3048 3048 3047 3047 3123 3123 3047 3047 3124 3124 3124 3124 3047 3047 3125 3125 3125 3125 3047 3047 3046 3046 3125 3125 3046 3046 3126 3126 3046 3046 3045 3045 3126 3126 3126 3126 3045 3045 3090 3090 3126 3126 3090 3090 3127 3127 3127 3127 3090 3090 3128 3128 3127 3127 3128 3128 3129 3129 3129 3129 3128 3128 3130 3130 3016 3016 3131 3131 3128 3128 3128 3128 3131 3131 3132 3132 3128 3128 3132 3132 3130 3130 3016 3016 3015 3015 3131 3131 3131 3131 3015 3015 3014 3014 3131 3131 3014 3014 3133 3133 3133 3133 3014 3014 3013 3013 3133 3133 3013 3013 3134 3134 3134 3134 3013 3013 3012 3012 3134 3134 3012 3012 3135 3135 3135 3135 3012 3012 3027 3027 3135 3135 3027 3027 3136 3136 3009 3009 3008 3008 3137 3137 3137 3137 3008 3008 3007 3007 3006 3006 3005 3005 3138 3138 3138 3138 3005 3005 3004 3004 3001 3001 3000 3000 3139 3139 3004 3004 3003 3003 3138 3138 3138 3138 3003 3003 3136 3136 3138 3138 3136 3136 3026 3026 3026 3026 3136 3136 3027 3027 3003 3003 3002 3002 3136 3136 3136 3136 3002 3002 3001 3001 3136 3136 3001 3001 3140 3140 3140 3140 3001 3001 3139 3139 2998 2998 3011 3011 3141 3141 3000 3000 2999 2999 3139 3139 3139 3139 2999 2999 2998 2998 3139 3139 2998 2998 3142 3142 3142 3142 2998 2998 3141 3141 3011 3011 3010 3010 3141 3141 3141 3141 3010 3010 3143 3143 3141 3141 3143 3143 3144 3144 3144 3144 3143 3143 3145 3145 3143 3143 2995 2995 2994 2994 2994 2994 3146 3146 3143 3143 3143 3143 3146 3146 3147 3147 3143 3143 3147 3147 3145 3145 2985 2985 2984 2984 3097 3097 3097 3097 2984 2984 2997 2997 3097 3097 2997 2997 3143 3143 3143 3143 2997 2997 2996 2996 3143 3143 2996 2996 2995 2995 2994 2994 2993 2993 3146 3146 3146 3146 2993 2993 2992 2992 3146 3146 2992 2992 3148 3148 3148 3148 2992 2992 2991 2991 3148 3148 2991 2991 3095 3095 3095 3095 2991 2991 2990 2990 3095 3095 2990 2990 3073 3073 3073 3073 2990 2990 3075 3075 3149 3149 2954 2954 3100 3100 3100 3100 2954 2954 2969 2969 3100 3100 2969 2969 3089 3089 3089 3089 2969 2969 2968 2968 3089 3089 2968 2968 2967 2967 2958 2958 3150 3150 2959 2959 2959 2959 3150 3150 3091 3091 2959 2959 3091 3091 2960 2960 2960 2960 3091 3091 2961 2961 2958 2958 2957 2957 3150 3150 3150 3150 2957 2957 2956 2956 3150 3150 2956 2956 3149 3149 3149 3149 2956 2956 2955 2955 3149 3149 2955 2955 2954 2954 3020 3020 3019 3019 3090 3090 3090 3090 3019 3019 3018 3018 3090 3090 3018 3018 3128 3128 3128 3128 3018 3018 3017 3017 3128 3128 3017 3017 3016 3016 3021 3021 3151 3151 3022 3022 3022 3022 3151 3151 3152 3152 3026 3026 3025 3025 3138 3138 3138 3138 3025 3025 3024 3024 3138 3138 3024 3024 3152 3152 3152 3152 3024 3024 3023 3023 3152 3152 3023 3023 3022 3022 3041 3041 3110 3110 3091 3091 3091 3091 3110 3110 3112 3112 3091 3091 3112 3112 3109 3109 3029 3029 3028 3028 3150 3150 3150 3150 3028 3028 3043 3043 3150 3150 3043 3043 3091 3091 3091 3091 3043 3043 3042 3042 3091 3091 3042 3042 3041 3041 3033 3033 3032 3032 3153 3153 3153 3153 3032 3032 3031 3031 3153 3153 3031 3031 3154 3154 3154 3154 3031 3031 3030 3030 3154 3154 3030 3030 3029 3029 3037 3037 3120 3120 3115 3115 3115 3115 3120 3120 3122 3122 3115 3115 3122 3122 3113 3113 3037 3037 3036 3036 3120 3120 3120 3120 3036 3036 3035 3035 3120 3120 3035 3035 3088 3088 3088 3088 3035 3035 3034 3034 3088 3088 3034 3034 3033 3033 3041 3041 3040 3040 3110 3110 3110 3110 3040 3040 3039 3039 3110 3110 3039 3039 3115 3115 3115 3115 3039 3039 3038 3038 3115 3115 3038 3038 3037 3037 3044 3044 3057 3057 3090 3090 3090 3090 3057 3057 3151 3151 3090 3090 3151 3151 3020 3020 3020 3020 3151 3151 3021 3021 3033 3033 3153 3153 3088 3088 3088 3088 3153 3153 3052 3052 3088 3088 3052 3052 3051 3051 3057 3057 3056 3056 3151 3151 3151 3151 3056 3056 3055 3055 3151 3151 3055 3055 3155 3155 3155 3155 3055 3055 3054 3054 3155 3155 3054 3054 3153 3153 3153 3153 3054 3054 3053 3053 3153 3153 3053 3053 3052 3052 3152 3152 3071 3071 3070 3070 3071 3071 3152 3152 3058 3058 3058 3058 3152 3152 3151 3151 3058 3058 3151 3151 3059 3059 3059 3059 3151 3151 3155 3155 3059 3059 3155 3155 3060 3060 3060 3060 3155 3155 3153 3153 3060 3060 3153 3153 3061 3061 3061 3061 3153 3153 3154 3154 3061 3061 3154 3154 3062 3062 3069 3069 3068 3068 3156 3156 3156 3156 3068 3068 3067 3067 3156 3156 3067 3067 3157 3157 3157 3157 3067 3067 3066 3066 3157 3157 3066 3066 3158 3158 3066 3066 3065 3065 3158 3158 3158 3158 3065 3065 3064 3064 3158 3158 3064 3064 3154 3154 3154 3154 3064 3064 3063 3063 3154 3154 3063 3063 3062 3062 3007 3007 3006 3006 3137 3137 3137 3137 3006 3006 3138 3138 3137 3137 3138 3138 3156 3156 3156 3156 3138 3138 3152 3152 3156 3156 3152 3152 3069 3069 3069 3069 3152 3152 3070 3070 3010 3010 3009 3009 3143 3143 3143 3143 3009 3009 3137 3137 3143 3143 3137 3137 3097 3097 3097 3097 3137 3137 3156 3156 3097 3097 3156 3156 3096 3096 3096 3096 3156 3156 3157 3157 3096 3096 3157 3157 3094 3094 3094 3094 3157 3157 3158 3158 3029 3029 3150 3150 3154 3154 3154 3154 3150 3150 3149 3149 3154 3154 3149 3149 3158 3158 3158 3158 3149 3149 3100 3100 3158 3158 3100 3100 3094 3094 3094 3094 3100 3100 2978 2978 3094 3094 2978 2978 2977 2977 3098 3098 3159 3159 3085 3085 3085 3085 3159 3159 3084 3084 3087 3087 3086 3086 3095 3095 3095 3095 3086 3086 3160 3160 3095 3095 3160 3160 3148 3148 3148 3148 3160 3160 3146 3146 3146 3146 3160 3160 3161 3161 3146 3146 3161 3161 3147 3147 3147 3147 3161 3161 3162 3162 3147 3147 3162 3162 3145 3145 3145 3145 3162 3162 3163 3163 3145 3145 3163 3163 3144 3144 3144 3144 3163 3163 3141 3141 3141 3141 3163 3163 3164 3164 3141 3141 3164 3164 3142 3142 3142 3142 3164 3164 3139 3139 3139 3139 3164 3164 3165 3165 3139 3139 3165 3165 3140 3140 3140 3140 3165 3165 3136 3136 3136 3136 3165 3165 3166 3166 3136 3136 3166 3166 3135 3135 3135 3135 3166 3166 3134 3134 3134 3134 3166 3166 3167 3167 3134 3134 3167 3167 3133 3133 3133 3133 3167 3167 3131 3131 3131 3131 3167 3167 3168 3168 3131 3131 3168 3168 3132 3132 3132 3132 3168 3168 3169 3169 3132 3132 3169 3169 3130 3130 3130 3130 3169 3169 3129 3129 3129 3129 3169 3169 3170 3170 3129 3129 3170 3170 3127 3127 3127 3127 3170 3170 3126 3126 3126 3126 3170 3170 3171 3171 3126 3126 3171 3171 3125 3125 3125 3125 3171 3171 3124 3124 3124 3124 3171 3171 3172 3172 3124 3124 3172 3172 3123 3123 3123 3123 3172 3172 3118 3118 3118 3118 3172 3172 3173 3173 3118 3118 3173 3173 3119 3119 3119 3119 3173 3173 3121 3121 3121 3121 3173 3173 3174 3174 3121 3121 3174 3174 3122 3122 3122 3122 3174 3174 3113 3113 3113 3113 3174 3174 3175 3175 3113 3113 3175 3175 3114 3114 3114 3114 3175 3175 3116 3116 3116 3116 3175 3175 3176 3176 3116 3116 3176 3176 3117 3117 3117 3117 3176 3176 3111 3111 3111 3111 3176 3176 3177 3177 3111 3111 3177 3177 3112 3112 3112 3112 3177 3177 3109 3109 3109 3109 3177 3177 3178 3178 3109 3109 3178 3178 3108 3108 3108 3108 3178 3178 3104 3104 3104 3104 3178 3178 3179 3179 3104 3104 3179 3179 3105 3105 3105 3105 3179 3179 3106 3106 3106 3106 3179 3179 3180 3180 3106 3106 3180 3180 3107 3107 3107 3107 3180 3180 3181 3181 3107 3107 3181 3181 3092 3092 3092 3092 3181 3181 3093 3093 3093 3093 3181 3181 3182 3182 3093 3093 3182 3182 3103 3103 3103 3103 3182 3182 3099 3099 3099 3099 3182 3182 3183 3183 3099 3099 3183 3183 3102 3102 3102 3102 3183 3183 3101 3101 3101 3101 3183 3183 3159 3159 3101 3101 3159 3159 3098 3098 3080 3080 3082 3082 3084 3084 3074 3074 3076 3076 3072 3072 3072 3072 3076 3076 3078 3078 3184 3184 3185 3185 3159 3159 3078 3078 3080 3080 3072 3072 3072 3072 3080 3080 3084 3084 3072 3072 3084 3084 3086 3086 3086 3086 3084 3084 3159 3159 3086 3086 3159 3159 3186 3186 3186 3186 3159 3159 3185 3185 3187 3187 3183 3183 3182 3182 3183 3183 3187 3187 3159 3159 3159 3159 3187 3187 3188 3188 3159 3159 3188 3188 3184 3184 3182 3182 3181 3181 3187 3187 3187 3187 3181 3181 3180 3180 3187 3187 3180 3180 3189 3189 3189 3189 3180 3180 3179 3179 3174 3174 3190 3190 3175 3175 3175 3175 3190 3190 3191 3191 3175 3175 3191 3191 3176 3176 3176 3176 3191 3191 3192 3192 3176 3176 3192 3192 3177 3177 3177 3177 3192 3192 3193 3193 3177 3177 3193 3193 3178 3178 3178 3178 3193 3193 3194 3194 3178 3178 3194 3194 3179 3179 3179 3179 3194 3194 3195 3195 3179 3179 3195 3195 3189 3189 3186 3186 3196 3196 3086 3086 3086 3086 3196 3196 3197 3197 3086 3086 3197 3197 3160 3160 3160 3160 3197 3197 3198 3198 3160 3160 3198 3198 3161 3161 3161 3161 3198 3198 3199 3199 3161 3161 3199 3199 3162 3162 3162 3162 3199 3199 3200 3200 3162 3162 3200 3200 3163 3163 3200 3200 3201 3201 3163 3163 3163 3163 3201 3201 3202 3202 3163 3163 3202 3202 3164 3164 3164 3164 3202 3202 3203 3203 3164 3164 3203 3203 3165 3165 3165 3165 3203 3203 3204 3204 3165 3165 3204 3204 3166 3166 3166 3166 3204 3204 3205 3205 3166 3166 3205 3205 3167 3167 3167 3167 3205 3205 3206 3206 3167 3167 3206 3206 3168 3168 3206 3206 3207 3207 3168 3168 3168 3168 3207 3207 3208 3208 3168 3168 3208 3208 3169 3169 3169 3169 3208 3208 3209 3209 3169 3169 3209 3209 3170 3170 3170 3170 3209 3209 3210 3210 3170 3170 3210 3210 3171 3171 3171 3171 3210 3210 3211 3211 3171 3171 3211 3211 3172 3172 3172 3172 3211 3211 3212 3212 3172 3172 3212 3212 3173 3173 3173 3173 3212 3212 3213 3213 3173 3173 3213 3213 3174 3174 3174 3174 3213 3213 3214 3214 3174 3174 3214 3214 3190 3190 3215 3215 3216 3216 3217 3217 3217 3217 3216 3216 3218 3218 3217 3217 3218 3218 3219 3219 3219 3219 3218 3218 3220 3220 3196 3196 3221 3221 3197 3197 3197 3197 3221 3221 3222 3222 3197 3197 3222 3222 3198 3198 3198 3198 3222 3222 3223 3223 3198 3198 3223 3223 3199 3199 3199 3199 3223 3223 3224 3224 3199 3199 3224 3224 3200 3200 3200 3200 3224 3224 3225 3225 3200 3200 3225 3225 3201 3201 3201 3201 3225 3225 3226 3226 3201 3201 3226 3226 3202 3202 3202 3202 3226 3226 3227 3227 3202 3202 3227 3227 3203 3203 3203 3203 3227 3227 3228 3228 3203 3203 3228 3228 3204 3204 3204 3204 3228 3228 3229 3229 3204 3204 3229 3229 3205 3205 3205 3205 3229 3229 3230 3230 3205 3205 3230 3230 3206 3206 3206 3206 3230 3230 3231 3231 3206 3206 3231 3231 3207 3207 3207 3207 3231 3231 3232 3232 3207 3207 3232 3232 3208 3208 3208 3208 3232 3232 3233 3233 3208 3208 3233 3233 3209 3209 3209 3209 3233 3233 3234 3234 3209 3209 3234 3234 3210 3210 3210 3210 3234 3234 3235 3235 3210 3210 3235 3235 3211 3211 3211 3211 3235 3235 3236 3236 3211 3211 3236 3236 3212 3212 3212 3212 3236 3236 3237 3237 3212 3212 3237 3237 3213 3213 3213 3213 3237 3237 3238 3238 3213 3213 3238 3238 3214 3214 3214 3214 3238 3238 3239 3239 3214 3214 3239 3239 3190 3190 3190 3190 3239 3239 3240 3240 3190 3190 3240 3240 3191 3191 3191 3191 3240 3240 3241 3241 3191 3191 3241 3241 3192 3192 3192 3192 3241 3241 3242 3242 3192 3192 3242 3242 3193 3193 3193 3193 3242 3242 3243 3243 3193 3193 3243 3243 3194 3194 3194 3194 3243 3243 3244 3244 3194 3194 3244 3244 3195 3195 3195 3195 3244 3244 3245 3245 3195 3195 3245 3245 3189 3189 3189 3189 3245 3245 3246 3246 3189 3189 3246 3246 3187 3187 3187 3187 3246 3246 3247 3247 3187 3187 3247 3247 3188 3188 3188 3188 3247 3247 3248 3248 3188 3188 3248 3248 3184 3184 3184 3184 3248 3248 3249 3249 3184 3184 3249 3249 3185 3185 3185 3185 3249 3249 3250 3250 3185 3185 3250 3250 3186 3186 3186 3186 3250 3250 3251 3251 3186 3186 3251 3251 3196 3196 3196 3196 3251 3251 3221 3221 3218 3218 3252 3252 3220 3220 3220 3220 3252 3252 3253 3253 3220 3220 3253 3253 3219 3219 3219 3219 3253 3253 3254 3254 3219 3219 3254 3254 3217 3217 3217 3217 3254 3254 3255 3255 3217 3217 3255 3255 3215 3215 3215 3215 3255 3255 3256 3256 3215 3215 3256 3256 3216 3216 3216 3216 3256 3256 3257 3257 3216 3216 3257 3257 3218 3218 3218 3218 3257 3257 3252 3252 3247 3247 3258 3258 3248 3248 3248 3248 3258 3258 3259 3259 3248 3248 3259 3259 3249 3249 3249 3249 3259 3259 3260 3260 3249 3249 3260 3260 3250 3250 3250 3250 3260 3260 3261 3261 3250 3250 3261 3261 3251 3251 3251 3251 3261 3261 3262 3262 3251 3251 3262 3262 3221 3221 3221 3221 3262 3262 3263 3263 3221 3221 3263 3263 3222 3222 3222 3222 3263 3263 3264 3264 3222 3222 3264 3264 3223 3223 3223 3223 3264 3264 3265 3265 3223 3223 3265 3265 3224 3224 3224 3224 3265 3265 3266 3266 3224 3224 3266 3266 3225 3225 3225 3225 3266 3266 3267 3267 3225 3225 3267 3267 3226 3226 3267 3267 3268 3268 3226 3226 3226 3226 3268 3268 3269 3269 3226 3226 3269 3269 3227 3227 3227 3227 3269 3269 3270 3270 3227 3227 3270 3270 3228 3228 3228 3228 3270 3270 3271 3271 3228 3228 3271 3271 3229 3229 3229 3229 3271 3271 3272 3272 3229 3229 3272 3272 3230 3230 3230 3230 3272 3272 3273 3273 3230 3230 3273 3273 3231 3231 3231 3231 3273 3273 3274 3274 3231 3231 3274 3274 3232 3232 3232 3232 3274 3274 3275 3275 3232 3232 3275 3275 3233 3233 3233 3233 3275 3275 3276 3276 3233 3233 3276 3276 3234 3234 3234 3234 3276 3276 3277 3277 3234 3234 3277 3277 3235 3235 3235 3235 3277 3277 3278 3278 3235 3235 3278 3278 3236 3236 3236 3236 3278 3278 3279 3279 3236 3236 3279 3279 3237 3237 3279 3279 3280 3280 3237 3237 3237 3237 3280 3280 3281 3281 3237 3237 3281 3281 3238 3238 3238 3238 3281 3281 3282 3282 3238 3238 3282 3282 3239 3239 3239 3239 3282 3282 3283 3283 3239 3239 3283 3283 3240 3240 3240 3240 3283 3283 3284 3284 3240 3240 3284 3284 3241 3241 3241 3241 3284 3284 3285 3285 3241 3241 3285 3285 3242 3242 3242 3242 3285 3285 3286 3286 3242 3242 3286 3286 3243 3243 3243 3243 3286 3286 3287 3287 3243 3243 3287 3287 3244 3244 3244 3244 3287 3287 3288 3288 3244 3244 3288 3288 3245 3245 3245 3245 3288 3288 3289 3289 3245 3245 3289 3289 3246 3246 3246 3246 3289 3289 3290 3290 3246 3246 3290 3290 3247 3247 3247 3247 3290 3290 3291 3291 3247 3247 3291 3291 3258 3258 3292 3292 3293 3293 3252 3252 3252 3252 3293 3293 3294 3294 3253 3253 3295 3295 3296 3296 3297 3297 3298 3298 3257 3257 3298 3298 3299 3299 3257 3257 3257 3257 3299 3299 3300 3300 3257 3257 3300 3300 3252 3252 3252 3252 3300 3300 3301 3301 3252 3252 3301 3301 3292 3292 3294 3294 3302 3302 3252 3252 3252 3252 3302 3302 3303 3303 3252 3252 3303 3303 3253 3253 3253 3253 3303 3303 3304 3304 3253 3253 3304 3304 3295 3295 3305 3305 3254 3254 3306 3306 3306 3306 3254 3254 3253 3253 3306 3306 3253 3253 3307 3307 3307 3307 3253 3253 3296 3296 3305 3305 3308 3308 3254 3254 3254 3254 3308 3308 3309 3309 3254 3254 3309 3309 3310 3310 3311 3311 3255 3255 3312 3312 3312 3312 3255 3255 3254 3254 3312 3312 3254 3254 3313 3313 3313 3313 3254 3254 3310 3310 3311 3311 3314 3314 3255 3255 3255 3255 3314 3314 3315 3315 3255 3255 3315 3315 3316 3316 3316 3316 3317 3317 3255 3255 3255 3255 3317 3317 3318 3318 3255 3255 3318 3318 3256 3256 3256 3256 3318 3318 3319 3319 3319 3319 3320 3320 3256 3256 3256 3256 3320 3320 3321 3321 3256 3256 3321 3321 3322 3322 3322 3322 3323 3323 3256 3256 3256 3256 3323 3323 3324 3324 3256 3256 3324 3324 3257 3257 3257 3257 3324 3324 3325 3325 3257 3257 3325 3325 3297 3297 3315 3315 3279 3279 3316 3316 3316 3316 3279 3279 3278 3278 3316 3316 3278 3278 3317 3317 3317 3317 3278 3278 3277 3277 3317 3317 3277 3277 3318 3318 3318 3318 3277 3277 3276 3276 3318 3318 3276 3276 3319 3319 3319 3319 3276 3276 3275 3275 3319 3319 3275 3275 3320 3320 3320 3320 3275 3275 3274 3274 3320 3320 3274 3274 3321 3321 3321 3321 3274 3274 3273 3273 3321 3321 3273 3273 3322 3322 3322 3322 3273 3273 3272 3272 3322 3322 3272 3272 3323 3323 3323 3323 3272 3272 3271 3271 3323 3323 3271 3271 3324 3324 3324 3324 3271 3271 3270 3270 3324 3324 3270 3270 3325 3325 3325 3325 3270 3270 3269 3269 3325 3325 3269 3269 3297 3297 3297 3297 3269 3269 3268 3268 3297 3297 3268 3268 3298 3298 3298 3298 3268 3268 3267 3267 3298 3298 3267 3267 3299 3299 3299 3299 3267 3267 3266 3266 3299 3299 3266 3266 3300 3300 3300 3300 3266 3266 3265 3265 3300 3300 3265 3265 3301 3301 3301 3301 3265 3265 3264 3264 3301 3301 3264 3264 3292 3292 3292 3292 3264 3264 3263 3263 3292 3292 3263 3263 3293 3293 3293 3293 3263 3263 3262 3262 3293 3293 3262 3262 3294 3294 3294 3294 3262 3262 3261 3261 3294 3294 3261 3261 3302 3302 3302 3302 3261 3261 3260 3260 3302 3302 3260 3260 3303 3303 3303 3303 3260 3260 3259 3259 3303 3303 3259 3259 3304 3304 3304 3304 3259 3259 3258 3258 3304 3304 3258 3258 3295 3295 3295 3295 3258 3258 3291 3291 3295 3295 3291 3291 3296 3296 3296 3296 3291 3291 3290 3290 3296 3296 3290 3290 3307 3307 3307 3307 3290 3290 3289 3289 3307 3307 3289 3289 3306 3306 3306 3306 3289 3289 3288 3288 3306 3306 3288 3288 3305 3305 3305 3305 3288 3288 3287 3287 3305 3305 3287 3287 3308 3308 3308 3308 3287 3287 3286 3286 3308 3308 3286 3286 3309 3309 3309 3309 3286 3286 3285 3285 3309 3309 3285 3285 3310 3310 3310 3310 3285 3285 3284 3284 3310 3310 3284 3284 3313 3313 3313 3313 3284 3284 3283 3283 3313 3313 3283 3283 3312 3312 3312 3312 3283 3283 3282 3282 3312 3312 3282 3282 3311 3311 3311 3311 3282 3282 3281 3281 3311 3311 3281 3281 3314 3314 3314 3314 3281 3281 3280 3280 3314 3314 3280 3280 3315 3315 3315 3315 3280 3280 3279 3279 3326 3326 3327 3327 3328 3328 3329 3329 3330 3330 3331 3331 3331 3331 3330 3330 3332 3332 3330 3330 3327 3327 3333 3333 3330 3330 3334 3334 3327 3327 3327 3327 3334 3334 3335 3335 3327 3327 3335 3335 3336 3336 3336 3336 3337 3337 3327 3327 3327 3327 3337 3337 3338 3338 3327 3327 3338 3338 3339 3339 3339 3339 3340 3340 3327 3327 3327 3327 3340 3340 3341 3341 3327 3327 3341 3341 3342 3342 3326 3326 3328 3328 3343 3343 3333 3333 3344 3344 3330 3330 3330 3330 3344 3344 3345 3345 3330 3330 3345 3345 3346 3346 3347 3347 3348 3348 3349 3349 3349 3349 3348 3348 3350 3350 3349 3349 3350 3350 3351 3351 3351 3351 3350 3350 3331 3331 3331 3331 3350 3350 3352 3352 3331 3331 3352 3352 3353 3353 3353 3353 3354 3354 3331 3331 3331 3331 3354 3354 3355 3355 3331 3331 3355 3355 3329 3329 3342 3342 3356 3356 3327 3327 3327 3327 3356 3356 3357 3357 3327 3327 3357 3357 3358 3358 3346 3346 3359 3359 3330 3330 3330 3330 3359 3359 3360 3360 3330 3330 3360 3360 3332 3332 3358 3358 3361 3361 3327 3327 3327 3327 3361 3361 3362 3362 3327 3327 3362 3362 3328 3328 3343 3343 3328 3328 3363 3363 3363 3363 3328 3328 3364 3364 3363 3363 3364 3364 3365 3365 3366 3366 3367 3367 3368 3368 3368 3368 3367 3367 3369 3369 3370 3370 3371 3371 3372 3372 3372 3372 3371 3371 3373 3373 3372 3372 3373 3373 3374 3374 3374 3374 3373 3373 3375 3375 3374 3374 3375 3375 3376 3376 3376 3376 3375 3375 3377 3377 3376 3376 3377 3377 3368 3368 3368 3368 3377 3377 3378 3378 3368 3368 3378 3378 3366 3366 3370 3370 3372 3372 3379 3379 3379 3379 3372 3372 3380 3380 3379 3379 3380 3380 3381 3381 3381 3381 3380 3380 3382 3382 3381 3381 3382 3382 3383 3383 3383 3383 3382 3382 3384 3384 3383 3383 3384 3384 3385 3385 3385 3385 3384 3384 3386 3386 3385 3385 3386 3386 3387 3387 3388 3388 3389 3389 3390 3390 3390 3390 3389 3389 3391 3391 3390 3390 3391 3391 3392 3392 3392 3392 3391 3391 3393 3393 3392 3392 3393 3393 3394 3394 3394 3394 3393 3393 3395 3395 3394 3394 3395 3395 3386 3386 3386 3386 3395 3395 3396 3396 3386 3386 3396 3396 3387 3387 3388 3388 3390 3390 3397 3397 3397 3397 3390 3390 3398 3398 3397 3397 3398 3398 3399 3399 3399 3399 3398 3398 3400 3400 3399 3399 3400 3400 3401 3401 3401 3401 3400 3400 3402 3402 3402 3402 3400 3400 3403 3403 3402 3402 3403 3403 3404 3404 3404 3404 3403 3403 3405 3405 3404 3404 3405 3405 3406 3406 3407 3407 3408 3408 3409 3409 3409 3409 3408 3408 3410 3410 3409 3409 3410 3410 3411 3411 3411 3411 3410 3410 3412 3412 3411 3411 3412 3412 3405 3405 3405 3405 3412 3412 3413 3413 3405 3405 3413 3413 3406 3406 3414 3414 3415 3415 3407 3407 3407 3407 3415 3415 3416 3416 3407 3407 3416 3416 3408 3408 3417 3417 3418 3418 3414 3414 3414 3414 3418 3418 3419 3419 3414 3414 3419 3419 3415 3415 3420 3420 3421 3421 3422 3422 3422 3422 3421 3421 3423 3423 3422 3422 3423 3423 3424 3424 3424 3424 3423 3423 3425 3425 3424 3424 3425 3425 3417 3417 3417 3417 3425 3425 3426 3426 3417 3417 3426 3426 3418 3418 3420 3420 3422 3422 3427 3427 3427 3427 3422 3422 3428 3428 3427 3427 3428 3428 3429 3429 3429 3429 3428 3428 3430 3430 3429 3429 3430 3430 3431 3431 3431 3431 3430 3430 3432 3432 3431 3431 3432 3432 3433 3433 3433 3433 3432 3432 3434 3434 3434 3434 3432 3432 3435 3435 3434 3434 3435 3435 3436 3436 3436 3436 3435 3435 3437 3437 3437 3437 3435 3435 3438 3438 3437 3437 3438 3438 3439 3439 3439 3439 3438 3438 3440 3440 3440 3440 3438 3438 3441 3441 3440 3440 3441 3441 3442 3442 3442 3442 3441 3441 3443 3443 3442 3442 3443 3443 3444 3444 3445 3445 3446 3446 3447 3447 3447 3447 3446 3446 3448 3448 3447 3447 3448 3448 3449 3449 3449 3449 3448 3448 3450 3450 3449 3449 3450 3450 3443 3443 3443 3443 3450 3450 3451 3451 3443 3443 3451 3451 3444 3444 3452 3452 3453 3453 3454 3454 3454 3454 3453 3453 3455 3455 3454 3454 3455 3455 3445 3445 3445 3445 3455 3455 3456 3456 3445 3445 3456 3456 3446 3446 3452 3452 3454 3454 3457 3457 3457 3457 3454 3454 3458 3458 3457 3457 3458 3458 3459 3459 3459 3459 3458 3458 3460 3460 3459 3459 3460 3460 3461 3461 3461 3461 3460 3460 3462 3462 3461 3461 3462 3462 3463 3463 3367 3367 3464 3464 3369 3369 3369 3369 3464 3464 3465 3465 3369 3369 3465 3465 3466 3466 3466 3466 3465 3465 3467 3467 3466 3466 3467 3467 3468 3468 3468 3468 3467 3467 3469 3469 3468 3468 3469 3469 3462 3462 3462 3462 3469 3469 3470 3470 3462 3462 3470 3470 3463 3463 3334 3334 3330 3330 3471 3471 3471 3471 3330 3330 3329 3329 3471 3471 3329 3329 3472 3472 3472 3472 3329 3329 3355 3355 3472 3472 3355 3355 3473 3473 3473 3473 3355 3355 3354 3354 3473 3473 3354 3354 3474 3474 3474 3474 3354 3354 3353 3353 3474 3474 3353 3353 3475 3475 3475 3475 3353 3353 3352 3352 3475 3475 3352 3352 3476 3476 3476 3476 3352 3352 3350 3350 3476 3476 3350 3350 3477 3477 3477 3477 3350 3350 3348 3348 3477 3477 3348 3348 3478 3478 3478 3478 3348 3348 3347 3347 3478 3478 3347 3347 3479 3479 3479 3479 3347 3347 3349 3349 3479 3479 3349 3349 3480 3480 3480 3480 3349 3349 3351 3351 3480 3480 3351 3351 3481 3481 3481 3481 3351 3351 3331 3331 3481 3481 3331 3331 3482 3482 3482 3482 3331 3331 3332 3332 3482 3482 3332 3332 3483 3483 3483 3483 3332 3332 3360 3360 3483 3483 3360 3360 3484 3484 3484 3484 3360 3360 3359 3359 3484 3484 3359 3359 3485 3485 3485 3485 3359 3359 3346 3346 3485 3485 3346 3346 3486 3486 3486 3486 3346 3346 3345 3345 3486 3486 3345 3345 3487 3487 3487 3487 3345 3345 3344 3344 3487 3487 3344 3344 3488 3488 3488 3488 3344 3344 3333 3333 3488 3488 3333 3333 3489 3489 3489 3489 3333 3333 3327 3327 3489 3489 3327 3327 3490 3490 3490 3490 3327 3327 3326 3326 3490 3490 3326 3326 3491 3491 3491 3491 3326 3326 3343 3343 3491 3491 3343 3343 3492 3492 3492 3492 3343 3343 3363 3363 3492 3492 3363 3363 3493 3493 3493 3493 3363 3363 3365 3365 3493 3493 3365 3365 3494 3494 3494 3494 3365 3365 3364 3364 3494 3494 3364 3364 3495 3495 3495 3495 3364 3364 3328 3328 3495 3495 3328 3328 3496 3496 3496 3496 3328 3328 3362 3362 3496 3496 3362 3362 3497 3497 3497 3497 3362 3362 3361 3361 3497 3497 3361 3361 3498 3498 3498 3498 3361 3361 3358 3358 3498 3498 3358 3358 3499 3499 3499 3499 3358 3358 3357 3357 3499 3499 3357 3357 3500 3500 3500 3500 3357 3357 3356 3356 3500 3500 3356 3356 3501 3501 3501 3501 3356 3356 3342 3342 3501 3501 3342 3342 3502 3502 3502 3502 3342 3342 3341 3341 3502 3502 3341 3341 3503 3503 3503 3503 3341 3341 3340 3340 3503 3503 3340 3340 3504 3504 3504 3504 3340 3340 3339 3339 3504 3504 3339 3339 3505 3505 3505 3505 3339 3339 3338 3338 3505 3505 3338 3338 3506 3506 3506 3506 3338 3338 3337 3337 3506 3506 3337 3337 3507 3507 3507 3507 3337 3337 3336 3336 3507 3507 3336 3336 3508 3508 3508 3508 3336 3336 3335 3335 3508 3508 3335 3335 3509 3509 3509 3509 3335 3335 3334 3334 3509 3509 3334 3334 3471 3471 3447 3447 3510 3510 3445 3445 3445 3445 3510 3510 3511 3511 3445 3445 3511 3511 3454 3454 3454 3454 3511 3511 3512 3512 3454 3454 3512 3512 3458 3458 3458 3458 3512 3512 3513 3513 3458 3458 3513 3513 3460 3460 3460 3460 3513 3513 3514 3514 3460 3460 3514 3514 3462 3462 3462 3462 3514 3514 3515 3515 3462 3462 3515 3515 3468 3468 3468 3468 3515 3515 3516 3516 3468 3468 3516 3516 3466 3466 3466 3466 3516 3516 3517 3517 3466 3466 3517 3517 3369 3369 3369 3369 3517 3517 3518 3518 3369 3369 3518 3518 3368 3368 3368 3368 3518 3518 3519 3519 3368 3368 3519 3519 3376 3376 3376 3376 3519 3519 3520 3520 3376 3376 3520 3520 3374 3374 3374 3374 3520 3520 3521 3521 3374 3374 3521 3521 3372 3372 3372 3372 3521 3521 3522 3522 3372 3372 3522 3522 3380 3380 3380 3380 3522 3522 3523 3523 3380 3380 3523 3523 3382 3382 3382 3382 3523 3523 3524 3524 3382 3382 3524 3524 3384 3384 3384 3384 3524 3524 3525 3525 3384 3384 3525 3525 3386 3386 3386 3386 3525 3525 3526 3526 3386 3386 3526 3526 3394 3394 3394 3394 3526 3526 3527 3527 3394 3394 3527 3527 3392 3392 3392 3392 3527 3527 3528 3528 3392 3392 3528 3528 3390 3390 3390 3390 3528 3528 3529 3529 3390 3390 3529 3529 3398 3398 3398 3398 3529 3529 3530 3530 3398 3398 3530 3530 3400 3400 3400 3400 3530 3530 3531 3531 3400 3400 3531 3531 3403 3403 3403 3403 3531 3531 3532 3532 3403 3403 3532 3532 3405 3405 3405 3405 3532 3532 3533 3533 3405 3405 3533 3533 3411 3411 3411 3411 3533 3533 3534 3534 3411 3411 3534 3534 3409 3409 3409 3409 3534 3534 3535 3535 3409 3409 3535 3535 3407 3407 3407 3407 3535 3535 3536 3536 3407 3407 3536 3536 3414 3414 3414 3414 3536 3536 3537 3537 3414 3414 3537 3537 3417 3417 3417 3417 3537 3537 3538 3538 3417 3417 3538 3538 3424 3424 3424 3424 3538 3538 3539 3539 3424 3424 3539 3539 3422 3422 3422 3422 3539 3539 3540 3540 3422 3422 3540 3540 3428 3428 3428 3428 3540 3540 3541 3541 3428 3428 3541 3541 3430 3430 3430 3430 3541 3541 3542 3542 3430 3430 3542 3542 3432 3432 3432 3432 3542 3542 3543 3543 3432 3432 3543 3543 3435 3435 3435 3435 3543 3543 3544 3544 3435 3435 3544 3544 3438 3438 3438 3438 3544 3544 3545 3545 3438 3438 3545 3545 3441 3441 3441 3441 3545 3545 3546 3546 3441 3441 3546 3546 3443 3443 3443 3443 3546 3546 3547 3547 3443 3443 3547 3547 3449 3449 3449 3449 3547 3547 3548 3548 3449 3449 3548 3548 3447 3447 3447 3447 3548 3548 3510 3510 3510 3510 3490 3490 3511 3511 3511 3511 3490 3490 3491 3491 3511 3511 3491 3491 3512 3512 3512 3512 3491 3491 3492 3492 3512 3512 3492 3492 3513 3513 3513 3513 3492 3492 3493 3493 3513 3513 3493 3493 3514 3514 3514 3514 3493 3493 3494 3494 3514 3514 3494 3494 3515 3515 3515 3515 3494 3494 3495 3495 3515 3515 3495 3495 3516 3516 3516 3516 3495 3495 3496 3496 3516 3516 3496 3496 3517 3517 3517 3517 3496 3496 3497 3497 3517 3517 3497 3497 3518 3518 3518 3518 3497 3497 3498 3498 3518 3518 3498 3498 3519 3519 3519 3519 3498 3498 3499 3499 3519 3519 3499 3499 3520 3520 3520 3520 3499 3499 3500 3500 3520 3520 3500 3500 3521 3521 3521 3521 3500 3500 3501 3501 3521 3521 3501 3501 3522 3522 3522 3522 3501 3501 3502 3502 3522 3522 3502 3502 3523 3523 3523 3523 3502 3502 3503 3503 3523 3523 3503 3503 3524 3524 3524 3524 3503 3503 3504 3504 3524 3524 3504 3504 3525 3525 3525 3525 3504 3504 3505 3505 3525 3525 3505 3505 3526 3526 3526 3526 3505 3505 3506 3506 3526 3526 3506 3506 3527 3527 3527 3527 3506 3506 3507 3507 3527 3527 3507 3507 3528 3528 3528 3528 3507 3507 3508 3508 3528 3528 3508 3508 3529 3529 3529 3529 3508 3508 3509 3509 3529 3529 3509 3509 3530 3530 3530 3530 3509 3509 3471 3471 3530 3530 3471 3471 3531 3531 3531 3531 3471 3471 3472 3472 3531 3531 3472 3472 3532 3532 3532 3532 3472 3472 3473 3473 3532 3532 3473 3473 3533 3533 3533 3533 3473 3473 3474 3474 3533 3533 3474 3474 3534 3534 3534 3534 3474 3474 3475 3475 3534 3534 3475 3475 3535 3535 3535 3535 3475 3475 3476 3476 3535 3535 3476 3476 3536 3536 3536 3536 3476 3476 3477 3477 3536 3536 3477 3477 3537 3537 3537 3537 3477 3477 3478 3478 3537 3537 3478 3478 3538 3538 3538 3538 3478 3478 3479 3479 3538 3538 3479 3479 3539 3539 3539 3539 3479 3479 3480 3480 3539 3539 3480 3480 3540 3540 3540 3540 3480 3480 3481 3481 3540 3540 3481 3481 3541 3541 3541 3541 3481 3481 3482 3482 3541 3541 3482 3482 3542 3542 3542 3542 3482 3482 3483 3483 3542 3542 3483 3483 3543 3543 3543 3543 3483 3483 3484 3484 3543 3543 3484 3484 3544 3544 3544 3544 3484 3484 3485 3485 3544 3544 3485 3485 3545 3545 3545 3545 3485 3485 3486 3486 3545 3545 3486 3486 3546 3546 3546 3546 3486 3486 3487 3487 3546 3546 3487 3487 3547 3547 3547 3547 3487 3487 3488 3488 3547 3547 3488 3488 3548 3548 3548 3548 3488 3488 3489 3489 3548 3548 3489 3489 3510 3510 3510 3510 3489 3489 3490 3490 3465 3465 3464 3464 3549 3549 3549 3549 3464 3464 3550 3550 3463 3463 3470 3470 3551 3551 3551 3551 3470 3470 3469 3469 3551 3551 3469 3469 3549 3549 3549 3549 3469 3469 3467 3467 3549 3549 3467 3467 3465 3465 3463 3463 3551 3551 3461 3461 3461 3461 3551 3551 3552 3552 3461 3461 3552 3552 3459 3459 3459 3459 3552 3552 3457 3457 3457 3457 3552 3552 3553 3553 3457 3457 3553 3553 3452 3452 3452 3452 3553 3553 3453 3453 3453 3453 3553 3553 3554 3554 3453 3453 3554 3554 3455 3455 3455 3455 3554 3554 3456 3456 3456 3456 3554 3554 3555 3555 3456 3456 3555 3555 3446 3446 3444 3444 3451 3451 3556 3556 3556 3556 3451 3451 3450 3450 3556 3556 3450 3450 3555 3555 3555 3555 3450 3450 3448 3448 3555 3555 3448 3448 3446 3446 3444 3444 3556 3556 3442 3442 3442 3442 3556 3556 3557 3557 3442 3442 3557 3557 3440 3440 3440 3440 3557 3557 3439 3439 3439 3439 3557 3557 3558 3558 3439 3439 3558 3558 3437 3437 3437 3437 3558 3558 3436 3436 3436 3436 3558 3558 3559 3559 3436 3436 3559 3559 3434 3434 3434 3434 3559 3559 3433 3433 3433 3433 3559 3559 3560 3560 3433 3433 3560 3560 3431 3431 3561 3561 3427 3427 3560 3560 3560 3560 3427 3427 3429 3429 3560 3560 3429 3429 3431 3431 3425 3425 3423 3423 3562 3562 3562 3562 3423 3423 3421 3421 3562 3562 3421 3421 3561 3561 3561 3561 3421 3421 3420 3420 3561 3561 3420 3420 3427 3427 3425 3425 3562 3562 3426 3426 3426 3426 3562 3562 3563 3563 3426 3426 3563 3563 3418 3418 3418 3418 3563 3563 3419 3419 3419 3419 3563 3563 3564 3564 3419 3419 3564 3564 3415 3415 3415 3415 3564 3564 3416 3416 3416 3416 3564 3564 3565 3565 3416 3416 3565 3565 3408 3408 3406 3406 3413 3413 3566 3566 3566 3566 3413 3413 3412 3412 3566 3566 3412 3412 3565 3565 3565 3565 3412 3412 3410 3410 3565 3565 3410 3410 3408 3408 3406 3406 3566 3566 3404 3404 3404 3404 3566 3566 3567 3567 3404 3404 3567 3567 3402 3402 3402 3402 3567 3567 3401 3401 3401 3401 3567 3567 3568 3568 3401 3401 3568 3568 3399 3399 3399 3399 3568 3568 3397 3397 3397 3397 3568 3568 3569 3569 3397 3397 3569 3569 3388 3388 3388 3388 3569 3569 3389 3389 3389 3389 3569 3569 3570 3570 3389 3389 3570 3570 3391 3391 3571 3571 3395 3395 3570 3570 3570 3570 3395 3395 3393 3393 3570 3570 3393 3393 3391 3391 3572 3572 3385 3385 3387 3387 3572 3572 3387 3387 3571 3571 3571 3571 3387 3387 3396 3396 3571 3571 3396 3396 3395 3395 3385 3385 3572 3572 3383 3383 3383 3383 3572 3572 3573 3573 3383 3383 3573 3573 3381 3381 3381 3381 3573 3573 3379 3379 3379 3379 3573 3573 3574 3574 3379 3379 3574 3574 3370 3370 3575 3575 3373 3373 3574 3574 3574 3574 3373 3373 3371 3371 3574 3574 3371 3371 3370 3370 3576 3576 3377 3377 3575 3575 3575 3575 3377 3377 3375 3375 3575 3575 3375 3375 3373 3373 3464 3464 3367 3367 3550 3550 3550 3550 3367 3367 3366 3366 3550 3550 3366 3366 3576 3576 3576 3576 3366 3366 3378 3378 3576 3576 3378 3378 3377 3377 3573 3573 3577 3577 3574 3574 3574 3574 3577 3577 3578 3578 3574 3574 3578 3578 3575 3575 3575 3575 3578 3578 3579 3579 3575 3575 3579 3579 3576 3576 3576 3576 3579 3579 3580 3580 3576 3576 3580 3580 3550 3550 3550 3550 3580 3580 3581 3581 3550 3550 3581 3581 3549 3549 3549 3549 3581 3581 3582 3582 3549 3549 3582 3582 3551 3551 3551 3551 3582 3582 3583 3583 3551 3551 3583 3583 3552 3552 3559 3559 3584 3584 3560 3560 3560 3560 3584 3584 3585 3585 3560 3560 3585 3585 3561 3561 3561 3561 3585 3585 3586 3586 3561 3561 3586 3586 3562 3562 3562 3562 3586 3586 3587 3587 3562 3562 3587 3587 3563 3563 3563 3563 3587 3587 3588 3588 3563 3563 3588 3588 3564 3564 3564 3564 3588 3588 3589 3589 3564 3564 3589 3589 3565 3565 3565 3565 3589 3589 3590 3590 3565 3565 3590 3590 3566 3566 3590 3590 3591 3591 3566 3566 3566 3566 3591 3591 3592 3592 3566 3566 3592 3592 3567 3567 3567 3567 3592 3592 3593 3593 3567 3567 3593 3593 3568 3568 3568 3568 3593 3593 3594 3594 3568 3568 3594 3594 3569 3569 3569 3569 3594 3594 3595 3595 3569 3569 3595 3595 3570 3570 3570 3570 3595 3595 3596 3596 3570 3570 3596 3596 3571 3571 3571 3571 3596 3596 3597 3597 3571 3571 3597 3597 3572 3572 3572 3572 3597 3597 3598 3598 3572 3572 3598 3598 3573 3573 3573 3573 3598 3598 3599 3599 3573 3573 3599 3599 3577 3577 3583 3583 3600 3600 3552 3552 3552 3552 3600 3600 3601 3601 3552 3552 3601 3601 3553 3553 3553 3553 3601 3601 3602 3602 3553 3553 3602 3602 3554 3554 3554 3554 3602 3602 3603 3603 3554 3554 3603 3603 3555 3555 3555 3555 3603 3603 3604 3604 3555 3555 3604 3604 3556 3556 3556 3556 3604 3604 3605 3605 3556 3556 3605 3605 3557 3557 3557 3557 3605 3605 3606 3606 3557 3557 3606 3606 3558 3558 3558 3558 3606 3606 3607 3607 3558 3558 3607 3607 3559 3559 3559 3559 3607 3607 3608 3608 3559 3559 3608 3608 3584 3584 3588 3588 3609 3609 3589 3589 3589 3589 3609 3609 3610 3610 3589 3589 3610 3610 3590 3590 3590 3590 3610 3610 3611 3611 3590 3590 3611 3611 3591 3591 3591 3591 3611 3611 3612 3612 3591 3591 3612 3612 3592 3592 3592 3592 3612 3612 3613 3613 3592 3592 3613 3613 3593 3593 3593 3593 3613 3613 3614 3614 3593 3593 3614 3614 3594 3594 3594 3594 3614 3614 3615 3615 3594 3594 3615 3615 3595 3595 3595 3595 3615 3615 3616 3616 3595 3595 3616 3616 3596 3596 3596 3596 3616 3616 3617 3617 3596 3596 3617 3617 3597 3597 3597 3597 3617 3617 3618 3618 3597 3597 3618 3618 3598 3598 3598 3598 3618 3618 3619 3619 3598 3598 3619 3619 3599 3599 3599 3599 3619 3619 3620 3620 3599 3599 3620 3620 3577 3577 3577 3577 3620 3620 3621 3621 3577 3577 3621 3621 3578 3578 3578 3578 3621 3621 3622 3622 3578 3578 3622 3622 3579 3579 3579 3579 3622 3622 3623 3623 3579 3579 3623 3623 3580 3580 3580 3580 3623 3623 3624 3624 3580 3580 3624 3624 3581 3581 3581 3581 3624 3624 3625 3625 3581 3581 3625 3625 3582 3582 3582 3582 3625 3625 3626 3626 3582 3582 3626 3626 3583 3583 3583 3583 3626 3626 3627 3627 3583 3583 3627 3627 3600 3600 3600 3600 3627 3627 3628 3628 3600 3600 3628 3628 3601 3601 3601 3601 3628 3628 3629 3629 3601 3601 3629 3629 3602 3602 3602 3602 3629 3629 3630 3630 3602 3602 3630 3630 3603 3603 3603 3603 3630 3630 3631 3631 3603 3603 3631 3631 3604 3604 3604 3604 3631 3631 3632 3632 3604 3604 3632 3632 3605 3605 3605 3605 3632 3632 3633 3633 3605 3605 3633 3633 3606 3606 3606 3606 3633 3633 3634 3634 3606 3606 3634 3634 3607 3607 3607 3607 3634 3634 3635 3635 3607 3607 3635 3635 3608 3608 3608 3608 3635 3635 3636 3636 3608 3608 3636 3636 3584 3584 3584 3584 3636 3636 3637 3637 3584 3584 3637 3637 3585 3585 3585 3585 3637 3637 3638 3638 3585 3585 3638 3638 3586 3586 3586 3586 3638 3638 3639 3639 3586 3586 3639 3639 3587 3587 3587 3587 3639 3639 3640 3640 3587 3587 3640 3640 3588 3588 3588 3588 3640 3640 3609 3609 3628 3628 3641 3641 3629 3629 3629 3629 3641 3641 3642 3642 3629 3629 3642 3642 3630 3630 3630 3630 3642 3642 3643 3643 3630 3630 3643 3643 3631 3631 3631 3631 3643 3643 3644 3644 3631 3631 3644 3644 3632 3632 3632 3632 3644 3644 3645 3645 3632 3632 3645 3645 3633 3633 3622 3622 3646 3646 3623 3623 3623 3623 3646 3646 3647 3647 3623 3623 3647 3647 3624 3624 3624 3624 3647 3647 3648 3648 3624 3624 3648 3648 3625 3625 3625 3625 3648 3648 3649 3649 3625 3625 3649 3649 3626 3626 3626 3626 3649 3649 3650 3650 3626 3626 3650 3650 3627 3627 3627 3627 3650 3650 3651 3651 3627 3627 3651 3651 3628 3628 3628 3628 3651 3651 3652 3652 3628 3628 3652 3652 3641 3641 3612 3612 3653 3653 3613 3613 3613 3613 3653 3653 3654 3654 3613 3613 3654 3654 3614 3614 3614 3614 3654 3654 3655 3655 3614 3614 3655 3655 3615 3615 3615 3615 3655 3655 3656 3656 3615 3615 3656 3656 3616 3616 3616 3616 3656 3656 3657 3657 3616 3616 3657 3657 3617 3617 3645 3645 3658 3658 3633 3633 3633 3633 3658 3658 3659 3659 3633 3633 3659 3659 3634 3634 3634 3634 3659 3659 3660 3660 3634 3634 3660 3660 3635 3635 3635 3635 3660 3660 3661 3661 3635 3635 3661 3661 3636 3636 3636 3636 3661 3661 3662 3662 3636 3636 3662 3662 3637 3637 3637 3637 3662 3662 3663 3663 3637 3637 3663 3663 3638 3638 3657 3657 3664 3664 3617 3617 3617 3617 3664 3664 3665 3665 3617 3617 3665 3665 3618 3618 3618 3618 3665 3665 3666 3666 3618 3618 3666 3666 3619 3619 3619 3619 3666 3666 3667 3667 3619 3619 3667 3667 3620 3620 3620 3620 3667 3667 3668 3668 3620 3620 3668 3668 3621 3621 3621 3621 3668 3668 3669 3669 3621 3621 3669 3669 3622 3622 3622 3622 3669 3669 3670 3670 3622 3622 3670 3670 3646 3646 3663 3663 3671 3671 3638 3638 3638 3638 3671 3671 3672 3672 3638 3638 3672 3672 3639 3639 3639 3639 3672 3672 3673 3673 3639 3639 3673 3673 3640 3640 3640 3640 3673 3673 3674 3674 3640 3640 3674 3674 3609 3609 3609 3609 3674 3674 3675 3675 3609 3609 3675 3675 3610 3610 3610 3610 3675 3675 3676 3676 3610 3610 3676 3676 3611 3611 3611 3611 3676 3676 3677 3677 3611 3611 3677 3677 3612 3612 3612 3612 3677 3677 3678 3678 3612 3612 3678 3678 3653 3653 3679 3679 3648 3648 3680 3680 3680 3680 3648 3648 3647 3647 3680 3680 3647 3647 3681 3681 3681 3681 3647 3647 3646 3646 3681 3681 3646 3646 3682 3682 3682 3682 3646 3646 3670 3670 3682 3682 3670 3670 3683 3683 3683 3683 3670 3670 3669 3669 3683 3683 3669 3669 3684 3684 3684 3684 3669 3669 3668 3668 3684 3684 3668 3668 3685 3685 3685 3685 3668 3668 3667 3667 3685 3685 3667 3667 3686 3686 3686 3686 3667 3667 3666 3666 3686 3686 3666 3666 3687 3687 3687 3687 3666 3666 3665 3665 3687 3687 3665 3665 3688 3688 3688 3688 3665 3665 3664 3664 3688 3688 3664 3664 3689 3689 3689 3689 3664 3664 3657 3657 3689 3689 3657 3657 3690 3690 3690 3690 3657 3657 3656 3656 3690 3690 3656 3656 3691 3691 3691 3691 3656 3656 3655 3655 3691 3691 3655 3655 3692 3692 3692 3692 3655 3655 3654 3654 3692 3692 3654 3654 3693 3693 3693 3693 3654 3654 3653 3653 3693 3693 3653 3653 3694 3694 3694 3694 3653 3653 3678 3678 3694 3694 3678 3678 3695 3695 3695 3695 3678 3678 3677 3677 3695 3695 3677 3677 3696 3696 3696 3696 3677 3677 3676 3676 3696 3696 3676 3676 3697 3697 3697 3697 3676 3676 3675 3675 3697 3697 3675 3675 3698 3698 3698 3698 3675 3675 3674 3674 3698 3698 3674 3674 3699 3699 3699 3699 3674 3674 3673 3673 3699 3699 3673 3673 3700 3700 3700 3700 3673 3673 3672 3672 3700 3700 3672 3672 3701 3701 3701 3701 3672 3672 3671 3671 3701 3701 3671 3671 3702 3702 3702 3702 3671 3671 3663 3663 3702 3702 3663 3663 3703 3703 3703 3703 3663 3663 3662 3662 3703 3703 3662 3662 3704 3704 3704 3704 3662 3662 3661 3661 3704 3704 3661 3661 3705 3705 3705 3705 3661 3661 3660 3660 3705 3705 3660 3660 3706 3706 3706 3706 3660 3660 3659 3659 3706 3706 3659 3659 3707 3707 3707 3707 3659 3659 3658 3658 3707 3707 3658 3658 3708 3708 3708 3708 3658 3658 3645 3645 3708 3708 3645 3645 3709 3709 3709 3709 3645 3645 3644 3644 3709 3709 3644 3644 3710 3710 3710 3710 3644 3644 3643 3643 3710 3710 3643 3643 3711 3711 3711 3711 3643 3643 3642 3642 3711 3711 3642 3642 3712 3712 3712 3712 3642 3642 3641 3641 3712 3712 3641 3641 3713 3713 3713 3713 3641 3641 3652 3652 3713 3713 3652 3652 3714 3714 3714 3714 3652 3652 3651 3651 3714 3714 3651 3651 3715 3715 3715 3715 3651 3651 3650 3650 3715 3715 3650 3650 3716 3716 3716 3716 3650 3650 3649 3649 3716 3716 3649 3649 3679 3679 3679 3679 3649 3649 3648 3648 876 876 3680 3680 3717 3717 3717 3717 3680 3680 3681 3681 3717 3717 3681 3681 3718 3718 3718 3718 3681 3681 3682 3682 3718 3718 3682 3682 3719 3719 3719 3719 3682 3682 3683 3683 3719 3719 3683 3683 3720 3720 3720 3720 3683 3683 3684 3684 3720 3720 3684 3684 3721 3721 3721 3721 3684 3684 3685 3685 3721 3721 3685 3685 3722 3722 3722 3722 3685 3685 3686 3686 3722 3722 3686 3686 3723 3723 3723 3723 3686 3686 3687 3687 3723 3723 3687 3687 3724 3724 3724 3724 3687 3687 3688 3688 3724 3724 3688 3688 3725 3725 3725 3725 3688 3688 3689 3689 3725 3725 3689 3689 3726 3726 3726 3726 3689 3689 3690 3690 3726 3726 3690 3690 3727 3727 3727 3727 3690 3690 3691 3691 3727 3727 3691 3691 3728 3728 3728 3728 3691 3691 3692 3692 3728 3728 3692 3692 3729 3729 3729 3729 3692 3692 3693 3693 3729 3729 3693 3693 3730 3730 3730 3730 3693 3693 3694 3694 3730 3730 3694 3694 3731 3731 3731 3731 3694 3694 3695 3695 3731 3731 3695 3695 3732 3732 3732 3732 3695 3695 3696 3696 3732 3732 3696 3696 3733 3733 3733 3733 3696 3696 3697 3697 3733 3733 3697 3697 3734 3734 3734 3734 3697 3697 3698 3698 3734 3734 3698 3698 866 866 866 866 3698 3698 3699 3699 866 866 3699 3699 3735 3735 3735 3735 3699 3699 3700 3700 3735 3735 3700 3700 3736 3736 3736 3736 3700 3700 3701 3701 3736 3736 3701 3701 3737 3737 3737 3737 3701 3701 3702 3702 3737 3737 3702 3702 3738 3738 3738 3738 3702 3702 3703 3703 3738 3738 3703 3703 3739 3739 3739 3739 3703 3703 3704 3704 3739 3739 3704 3704 3740 3740 3740 3740 3704 3704 3705 3705 3740 3740 3705 3705 3741 3741 3741 3741 3705 3705 3706 3706 3741 3741 3706 3706 3742 3742 3742 3742 3706 3706 3707 3707 3742 3742 3707 3707 3743 3743 3743 3743 3707 3707 3708 3708 3743 3743 3708 3708 3744 3744 3744 3744 3708 3708 3709 3709 3744 3744 3709 3709 3745 3745 3745 3745 3709 3709 3710 3710 3745 3745 3710 3710 3746 3746 3746 3746 3710 3710 3711 3711 3746 3746 3711 3711 3747 3747 3747 3747 3711 3711 3712 3712 3747 3747 3712 3712 3748 3748 3748 3748 3712 3712 3713 3713 3748 3748 3713 3713 3749 3749 3749 3749 3713 3713 3714 3714 3749 3749 3714 3714 3750 3750 3750 3750 3714 3714 3715 3715 3750 3750 3715 3715 3751 3751 3751 3751 3715 3715 3716 3716 3751 3751 3716 3716 3752 3752 3752 3752 3716 3716 3679 3679 3752 3752 3679 3679 876 876 876 876 3679 3679 3680 3680 876 876 3717 3717 868 868 876 876 868 868 3752 3752 3749 3749 3750 3750 868 868 868 868 3750 3750 3751 3751 868 868 3751 3751 3752 3752 3746 3746 3747 3747 868 868 868 868 3747 3747 3748 3748 868 868 3748 3748 3749 3749 3743 3743 3744 3744 868 868 868 868 3744 3744 3745 3745 868 868 3745 3745 3746 3746 3740 3740 3741 3741 868 868 868 868 3741 3741 3742 3742 868 868 3742 3742 3743 3743 3737 3737 3738 3738 868 868 868 868 3738 3738 3739 3739 868 868 3739 3739 3740 3740 866 866 3735 3735 868 868 868 868 3735 3735 3736 3736 868 868 3736 3736 3737 3737 3732 3732 3733 3733 868 868 868 868 3733 3733 3734 3734 868 868 3734 3734 866 866 3729 3729 3730 3730 868 868 868 868 3730 3730 3731 3731 868 868 3731 3731 3732 3732 3726 3726 3727 3727 868 868 868 868 3727 3727 3728 3728 868 868 3728 3728 3729 3729 3723 3723 3724 3724 868 868 868 868 3724 3724 3725 3725 868 868 3725 3725 3726 3726 3720 3720 3721 3721 868 868 868 868 3721 3721 3722 3722 868 868 3722 3722 3723 3723 3717 3717 3718 3718 868 868 868 868 3718 3718 3719 3719 868 868 3719 3719 3720 3720</p>
        </triangles>
      </mesh>
    </geometry>
  </library_geometries>
  <library_materials>
    <material id="762c484e57a34ca481164532249d2354" name="defaultmaterial">
      <instance_effect url="#27dc4dbee0114e4886d22299c2bebfd6" />
    </material>
  </library_materials>
  <library_visual_scenes>
    <visual_scene id="scene">
      <node id="node0" name="node0">
        <instance_geometry url="#3f733701a0634064831e692b8fdd069c">
          <bind_material>
            <technique_common>
              <instance_material symbol="material0" target="#762c484e57a34ca481164532249d2354" />
            </technique_common>
          </bind_material>
        </instance_geometry>
      </node>
    </visual_scene>
  </library_visual_scenes>
  <scene>
    <instance_visual_scene url="#scene" />
  </scene>
</COLLADA>
