<COLLADA xmlns="http://www.collada.org/2005/11/COLLADASchema" version="1.4.1">
  <asset>
    <created>2026-09-17T15:28:49.749146</created>
    <modified>2026-09-17T15:28:49.749146</modified>
    <up_axis>Z_UP</up_axis>
  </asset>
  <library_effects>
    <effect id="50fb58cbd17649fb8c2ebd8046606c59" name="50fb58cbd17649fb8c2ebd8046606c59">
      <profile_COMMON>
        <technique sid="common">
          <phong>
            <emission>
              <color>0.0 0.0 0.0 1.0</color>
            </emission>
            <ambient>
              <color>0.0 0.0 0.0 1.0</color>
            </ambient>
            <diffuse>
              <color>0.7058823529411765 0.7058823529411765 0.7254901960784313 1.0</color>
            </diffuse>
            <specular>
              <color>0.0 0.0 0.0 1.0</color>
            </specular>
            <shininess>
              <float>0.0</float>
            </shininess>
            <reflective>
              <color>0.0 0.0 0.0 1.0</color>
            </reflective>
            <reflectivity>
              <float>0.0</float>
            </reflectivity>
            <transparent>
              <color>0.0 0.0 0.0 1.0</color>
            </transparent>
            <transparency>
              <float>1.0</float>
            </transparency>
          </phong>
        </technique>
        <extra>
          <technique profile="GOOGLEEARTH">
            <double_sided>0</double_sided>
          </technique>
        </extra>
      </profile_COMMON>
    </effect>
  </library_effects>
  <library_geometries>
    <geometry id="23d514799db84758b272de257373e743" name="732220bdefca40959b4a4374d030e902">
      <mesh>
        <source id="verts-array">
          <float_array count="11490" id="verts-array-array">-0.02415868 -0.03228909 0.07869795 -0.02426941 -0.03239398 0.07882754 -0.0252114 -0.03144092 0.07877789 -0.03038705 -0.0268986 0.07358088 -0.03031597 -0.02691212 0.07355961 -0.02984502 -0.0270668 0.0747126 -0.02964787 -0.02717476 0.07621094 -0.02967296 -0.02715582 0.07616664 -0.02958977 -0.02728363 0.07605364 -0.03003913 -0.02699271 0.07481395 -0.02943266 -0.02739995 0.07590394 -0.03011678 -0.02695 0.0735 -0.02962728 -0.0271045 0.07461175 -0.03050482 -0.02682481 0.07361612 -0.0306226 -0.02675101 0.07365137 -0.03020013 -0.02686061 0.07491428 -0.03066745 -0.02669189 0.07366479 -0.02887035 -0.02791124 0.07703284 -0.02871822 -0.02800369 0.07683734 -0.02806452 -0.02868857 0.07783063 -0.03015258 -0.02679368 0.07531968 -0.03079316 -0.02652619 0.07370241 -0.03029998 -0.02671125 0.0749945 -0.030224 -0.02673976 0.07519355 -0.02762553 -0.0285429 0.07715949 -0.02750452 -0.02864875 0.07723271 -0.0276138 -0.02869441 0.07730994 -0.02662386 -0.02941904 0.07776563 -0.02685151 -0.02953536 0.07794101 -0.02627177 -0.02972701 0.07797869 -0.02594154 -0.03039169 0.0783176 -0.02571064 -0.03022983 0.07814626 -0.02570354 -0.03023619 0.07814838 -0.02499987 -0.03128278 0.07852849 -0.02380074 -0.03195 0.0785 -0.02404843 -0.03218465 0.0785816 -0.02476528 -0.03107729 0.07842005 -0.02480476 -0.03104157 0.07841678 -0.02951676 -0.02713938 0.07486274 -0.02923773 -0.02745112 0.07576251 -0.02928014 -0.02729514 0.07521592 -0.02901167 -0.02747187 0.07561663 -0.0291349 -0.02745078 0.0757009 -0.02866489 -0.02770014 0.07613421 -0.02776444 -0.02843026 0.07702246 -0.02852202 -0.02802319 0.07666116 -0.02772031 -0.02873205 0.07738875 -0.02437388 -0.03249295 0.07917076 -0.02437276 -0.03249189 0.07919206 -0.02627698 -0.03051218 0.07886755 -0.02435431 -0.03247441 0.07954195 -0.02556884 -0.03120652 0.07935639 -0.02731943 -0.02939233 0.07866123 -0.02630163 -0.03044536 0.0791213 -0.02589012 -0.03087112 0.07930732 -0.02812632 -0.02858 0.07802057 -0.02847621 -0.02822774 0.07774275 -0.02894225 -0.02779408 0.07718079 -0.02943543 -0.02733517 0.0765861 -0.02406351 -0.03219893 0.07858657 -0.02511334 -0.03137217 0.07863656 -0.02614695 -0.03050064 0.07855891 -0.02705265 -0.02959764 0.07816743 -0.02791848 -0.02875092 0.07759339 -0.03026465 -0.02695 0.0735 -0.02984045 -0.02710879 0.07460257 -0.02972181 -0.0271532 0.07491093 -0.02954682 -0.02728783 0.07521811 -0.02932462 -0.02745878 0.07560817 -0.02658943 -0.0302319 0.07814773 -0.02661587 -0.030202 0.07813948 -0.02690454 -0.02987551 0.07804934 -0.02809281 -0.0286007 0.07721244 -0.02906107 -0.02766153 0.07607081 -0.02872509 -0.02798742 0.07646695 -0.02825999 -0.02843855 0.07701533 -0.02555969 -0.03139652 0.07846927 -0.02508502 -0.03195 0.0785 0.03003815 -0.02699323 0.07481603 0.03054493 -0.02681352 0.07362812 0.03065825 -0.02668236 0.07366203 0.02556795 -0.03120758 0.07935271 0.02435431 -0.03247441 0.07954195 0.02437276 -0.03249189 0.07919206 0.0297964 -0.02701456 0.07430136 0.03011678 -0.02695 0.0735 0.02984404 -0.02706729 0.07471461 0.03020036 -0.02694523 0.073525 0.03031101 -0.02690293 0.07355811 0.02592293 -0.03083703 0.07929736 0.02626754 -0.03052196 0.07887094 0.03019914 -0.02686115 0.07491645 0.02943009 -0.02740194 0.07590788 0.02958718 -0.0272857 0.07605776 0.02871575 -0.02800591 0.07684008 0.02886786 -0.02791354 0.07703573 0.02791185 -0.0287573 0.07759865 0.02805783 -0.02869521 0.07783622 0.02966863 -0.02716117 0.07616845 0.03015239 -0.02679467 0.07531782 0.03022819 -0.02673724 0.07518454 0.0302996 -0.02671057 0.07499721 0.02842929 -0.02827376 0.0777887 0.02893935 -0.02779707 0.0771824 0.02941051 -0.02735672 0.07662232 0.02964383 -0.02717995 0.07621205 0.02695386 -0.02912409 0.07762488 0.02748756 -0.02866925 0.07721207 0.02760713 -0.02870029 0.07731499 0.02775393 -0.02844225 0.07700604 0.02771366 -0.02873811 0.07739382 0.02851955 -0.02802529 0.0766638 0.02781701 -0.02875788 0.07748954 0.02813453 -0.02811789 0.07671166 0.02830223 -0.02799039 0.07651325 0.02923516 -0.02745301 0.0757663 0.02903076 -0.02743645 0.07565126 0.02927638 -0.02730111 0.07521821 0.02962439 -0.02710934 0.07460463 0.02380073 -0.03195 0.0785 0.02544863 -0.03046268 0.07827382 0.0258186 -0.03031974 0.0782427 0.02570137 -0.03023791 0.07816485 0.02570659 -0.03023328 0.0781626 0.02593214 -0.03040056 0.07832056 0.02404843 -0.03218465 0.0785816 0.02391917 -0.0320622 0.07853902 0.02437388 -0.03249295 0.07917076 0.02613761 -0.03051 0.07856198 0.02426941 -0.03239398 0.07882754 0.02604114 -0.03046602 0.07842842 0.02415868 -0.03228909 0.07869795 0.0240635 -0.03219893 0.07858657 0.03079316 -0.02652619 0.07370241 0.02812025 -0.02858561 0.07802806 0.02724024 -0.02947362 0.07870965 0.02629345 -0.03045355 0.07913207 0.0299821 -0.02713709 0.07465266 0.03035917 -0.02697625 0.0735296 0.0303525 -0.0269744 0.07352751 0.02951714 -0.02734439 0.07521119 0.02930864 -0.02745439 0.0756885 0.02937924 -0.02746556 0.07566179 0.03004271 -0.02728246 0.0746468 0.02997335 -0.02747537 0.07456153 0.03034288 -0.02725441 0.07382187 0.02947529 -0.02777319 0.07555845 0.02823515 -0.02880243 0.07718892 0.02822265 -0.02876724 0.07721411 0.02751091 -0.02954501 0.07773006 0.02674352 -0.03032188 0.07813903 0.02675799 -0.03034559 0.07811183 0.02595049 -0.03114907 0.07838899 0.02817538 -0.02869384 0.0772428 0.02814426 -0.02866129 0.07724406 0.02742386 -0.02944663 0.07774591 0.02811163 -0.02863439 0.07723733 0.02821431 -0.02851439 0.07695092 0.02804719 -0.02867628 0.07714371 0.0276958 -0.02901664 0.07754906 0.02735477 -0.02939482 0.07770839 0.02668045 -0.03027172 0.07812179 0.02660382 -0.03022757 0.07805922 0.02656813 -0.03026715 0.07807589 0.02590076 -0.03110401 0.07839439 0.02585377 -0.03105932 0.07840962 0.02581548 -0.03110178 0.07842751 0.02672398 -0.03029536 0.07816108 0.02747729 -0.0294839 0.07777788 0.02820229 -0.02873008 0.07723266 0.02980201 -0.02719409 0.07455906 0.02990605 -0.02712949 0.07462034 0.02994242 -0.02710427 0.07464228 0.02942169 -0.02746153 0.07565723 0.02945851 -0.02749521 0.07566403 0.03043198 -0.02724618 0.07355241 0.03044232 -0.02720244 0.07355564 0.03045382 -0.02715373 0.07355925 0.03045548 -0.02714672 0.07355976 0.03003504 -0.02723115 0.07465505 0.03044343 -0.02710204 0.07355599 0.03001431 -0.0271808 0.07465719 0.03042888 -0.02704811 0.07355143 0.03039075 -0.0270088 0.0735395 0.02929079 -0.02788352 0.07592775 0.02951918 -0.027631 0.07563747 0.02950973 -0.02758425 0.07565364 0.029489 -0.02753741 0.07566293 0.02517149 -0.0320265 0.07845788 0.02519675 -0.03204884 0.07843322 0.02520506 -0.03205619 0.07841378 0.02522777 -0.03207628 0.07836063 0.02645327 -0.03074603 0.07799339 0.02676058 -0.03041244 0.07790129 0.02749849 -0.02961146 0.07768016 0.02819296 -0.02894193 0.07700115 0.02890663 -0.02825388 0.07630336 0.02887848 -0.02806883 0.07652635 0.02889909 -0.02811112 0.07651163 0.02891018 -0.02815227 0.07648989 0.02514623 -0.03200415 0.07848254 0.02512984 -0.03198965 0.07848722 0.02508502 -0.03195 0.0785 0.03026465 -0.02695 0.0735 0.03030621 -0.02696154 0.07351302 -0.03039075 -0.0270088 0.0735395 -0.03035917 -0.02697625 0.0735296 -0.03285615 -0.02699923 0.06571428 -0.03030621 -0.02696154 0.07351302 -0.032672 -0.02695 0.06565737 0.03281991 -0.02697078 0.0656872 0.03286063 -0.02699922 0.06569982 0.02646906 -0.02715536 -0.0255685 0.02587913 -0.02715519 -0.02611302 0.02587582 -0.02708015 -0.0261126 0.02380211 -0.02715456 -0.02803022 0.02283674 -0.02715427 -0.02892131 0.02285014 -0.02707146 -0.0289333 0.03638642 -0.02707327 0.00865849 0.03639941 -0.02711966 0.00865849 0.03614916 -0.02711094 0.0004116655 0.03603522 -0.0270297 0.0538481 0.03513591 -0.02703213 0.05782684 0.03515952 -0.02707629 0.05783276 -0.03291873 -0.02718494 0.06573369 -0.03292127 -0.02713703 0.06573448 -0.03516457 -0.02712362 0.05786331 -0.03544874 -0.02720932 0.05642311 -0.03505995 -0.02721203 0.05783468 -0.03046475 -0.02724593 0.07344896 -0.03043198 -0.02724618 0.07355241 -0.03044232 -0.02720244 0.07355564 -0.03515262 -0.02707632 0.05786031 -0.03605292 -0.02707265 0.05388559 -0.03602332 -0.02710485 0.05388204 -0.03654335 -0.02709866 0.04983271 -0.03045548 -0.02714672 0.07355976 -0.03044343 -0.02710204 0.07355599 -0.03291186 -0.02708674 0.06573156 -0.03096674 -0.02724202 0.07186416 -0.03273317 -0.02722826 0.06628251 -0.0327227 -0.02722833 0.0663205 -0.03197292 -0.02723418 0.0686876 -0.03045382 -0.02715373 0.07355925 -0.03593563 -0.02720643 0.05392877 -0.03578425 -0.02720697 0.05520499 -0.03642325 -0.02720467 0.04981793 -0.03639872 -0.02720476 0.05002474 -0.03628561 -0.02720516 0.05097833 -0.03594224 -0.0272064 0.05387307 -0.03436285 -0.02721689 0.06036564 -0.03419932 -0.02721803 0.06095936 -0.03288686 -0.02722719 0.0657245 -0.03667932 -0.02720452 0.04415263 -0.03672531 -0.0271186 0.04162596 -0.03669486 -0.02720369 0.04752816 -0.03668399 -0.02720373 0.04761983 -0.03657805 -0.02707168 0.04983672 -0.03671214 -0.02707246 0.04162609 -0.03636182 -0.02703013 0.008671186 -0.03607242 -0.02709038 0.0004255236 -0.03564911 -0.02711244 -0.003697225 -0.03584855 -0.02719557 -0.001539746 -0.03566241 -0.02719324 -0.003699572 -0.03601833 -0.02719769 0.0004302398 -0.03613776 -0.02719918 0.001815944 -0.03639941 -0.02711966 0.008671186 -0.03638362 -0.02720225 0.004668652 -0.03638529 -0.02720241 0.005134797 -0.03453064 -0.02719063 -0.009288789 -0.03495974 -0.02710784 -0.007787512 -0.03441101 -0.02719038 -0.009863169 -0.03391017 -0.02710461 -0.01178028 -0.03414856 -0.02718983 -0.01112332 -0.0319163 -0.02718199 -0.01729188 -0.03253063 -0.02708871 -0.01568116 -0.03101974 -0.02717735 -0.01882923 -0.03074056 -0.02707316 -0.01943714 -0.03090915 -0.02717678 -0.01901885 -0.03250239 -0.02718405 -0.01567228 -0.03313953 -0.02718629 -0.01391162 -0.03391106 -0.027189 -0.01177962 -0.03484816 -0.0271913 -0.007764266 -0.0354173 -0.02719249 -0.005031647 -0.03563959 -0.02719295 -0.003964388 -0.02586446 -0.0271572 -0.02608933 -0.0264943 -0.02715896 -0.02537257 -0.02592014 -0.02707985 -0.02613756 -0.02710067 -0.02716064 -0.02468251 -0.02857789 -0.0270925 -0.02295584 -0.01955318 -0.02708473 -0.03145683 -0.01956692 -0.02715341 -0.03147851 -0.02088461 -0.02715369 -0.03041691 -0.02282987 -0.02705934 -0.02892821 -0.0227922 -0.0271541 -0.02888005 -0.02382883 -0.02715432 -0.02804488 -0.02491506 -0.02715456 -0.02716975 -0.01330341 -0.02715181 -0.03483473 -0.01443832 -0.0271521 -0.0342322 -0.01215721 -0.02706965 -0.03520077 -0.01593977 -0.02705687 -0.03350978 -0.00738404 -0.02715068 -0.03663386 -0.008214554 -0.02706541 -0.03641006 -0.006788024 -0.02715056 -0.03681502 -0.004136331 -0.02705611 -0.03714402 -0.008204381 -0.02715083 -0.03638454 -0.01095654 -0.02715136 -0.03554805 -0.01215463 -0.02715159 -0.03518389 -0.01590819 -0.02715247 -0.03345183 -0.01775518 -0.02715295 -0.03247124 -0.01945461 -0.02715338 -0.03156899 -0.0286037 -0.02716483 -0.02297205 -0.02894328 -0.02716659 -0.02238976 -0.03068483 -0.02717561 -0.01940349 -0.03663098 -0.02720658 0.0352182 -0.03664214 -0.02720651 0.03607227 -0.03639513 -0.02720333 0.007876365 -0.03639797 -0.0272036 0.008671171 -0.03641476 -0.02720518 0.01335049 -0.03642467 -0.02720612 0.01611077 -0.03644105 -0.02720766 0.02067581 -0.03648768 -0.0272074 0.02424639 6.014957e-06 -0.0270086 -0.03743409 2.900602e-06 -0.02708177 -0.03745937 -0.004139848 -0.02700867 -0.03718233 -0.008223085 -0.02700885 -0.03643517 -0.01216205 -0.02700913 -0.03522106 -0.01595845 -0.02700946 -0.0335447 -0.01954343 -0.02700979 -0.03144127 -0.02285318 -0.02701007 -0.02895764 -0.02588816 -0.02701027 -0.02610704 -0.02855839 -0.02701392 -0.02294441 -0.03077673 -0.0270184 -0.01945858 -0.0325583 -0.02702148 -0.01569079 -0.03391661 -0.02702324 -0.01178314 -0.03492053 -0.02702414 -0.007779257 -0.03563887 -0.02702472 -0.003695311 -0.03611047 -0.02702571 0.0004222975 -0.03666446 -0.02720532 0.04092345 -0.0366677 -0.02720514 0.04162625 0.008215616 -0.02700885 -0.036437 0.008214639 -0.02707279 -0.03642245 0.004124871 -0.02700867 -0.03718415 0.004118602 -0.02706026 -0.03715138 0.01596153 -0.02700946 -0.03354312 0.0195533 -0.02700979 -0.03143406 0.01953219 -0.02705718 -0.03140011 0.01596428 -0.02708305 -0.03355172 0.01218067 -0.02700913 -0.03521413 0.01216583 -0.02705485 -0.03517564 0.03491852 -0.02702414 -0.007788809 0.03488682 -0.02709082 -0.007783444 0.0339069 -0.02702323 -0.01181233 0.03387844 -0.02709098 -0.01180229 0.0325404 -0.02702145 -0.01573494 0.03252525 -0.02709718 -0.01573082 0.03077919 -0.02701839 -0.01945609 0.03081592 -0.02709634 -0.01947622 0.02856611 -0.02701393 -0.0229339 0.02860107 -0.02708732 -0.02295952 0.02587829 -0.02701027 -0.02611739 0.02286481 -0.02701007 -0.02894786 0.0365558 -0.02702907 0.04979961 0.0360594 -0.02707263 0.05385289 0.03668717 -0.02702959 0.04159343 0.03658047 -0.02707168 0.04980128 0.03289407 -0.02703906 0.06571019 0.03291634 -0.02708671 0.06571709 0.03292575 -0.027137 0.06572001 0.03517148 -0.02712358 0.05783577 0.03636182 -0.02703013 0.00865849 0.03610984 -0.02702571 0.0004150555 0.03563831 -0.02702472 -0.003699237 0.002270528 -0.02715013 -0.03741705 -1.130289e-06 -0.02715007 -0.03749253 0.003698893 -0.0271503 -0.03717642 0.01094826 -0.02715134 -0.03556247 0.009119515 -0.02715093 -0.03626314 0.008216306 -0.02715082 -0.03641531 0.007375515 -0.02715073 -0.03655697 0.004109179 -0.02715034 -0.03710729 0.01773132 -0.02715292 -0.03245685 0.015971 -0.02715247 -0.03356777 0.02176284 -0.02715395 -0.02991256 0.02091793 -0.02715374 -0.03044579 0.01949717 -0.02715337 -0.03134242 0.01568751 -0.0271524 -0.03374669 0.01444527 -0.02715212 -0.03422263 0.01213896 -0.02715161 -0.03510627 0.03443607 -0.02719052 -0.01004337 0.03384657 -0.0271886 -0.01179032 0.03312216 -0.02718623 -0.01393703 0.03285462 -0.02718536 -0.01472986 0.02897146 -0.02716716 -0.0224074 0.02924774 -0.02716847 -0.0220584 0.03069343 -0.02717568 -0.01940942 0.03089934 -0.0271767 -0.01903212 0.03251717 -0.02718426 -0.01572988 0.03221849 -0.02718328 -0.01661501 0.03101072 -0.02717726 -0.01882804 0.03530705 -0.02719251 -0.005226807 0.03561422 -0.02709662 -0.003694349 0.03595766 -0.0271947 -0.001274319 0.03592033 -0.02719391 -0.001835295 0.03560093 -0.02719318 -0.003601642 0.03558528 -0.02719314 -0.003688188 0.03484593 -0.02719146 -0.007776858 0.03458442 -0.02719086 -0.009222985 0.03445126 -0.02719056 -0.009959386 0.02856029 -0.02716522 -0.02292679 0.0271932 -0.02715878 -0.02465373 0.02656972 -0.02715584 -0.02544134 0.03602576 -0.02720591 0.05390385 0.03603911 -0.02720582 0.05384776 0.03607228 -0.02711883 0.05385545 0.03618346 -0.0272049 0.05324136 0.03659377 -0.02711759 0.04980219 0.03636013 -0.02720454 0.05097061 0.03642156 -0.02720441 0.05018103 0.03645189 -0.02720435 0.04979119 0.03662023 -0.027204 0.04762761 0.03671183 -0.02707246 0.04159319 0.03672499 -0.02711861 0.04159307 0.03672658 -0.02720378 0.04626065 0.03421299 -0.02721772 0.06129523 0.03292322 -0.02718491 0.06571922 0.03444656 -0.02721597 0.06053805 0.0345028 -0.02721561 0.06030177 0.03509421 -0.02721184 0.05781727 0.03531032 -0.02721046 0.05690939 0.03544826 -0.02720959 0.05632993 0.03670274 -0.02720422 0.04415209 0.0366738 -0.02720477 0.04159363 0.03666622 -0.02720491 0.0409231 0.03660145 -0.02720612 0.03519601 0.03652034 -0.02720765 0.02802306 0.03648426 -0.02720757 0.02424802 0.03641475 -0.02720702 0.0159058 0.03640964 -0.02720627 0.01336047 0.03641746 -0.02720742 0.01725678 0.0364002 -0.02720489 0.008658483 0.03639867 -0.02720467 0.007898658 0.0363934 -0.0272039 0.005273989 0.0363845 -0.02720371 0.005140221 0.03616701 -0.02719912 0.001871756 0.0360702 -0.02719707 0.000416948 0.01215684 -0.02696417 -0.03515041 0.00819944 -0.02696411 -0.03637104 0.008848055 -0.02695 -0.03612915 6.002931e-06 -0.02696405 -0.03736627 0.002128797 -0.02695 -0.03722581 0.004116703 -0.02696406 -0.03711681 0.004085438 -0.02695 -0.03690647 0.008172091 -0.02695 -0.03623948 0.0195154 -0.02696432 -0.03137723 0.0211734 -0.02695 -0.03011145 0.02282075 -0.02696438 -0.0288955 0.02268195 -0.02695 -0.02873868 0.02582875 -0.02696443 -0.02607006 0.01207266 -0.02695 -0.03492498 0.01526233 -0.02695 -0.03373386 0.01593043 -0.02696424 -0.03348246 0.01586483 -0.02695 -0.03336462 0.01940172 -0.02695 -0.03119716 0.02850968 -0.02696526 -0.02289254 0.03014793 -0.02695 -0.02026172 0.03071621 -0.02696626 -0.01942161 0.03057485 -0.02695 -0.01934992 0.03247307 -0.02696694 -0.01570763 0.0323131 -0.02695 -0.0156374 0.03288494 -0.02695 -0.01441607 0.03383666 -0.02696734 -0.01179157 0.03364249 -0.02695 -0.01173568 0.03484656 -0.02696754 -0.007773639 0.03476463 -0.02695 -0.00776525 0.03556534 -0.02696767 -0.003688761 0.03532854 -0.02695 -0.003655755 0.03603609 -0.02696788 0.0004214109 0.02572785 -0.02695 -0.02596694 0.02635836 -0.02695 -0.02539319 0.02831241 -0.02695 -0.02274721 0.03589018 -0.02695 0.0004372285 0.03604106 -0.02695 0.001536748 0.03628649 -0.02696885 0.00865849 0.03661199 -0.02696873 0.04159415 0.03649388 -0.02695 0.0415953 0.03653863 -0.02695 0.04598152 0.03648095 -0.02696862 0.04979452 0.03626795 -0.02695 0.04977962 0.03604423 -0.02695 0.05291867 0.03596145 -0.02696876 0.05383348 0.03583071 -0.02695 0.05380553 0.03506231 -0.02696929 0.05780837 0.03615735 -0.02695 0.008659213 0.03620434 -0.02695 0.01153698 0.03641487 -0.02695 0.03385235 0.03510234 -0.02699546 0.05781841 0.03600144 -0.02699415 0.0538414 0.03652149 -0.0269938 0.04979727 0.03665274 -0.02699409 0.04159376 0.03269574 -0.02695 0.06564872 0.03397041 -0.02695 0.06153214 0.03487786 -0.02695 0.05776311 -0.03281543 -0.02697078 0.06570166 -0.0303525 -0.0269744 0.07352751 -0.03625898 -0.02695 0.04981406 -0.03647853 -0.02696862 0.04982987 -0.03601768 -0.02695 0.05307462 -0.03595497 -0.02696876 0.0538661 -0.03431645 -0.02695 0.06030014 -0.03505541 -0.02696929 0.05783589 -0.03490528 -0.02695 0.05779923 -0.03583714 -0.02695 0.05384139 -0.03653755 -0.02695 0.04604996 -0.03648603 -0.02695 0.04162832 -0.0366123 -0.02696873 0.04162703 -0.03249093 -0.02696695 -0.01566357 -0.03384618 -0.02696734 -0.01176268 -0.0336958 -0.02695 -0.01198143 -0.0355659 -0.02696767 -0.003684842 -0.0353715 -0.02695 -0.004431264 -0.03484857 -0.02696754 -0.007764102 -0.03464178 -0.02695 -0.007719131 -0.03375018 -0.02695 -0.01173641 -0.0258386 -0.02696443 -0.02605975 -0.02850198 -0.02696525 -0.02290303 -0.02781532 -0.02695 -0.02367829 -0.02567976 -0.02695 -0.02590779 -0.02333399 -0.02695 -0.02835673 -0.02280914 -0.02696438 -0.02890527 -0.02272507 -0.02695 -0.02879845 -0.01950557 -0.02696432 -0.03138439 -0.008206896 -0.02696411 -0.0363692 -0.01213825 -0.02696417 -0.03515732 -0.01142127 -0.02695 -0.03533807 -0.01938898 -0.02695 -0.03121853 -0.01782635 -0.02695 -0.0323521 -0.01592736 -0.02696424 -0.03348404 -0.0158304 -0.02695 -0.03328259 -0.01208478 -0.02695 -0.03502876 -0.03228877 -0.02695 -0.01558358 -0.03127819 -0.02695 -0.01817076 -0.03071392 -0.02696626 -0.01942419 -0.03055097 -0.02695 -0.01932737 -0.02836213 -0.02695 -0.02280861 -0.0363165 -0.02695 0.02707957 -0.03621977 -0.02695 0.01610816 -0.03628649 -0.02696885 0.008671186 -0.03618957 -0.02695 0.008671231 -0.03627162 -0.02696846 0.004548593 -0.03617047 -0.02695 0.003966554 -0.03603672 -0.02696788 0.0004286454 -0.03583562 -0.02695 0.0004470334 -0.03544399 -0.02695 -0.003669308 -0.03509544 -0.02699547 0.05784595 -0.03599496 -0.02699415 0.05387406 -0.03651907 -0.0269938 0.04983266 -0.03665305 -0.02699408 0.04162665 -0.03668747 -0.02702959 0.04162632 -0.03655338 -0.02702907 0.04983503 -0.03602874 -0.02702972 0.05388078 -0.03512901 -0.02703215 0.05785438 -0.0328896 -0.02703908 0.06572466 -0.03042888 -0.02704811 0.07355143 -0.03632735 -0.02699438 0.008671186 -0.008148632 -0.02695 -0.03612931 -0.004665654 -0.02695 -0.03697141 -0.004131651 -0.02696406 -0.03711499 -0.004120874 -0.02695 -0.0369918 1.146057e-05 -0.02695 -0.03714652 0.03193609 -0.02723486 0.06867644 0.03267796 -0.02722928 0.06627147 0.03285482 -0.02722795 0.06569811 0.03046397 -0.02724594 0.07344873 0.03095284 -0.02724226 0.0718639 -0.003703511 -0.02715034 -0.03712294 -0.004130931 -0.02715037 -0.03708026 -0.02816924 -0.02870012 0.0772483 -0.02813814 -0.02866759 0.0772496 -0.02881265 -0.02799862 0.07653361 -0.02996734 -0.02748387 0.07456907 -0.02947234 -0.02773708 0.07565217 -0.02951634 -0.02763322 0.07564209 -0.02598323 -0.03119026 0.07834144 -0.02520506 -0.03205619 0.07841378 -0.02519675 -0.03204884 0.07843322 -0.02517149 -0.0320265 0.07845788 -0.02671786 -0.03029672 0.07815049 -0.02675644 -0.03034727 0.07811245 -0.02751159 -0.0295443 0.07772963 -0.02950688 -0.02758649 0.0756583 -0.03003388 -0.02723176 0.07465764 -0.03004155 -0.02728306 0.07464937 -0.028229 -0.02880858 0.07719434 -0.02937987 -0.02744049 0.07564896 -0.02877692 -0.02797298 0.07652331 -0.02811598 -0.02863994 0.07722846 -0.02819613 -0.02873632 0.07723814 -0.02884655 -0.02803225 0.07653637 -0.02989905 -0.02708455 0.07463054 -0.02994127 -0.02710489 0.07464491 -0.02941886 -0.0274638 0.07566196 -0.02945566 -0.02749748 0.07566874 -0.02998094 -0.02713771 0.07465529 -0.02664547 -0.030216 0.0781864 -0.02510691 -0.03196936 0.07849376 -0.02512984 -0.03198965 0.07848722 -0.02667263 -0.03024173 0.07818535 -0.02514623 -0.03200415 0.07848254 -0.02669357 -0.03026931 0.07816356 -0.02522777 -0.03207628 0.07836063 -0.02589884 -0.03132804 0.07830112 -0.02646696 -0.03072229 0.0780533 -0.02675308 -0.03041722 0.0779285 -0.02782421 -0.02927515 0.07746127 -0.02819785 -0.02892645 0.07705113 -0.02887523 -0.02807187 0.0765303 -0.02948614 -0.02753966 0.07566761 -0.03001315 -0.02718142 0.0746598 -0.02747797 -0.02948318 0.07777746 -0.02821649 -0.02877344 0.07721956 0.01744464 0.01149003 0.03301015 0.01415481 0.01203237 0.03460177 0.01387746 0.01027158 0.03456135 0.01051657 0.0109463 0.03583176 -0.03744415 -0.02221155 0.009083717 -0.03744764 -0.02173926 0.007110214 -0.03686884 -0.02499127 0.00419703 -0.03689861 -0.02409871 0.002211845 -0.03695985 -0.02132235 -0.001084605 -0.0369908 -0.01952624 -0.002317355 -0.03618687 -0.02230615 -0.00576538 -0.03624228 -0.02013377 -0.006743969 -0.03402463 -0.003482982 0.01416191 -0.03418429 -0.0006348623 0.01414119 -0.03663578 -0.004471471 0.0071294 -0.01949475 -0.03203448 0.1198 -0.02071752 -0.03120009 0.1198 -0.02058484 -0.03123271 0.1027381 -0.003591883 -0.03767198 0.09534139 -0.00715034 -0.03713273 0.09524651 -0.007108849 -0.03798585 0.09133927 -0.03715428 -0.004397148 0.08534585 -0.0374822 -0.0006189864 0.08470773 -0.03747781 -0.001342296 0.07990475 -0.03703959 -0.0086877 0.07188467 -0.03746832 -0.004843075 0.07100664 -0.03746336 -0.007424459 0.06701814 -0.03553165 0.01198846 0.1198 -0.03464 0.014238 0.1198 -0.03454627 0.01434282 0.09801864 -0.02981385 0.006366041 0.05535842 -0.0299664 0.01006118 0.05813383 -0.02520963 0.01550225 0.05663712 -0.01661919 0.02174093 0.05485253 -0.01964786 0.01994342 0.05537622 -0.01979761 0.02380863 0.05894231 -0.01313201 0.01163033 0.04935252 -0.01303322 0.008517585 0.04892138 -0.01908388 0.005696123 0.04940041 -6.766976e-18 0.02165341 0.05106949 -6.486093e-18 0.0176336 0.04956196 -0.006719247 0.01700292 0.04974101 -0.03325472 -0.01039318 0.05009041 -0.03317372 -0.01170821 0.04786256 -0.0362952 -0.01744342 0.04819547 -0.01855476 0.0009831997 0.03878655 -0.02400427 -0.002525144 0.03787814 -0.02403988 -0.002898855 0.04003786 0.007175888 0.03677879 0.08372285 0.007258144 0.03677893 0.09547701 0.01424163 0.0346464 0.09574025 0.02636543 0.02666703 0.1198 0.02655116 0.02646305 0.1198 0.02635723 0.02652171 0.09668603 0.003432438 0.02577538 0.05363016 0.006837813 0.02526174 0.05379169 0.006777823 0.0209958 0.0512731 0.01334608 0.01905158 0.05185362 0.01323686 0.01513617 0.05025192 0.006719247 0.01700292 0.04974101 0.02504585 0.01161248 0.0539494 0.02488592 0.007976458 0.05209882 0.0193543 0.01209362 0.05105294 0.03439383 0.01432682 0.08740889 0.03454627 0.01434282 0.09801864 0.03675777 0.007282793 0.0987597 0.02737869 0.005553857 0.05269879 0.03497342 -0.01130806 0.05205306 0.03635298 -0.01440492 0.05250505 0.0363225 -0.01628037 0.05066532 0.03147921 -0.00551276 0.05118385 0.03334516 -0.008336567 0.05161131 0.03325472 -0.01039318 0.05009041 0.003939309 -0.03729243 0.1198 -1.551053e-17 -0.0375 0.1198 -1.484794e-17 -0.03749865 0.1034613 -0.01950186 0.01755 0.03202923 -0.02084558 0.01755 0.03111254 -0.02087338 0.01567775 0.0311533 -0.02955782 0.01755 -0.0230778 -0.0288544 0.01755 -0.02388792 -0.02858658 -0.008474049 -0.02384179 0.02636932 0.01755 -0.02666296 0.0261197 -0.009441754 -0.02654791 0.02341078 -0.01032028 -0.02900262 0.03180377 0.01755 0.01986942 0.031192 0.01755 0.02074306 0.03122512 0.01621046 0.02076625 0.02636693 0.01755 0.02666554 0.02381713 0.01755 0.02893575 0.02383299 0.01579069 0.02895357 0.03588505 -0.02636832 0.05575167 0.03621891 -0.02635919 0.05417526 0.03680235 -0.02430958 0.05388385 0.03685533 -0.02634724 0.04917799 0.03686347 -0.0263475 0.04868475 0.03743196 -0.02366032 0.04853956 0.03666243 -0.02635702 0.01293205 0.03676145 -0.02590421 0.01323249 0.03675268 -0.02635554 0.02183642 0.03532232 -0.02630397 -0.006835537 0.03613123 -0.02424358 -0.004423635 0.03607582 -0.02590088 -0.002766931 0.02701105 -0.02616995 -0.02500218 0.02695593 -0.02616992 -0.02505849 0.03032931 -0.02355082 -0.02079435 0.02102289 -0.02616523 -0.03049626 0.02014101 -0.02616426 -0.03107088 0.02016697 -0.02611647 -0.03110841 0.01993037 -0.02616403 -0.03120811 0.008523762 -0.02615321 -0.03636687 0.00707178 -0.02615226 -0.03671683 0.007180475 -0.01312363 -0.03677221 -0.01204571 -0.0261558 -0.03531308 -0.01386922 -0.02615763 -0.03454812 -0.01409378 -0.01234704 -0.03463665 -0.02013623 -0.02616423 -0.03106745 -0.02016697 -0.02611647 -0.03110841 -0.0199371 -0.026164 -0.03120932 -0.035107 -0.02630191 -0.007750557 -0.03529638 -0.02630334 -0.006865965 -0.03613123 -0.02424358 -0.004423635 -0.03661599 -0.02633838 0.005112274 -0.03661795 -0.02633928 0.005616157 -0.03683998 -0.02549417 0.006356298 -0.03018006 -0.02639998 0.07602608 0.02564669 -0.03029522 0.08129958 0.03018006 -0.02639998 0.07602608 0.03381245 -0.01974348 0.07444599 0.03032126 -0.02444419 0.07998649 0.02381773 -0.03302789 0.07954816 0.02006907 -0.03508928 0.0824048 0.02184248 -0.03484222 0.07956892 0.01387492 -0.03706261 0.08704012 0.01368361 -0.04042706 0.07963479 0.01426363 -0.04016596 0.07963159 0.01917329 -0.03701187 0.07959409 0.02018982 -0.03351067 0.0862776 0.01758071 -0.03820048 0.07960805 0.01631199 -0.03895224 0.07961705 0.01995317 -0.0364298 0.07958726 0.02081155 -0.03578915 0.07957974 0.007063887 -0.03925357 0.08752768 0.01262299 -0.04090451 0.07964062 0.01328333 -0.04060725 0.07963698 0.006957402 -0.04291139 0.0796652 0.007282364 -0.04284966 0.07966442 0.006966658 -0.04269039 0.08011755 0.01011103 -0.04195184 0.07965343 0.01073974 -0.04175229 0.07965098 0.003498427 -0.04324415 0.0802699 0.00363711 -0.04354213 0.07967312 0.00678374 -0.04294438 0.07966562 -1.192457e-17 -0.04342999 0.08032195 0.003385908 -0.04355799 0.07967332 0.003493767 -0.04355118 0.07967323 -0.00351044 -0.04355783 0.07967332 -0.003494181 -0.04355882 0.07967333 -0.003498427 -0.04324415 0.0802699 -5.519629e-05 -0.04376838 0.07967591 -3.450544e-15 -0.04377174 0.07967596 -0.01021846 -0.0419059 0.07965286 -0.006966658 -0.04269039 0.08011755 -0.01096625 -0.04166491 0.07964991 -0.01263423 -0.04090478 0.07964062 -0.007319525 -0.04284018 0.07966431 -0.006956953 -0.04290849 0.07966517 -0.006925057 -0.04291449 0.07966524 -0.01387492 -0.03706261 0.08704012 -0.01340855 -0.04055191 0.07963631 -0.007063887 -0.03925357 0.08752768 -0.02124473 -0.03542427 0.07957554 -0.01994596 -0.0364203 0.07958718 -0.02006907 -0.03508928 0.0824048 -0.01921604 -0.03698009 0.07959372 -0.01640094 -0.03888365 0.07961623 -0.01794994 -0.03795107 0.07960507 -0.02018982 -0.03351067 0.0862776 -0.01431957 -0.04013674 0.07963124 -0.01368332 -0.04042669 0.07963478 -0.02564669 -0.03029522 0.08129958 -0.0218618 -0.0348389 0.07956887 -0.03032126 -0.02444419 0.07998649 -0.03109758 -0.02651591 0.07270671 -0.03381245 -0.01974348 0.07444599 -0.03317918 -0.02645052 0.06577244 -0.03269051 -0.02646587 0.06740031 -0.0335702 -0.02474982 0.06698658 -0.03140784 -0.02650616 0.07167318 -0.03612697 -0.01775645 0.06523309 -0.03457562 -0.02640666 0.06112063 -0.03345527 -0.02644185 0.06485274 -0.03485927 -0.02639811 0.05995605 -0.0359818 -0.02327404 0.05925187 -0.0353861 -0.02638222 0.05779302 -0.03591293 -0.02562007 0.0567177 -0.03560754 -0.02637555 0.05688388 -0.03588366 -0.02636722 0.0557502 -0.03612613 -0.02635991 0.05475471 -0.03680235 -0.02430958 0.05388385 -0.03687673 -0.01981196 0.05850058 -0.03676911 -0.02592777 0.05155235 -0.03627839 -0.02635714 0.05376699 -0.03621585 -0.02635828 0.0541727 -0.03675628 -0.02634858 0.05047751 -0.0367435 -0.02634868 0.05074991 -0.03661285 -0.02635105 0.05159746 -0.03684019 -0.02634793 0.048689 -0.03679553 -0.02634828 0.04964083 -0.03743196 -0.02366032 0.04853956 -0.03743557 -0.02264595 0.05125884 -0.03695562 -0.02634704 0.04622854 -0.03742886 -0.02410597 0.04555506 -0.03695048 -0.02634777 0.0456019 -0.03742632 -0.02415266 0.04254329 -0.03692517 -0.02635135 0.04251492 -0.03742197 -0.02373436 0.03287588 -0.0368614 -0.02636036 0.03473828 -0.03691626 -0.02635261 0.04142799 -0.03670258 -0.02636215 0.02146416 -0.03676145 -0.02590421 0.01323249 -0.03666877 -0.02636253 0.01863787 -0.03664645 -0.02635232 0.01291832 -0.03662998 -0.02634479 0.008698455 -0.03681228 -0.0256518 0.008631825 -0.03662745 -0.02634363 0.008049897 -0.03646763 -0.02632756 0.002812064 -0.03631556 -0.02631648 0.0004544468 -0.03628502 -0.02631425 -1.911212e-05 -0.03624856 -0.02631159 -0.0005843579 -0.03607582 -0.02590088 -0.002766931 -0.03692903 -0.02286093 0.0004386441 -0.03604035 -0.0263097 -0.002106191 -0.03555331 -0.02630528 -0.0056659 -0.03582732 -0.02630777 -0.003663191 -0.03587296 -0.02630818 -0.003329621 -0.03409567 -0.02629188 -0.01176743 -0.0343907 -0.02629549 -0.01079843 -0.03460554 -0.02629813 -0.01009277 -0.03271471 -0.02627128 -0.01569362 -0.03293483 -0.02627512 -0.01516117 -0.03375944 -0.02515025 -0.01356831 -0.03341893 -0.02628357 -0.01399019 -0.03369325 -0.02628694 -0.01308921 -0.03088393 -0.02623439 -0.01948603 -0.03194461 -0.02625783 -0.01755639 -0.03384925 -0.02245274 -0.01422742 -0.03065484 -0.02622933 -0.01990278 -0.03032931 -0.02355082 -0.02079435 -0.03022956 -0.02621993 -0.02067647 -0.03043131 -0.02032484 -0.02081622 -0.02685292 -0.02617235 -0.02509707 -0.02805608 -0.0261746 -0.02376311 -0.02860815 -0.02618608 -0.02299252 -0.03010469 -0.02621717 -0.02090363 -0.02283813 -0.02616717 -0.02902131 -0.02525916 -0.02616936 -0.0268641 -0.02575797 -0.02350045 -0.02645613 -0.02565911 -0.02617011 -0.02642067 -0.02590044 -0.02617056 -0.0261531 -0.02216042 -0.02616656 -0.02962518 -0.02048522 -0.01110205 -0.03118275 -0.01891928 -0.02616283 -0.03193454 -0.01950039 -0.0261635 -0.03152049 -0.01708092 -0.02616091 -0.03295997 -0.01736991 -0.01177995 -0.03306681 -0.0158933 -0.02615968 -0.03362241 -0.0153394 -0.0261591 -0.03393137 -0.01068676 -0.01279672 -0.03587601 -0.01169539 -0.02615544 -0.03546004 -0.007075563 -0.02615236 -0.03672257 -0.007846595 -0.02615281 -0.03658888 -0.007180475 -0.01312363 -0.03677221 -0.008055106 -0.02615295 -0.03652772 -0.01052288 -0.02615464 -0.03580394 -0.003941575 -0.02615056 -0.03726597 -0.003607215 -0.01332295 -0.03731462 -0.003557068 -0.02615053 -0.03728811 4.632354e-18 -0.01339033 -0.03749664 2.162338e-16 -0.02615027 -0.03749298 0.0002634931 -0.02615027 -0.03748447 0.003607215 -0.01332295 -0.03731462 0.002208172 -0.02615024 -0.0374217 0.006144696 -0.02615165 -0.03694029 0.00441426 -0.02615103 -0.03715192 0.003551962 -0.02615072 -0.03725736 0.01052833 -0.02615462 -0.03582758 0.01007878 -0.02615423 -0.03599207 0.01068676 -0.01279672 -0.03587601 0.01251617 -0.02615635 -0.03510025 0.01409378 -0.01234704 -0.03463665 0.01387145 -0.02615753 -0.03460439 0.01630253 -0.02616009 -0.03338759 0.01736991 -0.01177995 -0.03306681 0.01709871 -0.02616092 -0.03298908 0.02048522 -0.01110205 -0.03118275 0.0198854 -0.02616397 -0.03123743 0.01752293 -0.02616137 -0.03277676 0.02564111 -0.02616925 -0.02640197 0.02417023 -0.02616849 -0.02790491 0.02575797 -0.02350045 -0.02645613 0.02321363 -0.0261675 -0.02869252 0.02892092 -0.02619239 -0.02259672 0.03384925 -0.02245274 -0.01422742 0.0302005 -0.02621868 -0.02065446 0.02926158 -0.02619639 -0.02216767 0.03273062 -0.02627263 -0.01578491 0.03112332 -0.02624058 -0.01916717 0.03067599 -0.02622996 -0.01988812 0.03409034 -0.02629239 -0.01194118 0.03368631 -0.02628652 -0.01308331 0.03375944 -0.02515025 -0.01356831 0.03295484 -0.02627589 -0.01515107 0.03290688 -0.02627519 -0.01528664 0.03618687 -0.02230615 -0.00576538 0.0343647 -0.02629501 -0.01083653 0.03624228 -0.02013376 -0.006743969 0.0342422 -0.02629384 -0.01132974 0.03525687 -0.02630354 -0.00724438 0.03605819 -0.02630884 -0.002239296 0.03590108 -0.0263078 -0.003220612 0.03589091 -0.02630773 -0.003284083 0.03689861 -0.02409871 0.002211845 0.03625004 -0.02631506 -0.0001064776 0.03692903 -0.02286093 0.0004386441 0.03607468 -0.02630895 -0.002136299 0.03657702 -0.02633565 0.005488104 0.03655102 -0.02632554 0.003377324 0.03686884 -0.02499127 0.00419703 0.03651442 -0.02632426 0.002953662 0.03633624 -0.02631806 0.0008911774 0.03662197 -0.02635312 0.009137093 0.03660811 -0.02634774 0.008012294 0.03681228 -0.0256518 0.008631825 0.03683998 -0.02549417 0.006356298 0.0366332 -0.02635749 0.01004919 0.03743464 -0.02262824 0.01538217 0.03685882 -0.02635381 0.03230787 0.03742197 -0.02373436 0.03287588 0.03695439 -0.02635225 0.0417366 0.03742632 -0.02415266 0.04254329 0.03695557 -0.02635201 0.04188298 0.03691428 -0.02634915 0.04560491 0.03696216 -0.02635071 0.04270272 0.03696067 -0.026351 0.04251684 0.03676008 -0.0263486 0.05008341 0.03660019 -0.02635088 0.05160324 0.03676911 -0.02592777 0.05155235 0.03643886 -0.02635318 0.05313668 0.03622099 -0.02635914 0.05416542 0.03377448 -0.02643059 0.06393562 0.03484413 -0.02639859 0.05996092 0.0359818 -0.02327404 0.05925187 0.03533728 -0.02638384 0.05812846 0.0327184 -0.02646445 0.06739532 0.03315926 -0.02645032 0.06595109 0.0335702 -0.02474982 0.06698658 0.0334819 -0.02643997 0.0648941 0.03612697 -0.01775645 0.06523309 0.03141672 -0.02650619 0.07165962 0.03369175 -0.02211618 0.07059102 0.003926461 0.01755 0.03729348 0.003684491 0.01535908 0.03731818 0.004813069 0.01755 0.03718942 0.007332791 0.01538745 0.03677584 0.00732449 0.01755 0.03673042 0.01090989 0.01543411 0.03587845 0.01438081 0.01549854 0.03463332 0.01436123 0.01755 0.03458567 0.0124078 0.01755 0.03538857 0.0108961 0.01755 0.03583137 0.008660343 0.01755 0.03648628 0.01771234 0.01558006 0.03305247 0.01685174 0.01755 0.03349964 0.01604698 0.01755 0.0338928 0.02342918 0.01755 0.02928116 0.02085515 0.01755 0.03112788 0.02087338 0.01567775 0.0311533 0.02025325 0.01755 0.0315597 0.01769356 0.01755 0.03301954 0.02955976 0.01755 0.02307402 0.0269948 0.01755 0.02602922 0.02656104 0.01591792 0.02647205 0.02655943 0.01755 0.02647045 0.03468461 0.01654532 0.01425568 0.03464 0.01755 0.014238 0.03409147 0.01755 0.01562185 0.03724784 0.01755 0.004341564 0.03676424 0.01755 0.007182112 0.0368044 0.01691108 0.007188945 0.03658676 0.01755 0.008224583 0.03749919 0.01729905 -0.0002451031 0.03748896 0.01755 -0.0002455129 0.03733588 0.01710293 0.003504551 0.03734087 0.01755 0.003450921 0.03729461 0.01749478 -0.003918612 0.03724662 0.01755 -0.004351081 0.03749726 0.01755 -0.0004527881 0.0364025 -0.01273653 -0.007452892 0.03561795 -0.003889757 -0.01104687 0.03658464 -0.002612524 -0.00750585 0.03577159 0.01755 -0.01108354 0.03637835 0.01755 -0.009103329 0.03658506 0.01755 -0.008233429 0.03670315 0.01755 -0.007540421 0.03713639 0.01755 -0.004997948 0.03432134 -0.005124462 -0.01448259 0.03451823 0.01755 -0.01452383 0.03523412 0.01755 -0.0128376 0.03106477 0.01755 -0.0209705 0.03131511 0.01755 -0.02063047 0.03078907 -0.007425919 -0.02091024 0.03179857 0.01755 -0.01987712 0.03270655 -0.006306353 -0.01778063 0.03293637 0.01755 -0.01782447 0.03370773 0.01755 -0.01643291 0.02899961 0.01755 -0.0237754 0.02858658 -0.008474049 -0.02384179 0.02887839 0.01755 -0.02390847 0.02071752 0.01755 -0.0312001 0.02272032 0.01755 -0.02983342 0.02342797 0.01755 -0.02928098 0.02368141 0.01755 -0.0290554 0.01949476 0.01755 -0.03203447 0.01605604 0.01755 -0.0338888 0.01426622 0.01755 -0.03462438 0.01241387 0.01755 -0.03538567 0.0115665 0.01755 -0.03567161 0.01082793 0.01755 -0.03586923 0.007791206 0.01755 -0.0366818 1.625001e-18 0.01755 -0.03750016 0.003658586 0.01755 -0.03730765 0.003932799 0.01755 -0.03729323 0.007279152 0.01755 -0.03676294 -0.004821622 0.01755 -0.03718877 -0.00393072 0.01755 -0.03729343 -0.003658592 0.01755 -0.03730775 -0.007274358 0.01755 -0.03673986 -0.008662865 0.01755 -0.03648572 -0.01082224 0.01755 -0.03585252 -0.01241157 0.01755 -0.03538647 -0.02025413 0.01755 -0.03155987 -0.01686051 0.01755 -0.0334958 -0.01605395 0.01755 -0.03388979 -0.01426623 0.01755 -0.03462438 -0.02699572 0.01755 -0.02602849 -0.02636919 0.01755 -0.02666308 -0.0261197 -0.009441754 -0.02654791 -0.0236814 0.01755 -0.02905539 -0.02341078 -0.01032028 -0.02900262 -0.02342764 0.01755 -0.02928125 -0.02072941 0.01755 -0.03121862 -0.03370756 0.01755 -0.01643327 -0.03293636 0.01755 -0.01782446 -0.03270655 -0.006306353 -0.01778063 -0.03179796 0.01755 -0.01987809 -0.03432134 -0.005124462 -0.01448259 -0.03408874 0.01755 -0.01562728 -0.03561795 -0.003889757 -0.01104687 -0.03552897 0.01755 -0.01199742 -0.03452498 0.01755 -0.01452781 -0.03713659 0.01755 -0.004997702 -0.03670304 0.01755 -0.007540391 -0.03658464 -0.002612524 -0.00750585 -0.0365843 0.01755 -0.008236782 -0.0357841 0.01755 -0.0110883 -0.03724614 0.01755 -0.004355179 -0.03729461 0.01749478 -0.003918612 -0.03733883 0.01755 -0.003472136 -0.03749919 0.01729905 -0.0002451031 -0.03747007 0.01755 -0.0002439185 -0.03468461 0.01654532 0.01425568 -0.03463988 0.01755 0.01423672 -0.03523942 0.01755 0.0128223 -0.03591818 0.016725 0.0107751 -0.03638314 0.01755 0.009082577 -0.0368044 0.01691108 0.007188945 -0.03658979 0.01755 0.008211075 -0.0367646 0.01755 0.007182187 -0.03733588 0.01710293 0.003504565 -0.03724921 0.01755 0.004329784 -0.03749752 0.01755 0.0004313351 -0.03371388 0.01755 0.01642133 -0.03311564 0.01637328 0.01759706 -0.03180784 0.01755 0.0198629 -0.03122512 0.01621046 0.02076625 -0.03132283 0.01755 0.02061869 -0.023433 0.01755 0.02927811 -0.02381724 0.01755 0.02893589 -0.02383299 0.01579069 0.02895357 -0.02637157 0.01755 0.02666095 -0.02656104 0.01591792 0.02647205 -0.02655145 0.01755 0.02646331 -0.02903267 0.01605826 0.02373376 -0.02900487 0.01755 0.02376773 -0.03121804 0.01755 0.02076104 -0.0227276 0.01755 0.02982864 -0.01768833 0.01755 0.03300797 -0.01771234 0.01558006 0.03305247 -0.01606208 0.01755 0.03388564 -0.01438081 0.01549854 0.03463332 -0.01436115 0.01755 0.03458554 -0.01242016 0.01755 0.03538423 -0.01090989 0.01543411 0.03587845 -0.01155922 0.01755 0.03567467 -0.007332791 0.01538745 0.03677584 -0.007789322 0.01755 0.03668193 -0.01090234 0.01755 0.03585018 0.003683863 0.01755 0.03730624 4.58995e-18 0.01755 0.0375 4.528875e-18 0.01534951 0.0375 -0.003683847 0.01755 0.03730594 -0.003684491 0.01535908 0.03731818 -0.003932484 0.01755 0.03729285 -0.007329454 0.01755 0.03675477 0.003547896 -0.03980935 0.08765535 -1.281373e-17 -0.03999578 0.08769898 -1.377847e-17 -0.03785267 0.09537382 0.003591883 -0.03767198 0.09534139 0.007187581 -0.03679354 0.09927226 0.007219796 -0.03678382 0.103374 0.007274324 -0.0367397 0.1198 0.004830686 -0.03718751 0.1198 0.01410712 -0.03467649 0.09896825 0.02058484 -0.03123271 0.1027381 0.02026143 -0.03155519 0.1198 0.01416759 -0.03466816 0.1031258 0.01686828 -0.03349189 0.1198 0.01606178 -0.03388609 0.1198 0.01426621 -0.03462439 0.1198 0.01241983 -0.03538358 0.1198 0.00867153 -0.03648365 0.1198 0.03554569 -0.0263776 0.05735402 0.03687673 -0.01981196 0.05850058 0.0374486 -0.01628709 0.05774198 0.03745838 -0.01039516 0.06342107 0.03695749 -0.01410627 0.06433142 0.02956316 -0.02307096 0.1198 0.02700173 -0.02602225 0.1198 0.02623294 -0.02660706 0.1022333 0.02050322 -0.03123897 0.09849323 0.02614016 -0.02661041 0.09787422 0.03090107 -0.02096332 0.1016346 0.03654094 -0.007642594 0.09067467 0.03718774 -0.003967458 0.09013661 0.03724376 -0.003849797 0.09988439 0.03441492 -0.01451173 0.1009656 0.03452515 -0.01452789 0.1198 0.03409236 -0.01561939 0.1198 0.03371136 -0.01642546 0.1198 0.03180256 -0.01987072 0.1198 0.03104316 -0.02095595 0.1198 0.02637536 -0.02665699 0.1198 0.02343442 -0.02927582 0.1198 0.02072959 -0.03121888 0.1198 -4.970438e-18 0.005680702 0.04005954 0.006396323 0.005145983 0.03990921 0.006438078 0.006244344 0.03838798 0.03674415 -0.02634883 0.05023481 0.03743557 -0.02264596 0.05125884 0.03743959 -0.02094827 0.05342696 0.03732194 -0.01277773 0.05697568 0.03732327 -0.009837588 0.05947416 0.03732463 -0.006681267 0.06250166 0.03511618 -0.006090447 0.05546417 0.03354757 -0.002930395 0.05473106 0.03365612 0.000319431 0.05693252 0.03620104 -0.01495304 0.06883374 0.03699868 -0.01121869 0.0679303 0.03746336 -0.007424461 0.06701814 0.037326 -0.003618259 0.06609651 0.03627457 -0.01247375 0.07275423 0.03703959 -0.0086877 0.07188467 0.03746832 -0.004843078 0.07100664 0.03732737 -0.0009774319 0.07011896 0.03393043 -0.01774696 0.07851677 0.03634647 -0.01043961 0.07694359 0.03707957 -0.006637274 0.07613518 0.03747316 -0.002777901 0.07531881 0.03732871 0.001111274 0.07449279 0.0366072 0.004911491 0.07366983 0.03657053 0.002795244 0.06923516 0.03653302 9.115213e-05 0.06517944 0.03649525 -0.003067751 0.06158724 0.03645778 -0.006332609 0.05861202 0.03642119 -0.009375586 0.05621407 0.03731946 -0.01761983 0.05296445 0.03731835 -0.01940502 0.05096103 0.03731735 -0.02049248 0.04836685 0.03409949 0.01216592 0.07206275 0.03399069 0.009989166 0.06751059 0.03387939 0.007154946 0.06339113 0.0337673 0.003802419 0.05980506 0.0362952 -0.01744342 0.04819547 0.03627167 -0.0179811 0.04542358 0.03172649 7.952318e-05 0.05402132 0.0296649 0.00291483 0.05334174 0.02981385 0.006366041 0.05535842 0.02926305 -0.00509103 0.04955266 0.02708426 -0.0003928853 0.05038815 0.02938715 -0.002858476 0.05077481 0.03042223 0.01880854 0.07055232 0.03027294 0.01656715 0.06589116 0.03012021 0.01360303 0.06171308 0.0299664 0.01006118 0.05813383 0.03317372 -0.01170821 0.04786256 0.03310389 -0.01234183 0.04529655 0.0330469 -0.01242839 0.04269531 0.0365879 0.008219519 0.1198 0.03676439 0.007182141 0.1198 0.03724821 0.004338376 0.1198 0.03733418 0.003597263 0.09913709 0.03749304 -0.0001589277 0.099514 0.03748626 -0.0002408333 0.08959299 0.03733231 0.003539085 0.08904096 0.0367064 0.007242262 0.08848941 0.02578394 -0.02873312 0.08528312 0.030457 -0.02290344 0.08410183 0.03404386 -0.01623329 0.08277991 0.03641557 -0.008960665 0.08136537 0.03711801 -0.005179111 0.08063868 0.03747781 -0.001342299 0.07990476 0.03732999 0.002532706 0.07916137 0.03664245 0.006322898 0.07842014 0.03420408 0.01356452 0.07697135 0.03056575 0.02020291 0.07560826 0.02833368 0.02322086 0.07497575 0.02847723 0.02365976 0.08040735 0.0259985 0.02641286 0.07989047 0.02613265 0.02652111 0.08547298 0.02899941 0.02377439 0.1198 0.03121837 0.02076128 0.1198 0.03103529 0.02083681 0.09731769 0.03131811 0.02062585 0.1198 0.03180328 0.0198702 0.1198 0.0337101 0.01642909 0.1198 0.03082612 0.02083241 0.08638962 0.03463998 0.01423675 0.1198 0.03523647 0.01283041 0.1198 0.03638105 0.009090939 0.1198 0.01921505 0.008700179 0.05000641 0.02473238 0.004729001 0.05086114 0.01908388 0.005696123 0.04940042 0.02458773 0.001866284 0.05002767 0.01896304 0.003165501 0.04867122 0.02445448 -0.0005272948 0.04907303 0.01885483 0.001452005 0.04704276 0.02433516 -0.002125669 0.04727437 0.01876153 0.0005626305 0.0449846 0.02423228 -0.00294107 0.04507254 0.0186854 0.0004069979 0.04287859 0.01273315 0.002964045 0.04291778 0.01279048 0.003134357 0.04491799 0.01286074 0.004080032 0.04686685 0.01294223 0.005881718 0.04836521 0.01303322 0.008517585 0.04892138 0.01313201 0.01163033 0.04935252 0.02314485 0.02852149 0.07384124 0.02569903 0.02460743 0.06919736 0.02299506 0.0271253 0.06859593 0.02553874 0.02230355 0.06443933 0.02283925 0.02479277 0.06379511 0.02537477 0.01921837 0.06020952 0.02267987 0.02165293 0.05954257 0.02520963 0.01550225 0.05663712 0.02251934 0.01785851 0.05597344 0.01949932 0.01588743 0.05276296 0.02036324 0.03111559 0.07898726 0.0202314 0.03075396 0.07335196 0.02009166 0.02935654 0.06805445 0.01994631 0.02699797 0.06321523 0.01979761 0.02380863 0.05894231 0.01964786 0.01994342 0.05537622 0.006449085 0.004524211 0.04294248 0.006479835 0.004702854 0.04487609 0.006517519 0.005683701 0.0467558 0.006561223 0.007541136 0.04817137 0.006610027 0.01024378 0.04861691 0.006663009 0.01342558 0.04893599 0.01661919 0.02174093 0.05485253 0.01675276 0.02566842 0.05841585 0.0168854 0.02890133 0.06270654 0.01701506 0.03128286 0.06757941 0.0171397 0.03268146 0.07292264 0.0172573 0.03302292 0.07861165 0.01345793 0.02323576 0.0544093 0.0135707 0.02721605 0.05797021 0.01368268 0.03048588 0.06227591 0.01379214 0.03288686 0.0671772 0.01389737 0.03428641 0.07255911 0.01399665 0.03461072 0.07829355 0.01949521 0.03203328 0.1198 0.02084555 0.03111248 0.1198 0.02068856 0.03118263 0.09615149 0.02272145 0.02983333 0.1198 0.02342627 0.02928349 0.1198 0.0204849 0.03118239 0.08469849 0.01408827 0.03464586 0.08410341 0.01018876 0.0244129 0.0540535 0.01027687 0.02843552 0.05761241 0.01036437 0.03173492 0.06193012 0.0104499 0.03415139 0.06685421 0.01053213 0.03555156 0.07226716 0.01060971 0.03586191 0.07803808 0.02328617 0.02890614 0.07941526 0.02585312 0.02600245 0.0743846 0.003932452 0.03729285 0.1198 0.007329454 0.03675477 0.1198 0.007789307 0.03668193 0.1198 0.01155927 0.03567466 0.1198 0.006898297 0.02931541 0.0573491 0.003463238 0.0298481 0.05718661 0.006958353 0.03263644 0.06167562 0.00349382 0.03318235 0.06151857 0.007017062 0.03506415 0.06661649 0.003523716 0.03561684 0.06646978 0.007073502 0.03646456 0.07205229 0.003552455 0.03701726 0.07191967 0.00712675 0.03676442 0.07785005 0.003579571 0.03731046 0.07773402 0.003604593 0.03731917 0.08362328 0.01241281 0.03538681 0.1198 0.01436117 0.03458556 0.1198 0.01605502 0.03388898 0.1198 -6.755562e-18 0.02594783 0.05357498 -6.488451e-18 0.03002702 0.0571311 -6.864737e-18 0.03336574 0.06146491 -7.66051e-18 0.03580251 0.06641966 -8.640847e-18 0.03720286 0.07187437 -9.076422e-18 0.03749373 0.07769437 -6.550219e-18 0.01403146 0.04879022 -6.74591e-18 0.01082574 0.04851059 -6.127286e-18 0.008099972 0.04810393 -6.2052e-18 0.006223327 0.0467173 -5.812097e-18 0.005230554 0.04486161 -5.58414e-18 0.005049481 0.04295103 0.03724715 -0.004346558 0.1198 0.03670333 -0.007540452 0.1198 0.03664166 -0.007491798 0.1002509 0.0365862 -0.008228322 0.1198 0.03553175 -0.0119892 0.1198 0.00715034 -0.03713273 0.09524651 0.01403721 -0.03500349 0.09488424 0.02040887 -0.03154713 0.09431792 0.02603291 -0.02689392 0.09357962 0.03070324 -0.02121474 0.09270312 0.03424961 -0.01471862 0.09172285 0.03730165 0.00350236 0.1198 0.03749742 0.0004399985 0.1198 0.03746978 -0.0002439162 0.1198 0.03733964 -0.003463481 0.1198 -0.03636209 -0.01603988 0.01627406 -0.03631547 -0.01633152 0.01971574 -0.03323388 -0.01050043 0.02387217 -0.0362195 -0.01758203 0.03424437 -0.03294912 -0.01192951 0.03556213 -0.02411827 -0.001633647 0.03424826 -0.01865814 0.001957262 0.03610346 -0.01271262 0.004610951 0.03750629 -0.01896304 0.003165501 0.04867122 -0.01294223 0.005881718 0.04836521 -0.01885483 0.001452005 0.04704276 -0.01286074 0.004080032 0.04686685 -0.01876153 0.0005626305 0.0449846 -0.01279048 0.003134357 0.04491799 -0.0186854 0.0004069979 0.04287859 -0.01273315 0.002964045 0.04291778 -0.01265909 0.003145146 0.04084279 -0.006409366 0.00470955 0.04106197 -0.006396323 0.005145983 0.03990921 -4.89508e-18 0.006799679 0.03869247 0.003285867 0.007892745 0.03780299 0.006549979 0.007457503 0.03745767 0.006707651 0.008717157 0.03693894 -0.02897789 -0.007393676 0.04276497 -0.02887688 -0.00721531 0.03948974 -0.02884371 -0.006867071 0.03678887 -0.02923445 -0.005242413 0.0277292 -0.0330469 -0.01242839 0.04269531 -0.03310389 -0.01234183 0.04529655 -0.02905608 -0.007282239 0.04517797 -0.03627167 -0.0179811 0.04542358 -0.03625246 -0.01804527 0.04262064 -0.03297329 -0.01225069 0.03887308 -0.03511618 -0.006090447 0.05546417 -0.03354757 -0.002930395 0.05473106 -0.03334516 -0.008336567 0.05161131 -0.03147921 -0.00551276 0.05118385 -0.02926305 -0.00509103 0.04955266 0.01265909 0.003145146 0.04084279 0.006409366 0.00470955 0.04106197 -5.146077e-18 0.005237346 0.04113796 -0.006449085 0.004524211 0.04294248 -0.006479835 0.004702854 0.04487609 -0.006517519 0.005683701 0.0467558 -0.006561223 0.007541136 0.04817137 -0.006610027 0.01024378 0.04861691 -0.006663009 0.01342558 0.04893599 -0.01323686 0.01513617 0.05025192 -0.01334608 0.01905158 0.05185362 -0.006777823 0.0209958 0.0512731 -0.01949932 0.01588743 0.05276296 -0.0193543 0.01209362 0.05105294 -0.01921505 0.008700179 0.05000641 -0.02458773 0.001866284 0.05002767 -0.02445448 -0.0005272948 0.04907303 -0.02708426 -0.0003928853 0.05038815 -0.02938715 -0.002858476 0.05077481 -0.0296649 0.00291483 0.05334174 -0.03172649 7.952318e-05 0.05402132 -0.03365612 0.000319431 0.05693252 -0.02473238 0.004729001 0.05086114 -0.02737869 0.005553857 0.05269879 -0.02488592 0.007976458 0.05209882 -0.02504585 0.01161248 0.0539494 -0.02915191 -0.006553974 0.04755144 -0.03497342 -0.01130806 0.05205306 -0.0363225 -0.01628037 0.05066532 -0.03635298 -0.01440492 0.05250505 -0.03642119 -0.009375585 0.05621407 -0.03645778 -0.006332609 0.05861202 -0.0337673 0.003802419 0.05980506 -0.02553874 0.02230355 0.06443933 -0.02537477 0.01921837 0.06020952 -0.03012021 0.01360303 0.06171308 -0.03399069 0.009989166 0.06751059 -0.03409949 0.01216592 0.07206275 -0.03042223 0.01880854 0.07055232 -0.03653302 9.115219e-05 0.06517944 -0.03732737 -0.0009774233 0.07011895 -0.03657053 0.002795244 0.06923516 -0.0373287 0.001111284 0.07449279 -0.0366072 0.004911491 0.07366984 -0.03732999 0.002532716 0.07916137 -0.03664245 0.006322898 0.07842015 -0.03387939 0.007154946 0.06339113 -0.03420408 0.01356452 0.07697135 -0.03430276 0.01410621 0.08215079 -0.007175888 0.03677879 0.08372285 -0.00712675 0.03676442 0.07785005 -0.01060971 0.03586191 0.07803808 -0.007073502 0.03646456 0.07205229 -0.01053213 0.03555156 0.07226716 -0.007017062 0.03506415 0.06661649 -0.0104499 0.03415139 0.06685421 -0.006958353 0.03263644 0.06167562 -0.01036437 0.03173492 0.06193012 -0.006898297 0.02931541 0.0573491 -0.01027687 0.02843552 0.05761241 -0.006837813 0.02526174 0.05379169 -0.01018876 0.0244129 0.0540535 -0.01408827 0.03464586 0.08410341 -0.01399665 0.03461072 0.07829355 -0.0172573 0.03302292 0.07861165 -0.01389737 0.03428641 0.07255911 -0.0171397 0.03268146 0.07292264 -0.01379214 0.03288686 0.0671772 -0.01701506 0.03128286 0.06757941 -0.01368268 0.03048588 0.06227591 -0.0168854 0.02890133 0.06270654 -0.0135707 0.02721605 0.05797021 -0.01675276 0.02566842 0.05841585 -0.01345793 0.02323576 0.0544093 -0.0204849 0.03118239 0.08469849 -0.02036324 0.03111559 0.07898726 -0.02328617 0.02890614 0.07941526 -0.0202314 0.03075396 0.07335196 -0.02314485 0.02852149 0.07384124 -0.02009166 0.02935654 0.06805445 -0.02299506 0.0271253 0.06859593 -0.01994631 0.02699797 0.06321523 -0.02283925 0.02479277 0.06379511 -0.02267987 0.02165293 0.05954257 -0.02251934 0.01785851 0.05597344 -0.008660371 0.03648626 0.1198 -0.00732449 0.03673042 0.1198 -0.007258144 0.03677893 0.09547701 -0.004813098 0.03718941 0.1198 -0.00392649 0.03729348 0.1198 -0.003432438 0.02577538 0.05363016 -0.003463238 0.0298481 0.05718661 -0.00349382 0.03318235 0.06151857 -0.003523716 0.03561684 0.06646978 -0.003552455 0.03701726 0.07191967 -0.003579571 0.03731046 0.07773402 -9.75589e-18 0.03750046 0.08358927 -1.181847e-17 0.03749997 0.09538454 -2.188564e-17 0.0375 0.1198 -0.02068856 0.03118263 0.09615149 -0.02085515 0.03112787 0.1198 -0.02025327 0.03155968 0.1198 -0.01424163 0.0346464 0.09574025 -0.01685177 0.03349962 0.1198 -0.016047 0.03389278 0.1198 -0.01436123 0.03458567 0.1198 -0.01240783 0.03538855 0.1198 -0.02613265 0.02652111 0.08547298 -0.0259985 0.02641286 0.07989047 -0.02847723 0.02365976 0.08040735 -0.02585312 0.02600245 0.0743846 -0.02833368 0.02322086 0.07497575 -0.02569903 0.02460743 0.06919736 -0.02818153 0.02182657 0.06985185 -0.03027294 0.01656715 0.06589116 -0.03056575 0.02020291 0.07560826 -0.03070116 0.02067313 0.08096018 -0.03082612 0.02083241 0.08638962 -0.03675777 0.007282793 0.0987597 -0.0367064 0.007242262 0.08848941 -0.03733418 0.003597276 0.09913708 -0.03733231 0.003539097 0.08904096 -0.03103529 0.02083681 0.09731769 -0.031192 0.02074306 0.1198 -0.02955977 0.023074 0.1198 -0.02635723 0.02652171 0.09668603 -0.02699482 0.0260292 0.1198 -0.03734088 0.003450903 0.1198 -0.03724784 0.004341537 0.1198 -0.03676424 0.007182111 0.1198 -0.03658677 0.008224555 0.1198 -0.03733119 0.003205245 0.08406056 -0.03667571 0.006948851 0.08341465 -0.03439383 0.01432682 0.08740889 -0.03409148 0.01562182 0.1198 -0.03371123 0.01642677 0.1198 -0.03180378 0.0198694 0.1198 -0.02655943 0.02647045 0.1198 -0.02636695 0.02666552 0.1198 -0.0234292 0.02928114 0.1198 -0.03743959 -0.02094827 0.05342696 -0.0374486 -0.01628709 0.05774198 -0.03695749 -0.01410627 0.06433143 -0.03745838 -0.01039516 0.06342107 -0.03745343 -0.01344639 0.06034134 -0.03369175 -0.02211618 0.07059102 -0.03620104 -0.01495304 0.06883374 -0.03699868 -0.01121869 0.0679303 -0.03627457 -0.01247375 0.07275423 -0.03393043 -0.01774696 0.07851677 -0.03634647 -0.01043961 0.07694359 -0.03707957 -0.006637274 0.07613518 -0.03641557 -0.008960665 0.08136537 -0.03404386 -0.01623329 0.08277991 -0.030457 -0.02290344 0.08410183 -0.02578394 -0.02873312 0.08528312 -0.03748626 -0.0002408299 0.08959299 -0.03718774 -0.003967458 0.09013661 -0.03654094 -0.007642594 0.09067468 -0.03749304 -0.000158924 0.099514 -0.03724376 -0.003849797 0.09988439 -0.03664166 -0.007491798 0.1002509 -0.03441492 -0.01451173 0.1009656 -0.03748896 -0.0002455114 0.1198 -0.03749726 -0.0004528122 0.1198 -0.03724662 -0.004351107 0.1198 -0.03670315 -0.007540417 0.1198 -0.03658505 -0.008233462 0.1198 -0.03179855 -0.01987715 0.1198 -0.03090107 -0.02096332 0.1016346 -0.03131512 -0.02063047 0.1198 -0.03106477 -0.02097049 0.1198 -0.03370772 -0.01643294 0.1198 -0.03424961 -0.01471862 0.09172285 -0.03451823 -0.01452383 0.1198 -0.03523411 -0.01283763 0.1198 -0.03637835 -0.009103361 0.1198 -0.02040887 -0.03154713 0.09431792 -0.02614016 -0.02661041 0.09787422 -0.02603291 -0.02689392 0.09357962 -0.03070324 -0.02121474 0.09270312 -0.01395932 -0.03582796 0.09091479 -0.02030374 -0.03232719 0.09025105 -0.02591342 -0.02761619 0.08938552 -0.03058506 -0.02186698 0.08835763 -0.03415087 -0.01528979 0.08720768 -0.03648077 -0.008122019 0.08597757 -0.03711801 -0.005179111 0.08063868 -0.03747316 -0.002777899 0.07531881 -0.003547896 -0.03980935 0.08765535 -0.003570773 -0.03853278 0.09145042 -1.328392e-17 -0.03871614 0.0914884 0.003570773 -0.03853278 0.09145042 0.007108849 -0.03798585 0.09133927 0.01395932 -0.03582796 0.09091479 0.02030374 -0.03232719 0.09025105 0.02591342 -0.02761619 0.08938552 0.03058506 -0.02186698 0.08835763 0.03415087 -0.01528979 0.08720768 0.03648077 -0.008122019 0.08597757 0.03715428 -0.004397148 0.08534585 0.0374822 -0.0006189895 0.08470773 0.0373312 0.003205233 0.08406057 0.03667571 0.006948851 0.08341465 0.03430276 0.01410621 0.08215079 0.03070116 0.02067313 0.08096018 -0.01403721 -0.03500349 0.09488424 -0.01410712 -0.03467649 0.09896825 -0.02050322 -0.03123897 0.09849323 -0.02623294 -0.02660706 0.1022333 -0.003627222 -0.03731932 0.1034391 -0.003658586 -0.03730753 0.1198 -0.003932937 -0.0372931 0.1198 -0.007219796 -0.03678382 0.103374 -0.007279153 -0.0367629 0.1198 -0.0077912 -0.03668177 0.1198 -0.003610831 -0.03732948 0.09935191 -0.007187581 -0.03679354 0.09927226 -0.01416759 -0.03466816 0.1031258 -0.01156629 -0.03567167 0.1198 -0.01241387 -0.03538567 0.1198 -0.01426622 -0.03462439 0.1198 -0.01605603 -0.03388881 0.1198 -0.02272032 -0.02983343 0.1198 -0.02342797 -0.02928098 0.1198 -0.02636933 -0.02666295 0.1198 -0.02899961 -0.02377539 0.1198 -0.02351129 0.01009079 0.02889427 -0.02582396 0.005902347 0.02632674 -0.02057326 0.0108408 0.03110145 -0.02020496 0.008401814 0.0310352 -0.01744464 0.01149003 0.03301015 -0.03009078 -0.001402347 0.02115717 -0.02509557 0.001340259 0.027388 -0.02534317 0.002666272 0.02665461 -0.01954442 0.004973284 0.03163274 -0.01976895 0.006007433 0.03120738 -0.01672721 0.007369443 0.03307058 -4.150425e-18 0.0130275 0.0375 -0.003622766 0.01296329 0.03731528 -0.003547017 0.01173562 0.03731155 -0.007062823 0.01143651 0.03675224 -0.006886723 0.01006866 0.03676969 -0.01026001 0.009411824 0.03586974 -0.009999123 0.007976409 0.03617906 -0.01321524 0.006956792 0.03513485 -0.01292126 0.005754548 0.03611615 -0.0189352 0.003003801 0.03397683 -0.007211576 0.01277338 0.0367655 -0.01073329 0.01246177 0.03585799 -0.01051657 0.0109463 0.03583176 -0.01387746 0.01027158 0.03456135 -0.01354912 0.008508489 0.03463131 -0.01633173 0.005669946 0.03382058 -0.01932559 0.004129732 0.03225335 0.003622766 0.01296329 0.03731528 -4.521837e-18 0.01183686 0.0375 -0.003457344 0.01046977 0.03731818 -0.006707651 0.008717157 0.03693894 -0.009769411 0.006742172 0.03689233 -0.03091687 0.007303683 0.02070249 -0.0305386 0.00285825 0.02062178 -0.0287059 0.008314651 0.02366834 -0.02623009 0.009246286 0.02640813 -0.01415481 0.01203237 0.03460177 -0.01711612 0.009420249 0.03295602 -0.01999165 0.007172196 0.03101256 -0.02558874 0.00422461 0.02630692 -0.03031951 0.0006356624 0.02061648 -0.03284119 0.006221185 0.0175382 -0.03445997 0.005075607 0.01420484 -0.03575973 0.003876518 0.01073506 -0.03672869 0.002631829 0.007162003 -0.03732974 -0.006490841 0.003484248 -0.03732779 -0.01039125 0.003562337 -0.03658197 -0.008008664 0.007185584 -0.03385794 -0.006073201 0.01492856 -0.02986017 -0.003086932 0.02226776 -0.02485426 0.0003454874 0.0284298 -0.01912 0.003531988 0.03306007 -0.03745493 -0.01976844 0.003680571 -0.03732368 -0.01672591 0.006970553 -0.03745866 -0.01835129 0.002292498 -0.03732574 -0.01391415 0.004711209 -0.03746241 -0.01669941 0.001170231 -0.03746614 -0.01485067 0.0003541769 -0.03652579 -0.01120913 0.008202068 -0.03646915 -0.01377402 0.01021533 -0.03368988 -0.008174029 0.01647125 -0.03352608 -0.009588608 0.01860664 -0.02963541 -0.004273001 0.02382099 -0.02942426 -0.004841735 0.02571108 -0.02462756 -0.0002337481 0.02972672 -0.02442378 -0.000698807 0.03114201 -0.037326 -0.003618251 0.06609651 -0.03649525 -0.003067751 0.06158724 -0.03732463 -0.00668126 0.06250166 -0.03732327 -0.009837583 0.05947416 -0.03732194 -0.01277773 0.05697568 -0.03731946 -0.01761983 0.05296445 -0.03731835 -0.01940502 0.05096103 -0.03731735 -0.02049248 0.04836685 -0.0373165 -0.02098301 0.04548904 -0.0373158 -0.02103741 0.04258214 -0.0373146 -0.02059491 0.03356373 -0.03731809 -0.01942309 0.01756281 -0.03731979 -0.01915071 0.01373681 -0.03732167 -0.01854511 0.01006585 -0.03641395 -0.01545074 0.01298191 -0.0333722 -0.01015936 0.02117012 -0.03746983 -0.0128428 -0.0001149638 -0.03732677 -0.01222452 0.003979607 -0.0374892 2.701044e-05 -0.000234121 -0.03721205 -0.00130308 -0.003892527 -0.03711074 -0.01066894 -0.003856899 -0.0364025 -0.01273653 -0.007452892 -0.036297 -0.01777145 -0.007310928 -0.03402239 -0.01669835 -0.01440232 -0.03733312 0.001346597 0.003494731 -0.03747693 -0.008567483 -0.0002178117 -0.03705206 -0.01532741 -0.003733852 -0.03702162 -0.01751412 -0.003215307 -0.03078907 -0.007425919 -0.02091024 -0.03104329 0.01755 -0.02095603 -0.03745125 -0.02091133 0.005297831 -0.0374408 -0.02236879 0.01116595 -0.03743464 -0.02262824 0.01538218 -0.03683248 -0.02636069 0.03232076 0.03575973 0.003876518 0.01073506 0.03591818 0.016725 0.0107751 0.03553165 0.01755 0.01198849 0.03733312 0.001346596 0.003494723 0.03672869 0.00263183 0.007162003 0.03663578 -0.00447147 0.0071294 0.0305386 0.00285825 0.02062178 0.03284119 0.006221185 0.0175382 0.03091687 0.007303683 0.02070249 0.03311564 0.01637328 0.01759706 0.03371122 0.01755 0.01642678 0.03418429 -0.0006348626 0.01414119 0.03445997 0.005075607 0.01420484 0.02903267 0.01605826 0.02373376 0.02623009 0.009246286 0.02640813 0.0287059 0.008314651 0.02366834 0.03043131 -0.02032484 -0.02081622 0.03402239 -0.01669835 -0.01440232 0.036297 -0.01777145 -0.007310928 0.02622036 -0.02616954 -0.02581011 0.03721205 -0.00130308 -0.003892527 0.03711074 -0.01066894 -0.003856899 0.03705206 -0.0153274 -0.003733852 0.03702162 -0.01751412 -0.003215307 0.0369908 -0.01952624 -0.002317355 0.03695985 -0.02132235 -0.001084605 0.03402463 -0.003482983 0.01416191 0.0374892 2.701018e-05 -0.000234121 0.03732974 -0.006490841 0.003484233 0.03747693 -0.008567483 -0.0002178191 0.03732779 -0.01039125 0.003562322 0.03746983 -0.0128428 -0.0001149638 0.03732677 -0.01222452 0.0039796 0.03746614 -0.01485067 0.0003541694 0.03732574 -0.01391415 0.004711202 0.02351129 0.01009079 0.02889427 0.02582396 0.005902347 0.02632674 0.007211576 0.01277338 0.0367655 0.003547017 0.01173562 0.03731155 -4.647097e-18 0.01060562 0.03750349 -0.003366157 0.009169156 0.0374027 -0.006549979 0.007457503 0.03745767 0.03732368 -0.0167259 0.006970546 0.03745866 -0.01835129 0.002292498 0.03746241 -0.01669941 0.001170231 0.03732167 -0.01854511 0.01006585 0.03745125 -0.02091133 0.005297823 0.03745493 -0.01976844 0.003680571 0.0374408 -0.02236879 0.01116595 0.03744415 -0.02221155 0.009083717 0.03744764 -0.02173926 0.007110207 0.03731979 -0.01915071 0.01373681 0.03731809 -0.01942309 0.0175628 0.0373146 -0.02059491 0.03356373 0.0373158 -0.02103741 0.04258214 0.03742886 -0.02410597 0.04555506 0.0373165 -0.02098301 0.04548904 0.03625246 -0.01804527 0.04262064 0.0362195 -0.01758203 0.03424437 0.03631547 -0.01633152 0.01971574 0.03636209 -0.01603988 0.01627406 0.03641395 -0.01545074 0.01298191 0.03646915 -0.01377402 0.01021533 0.03652579 -0.01120913 0.008202068 0.03655406 -0.00967306 0.007552801 0.03658197 -0.008008663 0.007185584 0.02915191 -0.006553974 0.04755144 0.02905608 -0.007282239 0.04517797 0.02897789 -0.007393676 0.04276497 0.02887688 -0.00721531 0.03948974 0.03294912 -0.01192951 0.03556213 0.02884371 -0.006867071 0.03678887 0.03323388 -0.01050043 0.02387217 0.02923445 -0.005242412 0.0277292 0.0333722 -0.01015936 0.02117012 0.02942426 -0.004841734 0.02571108 0.03352608 -0.009588609 0.01860664 0.02963541 -0.004273 0.02382099 0.03368988 -0.008174029 0.01647125 0.02986017 -0.003086932 0.02226776 0.03385794 -0.006073201 0.01492856 0.03009078 -0.001402347 0.02115717 0.03031951 0.0006356626 0.02061648 0.02057326 0.0108408 0.03110145 0.02020496 0.008401814 0.0310352 0.01999165 0.007172196 0.03101256 0.02558874 0.00422461 0.02630692 0.01976895 0.006007433 0.03120738 0.02534317 0.002666272 0.02665461 0.01954442 0.004973284 0.03163274 0.02509557 0.00134026 0.027388 0.01932559 0.004129732 0.03225335 0.02485426 0.0003454875 0.0284298 0.009999123 0.007976409 0.03617906 0.01338003 0.007691293 0.03482892 0.01026001 0.009411824 0.03586974 0.01354912 0.008508489 0.03463131 0.01371682 0.009378391 0.03454509 0.02403988 -0.002898855 0.04003786 0.02400427 -0.002525144 0.03787814 0.01855476 0.0009831997 0.03878655 0.02411827 -0.001633647 0.03424826 0.01865814 0.001957262 0.03610346 0.02442378 -0.000698807 0.03114201 0.0189352 0.003003801 0.03397683 0.02462756 -0.000233748 0.02972672 0.01912 0.003531988 0.03306007 0.01711612 0.009420249 0.03295602 0.01692585 0.008373691 0.03293571 0.01672721 0.007369443 0.03307058 0.01652692 0.006453608 0.03337148 0.01633173 0.005669946 0.03382058 0.01271262 0.004610951 0.03750629 0.01292126 0.005754548 0.03611615 0.009769411 0.006742172 0.03689233 0.01306042 0.0063378 0.03557376 0.01321524 0.006956792 0.03513485 0.02414832 -0.00307648 0.0428269 0.01858705 0.0005852397 0.04049549 0.01263477 0.003564915 0.03947517 0.01073329 0.01246177 0.03585799 0.007062823 0.01143651 0.03675224 0.006886723 0.01006866 0.03676969 0.003457344 0.01046977 0.03731818 0.003366157 0.009169156 0.0374027 -4.898993e-18 0.009322146 0.0375596 -4.723089e-18 0.008039696 0.03791991 -0.003285867 0.007892745 0.03780299 -0.006438078 0.006244344 0.03838798 -0.01263477 0.003564915 0.03947517 -0.01858705 0.0005852397 0.04049549 -0.02414832 -0.00307648 0.0428269 -0.02423228 -0.00294107 0.04507254 -0.02433516 -0.002125669 0.04727437 -1.430345e-17 -0.03750899 0.09937913 -0.03533236 -0.02660421 0.05778016 -0.01588137 -0.02645151 -0.03359632 0.008522764 -0.02644684 -0.03636569 0.03669627 -0.02658221 0.05007991 0.03239772 -0.02695 0.06572413 -0.03209249 -0.02695 0.06696999 -0.03273112 -0.02691643 0.06563903 -0.03247074 -0.02695 0.06556261 -0.0349303 -0.02691158 0.05768307 -0.03460983 -0.02695 0.05760344 -0.03520104 -0.02695 0.05540366 -0.03580889 -0.02690969 0.05367593 -0.035418 -0.02695 0.0536115 -0.03630673 -0.0269091 0.04960947 -0.03590658 -0.02695 0.04957563 -0.03614462 -0.02695 0.04760937 -0.0364292 -0.0269095 0.04143212 -0.03612518 -0.02695 0.04143441 -0.03610799 -0.02695 0.03597432 -0.03610938 -0.02690978 0.008698872 -0.03586663 -0.02695 0.01249111 -0.03535305 -0.0269061 -0.003594512 -0.03547401 -0.02695 0.0005339892 -0.0358262 -0.02690661 0.0004988448 -0.03570953 -0.02695 0.002354039 -0.03580787 -0.02695 0.008699871 -0.03363775 -0.02690505 -0.01163218 -0.03435158 -0.02695 -0.007589342 -0.03463895 -0.02690577 -0.007651867 -0.03448796 -0.02695 -0.007085891 -0.03494705 -0.02695 -0.003538163 -0.03007573 -0.02695 -0.01940999 -0.03021192 -0.02695 -0.0191105 -0.03048021 -0.02690067 -0.01925843 -0.03191708 -0.02695 -0.01536094 -0.03227785 -0.0269035 -0.01551415 -0.03273162 -0.02695 -0.0135698 -0.03328442 -0.02695 -0.011529 -0.02794027 -0.02695 -0.02248788 -0.02823351 -0.02689644 -0.02270644 -0.0272308 -0.02695 -0.02351047 -0.02556212 -0.02689542 -0.02582786 -0.02524048 -0.02695 -0.02551618 -0.02253748 -0.02689522 -0.02866025 -0.02229887 -0.02695 -0.02848056 -0.0192387 -0.02689493 -0.03112281 -0.01898692 -0.02695 -0.03074698 -0.01661725 -0.02695 -0.03236859 -0.01567831 -0.02689461 -0.0331964 -0.01550769 -0.02695 -0.03284703 -0.01187811 -0.02689431 -0.03485505 -0.01173176 -0.02695 -0.03447527 -0.01035931 -0.02695 -0.03506708 -0.007940725 -0.02689407 -0.0360467 -0.007839552 -0.02695 -0.0356078 -0.003875004 -0.02689391 -0.03676458 -0.003776648 -0.02695 -0.03647965 0.0002598285 -0.02689385 -0.0369864 0.0002601849 -0.02695 -0.03661147 0.00159413 -0.02695 -0.03665502 0.004356157 -0.02689392 -0.03670576 0.0042939 -0.02695 -0.03625043 0.008412247 -0.02689409 -0.03593041 0.008355764 -0.02695 -0.03564167 0.01235241 -0.02689435 -0.03467657 0.01218907 -0.02695 -0.03424346 0.01490672 -0.02695 -0.03325219 0.01608985 -0.02689465 -0.03298396 0.01590342 -0.02695 -0.0326422 0.01962794 -0.02689497 -0.03086087 0.01939415 -0.02695 -0.03050581 0.02094369 -0.02695 -0.02955747 0.02291159 -0.02689525 -0.02834277 0.02263531 -0.02695 -0.02802646 0.02587885 -0.02689544 -0.02549266 0.0257351 -0.02695 -0.02522099 0.02852831 -0.02689693 -0.02230966 0.02817658 -0.02695 -0.02204719 0.02963204 -0.02695 -0.02015516 0.03072015 -0.02690108 -0.01882138 0.03037479 -0.02695 -0.0186396 0.03244385 -0.02690373 -0.01510175 0.03216442 -0.02695 -0.01498792 0.03541498 -0.02690614 -0.003154361 0.03442915 -0.02695 -0.007138954 0.03473274 -0.02690581 -0.007197933 0.03431501 -0.02695 -0.00791213 0.03376527 -0.02690516 -0.01119205 0.03338368 -0.02695 -0.01108177 0.03234301 -0.02695 -0.01462351 0.03586322 -0.0269067 0.0009306134 0.03557822 -0.02695 0.0006445036 0.0350255 -0.02695 -0.003099421 0.03585996 -0.02695 0.009594745 0.03585957 -0.02695 0.009137793 0.03610973 -0.02690981 0.009137518 0.03585841 -0.02695 0.007766916 0.03559035 -0.02695 0.0009528012 0.03592147 -0.02695 0.02152753 0.03643298 -0.02690945 0.04188698 0.03615773 -0.02695 0.04188918 0.0361949 -0.02695 0.0450925 0.03627662 -0.02690913 0.05004903 0.03590488 -0.02695 0.05002344 0.03576049 -0.02695 0.05247843 0.03573203 -0.02690984 0.05406905 0.0354252 -0.02695 0.05400704 0.03485032 -0.02691176 0.05800971 0.0345624 -0.02695 0.05794051 0.03421099 -0.02695 0.05954257 0.03268026 -0.02691655 0.06580817 0.03306013 -0.02664892 0.06592159 0.03614286 -0.02658855 0.0541503 0.03525153 -0.0266058 0.05810793 0.03685285 -0.02658509 0.04188377 0.03583947 -0.02655525 -0.003212841 0.03628888 -0.0265603 0.0008950145 0.0365286 -0.02658829 0.009137063 0.03417938 -0.02654647 -0.01131076 0.03515345 -0.02655234 -0.007283242 0.03110621 -0.02650977 -0.01903056 0.03284713 -0.02653353 -0.01526195 0.02888753 -0.02647237 -0.0225734 0.02620599 -0.02645893 -0.02579808 0.01988001 -0.02645474 -0.03123136 0.02320352 -0.02645724 -0.02868231 0.01629807 -0.02645183 -0.03338116 0.01251343 -0.02644911 -0.0350955 0.004413791 -0.02644528 -0.03715131 0.0002619236 -0.02671578 -0.03725755 0.0002633001 -0.02644467 -0.03743571 0.004390928 -0.02671608 -0.03697456 0.008478871 -0.02671684 -0.0361928 0.01244937 -0.02671794 -0.03492883 0.01621506 -0.02671927 -0.03322281 0.0197793 -0.02672068 -0.03108333 0.02308667 -0.02672189 -0.02854639 0.02607488 -0.02672271 -0.02567567 0.02874215 -0.02672922 -0.02246666 0.03094595 -0.02674724 -0.01894373 0.0326772 -0.02675861 -0.01519445 0.03400351 -0.02676478 -0.01126035 0.03497416 -0.02676757 -0.007246898 0.03565826 -0.02676896 -0.003187881 0.03610664 -0.02677136 0.0009102509 0.03634646 -0.02678461 0.009137264 0.03667059 -0.0267831 0.04188516 0.03651439 -0.02678173 0.05006653 0.03596419 -0.02678473 0.05411496 0.03507544 -0.02679286 0.05806482 0.03288981 -0.02681306 0.06587073 -0.008003677 -0.02671673 -0.03631005 -0.01197144 -0.02671779 -0.03510875 -0.01203308 -0.0264488 -0.03527629 -0.00804514 -0.02644662 -0.0364835 -0.003905966 -0.02671602 -0.03703387 -0.003926322 -0.02644516 -0.03721091 -0.01580044 -0.02671911 -0.03343692 -0.01938725 -0.02672051 -0.03134724 -0.019486 -0.0264544 -0.03149655 -0.02282492 -0.02645698 -0.02900364 -0.03267962 -0.02653154 -0.01567932 -0.0308636 -0.02650599 -0.019474 -0.03070484 -0.02674543 -0.01938473 -0.03488008 -0.02676737 -0.007702784 -0.0355962 -0.02676881 -0.003629559 -0.03577725 -0.02655493 -0.003655651 -0.03505907 -0.0265519 -0.007740573 -0.03387542 -0.02676431 -0.01170318 -0.03405094 -0.02654548 -0.01175514 -0.03251053 -0.02675767 -0.0156098 -0.02844552 -0.02672709 -0.0228675 -0.02858889 -0.02646797 -0.02297642 -0.02575594 -0.02672265 -0.02601326 -0.02588555 -0.0264588 -0.02613723 -0.02270989 -0.02672177 -0.02886622 -0.03515605 -0.02679211 0.05773759 -0.03294102 -0.02681257 0.06570158 -0.03311147 -0.02664789 0.06575239 -0.03622069 -0.02658724 0.0537544 -0.03604173 -0.02678411 0.0537203 -0.03654474 -0.0267816 0.04962448 -0.03672676 -0.02658193 0.04963596 -0.0366667 -0.02678329 0.04143011 -0.03684895 -0.0265855 0.04142857 -0.03634617 -0.0267845 0.008698664 -0.03625188 -0.02655948 0.0004609139 -0.03606972 -0.02677097 0.0004771487 -0.03652833 -0.02658806 0.008698515 -0.02161552 -0.03456252 0.07857944 0.02160299 -0.03457383 0.07857946 0.0219018 -0.03490749 0.07921508 0.01014833 -0.04205884 0.07928849 0.01635093 -0.03901714 0.07905347 0.01630254 -0.03893831 0.07886066 0.01915559 -0.03698847 0.07885031 0.01010743 -0.04194539 0.07887749 0.01327956 -0.04060237 0.07886985 0.01331919 -0.04068415 0.07906723 0.003384323 -0.04355117 0.07888694 0.006782173 -0.04294319 0.07888331 0.00680265 -0.04302909 0.07908736 -0.003536965 -0.04362016 0.07909261 -5.552826e-05 -0.04383871 0.07909459 -5.55803e-05 -0.04386549 0.0793086 -0.006950251 -0.04302313 0.07929911 -0.02191448 -0.03489607 0.07921497 -0.01928028 -0.03706467 0.07923625 -0.01646652 -0.03899096 0.07925585 -5.535853e-05 -0.04375138 0.07888816 -0.00352625 -0.04353321 0.07888683 -0.006922529 -0.04290925 0.07888311 -0.01025818 -0.04201901 0.07928806 -0.01345765 -0.0406547 0.07927334 -0.003540307 -0.04364728 0.07930611 -0.006943425 -0.04299509 0.07908706 -0.01024748 -0.04198966 0.07907832 -0.01344256 -0.04062388 0.07906672 -0.01644663 -0.03895874 0.07905299 0.0033946 -0.04363813 0.07909278 0.003397786 -0.04366518 0.07930631 0.0133341 -0.04071492 0.07927398 0.006809323 -0.04305708 0.07929948 0.0192371 -0.03709714 0.07923657 0.01637068 -0.03904931 0.07925645 0.01013777 -0.04202954 0.07907867 0.02180741 -0.03480204 0.07883918 0.003347045 -0.04323604 0.07858959 -5.474147e-05 -0.04343388 0.07858984 0.0009741621 -0.04304869 0.0785 0.003298921 -0.04282088 0.0785 0.004502526 -0.04270294 0.0785 0.006708776 -0.04263529 0.07858883 0.006612132 -0.04222709 0.0785 0.008028287 -0.04190765 0.0785 0.0100005 -0.04164876 0.07858761 0.009859097 -0.04125585 0.0785 0.01147571 -0.04068032 0.0785 0.01314275 -0.0403201 0.078586 0.01296219 -0.03994829 0.0785 0.01484205 -0.03902254 0.0785 0.0189701 -0.03674115 0.07858184 0.01873809 -0.03643354 0.0785 0.01613953 -0.03867273 0.07858405 0.01592731 -0.03832867 0.0785 0.01813154 -0.03691939 0.0785 0.02136698 -0.03431074 0.0785 0.02126612 -0.03440857 0.0785 -0.02135575 -0.03427457 0.0785 -0.02065409 -0.03494167 0.0785 -0.01901276 -0.03670901 0.0785818 -0.003487449 -0.04321836 0.07858957 -0.006847673 -0.04260174 0.07858879 -0.00633239 -0.04234681 0.0785 -0.01326465 -0.04026056 0.07858592 -0.01309303 -0.03990694 0.0785 -0.01010883 -0.04160938 0.07858756 -0.009984175 -0.0412675 0.0785 -0.006754046 -0.04222219 0.0785 -0.01876498 -0.03638019 0.0785 -0.01725268 -0.03753177 0.0785 -0.01623413 -0.03861501 0.07858399 -0.01601775 -0.03826303 0.0785 -0.01366231 -0.0396578 0.0785 -0.02182002 -0.03479064 0.07883913 -0.01919858 -0.03695605 0.07885014 -0.01639797 -0.03888001 0.07886034 -0.01334072 -0.04041591 0.07870402 -0.01016857 -0.04177322 0.07870819 -0.006889167 -0.0427722 0.07871134 -0.003508986 -0.04339313 0.07871334 -5.508415e-05 -0.0436102 0.07871405 0.003367742 -0.04341098 0.0787134 0.006749464 -0.04280597 0.07871145 -0.003436025 -0.04281334 0.0785 -0.002653677 -0.04293936 0.0785 -5.258555e-05 -0.04301775 0.0785 -0.01021682 -0.04190559 0.07887726 -0.01340256 -0.04054221 0.07886951 0.01005966 -0.04181285 0.07870832 0.00363337 -0.04390658 0.0785 0.001922707 -0.0442198 0.0785 6.189771e-05 -0.04414293 0.0785 -0.003518031 -0.04399503 0.0785 0.01056848 -0.04214387 0.0785 0.008405581 -0.04303278 0.0785 0.007182089 -0.0432568 0.0785 -0.02252461 -0.03451324 0.0785 -0.02142167 -0.0356174 0.0785 -0.01978505 -0.03682916 0.0785 -0.01688896 -0.03897344 0.0785 -0.01604801 -0.03959607 0.0785 -0.01373846 -0.04072205 0.0785 -0.01050558 -0.04229818 0.0785 -0.01030857 -0.04239423 0.0785 -0.007030883 -0.04324547 0.0785 -0.004263246 -0.04396424 0.0785 0.02247289 -0.03441889 0.0785 0.01988293 -0.03686683 0.0785 0.01960728 -0.03712737 0.0785 0.01694264 -0.03885926 0.0785 0.01416011 -0.04066779 0.0785 0.01391245 -0.04076957 0.0785 -0.02258394 -0.03457179 0.07836753 0.02262542 -0.03457963 0.07847186 -0.01051658 -0.04232435 0.07838935 -0.01385125 -0.04094867 0.078469 -0.0138711 -0.04098747 0.07843168 -0.0199563 -0.03705126 0.07842451 -0.01992861 -0.03701648 0.07846566 -0.003521847 -0.0441143 0.07839449 5.63114e-05 -0.04442992 0.07843795 5.62268e-05 -0.04438734 0.0784719 0.01065998 -0.04237294 0.0784702 0.007228025 -0.0434677 0.07847112 0.007229601 -0.04348106 0.07842747 0.003664279 -0.0440613 0.07839434 0.01708205 -0.03907323 0.07846741 0.01397087 -0.04088725 0.07846895 0.01394666 -0.04085039 0.07838515 0.02372539 -0.03365804 0.07836495 0.02268 -0.03463461 0.07841231 0.02314025 -0.03427409 0.07836664 0.02269233 -0.03464543 0.07836767 0.01758206 -0.03878826 0.07837927 0.01793979 -0.03858533 0.07837869 0.01993486 -0.0369314 0.07837407 0.01708556 -0.03906988 0.07838008 0.01708153 -0.0390684 0.07842543 0.0106476 -0.04232856 0.07838937 0.0107817 -0.04228259 0.07838923 0.01239928 -0.04172811 0.07838765 0.006219088 -0.04378268 0.07839353 0.006779522 -0.04365445 0.07839316 0.007232618 -0.04349914 0.07839272 0.007249843 -0.04349324 0.07839271 0.01421296 -0.04069933 0.07838472 -0.001736834 -0.044408 0.07839534 1.997363e-16 -0.0444609 0.07839549 5.57163e-05 -0.04445482 0.07839548 -0.007629517 -0.04343844 0.07839254 -0.00710076 -0.04350961 0.07842837 -0.007259499 -0.04349932 0.07839272 -0.007106471 -0.0435245 0.07839279 -0.02070037 -0.03634968 0.07837244 -0.01995489 -0.03705334 0.07837439 -0.01972305 -0.03727217 0.07837499 -0.01388 -0.04100674 0.07838558 -0.01380219 -0.04105647 0.07838573 -0.01076222 -0.04222956 0.07838909 -0.007096416 -0.04350105 0.07847115 -0.007081412 -0.04344235 0.07847564 -0.003519547 -0.0440563 0.07844266 -0.003630066 -0.0440965 0.07839444 -0.005309307 -0.04384067 0.07849301 -0.01382739 -0.04090204 0.07849241 -0.01694469 -0.03904795 0.07838003 -0.01424849 -0.04077122 0.07838491 -0.01752155 -0.03867926 0.07837898 -0.01989452 -0.03697364 0.07849161 0.01704781 -0.03902075 0.07847463 0.0185231 -0.0380156 0.07849182 0.01990368 -0.03689249 0.07844609 0.007215429 -0.04341852 0.07849292 0.01064153 -0.04232489 0.07849269 0.01394681 -0.04084068 0.0784924 0.02267023 -0.03462683 0.07846363 0.02067944 -0.03631413 0.07837234 5.737779e-05 -0.04432823 0.07847726 0.001862656 -0.04434897 0.07845622 -0.02365083 -0.03356475 0.07836474 0.003631217 -0.0440649 0.07839435 -0.03042806 -0.03671449 0.05863013 -0.03057367 -0.03445018 0.06193128 -0.03252809 -0.03129216 0.06121172 -0.02792502 -0.0425001 0.05220494 -0.03016806 -0.03980798 0.05197572 -0.03005947 -0.04033656 0.04817327 -0.02892003 -0.02936073 -0.02205023 -0.02879836 -0.03262579 -0.02088458 -0.01437687 -0.03328227 -0.03430524 0.02656226 -0.02768129 -0.02544059 0.03292042 -0.02780342 -0.01454592 0.03443686 -0.027651 -0.009637685 0.03434533 -0.02975897 -0.007703097 0.03560276 -0.02830037 -0.002270588 0.03419229 -0.02795934 0.06046211 0.03252698 -0.03129416 0.06121217 -0.02635713 -0.03256683 0.07478759 0.003943998 -0.05479642 0.04779202 0.003943998 -0.05479457 0.04207783 0.006830863 -0.05437317 0.04107499 -0.009642636 -0.05372096 0.02988583 -0.009642636 -0.05372445 0.03104173 -0.01338396 -0.052507 0.03125095 0.007 -0.05431008 0.01371646 0.006810882 -0.05433921 0.01365076 0.006814898 -0.05434569 0.01308356 0.004776696 -0.05465249 0.01294412 -0.003805985 -0.05479516 0.009968511 -0.005374903 -0.0545916 0.00942815 -0.003418201 -0.05478384 0.008755385 -0.001580306 -0.0549644 0.008123479 -1.048228e-06 -0.05499984 0.007580495 -1.055775e-06 -0.05499966 0.01127899 -0.003820082 -0.05479379 -0.005077185 -0.003930199 -0.05477582 -0.005077222 -0.003472709 -0.05482991 -0.00511551 -0.009705128 -0.05366538 0.01212101 -0.006864019 -0.0542981 0.01310639 -0.01015889 -0.05353814 0.01344167 -0.03006555 -0.0403402 0.04787476 -0.03005064 -0.04036051 0.04782758 -0.03373281 -0.0347217 0.04508387 -0.0341536 -0.03391265 0.04552662 -0.03637632 -0.02842456 0.04415884 -0.03438932 -0.0334186 0.0460584 -0.03445229 -0.03328662 0.04620046 -0.0345255 -0.03311652 0.04664173 -0.03450729 -0.03313221 0.04713819 -0.03641025 -0.02816069 0.0476584 -0.03446337 -0.03321519 0.04730193 -0.03436247 -0.03340581 0.04767809 -0.03426896 -0.03358468 0.04783071 -0.03423398 -0.03365159 0.0478878 -0.03077719 -0.0394406 0.04489955 -0.02996903 -0.0404906 0.04423665 -0.03076207 -0.0394607 0.04491568 -0.03016806 -0.04024998 0.04554955 -0.03226283 -0.03724072 0.04449917 -0.03263485 -0.03666047 0.04449432 -0.03372179 -0.03474202 0.04419903 -0.03152151 -0.03838068 0.04456174 -0.03164154 -0.03820975 0.04450727 -0.03355421 -0.0350651 0.04489595 -0.0336166 -0.03494515 0.04496159 -0.02997297 -0.04046628 0.0475818 -0.02533431 -0.04537802 0.04839558 -0.02982834 -0.04066325 0.04712415 -0.02981142 -0.04068808 0.04695855 -0.02516686 -0.04546672 0.04023065 -0.02986534 -0.04063104 0.04627948 -0.03000499 -0.04045527 0.04594205 -0.03010173 -0.04033348 0.0457092 -0.03022831 -0.04011738 0.04809345 -0.03166056 -0.03805098 0.04905561 -0.03126811 -0.03865061 0.04897983 -0.03394951 -0.03419572 0.04835208 -0.03379946 -0.03446833 0.04846605 -0.03387697 -0.03386686 0.05148031 -0.03371983 -0.03461299 0.04852653 -0.03219094 -0.03724061 0.04915804 -0.03215805 -0.03692228 0.05173337 -0.03239032 -0.03690815 0.0491117 -0.03319592 -0.03556482 0.04892447 -0.03091776 -0.0391508 0.04875168 -0.03053052 -0.03970364 0.04849952 -0.03027748 -0.04005006 0.04815952 0.002026935 -0.04758658 -0.03293855 0.00213156 -0.04718032 -0.03323478 0.003614198 -0.04708246 -0.0331174 -1.102268e-06 -0.05026257 -0.03042351 -1.105351e-06 -0.04898683 -0.0317931 0.003591726 -0.05009297 -0.03023431 0.0001780082 -0.04895439 -0.03182104 0.0007286857 -0.04885337 -0.03190805 0.001736863 -0.04799367 -0.03261361 0.0008295719 -0.04879024 -0.03196117 0.001442616 -0.04840662 -0.03228396 -0.001560804 -0.04825239 -0.03240755 -0.001480945 -0.04837072 -0.03231353 -0.003593921 -0.05009276 -0.03023407 -0.002361268 -0.04613894 -0.03398415 -0.002133195 -0.04718028 -0.0332346 -0.003616406 -0.04708226 -0.03311716 -0.002117343 -0.04725266 -0.0331825 -0.002060558 -0.04751193 -0.03299588 -0.0007577331 -0.04884221 -0.0319176 -0.0004953574 -0.04889236 -0.03187443 -0.00164772 -0.04280634 -0.03587104 -0.001925352 -0.04362448 -0.03545234 -0.003638931 -0.04352473 -0.03532757 -0.001979956 -0.04378539 -0.03536998 -0.00220657 -0.04445318 -0.03502822 -0.0003634887 -0.04124198 -0.03651214 -0.003661266 -0.03952261 -0.03675558 -0.0001857542 -0.0412036 -0.03652589 -1.123076e-06 -0.03966565 -0.0369608 -1.121056e-06 -0.04116373 -0.03654018 -0.0007607695 -0.0415513 -0.03639615 -0.0009492676 -0.04169805 -0.0363411 -0.001525853 -0.04261296 -0.03595306 0.001871982 -0.04345872 -0.03553797 0.001707083 -0.04293505 -0.03581141 0.00365903 -0.03952279 -0.03675583 0.001337435 -0.04230731 -0.03608252 0.00104713 -0.0418143 -0.03629543 0.0004644562 -0.04132093 -0.03648232 0.0003786149 -0.04124824 -0.03650986 0.002189224 -0.04695642 -0.03339803 0.002346322 -0.04634641 -0.0338428 0.002321265 -0.04582798 -0.03417292 0.002270597 -0.04477968 -0.03484042 0.002246581 -0.04464834 -0.0349168 0.003636709 -0.04352492 -0.03532781 0.001924012 -0.04362395 -0.0354517 0.03000361 -0.04045727 0.04593622 0.02989598 -0.04059277 0.04619428 0.02764305 -0.04307722 0.04032606 0.02987103 -0.04062418 0.0462541 0.02781025 -0.04296537 0.04828843 0.02980682 -0.04069585 0.04685666 0.02991775 -0.04054025 0.04751699 0.0307731 -0.0394462 0.0449025 0.03015816 -0.04026271 0.04556567 0.02996772 -0.04049225 0.04423665 0.03081623 -0.03938485 0.04488263 0.03373199 -0.03472371 0.0450822 0.03366253 -0.03485779 0.04500666 0.0337208 -0.03474388 0.04419904 0.0335739 -0.03502886 0.04491027 0.03265122 -0.03663355 0.04449766 0.03231918 -0.03715134 0.04450238 0.03197533 -0.03770185 0.04421827 0.03197174 -0.03769315 0.04450732 0.03162002 -0.03824162 0.04451232 0.03444213 -0.03325426 0.04739958 0.03447625 -0.03318883 0.04730885 0.03524543 -0.0314063 0.0477928 0.03421393 -0.03378784 0.04564743 0.034182 -0.0338551 0.04557157 0.03519106 -0.03164332 0.04417916 0.03442031 -0.03335304 0.04613782 0.03453042 -0.0330965 0.04686239 0.03453056 -0.03310109 0.04675294 0.03446112 -0.03326705 0.04623482 0.0353107 -0.03067029 0.05121928 0.03424053 -0.03364089 0.04793567 0.03425952 -0.03360446 0.04788516 0.03233276 -0.03699745 0.04910567 0.03279945 -0.03624517 0.04907309 0.03215691 -0.0369241 0.05173352 0.03380023 -0.03447066 0.04846919 0.033876 -0.03386878 0.05148046 0.0336832 -0.03469121 0.04861099 0.03368234 -0.03469284 0.04861204 0.03160502 -0.03813833 0.04904899 0.03186451 -0.03775225 0.04913835 0.03207824 -0.03740773 0.04912343 0.03086057 -0.03923676 0.04873651 0.03096451 -0.03909131 0.04882842 0.03016676 -0.03980969 0.05197586 0.03004707 -0.04036473 0.04776384 0.03018668 -0.04017524 0.04803034 0.03005817 -0.04033823 0.04817335 0.03025553 -0.04008178 0.04816177 0.03029432 -0.04002913 0.04823581 -0.009724942 -0.05364939 -0.0009001507 -0.01030435 -0.05348118 -0.004167722 -0.006987979 -0.05430426 -0.01367372 -0.006914451 -0.05428898 -0.00507819 -0.007611721 -0.05417523 -0.005078414 -0.01040799 -0.05344928 -0.01296815 -0.009724942 -0.05364881 -0.005079099 -0.009724942 -0.05364892 -0.004285166 -0.00350897 -0.05482557 -0.0141048 0.0008788509 -0.05499111 -0.005075672 -1.061487e-06 -0.05500214 -0.005075955 -1.064816e-06 -0.05500223 -0.005237313 -0.003471682 -0.0548128 -0.005077073 0.003506826 -0.05482578 -0.01410498 0.003494121 -0.05481136 -0.01251029 0.002116893 -0.05493794 -0.01308987 -1.07602e-06 -0.05500188 -0.01425074 0.0008735163 -0.05499126 -0.01321523 0.000776469 -0.0549934 -0.01321277 0.000663178 -0.05499591 -0.0132099 0.000663178 -0.05499641 -0.009062574 0.001429487 -0.05496773 -0.008849607 0.001946546 -0.05494837 -0.008705915 0.00260252 -0.05490566 -0.008004637 0.002621061 -0.05490422 -0.007944317 0.002842457 -0.05488694 -0.00722401 0.002593132 -0.05490613 -0.006072135 0.002850391 -0.05488628 -0.0070453 0.00259709 -0.05490587 -0.006076293 0.001928256 -0.054949 -0.005372511 0.001486153 -0.05496846 -0.00521353 0.001420672 -0.05497134 -0.005189994 0.001151872 -0.05498317 -0.005093338 0.005989652 -0.05449023 -0.01049487 0.005800838 -0.05451798 -0.01068369 0.006985863 -0.05430468 -0.01367407 0.004323079 -0.05473517 -0.01216143 0.003592404 -0.05480232 -0.01246893 0.0103023 -0.05348179 -0.004168147 0.006914733 -0.05432001 -0.004756214 0.006924243 -0.05431778 -0.006012456 0.007002315 -0.05430259 -0.006324591 0.007043439 -0.05429431 -0.0070453 0.01040591 -0.0534499 -0.01296868 0.006945877 -0.05431374 -0.008012981 0.006939854 -0.05431494 -0.00807272 0.006918079 -0.05431928 -0.008288697 0.006363985 -0.05442352 -0.00428372 0.006618964 -0.05437718 -0.004791917 0.006620059 -0.05437697 -0.004796298 0.005453231 -0.05457781 -0.002910839 0.006118649 -0.0544681 -0.003794739 0.006876082 -0.05432139 0.0009759949 0.003446688 -0.05482043 0.002174488 0.003457837 -0.05482946 -0.001451024 0.003707784 -0.05480533 -0.001563468 0.004530725 -0.05470758 -0.002088764 0.004642877 -0.05469425 -0.002160357 -1.059049e-06 -0.05500116 -0.0009016111 0.0004017793 -0.05499888 -0.0009016707 -1.042844e-06 -0.05500026 0.003379381 0.0009503018 -0.05498362 -0.0009062453 0.003228822 -0.05485214 0.002250625 0.00154416 -0.0549671 -0.0009112 0.002052523 -0.05493363 -0.001033524 0.003078619 -0.05486607 -0.001280428 -0.009705128 -0.0536592 0.006770721 -0.007621696 -0.05417549 0.006042613 -0.006882031 -0.05428945 -0.0009005754 -0.00683957 -0.05430258 0.005769281 -0.005990647 -0.05449013 -0.0009007095 -0.003825025 -0.05479242 0.004715769 -0.003452827 -0.05478679 -0.0009010895 -0.003436839 -0.05481352 0.004580109 -0.002221812 -0.05493069 -0.0009012758 0.007 -0.05430336 0.0009326921 0.007 -0.05430456 0.005173369 0.01015686 -0.05353872 0.01344141 0.006850918 -0.05432744 0.005224629 0.003943998 -0.05477953 0.006940669 0.003806715 -0.05479452 0.006271294 0.003434817 -0.05481036 0.007119207 0.003436263 -0.0548145 0.006398662 0.0003316666 -0.05499826 0.008207268 0.0003316666 -0.05499816 0.01139359 -0.003429268 -0.0548154 0.01009826 0.007021339 -0.05433443 0.03503645 0.007021339 -0.05432769 0.03093644 0.01012887 -0.05359036 0.031065 0.007021339 -0.05432596 0.02988812 0.007 -0.05431418 0.01791484 0.003943998 -0.05478074 0.01265486 -1.051019e-06 -0.0549997 0.01548667 0.003410355 -0.05481682 0.01666985 0.003409069 -0.05482826 0.01962422 0.003833393 -0.05479413 0.01681657 0.006795354 -0.054344 0.01962422 0.006798662 -0.0543447 0.01784501 0.007025149 -0.05431114 0.01962422 0.003218024 -0.05485558 0.01962422 -1.043195e-06 -0.05499979 0.01962422 -0.002153973 -0.05493451 0.01473997 -0.003855966 -0.05479275 0.01962422 -0.009689124 -0.05368284 0.01962422 -0.007670691 -0.05417795 0.01962422 -0.006793319 -0.05431936 0.01962422 -0.006814952 -0.05430903 0.01312341 -0.005948618 -0.05450195 0.01342388 -0.009689124 -0.05369231 0.02383441 -0.006786131 -0.05432531 0.02383441 -0.006788905 -0.05434299 0.02752809 -0.001312173 -0.0549764 0.0281513 -1.900022e-13 -0.055 0.02923542 -0.001900494 -0.05495059 0.02863755 -1.046065e-06 -0.055 0.03081717 -0.004601893 -0.05466887 0.03087026 -0.005783261 -0.05454568 0.03184667 -0.006794815 -0.05433359 0.03268272 -0.007851586 -0.05418058 0.04196916 -0.009642636 -0.05373649 0.03503645 -0.009705128 -0.05374326 0.04261206 -0.01355168 -0.05251652 0.04872353 -0.009705128 -0.05374971 0.04796197 -0.007280651 -0.05425579 0.04880927 -0.006193037 -0.05447287 0.02703579 -0.005900558 -0.05451841 0.02383441 -0.002318208 -0.05492565 0.02383441 0.007025149 -0.05431641 0.02383441 0.006790396 -0.05435182 0.02383441 0.006791994 -0.05435788 0.02969857 0.003854543 -0.05479466 0.02383441 0.003405778 -0.05482906 0.02689996 0.003406812 -0.05481851 0.02383441 0.003167857 -0.05486217 0.02670333 -1.045422e-06 -0.05499994 0.02383441 -4.740776e-18 -0.05499995 0.02408518 -0.0003034177 -0.05499867 0.02383441 0.003124535 -0.0548698 0.03816207 -1.047097e-06 -0.05499995 0.03924618 -0.003945159 -0.0547937 0.0406142 -0.006831099 -0.05434075 0.0416152 0.00341946 -0.0548296 0.03805977 0.001929497 -0.05489817 0.03082957 0.003449917 -0.05482411 0.04761878 0.004862117 -0.05463858 0.04882427 0.006885533 -0.05437491 0.04881316 0.01025976 -0.05359776 0.0487753 0.007 -0.05434848 0.04101624 0.007 -0.05434154 0.03681785 -1.053683e-06 -0.05499998 0.04345369 0.0003316666 -0.05499855 0.0433391 0.0003316666 -0.05499881 0.04652542 0.003451896 -0.0548273 0.0483394 0.003100303 -0.05487435 0.04821852 -1.054863e-06 -0.05500026 0.0471522 -0.001437121 -0.05497288 0.0439483 -0.003945079 -0.05479623 0.04579615 -0.005374903 -0.05462079 0.04530454 0.0103192 -0.05341503 0.05317897 0.007 -0.05435035 0.05040623 0.007 -0.05435247 0.04955932 0.006890994 -0.05436706 0.04952184 0.003500207 -0.05392555 0.05762142 0.005485618 -0.0544085 0.05327076 0.00697287 -0.05342587 0.0575422 0.006931184 -0.05414906 0.05377595 0.01038699 -0.05259803 0.05741361 0.007 -0.05413671 0.0538 0.007 -0.0541712 0.05325209 -0.002215441 -0.05493486 0.05057943 -9.786327e-14 -0.05498796 0.05135367 -1.066644e-06 -0.05485766 0.05331809 0.003472671 -0.05475644 0.05256729 0.0034765 -0.05469634 0.05330215 0.003590839 -0.05474856 0.05260859 -0.006928437 -0.05421383 0.05325522 -0.005947985 -0.05453397 0.049275 -0.006881415 -0.05433913 0.04894879 -0.01032126 -0.05341444 0.05317891 -0.02866967 -0.03220236 0.06998818 -0.02619356 -0.03511462 0.07075258 -0.02347519 -0.03775525 0.07145593 -0.02053944 -0.04009911 0.07209014 -0.01412835 -0.04381173 0.07311949 -0.01741417 -0.04212455 0.07264724 -0.01071191 -0.04514264 0.07349938 -0.007196637 -0.04610408 0.07377953 -0.00361531 -0.04668594 0.0739527 0.003613102 -0.04668618 0.07395277 -1.108877e-06 -0.04688127 0.07401196 0.007194459 -0.04610455 0.07377967 0.01070979 -0.04514334 0.07349958 0.0141263 -0.04381266 0.07311975 0.0174122 -0.04212568 0.07264755 0.02053758 -0.04010045 0.07209051 0.02068413 -0.03769077 0.07610955 0.02363125 -0.03528137 0.0754829 0.02635553 -0.03256858 0.07478803 0.02883156 -0.02957864 0.07403296 0.03407875 -0.03041406 0.05745273 0.03538513 -0.02914334 0.05414512 0.03640963 -0.0281627 0.04765849 0.0363199 -0.02819471 0.03507328 0.03634951 -0.02839579 0.04088695 0.03637569 -0.02842657 0.04415885 0.03633909 -0.02764226 0.02407925 0.03529213 -0.0304033 0.01131038 0.03513243 -0.03093272 0.02279423 0.03540591 -0.03014076 0.005645676 0.03553462 -0.02940934 0.000165476 0.03425489 -0.03143797 -0.005390839 0.03281314 -0.0304283 -0.01295194 0.03100362 -0.0302917 -0.01781041 0.0289186 -0.02936202 -0.02205208 0.02383068 -0.0293702 -0.02811359 0.02086935 -0.03087629 -0.03049922 0.01770722 -0.03218526 -0.03257126 0.01437478 -0.03328287 -0.0343062 0.01090373 -0.03415511 -0.03568292 0.007327592 -0.03479041 -0.0366835 0.00368093 -0.03517856 -0.0372923 -1.129847e-06 -0.03530998 -0.03749748 -0.003683179 -0.0351784 -0.03729205 -0.007329808 -0.03479009 -0.03668301 -0.01090589 -0.03415465 -0.03568219 -0.01770922 -0.03218452 -0.03257008 -0.02383243 -0.02936922 -0.02811204 -0.03100489 -0.03029022 -0.01780845 -0.0308873 -0.03306368 -0.01611421 -0.03443775 -0.02764926 -0.009635613 -0.03434623 -0.02975715 -0.007701115 -0.03425581 -0.03143608 -0.005388962 -0.03416742 -0.03261454 -0.00276296 -0.03400048 -0.03336817 0.003137319 -0.034082 -0.03322084 0.0001134188 -0.03385289 -0.03361423 0.009226746 -0.03632056 -0.02819269 0.03507358 -0.03633974 -0.02764022 0.02408004 -0.03635016 -0.02839378 0.04088702 -0.0353859 -0.02914129 0.05414484 -0.03397352 -0.03243001 0.05457875 -0.03419322 -0.02795725 0.06046164 -0.03088158 -0.02904695 0.06917092 -0.03360588 -0.0345599 0.03411924 -0.03364575 -0.03410311 0.0215388 -0.03227103 -0.03557446 0.05499939 -0.03029189 -0.03854682 0.05540255 -0.0254478 -0.04497535 0.05241872 -0.02571955 -0.04221375 0.05968683 -0.02989926 -0.04047301 0.04042859 -0.0250844 -0.04537778 0.0324279 -0.01954564 -0.04947385 0.03175958 -0.02513784 -0.04511588 0.01704492 -0.01959352 -0.04930551 0.01527483 -0.01961953 -0.04953142 0.04006474 -0.01976955 -0.04948278 0.04858184 -0.01362785 -0.05230364 0.05307487 -0.01681997 -0.05089007 0.05294489 -0.01987125 -0.04918756 0.05279086 -0.02275572 -0.04721088 0.05261476 -0.006974983 -0.05342547 0.05754214 -0.01038906 -0.05259743 0.05741352 -0.01371471 -0.05144761 0.05723856 -0.01692309 -0.04998543 0.05702043 -0.01998721 -0.04822545 0.05676242 -0.02288059 -0.04618328 0.05646797 -0.02557723 -0.04387539 0.05614068 -0.02805426 -0.04132195 0.05578428 -0.007026168 -0.05209501 0.06170047 -0.007080899 -0.05034752 0.06577086 -0.01046361 -0.0512364 0.06151493 -0.01054333 -0.04945731 0.06553815 -0.01381023 -0.05004502 0.06126293 -0.01391237 -0.04822303 0.06522234 -0.01703649 -0.04853113 0.06094917 -0.01715775 -0.04665578 0.06482943 -0.02011473 -0.04671006 0.06057851 -0.02025109 -0.04477174 0.06436562 -0.02301789 -0.04459839 0.06015598 -0.02316471 -0.04258847 0.06383724 -0.02587174 -0.04012486 0.0632509 -0.02834833 -0.03740342 0.06261331 0.013382 -0.05250775 0.03125082 0.01343733 -0.05253743 0.0399384 0.03514913 -0.03161721 0.04076732 0.0351017 -0.03143759 0.03459086 -1.073974e-06 -0.05409281 0.05764842 0.01046153 -0.05123702 0.06151507 0.00702404 -0.05209543 0.06170056 0.003526277 -0.05261385 0.061815 -1.082034e-06 -0.05278747 0.06185407 0.0135497 -0.05251728 0.04872356 0.01362586 -0.05230441 0.05307495 0.01371271 -0.05144841 0.05723868 0.01380821 -0.05004586 0.0612631 0.01391034 -0.04822388 0.06522255 0.01054124 -0.04945796 0.06553832 0.007078755 -0.05034795 0.06577098 0.003554153 -0.05088577 0.06591464 -1.090652e-06 -0.05106596 0.06596372 -0.003556325 -0.05088555 0.06591458 0.0322699 -0.03557634 0.05499964 0.0302906 -0.03854858 0.05540279 0.03239414 -0.03365245 0.05805393 0.03042677 -0.03671631 0.05863047 0.03057239 -0.03445206 0.06193171 0.03088031 -0.02904896 0.06917144 0.03397257 -0.03243199 0.05457901 0.02866823 -0.03220422 0.06998866 0.02834689 -0.03740516 0.06261372 0.02819492 -0.03957917 0.05917672 0.02805281 -0.04132359 0.0557845 0.02792358 -0.04250169 0.05220508 0.007284606 -0.03910088 -0.03614822 0.01084111 -0.03841047 -0.03515054 0.01429455 -0.0374627 -0.03377901 0.01761197 -0.03627017 -0.03205197 0.02076223 -0.03484816 -0.02999085 0.02371534 -0.03321216 -0.02761929 0.0264427 -0.03137764 -0.02496359 0.01381029 -0.05221066 -0.01631062 0.01046315 -0.0533971 -0.01735893 0.007025152 -0.05425981 -0.01812342 0.003526843 -0.0547862 -0.01859032 -1.082209e-06 -0.05496422 -0.01874823 0.01694996 -0.05078879 -0.01078701 0.01703702 -0.05071511 -0.01499368 0.02011567 -0.04892899 -0.01342535 0.02291373 -0.04696847 -0.007680194 0.02301916 -0.04687086 -0.01162425 0.02572106 -0.04455893 -0.009610833 0.01373696 -0.05227327 -0.0120016 0.01679233 -0.05086494 -0.002350846 0.0136042 -0.05232585 -0.003362374 0.0165711 -0.05100626 0.01454478 0.01341786 -0.05242208 0.01393101 0.01652852 -0.05113131 0.03148337 0.01659422 -0.05117435 0.03999615 0.01672763 -0.05114155 0.0486588 0.01681805 -0.05089102 0.05294498 0.01692116 -0.04998642 0.05702057 0.01703456 -0.04853216 0.06094938 0.0171558 -0.04665684 0.0648297 0.02001776 -0.04901449 -0.009340779 0.02272287 -0.0470966 0.0002347739 0.01984051 -0.04911615 -0.001146974 0.02245499 -0.04733866 0.01611077 0.01959172 -0.04930663 0.01527435 0.02240344 -0.0475529 0.03207541 0.01954384 -0.04947495 0.0317594 0.02248299 -0.0476258 0.04014315 0.01961772 -0.04953251 0.04006469 0.02264452 -0.04755835 0.04849382 0.01976774 -0.04948388 0.04858189 0.02275401 -0.04721217 0.05261487 0.01986942 -0.04918869 0.05279095 0.02287887 -0.04618462 0.05646816 0.01998538 -0.04822662 0.05676259 0.02301617 -0.04459976 0.06015626 0.0201129 -0.04671127 0.06057875 0.02316299 -0.04258989 0.06383758 0.02024925 -0.04477299 0.06436592 0.02347345 -0.03775678 0.07145634 0.003408885 -0.05482009 0.03205185 0.003896676 -0.05479435 0.03245486 0.006811285 -0.05436726 0.03688331 0.006804099 -0.05436641 0.03485697 0.007240795 -0.04307235 -0.03472939 0.01077729 -0.04233183 -0.03374755 0.01421278 -0.0413153 -0.03239872 0.01751488 -0.04003629 -0.03070134 0.02065305 -0.0385112 -0.02867677 0.02359778 -0.03675662 -0.02634844 0.02632085 -0.03478906 -0.02374235 0.02879692 -0.03262717 -0.02088639 0.03088603 -0.03306525 -0.01611608 0.02867421 -0.03553987 -0.01909825 0.02619795 -0.03783028 -0.02186789 0.02347922 -0.03991453 -0.02439603 0.02054294 -0.04177296 -0.02665556 0.01741697 -0.04338818 -0.02862111 0.01413031 -0.0447427 -0.03026976 0.01071292 -0.04581914 -0.03158054 0.00719661 -0.04660325 -0.0325352 -1.095404e-06 -0.05262685 -0.0269647 0.003569523 -0.05245197 -0.02678465 0.007152502 -0.04959211 -0.02967435 0.007108922 -0.05193539 -0.02625199 0.01064867 -0.04877245 -0.02875664 0.01058518 -0.05108974 -0.02537933 0.01404798 -0.04764697 -0.0274971 0.01396665 -0.04992818 -0.02418208 0.01731923 -0.04623048 -0.02591355 0.01722266 -0.0484658 -0.02267733 0.02043303 -0.04454105 -0.02402632 0.02032443 -0.04672112 -0.02088452 0.02336087 -0.0425969 -0.02185755 0.02324394 -0.04471281 -0.01882483 0.02607527 -0.04041607 -0.01943167 0.02595406 -0.04245927 -0.0165215 0.02855171 -0.03801899 -0.01677476 0.02843067 -0.0399815 -0.01399936 0.03076865 -0.03542858 -0.01391463 0.03065267 -0.03730306 -0.01128483 0.03270604 -0.03266761 -0.01088058 0.03260023 -0.03444738 -0.008405671 0.0280889 -0.04213496 -0.003792697 0.02819801 -0.04201431 -0.007406862 0.03042973 -0.03926092 -0.005035432 0.03230144 -0.03646239 0.0007100762 0.03239683 -0.03632249 -0.002520808 0.03408106 -0.03322279 0.0001117722 0.02561178 -0.0446684 -0.005824135 0.02789135 -0.04231507 0.003467707 0.02541394 -0.04482294 0.001778594 0.02761407 -0.04266121 0.0180648 0.02513626 -0.04511732 0.01704433 0.02756071 -0.04297163 0.0328123 0.02508282 -0.04537919 0.03242768 0.02516528 -0.04546812 0.04023059 0.02533272 -0.04537943 0.04839564 0.02544622 -0.0449768 0.05241884 0.02557564 -0.04387688 0.05614089 0.02571796 -0.0422153 0.05968713 0.02587015 -0.04012645 0.06325128 0.02619197 -0.03511633 0.07075302 0.03032517 -0.03939182 -0.001607174 0.03212874 -0.03668886 0.007210089 0.03013588 -0.03959611 0.005284405 0.03188634 -0.03713315 0.02032305 0.02987018 -0.03999252 0.01916144 0.03183969 -0.03754134 0.03366222 0.02981905 -0.04035185 0.03322522 0.03191167 -0.03768208 0.04053696 0.02989795 -0.04047466 0.04042853 0.03546876 -0.0299878 0.002835906 0.03399953 -0.03337011 0.003135806 0.03385192 -0.03361616 0.009225487 0.03364475 -0.03410501 0.02153804 0.03360488 -0.03456177 0.03411896 0.0336664 -0.03472136 0.04065027 -0.02619955 -0.03782894 -0.02186626 -0.02632244 -0.0347878 -0.02374067 -0.0264443 -0.03137645 -0.02496188 -0.02656386 -0.0276802 -0.02543888 -0.00728681 -0.03910054 -0.03614773 -0.01084326 -0.03840997 -0.03514983 -0.007242986 -0.04307198 -0.0347289 -0.01429663 -0.03746204 -0.03377806 -0.01077943 -0.04233129 -0.03374684 -0.007198788 -0.04660287 -0.03253472 -0.02087123 -0.03087542 -0.03049787 -0.01761395 -0.03626937 -0.0320508 -0.01421485 -0.04131459 -0.03239779 -0.01071505 -0.04581857 -0.03157985 -0.007154667 -0.04959171 -0.02967391 -0.003571704 -0.05245176 -0.02678442 -1.088693e-06 -0.05423 -0.02303919 0.003547819 -0.0540522 -0.02286968 0.007066322 -0.05352679 -0.02236837 0.01052312 -0.05266627 -0.02154732 0.01388713 -0.0514837 -0.02042121 0.01712825 -0.0499941 -0.01900622 0.02021826 -0.04821616 -0.01732078 0.02312963 -0.0461687 -0.01538485 0.02583557 -0.04387019 -0.01322034 0.02831236 -0.04134184 -0.01085065 0.0305393 -0.03860759 -0.008300574 0.0324968 -0.0356912 -0.005596207 0.03416649 -0.03261646 -0.002764726 -0.03076992 -0.03542693 -0.01391281 -0.02607686 -0.04041466 -0.0194301 -0.03065395 -0.03730136 -0.0112831 -0.02595565 -0.04245782 -0.01652001 -0.03054058 -0.03860586 -0.008298964 -0.02583716 -0.04386871 -0.01321896 -0.03043102 -0.03925917 -0.005033927 -0.02572265 -0.04455744 -0.009609536 -0.03032647 -0.03939008 -0.001605788 -0.03013718 -0.03959438 0.005285552 -0.0298715 -0.03999082 0.01916213 -0.02982037 -0.04035018 0.03322548 -0.0336674 -0.0347195 0.04065035 -0.0207641 -0.03484722 -0.02998948 -0.02371708 -0.0332111 -0.02761775 -0.02065492 -0.0385102 -0.02867542 -0.02359952 -0.03675548 -0.02634692 -0.0205448 -0.04177189 -0.02665426 -0.02348096 -0.03991332 -0.02439457 -0.02043488 -0.04453993 -0.02402507 -0.0233626 -0.04259564 -0.02185615 -0.02032627 -0.04671997 -0.02088334 -0.02324566 -0.0447115 -0.01882349 -0.02022011 -0.04821499 -0.01731967 -0.02313135 -0.04616737 -0.01538359 -0.0201175 -0.04892781 -0.01342431 -0.02302088 -0.04686952 -0.01162309 -0.02001959 -0.04901332 -0.009339825 -0.02561337 -0.04466692 -0.005822943 -0.01984232 -0.04911499 -0.001146176 -0.02541552 -0.04482147 0.001779585 -0.007111075 -0.05193497 -0.02625156 -0.003549987 -0.05405198 -0.02286947 -0.007068462 -0.05352636 -0.02236797 -0.003528999 -0.05478598 -0.01859012 -0.00702728 -0.05425938 -0.01812305 -0.01065078 -0.04877185 -0.02875596 -0.01058729 -0.05108912 -0.02537869 -0.01052522 -0.05266564 -0.02154672 -0.01046523 -0.05339647 -0.01735836 -0.01413237 -0.04474195 -0.03026885 -0.01405003 -0.04764619 -0.02749624 -0.01396868 -0.04992738 -0.02418125 -0.01388916 -0.05148287 -0.02042042 -0.01381231 -0.05220983 -0.01630989 -0.01373897 -0.05227245 -0.01200093 -0.01360619 -0.05232505 -0.003361815 -0.01341983 -0.05242131 0.01393135 -0.01751686 -0.04003543 -0.03070019 -0.01741894 -0.04338728 -0.02862001 -0.01732119 -0.04622952 -0.0259125 -0.01722461 -0.04846482 -0.02267632 -0.0171302 -0.04999309 -0.01900527 -0.01703895 -0.05071411 -0.0149928 -0.01695188 -0.05078779 -0.01078619 -0.01679425 -0.05086396 -0.002350168 0.01851891 0.01755 -0.02682927 0.0326 0.01755 -1.382828e-09 0.0316527 0.01755 0.007801688 0.02886587 0.01755 0.01514997 -0.01851891 0.01755 0.02682927 0.0316527 0.01755 -0.007801698 0.01156012 0.01755 0.03048153 0.02886587 0.01755 -0.01514998 0.02440145 0.01755 -0.0216178 0.01851891 0.01755 0.02682927 0.02440145 0.01755 0.0216178 -0.0326 0.01755 -1.382828e-09 0.003929496 0.01755 0.03236231 -0.01156012 0.01755 0.03048153 -0.02440145 0.01755 0.0216178 -0.02886587 0.01755 0.01514997 -0.0316527 0.01755 -0.007801698 -0.003929496 0.01755 0.03236231 -0.0316527 0.01755 0.007801688 -0.02886587 0.01755 -0.01514998 -0.01156012 0.01755 -0.03048153 0.003929496 0.01755 -0.03236231 -0.003929496 0.01755 -0.03236231 -0.02440145 0.01755 -0.0216178 -0.01851891 0.01755 -0.02682927 0.01156012 0.01755 -0.03048153 -0.014 0.02424871 0.1198 -0.02704592 0.007246933 0.1198 -0.02424871 0.014 0.1198 0.01979899 -0.01979899 0.1198 0.014 -0.02424871 0.1198 -0.028 1.036128e-16 0.1198 0.028 1.174906e-16 0.1198 -0.02424871 -0.014 0.1198 -0.01979899 -0.01979899 0.1198 0.007246933 -0.02704592 0.1198 -0.007246933 -0.02704592 0.1198 -8.832977e-18 -0.028 0.1198 -0.02704592 -0.007246933 0.1198 -0.007246933 0.02704592 0.1198 -4.522293e-17 0.028 0.1198 0.007246933 0.02704592 0.1198 0.02704592 0.007246933 0.1198 0.02704592 -0.007246933 0.1198 0.02424871 -0.014 0.1198 -0.014 -0.02424871 0.1198 -0.01979899 0.01979899 0.1198 0.02424871 0.014 0.1198 0.014 0.02424871 0.1198 0.01979899 0.01979899 0.1198 -0.033075 -0.02895 0.04866195 -0.03386195 -0.02895 0.047875 -0.032 -0.02895 0.0468 -0.03415 -0.02895 0.0468 -0.03386195 -0.02895 0.045725 -0.03013805 -0.02895 0.047875 -0.030925 -0.02895 0.04866195 -0.032 -0.02895 0.04895 -0.030925 -0.02895 0.04493805 -0.03013805 -0.02895 0.045725 -0.02985 -0.02895 0.0468 -0.033075 -0.02895 0.04493805 -0.032 -0.02895 0.04465 -0.001075 -0.02895 -0.03213805 -0.001861955 -0.02895 -0.03292499 3.733851e-18 -0.02895 -0.03399999 -0.00215 -0.02895 -0.03399999 -0.001861955 -0.02895 -0.03507499 0.001861955 -0.02895 -0.03292499 0.001075 -0.02895 -0.03213805 5.751461e-18 -0.02895 -0.03185 0.001075 -0.02895 -0.03586195 0.001861955 -0.02895 -0.03507499 0.00215 -0.02895 -0.03399999 -0.001075 -0.02895 -0.03586195 3.411728e-18 -0.02895 -0.03614999 0.030925 -0.02895 0.04866195 0.03013805 -0.02895 0.047875 0.032 -0.02895 0.0468 0.02985 -0.02895 0.0468 0.03013805 -0.02895 0.045725 0.03386195 -0.02895 0.047875 0.033075 -0.02895 0.04866195 0.032 -0.02895 0.04895 0.033075 -0.02895 0.04493805 0.03386195 -0.02895 0.045725 0.03415 -0.02895 0.0468 0.030925 -0.02895 0.04493805 0.032 -0.02895 0.04465 -0.03208257 -0.03713616 0.04470349 -0.03199689 -0.03728617 0.0446952 -0.03140917 -0.03826333 0.04477905 -0.03092992 -0.03902234 0.04494995 -0.02991647 -0.04048865 0.04632755 -0.02985003 -0.04057276 0.0468 -0.02985474 -0.04056324 0.0469427 -0.02996285 -0.04039932 0.0474874 -0.02998311 -0.04036924 0.04752422 -0.02993345 -0.04046715 0.04620679 -0.03086849 -0.03911963 0.04497185 -0.03072564 -0.03932947 0.04510435 -0.03026167 -0.04001107 0.04553475 -0.03016282 -0.04014843 0.04573715 -0.03012446 -0.04020173 0.04581568 -0.03171953 -0.0377718 0.04466837 -0.03358437 -0.03429857 0.04537199 -0.0335185 -0.0344422 0.04527791 -0.03384127 -0.03373842 0.04573888 -0.03382061 -0.03378346 0.04570938 -0.03330988 -0.0348524 0.04514887 -0.03304597 -0.03537136 0.04498562 -0.03268389 -0.03608333 0.04476166 -0.03412941 -0.03307389 0.04650301 -0.03401715 -0.0333413 0.04612255 -0.03394958 -0.03350224 0.04589357 -0.0339362 -0.03344643 0.04773469 -0.03391932 -0.03348145 0.04775786 -0.03384338 -0.03363897 0.04786212 -0.03409494 -0.03311479 0.04726149 -0.03410818 -0.03308712 0.04722201 -0.03415 -0.03301292 0.0468 -0.0341449 -0.03303165 0.04665209 -0.03348356 -0.03438537 0.04835615 -0.03341835 -0.03451222 0.04839566 -0.03219944 -0.03680133 0.04889301 -0.03269203 -0.03592504 0.04883567 -0.03283276 -0.03565129 0.04875042 -0.03304932 -0.03523006 0.04861923 -0.03095549 -0.03889396 0.04867932 -0.03153874 -0.03794009 0.04886089 -0.03179368 -0.03752315 0.04894024 -0.03199723 -0.03716105 0.04891655 -0.03016727 -0.04009575 0.04785896 -0.03023521 -0.03999485 0.04798245 -0.030329 -0.03985557 0.04815293 -0.03085965 -0.03904106 0.0485988 -0.03092895 -0.0389347 0.04865702 -9.637528e-19 -0.05490172 -0.002988787 -1.451075e-18 -0.05490119 -0.0009016111 -0.002606268 -0.05480393 -0.0009012236 -7.513629e-19 -0.0549022 -0.005075955 -0.009724942 -0.05354506 -0.00364119 -0.009724942 -0.05354494 -0.005079099 -0.007191122 -0.05416214 -0.00507828 -0.009724942 -0.05354552 -0.0009001507 -0.008973032 -0.05374852 -0.0009002625 -0.005198249 -0.0545152 -0.0009008287 -0.004947157 -0.05454134 -0.00507755 -0.004926974 -0.05454541 -0.0009008734 -0.004619629 -0.05459668 -0.005077445 -0.0008474251 -0.05489186 -0.005076224 0.003500029 -0.05473926 0.04835595 0.003508908 -0.05473802 0.04835901 0.003518504 -0.05473596 0.05052923 0.007 -0.05425115 0.04955932 0.003526204 -0.05468566 0.05215512 0.002300739 -0.05473575 0.05215772 -1.157804e-17 -0.05490031 0.04715256 -8.090232e-18 -0.05490035 0.04925601 -8.68161e-18 -0.0548925 0.05054036 -9.056095e-18 -0.05488752 0.05135366 0.007 -0.05403409 0.0538 0.003540858 -0.05465394 0.05259112 0.003528324 -0.05465477 0.05258673 0.007 -0.05424198 0.05049641 0.007 -0.05423434 0.05127652 0.007 -0.05416808 0.05211146 -0.005374887 -0.05451967 0.04530454 -0.004931641 -0.05456671 0.04515188 -0.002687436 -0.05480491 0.04437894 7.293738e-14 -0.05490002 0.04345334 0.0003316666 -0.05489857 0.0433391 -0.003720894 -0.05471718 0.05005331 -0.00269946 -0.05480444 0.04622442 -0.009705128 -0.05364633 0.04796197 -0.009705128 -0.05363985 0.04261206 -0.00583081 -0.05444776 0.04126824 -0.00484968 -0.05458938 0.04965883 -0.00493301 -0.0545667 0.04545648 -0.004957258 -0.05456994 0.04962123 -0.008734669 -0.0538872 0.04830112 -0.004924711 -0.05457747 0.04095396 -0.004913704 -0.05457855 0.04095015 -0.0024717 -0.05481865 0.04010313 -8.495961e-18 -0.0549 0.03924581 -7.042026e-18 -0.0549 0.04134957 0.0035 -0.05473611 0.03803183 0.007 -0.05423976 0.03681785 0.006999995 -0.05424671 0.04101624 0.003943997 -0.05469401 0.04207783 0.003943997 -0.05469587 0.04779202 0.002141787 -0.05484009 0.04716011 0.003943998 -0.05469545 0.04493493 0.0003316666 -0.05489883 0.04652542 0.00702134 -0.05422413 0.02988812 0.007021339 -0.05423262 0.03503645 0.004891315 -0.05457148 0.02812771 0.002145789 -0.05483722 0.03100827 -2.963644e-19 -0.05489995 0.02408518 -6.132344e-18 -0.05489999 0.02923542 -4.137996e-18 -0.05489985 0.01962422 -4.701068e-18 -0.05489994 0.02383441 -0.0009871218 -0.05488619 0.01962422 -0.0003034176 -0.05489866 0.02383441 -0.004804878 -0.05457726 0.01962422 -0.002318205 -0.05482539 0.02383441 -0.004900662 -0.05448178 0.02383441 -0.009642636 -0.053633 0.03503645 -0.009642636 -0.05361745 0.02988583 -0.005482446 -0.05449034 0.03159805 -0.006009154 -0.05440217 0.02688386 -0.004911648 -0.05454317 0.03112628 -0.004904528 -0.05452882 0.02597122 -0.001312172 -0.05487631 0.0281513 -0.009689127 -0.05358865 0.02383441 -0.009689124 -0.05357911 0.01962422 -0.007255837 -0.05416842 0.02383441 -0.007263959 -0.05416114 0.01962422 -0.004914733 -0.05455867 0.01962422 0.007025149 -0.05421196 0.02187744 0.007025149 -0.05421451 0.02383441 0.002410931 -0.05481937 0.02383441 0.007025149 -0.05420921 0.01962422 0.004644192 -0.05459858 0.01962422 0.003943998 -0.05467891 0.006940669 0.003943998 -0.0546794 0.009797766 0.003556119 -0.0547124 0.007076672 0.003943998 -0.05468012 0.01265486 0.007 -0.05420814 0.01371646 0.007 -0.05421226 0.01791484 0.003536096 -0.05472393 0.01671345 0.002138221 -0.05483483 0.007573834 -3.308295e-18 -0.0548997 0.0133832 -4.043796e-18 -0.05489971 0.01127936 0.0003316666 -0.05489815 0.01139359 -6.1892e-18 -0.05489973 0.01548704 0.00352969 -0.05472488 0.01671123 0.0003316666 -0.05489825 0.008207268 -0.004927387 -0.0545416 0.00958228 -0.005374896 -0.05449041 0.00942815 -0.002701252 -0.0547963 0.010349 -0.003807828 -0.05469536 0.01416637 -0.004924039 -0.05454187 0.009273133 -0.009705128 -0.05355537 0.006770721 -0.009705128 -0.05356158 0.01212101 -0.007289135 -0.0541488 0.01295895 -0.004914719 -0.05455707 0.01378246 -0.004852566 -0.05456775 0.01380403 -0.00594176 -0.05439784 0.005455515 -0.00494251 -0.05455237 0.005106306 -0.002687447 -0.05479721 0.008504136 -0.004933786 -0.05455372 0.005103251 -7.174124e-18 -0.05489986 0.00758013 -0.001150756 -0.05488131 0.003781176 -2.286363e-18 -0.05490005 0.005479588 -2.582915e-18 -0.05490032 0.003379016 0.003499992 -0.05472572 0.002155854 0.007 -0.05420176 0.002725518 0.007 -0.05420259 0.005173369 0.003530669 -0.0547227 0.006366207 0.003543341 -0.05471923 0.002140707 0.007 -0.05420138 0.0009326921 0.004700677 -0.05458577 -0.01158828 0.005800839 -0.0544166 -0.01068369 0.005271567 -0.05450454 -0.01027343 0.005989651 -0.05438877 -0.01049487 0.006918079 -0.05421733 -0.008288697 0.006945877 -0.05421178 -0.008012981 0.006618964 -0.0542754 -0.004791917 0.006363986 -0.05432187 -0.00428372 0.007043439 -0.0541923 -0.0070453 0.006842906 -0.05423223 -0.005477102 0.006118658 -0.05436658 -0.003794753 0.003573662 -0.05470348 -0.01247682 0.005453232 -0.0544766 -0.002910839 0.004642876 -0.05459338 -0.002160357 0.004530725 -0.05460674 -0.002088764 0.003707784 -0.05470477 -0.001563468 0.003536755 -0.05471925 -0.001501115 0.003592404 -0.05470175 -0.01246893 0.004323079 -0.0546344 -0.01216143 0.002593132 -0.05480585 -0.006072135 0.00259709 -0.05480559 -0.006076293 0.00154416 -0.054867 -0.0009112 0.0009502492 -0.05488596 -0.0008994653 0.0008788509 -0.05489108 -0.005075672 0.0006835519 -0.05489448 -0.0008941903 0.0004017793 -0.05489887 -0.0009016707 0.002061992 -0.05483909 -0.0009964271 0.001425819 -0.05487081 -0.005192125 0.002226805 -0.0548302 -0.001023555 0.001705113 -0.05486046 -0.005251588 0.001928256 -0.05484885 -0.005372511 0.002842086 -0.05478661 -0.006862269 0.002850391 -0.05478595 -0.0070453 0.002618151 -0.05480416 -0.007944138 0.00260252 -0.05480539 -0.008004637 0.000663178 -0.05489639 -0.009062574 0.000663178 -0.05489589 -0.0132099 0.0007764575 -0.05489346 -0.01321343 0.001946546 -0.05484822 -0.008705915 0.001438753 -0.05487089 -0.00889431 0.002116893 -0.05483776 -0.01308987 0.001159543 -0.05488336 -0.008997903 0.0008735163 -0.05489122 -0.01321523 0.0008209 -0.05489251 -0.0132148 0.001899121 -0.04731123 -0.03299212 0.001848687 -0.04738802 -0.03293616 -0.002150046 -0.04575559 -0.03399999 -0.002148464 -0.04589134 -0.03391792 -0.002143646 -0.04602693 -0.03383483 -0.001841263 -0.04710566 -0.03310849 -0.001411411 -0.04811156 -0.03241338 -0.001556604 -0.04797481 -0.03251684 -0.001627474 -0.04786833 -0.03259496 -0.001780192 -0.04732352 -0.03296179 0.000166018 -0.04881015 -0.03187925 -9.519997e-07 -0.0488194 -0.03187193 -0.0002271711 -0.04883193 -0.03186204 -0.0004433425 -0.04875639 -0.03192124 -0.0008939648 -0.04859892 -0.03204465 -0.001058463 -0.04844398 -0.03216186 0.0004131093 -0.04879645 -0.03189005 0.0007415327 -0.04863425 -0.03201625 0.001072813 -0.04847064 -0.03214353 0.001105689 -0.04845441 -0.03215617 0.001199269 -0.04837674 -0.03221557 0.001545056 -0.04785028 -0.03259926 0.002121515 -0.04515659 -0.03434885 0.002148555 -0.0457252 -0.0340177 0.002150001 -0.04575559 -0.03399999 0.001975551 -0.04683731 -0.03329916 0.001252335 -0.04222537 -0.03574762 0.001644096 -0.04338251 -0.03521626 0.001786758 -0.04380389 -0.03502277 0.002039765 -0.04455119 -0.03467961 0.0004263283 -0.04125358 -0.0360994 0.0007338661 -0.0414853 -0.03602087 0.001066291 -0.04195981 -0.03584567 0.001248086 -0.0422193 -0.03574985 -0.000388337 -0.04120938 -0.03611463 -0.0006791386 -0.04149032 -0.03601687 -0.0009681318 -0.04176951 -0.0359197 -0.0001666491 -0.04114131 -0.03613703 -4.232718e-05 -0.04110314 -0.03614958 -2.029591e-07 -0.04111163 -0.03614679 0.0003248717 -0.04117713 -0.03612532 -0.001724379 -0.04369811 -0.03505774 -0.001414728 -0.04254686 -0.03561896 -0.001086421 -0.04197541 -0.03584003 -0.001068637 -0.04194445 -0.03585202 -0.002124126 -0.04518432 -0.03433321 -0.002039553 -0.04486989 -0.0344865 -0.001749495 -0.04379148 -0.03501222 0.02985057 -0.04057096 0.04684966 0.02985001 -0.04057276 0.0468 0.02994758 -0.04042199 0.04744036 0.03030844 -0.03988635 0.04812717 0.03019742 -0.04005113 0.04791588 0.03016774 -0.0400952 0.04785938 0.02995231 -0.04041496 0.04744937 0.03148479 -0.03802633 0.04883762 0.03095599 -0.03889312 0.04867957 0.03092922 -0.03893419 0.04865672 0.03081021 -0.03911672 0.04855521 0.03270267 -0.03590522 0.04883195 0.0321485 -0.03689395 0.04890431 0.03199761 -0.03716316 0.04892402 0.03184191 -0.03744095 0.04894435 0.03352679 -0.0342974 0.04831377 0.03336892 -0.03460541 0.04841304 0.03304644 -0.03523454 0.0486158 0.03278814 -0.03573848 0.04877821 0.03406122 -0.03318646 0.04733185 0.03394826 -0.03342099 0.04770929 0.03387906 -0.0335649 0.04780854 0.033842 -0.03364195 0.04786169 0.03363734 -0.03406752 0.04815521 0.03384814 -0.03372515 0.04573506 0.03386117 -0.0336971 0.04575185 0.03391293 -0.03358563 0.04581855 0.03404944 -0.0332667 0.04619209 0.03409504 -0.03316016 0.04631688 0.0341495 -0.03301631 0.04675361 0.03415 -0.03301292 0.0468 0.03412746 -0.03304892 0.04711051 0.03342573 -0.0346348 0.0451907 0.03336237 -0.03475779 0.04515582 0.031998 -0.03728057 0.04470426 0.03213358 -0.03704585 0.04471105 0.0325963 -0.03624478 0.04473424 0.0327716 -0.03590452 0.04483071 0.03304955 -0.035365 0.04498367 0.03161364 -0.03794598 0.044685 0.03146224 -0.03818372 0.04474604 0.03023821 -0.0400443 0.04556762 0.03044775 -0.03973777 0.04536319 0.03077126 -0.03926452 0.04504754 0.03081122 -0.03920604 0.04500855 0.03093424 -0.03901287 0.04495894 0.02992537 -0.04047788 0.04623723 0.02992577 -0.04047738 0.04623427 0.0301574 -0.04015631 0.04574005 0.03015965 -0.04015318 0.04573523 -0.03291748 -0.03569337 0.04876862 -0.0322765 -0.03684475 0.04894939 -0.03231078 -0.03686481 0.04896761 -0.03159276 -0.03798648 0.04892387 -0.02997594 -0.04044256 0.04756588 -0.02984383 -0.04062943 0.0469503 -0.0298275 -0.04065897 0.04695445 -0.03022848 -0.04011358 0.04809269 -0.03091773 -0.03914789 0.04874351 -0.03090977 -0.03911986 0.04869248 -0.03343739 -0.03452272 0.0484008 -0.03393 -0.03349654 0.04775107 -0.03415117 -0.03307222 0.04696098 -0.03437312 -0.03328197 0.0472566 -0.03441497 -0.03321204 0.04666724 -0.03437937 -0.03321511 0.04696203 -0.0343916 -0.03322325 0.04667094 -0.03438082 -0.03322326 0.0466717 -0.03449295 -0.03315756 0.04665166 -0.03444825 -0.03323251 0.04729395 -0.03447112 -0.03318511 0.04665832 -0.03440318 -0.03326866 0.04726885 -0.03425987 -0.03359368 0.04782269 -0.03433881 -0.03329017 0.04724554 -0.03416857 -0.03362879 0.04774286 -0.03422305 -0.03361737 0.04778127 -0.03365584 -0.03462505 0.04843439 -0.0336947 -0.03462496 0.04847862 -0.03236713 -0.03689587 0.04902914 -0.03163613 -0.03802189 0.04897138 -0.03166083 -0.03804742 0.04903565 -0.03238509 -0.03690462 0.04906801 -0.03023463 -0.04008365 0.04806085 -0.03224163 -0.03682377 0.04894045 -0.03087285 -0.03906795 0.04863325 -0.03156698 -0.03796737 0.04890902 -0.02998059 -0.04040961 0.04754802 -0.03022762 -0.04003339 0.04801913 -0.03023206 -0.04005045 0.04803189 -0.03053621 -0.03957776 0.04837691 -0.03088796 -0.03908582 0.04864983 -0.02984932 -0.0405961 0.04694647 -0.03415741 -0.03308273 0.04666079 -0.0341781 -0.03312979 0.04695635 -0.0341658 -0.03311702 0.04666663 -0.03287613 -0.03566942 0.04876895 -0.03347564 -0.03455172 0.0483835 -0.03345513 -0.03453702 0.04839101 -0.03395901 -0.03353745 0.04772604 -0.03394239 -0.0335166 0.04773788 -0.03410964 -0.03315581 0.04725033 -0.03420558 -0.03316534 0.04667293 -0.03422926 -0.03318167 0.04695427 -0.03422213 -0.03318545 0.04667556 -0.03352403 -0.0345806 0.04837795 -0.03349874 -0.03456642 0.04837894 -0.03400572 -0.03357841 0.04770984 -0.03398012 -0.03355838 0.04771638 -0.03416325 -0.03323443 0.04722957 -0.03413971 -0.03320898 0.04723491 -0.03434205 -0.03322332 0.04667438 -0.03430273 -0.03322337 0.0466771 -0.03430109 -0.03321333 0.04695616 -0.03426707 -0.03320659 0.04667642 -0.03423192 -0.03319006 0.04667574 -0.03296165 -0.03571596 0.04878052 -0.03357845 -0.03460512 0.04838836 -0.03355087 -0.03459369 0.04838101 -0.03406788 -0.03361127 0.04770925 -0.03403529 -0.03359643 0.04770726 -0.03422628 -0.033275 0.04722675 -0.03419239 -0.033257 0.04722667 -0.03426335 -0.03328697 0.04723004 -0.03410206 -0.03362196 0.04771607 -0.03371971 -0.03461606 0.04852559 -0.03161627 -0.03800499 0.04894486 -0.03234181 -0.03688232 0.04899476 -0.03300438 -0.03573455 0.04880533 -0.03360578 -0.03461438 0.04839998 -0.03410687 -0.03342182 0.04615351 -0.03413627 -0.03344149 0.04615799 -0.03395155 -0.03387139 0.04573292 -0.03406271 -0.03337681 0.04613525 -0.03408223 -0.03339982 0.04614565 -0.03389678 -0.03383768 0.04572449 -0.03416292 -0.03387868 0.04561225 -0.02989578 -0.04057308 0.04630247 -0.03404815 -0.0333539 0.04612322 -0.03385692 -0.03380087 0.04570303 -0.03362112 -0.0343191 0.0453782 -0.03335633 -0.03487137 0.04512435 -0.03276941 -0.03601149 0.04478729 -0.03212502 -0.03715945 0.0446499 -0.03143498 -0.03829325 0.04472275 -0.0307333 -0.03936195 0.04506058 -0.03040098 -0.03984141 0.04536074 -0.03010848 -0.0402491 0.04577584 -0.02990274 -0.04054017 0.04631312 -0.03010955 -0.04029916 0.04574224 -0.03151829 -0.03837358 0.0446019 -0.03076287 -0.03941349 0.04500557 -0.03076785 -0.03944222 0.04495941 -0.03427617 -0.03347423 0.046134 -0.03424131 -0.03347429 0.04614609 -0.0343774 -0.03343095 0.04606674 -0.03412842 -0.03389659 0.04565576 -0.03358548 -0.03495771 0.045036 -0.03354862 -0.03495577 0.04507863 -0.03225826 -0.03724039 0.04452591 -0.03224152 -0.0372308 0.04456277 -0.03360971 -0.03495155 0.04499032 -0.03433589 -0.03345918 0.04610213 -0.0336637 -0.03435025 0.0453944 -0.03416952 -0.03345748 0.04615841 -0.03401533 -0.03389501 0.04572321 -0.03371686 -0.03437904 0.04539681 -0.03350149 -0.03494439 0.04511195 -0.03344954 -0.03492441 0.04513104 -0.03285096 -0.03605629 0.04477347 -0.03289104 -0.03607458 0.04474915 -0.03218956 -0.03719953 0.04462176 -0.03221817 -0.03721692 0.04459551 -0.0314967 -0.03834714 0.04466212 -0.03011068 -0.04026605 0.04576545 -0.03074574 -0.03937962 0.04504482 -0.03215775 -0.0371799 0.04464002 -0.03147918 -0.03833029 0.0446873 -0.03145823 -0.03831203 0.04470771 -0.03280917 -0.0360345 0.04478604 -0.0333994 -0.03489882 0.04513443 -0.03407762 -0.03390345 0.04569551 -0.03419843 -0.0332842 0.04640809 -0.0342322 -0.03330183 0.04640939 -0.03420514 -0.03346866 0.04615441 -0.002009269 -0.0471997 -0.03316726 -0.001987104 -0.04717994 -0.03315094 -0.001465868 -0.04816953 -0.032418 -0.002153243 -0.04604718 -0.03386411 0.001630166 -0.04790479 -0.03259529 0.002251314 -0.04582104 -0.03416516 0.002291013 -0.04583026 -0.03417958 0.002177035 -0.04695785 -0.03340353 0.002118353 -0.04464631 -0.03487056 0.002153222 -0.04465441 -0.03489621 0.0008245211 -0.04877745 -0.03197093 -0.002095991 -0.04724693 -0.03319092 -0.001543297 -0.04823967 -0.03241785 -0.0004808951 -0.04886046 -0.03188798 0.0001766523 -0.0489148 -0.03184207 0.0008033909 -0.04874332 -0.03198625 0.001734419 -0.04799395 -0.03261544 0.002158922 -0.04465404 -0.03489746 -0.002035567 -0.04721797 -0.03317972 -0.002287179 -0.04613177 -0.03397924 -0.002282422 -0.04613131 -0.03397892 -0.002249622 -0.04611992 -0.03396456 -0.001502187 -0.04820727 -0.03242387 0.001687351 -0.04796237 -0.0326172 0.001265953 -0.04834607 -0.03226043 0.001646669 -0.04792457 -0.03260557 0.0007838809 -0.04870566 -0.03199318 0.002045871 -0.04687128 -0.03332959 0.002153398 -0.04574648 -0.03405039 0.00221541 -0.04580694 -0.03414331 0.002112677 -0.04692996 -0.03338726 0.002186097 -0.04578883 -0.03411539 0.002085229 -0.04691173 -0.03337163 0.002165238 -0.04576813 -0.03408358 0.002038265 -0.04457283 -0.03471659 0.002062723 -0.04689182 -0.033352 0.002077366 -0.04463679 -0.03484042 -0.001969744 -0.04715963 -0.0331317 -0.001760357 -0.0476786 -0.03276195 -0.001442068 -0.04814687 -0.03241886 -0.001020685 -0.04854367 -0.03210631 0.0001723575 -0.04887716 -0.03185315 -0.0004692081 -0.04882282 -0.03189774 -0.0004734707 -0.04879778 -0.03190979 -0.002213129 -0.04610724 -0.03394857 -0.002187416 -0.04608791 -0.03392187 -0.002164306 -0.04607052 -0.03389788 0.0007839943 -0.04867878 -0.03200604 0.00203662 -0.04459658 -0.0347572 0.002036415 -0.04459954 -0.03476223 -0.0001776259 -0.04123279 -0.03650929 0.001740348 -0.04346429 -0.03544845 0.001721926 -0.04339538 -0.03529744 -0.002090072 -0.04491239 -0.03458425 -0.0006366663 -0.04159906 -0.03617997 -0.0006375194 -0.04158448 -0.0361439 -0.001035973 -0.04206711 -0.03597477 -0.0006433309 -0.04156605 -0.03611182 -0.0006531642 -0.0415452 -0.03608483 -0.001046392 -0.04203555 -0.0359154 -0.001502252 -0.0426217 -0.03595132 -0.0007452436 -0.04156073 -0.03638865 -0.0007038485 -0.04159135 -0.03635137 -0.001372139 -0.04263209 -0.03582394 -0.001854854 -0.04377899 -0.03528504 -0.001887766 -0.04379065 -0.03532748 -0.001453078 -0.04263524 -0.0359247 -0.0006657674 -0.0416102 -0.03629245 0.001330374 -0.04231336 -0.0360858 0.001281628 -0.04233012 -0.03605677 0.0004237809 -0.04138287 -0.03642789 0.001777411 -0.04347429 -0.03549528 0.001823643 -0.04347497 -0.03553014 0.001202972 -0.04233079 -0.03594811 0.0008373167 -0.04181452 -0.03614546 0.0008655079 -0.04181809 -0.03621547 0.0003953341 -0.04140919 -0.03636357 -0.0001431399 -0.04131576 -0.03631386 0.0001219374 -0.04131306 -0.03635757 0.0001195133 -0.04131082 -0.03631535 0.0003779801 -0.0414106 -0.03628416 0.001235975 -0.04233729 -0.03600961 -0.0004087123 -0.04142754 -0.03632011 -0.0001460214 -0.04131804 -0.03635599 -0.0001506953 -0.04131185 -0.03639661 0.0001258795 -0.04130674 -0.03639831 -0.0001635232 -0.04127935 -0.03646472 0.0001367112 -0.04127382 -0.03646666 0.0004549212 -0.04134351 -0.03646934 -0.002101693 -0.0449346 -0.03462403 -0.001071119 -0.04200087 -0.03587238 -0.0006803441 -0.04150164 -0.03604735 -0.001824965 -0.04371675 -0.03514747 -0.001378381 -0.04255511 -0.03565873 -0.0006412657 -0.04160857 -0.03621821 -0.00104636 -0.04208814 -0.03604338 -0.001406756 -0.04263975 -0.03588119 -0.001934781 -0.04379662 -0.03536691 -0.001359715 -0.04258504 -0.03570418 -0.001819301 -0.04374187 -0.03519221 -0.002084643 -0.04488972 -0.03454502 -0.001827608 -0.0437653 -0.03524217 -0.001356106 -0.04261252 -0.03576155 0.001715822 -0.04340842 -0.03531907 0.001712811 -0.04342146 -0.03534293 0.001215247 -0.0422454 -0.03578258 0.001227953 -0.04222343 -0.03576745 0.0003918592 -0.04133743 -0.03615008 0.0004026166 -0.04131156 -0.03613076 0.0001351932 -0.04116998 -0.03615324 0.0004144723 -0.04128592 -0.03611733 0.0004266693 -0.04126154 -0.03610897 -0.0006658777 -0.04152335 -0.0360634 -0.0001559742 -0.04120493 -0.03616287 0.0008351782 -0.04177558 -0.03604166 0.0008442745 -0.04175702 -0.03601405 0.0008566709 -0.04173759 -0.03599134 0.0008712332 -0.04171826 -0.03597356 0.0008869504 -0.04169974 -0.03596036 -0.0001615917 -0.04117595 -0.03615142 0.001206877 -0.04226502 -0.03579946 0.001197185 -0.04228114 -0.03582364 0.001189864 -0.04231055 -0.03588231 0.001718184 -0.0434457 -0.03539523 0.0008304871 -0.04179211 -0.03607363 0.0003831254 -0.04136205 -0.03617573 0.0003773952 -0.04138365 -0.03620747 0.0001260408 -0.0412287 -0.03618205 0.0001198502 -0.04128124 -0.03623749 -0.0003989454 -0.04141436 -0.03623988 -0.0001435014 -0.04128635 -0.03623605 -0.0004007969 -0.04139787 -0.03620315 -0.000146471 -0.04126205 -0.03620489 -0.0004066429 -0.04137657 -0.03617135 -0.0001507877 -0.04123421 -0.03618048 -0.0004156154 -0.04135231 -0.03614558 0.0008310644 -0.04180542 -0.03610879 0.0003755151 -0.04140035 -0.03624424 0.0001188214 -0.04129988 -0.03627446 -0.0001423039 -0.04130486 -0.03627302 -0.0004015923 -0.04142454 -0.03627968 -0.0006512071 -0.0416123 -0.03625643 -0.0021068 -0.04493387 -0.03462426 0.03427051 -0.03319377 0.04676683 0.03430623 -0.03321073 0.04676757 0.03429268 -0.03322843 0.04704621 0.03160297 -0.03813558 0.04902308 0.03416151 -0.03306813 0.04675797 0.03447561 -0.0331711 0.04676038 0.03449772 -0.03314293 0.04675739 0.0344251 -0.03327608 0.04738834 0.03422199 -0.03366671 0.0478951 0.03360946 -0.0347124 0.04847599 0.0336473 -0.03471288 0.04852023 0.03232864 -0.03699644 0.04907364 0.03086184 -0.03922802 0.04870824 0.03018404 -0.04017438 0.04802597 0.0299348 -0.04051389 0.04749855 0.02982297 -0.04066671 0.04685489 0.03085506 -0.03919983 0.04865843 0.03019105 -0.04014434 0.04799586 0.02994663 -0.04048323 0.04748155 0.02983936 -0.04063714 0.0468531 0.03228692 -0.03697385 0.04900096 0.03231137 -0.03698747 0.04903515 0.0329555 -0.03582212 0.04882716 0.03356057 -0.03470154 0.04844133 0.03383222 -0.03416993 0.04815315 0.03437031 -0.03323054 0.04705548 0.03434577 -0.03321052 0.0467667 0.03438474 -0.03321031 0.04676584 0.03445107 -0.03318309 0.04676197 0.03367157 -0.03470476 0.04856716 0.03438134 -0.03331019 0.04735924 0.03431849 -0.03333001 0.04733228 0.03424433 -0.03332619 0.04731431 0.03439552 -0.03321025 0.0467656 0.03282925 -0.03575763 0.04878906 0.03218912 -0.03691569 0.04894564 0.03341138 -0.03462552 0.04842985 0.03157965 -0.03810983 0.04895968 0.0322568 -0.03695639 0.04897375 0.03291368 -0.03580364 0.04880206 0.0336753 -0.03408386 0.04815788 0.03390852 -0.03358951 0.04780489 0.03416837 -0.03309773 0.04676046 0.03410225 -0.03322491 0.04732765 0.03408922 -0.03319936 0.04733714 0.03394721 -0.0336298 0.04778362 0.03371781 -0.03411712 0.04814082 0.0341206 -0.03325062 0.0473195 0.03414454 -0.03327516 0.04731345 0.03397297 -0.03364912 0.04777736 0.03400248 -0.03366654 0.04777516 0.03377215 -0.03414774 0.04813789 0.03416948 -0.03314617 0.04704847 0.03422103 -0.03319716 0.04704396 0.03417385 -0.03329697 0.04731023 0.03420762 -0.03331443 0.04731043 0.03403473 -0.03368096 0.04777762 0.03406837 -0.03369148 0.04778495 0.0341334 -0.03369878 0.04781284 0.03418637 -0.0336887 0.04785245 0.03350664 -0.03468109 0.04842173 0.0341696 -0.03310302 0.04676091 0.03418674 -0.03312428 0.04676244 0.03422556 -0.03317244 0.04676589 0.03423529 -0.03317706 0.04676609 0.029845 -0.04060381 0.04685137 0.02995209 -0.0404503 0.04746559 0.03082057 -0.03914808 0.04859998 0.03018598 -0.04009417 0.04795615 0.031513 -0.03805555 0.04889714 0.03018971 -0.04011118 0.04796835 0.03048796 -0.03964969 0.04833061 0.03083484 -0.03916587 0.04861648 0.03222335 -0.03693648 0.04895519 0.03156064 -0.03809297 0.04893333 0.03153799 -0.03807455 0.04891228 0.03287023 -0.0357813 0.04878955 0.03345503 -0.03465433 0.04841876 0.03363268 -0.03486911 0.04507478 0.03157473 -0.03829007 0.04458744 0.03082209 -0.03936749 0.04492135 0.03440455 -0.03337207 0.04615057 0.03078407 -0.03928722 0.04502463 0.02991846 -0.04054479 0.04621328 0.03014967 -0.04021347 0.04569685 0.03045544 -0.03979244 0.04529615 0.03148768 -0.03820971 0.04470905 0.03217674 -0.03707074 0.04465345 0.03281699 -0.03592275 0.04480604 0.03387697 -0.03370619 0.04574821 0.03338207 -0.03476867 0.04515126 0.03436182 -0.03340231 0.04618354 0.03430059 -0.03341898 0.04621314 0.0341128 -0.03382932 0.04575755 0.0341649 -0.0338214 0.04571854 0.03359485 -0.03486766 0.04511742 0.0322964 -0.03714237 0.04456704 0.0342004 -0.03380215 0.04567575 0.02990612 -0.04057558 0.0461997 0.0301419 -0.04027691 0.04564495 0.03081597 -0.03933891 0.04496875 0.03014965 -0.04024662 0.04567208 0.03354662 -0.03485643 0.04515053 0.03294065 -0.03598641 0.04476956 0.03227222 -0.03712856 0.04459997 0.03155181 -0.03826383 0.04464851 0.03153348 -0.03824695 0.04467388 0.03079732 -0.03930496 0.04500875 0.03407213 -0.03329511 0.04620049 0.03389052 -0.03372448 0.04576187 0.03416003 -0.03319878 0.04648077 0.03342031 -0.03479628 0.04516745 0.03339992 -0.0347823 0.04516049 0.03390803 -0.03374344 0.04577405 0.03408601 -0.03331893 0.04621204 0.0341832 -0.03322447 0.04648685 0.03412933 -0.03336572 0.04622986 0.03410501 -0.03334285 0.04622211 0.03392969 -0.03376245 0.04578391 0.03421214 -0.03324725 0.04649085 0.03415866 -0.03338612 0.04623446 0.03395537 -0.03378068 0.04579056 0.03344304 -0.03481025 0.04517154 0.03346771 -0.03482375 0.04517221 0.03398453 -0.03379717 0.0457932 0.03419211 -0.03340261 0.04623523 0.03424601 -0.03326538 0.04649223 0.03285716 -0.03594602 0.04480558 0.03349372 -0.03483627 0.04516903 0.03401624 -0.03381097 0.04579124 0.03422818 -0.03341399 0.04623181 0.03428326 -0.03327741 0.04649069 0.03432185 -0.03328248 0.04648624 0.03426499 -0.03341949 0.04622428 0.03404918 -0.03382124 0.04578444 0.03352032 -0.03484732 0.04516178 0.03289967 -0.03596803 0.04479359 0.03224274 -0.03711112 0.04462618 0.03221012 -0.03709135 0.04464412 0.03151171 -0.0382286 0.04469425 0.03231382 -0.03715176 0.04452983 -0.0326 0.02105 -1.382828e-09 -0.0316527 0.02105 0.007801688 5.842551e-19 0.02105 -1.382828e-09 -0.0316527 0.02105 -0.007801698 -0.01851891 0.02105 -0.02682927 -0.02440145 0.02105 -0.0216178 -0.02886587 0.02105 -0.01514998 0.003929496 0.02105 -0.03236231 -0.003929496 0.02105 -0.03236231 -0.01156012 0.02105 -0.03048153 0.02440145 0.02105 -0.0216178 0.01851891 0.02105 -0.02682927 0.01156012 0.02105 -0.03048153 0.0326 0.02105 -1.382828e-09 0.0316527 0.02105 -0.007801698 0.02886587 0.02105 -0.01514998 0.02440145 0.02105 0.0216178 0.02886587 0.02105 0.01514997 0.0316527 0.02105 0.007801688 0.003929496 0.02105 0.03236231 0.01156012 0.02105 0.03048153 0.01851891 0.02105 0.02682927 -0.01851891 0.02105 0.02682927 -0.01156012 0.02105 0.03048153 -0.003929496 0.02105 0.03236231 -0.02886587 0.02105 0.01514997 -0.02440145 0.02105 0.0216178 0.02424871 -0.014 0.1233 0.02704592 -0.007246933 0.1233 -1.645466e-17 1.185723e-16 0.1233 0.028 1.246438e-16 0.1233 0.02704592 0.007246933 0.1233 0.007246933 -0.02704592 0.1233 0.014 -0.02424871 0.1233 0.01979899 -0.01979899 0.1233 -0.014 -0.02424871 0.1233 -0.007246933 -0.02704592 0.1233 -9.30006e-18 -0.028 0.1233 -0.02704592 -0.007246933 0.1233 -0.02424871 -0.014 0.1233 -0.01979899 -0.01979899 0.1233 -0.02424871 0.014 0.1233 -0.02704592 0.007246933 0.1233 -0.028 1.038271e-16 0.1233 -0.007246933 0.02704592 0.1233 -0.014 0.02424871 0.1233 -0.01979899 0.01979899 0.1233 0.014 0.02424871 0.1233 0.007246933 0.02704592 0.1233 -4.569001e-17 0.028 0.1233 0.02424871 0.014 0.1233 0.01979899 0.01979899 0.1233</float_array>
          <technique_common>
            <accessor count="3830" source="#verts-array-array" stride="3">
              <param type="float" name="X" />
              <param type="float" name="Y" />
              <param type="float" name="Z" />
            </accessor>
          </technique_common>
        </source>
        <source id="normals-array">
          <float_array count="11490" id="normals-array-array">-0.443499 -0.4767095 -0.7589839 -0.5620171 -0.5817343 -0.5879813 -0.5611888 -0.6353012 -0.5305275 -0.3545333 -0.9330285 0.06135072 -0.1859382 -0.9825599 0.001718288 -0.2773449 -0.9578079 -0.07539074 -0.7924141 -0.5771072 0.1975529 -0.7937088 -0.5717132 0.2077748 -0.6920954 -0.7171053 0.0822436 -0.5013157 -0.8649456 0.02349018 -0.5035984 -0.8581538 -0.09980358 -0.9133706 0.02969948 0.4060445 -0.9119907 0.03627614 0.4086038 -0.502553 -0.8568909 0.1147975 -0.6434446 -0.7464358 0.169743 -0.6969713 -0.7020073 0.1463448 -0.7550526 -0.6200368 0.2131898 -0.6940232 -0.7193869 0.02853552 -0.5078712 -0.8349986 -0.2117646 -0.6943739 -0.7194335 -0.01613777 -0.8050404 -0.5507617 0.2203893 -0.820402 -0.5176867 0.2427775 -0.8200626 -0.5202856 0.238328 -0.8265418 -0.5169524 0.2226857 0.6873184 -0.5249444 0.5020228 -0.7205169 -0.4727906 0.5072715 -0.1720704 -0.7328167 -0.6583095 -0.7064463 -0.513639 0.4869379 -0.2930667 -0.7027751 -0.6482431 -0.6423862 -0.6903835 0.3327321 -0.331439 -0.5785562 -0.7452657 -0.6752828 -0.6259389 0.39012 -0.739847 -0.5680375 0.3604994 -0.2630131 -0.4175086 -0.8697762 -0.6341562 -0.7657761 0.1069247 -0.1469421 -0.1886634 -0.9709862 -0.6790153 -0.7053105 0.2036552 -0.5588873 -0.8056659 0.1963351 -0.9358112 -0.136929 0.3248198 -0.2900926 -0.9206684 -0.2611821 -0.8350482 -0.06301802 0.5465558 -0.8359504 -0.02750016 0.5481155 -0.2308459 -0.9298625 -0.2864715 0.7204497 0.652395 -0.2352297 0.7816496 0.4690621 -0.4111018 -0.4260454 -0.8601812 -0.2803097 -0.2991059 -0.7839036 -0.5440872 -0.7231175 -0.6763907 -0.1399882 -0.7232114 -0.6881218 0.05876828 -0.6997098 -0.708949 -0.08830325 -0.6905157 -0.692123 0.2101281 -0.7234948 -0.6670067 0.1779252 -0.7607514 -0.6173326 0.2003942 -0.7461785 -0.6393184 0.1857138 -0.7335164 -0.6544002 0.1836141 -0.7708655 -0.6024163 0.207029 -0.7760019 -0.5959157 0.2066532 -0.7826816 -0.5907838 0.1959183 -0.7928369 -0.5735201 0.2061175 -0.3015739 -0.3399955 -0.8907616 -0.4350048 -0.5525669 -0.7109435 -0.5399961 -0.6988789 -0.4690123 -0.48977 -0.7454896 -0.4520737 -0.5141521 -0.8004075 -0.3082134 -0.1119161 0.9894699 0.09178342 0.1795839 0.9811162 0.07183808 -0.44769 0.755046 0.4790398 -0.003496514 0.9294886 0.3688343 0.2263952 0.9329585 0.2798815 0.2979664 0.4933197 0.8172219 0.3073395 0.5040295 0.8071535 -0.4105195 0.11223 0.9049189 -0.156045 0.6113622 0.7758132 -0.278045 0.743765 0.607869 0.2532287 0.8408795 0.4783272 -0.01057972 0.7465689 0.665224 -0.4831249 -0.2826745 0.8286649 -0.1047656 -0.02681556 0.9941353 0.5036322 -0.8637084 0.01903636 0.5524793 -0.8214044 0.1416386 0.7130984 -0.672735 0.1972773 0.7234528 -0.6674055 0.1765954 0.7103483 -0.6766954 0.1936197 0.7150598 -0.6956823 0.06867073 0.7883269 -0.545896 0.2837926 0.656478 -0.1007692 0.7475843 0.3006312 -0.9487315 -0.09761895 0.2085523 -0.9779522 0.01074094 0.3416764 -0.9383077 0.05325361 0.7336352 -0.6541768 0.183935 0.7017008 -0.7078046 -0.08141581 0.6952799 -0.7047181 0.1412738 0.5022529 -0.8588927 -0.1002263 0.6919016 -0.7176451 0.07910578 0.5102536 -0.8332092 -0.2130813 0.6940304 -0.7194312 0.02721506 0.5524517 -0.7829667 -0.2859375 0.6990269 -0.7149469 -0.01457123 0.7936473 -0.5729821 0.2044884 0.8194462 -0.5288507 0.2209637 0.8286636 -0.499939 0.2517491 0.8202571 -0.5198356 0.2386404 0.7752412 -0.5974219 0.2051541 0.7823126 -0.5917859 0.1943618 0.7925021 -0.5748803 0.2036 0.7936474 -0.5729832 0.2044846 -0.6131607 0.7858975 -0.07999419 0.6497468 -0.4353982 0.6231031 0.2189639 -0.757337 -0.6152198 0.8144104 -0.3920301 0.4278411 0.2822421 -0.7596017 -0.5859562 0.2783834 -0.8674005 -0.412455 0.4102777 -0.7858788 -0.4626734 0.865304 -0.4695838 0.1753281 0.8001537 -0.4704046 0.3721204 0.2657833 -0.9260758 -0.2678484 0.5794881 -0.4070186 0.7060662 0.9623492 -0.07187049 0.2621423 0.9091176 -0.2172071 0.3554241 0.5742488 -0.8121316 0.1033471 0.3695206 0.9063374 -0.2049562 0.1633606 -0.5079976 -0.8457256 0.7029896 -0.6354726 0.3193434 0.6831114 -0.6488925 0.3351078 0.2801115 -0.5660436 -0.7753271 0.1267764 -0.2077403 -0.9699339 0.1212998 -0.2090544 -0.9703518 0.6946064 -0.7032186 -0.151676 0.5651652 -0.7071954 -0.4248093 0.5485247 -0.6000362 -0.5823034 0.4156961 -0.6453956 -0.6408286 0.4230849 -0.4930593 -0.7601919 0.2847721 -0.3602811 -0.8883143 0.8097828 -0.5391778 0.2313854 0.7682732 -0.6052477 0.2084021 0.7533744 -0.615558 0.231334 0.754628 -0.6262427 0.1958487 0.6144861 0.665796 0.4232287 0.449196 0.8689689 0.2076441 0.2208415 0.9646965 0.1434912 -0.02619744 0.9624106 0.2703322 0.200089 0.7969674 0.5699187 0.1126934 0.8674664 0.4845639 0.9108618 -0.1709268 0.3756525 0.8362969 -0.4735393 0.2763478 0.8915783 -0.3394463 0.2997739 0.832468 -0.4772624 0.2814563 0.7972152 -0.3808569 0.4683972 0.712334 -0.09400113 0.6955171 0.2184345 0.3167924 0.923 0.6144046 -0.2977798 0.7306395 0.7277409 -0.5070749 0.4618098 0.4933193 -0.2817325 0.8229599 0.4717357 0.2914747 0.8321706 0.3363838 0.4440789 0.8304456 -0.08617572 0.5151799 0.8527388 -0.1984143 0.7827167 0.5899037 -0.203833 0.822231 0.5314022 -0.2602442 0.8386046 0.4785554 0.2229587 0.3773932 0.8988125 -0.03998856 0.4765563 0.878234 -0.3147364 0.57008 0.7589136 -0.09777692 0.4691204 0.8777048 -0.09168851 0.4384711 0.8940561 0.2575076 0.03128184 0.9657698 0.2429742 0.1841524 0.9523925 0.1698241 0.04841605 0.9842843 0.1418333 0.2191752 0.9653215 0.4850095 0.04042358 0.8735741 0.6111871 0.09013334 0.7863373 0.00422914 0.9703447 0.2416883 -0.5211612 0.8523565 -0.04335196 0.00335846 0.9754948 0.219997 0.2232777 0.8128272 0.5380139 0.5478299 0.5570996 0.6241174 0.8835351 -0.3784394 0.2759519 0.924975 -0.2413862 0.29352 0.9234529 -0.2368968 0.3018522 0.944587 0.02420645 0.3273675 0.8752559 0.2052935 0.4379289 0.9047695 0.2724784 0.3273343 0.7724284 0.452604 0.4455378 0.8016095 0.5132423 0.3066016 0.6515613 0.7108278 0.2649372 0.8368729 -0.4252589 0.3446718 0.8777981 -0.2080869 0.4314747 0.8214851 0.1170776 0.5580817 0.7181468 0.3487615 0.6021882 0.44966 -0.3824569 0.8071757 0.5633831 -0.49152 0.664084 0.6538425 -0.5714403 0.4959294 0.6907961 -0.5950931 0.4106884 0.7446854 -0.6134789 0.2628447 0.7555856 -0.6045299 0.2522578 0.7537904 -0.5760061 0.3162547 0.7837213 -0.5674996 0.2524384 0.7929909 -0.5435072 0.2752549 0.1540659 0.7193094 0.6773903 0.7657011 0.01348282 0.6430552 0.8305411 -0.3124705 0.4610463 0.318658 -0.2515387 0.9138848 0.177564 -0.1175901 0.9770586 0.08157238 -0.00439661 0.9966577 0.1074351 0.9844806 0.1387648 0.2034619 0.9657437 0.1610663 -0.6516009 0.7107753 0.2649807 -0.4528376 0.8680569 0.2035076 -0.6315493 0.751744 0.189806 -0.2276487 0.9648639 0.1312012 -0.06575392 0.9976282 0.0203574 0.3512759 0.9302309 0.1061873 0.6315791 0.751806 0.1894613 0.6586721 0.4636658 -0.5925918 0.6852194 0.01522787 -0.7281775 0.7019986 -0.002914596 -0.7121724 0.6789896 -0.05235325 -0.7322788 0.6756134 -0.08816265 -0.7319658 0.6382271 -0.2496497 -0.7282453 0.9227003 0.3850758 -0.01846231 0.9895642 0.1436819 -0.01087528 0.987337 -0.1424393 -0.06983271 0.788004 0.5996156 0.1396808 0.7834784 0.588265 0.2002645 0.9002382 0.3696236 0.2301076 -0.900423 -0.3486324 0.2601803 -0.9554769 0.06888814 0.2869117 -0.9230214 -0.3015662 0.2389337 -0.9272718 -0.2975435 0.2272331 -0.7856359 -0.5794445 0.2168417 -0.8733489 -0.4015998 0.2756434 -0.8724865 -0.3906316 0.2935547 -0.9174207 -0.2462895 0.3125391 -0.9013526 0.368117 0.2281522 -0.9787229 -0.1105161 0.1728805 -0.7562037 -0.6445638 0.1126654 -0.6410535 -0.7651166 0.06038962 -0.9445994 0.02430901 0.3273242 -0.9047476 0.2722186 0.3276107 -0.908019 0.3179998 0.2727227 -0.878819 -0.3753242 0.2946334 -0.8398162 -0.4915621 0.2303812 -0.9023284 -0.324211 0.2840611 -0.8975991 -0.3347946 0.2867551 -0.921554 -0.2399658 0.3052125 -0.8854982 -0.4526638 0.1048257 -0.9387361 0.2615914 0.2243756 -0.8403989 -0.5327643 0.09945768 -0.8219764 -0.5606561 0.1000973 -0.8359833 -0.5401357 0.09687784 -0.8854971 -0.4526662 0.1048248 -0.8224833 -0.5318369 0.2016697 -0.8397408 -0.4912232 0.2313766 -0.8394239 -0.49081 0.2333944 -0.9976407 -0.06824136 0.007492136 -0.9887885 -0.1493194 0.001042406 -0.9411418 0.3362528 0.03444074 -0.8403921 -0.5327747 0.09945956 -0.9795755 -0.1878614 0.07169277 -0.9215354 0.3882726 0.004115549 -0.8375011 0.546241 -0.01458348 -0.8791347 -0.4719415 -0.06628253 -0.9819189 0.1488648 -0.1169383 -0.9627092 -0.2550243 -0.09029697 -0.994426 -0.061319 -0.0857727 -0.9268272 -0.3666986 -0.08076767 -0.9937873 -0.09192732 -0.06273844 -0.9810952 0.1930699 -0.01327742 -0.8901072 0.4545841 -0.03259527 -0.9815915 -0.1909699 -0.00293194 -0.8631053 -0.4718688 -0.1799697 -0.9509302 -0.2323127 -0.2043592 -0.9590259 -0.09579744 -0.2666311 -0.9497208 -0.02431872 -0.3121523 -0.94321 0.2472564 -0.2218539 -0.7950508 0.4730646 -0.3796104 -0.8790234 -0.332896 -0.3413183 -0.8753033 -0.1302421 -0.4657051 -0.7217918 -0.5622733 -0.4035657 -0.811011 -0.3538476 -0.4658896 -0.9090409 -0.2553738 -0.3292853 -0.9235222 -0.1938136 -0.3309729 -0.9347983 -0.110138 -0.3376711 -0.8305404 -0.5319882 -0.1648974 -0.9731966 -0.1382492 -0.1837811 -0.9823593 0.1048865 -0.1548194 -0.6843209 -0.4109631 -0.6023407 -0.6952788 -0.3069452 -0.6499016 -0.731096 -0.08001528 -0.6775663 -0.7648821 -0.1998058 -0.6123994 -0.7658246 0.3237309 -0.5556176 -0.5485229 0.3104036 -0.7763841 -0.6206749 0.1459539 -0.7703636 -0.610106 -0.06559533 -0.7895998 -0.5275953 -0.564887 -0.634465 -0.6023574 -0.2730169 -0.7500848 -0.6458845 0.09041308 -0.7580625 -0.5969313 0.5052782 -0.623191 -0.3389841 0.5451621 -0.7667386 -0.4279748 0.2399784 -0.8713483 -0.3122382 -0.2461435 -0.9175624 -0.3724961 -0.5947239 -0.7124255 -0.2873747 -0.1524841 -0.9456027 -0.2456265 -0.3485867 -0.9045192 -0.1720576 0.46804 -0.8667957 -0.09296551 -0.5862563 -0.8047738 -0.285686 -0.1499521 -0.9465188 -0.2900728 -0.1103288 -0.9506237 -0.2895182 -0.0934842 -0.9525964 -0.4472422 -0.2931037 -0.8450234 -0.4807241 -0.03109399 -0.8763204 -0.5168168 0.2801439 -0.8089621 -0.7978549 0.1276592 -0.5891779 -0.8568357 0.05164163 -0.5129968 -0.8177849 -0.3206977 -0.477892 -0.9775145 -0.2104824 -0.01275222 -0.9766749 -0.2145046 -0.009689582 -0.981516 -0.1913462 -0.003585874 -0.9808281 -0.1948627 -0.002188502 -0.9805301 -0.1963362 -0.003583917 -0.9801905 -0.198023 -0.003681258 -0.8335004 -0.5524834 -0.006249361 -0.8859587 -0.4636371 -0.01085535 0.004040537 0.6064852 -0.7950845 -0.01199256 0.3839577 -0.9232728 -0.1244924 0.1517288 -0.9805509 -0.2288743 0.2654271 -0.9365709 -0.3306386 0.3157871 -0.8893574 -0.4531767 0.1411814 -0.8801697 -0.4538405 0.5667983 -0.6875817 -0.6385001 0.1629845 -0.752166 -0.520486 0.6932891 -0.4984421 -0.659568 0.5757304 -0.483223 -0.8692743 0.141413 -0.4736713 -0.8960496 0.2496763 -0.3670924 -0.8781138 0.3991165 -0.2638603 -0.7625971 0.6254691 -0.1650272 -0.8627358 0.4904474 -0.1230784 -0.9805583 0.1824498 -0.07223294 -0.9113188 -0.4116554 -0.006153806 -0.9119069 -0.4103766 -0.004094996 0.2224056 0.3659895 -0.9036523 0.2049968 -0.1338316 -0.9695697 0.1167789 0.2021817 -0.9723607 0.1209332 -0.4824183 -0.8675527 0.3935485 0.5168299 -0.7602673 0.5468806 0.1382651 -0.8257144 0.4344702 -0.5998705 -0.6718564 0.4816887 0.1996455 -0.8532981 0.3427477 0.1247311 -0.9311102 0.270684 -0.6311771 -0.7268739 0.952128 0.2279916 -0.2036469 0.8996494 -0.3983343 -0.1787755 0.9291898 0.2433704 -0.2781676 0.8907177 -0.3560324 -0.2826001 0.8683152 0.347801 -0.3536427 0.9287356 -0.1294428 -0.3474116 0.6655212 0.6520622 -0.3631755 0.8480038 -0.2585572 -0.4626422 0.5943594 0.6757696 -0.4359729 0.7954949 -0.01056816 -0.6058681 0.6513746 0.4333127 -0.6228573 0.6096066 0.3176667 -0.7262697 0.7960235 0.6025365 0.05741399 0.9078526 0.3871619 0.1609639 0.7988573 0.6015158 0.002416018 0.9176919 0.3917416 0.06618282 0.7973335 0.5539896 0.2394887 0.9079225 0.3183489 0.2726365 0.9550014 0.07008226 0.2882029 0.9450299 -0.2284689 0.2339239 0.7632544 0.6459165 -0.0153169 0.7837271 0.6185095 -0.05672509 0.9473403 0.2868141 -0.1424223 0.08169868 0.6170367 -0.782682 -0.0283225 0.2247356 -0.9740081 0.1240398 -0.02899733 -0.9918535 0.3303121 0.02069167 -0.943645 0.2451842 0.5235064 -0.8159815 0.166033 -0.03556653 -0.9854786 0.1696421 -0.08183584 -0.9821021 0.161722 -0.2227511 -0.9613677 0.5212047 -0.1382501 -0.8421594 0.5231654 0.1149177 -0.8444477 0.4888697 0.5608144 -0.6682018 0.5376305 0.2940691 -0.7902384 0.5112773 -0.2959234 -0.8068611 0.3944509 0.3884161 -0.8327914 0.3726091 0.1245692 -0.9195896 0.3401155 -0.3164335 -0.8855458 0.8733073 0.4303858 -0.2282597 0.9157794 -0.2623362 -0.3041837 0.9407212 -0.1685852 -0.2943174 0.9466288 -0.04270399 -0.3194843 0.7345416 -0.3475797 -0.5827839 0.8143536 0.2422751 -0.5273812 0.7272636 -0.5588766 -0.3984277 0.7206256 -0.5706521 -0.3937701 0.9312428 -0.1291793 -0.3407339 0.8877984 0.2615423 -0.3786946 0.7210522 -0.5692161 -0.3950656 0.9470041 -0.2753409 -0.1654409 0.9403806 -0.3018774 -0.1566985 0.994544 0.03072948 -0.09968965 0.913031 0.3983628 -0.08764405 0.9526142 -0.250632 -0.1723653 0.9501139 -0.2582738 -0.1748665 0.9422405 -0.2882899 -0.1705042 0.9652338 0.1695913 -0.1989031 0.8588504 0.4881762 -0.1551127 0.7345517 -0.3475545 -0.5827861 0.7608486 0.2120324 -0.613312 0.681482 0.4965473 -0.5376088 0.9207559 -0.3230832 0.2186913 0.9207567 -0.3230804 0.2186917 0.9792023 -0.03381298 0.2000489 0.989713 0.004429774 0.1429988 0.9356063 -0.3462326 0.06902047 0.7902501 -0.6097019 0.06138637 0.7886203 -0.6116128 0.06330749 0.8124463 -0.5796095 0.06311783 0.9869586 -0.1541186 0.04647822 0.9212273 0.3890149 0.002782647 0.9921675 -0.1248642 -0.003540912 0.8760143 0.4819691 0.01745696 0.9563848 -0.04294792 0.2889354 0.8211523 -0.5132735 0.249518 0.9292288 0.2551366 0.2672811 0.8356981 -0.5121979 0.1981462 0.8397951 -0.504587 0.2003401 0.8405022 -0.5038181 0.1993074 0.8699685 -0.4474873 0.2071472 0.9202526 -0.391279 -0.005985552 0.9217387 -0.3876785 -0.01015249 0.9216531 -0.3878595 -0.01098174 0.9185903 -0.3950767 -0.01030396 0.8805713 -0.4738062 -0.01009554 0.8814619 -0.4721778 -0.008547832 0.9867813 -0.1620366 -0.002601571 0.9867576 -0.1621894 -0.002029121 0.912777 -0.4084271 -0.005049301 0.986756 -0.1621989 -0.002027361 0.9872322 -0.1592864 -0.0006485503 0.9128524 0.406318 -0.04007689 0.9044858 0.4241436 -0.04480635 0.9644203 -0.260055 -0.04759153 0.8819949 -0.4675072 -0.05934711 0.114001 0.9455072 -0.3049916 0.07870722 0.9380586 -0.3374185 0.04939517 0.9856311 -0.1615283 -0.00115046 0.9450382 -0.3269578 0.02582018 0.9047037 -0.4252581 0.04105988 0.944707 -0.3253348 0.005657657 0.9994481 -0.03273494 0.008427809 0.9986304 -0.05163657 0.1823495 0.9437026 -0.2759964 0.2084274 0.9378193 -0.2775841 0.2146565 0.9433791 -0.2529002 0.02339285 0.999406 -0.0253055 0.2499249 0.9376895 -0.2414041 0.01028503 0.9995677 -0.02754201 0.06886457 0.9855415 -0.1548084 0.1617104 0.9373944 -0.3084502 0.02691234 0.9986313 -0.04484739 0.01753796 0.9994365 -0.02861862 0.2743418 0.9403151 -0.2013556 0.2116412 0.9681065 -0.1340812 0.3236812 0.9298769 -0.1748124 0.0462359 0.9986945 -0.0217137 0.3427045 0.9285535 -0.1426256 0.04377293 0.9988313 -0.02049499 0.2085955 0.9752927 -0.07274606 0.352946 0.9298201 -0.1042288 0.04173674 0.9990665 -0.01114035 0.4138989 0.9059197 -0.08942741 0.1060694 0.9940525 -0.02467463 0.3596329 0.9316751 -0.05143607 0.03685118 0.99931 -0.004637031 0.3884502 0.920926 -0.03165146 0.03355173 0.9987567 -0.03687052 0.1635132 0.9768066 -0.1382476 0.02501161 0.9995165 -0.01847099 0.06005096 0.9981613 -0.008240176 0.2747752 0.9614702 -0.008576963 0.404044 0.9147058 -0.00786031 0.3514941 0.9361901 -4.688989e-05 0.07856272 0.9969089 -0.0008016454 0.6435851 0.7653051 0.01031564 0.323423 0.9459668 0.02333371 0.04337048 0.9990543 0.00309096 0.2434835 0.9693887 0.0316441 0.3429215 0.9371669 0.06421138 0.06754798 0.9975908 0.01580796 0.3213603 0.9434489 0.08143532 0.07241147 0.9973741 -0.001182322 0.08529324 0.9963556 -0.0008118682 0.07708354 0.9970243 -0.0007636359 0.6177405 0.7703657 0.1579031 0.6207515 0.7762538 0.1099889 0.6269655 0.7777332 0.04522623 0.6283384 0.777938 0.001811702 0.07566532 0.9968546 0.02357322 0.2727456 0.9589441 0.07769255 0.04917831 0.9987198 0.0118404 -0.3419936 0.934007 0.1033023 -0.2267323 0.964868 0.1327484 -0.0420694 0.9991098 0.003113415 -0.3222387 0.9463655 0.02354735 -0.2171394 0.9757236 0.02852858 -0.3495072 0.9346036 0.06603686 -0.240078 0.9683404 0.0684068 -0.3318328 0.9396374 0.08347731 -0.06060175 0.9980633 0.01403731 -0.07518849 0.9970122 0.01770296 -0.6560077 0.7546779 0.0107317 -0.07356816 0.9972898 -0.0008572484 -0.3467619 0.9379532 3.876058e-05 -0.3357968 0.9319974 -0.1364599 -0.3923385 0.9130042 -0.1117755 -0.1143169 0.9927024 -0.03838675 -0.3917902 0.918501 -0.05344576 -0.1357261 0.9904654 -0.02359333 -0.3588825 0.9301751 -0.07731475 -0.04057723 0.9991306 -0.009562697 -0.08418493 0.996275 -0.01868383 -0.2404933 0.943464 -0.2281197 -0.2865525 0.9355454 -0.2065007 -0.2055256 0.9632558 -0.1729091 -0.02366097 0.9994631 -0.02266409 -0.1160569 0.9854636 -0.1240655 -0.2225086 0.9369463 -0.2694839 -0.03113427 0.9986244 -0.04219051 -0.1852698 0.9431657 -0.2758871 -0.07697852 0.9460138 -0.3148526 -0.1243415 0.9384069 -0.3223844 -0.05202393 0.9845091 -0.1674376 -0.0206984 0.9993785 -0.02853276 -0.1863284 0.9297755 -0.3174891 -0.14835 0.9445839 -0.2928372 -0.01324006 0.9994874 -0.02914732 -0.0214309 0.9987129 -0.0459708 -0.03622398 0.9992435 -0.01414944 -0.2572338 0.9586609 -0.1216557 -0.3147514 0.9327071 -0.1760368 -0.03623215 0.9990825 -0.02283613 -0.03817161 0.9989829 -0.02400051 -0.06145541 0.9981096 -0.0006095188 -0.07071545 0.9974963 -0.0006215727 -0.3660338 0.9305991 -0.002142027 -0.09588153 0.9953927 -0.0003445773 -0.9108856 0.4119483 -0.02420877 -0.1316559 0.9912693 -0.00720555 -0.3704677 0.928277 -0.03248888 -0.04417329 0.9990133 -0.004606365 -0.07103432 0.997451 -0.006758143 -0.6177538 0.7703249 0.1580499 -0.620712 0.7762268 0.1104017 -0.6269547 0.7777175 0.04564417 -0.6283838 0.7779008 0.002011695 -0.7988373 0.6015418 0.002553504 -0.7960058 0.6025095 0.05793979 -0.7879384 0.5995827 0.1401914 -0.7834779 0.588206 0.2004396 -0.7972108 0.5541756 0.2394667 -0.8013718 0.5134668 0.3068471 -0.6297646 0.7767703 -0.004932881 -0.006705735 0.9995928 -0.02773556 -0.02656182 0.9886007 -0.1481998 -0.03866549 0.9365106 -0.3485009 -0.002759527 0.9984189 -0.05614349 -0.001193932 0.9994908 -0.03188557 0.764163 -0.5999197 0.2369627 0.7121698 -0.6648814 0.2252707 0.727848 -0.6484605 0.2230163 0.8841163 -0.3800508 0.2718453 0.8868654 -0.3645028 0.2839144 -0.08803473 -0.2528628 -0.9634886 -0.09523412 -0.2838793 -0.954119 -0.4573888 0.2653311 0.8487608 -0.1964729 0.4795896 0.8552147 -0.3554863 0.5842483 0.7295776 -0.8290566 -0.4930381 0.2637775 -0.8361125 -0.4294016 0.3413652 -0.8673955 -0.1704132 0.46753 -0.2972103 -0.06944967 0.9522829 -0.6325681 -0.59533 0.4954188 -0.5474459 -0.5046555 0.6675521 -0.4442917 -0.3779621 0.8122497 -0.4674432 -0.1350924 0.87364 -0.6972297 -0.4320059 0.5720504 -0.7375369 -0.4038085 0.5412745 -0.8173611 0.1026164 0.5669133 -0.8751181 0.2051548 0.4382691 -0.9118326 -0.1712389 0.3731468 -0.8069374 -0.3492138 0.4763421 0.03938034 0.9165248 0.3980344 0.1090248 0.8261854 0.5527489 -0.1342323 0.561944 0.8162112 -0.611194 0.09008954 0.7863369 -0.5223506 0.4178981 0.7433108 0.00316705 0.9810214 0.1938737 -0.4183325 0.8283532 0.3725976 -0.3876038 0.72163 0.573597 -0.5683611 0.5552468 0.6071793 -0.6144067 0.6651797 0.4243117 0.1638092 0.4471177 0.8793477 -0.1929724 -0.104107 0.9756656 -0.1839006 -0.1066263 0.9771445 -0.3911791 -0.00769452 0.9202824 -0.3275453 -0.2460876 0.9122253 -0.4812485 -0.1382411 0.865615 -0.6625983 -0.6306733 0.4039983 -0.7090964 -0.579899 0.4011227 -0.7511531 -0.5986937 0.2780916 -0.7564234 -0.5986989 0.2634071 -0.7839054 -0.4770323 0.3974072 -0.7956686 -0.5472971 0.2595715 -0.7828447 -0.03014634 0.6214864 -0.7179078 0.3482556 0.6027657 -0.7722902 0.4524196 0.4459645 -0.08717438 0.4350222 0.8961899 -0.7229306 -0.09368387 0.6845398 0.4693381 -0.06757914 0.8804287 0.3845853 -0.05669465 0.9213467 0.3814862 -0.08352718 0.920593 0.2999759 -0.04591658 0.9528411 -0.9974027 -0.07178006 -0.005952943 -0.9980567 -0.06035514 -0.01549352 -0.9821314 -0.1814163 -0.05006062 -0.9854354 -0.1548989 -0.07016663 -0.9887757 -0.1057102 -0.1055838 -0.9895523 -0.08203709 -0.1185585 -0.9738271 -0.1270629 -0.1884563 -0.9716688 -0.09527364 -0.2162929 -0.9113431 0.007224505 0.4115842 -0.898798 -0.05587446 0.4347876 -0.9631855 -0.01741916 0.2682728 -0.3731687 -0.6168435 0.6930001 -0.3991193 -0.5848977 0.706115 -0.5548066 -0.8319027 -0.01129398 -0.1022603 -0.9835123 0.1491522 -0.2261494 -0.9636033 0.142566 -0.2299531 -0.9392027 0.2549898 -0.9914785 -0.1299104 0.009677139 -0.99977 -0.02141693 0.001146745 -0.9997239 -0.02319649 0.003737703 -0.9881497 -0.1378226 0.06756624 -0.9994507 -0.03018584 0.01368078 -0.9992209 -0.03376692 0.02042852 -0.684519 0.2279759 0.692431 -0.6580826 0.2608473 0.7063187 -0.9216857 0.3877664 -0.01152365 -0.6984217 0.3733463 -0.6105896 -0.7522522 0.4140804 -0.5124979 -0.6377197 0.4715768 -0.6090393 -0.402275 0.5410423 -0.7385446 -0.4804506 0.5264004 -0.7014769 -0.5283704 0.6200067 -0.5800141 -0.1548111 0.1901364 -0.9694749 -0.1212678 0.1660936 -0.9786251 -0.2183498 0.2211925 -0.9504721 0.0006030982 0.4261392 -0.9046574 0.001560964 0.286082 -0.9582039 -0.1039888 0.2913234 -0.9509558 -0.7843688 0.4387236 -0.4385057 -0.8222732 0.5162865 -0.2394056 -0.9168033 0.3770525 -0.1315415 -0.4888034 0.8338409 0.2564773 -0.6223576 0.7643719 0.1685426 -0.6099061 0.7886333 0.07792352 0.2186943 0.9757917 0.001833502 0.1986295 0.9800735 0.0014708 0.3845755 0.9230799 -0.00501243 0.505552 0.5152419 0.6920571 0.5240015 0.4771484 0.7055152 0.7071409 0.7069849 -0.01114136 0.08370764 0.5796661 -0.8105432 0.1664646 0.578092 -0.7988111 0.1360333 0.4250051 -0.8949109 0.2711316 0.4226741 -0.8647741 0.2176622 0.3043507 -0.9273585 0.1068451 0.2909638 -0.9507493 0.5578964 0.4061335 -0.7237453 0.4568635 0.3387736 -0.8225012 0.3414884 0.3219733 -0.8830169 0.9187139 0.3943222 -0.02178954 0.9216171 0.3878968 -0.01257093 0.9738062 0.2273055 -0.005796957 0.5531109 0.3341947 -0.7631397 0.8016695 0.3255176 -0.5013625 0.8969948 0.2762226 -0.3451107 0.9064898 0.3354584 -0.2564056 0.622696 0.347258 -0.7011858 0.7323585 0.3478751 -0.5853495 0.7782616 0.435805 -0.4520872 0.06233775 -0.7131925 0.6981908 0.0001884869 -0.7184869 0.6955405 0.02293796 -0.9997361 -0.00127244 -0.3657198 0.6813558 0.6340373 -0.4037708 0.7122607 0.5741549 -0.559927 -0.01360756 0.8284302 -0.5689057 0.6922156 -0.444054 -0.5362995 0.7039409 -0.4656716 -0.7734241 -0.01958383 -0.6335863 0.5075917 0.6923288 -0.5128659 0.7133689 -0.02225326 -0.7004353 0.6352042 -0.02085801 -0.7720625 0.6265462 0.6847878 0.3721634 0.568701 0.7148918 0.4068278 0.8297086 -0.00929127 0.5581195 0.4925405 0.6997469 0.5174535 0.4670075 0.7118857 0.5245214 0.6377335 -0.02264467 0.7699242 0.9256092 -0.3219938 0.1989162 0.9380259 -0.2850764 0.1970757 0.9651315 -0.203817 0.1642556 0.9350905 -0.3515829 0.04466719 0.9290895 -0.3695289 0.0155277 0.9953507 -0.09363191 0.02258608 0.9541637 -0.2992084 -0.006783613 0.9789009 -0.2042729 -0.005062223 0.955365 -0.2952754 -0.009490407 0.9519346 -0.2615036 -0.1594877 0.9757667 -0.1567354 -0.1526872 0.97145 -0.1948442 -0.1353538 0.7427789 -0.07164127 -0.6656929 0.7310582 -0.02326864 -0.6819182 0.8445857 -0.04132962 -0.5338229 0.596745 -0.09492657 -0.7967963 0.5035992 -0.3847185 -0.7735499 0.4928458 -0.3364151 -0.8024512 0.5131546 -0.0495228 -0.8568663 0.2349048 -0.004458307 -0.9720082 0.2343145 -0.005379372 -0.972146 0.1993658 -0.002593548 -0.9799217 -0.3840106 -0.06863268 -0.9207743 -0.3899385 -0.1188544 -0.9131383 -0.3887581 -0.00633761 -0.921318 -0.5875733 -0.3956267 -0.7058592 -0.5682257 -0.4096581 -0.7136524 -0.5420724 -0.08794146 -0.8357175 -0.9629485 -0.1746327 -0.2055081 -0.9636783 -0.1692445 -0.2065926 -0.9755804 -0.1562449 -0.1543711 -0.8944838 -0.4458102 -0.0339425 -0.9477903 -0.3188659 -0.004263138 -0.978433 -0.2060195 -0.01499629 -0.8529731 -0.472724 0.2212892 0.7249541 -0.6355581 0.2655323 0.8533583 -0.473567 0.2179768 0.9172356 -0.359132 0.1723459 0.8405638 -0.5047827 0.1965881 0.685471 -0.7017734 0.1940195 0.6509332 -0.7014934 0.2901601 0.6488908 -0.7031191 0.2907994 0.4034321 -0.8543459 0.3276212 0.38716 -0.8558521 0.3429641 0.4705235 -0.8591511 0.2011642 0.5745771 -0.7610214 0.3011771 0.5854554 -0.7667221 0.2633992 0.5396836 -0.8127628 0.2194499 0.4771801 -0.8162092 0.3257327 0.5703052 -0.760486 0.3105044 0.6258103 -0.753574 0.2012155 0.2350123 -0.9039871 0.3571787 0.3586944 -0.8689933 0.3408652 0.3871609 -0.8558514 0.3429647 0.1745034 -0.9140208 0.3662165 0.2580355 -0.9103904 0.3234302 0.2166308 -0.8747035 0.4335492 0.2765753 -0.8793228 0.3876823 0.3411905 -0.7825142 0.5208268 0.1037706 -0.8914568 0.4410628 0.1304278 -0.9288195 0.3468183 0.172092 -0.9151322 0.3645784 0.0003926631 -0.8956869 0.4446851 0.05705509 -0.9271009 0.3704439 0.05881285 -0.9268871 0.3707039 -0.1117053 -0.9281381 0.3550797 -0.05754295 -0.9326946 0.3560472 -0.1070832 -0.890598 0.4420049 -0.05685272 -0.9299073 0.3633733 0.003923652 -0.933716 0.3579931 -0.2825179 -0.8717208 0.4003579 -0.2154388 -0.8757797 0.4319675 -0.330446 -0.7719772 0.5430071 -0.3678095 -0.8588475 0.3565068 -0.2515814 -0.9055093 0.3417013 -0.1736102 -0.9170237 0.359064 -0.1736118 -0.9170239 0.359063 -0.4036978 -0.8553695 0.3246091 -0.3920444 -0.856175 0.3365496 -0.2333845 -0.9048948 0.3559454 -0.6280201 -0.7590696 0.1714761 -0.5991002 -0.7549949 0.2665738 -0.6528856 -0.7005983 0.2879279 -0.5848249 -0.7543599 0.2981963 -0.4859712 -0.8030612 0.3448546 -0.5451661 -0.8093931 0.21835 -0.5844236 -0.7681687 0.2614687 -0.4563825 -0.8534487 0.2516752 -0.3920431 -0.8561759 0.3365487 -0.722167 -0.638158 0.2668879 -0.6647082 -0.6925405 0.2802689 -0.8415815 -0.5037065 0.1949879 -0.8139869 -0.5287458 0.2405268 -0.9184418 -0.3563892 0.1716141 -0.8932232 -0.3634293 0.2647102 -0.8932229 -0.3634298 0.2647104 -0.9069571 -0.3449114 0.2417952 -0.8374481 -0.487504 0.2470231 -0.9540359 -0.2365365 0.1840271 -0.8634498 -0.451271 0.2254083 -0.8932236 -0.3634277 0.264711 -0.9380364 -0.2609257 0.228047 -0.9472893 -0.2477164 0.2031739 -0.9352665 -0.2684621 0.2306614 -0.9387905 -0.2735667 0.2093651 -0.9324643 -0.282608 0.2250399 -0.9206881 -0.3358326 0.1988716 -0.9071524 -0.3705116 0.1994884 -0.9653579 -0.2084463 0.1569533 -0.9730597 -0.1713209 0.1542854 -0.9605065 -0.2527809 0.1163149 -0.9557289 -0.2530608 0.1501419 -0.9568911 -0.2506109 0.1468115 -0.9697243 -0.2386915 0.05158626 -0.9136657 -0.3963936 0.08992782 -0.9061077 -0.4037554 0.1262953 -0.9677454 -0.247822 0.04531187 -0.9677453 -0.2478221 0.04531256 -0.9954964 -0.09189934 0.02326914 -0.9951755 -0.08542082 0.04825918 -0.8744729 -0.4850101 0.007902634 -0.995941 -0.08986625 0.005064915 -0.9171977 -0.3984171 0.003497263 -0.9954891 -0.09482903 -0.003000867 -0.968216 -0.2499986 -0.007649051 -0.9956974 -0.09254449 -0.004702555 -0.9544979 -0.298029 -0.01060864 -0.968215 -0.2500024 -0.007648639 -0.9769671 -0.2131365 -0.01039759 -0.9753506 -0.2206138 -0.00455567 -0.9773422 -0.2113508 -0.01153578 -0.9485708 -0.3165363 -0.004266756 -0.9471483 -0.3207705 -0.00403355 -0.9752066 -0.2212833 -0.002419178 -0.947309 -0.3202866 -0.004711954 -0.9686366 -0.2402028 -0.06360626 -0.9708579 -0.2307784 -0.06462436 -0.9710115 -0.2303843 -0.06371538 -0.9394479 -0.3227981 -0.1150611 -0.9675978 -0.2203339 -0.1233187 -0.9874425 -0.129215 -0.09088942 -0.9589732 -0.263041 -0.1057343 -0.9377797 -0.3018148 -0.1716889 -0.9680056 -0.206603 -0.1424089 -0.9600908 -0.2467592 -0.1316646 -0.9481514 -0.1365782 -0.286976 -0.949422 -0.121568 -0.2895151 -0.9296537 -0.270266 -0.2504001 -0.9150686 -0.135565 -0.379831 -0.9148239 -0.1389395 -0.3792005 -0.9413 -0.1361799 -0.3088839 -0.8941688 -0.3076921 -0.3252504 -0.9464556 -0.1644947 -0.2777829 -0.8748885 -0.05184132 -0.4815419 -0.8642107 -0.2585442 -0.4316188 -0.9253211 -0.07014782 -0.3726394 -0.8760102 -0.06574384 -0.4777905 -0.840904 -0.03364094 -0.5401378 -0.8738065 -0.07027649 -0.4811689 -0.8348438 -0.03350346 -0.5494664 -0.7553244 -0.1013835 -0.6474615 -0.7449516 -0.1519954 -0.6495725 -0.8106387 -0.06652137 -0.5817558 -0.8161061 -0.2427669 -0.5244378 -0.6646221 -0.04294848 -0.7459443 -0.684899 -0.1632714 -0.7101097 -0.7151587 -0.01978969 -0.6986819 -0.7413749 -0.0557083 -0.6687749 -0.7413748 -0.0557087 -0.6687749 -0.5980598 -0.07442619 -0.7979882 -0.5599983 -0.01200751 -0.8284067 -0.5088289 -0.1646049 -0.8449843 -0.579284 -0.05751924 -0.8130938 -0.4932088 -0.09754606 -0.8644246 -0.477713 -0.01011279 -0.8784578 -0.4842417 -0.05315548 -0.8733181 -0.4170498 -0.1500155 -0.8964178 -0.2957346 -0.003607416 -0.9552633 -0.3188399 -0.1218847 -0.939939 -0.1710071 -0.1140555 -0.978646 -0.2153998 -0.1053408 -0.9708276 -0.1988943 -0.001115322 -0.9800203 -0.2790854 -0.07809152 -0.9570857 -0.2831194 -0.1170741 -0.9519123 -0.1138782 -0.09581725 -0.9888634 -0.1000884 -0.0004634764 -0.9949784 -0.05543747 -0.09674307 -0.9937643 -0.0003378226 -0.0004638786 -0.9999998 -0.02249887 -0.1097118 -0.9937088 0.03296073 -0.08099603 -0.9961693 0.1007668 -0.0009532841 -0.9949096 0.07030233 -0.1767082 -0.9817494 0.1776557 -0.1720906 -0.9689289 0.1226484 -0.001767308 -0.9924486 0.1213868 -0.003576838 -0.9925988 0.3215581 -0.1604748 -0.9331925 0.2992438 -0.2610681 -0.9177672 0.2957288 -0.004610344 -0.9552608 0.3435294 -0.01303296 -0.9390515 0.3892965 -0.006624935 -0.9210887 0.3963552 -0.1699699 -0.9022266 0.4469248 -0.01896528 -0.8943705 0.4775898 -0.008275398 -0.878544 0.4474725 -0.0198851 -0.8940766 0.5640376 -0.01618146 -0.8255906 0.5448179 -0.0214534 -0.8382799 0.4968475 -0.1711025 -0.8508034 0.7135948 -0.05492203 -0.6984025 0.665541 -0.1547575 -0.7301406 0.7108332 -0.01365132 -0.7032282 0.6356127 -0.00421121 -0.7719966 0.7810037 -0.06869262 -0.6207371 0.9260249 -0.07046333 -0.3708272 0.8397464 -0.1873663 -0.5096271 0.8097364 -0.1671476 -0.5624844 0.8838962 -0.2532667 -0.393171 0.8592708 -0.1268213 -0.4955502 0.8429243 -0.1187458 -0.5247648 0.9159679 -0.2812596 -0.2861745 0.9061504 -0.2822881 -0.3149681 0.9362521 -0.1388953 -0.3227073 0.9224959 -0.1946696 -0.3333241 0.9251362 -0.190718 -0.3282526 0.9742619 -0.1259072 -0.1869788 0.9515917 -0.1989695 -0.2342741 0.9716363 -0.09396987 -0.217008 0.9521588 -0.1930098 -0.2369406 0.9478159 -0.2513019 -0.1961947 0.9580966 -0.2417578 -0.1536361 0.9580993 -0.2417346 -0.1536556 0.9580991 -0.2417379 -0.1536518 0.9850128 -0.1557087 -0.07419352 0.9683893 -0.2301908 -0.09609513 0.9871299 -0.131989 -0.09029628 0.9380453 -0.3327928 -0.0965401 0.9150217 -0.4024719 -0.02741582 0.8934281 -0.4474366 -0.03983312 0.9824788 -0.1814795 -0.04243382 0.9778955 -0.1919702 -0.08287216 0.9771717 -0.1947022 -0.08500843 0.9472378 -0.3202598 -0.01320199 0.9472378 -0.3202597 -0.01320116 0.973272 -0.2295446 -0.007134824 0.9737594 -0.2267746 -0.01912663 0.9460851 -0.3237648 -0.009962006 0.9967187 -0.08091 -0.002319675 0.9515019 -0.3074729 -0.01022728 0.9960778 -0.08836959 -0.004460555 0.9516072 -0.3071972 -0.008585166 0.995932 -0.09010751 4.502846e-05 0.9517345 -0.3068387 -0.007167078 0.9337379 -0.3575615 0.01683389 0.942074 -0.3352868 0.008908406 0.9517318 -0.3068472 -0.00716269 0.9678536 -0.2317276 0.09778415 0.9132622 -0.392768 0.1080992 0.9598716 -0.2650072 0.09174774 0.8928611 -0.4316387 0.1284023 0.9380251 -0.2850727 0.1970847 0.864345 -0.4409478 0.2418115 0.913667 -0.325633 0.2432606 0.947507 -0.2459298 0.2043259 0.9136691 -0.325626 0.243262 0.8684522 -0.4230883 0.258432 0.8691842 -0.4198675 0.2612089 0.9143693 -0.3371793 0.2241402 0.885704 -0.3882551 0.2545319 0.9560858 -0.2358455 0.1740023 0.8239824 -0.5084777 0.250007 0.9139993 -0.3473995 0.2095681 0.06197851 0.700531 0.7109255 0.0960359 -0.003827441 0.9953705 0.1029197 0.6987366 0.707937 0.1984557 -0.004626504 0.9800989 0.1257625 0.7146154 0.6881196 0.2893736 -0.004848946 0.957204 0.3797524 -0.009927964 0.9250349 0.2571857 0.7113056 0.6541406 0.2561942 0.6839329 0.6830815 0.1887579 0.7112985 0.6770708 0.1807355 0.6872264 0.7036012 0.4753952 -0.02012573 0.8795421 0.3260477 0.697304 0.638326 0.3048238 0.6938904 0.6523792 0.4469915 0.6965462 0.5612682 0.408738 0.7129893 0.5697188 0.5590977 -0.02217856 0.8288051 0.3857916 0.6967179 0.6047718 0.3469219 0.7138769 0.6082967 0.5767363 0.6890026 0.4389199 0.5311652 0.6951319 0.4844123 0.7096913 -0.02483551 0.7040749 0.502981 0.7075994 0.4962995 0.9259307 -0.001599227 0.37769 0.6414797 0.7237764 0.2542666 0.65745 0.6917572 0.2987163 0.7235806 0.6830694 0.0992338 0.6745356 0.7292556 0.114839 0.9825305 0.01309882 0.1856398 0.7073861 0.687049 0.166038 0.9999437 0.009539112 0.004655616 0.6925451 0.7207692 0.0295465 0.9961423 -0.007511381 0.08743065 0.7134161 0.6989726 0.04974672 0.9837261 0.15859 -0.08445189 0.8304656 0.5398149 -0.1375747 0.7235259 0.6899465 -0.02200496 0.9687752 -0.02500295 -0.2466767 0.951832 -0.02347708 -0.30572 0.9766192 -0.01113312 -0.2146883 0.6798636 0.7035473 -0.2068975 0.6925922 0.6960241 -0.1893847 0.7022139 0.697327 -0.143634 0.6991756 0.704953 -0.119142 0.7026732 0.7026335 -0.112056 0.9225719 -0.02437866 -0.3850543 0.6537035 0.7040233 -0.2775301 0.6776305 0.6925991 -0.2472316 0.5723504 0.7034478 -0.421398 0.591727 0.6960243 -0.4067055 0.8334792 -0.02508327 -0.5519813 0.6161021 0.6961229 -0.3685527 0.8777258 -0.02722481 -0.4783891 0.6213229 0.7038056 -0.3444062 0.648595 0.6921981 -0.3165221 0.5583772 0.6918957 -0.4577066 0.771378 -0.02529528 -0.6358743 0.5253588 0.7036097 -0.478468 0.4011213 0.704395 -0.5856017 0.4227375 0.6965754 -0.5797203 0.459142 0.6970446 -0.5507427 0.4719666 0.7043152 -0.5302713 0.3739237 0.6928731 -0.616529 0.3089854 0.6923062 -0.6521044 0.2709478 0.7053024 -0.6550846 0.2501261 0.6990543 -0.6698955 0.2071853 0.6992773 -0.6841677 0.1828645 0.7067593 -0.6834119 0.1495038 0.6953279 -0.7029707 6.678025e-05 0.6954725 -0.7185527 0.03709298 0.7071163 -0.7061237 0.07528289 0.695505 -0.7145665 0.1106788 0.7070358 -0.698463 -0.1066721 0.6993108 -0.7068136 -0.06062307 0.6998614 -0.7117014 -0.03714434 0.7071508 -0.7060865 -0.1265945 0.7066985 -0.696097 -0.1662145 0.6955259 -0.6990111 -0.1990206 0.7069247 -0.6787107 -0.2383836 0.6950615 -0.6782792 -0.3893756 0.6937069 -0.6059351 -0.334339 0.6982494 -0.6329811 -0.2939287 0.6985744 -0.65238 -0.2689957 0.706465 -0.6546362 -0.5262917 0.6966338 -0.4875638 -0.4941196 0.696537 -0.5202711 -0.7086477 -0.01619435 -0.7053766 -0.4723719 0.7040791 -0.5302239 -0.6383658 -0.01501182 -0.7695868 -0.4508487 0.6930011 -0.5625699 -0.4136448 0.7049854 -0.5761021 -0.6391812 0.6960204 -0.327113 -0.621315 0.7038065 -0.3444184 -0.8791029 -0.02125786 -0.4761577 -0.6121328 0.6920882 -0.3825015 -0.9203604 -0.01946961 -0.3905864 -0.6582012 0.6961223 -0.2866792 -0.952512 -0.0180888 -0.3039632 -0.6834638 0.6924514 -0.2310589 -0.6602396 0.7038875 -0.2619657 -0.7027019 0.7026063 -0.1120464 -0.6991613 0.7049552 -0.1192125 -0.9771085 -0.01336748 -0.2123211 -0.7033181 0.6929484 -0.1586382 -0.68352 0.7042785 -0.1918128 -0.8312216 0.5382021 -0.1393168 -0.9946548 0.007295971 -0.1029981 -0.7847261 0.6174398 -0.05452529 -0.9989662 0.04158264 -0.01836736 -0.6645215 0.7467807 -0.02701524 -0.9239159 0.00160009 0.3825923 -0.635122 0.7239782 0.2692127 -0.6818585 0.6892156 0.2450526 -0.9572144 0.01092465 0.2891734 -0.7068439 0.6846267 0.177927 -0.9833511 0.0187246 0.1807487 -0.7048942 0.6913163 0.1587637 -0.6783648 0.7267082 0.1082425 -0.9961081 0.03700623 0.07999542 -0.7399051 0.6633958 0.1115638 -0.7617363 0.6466883 0.03939766 -0.6503173 0.6922075 0.3129477 -0.8815051 -0.005553604 0.4721419 -0.6155264 0.6954754 0.3707306 -0.8298644 -0.01754417 0.5576892 -0.5889097 0.7006817 0.4027784 -0.45376 0.7006732 0.5505987 -0.4671119 0.7118484 0.524479 -0.6362601 -0.02104759 0.7711875 -0.5041442 0.6964081 0.5107391 -0.7101891 -0.01936943 0.7037444 -0.5218491 0.7095034 0.4735804 -0.773884 -0.01706563 0.6330973 -0.5548045 0.6957762 0.4561659 -0.567595 0.709422 0.4177994 -0.4216338 0.6847539 0.5944216 -0.3435548 0.7114661 0.6130139 -0.478724 -0.01350626 0.8778615 -0.3074128 0.6964209 0.6484561 -0.3847034 -0.01649274 0.9228929 -0.2656643 0.715955 0.6456245 -0.2458113 0.6978064 0.6727875 -0.289772 -0.01403231 0.9569928 -0.2106332 0.7004591 0.6819022 -0.1954693 -0.007770176 0.980679 -0.1497544 0.6967283 0.7015293 -0.1812609 0.7119777 0.6784042 0.03704315 0.7090327 0.704202 -0.0007961218 0.6957907 0.7182442 -0.0008035642 0.0002461283 0.9999996 -0.03633854 0.7087443 0.7045289 -0.0976308 -0.002181935 0.9952203 -0.07538568 0.6964136 0.7136702 -0.1100798 0.7105852 0.6949468 0.106024 -0.923469 0.3687328 -0.0001055659 -0.9283552 0.3716943 0.008394403 -0.9873574 0.1582872 0.09055597 -0.979264 0.1812225 0.2021753 -0.9783221 0.04484361 0.1962972 -0.9805334 -0.00464963 0.12733 -0.6948132 0.7078288 0.1042139 -0.7076349 0.6988508 0.3875919 -0.921312 0.0309296 0.5541875 -0.832323 -0.01070862 0.3873713 -0.6093101 0.6918704 0.3841825 -0.9232328 -0.006702895 0.338526 -0.6343818 0.6949531 0.2949996 -0.6520249 0.6984545 0.2688794 -0.6539226 0.7071698 0.2369658 -0.6798888 0.693973 0.1684629 -0.6994761 0.6945167 0.9023378 -0.3815894 0.2004397 0.9732605 -0.1718359 0.1524347 0.9973491 -0.05263173 0.05024659 0.9988425 -0.03897649 0.02818564 0.9824037 -0.1481408 0.1137419 0.5683338 -0.4450286 0.6920595 0.527095 -0.4868056 0.6965566 0.7047376 -0.7093055 -0.01518427 0.5591616 -0.8288429 0.0189118 0.706334 -0.7078438 0.007030219 0.8274685 -0.5614195 -0.01020153 0.9712058 -0.2382152 0.003571422 0.9921257 -0.1252318 0.001915158 0.9933124 -0.1153935 -0.003857672 0.9199743 -0.3918729 -0.009107747 0.6592107 -0.2613806 0.7050684 0.6572583 -0.2862532 0.6971876 0.6389737 -0.3293588 0.6951514 0.6140264 -0.3806739 0.691418 0.5811357 -0.4066565 0.7049197 0.4938057 -0.519698 0.6971871 0.4512949 -0.5623699 0.692873 0.4134325 -0.5755157 0.7055886 0.00367543 0.8599153 0.5104234 0.1736826 0.870355 0.4607781 0.1952117 0.6860294 0.7008966 0.965793 -0.2424966 0.09186586 0.9950973 -0.08667581 0.04762984 0.9950705 -0.07106916 0.0691656 0.983884 0.1148875 -0.1370154 0.9853828 0.109649 -0.1303761 0.9881984 0.1078309 -0.1087953 0.8601514 0.2866871 -0.4218413 0.7857675 0.3105403 -0.5349151 0.8343715 0.3191249 -0.4494257 0.9616933 -0.232615 0.1450388 0.985623 -0.1420124 0.09154061 0.9992209 -0.03376692 0.02042852 0.9905733 0.106996 -0.08553575 0.9661721 -0.2321387 0.1123523 0.9881496 -0.1378226 0.06756626 0.9994507 -0.0301862 0.01368083 0.9922139 0.1068936 -0.06391679 0.9211501 -0.3668937 0.1298906 0.9691104 -0.2333253 0.07990248 0.9898764 -0.1344578 0.04545032 0.9996126 -0.02662183 0.008115483 0.9932366 0.1073744 -0.04418011 0.9656466 0.2393918 -0.1010857 0.9605237 0.2370177 -0.1456597 0.9523471 0.2352945 -0.1940915 0.9402654 0.2346092 -0.2466971 0.9301285 0.2337974 -0.2831958 0.9217942 0.2322233 -0.3104316 0.9797605 0.1366199 -0.146302 0.9842716 0.1507102 -0.09217314 0.9846615 0.1675269 -0.04874963 0.9127307 0.3745905 -0.1631094 0.902965 0.360725 -0.2335204 0.8864517 0.3459321 -0.3074643 0.8613843 0.329988 -0.386167 0.913937 0.3835162 -0.1327945 0.9130304 0.4048859 -0.04942636 0.7185791 0.3317023 -0.6112427 0.6290983 0.3344374 -0.7017029 0.7062574 0.377733 -0.598764 0.6199053 0.4783586 -0.6220052 0.4361778 0.3222149 -0.8401944 0.5462915 0.344069 -0.7636636 0.8306942 0.5104588 -0.2222136 0.8149039 0.4858785 -0.3159963 0.7899135 0.4521605 -0.4142312 0.7513562 0.413202 -0.5145172 0.82414 0.5153422 -0.2349801 0.8302859 0.5492789 -0.09443514 0.826572 0.5628122 -0.004609576 0.7000886 0.1431644 0.6995569 0.6969184 0.1185692 0.7072807 0.7132642 0.08355962 0.6958966 0.9951432 0.09843134 -0.001112086 0.9999051 -0.01370566 -0.001425025 0.9998331 -0.01826438 0.0004344313 0.9945466 0.1041516 -0.005427161 0.9709251 0.2390233 -0.01312643 0.7247484 -0.6606269 0.1957343 0.839369 -0.5261569 0.1364502 0.9227681 -0.3761044 0.08393171 0.9706336 -0.2359543 0.04686187 0.9909689 -0.1318195 0.02458285 0.9997239 -0.02319661 0.003737847 0.9938113 0.1081909 -0.02517759 0.9684696 0.24227 -0.0580679 0.9170734 0.3877218 -0.09299573 0.8453209 0.5215186 -0.1159783 0.7812951 0.6096862 -0.1336439 0.7766979 0.6281375 -0.04672902 0.7146758 0.6975683 -0.05135224 0.7082112 0.7058918 -0.01239754 0.5570504 0.4566499 0.6936611 0.5706704 0.42026 0.7054905 0.8306659 0.5565946 -0.01401792 0.5898834 0.4056983 0.6981737 0.6158202 0.3668601 0.6972655 0.6470616 0.3172106 0.6933172 0.831474 0.5551937 -0.02027087 0.6516418 0.276392 0.7063784 0.6773352 0.2450844 0.6936502 0.690709 0.1887951 0.6980526 0.2636565 0.229491 -0.93692 0.4069384 0.2558866 -0.8768827 0.2234379 0.221281 -0.9492683 0.3604991 0.2992696 -0.8834467 0.3088941 0.4502619 -0.8377641 0.4492501 0.4804571 -0.7532167 0.4226557 0.729953 -0.5371506 0.5696959 0.6890926 -0.4478817 0.4650873 0.8552783 -0.2284577 0.6037161 0.77492 -0.1871517 0.470628 0.8821741 -0.01667693 0.3215892 0.9468418 -0.008421502 0.3155224 0.9121879 -0.2614551 0.2765367 0.7477042 -0.6037101 0.1856177 0.4128042 -0.8917055 0.1259179 0.1663171 -0.9779997 0.1582546 0.1896665 -0.9690109 0.6521655 0.7449683 -0.1403652 0.729269 0.6315257 -0.2633289 0.6510327 0.7048841 -0.2815933 0.7174323 0.5853713 -0.3776656 0.6347366 0.6511899 -0.4160061 0.6879098 0.5318284 -0.4939014 0.6022908 0.5844926 -0.5437041 0.6420055 0.4683965 -0.6069873 0.5490915 0.4997338 -0.669899 0.4090321 0.4160518 -0.8121537 0.5675546 0.8221234 -0.04466366 0.5764858 0.8042812 -0.1442076 0.5766375 0.7606174 -0.2982455 0.5608966 0.6989382 -0.443712 0.5285933 0.6206704 -0.5791006 0.4794498 0.5251678 -0.7030837 0.1631424 0.9866024 0.0004105373 0.1595144 0.945791 -0.282904 0.1365614 0.7524568 -0.6443289 0.08716358 0.3840759 -0.919178 0.05719494 0.1301966 -0.9898371 0.0749976 0.1629224 -0.9837843 0.4014796 0.539898 -0.7398137 0.4503892 0.6521877 -0.6097547 0.4809038 0.7414863 -0.4678992 0.4953394 0.8105475 -0.3124927 0.4940578 0.8569432 -0.1468169 0.4835753 0.8746094 -0.03483217 0.3269062 0.5581439 -0.7626321 0.3675565 0.6789183 -0.6355881 0.3945648 0.7782834 -0.4884604 0.4069654 0.8538965 -0.3244069 0.4048715 0.9022314 -0.1485181 0.3953837 0.9178074 -0.03607388 0.3729875 0.615881 0.6939531 0.3986258 0.5845869 0.706651 0.558226 0.8296487 -0.008173297 0.423227 0.5773379 0.6982549 0.4618244 0.5507348 0.6952765 0.5596556 0.8287027 -0.006114095 0.3876443 0.9218084 0.001091564 0.2458894 0.5661115 -0.7868012 0.2803837 0.7004543 -0.6563145 0.30226 0.8084114 -0.505084 0.3120026 0.8894721 -0.3339067 0.3095711 0.9390416 -0.1495548 0.3004347 0.9534259 -0.02679547 0.6438563 0.7639614 -0.04256787 0.7203368 0.680407 -0.1347638 0.07219686 0.7174059 0.6929043 0.1105967 0.6982174 0.7072912 0.1523593 0.703913 0.6937529 0.2056388 0.6872141 0.696742 0.1893493 0.716186 -0.6717324 0.09613322 0.7258442 -0.6811083 0.2050816 0.8307394 -0.5175071 0.1039369 0.8446265 -0.5251697 0.2120208 0.9158593 -0.3409528 0.107166 0.9323567 -0.3452919 0.2100582 0.9660802 -0.1502153 0.1057608 0.9829323 -0.150528 0.2034245 0.9786731 -0.02859116 0.102116 0.9944187 -0.02652768 0.1000452 0.9949828 0.0003585618 0.2492429 0.6702422 0.6990375 0.2688778 0.6538196 0.7072656 0.3098654 0.6497277 0.694145 -8.404267e-17 0.5848026 -0.8111757 -9.584373e-17 0.7292446 -0.6842532 -1.081646e-16 0.8494327 -0.527697 -1.283152e-16 0.9379855 -0.3466744 -1.355134e-16 0.9885996 -0.1505682 -7.793486e-05 0.9996677 -0.02577644 0.001958013 0.1534716 -0.9881511 0.002232102 0.1174386 -0.9930776 0.00222815 0.3730908 -0.9277921 0.001632155 0.7526947 -0.6583677 0.0006869198 0.9567815 -0.2908071 6.659082e-05 0.9999905 0.004367909 0.7086385 -0.09751369 0.6988008 0.6983026 -0.1188994 0.7058587 0.9724919 -0.2328497 -0.006368434 0.7038703 -0.1621305 0.6915781 0.6864589 -0.2279632 0.6905121 0.2281307 -0.9632587 0.141736 0.3946656 -0.9106537 0.1222653 0.5666524 -0.8186077 0.09373634 0.7136395 -0.6976582 0.0631804 0.8313786 -0.554904 0.02985294 0.9201847 -0.3913346 0.0108356 0.705008 0.04506907 0.7077658 0.7179859 0.008218375 0.6960092 0.7069233 -0.029691 0.7066668 0.7135005 -0.05144485 0.6987635 -0.9396562 0.3372016 0.05780315 -0.9289092 0.3683688 0.03784312 -0.864395 0.4957614 0.08391677 -0.9109435 0.4108773 0.03690202 -0.8335278 0.5473823 0.07485953 -0.6597086 0.7147298 0.2322626 -0.5268447 0.7648765 0.3706731 -0.3734421 0.7513914 0.5440147 -0.3016417 0.4486768 -0.8412499 -0.1800297 0.4115367 -0.8934354 -0.4185283 0.7295051 -0.5409773 -0.2727668 0.7470336 -0.60625 -0.4633553 0.8552387 -0.232096 -0.3138693 0.9119482 -0.264266 -0.4703623 0.8822978 -0.01760667 -0.3213552 0.9469162 -0.00897529 -0.3258103 0.9293335 0.1737438 -0.1649957 0.960732 0.2230931 -0.1674199 0.8668265 0.469662 -0.002769727 0.6558406 0.7548943 0.09847678 0.3985249 0.9118554 0.2138821 0.4749942 0.8536012 0.2160593 0.2206027 0.9511324 -0.7261566 0.6872149 -0.02079066 -0.727518 0.6843534 0.04876395 -0.7352098 0.6678241 0.1160929 -0.7816178 0.6027913 0.1603628 -0.8256883 0.5640044 -0.01174001 -0.8294538 0.5499501 -0.09778161 -0.7256553 0.6725798 -0.1451231 -0.9146905 0.4010277 -0.05018041 -0.9107319 0.4129948 0.00165993 -0.8225952 0.5679564 0.02761592 -0.8516851 0.3032706 -0.4273867 -0.7943599 0.2998601 -0.5282767 -0.7207615 0.3599779 -0.592384 -0.6320814 0.3221819 -0.7047496 -0.6275233 0.4839615 -0.6099146 0.3258103 0.9293335 0.1737438 0.1649957 0.960732 0.2230931 -8.88988e-17 0.9696937 0.244324 -0.1629614 0.9866324 0.0001715555 -0.1580388 0.9455731 -0.284456 -0.1331859 0.7519871 -0.6455826 -0.08252032 0.3833905 -0.9198925 -0.05278039 0.1300164 -0.990106 -0.07127603 0.163081 -0.9840347 -0.2153321 0.3051355 -0.9276445 -0.2721549 0.42614 -0.8627493 -0.1354592 0.4269642 -0.8940651 -0.4121684 0.420291 -0.8083766 -0.3399907 0.3232216 -0.8831388 -0.2607603 0.2304664 -0.937491 -0.3464072 0.2833183 -0.8942778 -0.4625732 0.478487 -0.7463754 -0.4514685 0.2906063 -0.8436375 -0.5348812 0.353081 -0.767617 -0.6395609 0.3253024 -0.69652 -0.7070495 0.3458614 -0.6168151 -0.8274778 0.3169899 -0.463463 -0.4008631 0.2771774 -0.8732018 -0.5563969 0.3565016 -0.7505525 -0.4885098 0.3417205 -0.8028607 -0.5606657 0.4022427 -0.7237781 -0.704261 0.618526 -0.3484853 -0.8075368 0.2990429 -0.5083873 -0.9080642 0.3379283 -0.2474345 -0.8874903 0.2907757 -0.357506 -0.9160321 0.2299908 -0.3286174 -0.9279474 0.235623 -0.2887828 -0.8622688 0.3304191 -0.3838173 -0.7121253 0.5874679 -0.3843943 -0.6844217 0.5338789 -0.4965283 -0.7902504 0.4529062 -0.4127715 -0.9028447 0.3615257 -0.2327457 -0.9123617 0.3757119 -0.1625935 -0.8411611 0.4976157 -0.2117228 -0.9541764 0.2317037 -0.1893694 -0.9922139 0.106894 -0.06391674 -0.9616331 0.2341765 -0.1429098 -0.9932365 0.1073744 -0.0441804 -0.9663258 0.2372636 -0.0996011 -0.9938112 0.1081911 -0.02517764 -0.9688662 0.240845 -0.05737513 -0.8867307 0.3464929 -0.3060251 -0.9165084 0.389179 -0.09247751 -0.9178065 0.3944973 -0.04475497 -0.1983613 0.980105 0.006858237 -0.2029642 0.9787835 -0.02807936 -0.3002288 0.9535222 -0.02565404 -0.2093424 0.9662131 -0.1503599 -0.3094159 0.9390373 -0.1499023 -0.211606 0.9158701 -0.3411815 -0.3119058 0.8893248 -0.3343892 -0.2050601 0.8306094 -0.5177242 -0.3022261 0.8081026 -0.5055982 -0.1898028 0.7159454 -0.6718609 -0.2804372 0.6999865 -0.6567906 -0.1669524 0.5784206 -0.7984714 -0.2463084 0.5669127 -0.7860929 -0.3876443 0.9218084 0.001091564 -0.39518 0.9179482 -0.03469724 -0.483379 0.8747772 -0.03330941 -0.4048039 0.9021884 -0.1489627 -0.4940734 0.8568438 -0.1473438 -0.406912 0.8536954 -0.3250029 -0.4953246 0.8102932 -0.3131748 -0.394512 0.7779059 -0.489104 -0.4808294 0.7410609 -0.4686489 -0.367519 0.6783516 -0.6362145 -0.4502555 0.6515561 -0.6105282 -0.3274981 0.5591363 -0.7616505 -0.5596556 0.8287027 -0.006114095 -0.5673917 0.8223198 -0.04309087 -0.6437337 0.7641479 -0.04104786 -0.5765773 0.8041093 -0.1447994 -0.6523192 0.7447137 -0.1410007 -0.5766581 0.7603112 -0.2989853 -0.6510825 0.7045301 -0.2823631 -0.5608055 0.6984834 -0.4445426 -0.6346351 0.6507219 -0.4168925 -0.6019946 0.5838276 -0.5447457 -0.5503095 0.5010177 -0.6679377 -0.1672921 0.6993181 0.6949587 -0.1270351 0.6950727 0.707627 -0.1968728 0.9804211 -0.003950252 -0.1045203 0.7071759 0.6992695 -0.06163735 0.712592 0.6988659 -0.08370764 0.5796661 -0.8105432 -0.09613322 0.7258442 -0.6811083 -0.1039369 0.8446265 -0.5251697 -0.107166 0.9323567 -0.3452919 -0.1057608 0.9829323 -0.150528 -0.1020484 0.994555 -0.02112893 -0.02050291 0.9997807 0.004253728 -0.001190538 0.9999983 0.001407809 0.003126453 0.7205055 0.6934422 -0.5571172 0.8303889 -0.008643988 -0.4126543 0.5751774 0.7063196 -0.3872175 0.607909 0.6931878 -0.3856004 0.9226498 -0.005451039 -0.3367701 0.6332656 0.6968218 -0.2940805 0.6517492 0.6990992 -0.2687546 0.6538719 0.7072641 -0.2370828 0.6792218 0.6945859 -0.7082112 0.7058918 -0.01239754 -0.714613 0.6977318 -0.04998592 -0.7766866 0.6282337 -0.04561012 -0.720712 0.6798317 -0.1356578 -0.7812407 0.6108555 -0.1285244 -0.7182182 0.6440627 -0.2633361 -0.777557 0.5780375 -0.2475435 -0.8164576 0.4821724 -0.3176582 -0.8456584 0.5209799 -0.115939 -0.8443613 0.53332 -0.05122356 -0.8315453 0.5550832 -0.02037326 -0.9738223 0.227237 -0.005790186 -0.9711892 0.2380179 -0.01178661 -0.9950992 0.09887063 -0.001473751 -0.9944541 0.1050718 -0.004582276 -0.8307735 0.5564464 -0.01352057 -0.5801781 0.4062667 0.7059325 -0.5673777 0.443988 0.6935108 -0.7079942 0.7061061 -0.01258457 -0.5259356 0.486111 0.6979168 -0.7122602 0.05131155 0.7000375 -0.7074781 0.09705469 0.7000394 -0.6969023 0.1186458 0.7072838 -0.7023936 0.1612243 0.6932893 -0.9942569 0.1063742 -0.01173707 -0.970405 0.2398514 -0.02802505 -0.9183942 0.3950912 -0.02132931 -0.6561732 0.2856716 0.6984472 -0.6379428 0.3286766 0.6964198 -0.6128512 0.3803319 0.6926478 -0.5045056 0.4978041 0.7054539 -0.4930452 0.5190718 0.6981911 -0.4503997 0.5618279 0.6938944 -0.9958863 -0.06889725 0.05885319 -0.9973217 -0.05068032 0.05273461 -0.9820901 -0.1471394 0.1176816 -0.9988698 -0.03785277 0.02874605 -0.9983513 -0.04345254 0.03750495 -0.9169878 -0.3439349 0.2020945 -0.9607757 -0.2352694 0.1468279 -0.9856231 -0.1420124 0.09154063 -0.9656348 -0.2339759 0.1131579 -0.9217323 -0.3659742 0.1283453 -0.9688332 -0.2344211 0.08005574 -0.9898765 -0.1344577 0.04545031 -0.9705444 -0.2363594 0.04666615 -0.9233686 -0.3749068 0.08267619 -0.8400333 -0.5254545 0.1350616 -0.7252315 -0.6604918 0.194396 -0.9998413 -0.01780985 -0.0005193458 -0.9920755 -0.1256431 0.0002130704 -0.9709943 -0.2390878 0.00264387 -0.9999241 -0.01231385 -0.000339765 -0.9932854 -0.1156606 -0.002583936 -0.9725435 -0.2326227 -0.006772853 -0.9196359 -0.3926354 -0.01035797 -0.7064696 0.02839174 0.7071737 -0.7186355 -0.009171865 0.6953265 -0.7145114 -0.08402257 0.69456 -0.698284 -0.1189912 0.7058616 -0.7013578 -0.1434955 0.6982165 -0.6173243 -0.3673447 0.6956785 -0.8278977 -0.5607998 -0.00943663 -0.591036 -0.4061146 0.6969558 -0.5715438 -0.4208112 0.7044541 -0.6480862 -0.3184014 0.6918127 -0.920491 -0.3906036 0.01118257 -0.6525998 -0.277062 0.7052305 -0.6784024 -0.2457119 0.6923842 -0.6918147 -0.1892326 0.6968382 -0.5666013 -0.8184819 0.09513351 -0.7024072 -0.7116775 0.01179885 -0.7121253 -0.6993216 0.06186175 -0.8327979 -0.5527899 0.02951188 -0.4002544 -0.8883982 0.2248224 -0.5736864 -0.7991177 0.1797078 -0.720202 -0.6814986 0.1298801 -0.8366418 -0.5414282 0.08298202 -0.9219691 -0.3846684 0.04475614 -0.9706606 -0.2394982 0.02141696 -0.9909689 -0.1318194 0.02458284 -0.9996126 -0.02662138 0.008115304 -0.1062285 -0.9236348 0.3682585 -0.1045765 -0.9584242 0.2654937 -1.978813e-16 -0.9632639 0.2685567 0.1045765 -0.9584242 0.2654937 0.2325249 -0.9386879 0.2545528 0.4011834 -0.8881443 0.2241685 0.5738847 -0.7991187 0.179069 0.7198677 -0.6819396 0.1294173 0.8360295 -0.542407 0.08276073 0.9213699 -0.3861028 0.04474618 0.9706871 -0.2393996 0.02131817 0.9914785 -0.1299104 0.009677147 0.99977 -0.02141732 0.001146682 0.9942569 0.106374 -0.01173701 0.9701098 0.2410426 -0.02802389 0.918397 0.3931441 -0.04454993 0.8439493 0.5339372 -0.05158151 -0.3940667 -0.9107484 0.123486 -0.3874097 -0.9213623 0.03170441 -0.5593023 -0.8287268 0.01982077 -0.704763 -0.7092802 -0.01519085 -0.09850882 -0.995136 0.0006574321 -0.03713456 -0.7059116 0.7073258 -0.07516477 -0.7143725 0.695717 -0.2196439 -0.9755796 -0.000981606 -0.1106208 -0.6981527 0.7073513 -0.1537738 -0.7042737 0.6930744 -0.09991713 -0.9940736 0.04282863 -0.2221788 -0.9741875 0.03994079 -0.3827332 -0.9238394 -0.00601438 -0.2055705 -0.6886889 0.6953045 -0.2489558 -0.6708253 0.6985803 -0.2687692 -0.6539678 0.7071698 -0.3107091 -0.6501645 0.6933585 -0.4246317 -0.5777113 0.6970922 -0.4590172 -0.5521348 0.6960247 -0.5070706 -0.512824 0.6927417 -0.5579707 -0.4575844 0.6923043 -0.609586 -0.1058821 0.7856168 -0.6754686 -0.1112179 0.7289532 -0.5531005 -0.07954015 0.8293089 -0.5558369 -0.1090228 0.8241112 -0.4685074 -0.06754759 0.8808735 -0.8486269 0.1251137 0.5139833 -0.7606201 0.2883341 0.5816532 -0.7394192 0.1229506 0.6619233 -0.6386102 0.2540256 0.7263939 -0.614168 0.09880477 0.7829657 -0.5192112 0.09576793 0.8492634 -0.0006759529 -0.0005590305 0.9999996 -0.1023375 -0.007173875 0.9947239 -0.1046634 -0.005688194 0.9944914 -0.2041692 -0.02241637 0.9786789 -0.2090985 0.04344572 0.976929 -0.3124032 0.06253381 0.9478891 -0.3231705 0.291967 0.9001756 -0.4391952 0.3490434 0.8278141 -0.4280391 0.5911996 0.6835683 -0.5932804 0.6622194 0.457694 -0.2005794 -0.02296128 0.9794083 -0.2944733 -0.04126628 0.9547683 -0.2979337 -0.04158911 0.9536802 -0.3861952 -0.05742287 0.920628 -0.4127316 0.08352077 0.9070154 -0.537934 0.3974721 0.7433996 -0.648607 0.4370518 0.623133 0.101337 -0.006802885 0.9948289 -0.0005334106 0.0009842543 0.9999994 -0.1044808 0.0298333 0.9940793 -0.2110165 0.2257945 0.9510462 -0.2981112 0.513994 0.8043257 -0.8192712 -0.0569033 0.5705758 -0.7995799 -0.08862752 0.5939842 -0.7566666 -0.07529576 0.6494507 -0.6960251 -0.07174191 0.7144244 -0.3838668 -0.05692021 0.9216325 -0.4724004 -0.07233542 0.8784108 -0.5766512 -0.04745238 0.8156112 -0.7016337 -0.03201946 0.7118181 -0.8206941 -0.01336996 0.5712113 -0.8675745 -0.05370354 0.4943991 -0.9144508 -0.0351603 0.4031668 -0.9475407 -0.02855592 0.3183571 -0.9763285 -0.009025267 0.2161044 -0.9937146 -0.0006856811 0.1119407 -0.9943298 0.01308432 0.1055321 -0.96614 0.02436089 0.2568658 -0.9249919 0.1147146 0.3622576 -0.860304 0.2691155 0.4329594 -0.7594502 0.4619406 0.4580898 -0.6447413 0.5703985 0.5088755 -0.9988681 -0.03830693 -0.02819829 -0.9950628 0.07311237 0.06711655 -0.9990632 -0.02944741 -0.03171184 -0.9951059 0.05067171 0.08483282 -0.999197 -0.02137063 -0.03389164 -0.999268 -0.0135845 -0.03576112 -0.9705631 0.1003993 0.2189229 -0.9677694 0.1775513 0.1786001 -0.9276217 0.2266034 0.2969325 -0.9158724 0.3451958 0.2049821 -0.8511185 0.4184091 0.3170663 -0.8181478 0.5327663 0.2163197 -0.7279573 0.5930176 0.344105 -0.7011574 0.6531894 0.2858704 -0.9905733 0.1069963 -0.0855357 -0.9433019 0.2301412 -0.2391998 -0.9881984 0.107831 -0.1087954 -0.9852296 0.1106277 -0.1307067 -0.9816634 0.1161289 -0.1511655 -0.9796331 0.1393692 -0.1445516 -0.9842715 0.1507104 -0.09217324 -0.9846615 0.1675269 -0.04874969 -0.9838806 0.1779772 -0.01740824 -0.9828439 0.1844254 0.002267007 -0.9827132 0.1846184 0.01381027 -0.9867543 0.1615751 0.01447059 -0.9894525 0.1432659 0.02141745 -0.9936025 0.1042464 0.04343773 -0.9580505 0.2631624 0.1135114 -0.8882138 0.4417896 0.1260879 -0.9991808 -0.004303728 -0.04023875 -0.9946325 0.03081138 0.0987765 -0.9998476 -0.002315052 -0.01730576 -0.9926659 -0.008708739 -0.1205758 -0.9901409 -0.01324582 -0.1394474 -0.9702505 -0.02729727 -0.2405592 -0.9690783 -0.05035458 -0.241561 -0.9197167 -0.03755962 -0.3907818 -0.9947802 -0.001366732 0.1020319 -0.9995369 -0.002599957 -0.03031713 -0.9889757 -0.02836119 -0.1453367 -0.9897506 -0.05769686 -0.1306325 -0.830174 -0.01988407 -0.5571496 -0.5819675 0.7037798 -0.4074406 -0.9985551 -0.04841797 -0.02331013 -0.9970178 -0.07716786 -0.0008224643 -0.9965452 -0.08302181 -0.002253407 -0.9542563 -0.2987734 -0.01137715 0.9479884 -0.02559971 0.3172736 0.9589679 0.004971352 0.2834709 0.6847901 0.6896126 0.2355781 0.994377 -0.003279708 0.1058476 0.9767264 -0.008278104 0.2143292 0.9645304 -0.0155733 0.2635121 0.8017634 -0.0818741 0.5920068 0.8704197 -0.07778911 0.4861258 0.8107499 -0.06307413 0.5819847 0.8759794 0.01195121 0.4822004 0.6450218 0.6935183 0.3209037 0.8977144 -0.05079693 0.4376398 0.9077509 -0.04252024 0.4173492 0.7706422 -0.01045261 0.6371823 0.6967226 -0.06977958 0.7139387 0.7601036 -0.1061544 0.6410723 0.8327168 -0.02704499 -0.5530383 0.9188408 -0.03340413 -0.393212 0.9688611 -0.05158654 -0.2421715 0.7135946 -0.0549302 -0.6984021 0.9924213 -0.006078462 -0.1227314 0.9900272 -0.01367141 -0.1402111 0.9892445 -0.03079022 -0.1429941 0.9897506 -0.05769688 -0.1306325 0.9895523 -0.08203707 -0.1185585 0.9887757 -0.1057102 -0.1055838 0.9111751 0.007932913 0.4119429 0.9998744 -0.001875741 -0.01573439 0.9931513 -0.001455621 0.1168265 0.9996314 -0.003993242 -0.02685237 0.9939847 0.01344607 0.1086908 0.9993077 -0.006284858 -0.03666946 0.9944928 0.03210228 0.09976739 0.999268 -0.01358469 -0.03576169 0.9948843 0.05045323 0.0875193 0.6208281 -0.08833888 0.7789536 0.6797345 -0.1113754 0.7249527 0.2002457 -0.02244359 0.9794886 0.1039407 -0.00661874 0.9945615 0.001105343 0.02369138 0.9997187 -0.1022212 0.1768717 0.9789113 -0.2085758 0.4659999 0.859849 0.9946955 0.07593392 0.06938975 0.9990632 -0.0294476 -0.03171191 0.999197 -0.02137084 -0.03389191 0.9931052 0.1085514 0.04425742 0.9985551 -0.04841802 -0.02331019 0.9988681 -0.03830683 -0.0281983 0.9972461 -0.07412465 -0.002412127 0.9973908 -0.07192804 -0.006167947 0.9980567 -0.06035526 -0.01549352 0.9886246 0.1489438 0.02090919 0.985912 0.1666995 0.01373754 0.9823856 0.1865169 0.01140456 0.9829002 0.1841233 0.002426249 0.9949622 -0.09995704 0.007670432 0.9838806 0.1779771 -0.0174082 0.9100782 0.4144253 0.003051199 0.9092915 0.4151889 0.02841047 0.929721 0.3657956 0.04257318 0.9415874 0.3316515 0.0584849 0.9596873 0.257383 0.1129349 0.968985 0.1736776 0.175796 0.9705858 0.1069269 0.2157077 0.9690708 0.05905395 0.239613 0.9665822 0.0178014 0.2557382 0.7073649 0.6178092 -0.3434338 0.7269075 0.6720455 -0.1412809 0.7264192 0.6869878 -0.01905307 0.7272205 0.6847552 0.04754735 0.829808 0.5553908 0.05440262 0.7405551 0.6631051 0.1089485 0.8674454 0.4882911 0.09544789 0.7888653 0.5909708 0.1686567 0.8882138 0.4417897 0.1260878 0.8181478 0.5327663 0.2163197 0.9158724 0.3451958 0.2049821 0.8511185 0.4184092 0.3170663 0.9276217 0.2266034 0.2969325 0.860304 0.2691155 0.4329593 0.9247228 0.1142637 0.3630863 0.848627 0.1251136 0.5139833 0.8206943 -0.01336991 0.5712112 0.5492948 -0.0731707 0.8324189 0.5484278 -0.1135353 0.8284544 0.5754556 -0.04680408 0.8164926 0.7016341 -0.03201806 0.7118177 0.6110703 0.09776172 0.7855163 0.739419 0.1229508 0.6619234 0.635373 0.258117 0.7277889 0.7606201 0.2883328 0.5816539 0.6486069 0.4370518 0.623133 0.7594502 0.4619406 0.4580898 0.324925 0.2876879 0.9009214 0.4310814 0.19187 0.8816772 0.3150275 0.05499489 0.9474879 0.4170184 0.07063479 0.9061492 0.3940459 -0.03801051 0.9183044 0.6099061 0.7886333 0.07792352 0.6163444 0.7702939 0.1636062 0.4893008 0.8376293 0.2428205 0.6460686 0.7271395 0.2320853 0.5270661 0.7665156 0.3669538 0.6963467 0.6552594 0.2928077 0.5734565 0.6783977 0.4592648 0.7279573 0.5930176 0.344105 0.6206763 0.5760753 0.5318817 0.4625761 -0.09837288 0.8811051 0.4783413 -0.04270919 0.8771349 0.5074902 0.08908595 0.8570399 0.5283237 0.238474 0.8148645 0.5191231 0.3581301 0.7760503 0.3886317 0.7435818 0.5441062 0.4400731 0.6125757 0.656572 0.2983354 0.5227125 0.7986035 0.449033 0.4856595 0.7500028 0.4432207 0.3550279 0.8231103 0.6065545 0.7947746 -0.02061551 0.4753423 0.8714986 0.1205818 0.3389228 0.871904 0.3534328 0.2947839 -0.04083064 0.9546912 0.2039977 -0.02415874 0.9786732 0.2102947 0.035896 0.9769788 0.1064279 0.02558943 0.9939911 0.1083716 0.1741327 0.9787407 0.003321536 0.1580288 0.9874289 -0.004353799 0.3984502 0.9171797 -0.08259867 0.3670501 0.9265267 -0.1885227 0.6934119 0.6954417 -0.3354304 0.867615 0.3670568 -0.4753423 0.8714986 0.1205818 -0.6062776 0.7949501 -0.02194954 -0.6021196 0.7751917 -0.1911277 -0.5657213 0.6892243 -0.4526912 0.02486814 -0.9987333 0.04374247 -0.8472074 -0.4896887 0.2060207 -0.4354906 -0.3499266 -0.829397 0.2295243 -0.3049078 -0.9243104 0.8659411 -0.4940952 0.07756322 0.954395 0.05694764 0.2930649 -0.95327 0.07641632 0.2922958 -0.2700522 -0.9597836 0.07672843 -0.963598 0.0614682 0.2601931 -0.2859978 -0.955566 0.07140652 -0.9641107 0.05789261 0.259112 -0.9740966 0.08723244 0.2086295 -0.2928453 -0.9549921 0.04724058 -0.991478 0.05072074 0.1199949 -0.2985876 -0.9541107 0.02276338 -0.9914721 0.05075565 0.1200286 -0.994358 0.1044999 0.01822083 -0.3072694 -0.9516224 0.0004811424 -0.9978037 0.06616617 -0.003141722 -0.9971473 0.07486896 -0.009584073 -0.3064901 -0.9518518 -0.006473092 -0.9974337 0.07084007 -0.01037589 -0.3045067 -0.9515092 -0.04365707 -0.9906568 0.06072823 -0.1221116 -0.3139622 -0.9490694 -0.02636451 -0.9925223 0.1157634 -0.03870861 -0.9976828 0.06625698 -0.01546161 -0.3069519 -0.9473772 -0.09086784 -0.9646813 0.07424111 -0.2527417 -0.3222226 -0.9439745 -0.07130698 -0.9788007 0.08866689 -0.1846274 -0.9903203 0.05331878 -0.1281519 -0.8375798 0.09974338 -0.5371326 -0.9073778 0.07997724 -0.4126369 -0.3087148 -0.9357157 -0.1706791 -0.9033319 0.05954715 -0.4247888 -0.2982409 -0.9460615 -0.1265701 -0.9377301 0.1048716 -0.3311559 -0.9634342 0.06072923 -0.2609721 -0.8254862 0.07322637 -0.559652 -0.2877926 -0.9337304 -0.212892 -0.757104 0.1106932 -0.6438482 -0.2499697 -0.9375012 -0.2420881 -0.6959919 0.06134353 -0.7154245 -0.2424906 -0.9270122 -0.2860887 -0.6439623 0.09742073 -0.7588292 -0.1938637 -0.9366515 -0.2917205 -0.5637073 0.06053137 -0.8237536 -0.4949044 0.1118225 -0.8617223 -0.1600296 -0.9326403 -0.3233768 -0.3967053 0.07067602 -0.9152212 -0.1269252 -0.9332874 -0.3359534 -0.3950514 0.0679903 -0.9161396 -0.2906575 0.1153839 -0.9498446 -0.07979717 -0.9354456 -0.3443456 -0.1922135 0.0625022 -0.9793607 -0.04565989 -0.9249558 -0.3773221 -0.1204642 0.09892386 -0.9877765 0.0003035771 -0.9303623 -0.3666414 -0.0325451 0.07429371 -0.9967052 0.06432946 0.1149622 -0.9912847 0.04741276 -0.9356348 -0.3497708 0.1665688 0.06148417 -0.984111 0.09149323 -0.9251205 -0.3684848 0.227895 0.09890148 -0.9686498 0.1251033 -0.9362035 -0.3284391 0.3420554 0.05979766 -0.9377752 0.4152728 0.1116999 -0.9028132 0.1705393 -0.9326899 -0.3178143 0.5168855 0.07042436 -0.8531528 0.196658 -0.9353543 -0.2940034 0.5209308 0.06435541 -0.8511695 0.6029424 0.1152163 -0.7894211 0.2315013 -0.9357633 -0.2659967 0.6798949 0.06541316 -0.7303862 0.2720763 -0.9273308 -0.256967 0.7282727 0.09705841 -0.6783794 0.2789311 -0.9382368 -0.2047172 0.7911776 0.06014115 -0.6086222 0.8394839 0.1171781 -0.5305997 0.2959787 -0.9419187 -0.1587005 0.8996889 0.06267402 -0.4320091 0.3138655 -0.9406183 -0.1293277 0.8953488 0.07619092 -0.4387999 0.3065274 -0.9508821 -0.0431759 0.9852683 0.07047003 -0.1558218 0.3202634 -0.94521 -0.06332006 0.9693296 0.09206641 -0.2278681 0.3018378 -0.9491899 -0.08906422 0.9518752 0.05697379 -0.3011439 0.9465455 0.09904133 -0.3069892 0.3301447 -0.9436729 -0.02204472 0.9918243 0.08536452 -0.09485522 0.987753 0.05550022 -0.1458212 0.9968688 0.07894814 -0.004441527 0.9968292 0.07956644 -0.0008451629 0.3188708 -0.9477833 -0.005310475 0.9949568 0.09558491 -0.03040493 0.9961501 0.07841642 -0.03919009 0.9978688 0.06452191 -0.009737873 0.3142541 -0.9493388 0.0003613823 0.9972605 0.07305911 -0.01157161 0.9934209 0.1129151 0.0191084 0.3028777 -0.952764 0.0224924 0.996786 0.0545946 0.05862644 0.9851723 0.1072366 0.1339249 0.3030185 -0.9513268 0.05618855 0.9747388 0.06377435 0.2140494 0.2918239 -0.9538366 0.07095395 0.9747637 0.06418793 0.213812 0.9608906 0.08981027 0.2619605 0.2643682 -0.9612631 0.07799213 0.7605116 -0.6094963 0.2239117 0.8367129 -0.5233697 0.1612317 0.8105318 -0.5478007 0.2072501 0.8349808 -0.5502782 -0.001002579 0.8756657 -0.4650406 -0.1301801 0.8917636 -0.4468637 -0.07120836 0.8442072 -0.5358201 -0.01452641 0.8529443 -0.4669778 -0.2332761 0.8457796 -0.5033489 -0.176909 0.7880009 -0.4498691 -0.4203241 0.8294229 -0.4583461 -0.3193376 0.7382645 -0.3841845 -0.5544076 0.6816235 -0.3383317 -0.6487843 0.5260117 -0.3191754 -0.7883139 0.608424 -0.3303877 -0.7215707 0.4332308 -0.3173508 -0.8435636 0.3340866 -0.3123592 -0.8892794 0.1192912 -0.3031052 -0.9454612 0.005277238 -0.7033133 -0.7108604 0.008134934 -0.3759213 -0.9266159 0.09109568 -0.7037292 -0.704604 0.1743873 -0.7047325 -0.6877072 0.2537077 -0.7061759 -0.6610204 0.3278058 -0.7079031 -0.6256329 0.3960913 -0.7097291 -0.5825772 0.4578921 -0.7113458 -0.5332185 0.5134158 -0.7123661 -0.4784754 0.5612573 -0.7198398 -0.4084372 0.58753 -0.74265 -0.3213712 0.6056996 -0.7575998 -0.24325 0.6173258 -0.7659768 -0.1794111 0.6249543 -0.7700027 -0.1285611 0.6294062 -0.772105 -0.08775924 0.6310004 -0.7745097 -0.04442084 0.6095735 -0.7926259 -0.01282181 0.6123304 -0.7905967 0.002892306 0.6155426 -0.7866749 0.04743246 0.6021278 -0.7911464 0.1073757 0.5793298 -0.8022355 0.1442051 0.5378989 -0.8284939 0.1557648 -0.1646461 -0.7046034 -0.690236 -0.2445109 -0.7059912 -0.6646735 -0.3322946 -0.3632968 -0.8703998 -0.2243709 -0.3695567 -0.9017126 -0.08088319 -0.7036428 -0.7059354 -0.1048626 -0.3744354 -0.9213045 -0.3194777 -0.7077149 -0.6301377 -0.3885901 -0.7095427 -0.5878323 -0.5261244 -0.3503296 -0.774895 -0.6120883 -0.3424691 -0.7127853 -0.8412134 -0.4129183 -0.3490825 -0.8090878 -0.3750702 -0.452437 -0.5848733 -0.7405196 -0.3309894 -0.6242612 -0.7697239 -0.1335031 -0.6290647 -0.7719037 -0.09188201 -0.8864502 -0.4455702 -0.1251926 -0.8773574 -0.441555 -0.1878117 -0.6161639 -0.7654554 -0.1855268 -0.8619381 -0.434623 -0.2610854 -0.6039707 -0.756474 -0.250931 -0.5565827 -0.7174376 -0.418926 -0.7509814 -0.355825 -0.5562512 -0.5069365 -0.7123566 -0.4853488 -0.6868696 -0.342881 -0.6408141 -0.4511424 -0.7111874 -0.5391503 -0.5809235 -0.8013593 0.1426576 -0.5393166 -0.8276859 0.1551568 -0.799469 -0.5532257 0.2340739 -0.8618144 -0.4874386 0.1402836 -0.6042553 -0.7902187 0.1021269 -0.6158491 -0.7867435 0.04200736 -0.8634562 -0.5018521 0.05087034 -0.6118814 -0.7909477 0.001693271 -0.8698574 -0.4932961 -0.00267052 -0.6098371 -0.7924083 -0.01370668 -0.8779092 -0.4745468 -0.06388064 -0.6313036 -0.7740494 -0.04799249 -0.8393076 -0.543549 -0.01083108 -0.2979756 -0.3303552 -0.895587 0.301465 -0.3364201 -0.8921549 0.6690018 -0.7399989 -0.06955677 0.3249306 -0.9435659 0.06405835 0.4964561 -0.8110642 -0.3093641 0.4180975 -0.6830387 -0.5988761 0.4975839 -0.6626273 -0.5597636 0.2872658 -0.8004343 -0.526102 0.3539269 -0.7276518 -0.5875872 0.4166464 -0.8608702 -0.2920759 0.1002107 -0.851902 -0.514024 0.1978073 -0.8317525 -0.51871 0.2228484 -0.9375583 -0.2670637 -0.1173551 -0.9583187 -0.2604862 -0.002296546 -0.9661325 -0.2580362 -0.003578531 -0.9980002 0.06311011 -0.2230718 -0.9725931 0.0655871 -0.6737376 -0.7345224 -0.08095977 -0.6066547 -0.7941255 -0.03653497 -0.5209165 -0.8514156 0.06113515 -0.002037958 -0.8587164 -0.5124471 -0.1042434 -0.8513516 -0.514134 -0.201277 -0.830768 -0.5189529 -0.3300723 -0.9414398 0.06887225 -0.4301655 -0.9011042 0.05448689 -0.1223643 -0.9907155 0.05924361 -0.2267499 -0.9365202 -0.2674217 -0.328209 -0.9026764 -0.2783058 -0.4192076 -0.8593996 -0.2927409 -0.4991646 -0.8091639 -0.3099814 0.1127946 -0.9589474 -0.2601868 0.1080711 -0.9917985 0.06823742 0.426353 -0.9024741 0.06134774 0.2179701 -0.9733071 0.07184937 0.6001577 -0.7990659 -0.03611675 0.5109262 -0.8581274 0.05071317 0.3246077 -0.9041067 -0.2778864 0.5457197 -0.6112896 -0.5731623 0.04650013 -0.4074502 -0.9120428 -0.002960877 -0.4113945 -0.9114526 0.05036158 -0.9896229 0.1345743 0.09698381 -0.9896895 0.1053984 0.1691676 -0.9762729 0.1351794 0.0934316 -0.3965197 -0.9132594 0.2188386 -0.9701868 0.1041497 0.2812645 -0.9500835 0.1350247 0.1363341 -0.3802811 -0.9147673 0.3336037 -0.9370462 0.1032131 0.3846289 -0.9134236 0.1331085 0.2031405 -0.4144033 -0.8871324 0.43947 -0.8924033 0.1023841 0.4785864 -0.8683899 0.1298228 0.2735518 -0.3617243 -0.8912491 0.6254343 -0.7732008 0.1048452 0.2407672 -0.3882497 -0.8895467 0.5463775 -0.8311522 0.1032357 0.5445182 -0.8282366 0.1323785 0.6930772 -0.7123388 0.110532 0.647924 -0.7527524 0.1164403 -0.6855181 -0.7210322 0.1008834 -0.6338269 -0.7636659 0.1227915 -0.2694896 -0.3582431 -0.8938888 -0.05266048 -0.4088236 -0.9110928 -0.1000714 -0.4011096 -0.9105475 -0.1995122 -0.971642 0.1269119 -0.1744907 -0.3639679 -0.914921 -0.3938987 -0.9128028 0.1078651 -0.1416658 -0.3882518 -0.9105994 -0.3432329 -0.9312373 0.1224263 -0.2816673 -0.9530063 0.1115464 -0.6029193 -0.7917722 0.09790353 -0.5574953 -0.8202866 0.1277848 -0.2375123 -0.3864334 -0.8912111 -0.4942101 -0.863438 0.1011496 -0.4891779 -0.8620147 0.1327989 -0.5453647 -0.6116644 -0.5731004 -0.4991028 -0.6612296 -0.560064 -0.42222 -0.68076 -0.5985784 -0.294277 -0.6032778 -0.7412536 -0.2314803 -0.6365036 -0.7357174 -0.1606387 -0.6625454 -0.7315934 -0.08319173 -0.6795081 -0.7289362 -0.001621641 -0.6855843 -0.7279914 0.07998187 -0.6798916 -0.7289378 0.1578592 -0.6633708 -0.7314504 -0.1580992 -0.9815185 0.1078247 -0.07281964 -0.9885415 0.1322231 -0.02995317 -0.9938993 0.1061457 -0.2905436 -0.7990072 -0.5264712 -0.3699127 -0.7586904 -0.5362401 0.2289601 -0.6375354 -0.7356125 0.05579662 -0.2829823 0.9575008 0.02337651 -0.1805597 0.9832862 -0.006060651 -0.06305679 0.9979915 -0.0151619 -0.3670083 0.9300941 0.007113362 -0.01730828 0.9998249 0.1337416 -0.4191869 0.8979953 -0.001961319 -0.02674158 0.9996405 -0.3402797 -0.3422683 0.8758209 -0.4871366 -0.5465569 0.6811559 -0.01375952 -0.01858381 0.9997326 -0.2501574 -0.3553164 0.9006506 -0.3861387 -0.6503071 0.6542152 -0.008281778 -0.01698721 0.9998214 -0.250463 -0.5520309 0.7953176 -0.2348856 -0.6752025 0.6992356 -0.01498441 -0.05769722 0.9982217 -0.07951886 -0.6784552 0.7303255 0.04236364 -0.04983749 0.9978585 0.3361738 -0.3556773 0.8720555 0.424146 -0.5153614 0.7446495 0.03564915 -0.05484855 0.9978581 0.05558031 -0.09129705 0.9942714 0.01880143 -0.04365812 0.9988696 -0.6161527 -0.6384449 0.4612417 0.08041612 -0.101403 0.99159 -0.3486772 -0.8659513 0.3585423 -0.2455262 -0.4798031 0.8423217 -0.3850239 -0.6857959 0.6176088 -0.595639 -0.681565 0.4250686 -0.3517275 -0.440846 0.8257981 -0.1008534 -0.7582483 0.6441181 0.03606404 -0.7434647 0.6678021 -0.002134553 -0.3867997 0.9221613 0.3419845 -0.8872886 0.30946 0.1708354 -0.7317456 0.6598209 0.251567 -0.8812017 0.4002469 0.110231 -0.7267207 0.678031 0.4288441 -0.6654282 0.6109812 0.4354146 -0.8410145 0.3211055 0.4745448 -0.8801906 0.008470821 0.5797961 -0.5568232 0.5947978 0.6295625 -0.7152808 0.3033553 0.5318788 -0.5447117 0.6483781 0.603752 -0.7136438 0.3552408 0.3796983 -0.5984842 0.7054402 0.3232194 -0.4543344 0.8301262 0.5546579 -0.6685259 0.4954067 0.4776455 -0.8383263 0.2627999 0.5234167 -0.8520658 0.004338891 0.3425209 -0.9394931 0.005674614 0.1656129 -0.4806336 0.8611409 0.2279091 -0.489086 0.8419337 0.09318715 -0.5951595 0.7981863 0.1846803 -0.6842675 0.7054581 0.2873817 -0.8371256 0.465438 0.2873881 -0.8371213 0.4654418 0.4758094 -0.8380545 0.2669644 -0.05554828 -0.5869087 0.8077453 0.01625478 -0.8463417 0.5323923 0.09025299 -0.8636126 0.4960117 -0.1909882 -0.6220651 0.7593145 -0.1980588 -0.9211453 0.3350581 -0.1456668 -0.8840711 0.4440714 -0.1474968 -0.8828484 0.4458962 -0.6726519 -0.7120765 0.2012125 -0.6726536 -0.7120801 0.2011942 -0.485014 -0.6549594 0.5794736 -0.4888549 -0.7636519 0.4217306 -0.3663284 -0.7646302 0.5302303 -0.3022022 -0.7677173 0.5650522 -0.175368 -0.6489393 0.7403538 -0.03432381 -0.09422316 0.9949592 -0.04280766 -0.6598027 0.7502186 -0.1451708 -0.8809506 0.4503904 -0.1602266 -0.8362825 0.5243654 -0.1107467 -0.2169969 0.9698698 -0.4702603 -0.7097868 0.5244596 -0.4888544 -0.7636572 0.4217215 -0.4312065 -0.661518 0.6135592 -0.1607578 -0.2026429 0.9659673 0.06390396 -0.1042172 0.9924994 0.4602573 -0.6316335 0.6238609 0.5570264 -0.6261198 0.5456149 0.04115144 -0.2263394 0.9731788 0.08259181 -0.2144328 0.9732406 0.119461 -0.2346403 0.9647139 0.4517164 -0.5014725 0.7378873 0.5899658 -0.7105777 0.3834316 -0.01046408 -0.1098457 0.9938936 0.04524754 -0.996524 -0.06994693 -0.6315949 -0.6483954 0.4250544 0.09382024 -0.8590667 0.503192 -0.7996062 -0.5253825 0.2908663 -0.8190697 -0.4837002 0.3084783 -0.8609587 -0.4210418 0.2854364 -0.7321223 -0.6740234 0.09843456 -0.7932083 -0.5957942 0.1258963 -0.764885 -0.6430912 0.03721232 -0.8360851 -0.1529142 -0.5268576 -0.8447815 -0.2676846 -0.4633456 -0.4332509 -0.06288305 -0.899077 0.7582249 -0.06368283 -0.6488756 0.9455083 -0.1288026 -0.2990385 0.9541385 -0.2065151 -0.2167283 0.9490432 -0.2544172 -0.1859811 0.9592924 -0.2493634 -0.1325743 0.896784 -0.3543762 0.2649451 0.8616651 -0.4164655 0.2899825 -0.7420421 -0.5880885 0.3217537 -0.1332087 -0.9667796 -0.2181575 -0.6060863 -0.6455036 -0.4647413 -0.1231786 -0.7219872 -0.6808535 0.3483631 -0.8862706 0.3052336 0.5875462 -0.8091869 -0.002440343 -0.3766973 -0.9263224 -0.005089504 -0.2506278 -0.9062851 0.3403425 -0.1297805 -0.7125517 0.6895123 0.1880265 -0.9821639 0.0003822055 -0.1287303 -0.7169151 0.6851725 -0.2850618 -0.7147124 0.6386908 -0.8721257 -0.4892786 -0.00181498 -0.2800613 -0.6918521 -0.6655121 -0.2680348 -0.7129742 -0.6479392 -0.2158564 -0.7136303 -0.6664367 -0.2401098 -0.7101813 0.6618079 -0.1345027 -0.8457501 0.5163486 -0.09946951 -0.7046568 0.7025415 -0.06471971 -0.9775385 0.2005738 0.2216556 -0.9082891 -0.3547954 0.07955078 -0.7152727 -0.694303 -0.279258 -0.9602156 0.000947311 -0.7945855 -0.6070272 0.01232547 -0.7782304 -0.6277914 0.01534472 -0.8871438 -0.4600301 0.03671802 -0.8930616 -0.4498081 -0.01066039 -0.9494466 -0.3138727 -0.005920721 -0.8620323 -0.499778 0.08439376 -0.8974658 -0.4408673 0.01382756 -0.878971 -0.4760034 0.02882063 -0.9029528 -0.4290025 0.02516249 -0.9433367 -0.3225024 0.0781536 -0.8648923 -0.5014692 -0.0221349 -0.908389 -0.4138591 0.05958234 -0.8707865 -0.4914914 -0.01292559 -0.883722 -0.466548 -0.03699127 -0.8200348 -0.5716036 0.02850076 -0.7722467 -0.634977 -0.02095893 -0.8179967 -0.5727357 0.05343462 -0.8134762 -0.5794155 0.05034089 -0.8285847 -0.5367319 -0.1592676 -0.8392421 -0.5342373 -0.1013078 -0.8905232 -0.454396 -0.02219577 -0.8249806 -0.5627646 0.05199023 -0.823829 -0.5338215 -0.1906315 -0.865192 -0.4987427 0.05194666 -0.8753361 -0.4811878 0.04738202 -0.8598557 -0.5060129 -0.06781636 -0.6649037 -0.7466591 0.02008092 -0.7772267 -0.6289805 0.01738333 -0.7998322 -0.600155 0.009079488 -0.6606259 -0.7506406 -0.01058626 -0.797427 -0.6031741 0.01706402 -0.8283331 -0.5576021 0.05426017 -0.8557403 -0.5097058 0.08893023 -0.8866412 -0.3974622 -0.2364133 -0.8368552 -0.547423 -0.001222992 -0.8308316 -0.55642 -0.01075075 -0.8855238 -0.4644519 0.0114863 -0.8807595 -0.4732598 0.01696531 -0.9035861 -0.4125181 0.1155893 -0.878331 -0.3451935 0.3307206 -0.8459421 -0.5321683 -0.03433331 -0.8461069 -0.5177909 0.126474 -0.8572763 -0.5139159 -0.03110824 -0.8621949 -0.5062773 -0.01741658 -0.8300894 -0.5544939 -0.05905968 -0.8111148 -0.5847994 0.0101263 -0.8248887 -0.5628389 -0.05264055 0.01674597 -0.619212 -0.7850453 0.04768599 -0.603675 -0.7958031 0.1721041 -0.6082814 -0.774838 0.002383211 -0.7824111 -0.6227577 0.01122046 -0.6698088 -0.7424489 0.1449105 -0.7603855 -0.6330994 -0.01001138 -0.6346844 -0.7727066 0.03024633 -0.7035512 -0.7100006 0.2808221 -0.7353241 -0.6167961 0.02936752 -0.6706361 -0.741205 0.05244949 -0.6618221 -0.7478239 -0.07597983 -0.6530417 -0.7535009 -0.05358823 -0.6592487 -0.750013 -0.1455788 -0.7603251 -0.6330186 -0.04521525 -0.5434762 -0.838206 -0.1046126 -0.591458 -0.7995209 -0.1706065 -0.6087217 -0.7748234 -0.1259455 -0.5975546 -0.7918751 -0.03437326 -0.6270565 -0.778215 -0.01634086 -0.669946 -0.7422299 0.02136248 -0.5857239 -0.810229 0.001972564 -0.4205437 -0.9072702 0.02902873 -0.4632044 -0.8857759 -0.1645536 -0.4272309 -0.8890421 -0.0641518 -0.4315823 -0.8997896 0.03604847 -0.5114745 -0.858542 -0.01136824 -0.2980156 -0.9544933 -0.133327 -0.2225535 -0.9657608 -0.01544625 -0.3659758 -0.9304962 -0.0009030011 -0.194672 -0.980868 0.001466885 -0.3086312 -0.9511807 0.02191884 -0.3825045 -0.9236936 -0.01497644 -0.3602596 -0.9327319 -0.08722762 -0.3389473 -0.936753 0.05872861 -0.4176171 -0.9067232 0.006337082 -0.4453755 -0.8953214 0.1330645 -0.2235988 -0.9655555 0.3114142 -0.2162518 -0.9253412 0.02702616 -0.3566852 -0.9338336 0.002638147 -0.3702594 -0.9289247 0.02827121 -0.3073817 -0.9511662 0.2464905 -0.6116177 -0.7517754 0.02049568 -0.5565841 -0.8305384 0.1993118 -0.5187411 -0.8313738 0.008780431 -0.5246917 -0.851247 -0.01367555 -0.490314 -0.8714386 0.1588059 -0.4216398 -0.8927489 0.03351145 -0.4585069 -0.8880588 0.8095271 -0.5861574 0.03294397 0.8088619 -0.5872828 0.02900678 0.7250753 -0.6885566 -0.01247413 0.7851103 -0.6193293 0.005740976 0.7278254 -0.6850633 0.0309576 0.8098142 -0.5866209 0.008766276 0.7941969 -0.6076266 0.006413785 0.8196541 -0.572328 0.02465218 0.8047521 -0.5929648 0.02768975 0.7767675 -0.6296458 -0.013358 0.8226339 -0.5676932 0.03158918 0.850692 -0.5121637 0.11837 0.8491295 -0.5123139 0.128505 0.8843263 -0.466509 -0.01834077 0.8566506 -0.5064299 0.09837986 0.8524005 -0.5218181 0.03345641 0.8386854 -0.5369917 0.0908115 0.8382555 -0.5451999 -0.009204742 0.838553 -0.5369653 0.09217968 0.8273359 -0.5607206 0.03328088 0.8687999 -0.4941726 -0.03130748 0.8919346 -0.451768 0.01893059 0.9299807 -0.365065 0.04316827 0.8784208 -0.4741598 0.05957677 0.8894417 -0.4565685 0.02094364 0.9236488 -0.3831975 -0.00570331 0.8652161 -0.4956998 0.07538436 0.881002 -0.4730618 0.006933134 0.8658198 -0.4993044 0.03242327 0.8885311 -0.457857 0.02965607 0.9300885 -0.3519299 0.1052648 0.8880215 -0.4596203 0.01292318 0.8846613 -0.4662206 -0.003568024 0.8489384 -0.5278131 -0.02677493 0.8577901 -0.5126296 -0.03750973 0.8439992 -0.5190137 0.1352408 0.8853287 -0.4649649 -0.0008095182 0.890504 -0.4376482 0.1243648 0.8821733 -0.4709065 -0.004155605 0.8775172 -0.4795137 0.005496209 0.8330198 -0.5529039 -0.01937311 0.8387991 -0.5438461 -0.02544503 0.8482167 -0.5284315 -0.03589699 0.8223431 -0.5681531 -0.0308845 0.8234351 -0.5673452 -0.008603948 0.7913845 -0.5972251 0.1305097 0.8249297 -0.5646206 -0.02635539 0.9163819 -0.2957634 -0.2697559 0.7778013 -0.6268696 0.04538217 0.8110889 -0.5848954 -0.005672353 0.7948374 -0.6064032 0.02255373 0.07259319 -0.9271795 -0.3675166 -0.3045079 -0.9525098 -0.0002723841 -0.1961383 -0.9805634 -0.005027217 -0.1139002 -0.696772 0.7081918 -0.146064 -0.7012264 0.6978157 -0.2896858 -0.9571098 -0.004804023 0.06527773 -0.9271162 0.3690451 0.600784 -0.7994114 -0.0001093021 -0.09949388 -0.995027 -0.004711883 0.03994897 -0.7206399 0.6921577 -0.01520742 -0.714132 0.6998458 -0.01535163 -0.9998808 -0.001623445 -0.02457516 -0.5463672 0.8371851 0.1018474 -0.9947562 -0.009339136 -0.21512 -0.7133104 0.667017 -0.1164948 -0.758891 0.6407132 -0.004491102 -0.9999484 -0.009110112 0.003358509 -0.7318812 0.6814239 0.03384759 -0.7080639 0.7053367 0.322582 -0.8997704 0.2938608 0.3630145 -0.8849465 -0.2917023 0.2102394 -0.8405545 -0.499267 0.4135861 -0.6467782 -0.6407999 0.6706864 -0.644731 -0.3667448 0.7024792 -0.6839225 -0.1969085 0.8268841 -0.5343341 -0.1753561 0.5454625 -0.689953 0.4758524 0.7439833 -0.6677762 0.02374292 0.6716604 -0.6405618 0.372227 0.432695 -0.6517628 0.6228807 0.2233284 -0.8253503 0.5185762 0.2248731 -0.7352949 0.6393539 0.1875947 -0.5814855 0.791633 -0.4487535 -0.7977009 0.4028568 -0.415575 -0.7429135 0.5247637 0.1988668 -0.980001 -0.007073169 -0.2666999 -0.7798297 0.5663363 -0.2150896 -0.7133427 0.6669923 0.2856224 -0.9583422 -0.0002935493 0.2140922 -0.9768133 0.0006296052 -0.7430574 -0.6314667 -0.22162 -0.394904 -0.9156956 -0.07451414 -0.5941682 -0.8041605 0.0170318 0.2888863 -0.9573542 -0.004214609 -0.6135155 -0.7858569 0.07763814 -0.6135573 -0.7857421 0.07846539 -0.5664721 -0.8023237 0.1881115 -0.5487204 -0.7610323 -0.3460284 -0.5541821 -0.7897358 -0.263058 -0.6125139 -0.7603413 -0.2161199 -0.4159518 -0.7660123 -0.4901115 -0.492081 -0.7756496 -0.3952518 0.3286365 -0.6814515 0.6539281 0.3207661 -0.6891841 0.6497187 -0.1906139 -0.7683171 -0.6110279 -0.2259379 -0.7601398 -0.6092123 -0.300703 -0.7349272 -0.607832 -0.3291022 -0.7592006 -0.5615214 -0.009369547 -0.7112778 -0.7028486 0.009440978 -0.7108835 -0.7032464 0.221561 -0.7163861 0.6615902 0.01132007 -0.6855245 -0.7279615 0.2927284 -0.7065051 0.6443295 -0.02920142 -0.7348472 -0.6776037 -0.1382171 -0.5562772 -0.8194216 -0.114082 -0.853923 -0.5077409 0.2206676 -0.9053887 0.3627357 0.08402302 -0.7252543 0.6833347 -0.1536249 -0.6888761 -0.7084131 0.1217455 -0.7164203 0.6869644 -0.1224373 -0.7072452 -0.6962853 0.1506045 -0.7265605 0.670394 -0.08100955 -0.7001646 -0.7093708 0.1937845 -0.7127612 0.6741061 -0.05191418 -0.7146676 -0.6975351 0.004829182 -0.9505198 0.3106264 -0.255512 -0.907243 -0.3341014 0.2799154 -0.9600227 -0.001963106 -0.1156937 -0.7217825 -0.6823819 -0.07924991 -0.952762 0.2931962 -0.1520199 -0.7251882 -0.6715593 0.271543 -0.6977429 0.662887 -0.1927092 -0.7144939 -0.6725783 0.4281548 -0.8614755 0.2730264 0.4812112 -0.5606675 0.6738603 -0.263431 -0.7089309 0.6542332 0.1022239 -0.9656176 -0.2390251 -0.6201145 -0.7845103 -0.001290622 0.2736327 -0.961832 -0.002103008 -0.3975009 -0.8720622 0.2854829 0.002879204 -0.9497387 -0.3130307 -0.6032926 -0.6482187 0.4645972 0.2299666 -0.7151391 -0.6600692 0.2676264 -0.6985347 -0.6636455 0.08451454 -0.7083498 0.7007838 0.2916292 -0.7037293 -0.6478561 0.1014488 -0.6988104 0.7080764 0.3294343 -0.6827475 -0.6521724 -0.1248285 -0.930357 0.3447516 0.08361021 -0.7314124 0.6767904 -0.0009679768 -0.7165415 0.6975438 0.1767526 -0.7217291 -0.6692276 -0.07873047 -0.7134087 0.6963114 0.04381637 -0.9281629 0.369586 -0.1433966 -0.702916 0.6966681 -0.1126806 -0.6985238 0.7066595 0.08512817 -0.7190373 -0.6897381 0.09332282 -0.7341021 -0.6725957 0.05332437 -0.9278564 -0.3691057 -0.1504149 -0.6890549 -0.7089279 0.3215587 -0.744656 0.5848824 -0.008203439 -0.5946855 -0.8039165 0.4442655 -0.7146661 -0.5402596 -0.4800899 -0.7066233 -0.519805 -0.006433428 -0.9999635 0.005624842 -0.4971806 -0.699536 -0.5132843 -0.5101704 -0.6890826 -0.5146759 -0.5550725 -0.6559554 -0.5114851 0.08842395 -0.7252091 0.6828272 -0.1809307 -0.9512719 -0.2496913 0.1957435 -0.9106405 0.3638933 -0.3638493 -0.9313484 0.01427384 0.209685 -0.9413585 -0.2643414 0.06825867 -0.7282298 -0.6819253 0.3306202 -0.7491595 0.5739777 -0.1150682 -0.7086827 -0.6960805 0.7552491 -0.5957244 -0.2733338 -0.123179 -0.9293347 -0.348086 0.1053082 -0.6987703 -0.7075523 -0.3687 -0.7334709 0.5710347 0.07334789 -0.7137803 -0.6965184 -0.3735354 -0.7307752 0.5713484 0.03911212 -0.7035786 -0.7095403 -0.3792752 -0.7387974 0.5570715 0.01560013 -0.712379 -0.7016216 -0.4305462 -0.7178081 0.5471576 -0.790317 -0.5427689 -0.2842551 0.2841975 -0.7078504 0.646668 0.2134928 -0.7213646 0.6588277 0.1510343 -0.7289509 0.667697 0.1250521 -0.7175262 0.6852139 0.314924 -0.6898861 0.6518282 0.4798157 -0.6933947 -0.5375693 0.2936981 -0.692646 -0.6587738 -0.1424827 -0.7042599 0.6954974 0.1773431 -0.984145 0.00283711 0.272357 -0.9620754 0.01525175 -0.2643846 -0.9057816 -0.3311502 -0.00903846 -0.9514227 0.307755 -0.2327301 -0.7089458 -0.6657571 0.4811765 -0.5607115 -0.6738485 0.4239304 -0.861599 -0.27916 -0.1383592 -0.7181974 0.6819451 -0.1624329 -0.7320009 0.6616572 -0.22623 -0.7126694 0.6640199 -0.257747 -0.7097259 -0.6556337 -0.2918844 -0.7101911 0.6406498 -0.8700056 -0.4930396 -0.001463989 0.2792482 -0.9541287 0.1079758 -0.6127446 -0.789868 0.02554726 -0.2605623 -0.9037453 0.3396347 -0.1408167 -0.7128692 0.687014 0.09625614 -0.9668547 0.2364886 0.3485805 -0.7340552 -0.5827989 0.1897987 -0.9521913 0.2393912 0.3543677 -0.7458013 -0.5640957 0.2843096 -0.9283555 0.2394246 -0.08326613 -0.9924754 -0.08977352 -0.6233013 -0.780437 0.04912733 0.1737632 -0.7510956 -0.6369159 0.2298596 -0.7391598 -0.6330935 -0.01929879 -0.9917611 0.1266394 0.2717401 -0.7264551 -0.6312055 0.09174261 -0.9870442 0.1316324 0.2987474 -0.7332564 -0.6108069 -0.1696761 -0.979181 0.1114206 0.1130689 -0.7399837 -0.6630532 0.08690914 -0.7259092 -0.6822776 -0.2737683 -0.9567764 0.09813229 -0.7874263 -0.5174328 0.3349972 -0.7257899 -0.5883735 0.3564346 -0.6588746 -0.6469716 0.3838125 -0.5832647 -0.7026473 0.4075403 -0.4116703 -0.7937257 0.4478025 -0.5012761 -0.7496921 0.4320694 -0.3161379 -0.8262538 0.4662205 -0.21724 -0.8557618 0.4695513 -0.1106405 -0.8735147 0.4740578 0.1128992 -0.871108 0.4779378 0.0002808793 -0.8812389 0.4726711 0.2148576 -0.8568995 0.4685718 0.3135499 -0.8327822 0.4562458 0.4160774 -0.796887 0.4380076 0.5015848 -0.7562974 0.4200321 0.5873778 -0.7045369 0.3982651 0.5803499 -0.7072487 0.4037242 0.669468 -0.6531672 0.3538151 0.7408617 -0.5904973 0.3200577 0.7958089 -0.5308149 0.2914169 0.8941793 -0.369684 0.2525412 0.9243203 -0.3286691 0.1939293 0.9551163 -0.2888887 0.06554499 0.9503916 -0.3107796 -0.01310464 0.9527368 -0.3035168 -0.01304485 0.9527457 -0.3037671 0.001051634 0.9453694 -0.3258114 -0.01112306 0.9301383 -0.3672055 -0.001698778 0.9249144 -0.3800334 -0.01039366 0.933198 -0.3593621 0.0006236598 0.9539172 -0.2920771 -0.06879704 0.9397952 -0.3083718 -0.1472817 0.92232 -0.2535553 -0.2916087 0.8811024 -0.2175033 -0.4199414 0.8348527 -0.1601269 -0.5266692 0.6857624 -0.05120502 -0.7260221 0.6001752 -0.0597308 -0.7976353 0.5246166 -0.05972666 -0.8492409 0.4257083 -0.05999024 -0.9028697 0.3339194 -0.06091999 -0.9406309 0.2215715 -0.05966031 -0.9733174 0.1163089 -0.05900308 -0.991459 -3.562493e-05 -0.06221178 -0.998063 -0.113698 -0.06054184 -0.991669 -0.2271587 -0.06189729 -0.9718887 -0.3279529 -0.06062044 -0.9427471 -0.5192977 -0.05737759 -0.8526651 -0.6756803 -0.05074987 -0.7354458 -0.8857859 -0.2177132 -0.4098588 -0.8871159 -0.3097447 -0.3421748 -0.9505887 -0.1593761 -0.2664213 -0.9396363 -0.2723258 -0.2071767 -0.9328441 -0.3281934 -0.1486305 -0.9233559 -0.3733112 -0.08973607 -0.8950448 -0.445958 0.0040194 -0.904482 -0.4257458 -0.0255488 -0.8921332 -0.4517716 0.000837041 -0.9387349 -0.3443333 -0.0145408 -0.9365426 -0.3503273 -0.01260105 -0.946254 -0.3231935 -0.01221913 -0.9284832 -0.3442447 0.139336 -0.8994653 -0.390924 0.1952962 -0.9365485 -0.2744918 0.2180165 -0.8344596 -0.463965 0.2973442 -0.8830993 -0.4688373 -0.01809034 -0.8874858 -0.4607477 -0.008974503 -0.8492032 -0.4784955 0.2233741 -0.7935534 -0.5604771 0.2369354 -0.6786983 -0.7255276 0.1139224 -0.7015455 -0.6396388 0.3141593 -0.7847013 -0.6196266 -0.01751289 -0.6649645 -0.7467344 -0.01449009 -0.5208661 -0.853575 -0.01040934 -0.672438 -0.7401288 -0.006046104 -0.5305071 -0.8476778 -0.002153848 -0.5165307 -0.8562435 -0.006574568 -0.5227848 -0.8523384 0.01467149 -0.3638 -0.9251303 0.1085513 -0.4466066 -0.8886984 0.103719 -0.5334685 -0.8387654 0.1090136 -0.5962755 -0.7971414 0.09497996 -0.1651431 -0.9570197 0.2384136 -0.2826769 -0.9292663 0.237819 -0.3720849 -0.8969492 0.2388199 -0.4572117 -0.8564757 0.2395972 -0.5372426 -0.8085995 0.2398692 -0.6120117 -0.7538155 0.2391733 -0.6809961 -0.6928659 0.2370254 -0.7469227 -0.6162988 0.2495644 -0.1740804 -0.9248906 0.3380435 -0.2025449 -0.884349 0.4205978 -0.291151 -0.8942551 0.3399102 -0.2994031 -0.858815 0.4156858 -0.3819883 -0.8602648 0.3376823 -0.391718 -0.824351 0.4086593 -0.4677881 -0.8181569 0.3343555 -0.4783954 -0.7820374 0.3994439 -0.5478113 -0.7688982 0.3296942 -0.5588049 -0.7329705 0.3879321 -0.6219604 -0.7132117 0.323256 -0.6329243 -0.6779918 0.3738102 -0.7070126 -0.6159494 0.3474759 -0.7583133 -0.5674909 0.3208038 0.3583674 -0.9335717 -0.004074516 0.3508517 -0.9364202 -0.004504617 0.9207746 -0.3897721 -0.01586919 0.9207215 -0.389908 -0.01561207 -0.02446047 -0.9713815 0.2362619 0.2918576 -0.8940826 0.3397578 0.1972856 -0.9190769 0.3411393 0.09981402 -0.9344309 0.3418715 -0.02457572 -0.9395009 0.3416637 0.3558756 -0.9343289 0.01954902 0.3632082 -0.92509 0.1108525 0.3725461 -0.8965948 0.2394309 0.3825695 -0.8600856 0.3374808 0.3923231 -0.823982 0.4088229 0.3001111 -0.8585013 0.4158231 0.2033593 -0.8841147 0.4206972 0.1030684 -0.8999784 0.4235751 -0.007471144 -0.9083371 0.418172 -0.09203277 -0.9124051 0.3988068 0.8477642 -0.4830054 0.2190926 0.798645 -0.5568053 0.228329 0.8534337 -0.4454666 0.2705744 0.8054649 -0.5175271 0.2887767 0.8159293 -0.4857179 0.3135882 0.839313 -0.4592191 0.2909836 0.8894454 -0.4086399 0.2046954 0.7878925 -0.5252391 0.32148 0.7615558 -0.5537438 0.3367499 0.7511071 -0.586517 0.3030444 0.7430576 -0.6268275 0.2344198 0.7369891 -0.6643393 0.1245007 0.2446303 -0.2277643 -0.9424858 0.3568272 -0.2223567 -0.9073212 0.4599898 -0.2151167 -0.8614721 0.5533519 -0.2062197 -0.8070162 0.6366726 -0.1958102 -0.7458595 0.7101924 -0.1839386 -0.6795538 0.7747323 -0.1693871 -0.609178 0.4002872 -0.9128889 -0.08002559 0.3080671 -0.9475993 -0.08455835 0.2101454 -0.973705 -0.08796303 0.1070547 -0.990161 -0.09011357 -3.294556e-05 -0.9958624 -0.09087358 0.4615103 -0.8871294 -0.003119381 0.4861056 -0.8707153 -0.07454034 0.5653101 -0.8220461 -0.06829935 0.6138966 -0.7893858 -0.001038844 0.6383017 -0.7673303 -0.06144288 0.7050798 -0.7070573 -0.05415083 0.3777005 -0.9259198 -0.003849261 0.4575762 -0.8891702 -0.0005286941 0.3739053 -0.9274667 -0.0005859439 0.4508567 -0.8925892 -0.00357668 0.3673588 -0.9300756 -0.002609774 0.4418672 -0.8970557 -0.006670612 0.4375495 -0.8991797 -0.00512574 0.4393473 -0.8980706 0.02105238 0.4475594 -0.8869514 0.1140515 0.4575204 -0.856103 0.2403387 0.4682535 -0.8179925 0.3341061 0.4789169 -0.7816282 0.3996197 0.5401514 -0.8415651 -0.002168636 0.610059 -0.792356 -1.257808e-05 0.5362137 -0.8440822 -0.0003338772 0.6036798 -0.7972087 -0.005383536 0.5295758 -0.8482506 -0.004517887 0.5952332 -0.8034798 -0.01084802 0.5206728 -0.8537112 -0.008775908 0.5913823 -0.8063483 -0.008332743 0.5164776 -0.856274 -0.006767975 0.5943796 -0.8038076 0.02462141 0.5189 -0.8545313 0.02278217 0.6028663 -0.7886954 0.120465 0.5275074 -0.8414034 0.1173721 0.6119606 -0.7535324 0.2401942 0.5373797 -0.8082483 0.2407439 0.6221924 -0.7131498 0.3229459 0.5481596 -0.7687732 0.3294068 0.633298 -0.6775462 0.373985 0.5592499 -0.7325363 0.3881111 0.6601148 -0.6494187 0.3774968 0.4801127 -0.6937916 -0.5367914 0.490203 -0.6955143 -0.5253199 0.3217303 -0.684504 0.6541742 0.5294547 -0.6687325 -0.521991 0.2609718 -0.4225569 -0.8679512 0.3782679 -0.4079809 -0.8309422 0.4840861 -0.389214 -0.783692 0.5778285 -0.367192 -0.7288925 0.6596952 -0.3426834 -0.6688575 0.7305055 -0.3161758 -0.6053054 0.7911095 -0.2880185 -0.5396212 0.8441191 -0.254336 -0.4719918 0.8867699 -0.3041911 -0.3480043 0.8455077 -0.3473828 -0.4055144 0.7959381 -0.3894924 -0.4634417 0.7370069 -0.4303993 -0.5211307 0.6677351 -0.469643 -0.5775511 0.5870078 -0.5066093 -0.6314815 0.4936511 -0.5404352 -0.6813504 0.3871722 -0.5697559 -0.7248972 0.2680191 -0.5928625 -0.7593943 -4.078065e-05 -0.8799553 -0.4750565 0.1311388 -0.8726288 -0.4704483 0.2661772 -0.7364565 -0.6219176 0.2554133 -0.8517851 -0.4574126 0.3843571 -0.7071212 -0.5935058 0.3697557 -0.8197083 -0.4374461 0.4899756 -0.6699878 -0.5577098 0.4729268 -0.7787828 -0.4121135 0.582605 -0.6272819 -0.5168063 0.5643971 -0.7313115 -0.3829353 0.6627885 -0.5807759 -0.4726636 0.6445166 -0.6791625 -0.3511932 0.7317753 -0.5315684 -0.4265442 0.7143577 -0.6234813 -0.3177486 0.7906874 -0.480461 -0.3794347 0.7748075 -0.5651595 -0.2833164 0.840452 -0.4281033 -0.3322168 0.8265288 -0.5050168 -0.2486123 0.8821075 -0.374705 -0.2854513 0.8703851 -0.4433758 -0.2141207 0.9166609 -0.3200612 -0.2393609 0.9072644 -0.3800574 -0.180077 0.7452986 -0.6667295 0.001342875 0.7652858 -0.6419949 -0.04669202 0.8189542 -0.5725088 -0.03934105 0.8528777 -0.5221045 0.002545747 0.8663183 -0.4984439 -0.03234713 0.9071542 -0.4199899 -0.02607272 0.682499 -0.7308865 0.0001893579 0.7416133 -0.6708272 0.0007803103 0.678783 -0.7343388 0.000395525 0.7357696 -0.6771978 -0.006801702 0.672722 -0.7398699 -0.006142727 0.7288711 -0.684499 -0.01442011 0.6649852 -0.7467474 -0.01276911 0.6616505 -0.7497496 -0.009705053 0.6651281 -0.7462605 0.02645535 0.673018 -0.7293365 0.122943 0.6807693 -0.6926835 0.2382075 0.6900144 -0.6520096 0.3142667 0.7008534 -0.6175841 0.3569236 0.7276158 -0.589511 0.3507878 0.8020909 -0.5971978 0.002202577 0.8489891 -0.5284096 0.0008639648 0.798331 -0.6022181 0.0009888492 0.8432079 -0.5375295 -0.007904978 0.7925597 -0.6097497 -0.007383806 0.8380519 -0.5453442 -0.0163933 0.7865352 -0.6173465 -0.01567481 0.8367936 -0.5472144 -0.0182462 0.7845247 -0.6198423 -0.01779062 0.9396534 -0.3414909 -0.02086736 0.8971436 -0.4417341 0.002067125 0.8931075 -0.4498432 0.0001927255 0.8872823 -0.4611502 -0.008404819 0.8829565 -0.4691672 -0.0164278 0.8824019 -0.4701637 -0.01768925 -0.8046503 -0.3862888 -0.4509088 -0.7911433 -0.2880005 -0.5395813 -0.7756708 -0.1670886 -0.6086183 -0.7484195 0.03580085 -0.6622586 -0.2447005 -0.2277617 -0.9424682 -0.3568933 -0.2223529 -0.9072962 -0.2610475 -0.4225502 -0.8679318 -0.460051 -0.215111 -0.8614409 -0.3783349 -0.4079707 -0.8309167 -0.2680946 -0.5928502 -0.7593773 -0.6026269 -0.05007341 -0.7964506 -0.5534064 -0.2062135 -0.8069804 -0.4841477 -0.3892008 -0.7836605 -0.3872411 -0.5697399 -0.724873 -0.2662526 -0.7364413 -0.6219033 -0.1312172 -0.87262 -0.4704427 -3.722516e-05 -0.9608346 -0.2771224 0.1203894 -0.9539741 -0.274663 0.2352618 -0.9343366 -0.267707 0.3424398 -0.9037229 -0.2569433 0.440996 -0.8639668 -0.2430718 0.5302676 -0.8169279 -0.2268152 0.6102846 -0.764163 -0.2088246 0.6817694 -0.7065877 -0.1895371 0.7451754 -0.645001 -0.1693736 0.8006918 -0.5802961 -0.1488253 0.848818 -0.5128864 -0.1282788 0.8901736 -0.4426392 -0.1079883 0.9249681 -0.3696343 -0.08834299 -0.8803645 -0.3770661 -0.2877142 -0.8027413 -0.4686589 -0.3687347 -0.8686342 -0.4461047 -0.215558 -0.7872437 -0.5517627 -0.2753275 -0.8470849 -0.5156109 -0.1288123 -0.758431 -0.6306762 -0.164408 -0.8177589 -0.5742222 -0.03923225 -0.7198886 -0.6921221 -0.05222444 -0.8008984 -0.5987864 0.004071656 -0.7985777 -0.6018899 0.001442182 -0.7927939 -0.6094416 -0.007659595 -0.786826 -0.6169295 -0.0174004 -0.8823797 -0.4702161 -0.01740156 -0.6367208 -0.1958048 -0.7458198 -0.7102341 -0.1839314 -0.6795121 -0.6597418 -0.3426671 -0.6688198 -0.7305457 -0.3161591 -0.6052655 -0.6677812 -0.4696192 -0.5775171 -0.7370457 -0.430374 -0.5210967 -0.662834 -0.5807465 -0.4726357 -0.7318145 -0.5315377 -0.4265152 -0.6445623 -0.6791295 -0.3511732 -0.7143979 -0.6234462 -0.317727 -0.6103309 -0.7641292 -0.2088127 -0.6818107 -0.7065511 -0.189525 -0.5653566 -0.8220144 -0.06829526 -0.6372143 -0.7689415 -0.05183454 -0.5501745 -0.8350337 0.005160987 -0.6829607 -0.7304358 0.005305316 -0.5556906 -0.8313892 -0.0002405922 -0.6785591 -0.7345454 0.0008289495 -0.2554866 -0.8517686 -0.4574023 -0.1204615 -0.9539658 -0.2746601 -0.2353298 -0.934321 -0.2677016 -0.1071193 -0.9901541 -0.09011266 -0.2102072 -0.9736918 -0.08796142 -0.3844263 -0.707101 -0.5934851 -0.3698226 -0.8196855 -0.4374321 -0.3425036 -0.903701 -0.2569354 -0.3081256 -0.9475806 -0.08455583 -0.4937127 -0.540416 -0.681321 -0.4900354 -0.6699634 -0.5576866 -0.4729865 -0.7787559 -0.4120959 -0.4410539 -0.86394 -0.2430619 -0.4003419 -0.9128651 -0.08002296 -0.3776174 -0.9259554 -0.003415544 -0.3739868 -0.9274339 -0.0004289176 -0.3858059 -0.9225797 0.0007266553 -0.5778833 -0.3671772 -0.7288565 -0.5870608 -0.5065868 -0.6314503 -0.5826582 -0.6272547 -0.5167794 -0.5644492 -0.7312813 -0.3829161 -0.530319 -0.8168974 -0.2268048 -0.4861562 -0.8706873 -0.07453722 -0.4613756 -0.887201 -0.002633505 -0.457493 -0.8892132 -5.154203e-05 0.3850193 0.7352707 -0.5577966 0.6777735 0.7352708 3.887263e-08 0.6580786 0.7352708 0.1622018 0.6001386 0.7352708 0.314977 -0.3850193 0.7352707 0.5577966 0.6580785 0.7352708 -0.1622018 0.240342 0.7352708 0.6337291 0.6001385 0.7352708 -0.3149771 0.5073206 0.7352708 -0.449447 0.3850193 0.7352707 0.5577966 0.5073207 0.7352709 0.4494469 -0.6777735 0.7352708 3.887263e-08 0.08169663 0.7352708 0.6728317 -0.240342 0.7352708 0.6337291 -0.5073207 0.7352709 0.4494469 -0.6001386 0.7352708 0.314977 -0.6580785 0.7352708 -0.1622018 -0.08169663 0.7352708 0.6728317 -0.6580786 0.7352708 0.1622018 -0.6001385 0.7352708 -0.3149771 -0.2403418 0.7352709 -0.6337291 0.08169649 0.7352708 -0.6728317 -0.08169649 0.7352708 -0.6728317 -0.5073206 0.7352708 -0.449447 -0.3850193 0.7352707 -0.5577966 0.2403418 0.7352709 -0.6337291 -0.3375641 0.5846784 0.7377003 -0.652124 0.1747361 0.7377002 -0.5846784 0.3375641 0.7377003 0.4773879 -0.4773879 0.7377002 0.3375641 -0.5846784 0.7377003 -0.6751283 1.176156e-15 0.7377003 0.6751283 1.269406e-15 0.7377003 -0.5846784 -0.3375641 0.7377003 -0.4773879 -0.4773879 0.7377002 0.1747361 -0.652124 0.7377002 -0.1747361 -0.652124 0.7377002 -1.173148e-16 -0.6751283 0.7377003 -0.652124 -0.1747361 0.7377002 -0.1747361 0.652124 0.7377002 -5.384448e-16 0.6751283 0.7377003 0.1747361 0.652124 0.7377002 0.652124 0.1747361 0.7377002 0.652124 -0.1747361 0.7377002 0.5846784 -0.3375641 0.7377003 -0.3375641 -0.5846784 0.7377003 -0.4773879 0.4773879 0.7377002 0.5846784 0.3375641 0.7377003 0.3375641 0.5846784 0.7377003 0.4773879 0.4773879 0.7377002 0.3752636 -0.6561118 -0.6547477 0.6514474 -0.6583905 -0.3770122 0 -1 0 0.7545815 -0.6561943 0.003989333 0.6552708 -0.6528956 0.379931 -0.6543369 -0.6542755 -0.3791659 -0.3792045 -0.6541776 -0.6544124 0.0004083977 -0.6548448 -0.7557633 -0.3781925 -0.6522684 0.6568991 -0.6563115 -0.6526431 0.378566 -0.7566094 -0.6538646 0.001812508 0.3787008 -0.6511684 0.657697 0.0007020028 -0.6510934 0.7589973 0.3778278 -0.6543137 -0.6550723 0.6553764 -0.6540745 -0.3777146 0 -1 0 0.7567612 -0.6536914 -1.038501e-05 0.6554523 -0.6533044 0.3789137 -0.6557361 -0.6530546 -0.3788533 -0.378806 -0.6530131 -0.6558048 -0.0006032153 -0.6536064 -0.7568344 -0.3789124 -0.6530046 0.6557518 -0.6572796 -0.6518582 0.3782386 -0.7579927 -0.6522616 0.001390213 0.378835 -0.6533428 0.6554595 -0.0002716076 -0.6533447 0.7570605 0.3783382 -0.6527163 -0.65637 0.6564541 -0.6526162 -0.378365 0 -1 0 0.7577387 -0.6525581 -0.0002197291 0.6561858 -0.6534109 0.3774577 -0.6552694 -0.6529136 -0.3799025 -0.3786688 -0.6512128 -0.6576715 -0.001203611 -0.6515639 -0.7585928 -0.3756067 -0.6559777 0.6546853 -0.6544436 -0.6563361 0.3754018 -0.7566946 -0.6537682 -0.000682711 0.3786796 -0.6550973 0.653796 -0.0008929043 -0.6552387 0.7554214 -0.2923333 -0.2184185 0.9310395 -0.325283 -0.2316468 0.9168046 -0.5833956 -0.1905959 0.7895079 -0.607187 -0.2052452 0.7675926 -0.983543 -0.1407917 0.1132289 -0.9201663 0.380863 0.09076025 -0.9906205 -0.09606483 -0.09717331 -0.9599135 -0.2315553 -0.1579502 -0.9431336 -0.1568191 -0.2930986 -0.8975569 0.2015606 0.3921288 -0.1713779 0.277155 0.9454178 -0.7942969 -0.1767827 0.5812403 -0.5641097 0.3819758 0.7320346 -0.9279928 -0.2244355 0.2974189 -0.9269509 -0.2276426 0.2982295 0.1032678 0.176608 0.978849 0.6097701 -0.2192331 0.7616543 0.6358223 -0.01524501 0.7716849 0.6320539 -0.274393 0.7247181 0.5005976 -0.2969734 0.8131475 0.1426774 -0.2302528 0.9626146 0.1717048 -0.2022839 0.964157 0.2436917 0.01565069 0.9697264 0.9790949 -0.01423698 0.202905 0.7377191 -0.4303543 0.5201593 0.9161431 0.1166785 0.3834944 0.8945426 -0.001164128 -0.4469811 0.7491926 -0.07445 -0.6581547 0.78312 -0.02541002 -0.6213512 0.9190181 -0.09951097 -0.381449 0.9701829 -0.06132973 -0.2344863 0.9999814 -0.006059632 -0.00071575 0.9893699 -0.1230299 0.0775297 0.757517 0.08020817 -0.6478693 0.2437799 -0.1719321 -0.9544688 -0.261267 -0.2085343 -0.9424717 0.3509995 0.06934704 -0.9338042 0.1365749 -0.2255156 -0.9646191 0.2516924 -0.1773506 -0.9514188 -0.2969203 0.1402415 -0.9445479 -0.5387122 -0.1724349 -0.8246547 0.09138373 0.1407777 -0.9858147 -0.2612776 -0.2085405 -0.9424674 -0.9178219 -0.1683821 -0.3595141 -0.9172672 -0.1877819 -0.3512248 -0.6166906 0.2352206 -0.7512416 -0.7498426 -0.1323583 -0.6482417 -0.7466652 -0.1292456 -0.6525233 -0.01231323 -0.9999242 0.0002423503 -0.01085326 -0.7019731 -0.7121207 -0.05126373 -0.6964751 -0.7157475 -0.003207684 -0.7023908 0.7117843 0.616163 -0.7876132 -0.002928951 0.5093136 -0.6483647 0.5658824 -0.1414581 -0.6842101 0.7154343 0.5017546 -0.6551439 -0.5648263 -0.1637647 -0.6815454 -0.713216 -0.1058069 -0.6898972 -0.7161332 -0.1173432 -0.6980267 0.7063917 -0.07945878 -0.7032671 -0.7064713 -0.08804194 -0.6925027 0.7160227 -0.02588556 -0.6971061 0.7165006 -0.1780941 -0.7040839 0.6874215 -0.1352848 -0.7165256 0.6843165 0.0911644 -0.9957083 0.01593785 -0.6077238 -0.6413215 0.4683787 0.09246616 -0.994338 0.05236407 0.2672871 -0.7122865 -0.6490035 -0.2349675 -0.6978507 0.6766053 0.0003717603 -0.9999905 0.004333984 0.001246475 -0.9999606 0.008792397 0.250957 -0.694456 -0.6743526 -0.4406584 -0.6293631 -0.6400955 0.3186416 -0.699156 -0.6400378 0.269542 -0.7244359 -0.6344602 -0.6555292 -0.7551336 0.007391578 -0.6629261 -0.7480198 0.03154962 -0.6527338 -0.7552132 0.05993068 -0.3138374 -0.9494757 -0.001419629 -0.3016708 -0.6901628 -0.6577765 -0.2833113 -0.6889674 -0.6671271 -0.2400777 -0.6988094 -0.6738161 0.2200123 -0.9315969 -0.2893472 0.1839732 -0.7074908 -0.6823567 -0.2818338 -0.6884363 0.6683002 0.5795622 -0.6660997 -0.469488 0.5855916 -0.6637096 0.4653731 0.1204743 -0.7092526 0.6945839 0.1437643 -0.7083786 -0.6910366 -0.2998489 -0.6920353 0.6566413 0.1122866 -0.7175839 -0.6873609 0.09020721 -0.6991601 -0.7092516 0.1557184 -0.7105224 0.6862286 0.1638183 -0.7159462 0.6786638 0.1951598 -0.705877 0.6809187 0.2446886 -0.6965467 0.6745 0.006943997 -0.9999759 -5.612651e-06 0.3016971 -0.6819009 0.6663258 -0.4511175 -0.5989105 0.6616639 -0.6067652 -0.6442159 -0.4656413 -0.3546576 -0.8769004 -0.3244436 -0.4627935 -0.5825817 -0.6681472 0.271078 -0.6881272 -0.673051 -0.6859021 -0.727685 -0.003571792 0.6683892 -0.5793564 -0.4664784 -0.6495312 -0.6802731 0.339614 -0.3410344 -0.5764306 -0.7425788 -0.3953696 -0.7209195 0.5691731 0.5024361 -0.6779315 -0.5366254 -0.4572482 -0.6981688 0.5508941 0.461324 -0.6990362 -0.5463776 0.01419819 -0.7000672 0.7139358 0.009751853 -0.702402 -0.7117137 -0.03520747 -0.6965482 0.7166457 -0.2124891 -0.9757643 -0.0522732 -0.08688717 -0.6854401 0.7229263 0.2083145 -0.5655064 -0.7980023 -0.08306151 -0.7019645 -0.7073519 0.3318103 -0.5887057 -0.7371076 0.6317967 -0.6952224 0.3427807 -0.5475119 -0.650599 -0.5262619 0.3719669 -0.7261679 0.5782048 -0.5036131 -0.6810198 -0.5315881 0.3893193 -0.7269001 0.5657267 -0.05417948 -0.8747578 -0.4815219 0.5111092 -0.6462424 -0.5666905 0.510365 -0.6479034 0.5654633 -0.1266238 -0.6830618 -0.7193004 -0.1357104 -0.6840162 0.7167318 -0.1168774 -0.6906946 0.713639 -0.6550721 -0.7555457 0.005595297 -0.54164 -0.6167616 -0.5711666 0.05488679 -0.6933171 -0.7185394 -0.5322732 -0.6268735 0.5689595 0.08283483 -0.6899258 0.719125 -0.4615123 -0.5842939 0.6675381 -0.6758343 -0.7370536 -0.0001819516 0.2908218 -0.6948084 0.6577719 -0.3329396 -0.883752 0.3288366 -0.6030405 -0.6486351 0.4643433 -0.4496346 -0.6004866 -0.6612447 0.3123409 -0.6812402 -0.6620838 0.2777304 -0.6919582 0.666378 -0.005258385 -0.9999837 0.002212831 -0.2493537 -0.6976193 0.671677 0.2298219 -0.933512 0.2752039 0.2411963 -0.6947339 -0.6776202 0.3298501 -0.6204436 -0.7115115 0.6660237 -0.5826977 0.4656993 -0.3049215 -0.6911977 0.6551859 -0.3160656 -0.9476639 -0.04511931 -0.2841835 -0.6862519 0.6695507 0.1783497 -0.7068021 -0.6845598 -0.326114 -0.6759408 -0.6608734 0.5825151 -0.6683392 0.4626002 0.5729371 -0.6743372 -0.4658459 0.09883344 -0.7085411 -0.6987142 0.1164952 -0.717 -0.6872699 0.1401234 -0.7096462 -0.6904837 0.1118889 -0.7061514 0.6991646 0.1357549 -0.7126216 0.6882886 -0.2801603 -0.6813171 -0.6762523 0.1610966 -0.7006535 0.6950774 -0.2425993 -0.6940069 -0.6778643 0.2034 -0.7010935 0.6834445 0.01682608 -0.9998584 0.0001386764 0.2513086 -0.6968905 0.671705 0.3075136 -0.6795923 0.6660253 -0.65263 -0.7576767 -0.0002226167 -0.6041975 -0.6464966 -0.4658192 -0.1736986 -0.7040932 -0.6885358 0.3300624 -0.6829267 0.651667 -0.4488407 -0.6003359 0.6619205 0.133176 -0.9910828 -0.00437114 -0.4138225 -0.7437103 0.5250199 0.133021 -0.9910987 0.005368977 -0.5512971 -0.710097 0.4379883 -0.6513828 -0.73284 0.1965856 -0.640443 -0.763833 0.07995004 -0.5967046 -0.7448947 -0.2984553 -0.5587285 -0.7531242 -0.3473132 -0.6591889 -0.7518582 0.01338635 -0.7613596 -0.6102924 -0.2188027 -0.546396 -0.7296602 -0.4111537 -0.2121655 -0.7145804 0.6666038 -0.4672412 -0.71967 -0.5135764 -0.3763933 -0.7087571 -0.5966502 -0.3071612 -0.7249791 -0.6164879 -0.2689025 -0.6926147 -0.6693104 -0.2009789 -0.7597859 -0.6183307 -0.2180785 -0.7062314 0.673557 -0.3721704 -0.6700707 0.6422573 0.5471371 -0.6871322 0.4780066 0.5980164 -0.7368709 0.3152739 -0.03445143 -0.6879659 -0.7249248 0.007334382 -0.6823113 -0.7310249 0.05286182 -0.7116626 0.7005298 0.03238389 -0.6296231 -0.7762255 0.00556627 -0.7048368 -0.7093477 -0.1302082 -0.5709256 -0.8106108 0.2102402 -0.685732 0.696829 -0.1602928 -0.5100696 -0.8450652 0.2397124 -0.8841101 0.4011076 0.4031116 -0.7458381 0.530308 0.5930224 -0.7965205 0.1178113 0.7301445 -0.6829103 -0.02285953 0.7275325 -0.6593428 -0.1896403 0.6052749 -0.7361094 -0.3029608 0.6170827 -0.5757911 -0.536352 0.5905075 -0.5716204 0.5696938 0.0370593 -0.7043999 0.7088353 0.3763316 -0.7554829 -0.5363023 0.226374 -0.8355521 -0.5006071 -0.1451145 -0.6736275 0.7246846 0.1525216 -0.8896622 -0.4303932 -0.008239555 -0.6918046 0.7220378 0.02776692 -0.6992803 0.7143081 -0.9111906 0.4109049 -0.02981328 -0.5297129 -0.2436823 -0.8124181 0.9894538 0.05734342 0.1330147 0.9916636 -0.04890692 -0.119212 0.9524068 -0.01830247 -0.30428 0.7066069 -0.2542593 -0.6603476 0.5050771 -0.1172871 -0.8550677 0.8218925 0.2784038 -0.4969749 0.8657592 0.2009894 -0.4583276 0.7077772 -0.2432348 -0.6632407 -0.0701347 -0.2143564 -0.9742343 -0.03274384 -0.1848269 -0.9822255 0.117281 0.4462832 -0.8871733 0.2018869 -0.18771 -0.9612527 0.5091204 0.4871361 -0.7095737 0.4340758 -0.2031568 -0.8776705 -0.2429264 0.1069489 -0.9641311 -0.2215056 -0.2079676 -0.9527249 -0.2678811 -0.1904369 -0.9444435 -0.6196724 0.4676655 -0.6303135 -0.5778209 0.01302636 -0.8160596 -0.529595 -0.2441936 -0.8123415 -0.9329305 0.1198831 0.3395126 -0.9988295 -0.04834891 -0.001451073 -0.991113 0.00369968 -0.1329715 -0.8111517 -0.2202022 -0.5417969 -0.7138102 -0.03905777 0.6992492 -0.9502969 -0.310358 0.02477446 -0.9598516 -0.2743778 0.05832351 -0.9722624 -0.08762801 0.2168574 -0.4699077 -0.3488361 0.8108638 -0.3102279 0.06187129 0.9486467 -0.6932212 -0.2068751 0.6903963 -0.5637439 -0.09229376 0.8207769 0.2117149 0.01053291 0.9772747 0.6106363 -0.3927525 0.6876545 0.472151 -0.009888934 0.8814622 0.1310048 -0.1773359 0.9753921 0.01525604 0.128529 0.9915884 -0.03510703 -0.04853352 0.9982044 -0.1721867 -0.0208147 0.9848444 0.9533434 -0.2926143 -0.07425088 0.7889591 -0.02859481 0.61378 0.6987636 -0.1234408 0.7046217 0.6910131 -0.1212462 0.7126011 0.9494958 0.1002147 0.2973461 0.9671343 -0.2541128 0.008824346 0.955687 -0.2855477 -0.07158762 0.9930936 -0.09003618 -0.07522372 0.9960808 -0.04923906 0.0734748 0.9656051 -0.03894316 -0.25708 0.5946359 0.2856667 -0.7515335 0.9230626 -0.202748 -0.3268773 0.9245462 -0.2092975 -0.3184476 0.9131679 -0.09381294 -0.3966403 0.5619588 -0.1963154 -0.8035313 0.1810231 0.2338277 -0.9552776 0.7769375 -0.1677831 -0.6068088 0.7766201 -0.1687798 -0.6069387 -0.3072251 0.0416696 -0.9507241 0.2327596 -0.200123 -0.9517215 0.2699386 -0.2149403 -0.9385807 -0.1152333 0.1532319 -0.9814486 -0.6541803 -0.01026977 -0.7562689 -0.2013357 -0.2054678 -0.9577301 -0.1882459 -0.2052376 -0.9604379 -0.2103204 -0.2005759 -0.9568357 -0.720453 -0.4714765 -0.5085838 -0.8959973 -0.007013367 -0.4440041 -0.6507667 -0.1934631 -0.7342171 -0.6332721 -0.2043944 -0.7464512 -0.5317347 -0.297098 -0.7930895 -0.4884417 -0.2697824 0.8298447 -0.488431 -0.2697686 0.8298554 -0.8826172 -0.004843742 0.4700675 -0.8506627 -0.1900127 0.4901715 -0.9783231 0.01395317 0.2066138 -0.9892962 -0.102484 0.1038748 -0.9947099 -0.08875938 -0.05171097 -0.9865533 0.006381318 -0.1633151 -0.720555 0.06672135 0.6901803 -0.2313283 -0.1532216 0.9607343 0.3261396 -0.2150337 0.9205398 0.3261484 -0.2150412 0.9205349 -0.334935 0.08890403 0.9380376 -0.07452499 -0.2326962 0.9696899 -0.2212481 -0.1709281 0.9601213 0.02766745 0.106607 0.9939162 0.5496494 -0.1384835 0.8238373 0.7931347 0.06955855 0.6050612 0.8049395 -0.1782582 0.5659473 0.7513761 -0.07648325 0.6554268 0.4612845 0.051279 0.8857692 0.4113389 -0.01589846 0.9113438 0.9802749 -0.1134614 0.1618259 0.9267761 -0.3537946 0.1261564 0.9307649 -0.1582262 0.3296075 0.9293555 -0.1529266 0.3360236 0.003022713 -0.2437789 -0.9698261 -0.2500088 -0.2068702 -0.945886 -0.4206257 -0.3053271 -0.8543122 -0.4830405 -0.1856038 -0.8557003 -0.9445787 -0.2542022 -0.2077315 -0.9350346 -0.3538129 -0.02294829 -0.8735411 -0.4867501 0.0005378155 -0.8906713 -0.2874802 -0.3522211 -0.8442987 -0.4684409 -0.2602362 -0.81213 -0.3443333 -0.4710407 0.2880998 -0.2184278 -0.9323561 0.7795345 -0.1304605 -0.6126222 0.9004232 -0.4128796 -0.1369984 -0.3876645 -0.8808898 -0.2715684 -0.4293151 -0.8924475 0.1386578 0.5027484 -0.8539822 -0.1340092 -0.2533348 -0.9471906 0.1965996 -0.02299962 -0.9760262 0.2164345 -0.7916013 -0.6089267 0.05075061 -0.743309 -0.6598771 -0.1097908 -0.6642198 -0.7438245 0.07441222 -0.5836395 -0.7934399 -0.172679 -0.7493386 -0.623518 -0.2229729 -0.1916276 -0.9094274 -0.3690807 -0.3513708 -0.7492452 -0.5614002 -0.6217383 -0.6936866 -0.3636488 -0.5028067 -0.5848246 -0.6365261 -0.7043615 -0.5784701 -0.4113967 -0.69247 -0.4681434 -0.5489327 -0.7184396 -0.3852726 -0.5791455 -0.8236461 -0.4982531 -0.2708337 -0.8038282 -0.5187078 -0.2912087 -0.8917743 -0.3453203 -0.2923911 -0.3725666 -0.2691968 -0.8881031 -0.7304829 -0.1941278 -0.6547588 -0.5684874 -0.2273186 -0.7906632 -0.9433845 -0.2170757 -0.2508065 -0.9050343 -0.2331175 -0.3557655 -0.8844209 -0.1926139 -0.4250877 -0.2776687 0.3578177 -0.8915529 -0.7099428 -0.198232 -0.675785 -0.9863388 -0.1534704 -0.05985459 0.9722366 -0.2065844 0.1099041 0.825021 -0.5499968 -0.1297839 0.9009966 -0.3925707 0.1846438 -0.031479 -0.2788354 -0.9598229 0.4043426 -0.2307201 -0.8850284 0.4996825 -0.1528739 -0.8526119 0.7018714 -0.2870819 -0.6518899 0.7844213 -0.1843809 -0.5921882 0.8885155 -0.2630702 -0.3759446 0.7649749 -0.6063363 0.217186 0.5637956 -0.8141289 -0.1390272 0.6008947 -0.7699053 0.2148751 0.1619788 -0.3767737 -0.9120331 0.2882499 -0.3054294 -0.9075378 0.4667385 -0.4941991 -0.733432 0.5956258 -0.3935014 -0.700276 0.6449773 -0.6222559 -0.4436236 0.787105 -0.4636467 -0.4068138 -0.01715752 -0.9728323 0.2308745 0.2180353 -0.9497247 0.2246854 0.203928 -0.970745 -0.1267578 0.4206603 -0.8867843 0.191464 0.4210284 -0.8872999 0.1882391 -0.2166253 -0.3563355 -0.9088996 -0.1112412 -0.4998945 -0.8589126 0.02700373 -0.4424101 -0.8964062 0.1540385 -0.6598884 -0.7354043 0.3179084 -0.5848802 -0.7462234 0.3296153 -0.8222124 -0.4640264 0.4936057 -0.7361081 -0.4631395 0.09115183 -0.8969397 -0.4326552 -0.06335832 -0.7230126 -0.6879234 -0.8886851 -0.4296429 0.160143 -0.5996355 -0.2797188 -0.7497964 -0.5744504 -0.3931246 -0.7179553 0.4331521 0.01339709 -0.9012213 -0.2823369 -0.5542529 -0.7830004 0.5585505 -0.565973 0.6063793 0.4170066 -0.6378501 0.6474973 0.2565516 -0.5389005 0.8023513 0.7994793 -0.3409361 0.4945658 0.7013032 -0.4592035 0.5452577 0.5306011 -0.3700175 0.762594 -0.7949843 -0.5683263 0.2121442 -0.9179748 -0.3836022 0.1008541 0.6435853 -0.5131899 0.5678328 0.4113172 -0.4122194 0.8129535 0.4430767 -0.2979044 0.8455389 0.04815192 -0.3144523 0.9480512 0.07879781 -0.2032185 0.9759576 -0.4158124 -0.275109 0.866842 -0.6164052 -0.2425277 0.7491495 -0.7784726 -0.2318537 0.5832874 -0.2416865 0.4753178 0.8459673 -0.9214702 -0.2568948 0.291372 -0.9614087 -0.2422394 0.1304351 -0.9079784 -0.3454587 0.2371363 -0.8158763 -0.4899081 0.3071416 -0.827858 -0.3382785 0.4474582 -0.8453146 -0.4867843 0.2201916 -0.3150881 -0.823626 0.4715503 -0.09615806 -0.8337689 0.5436756 -0.7413901 -0.6314649 0.2271405 -0.6326979 -0.6465328 0.4262494 -0.7024883 -0.5626984 0.4357531 -0.5132349 -0.5540996 0.6554111 -0.7998102 -0.5199544 0.2999185 -0.6935881 -0.4612436 0.5533443 -0.8211021 -0.5317047 0.2075609 -0.5753251 -0.7463966 0.3345044 0.3735824 -0.3116154 0.8736887 0.24781 -0.7182014 0.650213 -0.06120502 -0.641294 0.7648503 0.4027238 -0.3001502 0.86471 -0.2749374 -0.4939866 0.8248555 -0.03257401 -0.3837389 0.9228669 -0.2449831 -0.3394273 0.9081698 0.4414541 0.05583985 0.8955446 -0.4414337 -0.3014659 0.8451358 -0.5844945 -0.3891829 0.7119711 -0.7309148 -0.3765591 0.5691807 -0.9119684 -0.1907442 0.3632222 -0.7470555 -0.1893688 0.6372186 -0.2826467 -0.2016542 0.9377881 -0.623399 -0.2731478 0.7326418 -0.5208597 -0.1823221 0.8339447 -0.03414096 -0.2294733 0.972716 0.22119 -0.2575964 0.9405951 -0.3822643 -0.6768956 0.6290361 -0.01734107 -0.9098181 0.4146449 0.6497736 -0.6306689 0.4243242 0.09560772 -0.7910146 0.6042807 0.6423723 -0.2927888 -0.7082602 0.763252 -0.197324 -0.6152314 0.3957186 -0.3059706 -0.8659035 0.9614367 -0.0756876 -0.2644067 -0.4887205 -0.302134 -0.8184542 -0.4905071 -0.4773024 -0.729099 -0.08852279 -0.5360987 -0.839501 0.0002283764 -0.5859689 -0.8103335 -0.5883475 -0.4854361 -0.646683 -0.3676985 -0.5115249 -0.7766209 -0.07086169 -0.5578128 -0.8269362 0.1055084 -0.5554383 -0.8248371 0.1064573 -0.560912 -0.8210022 0.100094 -0.3880213 -0.916199 -0.05136308 -0.4032615 -0.9136422 -0.1785039 -0.3994126 -0.8992252 0.1162684 -0.699875 -0.7047387 -0.1568735 -0.5080358 -0.84693 0.4732509 -0.4095068 -0.7799601 0.1113527 -0.5469686 -0.8297144 0.2833583 -0.5229177 -0.8039062 0.4904322 -0.4645798 -0.7373207 0.3198746 -0.3900252 -0.8634585 -0.3754171 -0.3796757 -0.8455225 -0.7821865 0.5882476 -0.2053023 -0.5749274 -0.2107737 -0.7905902 -0.2150933 -0.338426 -0.9160801 -0.724568 -0.266213 -0.6357136 -0.9821247 -0.1037206 -0.1570767 -0.6691032 -0.4040223 -0.6237522 -0.5101452 -0.4091752 -0.7565233 -0.8145706 -0.3117816 -0.4891492 -0.6884115 -0.2966568 -0.6618794 -0.9212633 -0.2094189 -0.3277464 -0.9819185 -0.1468766 0.1194293 -0.8001781 -0.1974524 -0.5663281 -0.7547853 -0.4314475 -0.4941175 0.621027 -0.3220026 -0.7145906 0.9331003 0.2992813 -0.1993854 0.3857884 -0.2998999 -0.8724834 0.687287 0.6450971 -0.3338955 -0.03949702 -0.3001403 -0.953077 0.1635415 -0.3186198 -0.9336678 0.1943546 -0.3722829 -0.9075416 0.6378392 -0.3969257 -0.6600085 0.7880157 -0.3070405 -0.5336265 0.8887427 -0.2136571 -0.4055701 -0.1710408 -0.3950545 -0.9025946 -0.9844334 -0.1330223 0.1148739 -0.9634053 -0.2501015 -0.09643404 0.04353483 -0.5696128 -0.8207594 -0.8075053 -0.4742202 -0.3507855 -0.9251898 -0.3669108 -0.09695504 0.9632994 -0.2251956 -0.1460864 0.7133197 -0.6766593 0.1825028 0.7102614 -0.6023071 0.3643554 0.8329968 -0.5099258 0.2146905 0.6815059 -0.5104958 0.5243508 0.6312613 -0.4074601 0.6599132 0.7833663 -0.353115 0.5115144 0.112599 -0.4464001 -0.8877209 0.1748349 -0.5340779 -0.8271599 0.3514999 -0.6529814 -0.6708674 0.8224414 -0.5168713 -0.2375588 0.7820854 -0.4643434 -0.4156051 0.6758668 -0.4931526 -0.5477267 0.4044224 -0.5539204 -0.7277463 0.5410711 -0.7413392 -0.3970619 0.1151116 -0.348201 -0.9303254 -0.4124711 -0.5683449 -0.7119352 -0.2981017 -0.707649 -0.6405999 -0.6228697 -0.5217473 -0.582935 -0.2555902 -0.5042296 -0.8248795 -0.8115378 -0.5542167 -0.1850682 -0.7186094 -0.6876682 -0.1035035 -0.7654842 -0.5918607 0.2524576 -0.4345469 -0.8404499 -0.3237483 0.2121846 -0.9669385 0.1414484 -0.1592546 -0.9852815 -0.06211598 -0.1714115 -0.9751321 0.1404832 -0.5212247 -0.8530939 0.02357081 -0.6447589 -0.5888883 -0.4873362 0.5212298 -0.7782184 0.3502793 0.1991076 -0.9774464 -0.07038904 0.2027017 -0.9281907 -0.3120483 -0.1432434 -0.9362646 -0.3207645 0.14947 -0.767603 -0.6232531 -0.1725615 -0.9849863 -0.00495955 -0.1396511 -0.5378316 -0.8314053 0.371697 0.4190266 0.8284069 0.7519581 -0.2401609 0.613907 0.6415255 -0.4843994 0.5948127 0.9099093 -0.3643176 -0.1983376 0.7964309 -0.1457504 0.5869026 0.689202 -0.724536 -0.006939303 0.8307427 -0.493021 0.2584508 0.6466882 -0.5696564 -0.5072337 0.2757372 -0.4977361 -0.8223307 0.892393 -0.2765639 0.356577 0.9615241 -0.2537338 0.1053117 0.9240879 -0.2982795 -0.2389371 0.8982798 -0.3914883 -0.1995754 0.9071758 -0.4147459 0.07083767 -0.9337457 -0.1947322 0.3003306 -0.9493432 -0.2766941 0.148956 -0.7169894 -0.1403441 0.6828101 -0.6358307 -0.1577717 0.7555312 -0.4603218 -0.4749371 0.7500258 -0.4071197 -0.3497602 0.8437543 -0.1286118 -0.3885963 0.912388 -0.3390604 -0.2236279 0.913799 -0.4699297 -0.3996643 0.7870416 0.5522758 -0.3283117 0.7662917 0.1869177 -0.4141502 0.8908094 -0.7434133 -0.4848373 0.4607271 -0.6990803 -0.3908428 0.5987726 -0.6371042 -0.2922855 0.7132092 -0.5655185 -0.1936685 0.8016741 -0.7806312 -0.4331319 0.4505682 0.1614431 -0.3053866 0.9384429 -0.8036232 -0.2211983 0.5525044 -0.855488 -0.3214684 0.4059535 -0.8814727 -0.450469 0.1417167 -0.9191324 -0.3845898 -0.08535988 -0.7656936 -0.5678388 0.3021132 -0.5081914 -0.602071 0.6158344 -0.5353622 -0.7058332 0.4638824 -0.1420746 -0.5622665 0.8146602 -0.1704495 -0.7989026 0.5768029 0.5241528 -0.805579 0.2762361 0.210483 -0.8190819 0.5336682 0.5152905 -0.7228086 0.46046 0.1970133 -0.6962501 0.690233 0.4868411 -0.61547 0.6198245 0.1759917 -0.5558703 0.8124255 0.5402893 -0.8101824 0.2273587 -0.7623257 -0.6351191 0.1244317 -0.5401116 -0.7950623 0.2759626 -0.1814801 -0.9185042 0.3513048 0.2161862 -0.9124636 0.3473811 0.5109831 -0.8561825 0.07647045 0.6364701 -0.7450322 -0.1995815 0.825562 0.1802372 0.5347541 -0.4245598 -0.9011237 0.08789262 -0.2151562 -0.9724449 0.08977091 -0.1902925 -0.9555202 -0.2253219 0.8218911 -0.4922291 -0.2867149 -0.9785427 -0.1936613 0.07035296 0.6589192 -0.7504863 0.05094907 0.7961796 -0.6035587 0.0426015 0.7626964 -0.6342097 -0.1267765 0.8033141 -0.5734214 -0.1608552 0.5118504 -0.5636723 -0.6482922 0.7082732 -0.5760393 -0.4080782 0.807386 -0.5189814 -0.2806888 0.8484244 -0.4791463 -0.2249329 0.912557 -0.1891473 -0.3625782 0.8679734 -0.492939 -0.06027737 0.8748641 -0.4843502 0.004197543 0.820804 -0.340455 -0.4586625 0.8954772 -0.3486828 -0.2766603 0.9303626 -0.338153 -0.1416965 0.9388588 -0.3440437 -0.0133481 0.5834844 -0.3951892 -0.7094867 0.6974958 -0.4663583 -0.5440675 -0.4242766 0.02446827 -0.905202 0.2824676 -0.5059652 -0.8149916 -0.2127124 -0.4524494 -0.8660502 -0.1082796 -0.9702048 -0.2167447 0.007325935 -0.9958931 0.09023987 -0.009104313 -0.9923711 0.1229501 0.4302189 -0.8985079 0.08715132 0.8239557 -0.5378641 -0.1783234 0.5545608 -0.7939235 -0.2492945 0.25634 -0.8766383 -0.4071793 -0.06943969 -0.8665723 -0.4941969 0.254136 -0.9578397 0.1340072 -0.02091629 -0.2484378 -0.968422 0.3637115 -0.2589654 -0.8947909 -0.1198432 -0.2966797 -0.9474274 0.728686 -0.3797163 -0.5699406 0.4327938 -0.3072824 -0.8475064 0.2342427 -0.3496304 -0.9071322 -0.3689139 -0.3791141 -0.8486313 -0.585859 -0.3274487 -0.7413141 -0.9646017 -0.260841 0.03880047 -0.8302867 -0.3801062 -0.4076068 -0.6601143 -0.565011 -0.4949866 -0.6049257 -0.3802509 -0.6996243 -0.4057835 -0.3335801 -0.8509195 -0.7386158 -0.4796657 -0.4736745 -0.6133017 -0.600505 -0.5130836 -0.4492713 -0.5015446 -0.7393297 -0.302834 -0.5885396 -0.7496084 -0.1346059 -0.4856971 -0.8637011 -0.2091049 -0.9490587 -0.2357175 -0.5544071 -0.797384 -0.2383516 -0.4726059 -0.7053064 -0.528381 -0.3012532 -0.7974194 -0.5228468 -0.1395731 -0.6612733 -0.7370461 0.07003846 -0.7228506 -0.6874457 0.3550287 -0.7375346 -0.5744539 0.6298445 -0.6793251 -0.376581 0.01392519 -0.403598 -0.9148304 -0.9121879 -0.4064969 0.05170641 -0.7761295 -0.6262411 0.07379098 -0.6255249 -0.7754893 0.08564374 -0.4295349 -0.8987554 0.08796892 0.9831818 -0.170475 -0.06551143 0.9572901 -0.1809524 -0.2255037 0.7635744 -0.2267729 -0.6045893 0.9124896 -0.2461918 -0.3267298 0.6051819 -0.2485798 -0.7562823 0.8945904 -0.1912989 -0.4038723 0.2709852 0.3872077 -0.8812703 0.7271031 -0.1924355 -0.6590066 0.2656566 -0.2061397 -0.9417712 0.6120012 -0.2768636 -0.7408111 0.5009605 -0.185365 -0.8453865 0.01503396 -0.236929 -0.9714106 -0.2456708 -0.2707443 -0.9307757 0.7234181 -0.5662744 0.3949678 0.8128914 -0.4933479 0.3095407 0.8424011 -0.4889158 0.2265431 0.7618614 -0.6211083 0.183825 0.7193951 -0.1443395 0.6794386 0.9406175 -0.3064049 0.1461325 0.9169362 -0.2632223 0.2999034 0.3898771 0.3631377 0.8462428 0.5582788 -0.1950318 0.8064039 0.4150535 -0.2762483 0.8668434 0.08958009 -0.2853299 0.9542339 -0.4762813 -0.3036792 0.8251879 -0.2763274 -0.1943179 0.941214 0.5644838 -0.7670059 0.3050572 0.2879606 -0.8422046 0.4558181 0.3701281 -0.6942861 0.6172293 0.6258546 -0.6571058 0.4201405 0.503627 -0.5613619 0.656683 0.6885791 -0.4627771 0.5582976 0.7894517 -0.5735264 0.2187086 0.8733143 -0.4797568 0.08459012 0.865963 -0.4809283 0.1371718 0.8113425 -0.3455587 0.4715003 0.9010563 -0.3386189 0.2709885 0.2918377 -0.5266816 0.7983967 -0.4501765 0.04507832 0.891801 0.5757024 -0.3870035 0.7202743 0.7207964 -0.3818464 0.5784858 0.6111956 -0.275962 0.7418119 0.7245897 -0.2119777 0.6557707 -0.8076091 -0.3128305 0.4999046 -0.7482614 -0.1396863 0.6485312 -0.286696 -0.8738494 0.3926738 -0.3740915 -0.2159492 0.9018988 -0.4673538 -0.1412077 0.8727203 -0.6580954 -0.2609327 0.7062751 -0.8076173 -0.3559563 0.470159 -0.6786742 -0.6446877 0.3518225 -0.5901092 -0.5587494 0.5827266 -0.7122306 -0.446164 0.5419089 -0.5491514 -0.3559742 0.7561185 -0.5298701 -0.7630733 0.3700767 -0.4426745 -0.6607435 0.6061826 -0.4201206 -0.4473476 0.7895434 -0.2597959 -0.2866548 0.9221362 -0.1365524 -0.3543616 0.9250845 -0.2737213 -0.5303086 0.8024023 -0.2748921 -0.7435702 0.6095389 -0.3592487 -0.8514767 0.3820049 0.01629012 -0.2356926 0.9716911 -0.005732614 -0.4170942 0.9088452 -0.1147733 -0.6000168 0.7917114 -0.09425755 -0.8011645 0.5909746 -0.1766985 -0.9111999 0.3721456 -0.4595405 -0.8058261 0.3734527 0.08991836 -0.830158 0.5502293 0.09168417 -0.6625821 0.7433565 0.1274823 -0.4727 0.8719535 0.2277057 -0.3453884 0.9104158 0.4296044 -0.299402 0.851938 0.2672917 -0.2022357 0.9421549 0.5033331 -0.1825601 0.8445873 0.7972315 -0.5210089 0.3049127 -0.732324 0.6809563 4.20013e-08 -0.711044 0.6809563 0.1752566 1.017651e-32 1 -6.312543e-17 -0.711044 0.6809563 -0.1752566 -0.4160075 0.6809564 -0.6026907 -0.5481523 0.6809563 -0.4856208 -0.6484407 0.6809563 -0.3403281 0.08827182 0.6809564 -0.7269845 -0.08827182 0.6809564 -0.7269845 -0.2596858 0.6809563 -0.6847349 0.5481523 0.6809563 -0.4856208 0.4160075 0.6809564 -0.6026907 0.2596858 0.6809563 -0.6847349 0.732324 0.6809563 4.20013e-08 0.711044 0.6809563 -0.1752566 0.6484407 0.6809563 -0.3403281 0.5481524 0.6809563 0.4856207 0.6484407 0.6809564 0.3403279 0.711044 0.6809563 0.1752566 0.08827199 0.6809563 0.7269846 0.2596859 0.6809563 0.6847348 0.4160075 0.6809564 0.6026907 -0.4160075 0.6809564 0.6026907 -0.2596859 0.6809563 0.6847348 -0.08827199 0.6809563 0.7269846 -0.6484407 0.6809564 0.3403279 -0.5481524 0.6809563 0.4856207 0.635883 -0.3671272 0.6788744 0.7092353 -0.190039 0.6788744 0 0 1 0.7342545 1.648842e-15 0.6788744 0.7092353 0.190039 0.6788744 0.190039 -0.7092353 0.6788744 0.3671272 -0.635883 0.6788744 0.5191963 -0.5191963 0.6788744 -0.3671272 -0.635883 0.6788744 -0.190039 -0.7092353 0.6788744 -1.374035e-16 -0.7342545 0.6788744 -0.7092353 -0.190039 0.6788744 -0.635883 -0.3671272 0.6788744 -0.5191963 -0.5191963 0.6788744 -0.635883 0.3671272 0.6788744 -0.7092353 0.190039 0.6788744 -0.7342545 1.25626e-15 0.6788744 -0.190039 0.7092353 0.6788744 -0.3671272 0.635883 0.6788744 -0.5191963 0.5191963 0.6788744 0.3671272 0.635883 0.6788744 0.190039 0.7092353 0.6788744 -6.019581e-16 0.7342545 0.6788744 0.635883 0.3671272 0.6788744 0.5191963 0.5191963 0.6788744</float_array>
          <technique_common>
            <accessor count="3830" source="#normals-array-array" stride="3">
              <param type="float" name="X" />
              <param type="float" name="Y" />
              <param type="float" name="Z" />
            </accessor>
          </technique_common>
        </source>
        <vertices id="verts-array-vertices">
          <input semantic="POSITION" source="#verts-array" />
        </vertices>
        <triangles count="7656" material="material0">
          <input offset="0" semantic="VERTEX" source="#verts-array-vertices" />
          <input offset="1" semantic="NORMAL" source="#normals-array" />
          <p>0 0 1 1 2 2 3 3 4 4 5 5 6 6 7 7 8 8 9 9 10 10 8 8 4 4 11 11 12 12 13 13 9 9 14 14 14 14 9 9 15 15 14 14 15 15 16 16 8 8 10 10 17 17 17 17 10 10 18 18 17 17 18 18 19 19 9 9 8 8 15 15 15 15 8 8 7 7 15 15 7 7 20 20 21 21 16 16 22 22 22 22 16 16 15 15 22 22 15 15 23 23 23 23 15 15 20 20 24 24 25 25 26 26 26 26 25 25 27 27 26 26 27 27 28 28 28 28 27 27 29 29 28 28 29 29 30 30 29 29 31 31 30 30 30 30 31 31 32 32 30 30 32 32 33 33 34 34 35 35 36 36 36 36 35 35 33 33 36 36 33 33 37 37 37 37 33 33 32 32 4 4 12 12 5 5 5 5 12 12 38 38 5 5 38 38 39 39 40 40 41 41 42 42 42 42 41 41 43 43 42 42 43 43 26 26 26 26 43 43 44 44 26 26 44 44 24 24 38 38 40 40 39 39 39 39 40 40 42 42 39 39 42 42 45 45 45 45 42 42 26 26 45 45 26 26 46 46 46 46 26 26 28 28 1 1 47 47 2 2 2 2 47 47 48 48 2 2 48 48 49 49 49 49 48 48 50 50 49 49 50 50 51 51 52 52 19 19 53 53 53 53 19 19 49 49 53 53 49 49 54 54 54 54 49 49 51 51 52 52 55 55 19 19 19 19 55 55 56 56 19 19 56 56 17 17 17 17 56 56 57 57 17 17 57 57 8 8 8 8 57 57 58 58 8 8 58 58 6 6 59 59 0 0 60 60 60 60 0 0 2 2 60 60 2 2 61 61 61 61 2 2 49 49 61 61 49 49 62 62 62 62 49 49 19 19 62 62 19 19 63 63 63 63 19 19 18 18 35 35 59 59 33 33 33 33 59 59 60 60 33 33 60 60 30 30 30 30 60 60 61 61 30 30 61 61 28 28 28 28 61 61 62 62 28 28 62 62 46 46 46 46 62 62 63 63 46 46 63 63 45 45 45 45 63 63 18 18 45 45 18 18 39 39 39 39 18 18 10 10 39 39 10 10 5 5 5 5 10 10 9 9 5 5 9 9 3 3 3 3 9 9 13 13 11 11 64 64 12 12 12 12 64 64 65 65 12 12 65 65 38 38 38 38 65 65 66 66 38 38 66 66 40 40 40 40 66 66 67 67 40 40 67 67 41 41 41 41 67 67 68 68 41 41 68 68 43 43 69 69 32 32 31 31 69 69 31 31 70 70 70 70 31 31 29 29 70 70 29 29 71 71 71 71 29 29 27 27 71 71 27 27 72 72 68 68 73 73 43 43 43 43 73 73 74 74 43 43 74 74 44 44 44 44 74 74 75 75 44 44 75 75 24 24 24 24 75 75 72 72 24 24 72 72 25 25 25 25 72 72 27 27 32 32 69 69 37 37 37 37 69 69 76 76 37 37 76 76 36 36 36 36 76 76 77 77 36 36 77 77 34 34 78 78 79 79 80 80 81 81 82 82 83 83 84 84 85 85 86 86 86 86 85 85 87 87 86 86 87 87 88 88 89 89 81 81 90 90 78 78 91 91 92 92 92 92 91 91 93 93 92 92 93 93 94 94 94 94 93 93 95 95 94 94 95 95 96 96 96 96 95 95 97 97 98 98 93 93 99 99 99 99 93 93 91 91 99 99 91 91 100 100 100 100 91 91 101 101 102 102 97 97 103 103 103 103 97 97 95 95 103 103 95 95 104 104 104 104 95 95 93 93 104 104 93 93 105 105 105 105 93 93 98 98 106 106 107 107 108 108 108 108 107 107 109 109 108 108 109 109 110 110 110 110 109 109 111 111 110 110 111 111 112 112 109 109 113 113 111 111 111 111 113 113 114 114 111 111 114 114 115 115 114 114 116 116 115 115 115 115 116 116 117 117 115 115 117 117 86 86 86 86 117 117 118 118 86 86 118 118 84 84 119 119 120 120 121 121 121 121 120 120 122 122 121 121 122 122 123 123 124 124 125 125 121 121 121 121 125 125 126 126 121 121 126 126 119 119 81 81 83 83 90 90 90 90 83 83 127 127 90 90 127 127 128 128 128 128 127 127 129 129 128 128 129 129 130 130 130 130 129 129 131 131 130 130 131 131 124 124 124 124 131 131 132 132 124 124 132 132 125 125 78 78 80 80 91 91 91 91 80 80 133 133 91 91 133 133 101 101 134 134 135 135 90 90 90 90 135 135 136 136 90 90 136 136 89 89 88 88 79 79 86 86 86 86 79 79 78 78 86 86 78 78 115 115 115 115 78 78 92 92 115 115 92 92 111 111 111 111 92 92 94 94 111 111 94 94 112 112 112 112 94 94 96 96 102 102 134 134 97 97 97 97 134 134 90 90 97 97 90 90 96 96 96 96 90 90 128 128 96 96 128 128 112 112 112 112 128 128 130 130 112 112 130 130 110 110 110 110 130 130 124 124 110 110 124 124 108 108 108 108 124 124 121 121 108 108 121 121 106 106 106 106 121 121 123 123 137 137 138 138 139 139 140 140 141 141 142 142 143 143 144 144 145 145 144 144 143 143 146 146 147 147 148 148 149 149 149 149 148 148 150 150 149 149 150 150 151 151 151 151 150 150 152 152 153 153 154 154 155 155 155 155 154 154 156 156 157 157 158 158 156 156 156 156 158 158 159 159 156 156 159 159 155 155 155 155 159 159 160 160 155 155 160 160 161 161 161 161 160 160 162 162 161 161 162 162 163 163 164 164 165 165 166 166 161 161 167 167 155 155 155 155 167 167 168 168 155 155 168 168 153 153 153 153 168 168 169 169 170 170 140 140 171 171 171 171 140 140 142 142 171 171 142 142 172 172 172 172 142 142 173 173 172 172 173 173 174 174 175 175 176 176 145 145 145 145 176 176 177 177 145 145 177 177 143 143 143 143 177 177 178 178 143 143 178 178 179 179 179 179 178 178 180 180 179 179 180 180 181 181 181 181 180 180 182 182 181 181 182 182 183 183 184 184 146 146 185 185 185 185 146 146 143 143 185 185 143 143 186 186 186 186 143 143 179 179 186 186 179 179 187 187 187 187 179 179 181 181 187 187 181 181 137 137 137 137 181 181 183 183 137 137 183 183 138 138 188 188 189 189 152 152 152 152 189 189 190 190 152 152 190 190 151 151 151 151 190 190 191 191 191 191 192 192 151 151 151 151 192 192 193 193 151 151 193 193 149 149 149 149 193 193 194 194 149 149 194 194 147 147 147 147 194 194 195 195 147 147 195 195 196 196 197 197 148 148 198 198 198 198 148 148 147 147 198 198 147 147 199 199 199 199 147 147 196 196 188 188 152 152 200 200 200 200 152 152 164 164 200 200 164 164 201 201 201 201 164 164 166 166 201 201 166 166 202 202 203 203 170 170 204 204 204 204 170 170 171 171 204 204 171 171 139 139 139 139 171 171 172 172 139 139 172 172 137 137 137 137 172 172 174 174 137 137 174 174 187 187 187 187 174 174 197 197 187 187 197 197 186 186 186 186 197 197 198 198 186 186 198 198 185 185 185 185 198 198 199 199 185 185 199 199 184 184 184 184 199 199 196 196 141 141 157 157 142 142 142 142 157 157 156 156 142 142 156 156 173 173 173 173 156 156 154 154 173 173 154 154 174 174 174 174 154 154 153 153 174 174 153 153 197 197 197 197 153 153 169 169 197 197 169 169 148 148 148 148 169 169 168 168 148 148 168 168 150 150 150 150 168 168 167 167 150 150 167 167 152 152 152 152 167 167 161 161 152 152 161 161 164 164 164 164 161 161 163 163 164 164 163 163 165 165 205 205 206 206 207 207 208 208 64 64 209 209 204 204 139 139 210 210 138 138 183 183 211 211 212 212 213 213 214 214 215 215 216 216 217 217 218 218 219 219 220 220 221 221 222 222 223 223 224 224 225 225 226 226 227 227 228 228 226 226 229 229 230 230 231 231 232 232 233 233 234 234 234 234 233 233 235 235 236 236 237 237 225 225 225 225 237 237 238 238 225 225 238 238 226 226 229 229 231 231 239 239 240 240 241 241 224 224 224 224 241 241 242 242 236 236 225 225 243 243 243 243 225 225 224 224 243 243 224 224 231 231 231 231 224 224 242 242 231 231 242 242 239 239 244 244 245 245 234 234 238 238 232 232 226 226 226 226 232 232 234 234 226 226 234 234 227 227 227 227 234 234 245 245 246 246 247 247 235 235 235 235 247 247 248 248 235 235 248 248 234 234 234 234 248 248 249 249 234 234 249 249 244 244 228 228 250 250 226 226 226 226 250 250 251 251 226 226 251 251 224 224 224 224 251 251 252 252 224 224 252 252 240 240 253 253 235 235 254 254 253 253 255 255 235 235 235 235 255 255 256 256 235 235 256 256 246 246 233 233 257 257 235 235 235 235 257 257 258 258 235 235 258 258 254 254 254 254 258 258 259 259 260 260 261 261 262 262 262 262 261 261 263 263 262 262 264 264 260 260 260 260 264 264 265 265 260 260 265 265 266 266 266 266 265 265 267 267 266 266 267 267 268 268 269 269 270 270 271 271 271 271 270 270 272 272 271 271 272 272 273 273 274 274 275 275 276 276 276 276 275 275 277 277 276 276 277 277 278 278 274 274 279 279 275 275 275 275 279 279 280 280 275 275 280 280 272 272 272 272 280 280 281 281 272 272 281 281 273 273 269 269 282 282 270 270 270 270 282 282 283 283 270 270 283 283 261 261 261 261 283 283 284 284 261 261 284 284 263 263 285 285 286 286 287 287 287 287 286 286 288 288 287 287 288 288 289 289 290 290 291 291 292 292 290 290 292 292 293 293 292 292 294 294 293 293 293 293 294 294 295 295 293 293 295 295 287 287 287 287 295 295 296 296 287 287 296 296 285 285 297 297 298 298 299 299 299 299 298 298 300 300 301 301 302 302 303 303 303 303 302 302 304 304 301 301 305 305 302 302 302 302 305 305 306 306 302 302 306 306 299 299 299 299 306 306 307 307 299 299 307 307 297 297 298 298 308 308 300 300 300 300 308 308 309 309 300 300 309 309 290 290 290 290 309 309 310 310 290 290 310 310 291 291 288 288 311 311 289 289 289 289 311 311 312 312 289 289 312 312 277 277 277 277 312 312 313 313 277 277 313 313 278 278 314 314 315 315 254 254 268 268 316 316 266 266 266 266 316 316 317 317 266 266 317 317 318 318 318 318 319 319 266 266 266 266 319 319 320 320 266 266 320 320 321 321 322 322 323 323 324 324 324 324 323 323 304 304 324 324 304 304 325 325 325 325 304 304 302 302 325 325 302 302 326 326 326 326 302 302 299 299 326 326 299 299 327 327 327 327 299 299 300 300 327 327 300 300 328 328 328 328 300 300 290 290 328 328 290 290 329 329 329 329 290 290 293 293 329 329 293 293 330 330 330 330 293 293 287 287 330 330 287 287 331 331 331 331 287 287 289 289 331 331 289 289 332 332 332 332 289 289 277 277 332 332 277 277 333 333 333 333 277 277 275 275 333 333 275 275 334 334 334 334 275 275 272 272 334 334 272 272 335 335 335 335 272 272 270 270 335 335 270 270 336 336 336 336 270 270 261 261 336 336 261 261 337 337 337 337 261 261 260 260 337 337 260 260 259 259 259 259 260 260 266 266 259 259 266 266 254 254 254 254 266 266 321 321 254 254 321 321 314 314 315 315 338 338 254 254 254 254 338 338 339 339 254 254 339 339 253 253 340 340 341 341 342 342 342 342 341 341 343 343 342 342 343 343 322 322 344 344 345 345 346 346 346 346 345 345 217 217 344 344 347 347 348 348 348 348 347 347 349 349 348 348 349 349 340 340 350 350 351 351 352 352 352 352 351 351 353 353 352 352 353 353 354 354 354 354 353 353 355 355 354 354 355 355 356 356 356 356 355 355 357 357 356 356 357 357 358 358 358 358 357 357 359 359 358 358 359 359 360 360 360 360 359 359 214 214 360 360 214 214 361 361 362 362 221 221 363 363 364 364 362 362 365 365 222 222 366 366 367 367 222 222 367 367 223 223 223 223 367 367 368 368 223 223 368 368 369 369 370 370 218 218 371 371 371 371 218 218 220 220 371 371 220 220 372 372 373 373 374 374 323 323 322 322 343 343 323 323 323 323 343 343 375 375 323 323 375 375 373 373 340 340 349 349 341 341 341 341 349 349 376 376 341 341 376 376 377 377 377 377 378 378 341 341 341 341 378 378 379 379 341 341 379 379 343 343 343 343 379 379 380 380 343 343 380 380 375 375 344 344 346 346 347 347 347 347 346 346 381 381 347 347 381 381 382 382 345 345 361 361 217 217 217 217 361 361 214 214 217 217 214 214 215 215 215 215 214 214 213 213 216 216 383 383 217 217 217 217 383 383 384 384 217 217 384 384 346 346 346 346 384 384 385 385 346 346 385 385 381 381 382 382 386 386 347 347 347 347 386 386 387 387 347 347 387 387 349 349 349 349 387 387 388 388 349 349 388 388 376 376 389 389 390 390 353 353 353 353 390 390 391 391 353 353 391 391 355 355 355 355 391 391 392 392 393 393 359 359 394 394 394 394 359 359 357 357 394 394 357 357 395 395 395 395 357 357 396 396 392 392 397 397 355 355 355 355 397 397 398 398 355 355 398 398 357 357 357 357 398 398 399 399 357 357 399 399 396 396 400 400 351 351 401 401 401 401 351 351 350 350 401 401 350 350 372 372 372 372 220 220 401 401 401 401 220 220 402 402 401 401 402 402 403 403 403 403 404 404 401 401 401 401 404 404 405 405 401 401 405 405 400 400 400 400 406 406 351 351 351 351 406 406 407 407 351 351 407 407 353 353 353 353 407 407 408 408 353 353 408 408 389 389 393 393 409 409 359 359 359 359 409 409 410 410 359 359 410 410 214 214 214 214 410 410 411 411 214 214 411 411 212 212 412 412 413 413 414 414 414 414 413 413 415 415 362 362 363 363 365 365 365 365 363 363 414 414 365 365 414 414 416 416 416 416 414 414 415 415 416 416 415 415 417 417 417 417 418 418 416 416 416 416 418 418 419 419 416 416 419 419 420 420 364 364 365 365 421 421 421 421 365 365 416 416 421 421 416 416 422 422 422 422 416 416 420 420 422 422 420 420 423 423 424 424 368 368 425 425 368 368 424 424 369 369 369 369 424 424 426 426 369 369 426 426 427 427 427 427 428 428 369 369 369 369 428 428 429 429 369 369 429 429 430 430 221 221 223 223 363 363 363 363 223 223 369 369 363 363 369 369 414 414 414 414 369 369 430 430 414 414 430 430 412 412 423 423 431 431 422 422 422 422 431 431 432 432 422 422 432 432 433 433 433 433 434 434 422 422 422 422 434 434 435 435 422 422 435 435 436 436 437 437 438 438 219 219 437 437 219 219 439 439 438 438 440 440 219 219 219 219 440 440 441 441 219 219 441 441 442 442 442 442 443 443 219 219 219 219 443 443 444 444 219 219 444 444 220 220 220 220 444 444 445 445 220 220 445 445 402 402 446 446 447 447 448 448 449 449 450 450 451 451 451 451 450 450 452 452 451 451 452 452 447 447 447 447 452 452 453 453 447 447 453 453 448 448 454 454 455 455 456 456 456 456 455 455 457 457 456 456 457 457 458 458 448 448 459 459 446 446 446 446 459 459 460 460 446 446 460 460 461 461 461 461 460 460 462 462 461 461 462 462 454 454 454 454 462 462 463 463 454 454 463 463 455 455 464 464 465 465 466 466 466 466 465 465 467 467 466 466 467 467 468 468 467 467 469 469 468 468 468 468 469 469 470 470 468 468 470 470 471 471 471 471 470 470 472 472 471 471 472 472 473 473 473 473 472 472 474 474 473 473 474 474 475 475 475 475 474 474 476 476 475 475 476 476 477 477 457 457 478 478 458 458 458 458 478 478 479 479 458 458 479 479 464 464 464 464 479 479 480 480 464 464 480 480 465 465 476 476 481 481 477 477 477 477 481 481 482 482 477 477 482 482 483 483 484 484 485 485 486 486 484 484 486 486 487 487 486 486 488 488 487 487 487 487 488 488 489 489 487 487 489 489 490 490 490 490 489 489 491 491 490 490 491 491 492 492 482 482 493 493 483 483 483 483 493 493 494 494 483 483 494 494 495 495 139 139 138 138 210 210 210 210 138 138 211 211 210 210 211 211 492 492 492 492 211 211 496 496 492 492 496 496 490 490 490 490 496 496 497 497 490 490 497 497 487 487 487 487 497 497 498 498 487 487 498 498 484 484 484 484 498 498 499 499 484 484 499 499 370 370 203 203 204 204 500 500 500 500 204 204 210 210 500 500 210 210 501 501 501 501 210 210 492 492 501 501 492 492 502 502 502 502 492 492 491 491 503 503 504 504 208 208 505 505 506 506 507 507 507 507 506 506 508 508 208 208 209 209 503 503 503 503 209 209 509 509 503 503 509 509 510 510 510 510 509 509 511 511 510 510 511 511 508 508 508 508 511 511 512 512 508 508 512 512 507 507 513 513 514 514 515 515 516 516 517 517 518 518 519 519 520 520 521 521 521 521 520 520 522 522 521 521 522 522 517 517 517 517 522 522 523 523 517 517 523 523 518 518 524 524 525 525 526 526 526 526 527 527 524 524 524 524 527 527 528 528 524 524 528 528 529 529 529 529 528 528 530 530 529 529 530 530 531 531 532 532 533 533 534 534 530 530 535 535 531 531 531 531 535 535 536 536 531 531 536 536 537 537 537 537 536 536 538 538 537 537 538 538 533 533 533 533 538 538 539 539 533 533 539 539 534 534 518 518 540 540 516 516 516 516 540 540 541 541 516 516 541 541 542 542 542 542 541 541 543 543 542 542 543 543 525 525 525 525 543 543 544 544 525 525 544 544 526 526 545 545 546 546 547 547 547 547 546 546 548 548 547 547 548 548 549 549 549 549 548 548 550 550 549 549 550 550 551 551 551 551 550 550 552 552 551 551 552 552 519 519 519 519 552 552 553 553 519 519 553 553 520 520 206 206 504 504 207 207 207 207 504 504 503 503 207 207 503 503 554 554 554 554 503 503 510 510 554 554 510 510 555 555 555 555 510 510 508 508 555 555 508 508 556 556 556 556 508 508 506 506 556 556 506 506 557 557 557 557 558 558 556 556 556 556 558 558 559 559 556 556 559 559 555 555 555 555 559 559 560 560 555 555 560 560 554 554 554 554 560 560 561 561 554 554 561 561 207 207 207 207 561 561 562 562 207 207 562 562 205 205 205 205 562 562 563 563 514 514 545 545 515 515 515 515 545 545 547 547 515 515 547 547 564 564 564 564 547 547 549 549 237 237 563 563 238 238 238 238 563 563 562 562 238 238 562 562 232 232 232 232 562 562 561 561 232 232 561 561 233 233 233 233 561 561 560 560 233 233 560 560 257 257 257 257 560 560 559 559 257 257 559 559 258 258 258 258 559 559 558 558 258 258 558 558 259 259 259 259 558 558 557 557 534 534 565 565 532 532 532 532 565 565 566 566 532 532 566 566 567 567 567 567 566 566 568 568 567 567 568 568 449 449 449 449 568 568 569 569 449 449 569 569 450 450 570 570 571 571 425 425 425 425 571 571 572 572 425 425 572 572 424 424 175 175 573 573 176 176 176 176 573 573 574 574 574 574 570 570 176 176 176 176 570 570 425 425 176 176 425 425 177 177 177 177 425 425 368 368 177 177 368 368 178 178 178 178 368 368 367 367 178 178 367 367 180 180 180 180 367 367 366 366 180 180 366 366 182 182 323 323 374 374 575 575 323 323 575 575 304 304 304 304 575 575 576 576 304 304 576 576 303 303 183 183 182 182 211 211 211 211 182 182 366 366 211 211 366 366 496 496 496 496 366 366 222 222 496 496 222 222 497 497 497 497 222 222 221 221 497 497 221 221 498 498 498 498 221 221 362 362 498 498 362 362 499 499 499 499 362 362 364 364 499 499 364 364 370 370 370 370 364 364 421 421 370 370 421 421 218 218 218 218 421 421 422 422 218 218 422 422 219 219 219 219 422 422 436 436 219 219 436 436 439 439 505 505 513 513 506 506 506 506 513 513 515 515 506 506 515 515 557 557 557 557 515 515 564 564 557 557 564 564 259 259 259 259 564 564 549 549 259 259 549 549 337 337 337 337 549 549 551 551 337 337 551 551 336 336 336 336 551 551 519 519 336 336 519 519 335 335 335 335 519 519 521 521 335 335 521 521 334 334 334 334 521 521 517 517 334 334 517 517 333 333 333 333 517 517 516 516 333 333 516 516 332 332 332 332 516 516 542 542 332 332 542 542 331 331 331 331 542 542 525 525 331 331 525 525 330 330 330 330 525 525 524 524 330 330 524 524 329 329 329 329 524 524 529 529 329 329 529 529 328 328 328 328 529 529 531 531 328 328 531 531 327 327 327 327 531 531 537 537 327 327 537 537 326 326 326 326 537 537 533 533 326 326 533 533 325 325 325 325 533 533 532 532 325 325 532 532 324 324 324 324 532 532 567 567 324 324 567 567 322 322 322 322 567 567 449 449 322 322 449 449 342 342 342 342 449 449 451 451 342 342 451 451 340 340 340 340 451 451 447 447 340 340 447 447 348 348 348 348 447 447 446 446 348 348 446 446 344 344 344 344 446 446 461 461 344 344 461 461 345 345 345 345 461 461 454 454 345 345 454 454 361 361 361 361 454 454 456 456 361 361 456 456 360 360 360 360 456 456 458 458 360 360 458 458 358 358 358 358 458 458 464 464 358 358 464 464 356 356 356 356 464 464 466 466 356 356 466 466 354 354 354 354 466 466 468 468 354 354 468 468 352 352 352 352 468 468 471 471 352 352 471 471 350 350 350 350 471 471 473 473 350 350 473 473 372 372 372 372 473 473 475 475 372 372 475 475 371 371 371 371 475 475 477 477 371 371 477 477 370 370 370 370 477 477 483 483 370 370 483 483 484 484 484 484 483 483 495 495 484 484 495 495 485 485 577 577 578 578 579 579 580 580 581 581 582 582 583 583 584 584 585 585 585 585 586 586 583 583 583 583 586 586 587 587 583 583 587 587 588 588 588 588 587 587 589 589 590 590 591 591 592 592 582 582 581 581 593 593 591 591 237 237 236 236 73 73 594 594 595 595 578 578 596 596 595 595 597 597 577 577 598 598 73 73 68 68 594 594 594 594 68 68 67 67 594 594 67 67 599 599 599 599 67 67 66 66 66 66 65 65 599 599 599 599 65 65 64 64 599 599 64 64 208 208 600 600 504 504 206 206 577 577 579 579 598 598 598 598 579 579 601 601 598 598 601 601 602 602 602 602 601 601 600 600 602 602 600 600 603 603 603 603 600 600 206 206 603 603 206 206 205 205 578 578 595 595 579 579 579 579 595 595 594 594 579 579 594 594 601 601 601 601 594 594 599 599 601 601 599 599 600 600 600 600 599 599 208 208 600 600 208 208 504 504 604 604 605 605 77 77 77 77 76 76 604 604 604 604 76 76 69 69 604 604 69 69 70 70 71 71 72 72 596 596 596 596 72 72 75 75 596 596 75 75 595 595 595 595 75 75 74 74 595 595 74 74 73 73 605 605 604 604 606 606 606 606 604 604 607 607 606 606 607 607 608 608 608 608 607 607 609 609 608 608 609 609 586 586 591 591 236 236 592 592 592 592 236 236 243 243 592 592 243 243 231 231 610 610 584 584 611 611 611 611 584 584 583 583 611 611 583 583 612 612 612 612 583 583 588 588 612 612 588 588 613 613 613 613 588 588 589 589 613 613 589 589 614 614 614 614 589 589 593 593 614 614 593 593 615 615 615 615 593 593 581 581 597 597 598 598 616 616 616 616 598 598 602 602 616 616 602 602 617 617 617 617 602 602 603 603 617 617 603 603 618 618 618 618 603 603 205 205 618 618 205 205 563 563 586 586 609 609 587 587 587 587 609 609 619 619 587 587 619 619 589 589 589 589 619 619 620 620 589 589 620 620 593 593 593 593 620 620 590 590 593 593 590 590 582 582 582 582 590 590 592 592 582 582 592 592 580 580 580 580 592 592 231 231 580 580 231 231 230 230 563 563 237 237 618 618 618 618 237 237 591 591 618 618 591 591 617 617 617 617 591 591 590 590 617 617 590 590 616 616 616 616 590 590 620 620 616 616 620 620 597 597 597 597 620 620 619 619 597 597 619 619 577 577 577 577 619 619 609 609 577 577 609 609 578 578 578 578 609 609 607 607 578 578 607 607 596 596 596 596 607 607 604 604 596 596 604 604 71 71 71 71 604 604 70 70 621 621 622 622 623 623 623 623 622 622 624 624 625 625 626 626 627 627 627 627 626 626 628 628 629 629 630 630 631 631 631 631 630 630 632 632 633 633 634 634 635 635 636 636 637 637 638 638 639 639 640 640 641 641 642 642 643 643 644 644 645 645 646 646 647 647 648 648 649 649 650 650 651 651 652 652 653 653 654 654 655 655 656 656 657 657 658 658 659 659 660 660 661 661 662 662 663 663 664 664 665 665 666 666 667 667 668 668 669 669 670 670 671 671 672 672 673 673 674 674 675 675 676 676 677 677 678 678 679 679 680 680 681 681 682 682 683 683 684 684 685 685 686 686 682 682 681 681 687 687 688 688 689 689 690 690 691 691 692 692 693 693 694 694 695 695 696 696 697 697 698 698 699 699 700 700 701 701 702 702 703 703 704 704 705 705 706 706 707 707 708 708 709 709 710 710 711 711 712 712 713 713 714 714 715 715 716 716 717 717 718 718 719 719 720 720 721 721 722 722 723 723 724 724 725 725 726 726 727 727 728 728 729 729 729 729 728 728 730 730 731 731 732 732 733 733 734 734 735 735 736 736 737 737 738 738 739 739 740 740 741 741 742 742 743 743 744 744 745 745 7 7 6 6 746 746 82 82 81 81 747 747 104 104 105 105 748 748 101 101 133 133 749 749 105 105 98 98 748 748 748 748 98 98 99 99 748 748 99 99 749 749 749 749 99 99 100 100 749 749 100 100 101 101 81 81 89 89 747 747 747 747 89 89 136 136 747 747 136 136 750 750 750 750 136 136 135 135 750 750 135 135 134 134 134 134 102 102 750 750 750 750 102 102 103 103 750 750 103 103 104 104 82 82 747 747 751 751 751 751 747 747 752 752 751 751 752 752 753 753 754 754 755 755 756 756 757 757 758 758 759 759 759 759 758 758 754 754 759 759 754 754 760 760 760 760 754 754 756 756 757 757 761 761 752 752 752 752 761 761 762 762 752 752 762 762 753 753 763 763 764 764 754 754 754 754 764 764 765 765 754 754 765 765 755 755 766 766 767 767 768 768 768 768 767 767 769 769 768 768 769 769 770 770 771 771 772 772 768 768 768 768 772 772 773 773 768 768 773 773 766 766 774 774 775 775 771 771 771 771 775 775 776 776 771 771 776 776 772 772 777 777 778 778 779 779 779 779 778 778 780 780 779 779 780 780 774 774 774 774 780 780 781 781 774 774 781 781 775 775 782 782 783 783 784 784 784 784 783 783 785 785 782 782 786 786 783 783 783 783 786 786 787 787 783 783 787 787 788 788 789 789 790 790 785 785 789 789 785 785 791 791 792 792 793 793 794 794 794 794 793 793 795 795 796 796 789 789 797 797 797 797 789 789 798 798 796 796 799 799 789 789 789 789 799 799 800 800 789 789 800 800 790 790 54 54 51 51 801 801 801 801 51 51 50 50 801 801 50 50 794 794 794 794 50 50 802 802 794 794 802 802 792 792 6 6 58 58 803 803 803 803 58 58 57 57 803 803 57 57 56 56 56 56 55 55 803 803 803 803 55 55 52 52 803 803 52 52 801 801 801 801 52 52 53 53 801 801 53 53 54 54 804 804 21 21 805 805 21 21 22 22 805 805 805 805 22 22 23 23 805 805 23 23 746 746 746 746 23 23 20 20 746 746 20 20 7 7 806 806 807 807 808 808 808 808 807 807 809 809 810 810 811 811 808 808 808 808 811 811 812 812 808 808 812 812 806 806 813 813 814 814 815 815 815 815 814 814 816 816 815 815 816 816 817 817 817 817 816 816 818 818 819 819 818 818 820 820 820 820 818 818 816 816 820 820 816 816 821 821 821 821 816 816 814 814 821 821 814 814 810 810 810 810 814 814 813 813 810 810 813 813 811 811 822 822 823 823 820 820 820 820 823 823 824 824 820 820 824 824 819 819 825 825 826 826 822 822 822 822 826 826 827 827 822 822 827 827 823 823 828 828 829 829 830 830 830 830 829 829 825 825 830 830 825 825 831 831 828 828 830 830 832 832 832 832 830 830 833 833 832 832 833 833 834 834 834 834 833 833 835 835 834 834 835 835 836 836 837 837 838 838 835 835 835 835 838 838 839 839 835 835 839 839 836 836 840 840 841 841 842 842 842 842 841 841 843 843 843 843 841 841 844 844 844 844 841 841 845 845 844 844 845 845 846 846 847 847 627 627 848 848 848 848 627 627 628 628 848 848 628 628 849 849 849 849 628 628 850 850 742 742 851 851 852 852 852 852 851 851 853 853 741 741 854 854 742 742 742 742 854 854 855 855 742 742 855 855 851 851 851 851 855 855 856 856 851 851 856 856 853 853 632 632 857 857 631 631 631 631 857 857 858 858 631 631 858 858 859 859 860 860 861 861 862 862 862 862 861 861 863 863 862 862 863 863 864 864 865 865 866 866 867 867 865 865 867 867 868 868 868 868 867 867 869 869 868 868 869 869 870 870 867 867 871 871 869 869 869 869 871 871 872 872 869 869 872 872 873 873 873 873 874 874 869 869 869 869 874 874 875 875 869 869 875 875 870 870 876 876 877 877 878 878 878 878 877 877 879 879 878 878 879 879 880 880 738 738 737 737 878 878 878 878 737 737 881 881 878 878 881 881 876 876 882 882 883 883 884 884 885 885 886 886 887 887 887 887 886 886 736 736 887 887 736 736 888 888 888 888 736 736 735 735 889 889 890 890 734 734 891 891 892 892 893 893 893 893 892 892 894 894 893 893 894 894 889 889 889 889 894 894 895 895 889 889 895 895 890 890 891 891 893 893 896 896 896 896 893 893 897 897 896 896 897 897 898 898 898 898 897 897 899 899 898 898 899 899 900 900 900 900 899 899 901 901 901 901 899 899 902 902 901 901 902 902 903 903 732 732 904 904 733 733 733 733 904 904 905 905 733 733 905 905 902 902 902 902 905 905 906 906 902 902 906 906 903 903 907 907 908 908 909 909 909 909 908 908 731 731 907 907 909 909 910 910 910 910 909 909 911 911 910 910 911 911 912 912 912 912 911 911 913 913 913 913 911 911 914 914 913 913 914 914 915 915 916 916 917 917 914 914 914 914 917 917 918 918 914 914 918 918 915 915 919 919 920 920 921 921 921 921 920 920 922 922 724 724 726 726 923 923 924 924 925 925 726 726 726 726 925 925 926 926 726 726 926 926 923 923 927 927 928 928 924 924 924 924 928 928 929 929 924 924 929 929 925 925 930 930 931 931 932 932 932 932 931 931 933 933 932 932 933 933 924 924 924 924 933 933 934 934 924 924 934 934 927 927 935 935 936 936 937 937 937 937 936 936 938 938 722 722 721 721 935 935 935 935 721 721 939 939 935 935 939 939 936 936 940 940 941 941 723 723 723 723 941 941 942 942 723 723 942 942 721 721 943 943 944 944 945 945 945 945 944 944 946 946 947 947 948 948 949 949 949 949 948 948 950 950 949 949 950 950 943 943 943 943 950 950 951 951 943 943 951 951 944 944 952 952 953 953 954 954 954 954 953 953 947 947 954 954 947 947 955 955 955 955 947 947 949 949 719 719 718 718 954 954 954 954 718 718 956 956 954 954 956 956 952 952 720 720 957 957 958 958 958 958 957 957 959 959 958 958 959 959 960 960 960 960 959 959 961 961 960 960 961 961 962 962 963 963 964 964 961 961 961 961 964 964 965 965 961 961 965 965 962 962 715 715 717 717 966 966 967 967 968 968 969 969 969 969 968 968 714 714 969 969 714 714 970 970 970 970 714 714 713 713 971 971 972 972 973 973 973 973 972 972 974 974 975 975 976 976 977 977 977 977 976 976 978 978 977 977 978 978 979 979 133 133 980 980 981 981 981 981 980 980 975 975 982 982 983 983 984 984 984 984 983 983 985 985 984 984 985 985 986 986 987 987 988 988 989 989 989 989 990 990 987 987 987 987 990 990 991 991 987 987 991 991 985 985 985 985 991 991 992 992 985 985 992 992 986 986 993 993 994 994 988 988 988 988 994 994 995 995 988 988 995 995 989 989 996 996 997 997 998 998 998 998 997 997 999 999 998 998 999 999 993 993 993 993 999 999 1000 1000 993 993 1000 1000 994 994 1001 1001 1002 1002 1003 1003 1003 1003 1002 1002 1004 1004 1003 1003 1004 1004 709 709 1005 1005 1006 1006 1007 1007 1008 1008 1009 1009 1010 1010 1010 1010 1009 1009 1011 1011 1012 1012 1013 1013 1014 1014 1014 1014 1013 1013 1015 1015 1016 1016 1017 1017 1018 1018 1019 1019 1020 1020 1021 1021 1021 1021 1020 1020 1022 1022 1021 1021 1022 1022 1023 1023 1023 1023 1024 1024 1021 1021 1021 1021 1024 1024 1025 1025 1021 1021 1025 1025 1026 1026 1027 1027 1028 1028 1029 1029 1030 1030 1031 1031 1032 1032 1032 1032 1031 1031 1033 1033 1032 1032 1033 1033 1034 1034 1034 1034 1033 1033 1035 1035 1034 1034 1035 1035 1036 1036 1030 1030 1032 1032 1037 1037 1037 1037 1032 1032 1038 1038 1037 1037 1038 1038 1039 1039 1040 1040 1041 1041 705 705 1041 1041 1042 1042 705 705 705 705 1042 1042 1043 1043 705 705 1043 1043 703 703 1044 1044 916 916 1045 1045 1045 1045 916 916 914 914 1045 1045 914 914 1046 1046 1046 1046 914 914 911 911 1046 1046 911 911 1047 1047 1047 1047 911 911 909 909 1047 1047 909 909 1048 1048 1048 1048 909 909 1049 1049 731 731 733 733 909 909 909 909 733 733 1050 1050 909 909 1050 1050 1049 1049 897 897 1051 1051 899 899 899 899 1051 1051 1052 1052 899 899 1052 1052 902 902 902 902 1052 1052 1053 1053 902 902 1053 1053 733 733 733 733 1053 1053 1054 1054 733 733 1054 1054 1050 1050 1055 1055 1056 1056 897 897 897 897 1056 1056 1057 1057 897 897 1057 1057 1051 1051 1055 1055 897 897 1058 1058 1058 1058 897 897 893 893 1058 1058 893 893 1059 1059 1059 1059 893 893 889 889 1059 1059 889 889 1060 1060 734 734 736 736 889 889 889 889 736 736 1061 1061 889 889 1061 1061 1060 1060 1062 1062 886 886 882 882 882 882 886 886 885 885 882 882 885 885 883 883 1062 1062 1063 1063 886 886 886 886 1063 1063 1064 1064 886 886 1064 1064 736 736 736 736 1064 1064 1065 1065 736 736 1065 1065 1061 1061 1066 1066 1067 1067 1068 1068 1068 1068 1067 1067 1069 1069 1068 1068 1069 1069 1070 1070 1070 1070 1069 1069 1071 1071 1070 1070 1071 1071 882 882 882 882 1071 1071 1072 1072 882 882 1072 1072 1062 1062 1073 1073 1074 1074 1075 1075 1075 1075 1074 1074 1076 1076 1077 1077 1078 1078 1073 1073 1079 1079 1080 1080 1077 1077 1077 1077 1080 1080 1081 1081 1077 1077 1081 1081 1078 1078 1082 1082 1083 1083 1084 1084 1084 1084 1083 1083 1085 1085 1084 1084 1085 1085 1079 1079 1079 1079 1085 1085 1086 1086 1079 1079 1086 1086 1080 1080 1087 1087 1088 1088 1089 1089 1089 1089 1088 1088 1090 1090 1089 1089 1090 1090 1091 1091 1092 1092 1093 1093 1094 1094 1092 1092 1094 1094 1095 1095 1095 1095 1094 1094 1096 1096 1095 1095 1096 1096 1097 1097 1096 1096 1098 1098 1097 1097 1097 1097 1098 1098 1099 1099 1097 1097 1099 1099 1100 1100 1100 1100 1099 1099 1101 1101 1100 1100 1101 1101 1090 1090 1090 1090 1101 1101 1102 1102 1090 1090 1102 1102 1091 1091 1093 1093 1092 1092 1103 1103 1103 1103 1092 1092 1104 1104 1103 1103 1104 1104 1105 1105 1105 1105 1104 1104 1106 1106 1105 1105 1106 1106 1107 1107 1108 1108 1109 1109 1110 1110 1110 1110 1109 1109 1111 1111 1110 1110 1111 1111 1112 1112 1112 1112 1111 1111 1113 1113 1112 1112 1113 1113 1114 1114 1114 1114 1113 1113 1115 1115 1114 1114 1115 1115 1106 1106 1106 1106 1115 1115 1116 1116 1106 1106 1116 1116 1107 1107 699 699 698 698 1110 1110 1110 1110 698 698 1117 1117 1110 1110 1117 1117 1108 1108 697 697 699 699 1118 1118 1118 1118 699 699 1119 1119 1118 1118 1119 1119 1120 1120 1120 1120 1119 1119 1121 1121 1120 1120 1121 1121 1122 1122 1122 1122 1121 1121 1123 1123 1123 1123 1121 1121 1124 1124 1123 1123 1124 1124 1125 1125 1126 1126 1127 1127 1124 1124 1124 1124 1127 1127 1128 1128 1124 1124 1128 1128 1125 1125 982 982 1129 1129 983 983 983 983 1129 1129 1130 1130 983 983 1130 1130 1131 1131 1131 1131 1130 1130 1132 1132 1131 1131 1132 1132 1133 1133 1133 1133 1132 1132 1134 1134 1133 1133 1134 1134 1126 1126 1126 1126 1134 1134 1135 1135 1126 1126 1135 1135 1127 1127 770 770 764 764 768 768 768 768 764 764 763 763 768 768 763 763 771 771 771 771 763 763 1136 1136 771 771 1136 1136 774 774 774 774 1136 1136 1137 1137 774 774 1137 1137 779 779 1138 1138 1139 1139 1140 1140 1141 1141 1142 1142 1143 1143 1141 1141 1140 1140 1144 1144 1145 1145 1146 1146 1147 1147 1147 1147 1146 1146 1148 1148 1147 1147 1148 1148 1149 1149 1149 1149 1150 1150 1147 1147 1147 1147 1150 1150 1151 1151 1147 1147 1151 1151 1141 1141 1141 1141 1151 1151 1152 1152 1141 1141 1152 1152 1142 1142 974 974 1153 1153 973 973 973 973 1153 1153 712 712 973 973 712 712 1154 1154 1154 1154 712 712 714 714 1154 1154 714 714 1155 1155 1155 1155 1156 1156 1154 1154 1154 1154 1156 1156 1157 1157 1154 1154 1157 1157 973 973 973 973 1157 1157 979 979 973 973 979 979 971 971 971 971 979 979 978 978 1158 1158 1159 1159 1160 1160 1141 1141 1144 1144 1147 1147 1147 1147 1144 1144 1161 1161 1147 1147 1161 1161 1145 1145 1145 1145 1161 1161 1162 1162 1145 1145 1162 1162 1160 1160 1160 1160 1162 1162 1163 1163 1160 1160 1163 1163 1158 1158 1164 1164 1165 1165 1166 1166 1167 1167 1168 1168 1169 1169 1169 1169 1170 1170 1167 1167 1167 1167 1170 1170 1171 1171 1167 1167 1171 1171 1163 1163 1163 1163 1171 1171 1172 1172 1163 1163 1172 1172 1158 1158 1159 1159 1173 1173 1160 1160 1160 1160 1173 1173 1174 1174 1160 1160 1174 1174 1145 1145 1145 1145 1174 1174 1175 1175 1145 1145 1175 1175 1146 1146 1176 1176 1177 1177 1178 1178 967 967 1179 1179 968 968 968 968 1179 1179 1180 1180 968 968 1180 1180 714 714 714 714 1180 1180 1181 1181 714 714 1181 1181 1155 1155 1155 1155 1181 1181 1182 1182 1155 1155 1182 1182 1156 1156 1156 1156 1182 1182 1183 1183 1156 1156 1183 1183 1184 1184 689 689 688 688 1185 1185 1185 1185 688 688 1186 1186 1185 1185 1186 1186 1187 1187 975 975 977 977 981 981 981 981 977 977 979 979 981 981 979 979 1188 1188 1188 1188 979 979 1157 1157 1188 1188 1157 1157 1189 1189 1189 1189 1157 1157 1156 1156 1189 1189 1156 1156 1190 1190 1190 1190 1156 1156 1184 1184 1190 1190 1184 1184 1191 1191 133 133 981 981 749 749 749 749 981 981 1188 1188 749 749 1188 1188 1192 1192 1192 1192 1188 1188 1189 1189 1192 1192 1189 1189 1193 1193 1193 1193 1189 1189 1190 1190 1193 1193 1190 1190 1194 1194 1194 1194 1190 1190 1191 1191 1194 1194 1191 1191 1195 1195 104 104 748 748 750 750 750 750 748 748 749 749 750 750 749 749 1196 1196 1196 1196 749 749 1192 1192 1196 1196 1192 1192 1197 1197 1197 1197 1192 1192 1193 1193 1197 1197 1193 1193 1198 1198 1198 1198 1193 1193 1194 1194 1198 1198 1194 1194 1199 1199 1199 1199 1194 1194 1195 1195 1199 1199 1195 1195 1200 1200 1201 1201 1200 1200 1202 1202 1202 1202 1200 1200 1195 1195 1202 1202 1195 1195 1203 1203 1203 1203 1195 1195 1191 1191 1203 1203 1191 1191 1204 1204 1204 1204 1191 1191 1184 1184 1204 1204 1184 1184 1205 1205 1205 1205 1184 1184 1183 1183 1205 1205 1183 1183 1206 1206 1206 1206 1183 1183 1182 1182 1206 1206 1182 1182 1207 1207 1207 1207 1182 1182 1181 1181 1207 1207 1181 1181 1208 1208 1208 1208 1181 1181 1180 1180 1208 1208 1180 1180 1209 1209 1210 1210 1201 1201 1211 1211 1211 1211 1201 1201 1202 1202 1211 1211 1202 1202 1212 1212 1212 1212 1202 1202 1203 1203 1212 1212 1203 1203 1213 1213 1213 1213 1203 1203 1204 1204 1213 1213 1204 1204 1187 1187 1187 1187 1204 1204 1205 1205 1187 1187 1205 1205 1185 1185 1185 1185 1205 1205 1206 1206 1185 1185 1206 1206 689 689 689 689 1206 1206 1207 1207 689 689 1207 1207 690 690 690 690 1207 1207 1208 1208 690 690 1208 1208 1214 1214 1214 1214 1208 1208 1209 1209 1214 1214 1209 1209 1215 1215 692 692 691 691 1216 1216 1216 1216 691 691 1217 1217 1216 1216 1217 1217 1218 1218 1219 1219 1220 1220 1221 1221 1221 1221 1220 1220 687 687 1222 1222 1210 1210 1223 1223 1223 1223 1210 1210 1211 1211 1223 1223 1211 1211 1224 1224 1224 1224 1211 1211 1212 1212 1224 1224 1212 1212 1225 1225 1225 1225 1212 1212 1213 1213 1225 1225 1213 1213 1218 1218 1218 1218 1213 1213 1187 1187 1218 1218 1187 1187 1216 1216 1216 1216 1187 1187 1186 1186 1216 1216 1186 1186 692 692 692 692 1186 1186 688 688 692 692 688 688 693 693 693 693 688 688 690 690 693 693 690 690 1226 1226 1226 1226 690 690 1214 1214 1226 1226 1214 1214 1227 1227 1227 1227 1214 1214 1215 1215 1227 1227 1215 1215 1228 1228 1229 1229 1230 1230 686 686 686 686 1230 1230 1231 1231 686 686 1231 1231 1232 1232 1166 1166 1165 1165 1233 1233 1233 1233 1165 1165 1234 1234 1233 1233 1234 1234 1232 1232 1232 1232 1234 1234 1235 1235 1232 1232 1235 1235 686 686 686 686 1235 1235 1236 1236 686 686 1236 1236 684 684 757 757 752 752 758 758 758 758 752 752 747 747 758 758 747 747 1237 1237 1237 1237 747 747 750 750 1237 1237 750 750 1238 1238 1238 1238 750 750 1196 1196 1238 1238 1196 1196 1239 1239 1239 1239 1196 1196 1197 1197 1239 1239 1197 1197 1240 1240 1240 1240 1197 1197 1198 1198 1240 1240 1198 1198 1241 1241 1241 1241 1198 1198 1199 1199 1241 1241 1199 1199 1242 1242 1242 1242 1199 1199 1200 1200 1242 1242 1200 1200 1243 1243 1243 1243 1200 1200 1201 1201 1243 1243 1201 1201 1244 1244 1244 1244 1201 1201 1210 1210 1244 1244 1210 1210 1245 1245 1245 1245 1210 1210 1222 1222 1245 1245 1222 1222 1246 1246 1246 1246 1222 1222 1247 1247 1246 1246 1247 1247 1248 1248 1248 1248 1247 1247 1249 1249 1248 1248 1249 1249 1250 1250 1251 1251 1252 1252 1253 1253 1253 1253 1252 1252 1254 1254 1253 1253 1254 1254 1255 1255 1255 1255 1256 1256 1253 1253 1253 1253 1256 1256 685 685 1253 1253 685 685 1257 1257 1257 1257 685 685 684 684 1256 1256 1258 1258 685 685 685 685 1258 1258 1259 1259 685 685 1259 1259 686 686 686 686 1259 1259 1260 1260 686 686 1260 1260 1229 1229 1261 1261 1262 1262 1263 1263 1263 1263 1262 1262 1264 1264 1263 1263 1264 1264 1265 1265 1265 1265 1264 1264 1266 1266 1265 1265 1266 1266 1267 1267 1267 1267 1266 1266 1268 1268 1267 1267 1268 1268 1269 1269 1269 1269 1268 1268 1270 1270 1269 1269 1270 1270 1271 1271 1271 1271 1272 1272 1269 1269 1269 1269 1272 1272 1273 1273 1269 1269 1273 1273 1267 1267 1267 1267 1273 1273 1274 1274 1267 1267 1274 1274 1265 1265 1265 1265 1274 1274 1275 1275 1265 1265 1275 1275 1263 1263 1263 1263 1275 1275 1276 1276 1263 1263 1276 1276 1261 1261 1261 1261 1276 1276 1277 1277 1278 1278 1279 1279 1280 1280 1280 1280 1279 1279 1281 1281 1280 1280 1281 1281 1282 1282 1282 1282 1281 1281 1283 1283 1282 1282 1283 1283 1284 1284 1284 1284 1283 1283 1285 1285 1284 1284 1285 1285 1286 1286 1286 1286 1285 1285 681 681 1286 1286 681 681 1287 1287 1287 1287 681 681 683 683 1287 1287 683 683 679 679 1288 1288 1278 1278 1289 1289 1289 1289 1278 1278 1280 1280 1289 1289 1280 1280 1290 1290 1290 1290 1280 1280 1282 1282 1290 1290 1282 1282 1291 1291 1291 1291 1282 1282 1284 1284 1291 1291 1284 1284 1292 1292 1292 1292 1284 1284 1286 1286 1292 1292 1286 1286 1293 1293 1293 1293 1286 1286 1287 1287 1272 1272 1294 1294 1273 1273 1273 1273 1294 1294 1295 1295 1273 1273 1295 1295 1274 1274 1274 1274 1295 1295 1296 1296 1274 1274 1296 1296 1275 1275 1275 1275 1296 1296 1297 1297 1275 1275 1297 1297 1276 1276 1276 1276 1297 1297 1298 1298 1276 1276 1298 1298 1277 1277 1277 1277 1298 1298 1299 1299 679 679 678 678 1287 1287 1287 1287 678 678 1300 1300 1287 1287 1300 1300 1293 1293 1293 1293 1300 1300 1301 1301 1293 1293 1301 1301 1292 1292 1292 1292 1301 1301 1302 1302 1292 1292 1302 1302 1291 1291 1291 1291 1302 1302 1303 1303 1291 1291 1303 1303 1290 1290 1290 1290 1303 1303 1304 1304 1290 1290 1304 1304 1289 1289 1289 1289 1304 1304 1305 1305 1289 1289 1305 1305 1288 1288 678 678 1306 1306 1300 1300 1300 1300 1306 1306 1307 1307 1300 1300 1307 1307 1301 1301 1301 1301 1307 1307 1308 1308 1301 1301 1308 1308 1302 1302 1302 1302 1308 1308 1309 1309 1302 1302 1309 1309 1303 1303 1303 1303 1309 1309 1310 1310 1303 1303 1310 1310 1304 1304 1304 1304 1310 1310 1311 1311 1304 1304 1311 1311 1305 1305 1312 1312 1313 1313 1314 1314 1314 1314 1313 1313 1315 1315 1314 1314 1315 1315 1316 1316 1314 1314 1317 1317 1318 1318 680 680 677 677 678 678 678 678 677 677 1319 1319 678 678 1319 1319 1306 1306 1306 1306 1319 1319 1320 1320 1306 1306 1320 1320 1307 1307 1307 1307 1320 1320 1321 1321 1307 1307 1321 1321 1308 1308 1308 1308 1321 1321 1322 1322 1308 1308 1322 1322 1309 1309 1309 1309 1322 1322 1323 1323 1309 1309 1323 1323 1310 1310 1310 1310 1323 1323 1324 1324 1310 1310 1324 1324 1311 1311 1311 1311 1324 1324 1318 1318 1311 1311 1318 1318 1305 1305 1305 1305 1318 1318 1317 1317 1305 1305 1317 1317 1288 1288 1288 1288 1317 1317 1325 1325 1288 1288 1325 1325 1278 1278 1278 1278 1325 1325 1326 1326 1278 1278 1326 1326 1279 1279 1327 1327 1328 1328 670 670 670 670 1328 1328 1329 1329 670 670 1329 1329 671 671 671 671 1329 1329 1330 1330 676 676 675 675 1331 1331 1331 1331 675 675 1332 1332 1331 1331 1332 1332 1333 1333 1333 1333 1332 1332 1334 1334 1333 1333 1334 1334 1335 1335 1335 1335 1334 1334 1336 1336 1335 1335 1336 1336 1337 1337 1337 1337 1336 1336 1338 1338 1337 1337 1338 1338 1339 1339 1339 1339 1338 1338 1340 1340 1339 1339 1340 1340 669 669 669 669 1340 1340 1341 1341 669 669 1341 1341 670 670 1330 1330 1342 1342 671 671 671 671 1342 1342 1343 1343 671 671 1343 1343 1344 1344 677 677 676 676 1319 1319 1319 1319 676 676 1331 1331 1319 1319 1331 1331 1320 1320 1320 1320 1331 1331 1333 1333 1320 1320 1333 1333 1321 1321 1321 1321 1333 1333 1335 1335 1321 1321 1335 1335 1322 1322 1322 1322 1335 1335 1337 1337 1322 1322 1337 1337 1323 1323 1323 1323 1337 1337 1339 1339 1323 1323 1339 1339 1324 1324 1324 1324 1339 1339 669 669 1324 1324 669 669 1318 1318 1318 1318 669 669 671 671 1318 1318 671 671 1314 1314 1314 1314 671 671 1344 1344 1314 1314 1344 1344 1312 1312 680 680 661 661 677 677 677 677 661 661 660 660 677 677 660 660 675 675 675 675 660 660 1345 1345 675 675 1345 1345 1332 1332 1332 1332 1345 1345 1346 1346 1332 1332 1346 1346 1334 1334 1334 1334 1346 1346 1347 1347 1334 1334 1347 1347 1336 1336 1336 1336 1347 1347 1348 1348 1336 1336 1348 1348 1338 1338 1338 1338 1348 1348 1349 1349 1338 1338 1349 1349 1340 1340 1340 1340 1349 1349 1350 1350 1340 1340 1350 1350 1341 1341 1351 1351 1299 1299 1352 1352 1352 1352 1299 1299 1298 1298 1352 1352 1298 1298 1353 1353 1353 1353 1298 1298 1297 1297 1353 1353 1297 1297 1354 1354 1354 1354 1297 1297 1296 1296 1354 1354 1296 1296 1355 1355 1355 1355 1296 1296 1295 1295 1355 1355 1295 1295 1356 1356 1356 1356 1295 1295 1294 1294 1357 1357 1358 1358 1359 1359 1359 1359 1358 1358 1360 1360 1359 1359 1360 1360 1167 1167 1167 1167 1360 1360 1361 1361 1167 1167 1361 1361 1168 1168 1139 1139 1362 1362 1140 1140 1140 1140 1362 1362 1363 1363 1140 1140 1363 1363 1144 1144 1144 1144 1363 1363 1364 1364 1144 1144 1364 1364 1161 1161 1161 1161 1364 1364 1365 1365 1161 1161 1365 1365 1162 1162 1162 1162 1365 1365 1366 1366 1162 1162 1366 1366 1163 1163 1163 1163 1366 1366 1367 1367 1163 1163 1367 1367 1167 1167 1167 1167 1367 1367 1164 1164 1167 1167 1164 1164 1359 1359 1359 1359 1164 1164 1166 1166 1359 1359 1166 1166 1357 1357 1231 1231 1368 1368 1232 1232 1232 1232 1368 1368 1369 1369 1232 1232 1369 1369 1233 1233 1233 1233 1369 1369 1370 1370 1233 1233 1370 1370 1166 1166 1166 1166 1370 1370 1371 1371 1166 1166 1371 1371 1357 1357 1372 1372 1373 1373 1374 1374 1374 1374 1373 1373 1375 1375 1374 1374 1375 1375 1376 1376 1377 1377 667 667 1378 1378 1378 1378 667 667 666 666 1378 1378 666 666 1379 1379 659 659 658 658 1380 1380 1380 1380 658 658 1381 1381 1380 1380 1381 1381 1382 1382 1382 1382 1381 1381 1383 1383 1382 1382 1383 1383 1384 1384 1384 1384 1383 1383 1385 1385 1384 1384 1385 1385 1386 1386 1386 1386 1385 1385 1387 1387 1386 1386 1387 1387 1388 1388 1388 1388 1387 1387 1389 1389 1388 1388 1389 1389 1390 1390 1390 1390 1389 1389 1176 1176 1390 1390 1176 1176 1391 1391 1391 1391 1176 1176 1178 1178 1391 1391 1178 1178 1392 1392 1392 1392 1178 1178 1393 1393 1392 1392 1393 1393 1394 1394 1395 1395 668 668 1396 1396 1396 1396 668 668 667 667 1396 1396 667 667 1397 1397 1397 1397 667 667 1377 1377 1397 1397 1377 1377 1398 1398 1399 1399 1400 1400 1401 1401 665 665 664 664 1402 1402 1402 1402 664 664 1400 1400 1402 1402 1400 1400 1403 1403 1403 1403 1400 1400 1399 1399 1403 1403 1399 1399 1375 1375 1375 1375 1399 1399 1404 1404 1375 1375 1404 1404 1376 1376 1405 1405 1406 1406 1407 1407 1407 1407 1406 1406 1408 1408 1407 1407 1408 1408 1409 1409 1271 1271 1410 1410 1272 1272 1272 1272 1410 1410 1411 1411 1272 1272 1411 1411 1294 1294 1294 1294 1411 1411 1412 1412 1294 1294 1412 1412 1356 1356 1356 1356 1412 1412 1413 1413 1356 1356 1413 1413 1355 1355 1355 1355 1413 1413 1414 1414 1355 1355 1414 1414 1354 1354 1354 1354 1414 1414 1415 1415 1354 1354 1415 1415 1353 1353 1353 1353 1415 1415 1416 1416 1353 1353 1416 1416 1352 1352 1352 1352 1416 1416 1417 1417 1352 1352 1417 1417 1351 1351 1351 1351 1417 1417 1418 1418 1410 1410 1177 1177 1411 1411 1411 1411 1177 1177 1176 1176 1411 1411 1176 1176 1412 1412 1412 1412 1176 1176 1389 1389 1412 1412 1389 1389 1413 1413 1413 1413 1389 1389 1387 1387 1413 1413 1387 1387 1414 1414 1414 1414 1387 1387 1385 1385 1414 1414 1385 1385 1415 1415 1415 1415 1385 1385 1383 1383 1415 1415 1383 1383 1416 1416 1416 1416 1383 1383 1381 1381 1416 1416 1381 1381 1417 1417 1417 1417 1381 1381 658 658 1417 1417 658 658 1418 1418 1418 1418 658 658 657 657 1419 1419 1420 1420 1421 1421 1422 1422 1420 1420 1423 1423 1423 1423 1420 1420 1419 1419 1423 1423 1419 1419 1424 1424 1425 1425 1426 1426 1427 1427 1427 1427 1426 1426 1428 1428 1427 1427 1428 1428 1429 1429 1429 1429 1428 1428 1430 1430 1429 1429 1430 1430 1431 1431 1432 1432 1433 1433 1434 1434 1434 1434 1433 1433 651 651 1434 1434 651 651 1435 1435 1435 1435 651 651 653 653 1401 1401 1400 1400 1436 1436 1436 1436 1400 1400 664 664 1436 1436 664 664 1409 1409 1409 1409 664 664 663 663 1409 1409 663 663 1407 1407 1407 1407 663 663 1437 1437 1407 1407 1437 1437 1405 1405 665 665 1438 1438 663 663 663 663 1438 1438 1439 1439 663 663 1439 1439 1437 1437 1437 1437 1439 1439 1440 1440 1437 1437 1440 1440 1405 1405 1405 1405 1440 1440 1441 1441 1405 1405 1441 1441 1406 1406 1442 1442 652 652 1431 1431 1431 1431 652 652 651 651 1431 1431 651 651 1429 1429 1429 1429 651 651 1433 1433 1429 1429 1433 1433 1427 1427 1427 1427 1433 1433 1432 1432 1427 1427 1432 1432 1425 1425 1443 1443 1444 1444 1445 1445 1446 1446 1447 1447 1448 1448 1449 1449 1450 1450 1451 1451 1451 1451 1450 1450 1452 1452 1451 1451 1452 1452 1453 1453 1453 1453 1452 1452 1454 1454 1453 1453 1454 1454 1455 1455 1456 1456 1449 1449 1446 1446 1446 1446 1449 1449 1451 1451 1446 1446 1451 1451 1447 1447 1447 1447 1451 1451 1453 1453 1447 1447 1453 1453 1457 1457 1457 1457 1453 1453 1455 1455 1457 1457 1455 1455 1458 1458 1459 1459 1460 1460 1461 1461 1461 1461 1460 1460 1462 1462 1461 1461 1462 1462 1463 1463 1463 1463 1462 1462 1464 1464 1463 1463 1464 1464 1465 1465 1465 1465 1464 1464 1466 1466 1465 1465 1466 1466 1467 1467 1467 1467 1466 1466 1468 1468 1467 1467 1468 1468 1469 1469 1469 1469 1468 1468 1470 1470 1469 1469 1470 1470 1471 1471 1472 1472 1473 1473 1474 1474 1474 1474 1473 1473 1475 1475 1474 1474 1475 1475 1476 1476 1476 1476 1475 1475 1477 1477 1476 1476 1477 1477 1478 1478 1478 1478 1477 1477 1479 1479 1478 1478 1479 1479 1480 1480 1480 1480 1479 1479 1481 1481 1480 1480 1481 1481 1482 1482 1482 1482 1481 1481 1483 1483 1482 1482 1483 1483 654 654 1484 1484 1485 1485 1486 1486 1486 1486 1485 1485 1487 1487 1486 1486 1487 1487 1488 1488 1488 1488 1487 1487 1489 1489 1488 1488 1489 1489 1490 1490 1490 1490 1489 1489 1491 1491 1490 1490 1491 1491 1492 1492 1492 1492 1491 1491 656 656 1492 1492 656 656 1493 1493 1493 1493 656 656 655 655 1493 1493 655 655 1494 1494 1495 1495 1496 1496 1497 1497 1497 1497 1496 1496 1498 1498 1497 1497 1498 1498 1499 1499 1420 1420 1471 1471 1421 1421 1421 1421 1471 1471 1470 1470 1421 1421 1470 1470 1500 1500 1500 1500 1470 1470 1468 1468 1500 1500 1468 1468 1501 1501 1501 1501 1468 1468 1466 1466 1501 1501 1466 1466 1502 1502 1502 1502 1466 1466 1464 1464 1502 1502 1464 1464 1503 1503 1503 1503 1464 1464 1462 1462 1503 1503 1462 1462 1504 1504 1504 1504 1462 1462 1460 1460 1504 1504 1460 1460 1505 1505 1505 1505 1460 1460 1459 1459 1505 1505 1459 1459 1506 1506 1506 1506 1459 1459 1497 1497 1506 1506 1497 1497 1507 1507 1507 1507 1497 1497 1499 1499 1507 1507 1499 1499 1508 1508 1509 1509 1510 1510 1511 1511 654 654 656 656 1482 1482 1482 1482 656 656 1491 1491 1482 1482 1491 1491 1480 1480 1480 1480 1491 1491 1489 1489 1480 1480 1489 1489 1478 1478 1478 1478 1489 1489 1487 1487 1478 1478 1487 1487 1476 1476 1476 1476 1487 1487 1485 1485 1476 1476 1485 1485 1474 1474 1474 1474 1485 1485 1484 1484 1474 1474 1484 1484 1472 1472 1472 1472 1484 1484 1509 1509 1472 1472 1509 1509 1512 1512 1512 1512 1509 1509 1511 1511 1512 1512 1511 1511 1513 1513 1513 1513 1514 1514 1512 1512 1512 1512 1514 1514 1515 1515 1512 1512 1515 1515 1516 1516 1494 1494 655 655 1422 1422 1422 1422 655 655 654 654 1422 1422 654 654 1420 1420 1420 1420 654 654 1483 1483 1420 1420 1483 1483 1471 1471 1471 1471 1483 1483 1481 1481 1471 1471 1481 1481 1469 1469 1469 1469 1481 1481 1479 1479 1469 1469 1479 1479 1467 1467 1467 1467 1479 1479 1477 1477 1467 1467 1477 1477 1465 1465 1465 1465 1477 1477 1475 1475 1465 1465 1475 1475 1463 1463 1463 1463 1475 1475 1473 1473 1463 1463 1473 1473 1461 1461 1461 1461 1473 1473 1472 1472 1461 1461 1472 1472 1459 1459 1459 1459 1472 1472 1512 1512 1459 1459 1512 1512 1497 1497 1497 1497 1512 1512 1516 1516 1497 1497 1516 1516 1495 1495 1517 1517 1518 1518 1519 1519 1519 1519 1518 1518 1520 1520 1519 1519 1520 1520 1521 1521 1521 1521 1520 1520 1522 1522 1521 1521 1522 1522 1523 1523 1523 1523 1522 1522 1443 1443 1523 1523 1443 1443 1524 1524 1524 1524 1443 1443 1445 1445 1524 1524 1445 1445 1456 1456 1448 1448 1447 1447 1525 1525 1525 1525 1447 1447 1457 1457 1525 1525 1457 1457 1526 1526 1526 1526 1457 1457 1458 1458 1526 1526 1458 1458 1527 1527 1528 1528 1529 1529 1530 1530 1530 1530 1529 1529 1531 1531 1532 1532 1533 1533 1534 1534 1456 1456 1446 1446 1524 1524 1524 1524 1446 1446 1448 1448 1524 1524 1448 1448 1523 1523 1523 1523 1448 1448 1525 1525 1523 1523 1525 1525 1521 1521 1521 1521 1525 1525 1526 1526 1521 1521 1526 1526 1519 1519 1519 1519 1526 1526 1527 1527 1519 1519 1527 1527 1517 1517 1517 1517 1527 1527 1532 1532 1517 1517 1532 1532 1535 1535 1535 1535 1532 1532 1534 1534 1535 1535 1534 1534 1536 1536 1530 1530 1537 1537 1538 1538 1530 1530 1538 1538 1528 1528 1528 1528 1538 1538 1539 1539 1528 1528 1539 1539 1540 1540 1541 1541 1531 1531 1542 1542 1542 1542 1531 1531 1529 1529 1542 1542 1529 1529 1543 1543 1543 1543 1529 1529 1528 1528 1543 1543 1528 1528 650 650 650 650 1528 1528 1540 1540 650 650 1540 1540 648 648 649 649 1544 1544 650 650 650 650 1544 1544 1545 1545 650 650 1545 1545 1546 1546 1454 1454 1541 1541 1455 1455 1455 1455 1541 1541 1542 1542 1455 1455 1542 1542 1458 1458 1458 1458 1542 1542 1543 1543 1458 1458 1543 1543 1527 1527 1527 1527 1543 1543 650 650 1527 1527 650 650 1532 1532 1532 1532 650 650 1546 1546 1532 1532 1546 1546 1533 1533 1536 1536 1547 1547 1535 1535 1535 1535 1547 1547 1548 1548 1535 1535 1548 1548 1549 1549 1494 1494 1444 1444 1493 1493 1493 1493 1444 1444 1443 1443 1493 1493 1443 1443 1492 1492 1492 1492 1443 1443 1522 1522 1492 1492 1522 1522 1490 1490 1490 1490 1522 1522 1520 1520 1490 1490 1520 1520 1488 1488 1488 1488 1520 1520 1518 1518 1488 1488 1518 1518 1486 1486 1486 1486 1518 1518 1517 1517 1486 1486 1517 1517 1484 1484 1484 1484 1517 1517 1535 1535 1484 1484 1535 1535 1509 1509 1509 1509 1535 1535 1549 1549 1509 1509 1549 1549 1510 1510 825 825 822 822 831 831 831 831 822 822 820 820 831 831 820 820 1550 1550 1550 1550 820 820 821 821 1550 1550 821 821 1551 1551 1552 1552 1553 1553 1554 1554 809 809 1555 1555 808 808 808 808 1555 1555 1556 1556 808 808 1556 1556 810 810 810 810 1556 1556 1552 1552 810 810 1552 1552 821 821 821 821 1552 1552 1554 1554 821 821 1554 1554 1551 1551 1553 1553 1552 1552 1557 1557 1557 1557 1552 1552 1556 1556 1557 1557 1556 1556 1558 1558 1558 1558 1556 1556 1555 1555 1558 1558 1555 1555 805 805 805 805 1555 1555 809 809 805 805 809 809 804 804 6 6 803 803 746 746 746 746 803 803 1559 1559 746 746 1559 1559 805 805 805 805 1559 1559 1560 1560 805 805 1560 1560 1558 1558 1558 1558 1560 1560 645 645 1558 1558 645 645 1557 1557 1557 1557 645 645 647 647 1557 1557 647 647 1553 1553 646 646 645 645 1561 1561 1561 1561 645 645 1560 1560 1561 1561 1560 1560 1562 1562 1562 1562 1560 1560 1559 1559 1562 1562 1559 1559 1563 1563 1563 1563 1559 1559 803 803 1563 1563 803 803 1564 1564 1564 1564 803 803 801 801 1564 1564 801 801 1565 1565 1565 1565 801 801 794 794 1565 1565 794 794 798 798 798 798 794 794 795 795 798 798 795 795 797 797 1566 1566 643 643 1567 1567 1567 1567 643 643 642 642 1567 1567 642 642 1568 1568 1569 1569 1566 1566 1570 1570 1570 1570 1566 1566 1567 1567 1570 1570 1567 1567 1571 1571 1571 1571 1567 1567 1568 1568 1571 1571 1568 1568 1572 1572 1573 1573 1569 1569 1574 1574 1574 1574 1569 1569 1570 1570 1574 1574 1570 1570 1575 1575 1575 1575 1570 1570 1571 1571 1575 1575 1571 1571 1576 1576 1576 1576 1571 1571 1577 1577 1578 1578 1579 1579 1580 1580 1580 1580 1579 1579 1581 1581 1578 1578 1582 1582 1579 1579 1579 1579 1582 1582 1572 1572 1579 1579 1572 1572 1583 1583 1583 1583 1572 1572 1568 1568 1582 1582 1584 1584 1572 1572 1572 1572 1584 1584 1585 1585 1572 1572 1585 1585 1571 1571 1571 1571 1585 1585 1586 1586 1571 1571 1586 1586 1577 1577 1587 1587 1588 1588 1589 1589 1589 1589 1588 1588 1579 1579 1589 1589 1579 1579 1590 1590 1590 1590 1579 1579 1583 1583 1591 1591 1587 1587 1592 1592 1592 1592 1587 1587 1589 1589 1592 1592 1589 1589 1593 1593 1593 1593 1589 1589 1590 1590 1593 1593 1590 1590 1594 1594 1594 1594 1590 1590 1583 1583 1594 1594 1583 1583 1595 1595 1595 1595 1583 1583 1568 1568 1595 1595 1568 1568 1596 1596 1596 1596 1568 1568 642 642 1596 1596 642 642 1597 1597 1597 1597 642 642 644 644 1597 1597 644 644 1598 1598 785 785 783 783 791 791 791 791 783 783 1599 1599 791 791 1599 1599 1600 1600 1600 1600 1599 1599 1601 1601 1600 1600 1601 1601 1138 1138 1138 1138 1601 1601 1602 1602 1138 1138 1602 1602 1139 1139 1139 1139 1602 1602 1603 1603 1139 1139 1603 1603 1362 1362 1362 1362 1603 1603 1604 1604 1362 1362 1604 1604 1363 1363 1363 1363 1604 1604 1605 1605 1363 1363 1605 1605 1364 1364 1364 1364 1605 1605 1606 1606 1364 1364 1606 1606 1365 1365 1365 1365 1606 1606 1607 1607 1365 1365 1607 1607 1366 1366 1366 1366 1607 1607 1608 1608 1366 1366 1608 1608 1367 1367 1367 1367 1608 1608 1609 1609 1367 1367 1609 1609 1164 1164 1164 1164 1609 1609 1610 1610 1164 1164 1610 1610 1165 1165 1165 1165 1610 1610 1611 1611 1165 1165 1611 1611 1234 1234 1234 1234 1611 1611 1612 1612 1234 1234 1612 1612 1235 1235 1235 1235 1612 1612 1613 1613 1235 1235 1613 1613 1236 1236 1236 1236 1613 1613 1614 1614 1236 1236 1614 1614 684 684 684 684 1614 1614 1615 1615 684 684 1615 1615 1257 1257 1616 1616 1591 1591 641 641 641 641 640 640 1616 1616 1616 1616 640 640 1617 1617 1616 1616 1617 1617 1618 1618 1618 1618 1617 1617 638 638 1618 1618 638 638 1619 1619 1620 1620 1621 1621 1622 1622 1620 1620 1622 1622 1623 1623 1623 1623 1622 1622 1624 1624 1623 1623 1624 1624 1625 1625 1626 1626 1620 1620 1627 1627 1627 1627 1620 1620 1623 1623 1627 1627 1623 1623 1628 1628 1628 1628 1623 1623 1625 1625 1628 1628 1625 1625 1629 1629 1629 1629 1630 1630 1628 1628 1628 1628 1630 1630 1631 1631 1628 1628 1631 1631 1632 1632 639 639 1626 1626 640 640 640 640 1626 1626 1627 1627 640 640 1627 1627 1617 1617 1617 1617 1627 1627 1628 1628 1617 1617 1628 1628 638 638 638 638 1628 1628 1632 1632 638 638 1632 1632 636 636 637 637 1633 1633 638 638 638 638 1633 1633 1634 1634 638 638 1634 1634 1619 1619 1619 1619 1634 1634 1635 1635 1619 1619 1635 1635 1636 1636 1591 1591 1616 1616 1587 1587 1587 1587 1616 1616 1618 1618 1587 1587 1618 1618 1588 1588 1588 1588 1618 1618 1619 1619 1588 1588 1619 1619 1579 1579 1579 1579 1619 1619 1636 1636 1579 1579 1636 1636 1581 1581 788 788 777 777 783 783 783 783 777 777 779 779 783 783 779 779 1599 1599 1599 1599 779 779 1137 1137 1599 1599 1137 1137 1601 1601 1601 1601 1137 1137 1136 1136 1601 1601 1136 1136 1602 1602 1602 1602 1136 1136 763 763 1602 1602 763 763 1603 1603 1603 1603 763 763 754 754 1603 1603 754 754 1604 1604 1604 1604 754 754 758 758 1604 1604 758 758 1605 1605 1605 1605 758 758 1237 1237 1605 1605 1237 1237 1606 1606 1606 1606 1237 1237 1238 1238 1606 1606 1238 1238 1607 1607 1607 1607 1238 1238 1239 1239 1607 1607 1239 1239 1608 1608 1608 1608 1239 1239 1240 1240 1608 1608 1240 1240 1609 1609 1609 1609 1240 1240 1241 1241 1609 1609 1241 1241 1610 1610 1610 1610 1241 1241 1242 1242 1610 1610 1242 1242 1611 1611 1611 1611 1242 1242 1243 1243 1611 1611 1243 1243 1612 1612 1612 1612 1243 1243 1244 1244 1612 1612 1244 1244 1613 1613 1613 1613 1244 1244 1245 1245 1613 1613 1245 1245 1614 1614 1614 1614 1245 1245 1246 1246 1614 1614 1246 1246 1615 1615 1615 1615 1246 1246 1248 1248 1615 1615 1248 1248 1257 1257 1257 1257 1248 1248 1250 1250 1257 1257 1250 1250 1253 1253 1253 1253 1250 1250 674 674 1253 1253 674 674 1251 1251 1251 1251 674 674 673 673 1450 1450 1598 1598 1452 1452 1452 1452 1598 1598 644 644 1452 1452 644 644 1454 1454 1454 1454 644 644 643 643 1454 1454 643 643 1541 1541 1541 1541 643 643 1566 1566 1541 1541 1566 1566 1531 1531 1531 1531 1566 1566 1569 1569 1531 1531 1569 1569 1530 1530 1530 1530 1569 1569 1573 1573 1530 1530 1573 1573 1537 1537 1637 1637 1638 1638 1639 1639 1639 1639 1638 1638 1640 1640 1639 1639 1640 1640 1641 1641 1642 1642 1643 1643 1644 1644 1644 1644 1643 1643 1645 1645 1644 1644 1645 1645 1646 1646 1646 1646 1645 1645 1647 1647 1648 1648 1649 1649 1650 1650 1650 1650 1649 1649 1651 1651 1650 1650 1651 1651 1652 1652 1652 1652 1651 1651 1653 1653 1652 1652 1653 1653 1654 1654 1654 1654 1653 1653 1655 1655 1654 1654 1655 1655 1656 1656 1656 1656 1655 1655 1657 1657 1658 1658 1659 1659 1660 1660 1660 1660 1659 1659 1661 1661 1660 1660 1661 1661 1662 1662 1662 1662 1661 1661 1647 1647 1662 1662 1647 1647 1663 1663 1663 1663 1647 1647 1645 1645 1663 1663 1645 1645 1664 1664 1664 1664 1645 1645 1643 1643 1665 1665 1648 1648 1666 1666 1666 1666 1648 1648 1650 1650 1666 1666 1650 1650 1667 1667 1667 1667 1650 1650 1652 1652 1667 1667 1652 1652 1668 1668 1668 1668 1652 1652 1654 1654 1668 1668 1654 1654 1669 1669 1669 1669 1654 1654 1656 1656 1670 1670 1671 1671 1672 1672 1672 1672 1671 1671 1638 1638 1672 1672 1638 1638 1673 1673 1673 1673 1638 1638 1637 1637 1674 1674 1641 1641 1675 1675 1675 1675 1641 1641 1640 1640 1675 1675 1640 1640 1676 1676 1676 1676 1640 1640 1638 1638 1676 1676 1638 1638 1677 1677 1677 1677 1638 1638 1671 1671 1677 1677 1671 1671 1678 1678 1670 1670 1679 1679 1671 1671 1671 1671 1679 1679 634 634 1671 1671 634 634 1678 1678 1678 1678 634 634 633 633 1679 1679 1680 1680 634 634 634 634 1680 1680 1681 1681 634 634 1681 1681 635 635 635 635 1681 1681 1682 1682 635 635 1682 1682 1683 1683 1659 1659 1674 1674 1661 1661 1661 1661 1674 1674 1675 1675 1661 1661 1675 1675 1647 1647 1647 1647 1675 1675 1676 1676 1647 1647 1676 1676 1646 1646 1646 1646 1676 1676 1677 1677 1646 1646 1677 1677 1644 1644 1644 1644 1677 1677 1678 1678 1644 1644 1678 1678 1642 1642 1642 1642 1678 1678 633 633 1683 1683 1684 1684 635 635 635 635 1684 1684 1685 1685 635 635 1685 1685 633 633 633 633 1685 1685 1686 1686 633 633 1686 1686 1642 1642 1642 1642 1686 1686 1687 1687 1642 1642 1687 1687 1643 1643 1643 1643 1687 1687 1688 1688 1643 1643 1688 1688 1664 1664 1664 1664 1688 1688 1689 1689 1664 1664 1689 1689 1663 1663 1690 1690 1691 1691 1692 1692 1692 1692 1691 1691 1693 1693 1692 1692 1693 1693 1694 1694 1694 1694 1693 1693 1695 1695 1696 1696 1697 1697 1698 1698 1698 1698 1697 1697 1699 1699 1698 1698 1699 1699 1700 1700 1700 1700 1699 1699 1701 1701 1700 1700 1701 1701 1702 1702 1702 1702 1701 1701 1703 1703 1702 1702 1703 1703 1657 1657 1704 1704 1705 1705 1706 1706 1706 1706 1705 1705 1441 1441 1706 1706 1441 1441 1707 1707 1707 1707 1441 1441 1440 1440 1707 1707 1440 1440 1708 1708 1708 1708 1440 1440 1439 1439 1708 1708 1439 1439 1709 1709 1709 1709 1439 1439 1438 1438 1709 1709 1438 1438 1710 1710 1710 1710 1438 1438 665 665 1710 1710 665 665 1711 1711 1711 1711 665 665 1402 1402 1711 1711 1402 1402 1712 1712 1712 1712 1402 1402 1403 1403 1712 1712 1403 1403 1713 1713 1713 1713 1403 1403 1375 1375 1713 1713 1375 1375 1714 1714 1714 1714 1375 1375 1373 1373 1714 1714 1373 1373 1715 1715 1715 1715 1373 1373 1372 1372 1715 1715 1372 1372 1716 1716 1717 1717 1716 1716 1718 1718 1718 1718 1716 1716 1372 1372 1718 1718 1372 1372 1719 1719 1719 1719 1372 1372 1374 1374 1719 1719 1374 1374 1398 1398 1398 1398 1374 1374 1376 1376 1398 1398 1376 1376 1397 1397 1397 1397 1376 1376 1404 1404 1397 1397 1404 1404 1396 1396 1396 1396 1404 1404 1399 1399 1396 1396 1399 1399 1395 1395 1395 1395 1399 1399 1401 1401 1720 1720 1695 1695 1721 1721 1721 1721 1695 1695 1693 1693 1721 1721 1693 1693 1696 1696 1696 1696 1693 1693 1691 1691 1696 1696 1691 1691 1697 1697 1683 1683 1720 1720 1684 1684 1684 1684 1720 1720 1721 1721 1684 1684 1721 1721 1685 1685 1685 1685 1721 1721 1696 1696 1685 1685 1696 1696 1686 1686 1686 1686 1696 1696 1698 1698 1686 1686 1698 1698 1687 1687 1687 1687 1698 1698 1700 1700 1687 1687 1700 1700 1688 1688 1688 1688 1700 1700 1702 1702 1688 1688 1702 1702 1689 1689 1689 1689 1702 1702 1657 1657 1689 1689 1657 1657 1663 1663 1663 1663 1657 1657 1655 1655 1663 1663 1655 1655 1662 1662 1662 1662 1655 1655 1653 1653 1662 1662 1653 1653 1660 1660 1660 1660 1653 1653 1651 1651 1660 1660 1651 1651 1658 1658 1658 1658 1651 1651 1649 1649 1722 1722 1723 1723 1724 1724 1724 1724 1723 1723 1725 1725 1724 1724 1725 1725 1726 1726 1726 1726 1725 1725 1727 1727 1728 1728 1722 1722 1729 1729 1729 1729 1722 1722 1724 1724 1729 1729 1724 1724 1730 1730 1730 1730 1724 1724 1726 1726 1730 1730 1726 1726 1731 1731 866 866 860 860 867 867 867 867 860 860 862 862 867 867 862 862 632 632 632 632 862 862 864 864 632 632 864 864 857 857 1073 1073 1075 1075 1077 1077 1077 1077 1075 1075 1727 1727 1077 1077 1727 1727 1079 1079 1079 1079 1727 1727 1725 1725 1079 1079 1725 1725 1084 1084 1084 1084 1725 1725 1723 1723 1084 1084 1723 1723 1082 1082 630 630 1731 1731 632 632 632 632 1731 1731 1726 1726 632 632 1726 1726 867 867 867 867 1726 1726 1727 1727 867 867 1727 1727 871 871 871 871 1727 1727 1075 1075 871 871 1075 1075 1732 1732 1732 1732 1075 1075 1076 1076 1732 1732 1076 1076 1733 1733 1733 1733 700 700 1732 1732 1732 1732 700 700 702 702 1732 1732 702 702 871 871 871 871 702 702 878 878 871 871 878 878 872 872 872 872 878 878 880 880 1682 1682 1728 1728 1683 1683 1683 1683 1728 1728 1729 1729 1683 1683 1729 1729 1720 1720 1720 1720 1729 1729 1730 1730 1720 1720 1730 1730 1695 1695 1695 1695 1730 1730 1731 1731 1695 1695 1731 1731 1694 1694 1694 1694 1731 1731 630 630 1694 1694 630 630 1692 1692 1692 1692 630 630 629 629 1692 1692 629 629 1690 1690 853 853 850 850 852 852 852 852 850 850 628 628 852 852 628 628 1734 1734 1734 1734 628 628 626 626 1734 1734 626 626 1717 1717 1717 1717 626 626 625 625 1717 1717 625 625 1716 1716 744 744 846 846 745 745 745 745 846 846 845 845 745 745 845 845 1735 1735 1735 1735 845 845 841 841 1735 1735 841 841 1736 1736 1736 1736 841 841 840 840 1736 1736 840 840 837 837 837 837 840 840 1737 1737 837 837 1737 1737 838 838 884 884 739 739 882 882 882 882 739 739 738 738 882 882 738 738 1070 1070 1070 1070 738 738 878 878 1070 1070 878 878 1068 1068 1068 1068 878 878 702 702 1068 1068 702 702 1066 1066 1066 1066 702 702 701 701 646 646 1704 1704 647 647 647 647 1704 1704 1706 1706 647 647 1706 1706 1553 1553 1553 1553 1706 1706 1707 1707 1553 1553 1707 1707 1554 1554 1554 1554 1707 1707 1708 1708 1554 1554 1708 1708 1551 1551 1551 1551 1708 1708 1709 1709 1551 1551 1709 1709 1550 1550 1550 1550 1709 1709 1710 1710 1550 1550 1710 1710 831 831 831 831 1710 1710 1711 1711 831 831 1711 1711 830 830 830 830 1711 1711 1712 1712 830 830 1712 1712 833 833 833 833 1712 1712 1713 1713 833 833 1713 1713 835 835 835 835 1713 1713 1714 1714 835 835 1714 1714 837 837 837 837 1714 1714 1715 1715 837 837 1715 1715 1736 1736 1736 1736 1715 1715 1716 1716 1736 1736 1716 1716 1735 1735 1735 1735 1716 1716 625 625 1735 1735 625 625 745 745 745 745 625 625 627 627 745 745 627 627 743 743 743 743 627 627 847 847 1738 1738 1010 1010 1739 1739 1739 1739 1010 1010 1011 1011 1739 1739 1011 1011 1740 1740 1012 1012 1014 1014 1741 1741 1741 1741 1014 1014 1742 1742 1741 1741 1742 1742 1743 1743 1744 1744 1745 1745 1746 1746 1746 1746 1745 1745 1747 1747 1746 1746 1747 1747 708 708 708 708 1747 1747 1748 1748 708 708 1748 1748 706 706 1749 1749 1738 1738 1750 1750 1750 1750 1738 1738 1739 1739 1750 1750 1739 1739 1005 1005 1005 1005 1739 1739 1740 1740 1005 1005 1740 1740 1006 1006 1001 1001 1003 1003 1751 1751 1751 1751 1003 1003 1752 1752 1751 1751 1752 1752 1753 1753 922 922 727 727 921 921 921 921 727 727 729 729 921 921 729 729 916 916 916 916 729 729 730 730 916 916 730 730 917 917 1044 1044 1040 1040 916 916 916 916 1040 1040 705 705 916 916 705 705 921 921 921 921 705 705 704 704 921 921 704 704 1754 1754 703 703 1039 1039 704 704 704 704 1039 1039 1038 1038 704 704 1038 1038 1754 1754 1754 1754 1038 1038 1032 1032 1754 1754 1032 1032 1755 1755 1755 1755 1032 1032 1034 1034 1755 1755 1034 1034 1027 1027 1027 1027 1034 1034 1036 1036 1027 1027 1036 1036 1028 1028 1756 1756 1755 1755 1019 1019 1019 1019 1755 1755 1027 1027 1019 1019 1027 1027 1020 1020 1020 1020 1027 1027 1029 1029 1020 1020 1029 1029 1022 1022 938 938 930 930 937 937 937 937 930 930 932 932 937 937 932 932 1756 1756 1756 1756 932 932 924 924 1756 1756 924 924 1755 1755 1755 1755 924 924 726 726 1755 1755 726 726 1754 1754 1754 1754 726 726 725 725 1754 1754 725 725 921 921 921 921 725 725 1757 1757 921 921 1757 1757 919 919 1017 1017 1016 1016 1026 1026 1026 1026 1016 1016 1758 1758 1026 1026 1758 1758 1021 1021 1021 1021 1758 1758 1759 1759 1021 1021 1759 1759 1019 1019 1019 1019 1759 1759 1760 1760 1019 1019 1760 1760 1756 1756 1756 1756 1760 1760 1761 1761 1756 1756 1761 1761 937 937 937 937 1761 1761 1762 1762 937 937 1762 1762 935 935 935 935 1762 1762 1763 1763 935 935 1763 1763 722 722 722 722 1763 1763 945 945 722 722 945 945 723 723 723 723 945 945 946 946 723 723 946 946 940 940 1015 1015 1008 1008 1014 1014 1014 1014 1008 1008 1010 1010 1014 1014 1010 1010 1742 1742 1742 1742 1010 1010 1738 1738 1742 1742 1738 1738 1743 1743 1743 1743 1738 1738 1749 1749 1743 1743 1749 1749 1764 1764 1765 1765 1766 1766 1767 1767 1767 1767 1766 1766 1768 1768 1767 1767 1768 1768 1769 1769 1769 1769 1768 1768 1770 1770 1769 1769 1770 1770 1771 1771 1771 1771 1770 1770 1772 1772 709 709 711 711 1003 1003 1003 1003 711 711 1773 1773 1003 1003 1773 1773 1752 1752 1752 1752 1773 1773 1774 1774 1752 1752 1774 1774 1753 1753 1775 1775 1665 1665 1776 1776 1776 1776 1665 1665 1666 1666 1776 1776 1666 1666 1777 1777 1777 1777 1666 1666 1667 1667 1777 1777 1667 1667 1778 1778 1778 1778 1667 1667 1668 1668 1778 1778 1668 1668 1779 1779 1779 1779 1668 1668 1669 1669 1779 1779 1669 1669 1379 1379 1379 1379 1669 1669 1656 1656 1379 1379 1656 1656 1378 1378 1378 1378 1656 1656 1657 1657 1378 1378 1657 1657 1377 1377 1377 1377 1657 1657 1703 1703 1377 1377 1703 1703 1398 1398 1398 1398 1703 1703 1701 1701 1398 1398 1701 1701 1719 1719 1719 1719 1701 1701 1699 1699 1719 1719 1699 1699 1718 1718 1718 1718 1699 1699 1697 1697 1718 1718 1697 1697 1717 1717 1717 1717 1697 1697 1691 1691 1717 1717 1691 1691 1734 1734 1734 1734 1691 1691 1690 1690 1734 1734 1690 1690 852 852 852 852 1690 1690 629 629 852 852 629 629 742 742 742 742 629 629 631 631 742 742 631 631 740 740 740 740 631 631 859 859 1780 1780 1781 1781 1772 1772 1772 1772 1781 1781 1782 1782 1772 1772 1782 1782 1771 1771 1783 1783 1784 1784 1780 1780 1780 1780 1784 1784 1785 1785 1780 1780 1785 1785 1781 1781 1786 1786 1787 1787 1783 1783 1783 1783 1787 1787 1788 1788 1783 1783 1788 1788 1784 1784 1783 1783 1789 1789 1786 1786 1786 1786 1789 1789 1790 1790 1786 1786 1790 1790 957 957 957 957 1790 1790 1791 1791 957 957 1791 1791 959 959 959 959 1791 1791 1792 1792 959 959 1792 1792 961 961 961 961 1792 1792 1793 1793 961 961 1793 1793 963 963 716 716 963 963 717 717 717 717 963 963 1793 1793 717 717 1793 1793 1794 1794 1794 1794 1793 1793 1792 1792 1794 1794 1792 1792 1795 1795 1795 1795 1792 1792 1791 1791 1795 1795 1791 1791 1796 1796 1796 1796 1791 1791 1790 1790 1796 1796 1790 1790 1797 1797 1797 1797 1790 1790 1789 1789 1797 1797 1789 1789 1798 1798 1798 1798 1789 1789 1783 1783 1798 1798 1783 1783 1799 1799 1799 1799 1783 1783 1780 1780 1799 1799 1780 1780 1800 1800 1800 1800 1780 1780 1772 1772 1800 1800 1772 1772 1801 1801 1801 1801 1772 1772 1770 1770 1801 1801 1770 1770 1802 1802 1802 1802 1770 1770 1768 1768 1802 1802 1768 1768 1803 1803 1803 1803 1768 1768 1766 1766 1316 1316 672 672 1314 1314 1314 1314 672 672 674 674 1314 1314 674 674 1317 1317 1317 1317 674 674 1250 1250 1317 1317 1250 1250 1325 1325 1325 1325 1250 1250 1249 1249 1325 1325 1249 1249 1326 1326 1326 1326 1249 1249 1247 1247 1326 1326 1247 1247 1279 1279 1279 1279 1247 1247 1222 1222 1279 1279 1222 1222 1281 1281 1281 1281 1222 1222 1223 1223 1281 1281 1223 1223 1283 1283 1283 1283 1223 1223 1224 1224 1283 1283 1224 1224 1285 1285 1285 1285 1224 1224 1225 1225 1285 1285 1225 1225 681 681 681 681 1225 1225 1218 1218 681 681 1218 1218 687 687 687 687 1218 1218 1217 1217 687 687 1217 1217 1221 1221 1221 1221 1217 1217 691 691 1221 1221 691 691 1219 1219 1219 1219 691 691 693 693 1219 1219 693 693 1804 1804 1804 1804 693 693 1226 1226 1804 1804 1226 1226 1805 1805 1805 1805 1226 1226 1227 1227 1805 1805 1227 1227 1806 1806 1806 1806 1227 1227 1228 1228 1806 1806 1228 1228 1807 1807 1807 1807 1228 1228 1808 1808 1807 1807 1808 1808 1809 1809 1809 1809 1808 1808 1810 1810 1809 1809 1810 1810 1811 1811 1811 1811 1810 1810 1812 1812 1811 1811 1812 1812 1813 1813 1813 1813 1812 1812 1814 1814 1813 1813 1814 1814 1815 1815 1815 1815 1814 1814 1816 1816 1815 1815 1816 1816 1817 1817 1817 1817 1816 1816 1818 1818 1817 1817 1818 1818 1819 1819 1819 1819 1818 1818 1764 1764 1819 1819 1764 1764 1820 1820 1820 1820 1764 1764 1749 1749 1820 1820 1749 1749 1744 1744 1744 1744 1749 1749 1750 1750 1744 1744 1750 1750 1745 1745 1745 1745 1750 1750 1005 1005 1745 1745 1005 1005 1747 1747 1747 1747 1005 1005 1007 1007 1747 1747 1007 1007 1748 1748 1179 1179 966 966 1180 1180 1180 1180 966 966 717 717 1180 1180 717 717 1209 1209 1209 1209 717 717 1794 1794 1209 1209 1794 1794 1215 1215 1215 1215 1794 1794 1795 1795 1215 1215 1795 1795 1228 1228 1228 1228 1795 1795 1796 1796 1228 1228 1796 1796 1808 1808 1808 1808 1796 1796 1797 1797 1808 1808 1797 1797 1810 1810 1810 1810 1797 1797 1798 1798 1810 1810 1798 1798 1812 1812 1812 1812 1798 1798 1799 1799 1812 1812 1799 1799 1814 1814 1814 1814 1799 1799 1800 1800 1814 1814 1800 1800 1816 1816 1816 1816 1800 1800 1801 1801 1816 1816 1801 1801 1818 1818 1818 1818 1801 1801 1802 1802 1818 1818 1802 1802 1764 1764 1764 1764 1802 1802 1803 1803 1764 1764 1803 1803 1743 1743 1743 1743 1803 1803 1766 1766 1743 1743 1766 1766 1741 1741 1741 1741 1766 1766 1765 1765 1741 1741 1765 1765 1012 1012 711 711 1821 1821 1773 1773 1773 1773 1821 1821 1822 1822 1773 1773 1822 1822 1774 1774 1774 1774 1822 1822 1823 1823 1774 1774 1823 1823 1824 1824 1824 1824 1823 1823 1825 1825 1824 1824 1825 1825 1826 1826 1826 1826 1825 1825 1827 1827 1826 1826 1827 1827 1828 1828 1828 1828 1827 1827 1829 1829 1828 1828 1829 1829 1830 1830 1831 1831 1832 1832 1833 1833 1833 1833 1832 1832 1834 1834 1833 1833 1834 1834 1835 1835 1836 1836 1837 1837 1838 1838 1838 1838 1837 1837 1839 1839 1838 1838 1839 1839 1840 1840 1840 1840 1839 1839 1841 1841 1840 1840 1841 1841 1842 1842 1842 1842 1841 1841 1843 1843 1842 1842 1843 1843 1844 1844 1821 1821 1845 1845 1822 1822 1822 1822 1845 1845 1846 1846 1822 1822 1846 1846 1823 1823 1823 1823 1846 1846 1847 1847 1823 1823 1847 1847 1825 1825 1825 1825 1847 1847 1848 1848 1825 1825 1848 1848 1827 1827 1827 1827 1848 1848 1849 1849 1827 1827 1849 1849 1829 1829 1829 1829 1849 1849 1844 1844 1829 1829 1844 1844 1830 1830 1830 1830 1844 1844 1843 1843 1850 1850 1851 1851 1852 1852 1852 1852 1851 1851 1853 1853 1852 1852 1853 1853 1831 1831 1831 1831 1853 1853 1854 1854 1831 1831 1854 1854 1832 1832 1270 1270 1855 1855 1271 1271 1271 1271 1855 1855 1856 1856 1271 1271 1856 1856 1410 1410 1410 1410 1856 1856 1857 1857 1410 1410 1857 1857 1177 1177 1177 1177 1857 1857 1850 1850 1177 1177 1850 1850 1178 1178 1178 1178 1850 1850 1852 1852 1178 1178 1852 1852 1393 1393 1393 1393 1852 1852 1831 1831 1393 1393 1831 1831 1394 1394 1394 1394 1831 1831 1833 1833 1855 1855 1836 1836 1856 1856 1856 1856 1836 1836 1838 1838 1856 1856 1838 1838 1857 1857 1857 1857 1838 1838 1840 1840 1857 1857 1840 1840 1850 1850 1850 1850 1840 1840 1842 1842 1850 1850 1842 1842 1851 1851 1851 1851 1842 1842 1844 1844 1851 1851 1844 1844 1853 1853 1853 1853 1844 1844 1849 1849 1853 1853 1849 1849 1854 1854 1854 1854 1849 1849 1848 1848 1854 1854 1848 1848 1832 1832 1832 1832 1848 1848 1847 1847 1832 1832 1847 1847 1834 1834 1834 1834 1847 1847 1846 1846 1834 1834 1846 1846 1835 1835 1835 1835 1846 1846 1845 1845 622 622 1858 1858 624 624 624 624 1858 1858 1859 1859 624 624 1859 1859 1860 1860 1860 1860 1859 1859 1861 1861 1860 1860 1861 1861 1862 1862 1862 1862 1861 1861 1863 1863 1862 1862 1863 1863 1864 1864 1864 1864 1863 1863 1865 1865 1864 1864 1865 1865 1866 1866 657 657 662 662 1418 1418 1418 1418 662 662 661 661 1418 1418 661 661 1351 1351 1351 1351 661 661 680 680 1351 1351 680 680 1299 1299 1299 1299 680 680 679 679 1299 1299 679 679 1277 1277 1277 1277 679 679 683 683 1277 1277 683 683 1261 1261 1261 1261 683 683 682 682 1261 1261 682 682 1262 1262 1262 1262 682 682 687 687 1262 1262 687 687 1264 1264 1264 1264 687 687 1220 1220 1264 1264 1220 1220 1266 1266 1266 1266 1220 1220 1219 1219 1266 1266 1219 1219 1268 1268 1268 1268 1219 1219 1804 1804 1268 1268 1804 1804 1270 1270 1270 1270 1804 1804 1805 1805 1270 1270 1805 1805 1855 1855 1855 1855 1805 1805 1806 1806 1855 1855 1806 1806 1836 1836 1836 1836 1806 1806 1807 1807 1836 1836 1807 1807 1837 1837 1837 1837 1807 1807 1809 1809 1837 1837 1809 1809 1839 1839 1839 1839 1809 1809 1811 1811 1839 1839 1811 1811 1841 1841 1841 1841 1811 1811 1813 1813 1841 1841 1813 1813 1843 1843 1843 1843 1813 1813 1815 1815 1843 1843 1815 1815 1830 1830 1830 1830 1815 1815 1817 1817 1830 1830 1817 1817 1828 1828 1828 1828 1817 1817 1819 1819 1828 1828 1819 1819 1826 1826 1826 1826 1819 1819 1820 1820 1826 1826 1820 1820 1824 1824 1824 1824 1820 1820 1744 1744 1824 1824 1744 1744 1774 1774 1774 1774 1744 1744 1746 1746 1774 1774 1746 1746 1753 1753 1753 1753 1746 1746 708 708 1753 1753 708 708 1751 1751 1751 1751 708 708 707 707 1751 1751 707 707 1001 1001 1858 1858 1775 1775 1859 1859 1859 1859 1775 1775 1776 1776 1859 1859 1776 1776 1861 1861 1861 1861 1776 1776 1777 1777 1861 1861 1777 1777 1863 1863 1863 1863 1777 1777 1778 1778 1863 1863 1778 1778 1865 1865 1865 1865 1778 1778 1779 1779 1865 1865 1779 1779 1866 1866 1866 1866 1779 1779 1379 1379 1866 1866 1379 1379 1867 1867 1867 1867 1379 1379 666 666 1867 1867 666 666 1868 1868 1868 1868 666 666 668 668 1868 1868 668 668 1869 1869 1869 1869 668 668 1395 1395 1869 1869 1395 1395 1870 1870 1870 1870 1395 1395 1401 1401 1870 1870 1401 1401 1871 1871 1871 1871 1401 1401 1436 1436 1871 1871 1436 1436 1426 1426 1426 1426 1436 1436 1409 1409 1426 1426 1409 1409 1428 1428 1428 1428 1409 1409 1408 1408 1428 1428 1408 1408 1430 1430 1430 1430 1408 1408 1406 1406 1430 1430 1406 1406 1431 1431 1431 1431 1406 1406 1441 1441 1431 1431 1441 1441 1442 1442 1442 1442 1441 1441 1705 1705 720 720 719 719 957 957 957 957 719 719 954 954 957 957 954 954 1786 1786 1786 1786 954 954 955 955 1786 1786 955 955 1787 1787 1787 1787 955 955 949 949 1787 1787 949 949 1788 1788 1788 1788 949 949 943 943 1788 1788 943 943 1784 1784 1784 1784 943 943 945 945 1784 1784 945 945 1785 1785 1785 1785 945 945 1763 1763 1785 1785 1763 1763 1781 1781 1781 1781 1763 1763 1762 1762 1781 1781 1762 1762 1782 1782 1782 1782 1762 1762 1761 1761 1782 1782 1761 1761 1771 1771 1771 1771 1761 1761 1760 1760 1771 1771 1760 1760 1769 1769 1769 1769 1760 1760 1759 1759 1769 1769 1759 1759 1767 1767 1767 1767 1759 1759 1758 1758 1767 1767 1758 1758 1765 1765 1765 1765 1758 1758 1016 1016 1765 1765 1016 1016 1012 1012 1012 1012 1016 1016 1018 1018 1012 1012 1018 1018 1013 1013 1087 1087 1082 1082 1088 1088 1088 1088 1082 1082 1723 1723 1088 1088 1723 1723 1090 1090 1090 1090 1723 1723 1722 1722 1090 1090 1722 1722 1100 1100 1100 1100 1722 1722 1728 1728 1100 1100 1728 1728 1097 1097 1097 1097 1728 1728 1682 1682 1097 1097 1682 1682 1095 1095 1095 1095 1682 1682 1681 1681 1095 1095 1681 1681 1092 1092 1092 1092 1681 1681 1680 1680 1092 1092 1680 1680 1104 1104 1104 1104 1680 1680 1679 1679 1104 1104 1679 1679 1106 1106 1106 1106 1679 1679 1670 1670 1106 1106 1670 1670 1114 1114 1114 1114 1670 1670 1672 1672 1114 1114 1672 1672 1112 1112 1112 1112 1672 1672 1673 1673 1112 1112 1673 1673 1110 1110 1110 1110 1673 1673 1637 1637 1110 1110 1637 1637 699 699 699 699 1637 1637 1639 1639 699 699 1639 1639 1119 1119 1119 1119 1639 1639 1641 1641 1119 1119 1641 1641 1121 1121 1121 1121 1641 1641 1674 1674 1121 1121 1674 1674 1124 1124 1124 1124 1674 1674 1659 1659 1124 1124 1659 1659 1126 1126 1126 1126 1659 1659 1658 1658 1126 1126 1658 1658 1133 1133 1133 1133 1658 1658 1649 1649 1133 1133 1649 1649 1131 1131 1131 1131 1649 1649 1648 1648 1131 1131 1648 1648 983 983 983 983 1648 1648 1665 1665 983 983 1665 1665 985 985 985 985 1665 1665 1775 1775 985 985 1775 1775 987 987 987 987 1775 1775 1858 1858 987 987 1858 1858 988 988 988 988 1858 1858 622 622 988 988 622 622 993 993 993 993 622 622 621 621 993 993 621 621 998 998 639 639 1872 1872 1626 1626 1626 1626 1872 1872 696 696 1626 1626 696 696 1620 1620 1620 1620 696 696 695 695 1620 1620 695 695 1621 1621 659 659 1424 1424 657 657 657 657 1424 1424 1419 1419 657 657 1419 1419 662 662 662 662 1419 1419 1421 1421 662 662 1421 1421 660 660 660 660 1421 1421 1500 1500 660 660 1500 1500 1345 1345 1345 1345 1500 1500 1501 1501 1345 1345 1501 1501 1346 1346 1346 1346 1501 1501 1502 1502 1346 1346 1502 1502 1347 1347 1347 1347 1502 1502 1503 1503 1347 1347 1503 1503 1348 1348 1348 1348 1503 1503 1504 1504 1348 1348 1504 1504 1349 1349 1349 1349 1504 1504 1505 1505 1349 1349 1505 1505 1350 1350 1350 1350 1505 1505 1506 1506 1350 1350 1506 1506 1341 1341 1341 1341 1506 1506 1507 1507 1341 1341 1507 1507 670 670 670 670 1507 1507 1508 1508 670 670 1508 1508 1327 1327 710 710 996 996 711 711 711 711 996 996 998 998 711 711 998 998 1821 1821 1821 1821 998 998 621 621 1821 1821 621 621 1845 1845 1845 1845 621 621 623 623 1845 1845 623 623 1835 1835 1835 1835 623 623 624 624 1835 1835 624 624 1833 1833 1833 1833 624 624 1860 1860 1833 1833 1860 1860 1394 1394 1394 1394 1860 1860 1862 1862 1394 1394 1862 1862 1392 1392 1392 1392 1862 1862 1864 1864 1392 1392 1864 1864 1391 1391 1391 1391 1864 1864 1866 1866 1391 1391 1866 1866 1390 1390 1390 1390 1866 1866 1867 1867 1390 1390 1867 1867 1388 1388 1388 1388 1867 1867 1868 1868 1388 1388 1868 1868 1386 1386 1386 1386 1868 1868 1869 1869 1386 1386 1869 1869 1384 1384 1384 1384 1869 1869 1870 1870 1384 1384 1870 1870 1382 1382 1382 1382 1870 1870 1871 1871 1382 1382 1871 1871 1380 1380 1380 1380 1871 1871 1426 1426 1380 1380 1426 1426 659 659 659 659 1426 1426 1425 1425 659 659 1425 1425 1424 1424 1424 1424 1425 1425 1432 1432 1424 1424 1432 1432 1423 1423 1423 1423 1432 1432 1434 1434 1423 1423 1434 1434 1422 1422 1422 1422 1434 1434 1435 1435 1422 1422 1435 1435 1494 1494 1494 1494 1435 1435 653 653 1494 1494 653 653 1444 1444 1444 1444 653 653 652 652 1444 1444 652 652 1445 1445 1445 1445 652 652 1442 1442 1445 1445 1442 1442 1456 1456 1456 1456 1442 1442 1705 1705 1456 1456 1705 1705 1449 1449 1449 1449 1705 1705 1704 1704 1449 1449 1704 1704 1450 1450 1450 1450 1704 1704 646 646 1450 1450 646 646 1598 1598 1598 1598 646 646 1561 1561 1598 1598 1561 1561 1597 1597 1597 1597 1561 1561 1562 1562 1597 1597 1562 1562 1596 1596 1596 1596 1562 1562 1563 1563 1596 1596 1563 1563 1595 1595 1595 1595 1563 1563 1564 1564 1595 1595 1564 1564 1594 1594 1594 1594 1564 1564 1565 1565 1594 1594 1565 1565 1593 1593 1593 1593 1565 1565 798 798 1593 1593 798 798 1592 1592 1592 1592 798 798 789 789 1592 1592 789 789 1591 1591 1591 1591 789 789 791 791 1591 1591 791 791 641 641 641 641 791 791 1600 1600 641 641 1600 1600 639 639 639 639 1600 1600 1138 1138 639 639 1138 1138 1872 1872 1872 1872 1138 1138 1140 1140 1872 1872 1140 1140 696 696 696 696 1140 1140 1141 1141 696 696 1141 1141 694 694 694 694 1141 1141 1143 1143 813 813 815 815 1873 1873 885 885 887 887 1874 1874 732 732 731 731 1875 1875 715 715 966 966 1876 1876 87 87 85 85 1877 1877 11 11 4 4 1878 1878 1878 1878 4 4 1879 1879 1878 1878 1879 1879 1880 1880 1880 1880 1879 1879 1881 1881 1880 1880 1881 1881 1882 1882 1882 1882 1881 1881 1883 1883 1883 1883 1881 1881 1884 1884 1883 1883 1884 1884 1885 1885 1885 1885 1884 1884 1886 1886 1885 1885 1886 1886 1887 1887 1887 1887 1886 1886 1888 1888 1888 1888 1886 1886 1889 1889 1888 1888 1889 1889 1890 1890 1890 1890 1889 1889 1891 1891 1891 1891 1889 1889 1892 1892 1891 1891 1892 1892 1893 1893 1894 1894 1895 1895 1896 1896 1896 1896 1895 1895 1897 1897 1896 1896 1897 1897 1892 1892 1892 1892 1897 1897 1898 1898 1892 1892 1898 1898 1893 1893 1899 1899 1900 1900 1901 1901 1901 1901 1900 1900 1902 1902 1901 1901 1902 1902 1894 1894 1894 1894 1902 1902 1903 1903 1894 1894 1903 1903 1895 1895 1904 1904 1905 1905 1906 1906 1906 1906 1905 1905 1907 1907 1906 1906 1907 1907 1908 1908 1908 1908 1907 1907 1909 1909 1908 1908 1909 1909 1899 1899 1899 1899 1909 1909 1910 1910 1899 1899 1910 1910 1900 1900 1904 1904 1906 1906 1911 1911 1911 1911 1906 1906 1912 1912 1911 1911 1912 1912 1913 1913 1913 1913 1912 1912 1914 1914 1913 1913 1914 1914 1915 1915 1915 1915 1914 1914 1916 1916 1915 1915 1916 1916 1917 1917 1917 1917 1916 1916 1918 1918 1917 1917 1918 1918 1919 1919 1919 1919 1918 1918 1920 1920 1920 1920 1918 1918 1921 1921 1920 1920 1921 1921 1922 1922 1922 1922 1921 1921 1923 1923 1922 1922 1923 1923 1924 1924 1924 1924 1923 1923 1925 1925 1925 1925 1923 1923 1926 1926 1925 1925 1926 1926 1927 1927 1927 1927 1926 1926 1928 1928 1927 1927 1928 1928 1929 1929 1929 1929 1928 1928 1930 1930 1929 1929 1930 1930 1931 1931 1931 1931 1930 1930 1932 1932 1932 1932 1930 1930 1933 1933 1932 1932 1933 1933 1934 1934 1934 1934 1933 1933 1935 1935 1934 1934 1935 1935 1936 1936 1936 1936 1935 1935 1937 1937 1936 1936 1937 1937 1938 1938 1938 1938 1937 1937 1939 1939 1939 1939 1937 1937 1940 1940 1939 1939 1940 1940 1941 1941 1941 1941 1940 1940 1942 1942 1941 1941 1942 1942 1943 1943 1943 1943 1942 1942 1944 1944 1944 1944 1942 1942 1945 1945 1944 1944 1945 1945 1946 1946 1946 1946 1945 1945 1947 1947 1946 1946 1947 1947 1948 1948 1948 1948 1947 1947 1949 1949 1948 1948 1949 1949 1950 1950 1950 1950 1949 1949 1951 1951 1951 1951 1949 1949 1952 1952 1951 1951 1952 1952 1953 1953 1953 1953 1952 1952 1954 1954 1953 1953 1954 1954 1955 1955 1956 1956 1957 1957 1958 1958 1958 1958 1957 1957 1959 1959 1958 1958 1959 1959 1960 1960 1960 1960 1959 1959 1961 1961 1960 1960 1961 1961 1954 1954 1954 1954 1961 1961 1962 1962 1954 1954 1962 1962 1955 1955 1963 1963 1964 1964 1956 1956 1956 1956 1964 1964 1965 1965 1956 1956 1965 1965 1957 1957 1966 1966 1967 1967 1968 1968 1968 1968 1967 1967 1969 1969 1968 1968 1969 1969 1963 1963 1963 1963 1969 1969 1970 1970 1963 1963 1970 1970 1964 1964 1966 1966 1968 1968 1971 1971 1971 1971 1968 1968 1972 1972 1971 1971 1972 1972 1973 1973 1973 1973 1972 1972 1974 1974 1974 1974 1972 1972 1975 1975 1974 1974 1975 1975 1976 1976 1976 1976 1975 1975 1977 1977 1977 1977 1975 1975 1978 1978 1977 1977 1978 1978 1979 1979 1979 1979 1978 1978 1980 1980 1979 1979 1980 1980 1981 1981 1981 1981 1980 1980 1982 1982 1982 1982 1980 1980 1983 1983 1982 1982 1983 1983 1877 1877 1877 1877 1983 1983 88 88 1877 1877 88 88 87 87 976 976 975 975 1984 1984 1984 1984 975 975 980 980 1984 1984 980 980 80 80 80 80 980 980 133 133 970 970 713 713 1985 1985 1985 1985 713 713 712 712 1985 1985 712 712 1986 1986 1986 1986 712 712 1153 1153 1986 1986 1153 1153 974 974 966 966 1179 1179 1876 1876 1876 1876 1179 1179 967 967 1876 1876 967 967 1985 1985 1985 1985 967 967 969 969 1985 1985 969 969 970 970 974 974 972 972 1986 1986 1986 1986 972 972 971 971 1986 1986 971 971 1984 1984 1984 1984 971 971 978 978 1984 1984 978 978 976 976 960 960 962 962 1987 1987 1987 1987 962 962 965 965 965 965 964 964 1987 1987 1987 1987 964 964 963 963 1987 1987 963 963 1876 1876 1876 1876 963 963 716 716 1876 1876 716 716 715 715 1988 1988 941 941 940 940 940 940 946 946 1988 1988 1988 1988 946 946 944 944 1988 1988 944 944 1989 1989 1989 1989 944 944 951 951 1989 1989 951 951 950 950 950 950 948 948 1989 1989 1989 1989 948 948 947 947 1989 1989 947 947 1990 1990 1991 1991 938 938 936 936 1991 1991 936 936 1992 1992 1993 1993 928 928 1994 1994 1994 1994 928 928 927 927 1994 1994 927 927 934 934 934 934 933 933 1994 1994 1994 1994 933 933 931 931 1994 1994 931 931 1991 1991 1991 1991 931 931 930 930 1991 1991 930 930 938 938 936 936 939 939 1992 1992 1992 1992 939 939 721 721 1992 1992 721 721 1988 1988 1988 1988 721 721 942 942 1988 1988 942 942 941 941 923 923 1995 1995 724 724 724 724 1995 1995 1996 1996 724 724 1996 1996 725 725 725 725 1996 1996 1757 1757 730 730 728 728 1997 1997 1997 1997 728 728 727 727 1997 1997 727 727 1998 1998 727 727 922 922 1998 1998 1998 1998 922 922 920 920 1998 1998 920 920 1996 1996 1996 1996 920 920 919 919 1996 1996 919 919 1757 1757 913 913 1999 1999 912 912 912 912 1999 1999 2000 2000 732 732 1875 1875 904 904 904 904 1875 1875 2001 2001 904 904 2001 2001 905 905 731 731 908 908 1875 1875 1875 1875 908 908 907 907 1875 1875 907 907 2000 2000 2000 2000 907 907 910 910 2000 2000 910 910 912 912 913 913 915 915 1999 1999 1999 1999 915 915 918 918 1999 1999 918 918 1997 1997 1997 1997 918 918 917 917 1997 1997 917 917 730 730 923 923 926 926 1995 1995 1995 1995 926 926 925 925 1995 1995 925 925 1993 1993 1993 1993 925 925 929 929 1993 1993 929 929 928 928 2002 2002 2003 2003 2004 2004 2004 2004 2003 2003 2001 2001 2004 2004 2001 2001 2005 2005 2005 2005 2001 2001 1875 1875 2005 2005 1875 1875 2006 2006 2006 2006 1875 1875 2000 2000 2006 2006 2000 2000 2007 2007 2007 2007 2000 2000 1999 1999 2007 2007 1999 1999 2008 2008 2008 2008 1999 1999 1997 1997 2008 2008 1997 1997 2009 2009 2009 2009 1997 1997 1998 1998 2009 2009 1998 1998 2010 2010 2010 2010 1998 1998 1996 1996 2010 2010 1996 1996 2011 2011 2011 2011 1996 1996 1995 1995 2011 2011 1995 1995 2012 2012 2012 2012 1995 1995 1993 1993 2012 2012 1993 1993 2013 2013 2013 2013 1993 1993 1994 1994 2013 2013 1994 1994 2014 2014 2014 2014 1994 1994 1991 1991 2014 2014 1991 1991 2015 2015 2015 2015 1991 1991 1992 1992 2015 2015 1992 1992 2016 2016 2016 2016 1992 1992 1988 1988 2016 2016 1988 1988 2017 2017 2017 2017 1988 1988 1989 1989 2017 2017 1989 1989 2018 2018 2018 2018 1989 1989 1990 1990 2018 2018 1990 1990 2019 2019 2019 2019 1990 1990 1987 1987 2019 2019 1987 1987 2020 2020 2020 2020 1987 1987 1876 1876 2020 2020 1876 1876 2021 2021 2021 2021 1876 1876 1985 1985 2021 2021 1985 1985 2022 2022 2022 2022 1985 1985 1986 1986 2022 2022 1986 1986 2023 2023 2023 2023 1986 1986 1984 1984 2023 2023 1984 1984 79 79 79 79 1984 1984 80 80 947 947 953 953 1990 1990 1990 1990 953 953 952 952 1990 1990 952 952 956 956 956 956 718 718 1990 1990 1990 1990 718 718 720 720 1990 1990 720 720 1987 1987 1987 1987 720 720 958 958 1987 1987 958 958 960 960 2024 2024 2025 2025 2026 2026 2024 2024 2027 2027 2028 2028 2028 2028 2027 2027 2029 2029 2028 2028 2029 2029 2002 2002 2030 2030 2031 2031 2032 2032 2032 2032 2031 2031 2033 2033 2026 2026 2025 2025 1874 1874 2034 2034 2035 2035 2036 2036 2037 2037 2038 2038 2039 2039 2037 2037 2040 2040 2041 2041 2041 2041 2040 2040 2042 2042 2041 2041 2042 2042 2043 2043 2036 2036 2035 2035 2044 2044 2044 2044 2035 2035 2045 2045 2044 2044 2045 2045 2046 2046 2046 2046 2045 2045 2047 2047 2046 2046 2047 2047 2048 2048 2049 2049 2050 2050 2051 2051 1873 1873 2052 2052 2053 2053 2053 2053 2052 2052 2054 2054 2054 2054 2052 2052 2055 2055 2054 2054 2055 2055 2056 2056 2056 2056 2055 2055 2057 2057 2056 2056 2057 2057 2058 2058 2039 2039 2038 2038 2059 2059 2059 2059 2038 2038 2060 2060 2059 2059 2060 2060 2061 2061 2002 2002 2029 2029 2003 2003 2003 2003 2029 2029 898 898 2003 2003 898 898 900 900 890 890 895 895 2026 2026 2024 2024 2026 2026 2027 2027 2027 2027 2026 2026 895 895 2027 2027 895 895 894 894 894 894 892 892 2027 2027 2027 2027 892 892 891 891 2027 2027 891 891 2029 2029 2029 2029 891 891 896 896 2029 2029 896 896 898 898 739 739 884 884 2032 2032 2032 2032 884 884 883 883 2025 2025 2030 2030 1874 1874 1874 1874 2030 2030 2032 2032 1874 1874 2032 2032 885 885 885 885 2032 2032 883 883 879 879 877 877 2047 2047 2047 2047 877 877 2033 2033 2047 2047 2033 2033 2048 2048 2048 2048 2033 2033 2031 2031 877 877 876 876 2033 2033 2033 2033 876 876 881 881 2033 2033 881 881 2032 2032 2032 2032 881 881 737 737 2032 2032 737 737 739 739 887 887 888 888 1874 1874 1874 1874 888 888 735 735 1874 1874 735 735 2026 2026 2026 2026 735 735 734 734 2026 2026 734 734 890 890 874 874 2045 2045 875 875 875 875 2045 2045 2035 2035 875 875 2035 2035 870 870 870 870 2035 2035 868 868 863 863 861 861 2034 2034 2042 2042 857 857 864 864 2036 2036 2043 2043 2034 2034 2034 2034 2043 2043 2042 2042 2034 2034 2042 2042 863 863 863 863 2042 2042 864 864 861 861 860 860 2034 2034 2034 2034 860 860 866 866 2034 2034 866 866 2035 2035 2035 2035 866 866 865 865 2035 2035 865 865 868 868 2039 2039 855 855 854 854 2037 2037 2039 2039 2040 2040 2040 2040 2039 2039 854 854 2040 2040 854 854 741 741 2059 2059 848 848 849 849 849 849 850 850 2059 2059 2059 2059 850 850 853 853 2059 2059 853 853 2039 2039 2039 2039 853 853 856 856 2039 2039 856 856 855 855 741 741 740 740 2040 2040 2040 2040 740 740 859 859 2040 2040 859 859 2042 2042 2042 2042 859 859 858 858 2042 2042 858 858 857 857 874 874 873 873 2045 2045 2045 2045 873 873 872 872 2045 2045 872 872 2047 2047 2047 2047 872 872 880 880 2047 2047 880 880 879 879 824 824 823 823 2052 2052 2052 2052 823 823 827 827 2052 2052 827 827 2055 2055 2055 2055 827 827 826 826 826 826 825 825 2055 2055 2055 2055 825 825 829 829 2055 2055 829 829 828 828 836 836 2057 2057 834 834 834 834 2057 2057 2055 2055 834 834 2055 2055 832 832 832 832 2055 2055 828 828 813 813 1873 1873 811 811 2053 2053 2049 2049 1873 1873 1873 1873 2049 2049 2051 2051 1873 1873 2051 2051 811 811 811 811 2051 2051 812 812 815 815 817 817 1873 1873 1873 1873 817 817 818 818 1873 1873 818 818 2052 2052 2052 2052 818 818 819 819 2052 2052 819 819 824 824 840 840 842 842 2061 2061 836 836 839 839 2057 2057 2057 2057 839 839 838 838 2057 2057 838 838 1737 1737 2060 2060 2058 2058 2061 2061 2061 2061 2058 2058 2057 2057 2061 2061 2057 2057 840 840 840 840 2057 2057 1737 1737 842 842 843 843 2061 2061 2061 2061 843 843 844 844 2061 2061 844 844 846 846 846 846 744 744 2061 2061 2061 2061 744 744 743 743 2061 2061 743 743 2059 2059 2059 2059 743 743 847 847 2059 2059 847 847 848 848 16 16 21 21 804 804 809 809 807 807 2051 2051 2051 2051 807 807 806 806 2051 2051 806 806 812 812 804 804 809 809 16 16 16 16 809 809 2051 2051 16 16 2051 2051 14 14 14 14 2051 2051 2050 2050 14 14 2050 2050 13 13 13 13 2050 2050 3 3 900 900 901 901 2003 2003 2003 2003 901 901 903 903 2003 2003 903 903 2001 2001 2001 2001 903 903 906 906 2001 2001 906 906 905 905 4 4 3 3 1879 1879 1879 1879 3 3 2050 2050 1879 1879 2050 2050 1881 1881 1881 1881 2050 2050 2049 2049 1881 1881 2049 2049 1884 1884 1884 1884 2049 2049 2053 2053 1884 1884 2053 2053 1886 1886 1886 1886 2053 2053 2054 2054 1886 1886 2054 2054 1889 1889 1889 1889 2054 2054 2056 2056 1889 1889 2056 2056 1892 1892 1892 1892 2056 2056 2058 2058 1892 1892 2058 2058 1896 1896 1896 1896 2058 2058 2060 2060 1896 1896 2060 2060 1894 1894 1894 1894 2060 2060 2038 2038 1894 1894 2038 2038 1901 1901 1901 1901 2038 2038 2037 2037 1901 1901 2037 2037 1899 1899 1899 1899 2037 2037 2041 2041 1899 1899 2041 2041 1908 1908 1908 1908 2041 2041 2043 2043 1908 1908 2043 2043 1906 1906 1906 1906 2043 2043 2036 2036 1906 1906 2036 2036 1912 1912 1912 1912 2036 2036 2044 2044 1912 1912 2044 2044 1914 1914 1914 1914 2044 2044 2046 2046 1914 1914 2046 2046 1916 1916 1916 1916 2046 2046 2048 2048 1916 1916 2048 2048 1918 1918 1918 1918 2048 2048 2031 2031 1918 1918 2031 2031 1921 1921 1921 1921 2031 2031 2030 2030 1921 1921 2030 2030 1923 1923 1923 1923 2030 2030 2025 2025 1923 1923 2025 2025 1926 1926 1926 1926 2025 2025 2024 2024 1926 1926 2024 2024 1928 1928 1928 1928 2024 2024 2028 2028 1928 1928 2028 2028 1930 1930 1930 1930 2028 2028 2002 2002 1930 1930 2002 2002 1933 1933 1933 1933 2002 2002 2004 2004 1933 1933 2004 2004 1935 1935 1935 1935 2004 2004 2005 2005 1935 1935 2005 2005 1937 1937 1937 1937 2005 2005 2006 2006 1937 1937 2006 2006 1940 1940 1940 1940 2006 2006 2007 2007 1940 1940 2007 2007 1942 1942 1942 1942 2007 2007 2008 2008 1942 1942 2008 2008 1945 1945 1945 1945 2008 2008 2009 2009 1945 1945 2009 2009 1947 1947 1947 1947 2009 2009 2010 2010 1947 1947 2010 2010 1949 1949 1949 1949 2010 2010 2011 2011 1949 1949 2011 2011 1952 1952 1952 1952 2011 2011 2012 2012 1952 1952 2012 2012 1954 1954 1954 1954 2012 2012 2013 2013 1954 1954 2013 2013 1960 1960 1960 1960 2013 2013 2014 2014 1960 1960 2014 2014 1958 1958 1958 1958 2014 2014 2015 2015 1958 1958 2015 2015 1956 1956 1956 1956 2015 2015 2016 2016 1956 1956 2016 2016 1963 1963 1963 1963 2016 2016 2017 2017 1963 1963 2017 2017 1968 1968 1968 1968 2017 2017 2018 2018 1968 1968 2018 2018 1972 1972 1972 1972 2018 2018 2019 2019 1972 1972 2019 2019 1975 1975 1975 1975 2019 2019 2020 2020 1975 1975 2020 2020 1978 1978 1978 1978 2020 2020 2021 2021 1978 1978 2021 2021 1980 1980 1980 1980 2021 2021 2022 2022 1980 1980 2022 2022 1983 1983 1983 1983 2022 2022 2023 2023 1983 1983 2023 2023 88 88 88 88 2023 2023 79 79 1936 1936 453 453 1934 1934 1934 1934 453 453 452 452 1934 1934 452 452 1932 1932 1932 1932 452 452 450 450 1932 1932 450 450 1931 1931 1931 1931 450 450 569 569 1931 1931 569 569 1929 1929 1877 1877 85 85 203 203 569 569 568 568 1929 1929 1929 1929 568 568 566 566 1929 1929 566 566 1927 1927 1927 1927 566 566 565 565 1927 1927 565 565 1925 1925 1925 1925 565 565 534 534 1925 1925 534 534 1924 1924 1924 1924 534 534 539 539 1924 1924 539 539 1922 1922 1922 1922 539 539 538 538 1922 1922 538 538 1920 1920 1920 1920 538 538 536 536 1920 1920 536 536 1919 1919 1919 1919 536 536 535 535 1919 1919 535 535 1917 1917 1948 1948 1950 1950 480 480 480 480 1950 1950 465 465 465 465 1950 1950 1951 1951 465 465 1951 1951 467 467 467 467 1951 1951 1953 1953 467 467 1953 1953 469 469 469 469 1953 1953 1955 1955 469 469 1955 1955 470 470 470 470 1955 1955 1962 1962 470 470 1962 1962 472 472 472 472 1962 1962 1961 1961 472 472 1961 1961 474 474 480 480 479 479 1948 1948 1948 1948 479 479 478 478 1948 1948 478 478 1946 1946 1946 1946 478 478 457 457 1946 1946 457 457 1944 1944 1944 1944 457 457 455 455 1944 1944 455 455 1943 1943 1943 1943 455 455 463 463 1943 1943 463 463 1941 1941 1941 1941 463 463 462 462 1941 1941 462 462 1939 1939 1939 1939 462 462 460 460 1939 1939 460 460 1938 1938 1938 1938 460 460 459 459 1938 1938 459 459 1936 1936 1936 1936 459 459 448 448 1936 1936 448 448 453 453 1969 1969 493 493 482 482 203 203 500 500 1877 1877 1877 1877 500 500 501 501 1877 1877 501 501 1982 1982 1982 1982 501 501 502 502 1982 1982 502 502 1981 1981 1961 1961 1959 1959 474 474 474 474 1959 1959 1957 1957 474 474 1957 1957 476 476 476 476 1957 1957 1965 1965 476 476 1965 1965 481 481 481 481 1965 1965 1964 1964 481 481 1964 1964 482 482 482 482 1964 1964 1970 1970 482 482 1970 1970 1969 1969 1981 1981 502 502 1979 1979 1979 1979 502 502 491 491 1979 1979 491 491 1977 1977 1977 1977 491 491 489 489 1977 1977 489 489 1976 1976 1976 1976 489 489 488 488 1976 1976 488 488 1974 1974 1974 1974 488 488 486 486 1974 1974 486 486 1973 1973 505 505 507 507 1885 1885 1885 1885 507 507 512 512 1885 1885 512 512 1883 1883 1883 1883 512 512 511 511 1883 1883 511 511 1882 1882 1882 1882 511 511 509 509 1882 1882 509 509 1880 1880 1880 1880 509 509 209 209 1880 1880 209 209 1878 1878 1878 1878 209 209 64 64 1878 1878 64 64 11 11 535 535 530 530 1917 1917 1917 1917 530 530 528 528 1917 1917 528 528 1915 1915 1915 1915 528 528 527 527 1915 1915 527 527 1913 1913 1913 1913 527 527 526 526 1913 1913 526 526 1911 1911 1911 1911 526 526 544 544 1911 1911 544 544 1904 1904 1904 1904 544 544 543 543 1904 1904 543 543 1905 1905 1905 1905 543 543 541 541 1905 1905 541 541 1907 1907 1907 1907 541 541 540 540 1907 1907 540 540 1909 1909 1909 1909 540 540 518 518 1909 1909 518 518 1910 1910 1910 1910 518 518 523 523 1910 1910 523 523 1900 1900 1900 1900 523 523 522 522 1900 1900 522 522 1902 1902 1902 1902 522 522 1903 1903 486 486 485 485 1973 1973 1973 1973 485 485 495 495 1973 1973 495 495 1971 1971 1971 1971 495 495 494 494 1971 1971 494 494 1966 1966 1966 1966 494 494 493 493 1966 1966 493 493 1967 1967 1967 1967 493 493 1969 1969 1885 1885 1887 1887 505 505 505 505 1887 1887 1888 1888 505 505 1888 1888 513 513 513 513 1888 1888 1890 1890 513 513 1890 1890 514 514 514 514 1890 1890 1891 1891 514 514 1891 1891 545 545 545 545 1891 1891 1893 1893 522 522 520 520 1903 1903 1903 1903 520 520 553 553 1903 1903 553 553 1895 1895 1895 1895 553 553 552 552 1895 1895 552 552 1897 1897 1897 1897 552 552 550 550 1897 1897 550 550 1898 1898 1898 1898 550 550 548 548 1898 1898 548 548 1893 1893 1893 1893 548 548 546 546 1893 1893 546 546 545 545 59 59 35 35 2062 2062 2062 2062 35 35 34 34 126 126 125 125 2063 2063 127 127 83 83 2064 2064 770 770 769 769 2065 2065 2066 2066 2067 2067 2068 2068 2069 2069 2070 2070 2071 2071 2072 2072 2073 2073 2074 2074 2075 2075 2076 2076 2077 2077 777 777 788 788 2078 2078 50 50 48 48 802 802 802 802 48 48 2079 2079 797 797 2080 2080 2081 2081 797 797 795 795 2080 2080 2080 2080 795 795 793 793 2080 2080 793 793 2079 2079 2079 2079 793 793 792 792 2079 2079 792 792 802 802 2082 2082 2076 2076 2083 2083 2083 2083 2076 2076 2075 2075 2083 2083 2075 2075 2084 2084 2085 2085 784 784 2086 2086 2086 2086 784 784 785 785 2086 2086 785 785 790 790 778 778 777 777 2087 2087 2087 2087 777 777 2078 2078 2087 2087 2078 2078 2088 2088 2088 2088 2078 2078 2085 2085 2088 2088 2085 2085 2089 2089 2089 2089 2085 2085 2086 2086 2089 2089 2086 2086 2090 2090 2090 2090 2086 2086 2081 2081 2090 2090 2081 2081 2091 2091 2091 2091 2081 2081 2080 2080 788 788 787 787 2078 2078 2078 2078 787 787 786 786 2078 2078 786 786 2085 2085 2085 2085 786 786 782 782 2085 2085 782 782 784 784 790 790 800 800 2086 2086 2086 2086 800 800 799 799 2086 2086 799 799 2081 2081 2081 2081 799 799 796 796 2081 2081 796 796 797 797 2082 2082 2072 2072 2092 2092 2082 2082 2092 2092 2076 2076 2076 2076 2092 2092 2093 2093 2076 2076 2093 2093 2077 2077 2070 2070 2067 2067 2071 2071 2071 2071 2067 2067 2066 2066 2071 2071 2066 2066 2094 2094 773 773 2095 2095 766 766 766 766 2095 2095 767 767 2072 2072 2074 2074 2092 2092 2092 2092 2074 2074 2095 2095 2092 2092 2095 2095 2093 2093 2093 2093 2095 2095 773 773 2093 2093 773 773 772 772 772 772 776 776 2093 2093 2093 2093 776 776 775 775 2093 2093 775 775 2077 2077 2077 2077 775 775 781 781 2077 2077 781 781 780 780 760 760 756 756 2094 2094 761 761 2096 2096 762 762 762 762 2096 2096 2064 2064 762 762 2064 2064 753 753 761 761 757 757 2096 2096 2096 2096 757 757 759 759 2096 2096 759 759 2097 2097 2097 2097 759 759 760 760 756 756 755 755 2094 2094 2094 2094 755 755 765 765 2094 2094 765 765 764 764 2069 2069 2071 2071 2098 2098 2098 2098 2071 2071 2094 2094 2098 2098 2094 2094 2065 2065 2065 2065 2094 2094 764 764 2065 2065 764 764 770 770 760 760 2094 2094 2097 2097 2097 2097 2094 2094 2066 2066 2097 2097 2066 2066 2096 2096 2096 2096 2066 2066 2068 2068 2096 2096 2068 2068 2064 2064 2064 2064 2068 2068 2099 2099 2064 2064 2099 2099 127 127 2100 2100 2101 2101 2102 2102 2102 2102 2103 2103 2100 2100 2100 2100 2103 2103 2104 2104 2100 2100 2104 2104 2105 2105 2105 2105 2104 2104 2106 2106 2105 2105 2106 2106 2107 2107 2108 2108 2109 2109 2110 2110 2111 2111 2112 2112 2113 2113 2063 2063 2114 2114 2115 2115 2111 2111 2113 2113 2116 2116 2116 2116 2113 2113 2117 2117 2116 2116 2117 2117 2114 2114 2114 2114 2117 2117 2118 2118 2114 2114 2118 2118 2115 2115 119 119 126 126 2119 2119 2119 2119 126 126 2063 2063 2119 2119 2063 2063 2120 2120 2120 2120 2063 2063 2115 2115 34 34 2121 2121 2062 2062 2062 2062 2121 2121 2122 2122 2062 2062 2122 2122 2123 2123 2124 2124 2125 2125 2126 2126 2127 2127 2128 2128 2129 2129 2129 2129 2128 2128 2130 2130 2129 2129 2130 2130 2125 2125 2125 2125 2130 2130 2131 2131 2125 2125 2131 2131 2126 2126 2122 2122 2132 2132 2123 2123 2123 2123 2132 2132 2133 2133 2123 2123 2133 2133 2134 2134 2134 2134 2133 2133 2135 2135 2134 2134 2135 2135 2127 2127 2127 2127 2135 2135 2136 2136 2127 2127 2136 2136 2128 2128 47 47 1 1 2137 2137 2137 2137 1 1 0 0 0 0 59 59 2137 2137 2137 2137 59 59 2062 2062 2137 2137 2062 2062 2138 2138 2138 2138 2062 2062 2123 2123 2138 2138 2123 2123 2139 2139 2139 2139 2123 2123 2134 2134 2139 2139 2134 2134 2140 2140 2140 2140 2134 2134 2127 2127 2140 2140 2127 2127 2141 2141 2141 2141 2127 2127 2129 2129 2141 2141 2129 2129 2142 2142 2142 2142 2129 2129 2125 2125 2142 2142 2125 2125 2143 2143 2143 2143 2125 2125 2124 2124 2143 2143 2124 2124 2144 2144 2144 2144 2124 2124 2101 2101 2144 2144 2101 2101 2145 2145 2145 2145 2101 2101 2100 2100 2145 2145 2100 2100 2146 2146 2146 2146 2100 2100 2105 2105 2146 2146 2105 2105 2108 2108 2108 2108 2105 2105 2107 2107 2108 2108 2107 2107 2109 2109 2126 2126 2147 2147 2124 2124 2124 2124 2147 2147 2148 2148 2124 2124 2148 2148 2101 2101 2101 2101 2148 2148 2149 2149 2101 2101 2149 2149 2102 2102 753 753 2064 2064 751 751 751 751 2064 2064 83 83 751 751 83 83 82 82 780 780 778 778 2077 2077 2077 2077 778 778 2087 2087 2077 2077 2087 2087 2075 2075 2075 2075 2087 2087 2088 2088 2075 2075 2088 2088 2084 2084 2084 2084 2088 2088 2089 2089 2084 2084 2089 2089 2150 2150 2150 2150 2089 2089 2090 2090 2150 2150 2090 2090 2151 2151 2151 2151 2090 2090 2091 2091 132 132 131 131 2099 2099 2099 2099 131 131 129 129 2099 2099 129 129 127 127 125 125 132 132 2063 2063 2063 2063 132 132 2099 2099 2063 2063 2099 2099 2114 2114 2114 2114 2099 2099 2068 2068 2114 2114 2068 2068 2116 2116 2116 2116 2068 2068 2067 2067 2116 2116 2067 2067 2111 2111 2111 2111 2067 2067 2070 2070 2111 2111 2070 2070 2152 2152 2152 2152 2070 2070 2069 2069 2152 2152 2069 2069 2073 2073 2073 2073 2069 2069 2098 2098 2073 2073 2098 2098 2074 2074 2074 2074 2098 2098 2065 2065 2074 2074 2065 2065 2095 2095 2095 2095 2065 2065 769 769 2095 2095 769 769 767 767 48 48 47 47 2079 2079 2079 2079 47 47 2137 2137 2079 2079 2137 2137 2080 2080 2080 2080 2137 2137 2138 2138 2080 2080 2138 2138 2091 2091 2091 2091 2138 2138 2139 2139 2091 2091 2139 2139 2151 2151 2151 2151 2139 2139 2140 2140 2151 2151 2140 2140 2150 2150 2150 2150 2140 2140 2141 2141 2150 2150 2141 2141 2084 2084 2084 2084 2141 2141 2142 2142 2084 2084 2142 2142 2083 2083 2083 2083 2142 2142 2143 2143 2083 2083 2143 2143 2082 2082 2082 2082 2143 2143 2144 2144 2082 2082 2144 2144 2072 2072 2072 2072 2144 2144 2145 2145 2072 2072 2145 2145 2073 2073 2073 2073 2145 2145 2146 2146 2073 2073 2146 2146 2152 2152 2152 2152 2146 2146 2108 2108 2152 2152 2108 2108 2111 2111 2111 2111 2108 2108 2110 2110 2111 2111 2110 2110 2112 2112 2153 2153 2103 2103 2154 2154 2154 2154 2103 2103 2102 2102 2154 2154 2102 2102 2155 2155 2155 2155 2102 2102 2149 2149 2155 2155 2149 2149 2156 2156 2157 2157 2109 2109 2158 2158 2158 2158 2109 2109 2107 2107 2158 2158 2107 2107 2159 2159 2159 2159 2107 2107 2106 2106 2159 2159 2106 2106 2153 2153 2153 2153 2106 2106 2104 2104 2153 2153 2104 2104 2103 2103 34 34 77 77 2121 2121 2121 2121 77 77 2160 2160 2121 2121 2160 2160 2122 2122 2122 2122 2160 2160 2161 2161 2122 2122 2161 2161 2132 2132 2132 2132 2161 2161 2162 2162 2132 2132 2162 2162 2133 2133 2133 2133 2162 2162 2163 2163 2133 2133 2163 2163 2135 2135 2135 2135 2163 2163 2164 2164 2135 2135 2164 2164 2136 2136 2136 2136 2164 2164 2165 2165 2136 2136 2165 2165 2128 2128 2128 2128 2165 2165 2166 2166 2128 2128 2166 2166 2130 2130 2130 2130 2166 2166 2167 2167 2130 2130 2167 2167 2131 2131 2131 2131 2167 2167 2168 2168 2131 2131 2168 2168 2126 2126 2126 2126 2168 2168 2169 2169 2126 2126 2169 2169 2147 2147 2147 2147 2169 2169 2156 2156 2147 2147 2156 2156 2148 2148 2148 2148 2156 2156 2149 2149 2170 2170 202 202 119 119 119 119 2119 2119 2170 2170 2170 2170 2119 2119 2120 2120 2170 2170 2120 2120 2171 2171 2171 2171 2120 2120 2115 2115 2171 2171 2115 2115 2172 2172 2172 2172 2115 2115 2118 2118 2172 2172 2118 2118 2173 2173 2173 2173 2118 2118 2117 2117 2173 2173 2117 2117 2174 2174 2174 2174 2117 2117 2113 2113 2174 2174 2113 2113 2175 2175 2175 2175 2113 2113 2112 2112 2175 2175 2112 2112 2157 2157 2157 2157 2112 2112 2110 2110 2157 2157 2110 2110 2109 2109 608 608 586 586 2176 2176 200 200 201 201 2177 2177 2177 2177 201 201 202 202 2178 2178 2179 2179 2180 2180 2176 2176 2181 2181 2182 2182 2183 2183 2184 2184 2185 2185 2186 2186 2187 2187 2188 2188 2188 2188 2187 2187 2189 2189 2190 2190 2191 2191 2192 2192 2193 2193 191 191 190 190 2193 2193 2194 2194 2195 2195 2195 2195 2194 2194 2196 2196 2197 2197 2198 2198 2199 2199 2200 2200 2197 2197 2201 2201 2201 2201 2197 2197 2199 2199 2201 2201 2199 2199 2190 2190 2191 2191 2202 2202 2192 2192 2192 2192 2202 2202 2203 2203 2192 2192 2203 2203 2204 2204 2189 2189 2205 2205 2188 2188 2188 2188 2205 2205 2206 2206 2188 2188 2206 2206 2207 2207 2191 2191 2186 2186 2202 2202 2202 2202 2186 2186 2188 2188 2202 2202 2188 2188 2208 2208 2208 2208 2188 2188 2207 2207 2190 2190 2192 2192 2201 2201 2201 2201 2192 2192 2209 2209 2201 2201 2209 2209 2200 2200 2183 2183 2210 2210 2184 2184 2184 2184 2210 2210 2211 2211 2184 2184 2211 2211 2212 2212 2178 2178 2213 2213 2214 2214 2214 2214 2213 2213 2215 2215 2214 2214 2215 2215 2216 2216 2176 2176 2217 2217 2181 2181 2181 2181 2217 2217 2218 2218 2181 2181 2218 2218 2219 2219 2220 2220 2221 2221 2180 2180 2180 2180 2221 2221 2222 2222 2180 2180 2222 2222 2178 2178 2214 2214 2223 2223 2178 2178 2178 2178 2223 2223 2224 2224 2178 2178 2224 2224 2167 2167 2225 2225 2156 2156 2169 2169 2216 2216 2226 2226 2214 2214 2214 2214 2226 2226 2183 2183 2214 2214 2183 2183 2223 2223 2223 2223 2183 2183 2227 2227 2223 2223 2227 2227 2224 2224 2167 2167 2166 2166 2178 2178 2178 2178 2166 2166 2228 2228 2178 2178 2228 2228 2179 2179 2179 2179 2228 2228 2229 2229 2179 2179 2229 2229 2180 2180 2180 2180 2229 2229 2230 2230 2180 2180 2230 2230 2220 2220 2219 2219 2231 2231 2181 2181 2181 2181 2231 2231 2229 2229 2181 2181 2229 2229 2182 2182 2182 2182 2229 2229 2232 2232 2182 2182 2232 2232 2176 2176 2176 2176 2232 2232 2161 2161 2176 2176 2161 2161 2160 2160 2166 2166 2165 2165 2228 2228 2228 2228 2165 2165 2164 2164 2228 2228 2164 2164 2229 2229 2229 2229 2164 2164 2163 2163 2229 2229 2163 2163 2232 2232 2232 2232 2163 2163 2162 2162 2232 2232 2162 2162 2161 2161 2160 2160 77 77 605 605 2233 2233 2234 2234 2172 2172 2172 2172 2234 2234 2235 2235 2172 2172 2235 2235 2171 2171 2171 2171 2235 2235 2170 2170 2159 2159 2236 2236 2158 2158 2158 2158 2236 2236 2237 2237 2172 2172 2173 2173 2233 2233 2233 2233 2173 2173 2174 2174 2233 2233 2174 2174 2238 2238 2238 2238 2174 2174 2175 2175 2238 2238 2175 2175 2237 2237 2237 2237 2175 2175 2157 2157 2237 2237 2157 2157 2158 2158 2193 2193 190 190 2194 2194 2194 2194 190 190 189 189 2194 2194 189 189 2239 2239 2239 2239 189 189 188 188 2239 2239 188 188 200 200 200 200 2177 2177 2239 2239 2239 2239 2177 2177 2199 2199 2239 2239 2199 2199 2194 2194 2194 2194 2199 2199 2240 2240 2194 2194 2240 2240 2196 2196 2159 2159 2189 2189 2236 2236 2236 2236 2189 2189 2187 2187 2236 2236 2187 2187 2237 2237 2237 2237 2187 2187 2186 2186 2237 2237 2186 2186 2238 2238 2238 2238 2186 2186 2191 2191 2238 2238 2191 2191 2233 2233 2233 2233 2191 2191 2190 2190 2233 2233 2190 2190 2234 2234 2234 2234 2190 2190 2199 2199 2234 2234 2199 2199 2235 2235 2235 2235 2199 2199 2177 2177 2235 2235 2177 2177 2170 2170 2170 2170 2177 2177 202 202 2156 2156 2225 2225 2155 2155 2155 2155 2225 2225 2241 2241 2155 2155 2241 2241 2154 2154 2154 2154 2241 2241 2242 2242 2154 2154 2242 2242 2153 2153 586 586 585 585 2176 2176 2176 2176 585 585 584 584 2176 2176 584 584 2243 2243 2243 2243 584 584 610 610 2212 2212 2244 2244 2184 2184 2184 2184 2244 2244 2189 2189 2184 2184 2189 2189 2185 2185 2160 2160 605 605 2176 2176 2176 2176 605 605 606 606 2176 2176 606 606 608 608 2159 2159 2153 2153 2189 2189 2189 2189 2153 2153 2242 2242 2189 2189 2242 2242 2185 2185 2185 2185 2242 2242 2241 2241 2185 2185 2241 2241 2183 2183 2183 2183 2241 2241 2225 2225 2183 2183 2225 2225 2227 2227 2227 2227 2225 2225 2169 2169 2227 2227 2169 2169 2224 2224 2224 2224 2169 2169 2168 2168 2224 2224 2168 2168 2167 2167 2245 2245 2246 2246 2247 2247 2248 2248 2249 2249 2250 2250 278 278 2251 2251 2252 2252 308 308 298 298 2253 2253 410 410 2254 2254 411 411 391 391 2255 2255 392 392 407 407 2256 2256 408 408 406 406 400 400 2257 2257 403 403 402 402 2258 2258 426 426 424 424 2259 2259 572 572 571 571 2260 2260 611 611 612 612 2261 2261 2262 2262 2263 2263 2264 2264 2265 2265 2266 2266 2267 2267 2268 2268 2269 2269 2270 2270 2270 2270 2269 2269 2271 2271 2272 2272 2273 2273 2274 2274 2275 2275 2276 2276 2277 2277 2278 2278 2279 2279 2280 2280 2281 2281 2282 2282 2283 2283 2284 2284 2285 2285 2250 2250 2286 2286 2287 2287 2288 2288 2288 2288 2287 2287 2289 2289 2288 2288 2289 2289 2290 2290 2291 2291 2292 2292 2293 2293 2293 2293 2292 2292 2294 2294 2294 2294 2295 2295 2293 2293 2293 2293 2295 2295 2296 2296 2293 2293 2296 2296 2297 2297 2298 2298 2299 2299 2300 2300 2300 2300 2299 2299 2301 2301 2302 2302 2303 2303 2304 2304 2298 2298 2305 2305 2299 2299 2299 2299 2305 2305 2306 2306 2299 2299 2306 2306 2302 2302 2303 2303 2307 2307 2304 2304 2304 2304 2307 2307 2308 2308 2304 2304 2308 2308 2286 2286 2285 2285 2309 2309 2310 2310 2310 2310 2309 2309 2311 2311 2310 2310 2311 2311 2312 2312 2313 2313 2314 2314 2315 2315 2313 2313 2315 2315 2299 2299 2299 2299 2315 2315 2316 2316 2299 2299 2316 2316 2301 2301 2284 2284 2250 2250 2317 2317 2318 2318 2319 2319 2249 2249 2320 2320 2321 2321 2322 2322 2322 2322 2321 2321 2323 2323 2324 2324 2325 2325 2326 2326 2326 2326 2325 2325 2322 2322 2326 2326 2322 2322 2327 2327 2327 2327 2322 2322 2323 2323 2319 2319 2328 2328 2249 2249 2249 2249 2328 2328 2329 2329 2249 2249 2329 2329 2250 2250 2250 2250 2329 2329 2330 2330 2250 2250 2330 2330 2317 2317 2322 2322 248 248 247 247 2331 2331 2332 2332 2333 2333 2334 2334 2335 2335 2336 2336 2336 2336 2335 2335 2337 2337 2336 2336 2337 2337 2338 2338 2331 2331 2333 2333 2339 2339 2338 2338 2340 2340 2336 2336 2336 2336 2340 2340 2341 2341 2336 2336 2341 2341 2339 2339 2342 2342 2343 2343 2344 2344 2345 2345 2346 2346 2347 2347 2347 2347 2346 2346 2348 2348 2347 2347 2348 2348 2349 2349 2350 2350 2351 2351 2334 2334 2334 2334 2351 2351 2335 2335 2352 2352 2353 2353 2354 2354 2354 2354 2353 2353 2355 2355 2354 2354 2355 2355 2356 2356 2357 2357 2358 2358 2359 2359 2359 2359 2358 2358 2360 2360 2359 2359 2360 2360 2361 2361 2357 2357 2362 2362 2358 2358 2358 2358 2362 2362 2363 2363 2358 2358 2363 2363 2364 2364 2365 2365 2366 2366 2367 2367 2367 2367 2366 2366 2368 2368 2367 2367 2368 2368 2369 2369 2369 2369 2370 2370 2367 2367 2367 2367 2370 2370 2371 2371 2367 2367 2371 2371 2360 2360 2360 2360 2371 2371 2361 2361 2332 2332 2372 2372 2333 2333 2333 2333 2372 2372 2373 2373 2333 2333 2373 2373 2374 2374 2375 2375 2376 2376 2377 2377 2377 2377 2376 2376 2378 2378 2377 2377 2378 2378 2365 2365 2379 2379 2380 2380 2381 2381 2381 2381 2380 2380 2382 2382 2381 2381 2382 2382 2383 2383 2383 2383 2382 2382 2384 2384 2383 2383 2384 2384 2385 2385 2386 2386 2387 2387 2388 2388 2386 2386 2388 2388 2389 2389 2390 2390 2391 2391 2392 2392 2392 2392 2391 2391 2393 2393 2392 2392 2393 2393 2394 2394 2394 2394 2395 2395 2396 2396 2396 2396 2395 2395 2397 2397 2396 2396 2397 2397 2398 2398 2399 2399 2400 2400 2401 2401 2402 2402 2403 2403 2404 2404 2402 2402 2404 2404 2405 2405 2400 2400 2406 2406 2401 2401 2401 2401 2406 2406 2407 2407 2401 2401 2407 2407 2404 2404 2404 2404 2407 2407 2408 2408 2404 2404 2408 2408 2405 2405 2409 2409 2410 2410 2401 2401 2401 2401 2410 2410 2411 2411 2401 2401 2411 2411 2399 2399 2412 2412 2413 2413 2414 2414 2415 2415 2416 2416 2417 2417 2417 2417 2416 2416 2418 2418 2419 2419 2420 2420 2414 2414 2414 2414 2420 2420 2421 2421 2414 2414 2421 2421 2412 2412 2422 2422 2423 2423 2424 2424 2424 2424 2423 2423 2419 2419 2425 2425 2426 2426 2427 2427 2427 2427 2426 2426 2428 2428 2427 2427 2428 2428 2424 2424 2424 2424 2428 2428 2429 2429 2424 2424 2429 2429 2422 2422 2430 2430 2283 2283 2431 2431 2432 2432 2433 2433 2434 2434 2435 2435 2436 2436 2431 2431 2431 2431 2436 2436 2437 2437 2431 2431 2437 2437 2430 2430 2280 2280 2279 2279 2438 2438 2439 2439 2440 2440 2441 2441 2441 2441 2440 2440 2442 2442 2443 2443 2444 2444 2445 2445 2443 2443 2445 2445 2446 2446 2446 2446 2445 2445 2447 2447 2446 2446 2447 2447 2448 2448 2448 2448 2449 2449 2446 2446 2446 2446 2449 2449 2450 2450 2446 2446 2450 2450 2441 2441 2441 2441 2450 2450 2451 2451 2451 2451 2452 2452 2441 2441 2441 2441 2452 2452 2453 2453 2441 2441 2453 2453 2454 2454 2454 2454 2455 2455 2456 2456 2456 2456 2455 2455 2457 2457 2456 2456 2457 2457 2458 2458 2456 2456 2459 2459 2454 2454 2454 2454 2459 2459 2460 2460 2454 2454 2460 2460 2441 2441 2441 2441 2460 2460 2461 2461 2441 2441 2461 2461 2439 2439 2439 2439 2461 2461 2462 2462 2463 2463 2464 2464 2465 2465 2465 2465 2464 2464 2466 2466 2465 2465 2466 2466 2443 2443 2443 2443 2466 2466 2467 2467 2443 2443 2467 2467 2444 2444 2468 2468 2469 2469 2470 2470 2470 2470 2471 2471 2468 2468 2468 2468 2471 2471 2472 2472 2468 2468 2472 2472 2473 2473 2472 2472 2474 2474 2473 2473 2473 2473 2474 2474 2475 2475 2473 2473 2475 2475 2465 2465 2465 2465 2475 2475 2476 2476 2465 2465 2476 2476 2463 2463 2477 2477 2478 2478 2469 2469 2469 2469 2478 2478 2479 2479 2469 2469 2479 2479 2470 2470 2480 2480 2481 2481 2482 2482 2483 2483 2484 2484 2482 2482 2482 2482 2484 2484 2485 2485 2485 2485 2486 2486 2482 2482 2482 2482 2486 2486 2487 2487 2482 2482 2487 2487 2480 2480 2488 2488 2489 2489 2490 2490 2490 2490 2489 2489 2491 2491 2490 2490 2491 2491 2492 2492 2491 2491 2493 2493 2492 2492 2492 2492 2493 2493 2494 2494 2492 2492 2494 2494 2483 2483 2483 2483 2494 2494 2495 2495 2483 2483 2495 2495 2484 2484 2281 2281 2283 2283 2496 2496 2496 2496 2283 2283 2430 2430 2496 2496 2430 2430 2497 2497 2497 2497 2430 2430 2498 2498 2497 2497 2498 2498 2499 2499 2499 2499 2498 2498 2500 2500 2499 2499 2500 2500 2501 2501 2501 2501 2500 2500 2502 2502 2501 2501 2502 2502 2503 2503 2503 2503 2502 2502 2504 2504 2503 2503 2504 2504 2490 2490 2490 2490 2504 2504 2488 2488 2481 2481 2477 2477 2482 2482 2482 2482 2477 2477 2469 2469 2482 2482 2469 2469 2505 2505 2505 2505 2469 2469 2468 2468 2505 2505 2468 2468 2506 2506 2506 2506 2468 2468 2507 2507 2506 2506 2507 2507 2508 2508 2508 2508 2509 2509 2510 2510 2510 2510 2509 2509 2511 2511 2510 2510 2511 2511 2512 2512 2513 2513 2514 2514 2277 2277 2512 2512 2511 2511 2276 2276 2276 2276 2511 2511 2513 2513 2276 2276 2513 2513 2277 2277 2275 2275 2277 2277 2274 2274 2274 2274 2277 2277 2515 2515 2274 2274 2515 2515 2272 2272 2516 2516 2517 2517 2518 2518 2518 2518 2517 2517 2519 2519 2507 2507 2518 2518 2520 2520 2520 2520 2268 2268 2507 2507 2507 2507 2268 2268 2270 2270 2507 2507 2270 2270 2508 2508 2508 2508 2270 2270 2271 2271 2508 2508 2271 2271 2509 2509 2509 2509 2271 2271 2521 2521 2522 2522 2523 2523 2524 2524 2524 2524 2523 2523 2525 2525 2524 2524 2525 2525 2526 2526 2526 2526 2525 2525 2527 2527 2526 2526 2527 2527 2528 2528 2524 2524 2529 2529 2522 2522 2522 2522 2529 2529 2530 2530 2522 2522 2530 2530 2531 2531 2531 2531 2530 2530 2532 2532 2533 2533 2283 2283 2534 2534 2534 2534 2283 2283 2282 2282 2534 2534 2282 2282 2535 2535 2535 2535 2282 2282 2536 2536 2535 2535 2536 2536 2532 2532 2532 2532 2536 2536 2537 2537 2532 2532 2537 2537 2531 2531 2538 2538 2539 2539 2540 2540 2541 2541 2542 2542 2543 2543 2543 2543 2542 2542 2544 2544 2543 2543 2544 2544 2545 2545 2545 2545 2544 2544 2546 2546 2547 2547 2548 2548 2549 2549 2549 2549 2548 2548 2550 2550 2549 2549 2550 2550 2551 2551 2551 2551 2550 2550 2552 2552 2551 2551 2552 2552 2553 2553 2540 2540 2539 2539 2554 2554 2554 2554 2539 2539 2555 2555 2554 2554 2555 2555 2556 2556 2527 2527 2520 2520 2528 2528 2528 2528 2520 2520 2518 2518 2528 2528 2518 2518 2557 2557 2557 2557 2518 2518 2519 2519 2557 2557 2519 2519 2558 2558 2558 2558 2519 2519 2559 2559 2558 2558 2559 2559 2560 2560 2560 2560 2559 2559 2561 2561 2560 2560 2561 2561 2562 2562 2562 2562 2561 2561 2563 2563 2562 2562 2563 2563 2564 2564 2564 2564 2563 2563 2565 2565 2564 2564 2565 2565 2566 2566 2567 2567 2568 2568 2544 2544 2544 2544 2568 2568 2546 2546 2546 2546 2568 2568 2569 2569 2546 2546 2569 2569 2547 2547 2547 2547 2569 2569 2570 2570 2547 2547 2570 2570 2548 2548 2571 2571 2567 2567 2572 2572 2572 2572 2567 2567 2544 2544 2572 2572 2544 2544 2542 2542 2573 2573 2262 2262 2574 2574 2574 2574 2262 2262 2575 2575 2575 2575 2262 2262 2264 2264 2575 2575 2264 2264 2576 2576 2576 2576 2264 2264 2577 2577 2576 2576 2577 2577 2578 2578 2579 2579 2580 2580 2581 2581 2574 2574 2582 2582 2573 2573 2573 2573 2582 2582 2583 2583 2573 2573 2583 2583 2581 2581 2581 2581 2583 2583 2584 2584 2579 2579 2581 2581 2584 2584 2579 2579 2584 2584 2585 2585 2585 2585 2584 2584 2586 2586 2585 2585 2586 2586 2587 2587 2588 2588 2589 2589 2576 2576 2576 2576 2589 2589 2590 2590 2576 2576 2590 2590 2575 2575 2575 2575 2590 2590 2591 2591 2575 2575 2591 2591 2574 2574 2592 2592 2593 2593 2594 2594 2594 2594 2593 2593 2595 2595 2594 2594 2595 2595 2596 2596 2596 2596 2595 2595 2597 2597 2596 2596 2597 2597 2588 2588 2588 2588 2597 2597 2598 2598 2588 2588 2598 2598 2589 2589 2599 2599 2600 2600 2601 2601 2601 2601 2600 2600 2602 2602 2601 2601 2602 2602 2603 2603 2603 2603 2602 2602 2604 2604 2599 2599 2605 2605 2606 2606 2606 2606 2605 2605 2607 2607 2607 2607 2605 2605 2553 2553 2553 2553 2605 2605 2608 2608 2553 2553 2608 2608 2551 2551 612 612 613 613 2261 2261 2261 2261 613 613 614 614 2261 2261 614 614 615 615 615 615 581 581 2261 2261 2261 2261 581 581 580 580 2261 2261 580 580 230 230 2609 2609 2610 2610 2261 2261 2261 2261 2610 2610 2611 2611 2218 2218 2217 2217 2612 2612 2612 2612 2217 2217 2176 2176 2612 2612 2176 2176 2611 2611 2611 2611 2176 2176 2243 2243 2611 2611 2243 2243 2261 2261 2261 2261 2243 2243 610 610 2261 2261 610 610 611 611 2613 2613 2229 2229 2614 2614 2614 2614 2229 2229 2231 2231 2614 2614 2231 2231 2612 2612 2612 2612 2231 2231 2219 2219 2612 2612 2219 2219 2218 2218 2221 2221 2220 2220 2613 2613 2613 2613 2220 2220 2230 2230 2613 2613 2230 2230 2229 2229 2221 2221 2613 2613 2222 2222 2222 2222 2613 2613 2615 2615 2222 2222 2615 2615 2178 2178 2178 2178 2615 2615 2616 2616 2178 2178 2616 2616 2213 2213 2183 2183 2226 2226 2617 2617 2617 2617 2226 2226 2216 2216 2617 2617 2216 2216 2616 2616 2616 2616 2216 2216 2215 2215 2616 2616 2215 2215 2213 2213 2618 2618 2212 2212 2619 2619 2619 2619 2212 2212 2211 2211 2619 2619 2211 2211 2617 2617 2617 2617 2211 2211 2210 2210 2617 2617 2210 2210 2183 2183 2207 2207 2206 2206 2620 2620 2206 2206 2205 2205 2620 2620 2620 2620 2205 2205 2189 2189 2620 2620 2189 2189 2618 2618 2618 2618 2189 2189 2244 2244 2618 2618 2244 2244 2212 2212 2621 2621 2202 2202 2620 2620 2620 2620 2202 2202 2208 2208 2620 2620 2208 2208 2207 2207 2209 2209 2192 2192 2622 2622 2622 2622 2192 2192 2204 2204 2622 2622 2204 2204 2621 2621 2621 2621 2204 2204 2203 2203 2621 2621 2203 2203 2202 2202 2198 2198 2197 2197 2623 2623 2623 2623 2197 2197 2200 2200 2198 2198 2624 2624 2199 2199 2199 2199 2624 2624 2625 2625 2199 2199 2625 2625 2240 2240 191 191 2193 2193 2626 2626 2626 2626 2193 2193 2195 2195 2626 2626 2195 2195 2196 2196 2627 2627 192 192 191 191 192 192 2627 2627 193 193 193 193 2627 2627 195 195 193 193 195 195 194 194 573 573 175 175 2628 2628 2628 2628 175 175 145 145 184 184 196 196 146 146 146 146 196 196 2628 2628 146 146 2628 2628 144 144 144 144 2628 2628 145 145 572 572 2260 2260 424 424 2629 2629 428 428 2259 2259 2259 2259 428 428 427 427 2259 2259 427 427 426 426 413 413 412 412 2630 2630 2630 2630 412 412 430 430 2630 2630 430 430 2629 2629 2629 2629 430 430 429 429 2629 2629 429 429 428 428 413 413 2630 2630 415 415 415 415 2630 2630 2409 2409 415 415 2409 2409 417 417 418 418 2631 2631 419 419 419 419 2631 2631 420 420 2632 2632 433 433 2633 2633 2633 2633 433 433 432 432 2633 2633 432 432 2634 2634 2634 2634 432 432 431 431 2634 2634 431 431 2631 2631 2631 2631 431 431 423 423 2631 2631 423 423 420 420 439 439 436 436 2635 2635 2635 2635 436 436 435 435 2635 2635 435 435 2632 2632 2632 2632 435 435 434 434 2632 2632 434 434 433 433 2636 2636 438 438 437 437 2636 2636 437 437 2637 2637 2638 2638 441 441 2636 2636 2636 2636 441 441 440 440 2636 2636 440 440 438 438 445 445 444 444 2639 2639 2639 2639 444 444 443 443 2640 2640 405 405 2258 2258 2258 2258 405 405 404 404 2258 2258 404 404 403 403 391 391 390 390 2641 2641 2641 2641 390 390 2256 2256 2256 2256 390 390 389 389 2256 2256 389 389 408 408 392 392 2255 2255 397 397 397 397 2255 2255 2642 2642 397 397 2642 2642 398 398 393 393 394 394 2643 2643 2643 2643 394 394 395 395 2643 2643 395 395 396 396 2644 2644 215 215 213 213 2644 2644 213 213 2254 2254 2254 2254 213 213 212 212 2254 2254 212 212 411 411 2645 2645 383 383 2644 2644 2644 2644 383 383 216 216 2644 2644 216 216 215 215 2646 2646 385 385 2645 2645 2645 2645 385 385 384 384 2645 2645 384 384 383 383 387 387 386 386 2647 2647 2647 2647 386 386 382 382 2647 2647 382 382 2646 2646 2646 2646 382 382 381 381 2646 2646 381 381 385 385 387 387 2647 2647 388 388 388 388 2647 2647 2648 2648 388 388 2648 2648 376 376 376 376 2648 2648 377 377 377 377 2648 2648 2649 2649 377 377 2649 2649 378 378 2650 2650 380 380 2649 2649 2649 2649 380 380 379 379 2649 2649 379 379 378 378 374 374 373 373 2650 2650 2650 2650 373 373 375 375 2650 2650 375 375 380 380 374 374 2651 2651 2652 2652 374 374 2652 2652 575 575 2653 2653 303 303 2652 2652 2652 2652 303 303 576 576 2652 2652 576 576 575 575 2654 2654 305 305 2653 2653 2653 2653 305 305 301 301 2653 2653 301 301 303 303 297 297 307 307 2654 2654 2654 2654 307 307 306 306 2654 2654 306 306 305 305 292 292 291 291 2655 2655 2655 2655 291 291 310 310 2655 2655 310 310 309 309 295 295 2656 2656 296 296 296 296 2656 2656 285 285 2251 2251 311 311 288 288 278 278 313 313 2251 2251 2251 2251 313 313 312 312 2251 2251 312 312 311 311 276 276 2657 2657 274 274 274 274 2657 2657 279 279 271 271 273 273 2658 2658 2658 2658 273 273 281 281 2658 2658 281 281 2657 2657 2657 2657 281 281 280 280 2657 2657 280 280 279 279 269 269 2659 2659 282 282 282 282 2659 2659 2660 2660 282 282 2660 2660 283 283 283 283 2660 2660 284 284 284 284 2660 2660 2661 2661 284 284 2661 2661 263 263 2662 2662 264 264 2661 2661 2661 2661 264 264 262 262 2661 2661 262 262 263 263 2663 2663 268 268 2664 2664 2664 2664 268 268 267 267 2664 2664 267 267 2662 2662 2662 2662 267 267 265 265 2662 2662 265 265 264 264 2665 2665 317 317 2663 2663 2663 2663 317 317 316 316 2663 2663 316 316 268 268 2666 2666 321 321 2667 2667 2667 2667 321 321 320 320 2667 2667 320 320 319 319 338 338 315 315 2666 2666 2666 2666 315 315 314 314 2666 2666 314 314 321 321 253 253 339 339 2668 2668 256 256 255 255 2293 2293 2293 2293 255 255 2288 2288 2293 2293 2288 2288 2291 2291 2291 2291 2288 2288 2290 2290 2320 2320 2322 2322 2297 2297 2297 2297 2322 2322 247 247 2297 2297 247 247 2293 2293 2293 2293 247 247 246 246 2293 2293 246 246 256 256 244 244 2669 2669 245 245 245 245 2669 2669 227 227 227 227 2669 2669 228 228 228 228 2669 2669 2670 2670 228 228 2670 2670 250 250 251 251 2671 2671 252 252 252 252 2671 2671 2247 2247 252 252 2247 2247 240 240 240 240 2247 2247 241 241 241 241 2247 2247 2246 2246 241 241 2246 2246 242 242 2672 2672 2609 2609 239 239 239 239 2609 2609 2261 2261 239 239 2261 2261 229 229 229 229 2261 2261 230 230 339 339 338 338 2668 2668 2668 2668 338 338 2666 2666 2668 2668 2666 2666 2673 2673 2673 2673 2666 2666 2667 2667 2673 2673 2667 2667 2674 2674 2674 2674 2667 2667 319 319 2674 2674 319 319 2665 2665 2665 2665 319 319 318 318 2665 2665 318 318 317 317 244 244 249 249 2669 2669 2669 2669 249 249 248 248 2669 2669 248 248 2670 2670 2670 2670 248 248 2322 2322 2670 2670 2322 2322 2675 2675 2675 2675 2322 2322 2325 2325 2675 2675 2325 2325 2676 2676 2285 2285 2310 2310 2250 2250 2250 2250 2310 2310 2677 2677 2250 2250 2677 2677 2248 2248 251 251 250 250 2671 2671 2671 2671 250 250 2670 2670 2671 2671 2670 2670 2247 2247 2247 2247 2670 2670 2675 2675 2247 2247 2675 2675 2245 2245 2245 2245 2675 2675 2676 2676 2245 2245 2676 2676 2678 2678 2302 2302 2304 2304 2299 2299 2299 2299 2304 2304 2679 2679 2299 2299 2679 2679 2313 2313 2313 2313 2679 2679 2680 2680 2313 2313 2680 2680 2681 2681 2681 2681 2680 2680 2682 2682 2681 2681 2682 2682 2683 2683 2266 2266 2549 2549 2267 2267 2267 2267 2549 2549 2551 2551 2267 2267 2551 2551 2684 2684 2684 2684 2551 2551 2685 2685 2684 2684 2685 2685 2310 2310 2608 2608 2686 2686 2551 2551 2551 2551 2686 2686 2687 2687 2551 2551 2687 2687 2685 2685 2685 2685 2687 2687 2688 2688 2685 2685 2688 2688 2310 2310 2310 2310 2688 2688 2689 2689 2310 2310 2689 2689 2677 2677 2599 2599 2601 2601 2605 2605 2605 2605 2601 2601 2690 2690 2605 2605 2690 2690 2608 2608 2608 2608 2690 2690 2691 2691 2608 2608 2691 2691 2686 2686 2686 2686 2691 2691 2692 2692 2686 2686 2692 2692 2687 2687 2687 2687 2692 2692 2693 2693 2687 2687 2693 2693 2688 2688 2688 2688 2693 2693 2694 2694 2688 2688 2694 2694 2689 2689 2689 2689 2694 2694 2695 2695 2689 2689 2695 2695 2677 2677 2677 2677 2695 2695 2696 2696 2677 2677 2696 2696 2248 2248 2248 2248 2696 2696 2697 2697 2248 2248 2697 2697 2249 2249 2698 2698 2699 2699 2700 2700 2700 2700 2699 2699 2701 2701 2700 2700 2701 2701 2702 2702 2702 2702 2701 2701 2703 2703 2702 2702 2703 2703 2704 2704 2704 2704 2703 2703 2705 2705 2704 2704 2705 2705 2706 2706 2706 2706 2705 2705 2707 2707 2706 2706 2707 2707 2708 2708 2708 2708 2707 2707 2709 2709 2708 2708 2709 2709 2678 2678 2678 2678 2709 2709 2710 2710 2678 2678 2710 2710 2245 2245 2245 2245 2710 2710 2711 2711 2245 2245 2711 2711 2246 2246 2712 2712 2713 2713 2576 2576 417 417 2409 2409 418 418 418 418 2409 2409 2401 2401 418 418 2401 2401 2631 2631 2631 2631 2401 2401 2404 2404 2631 2631 2404 2404 2634 2634 2634 2634 2404 2404 2714 2714 2634 2634 2714 2714 2633 2633 2633 2633 2714 2714 2715 2715 2633 2633 2715 2715 2632 2632 2632 2632 2715 2715 2637 2637 2632 2632 2637 2637 2635 2635 2635 2635 2637 2637 437 437 2635 2635 437 437 439 439 2324 2324 2318 2318 2325 2325 2325 2325 2318 2318 2249 2249 2325 2325 2249 2249 2676 2676 2676 2676 2249 2249 2697 2697 2676 2676 2697 2697 2678 2678 2678 2678 2697 2697 2696 2696 2678 2678 2696 2696 2708 2708 2708 2708 2696 2696 2695 2695 2708 2708 2695 2695 2706 2706 2706 2706 2695 2695 2694 2694 2706 2706 2694 2694 2704 2704 2704 2704 2694 2694 2693 2693 2704 2704 2693 2693 2702 2702 2702 2702 2693 2693 2692 2692 2702 2702 2692 2692 2700 2700 2700 2700 2692 2692 2691 2691 2700 2700 2691 2691 2698 2698 2698 2698 2691 2691 2690 2690 2698 2698 2690 2690 2716 2716 2716 2716 2690 2690 2601 2601 2716 2716 2601 2601 2592 2592 2592 2592 2601 2601 2603 2603 2592 2592 2603 2603 2593 2593 2593 2593 2603 2603 2604 2604 2596 2596 2717 2717 2594 2594 2594 2594 2717 2717 2718 2718 2594 2594 2718 2718 2592 2592 2592 2592 2718 2718 2719 2719 2592 2592 2719 2719 2716 2716 2716 2716 2719 2719 2720 2720 2716 2716 2720 2720 2698 2698 2713 2713 2721 2721 2576 2576 2576 2576 2721 2721 2722 2722 2576 2576 2722 2722 2588 2588 2588 2588 2722 2722 2723 2723 2588 2588 2723 2723 2596 2596 2596 2596 2723 2723 2724 2724 2596 2596 2724 2724 2717 2717 2724 2724 2725 2725 2717 2717 2717 2717 2725 2725 2726 2726 2717 2717 2726 2726 2718 2718 2718 2718 2726 2726 2727 2727 2718 2718 2727 2727 2719 2719 2719 2719 2727 2727 2728 2728 2719 2719 2728 2728 2720 2720 2720 2720 2728 2728 2729 2729 2720 2720 2729 2729 2698 2698 2698 2698 2729 2729 2730 2730 2698 2698 2730 2730 2699 2699 2725 2725 2622 2622 2726 2726 2726 2726 2622 2622 2621 2621 2726 2726 2621 2621 2727 2727 2727 2727 2621 2621 2620 2620 2727 2727 2620 2620 2728 2728 2728 2728 2620 2620 2618 2618 2728 2728 2618 2618 2729 2729 2729 2729 2618 2618 2619 2619 2729 2729 2619 2619 2730 2730 2730 2730 2619 2619 2617 2617 2730 2730 2617 2617 2699 2699 2699 2699 2617 2617 2616 2616 2699 2699 2616 2616 2701 2701 2701 2701 2616 2616 2615 2615 2701 2701 2615 2615 2703 2703 2703 2703 2615 2615 2613 2613 2703 2703 2613 2613 2705 2705 2705 2705 2613 2613 2614 2614 2705 2705 2614 2614 2707 2707 2707 2707 2614 2614 2612 2612 2707 2707 2612 2612 2709 2709 2709 2709 2612 2612 2611 2611 2709 2709 2611 2611 2710 2710 2710 2710 2611 2611 2610 2610 2710 2710 2610 2610 2711 2711 2711 2711 2610 2610 2609 2609 2711 2711 2609 2609 2246 2246 2246 2246 2609 2609 2672 2672 2246 2246 2672 2672 242 242 242 242 2672 2672 239 239 2419 2419 2414 2414 2424 2424 2424 2424 2414 2414 2731 2731 2424 2424 2731 2731 2732 2732 2732 2732 2731 2731 2733 2733 2732 2732 2733 2733 2734 2734 2734 2734 2733 2733 2260 2260 2734 2734 2260 2260 2735 2735 2735 2735 2260 2260 571 571 2735 2735 571 571 2736 2736 2736 2736 571 571 570 570 2736 2736 570 570 574 574 2629 2629 2737 2737 2630 2630 2630 2630 2737 2737 2416 2416 2630 2630 2416 2416 2409 2409 2409 2409 2416 2416 2415 2415 2409 2409 2415 2415 2410 2410 424 424 2260 2260 2259 2259 2259 2259 2260 2260 2733 2733 2259 2259 2733 2733 2629 2629 2629 2629 2733 2733 2731 2731 2629 2629 2731 2731 2737 2737 2737 2737 2731 2731 2414 2414 2737 2737 2414 2414 2416 2416 2416 2416 2414 2414 2413 2413 2416 2416 2413 2413 2418 2418 573 573 2628 2628 574 574 574 574 2628 2628 2738 2738 574 574 2738 2738 2736 2736 2736 2736 2738 2738 2739 2739 2736 2736 2739 2739 2735 2735 2735 2735 2739 2739 2740 2740 2735 2735 2740 2740 2734 2734 2734 2734 2740 2740 2741 2741 2734 2734 2741 2741 2732 2732 2732 2732 2741 2741 2742 2742 2732 2732 2742 2742 2424 2424 2424 2424 2742 2742 2383 2383 2424 2424 2383 2383 2427 2427 2427 2427 2383 2383 2385 2385 2427 2427 2385 2385 2425 2425 2360 2360 2650 2650 2367 2367 2367 2367 2650 2650 2649 2649 2367 2367 2649 2649 2743 2743 2743 2743 2649 2649 2648 2648 2743 2743 2648 2648 2744 2744 2744 2744 2648 2648 2647 2647 2744 2744 2647 2647 2745 2745 2745 2745 2647 2647 2646 2646 2745 2745 2646 2646 2746 2746 2746 2746 2646 2646 2645 2645 2746 2746 2645 2645 2747 2747 2747 2747 2645 2645 2644 2644 2747 2747 2644 2644 2748 2748 2748 2748 2644 2644 2254 2254 2748 2748 2254 2254 2749 2749 2749 2749 2254 2254 410 410 2749 2749 410 410 2643 2643 2643 2643 410 410 409 409 2643 2643 409 409 393 393 2750 2750 2473 2473 2751 2751 2751 2751 2473 2473 2465 2465 2751 2751 2465 2465 2752 2752 2752 2752 2465 2465 2443 2443 2752 2752 2443 2443 2753 2753 2753 2753 2443 2443 2446 2446 2753 2753 2446 2446 2754 2754 2755 2755 2756 2756 2757 2757 2758 2758 2759 2759 2760 2760 2756 2756 2755 2755 2761 2761 2761 2761 2755 2755 2762 2762 2761 2761 2762 2762 2763 2763 2763 2763 2762 2762 2764 2764 2763 2763 2764 2764 2765 2765 2765 2765 2764 2764 2766 2766 2765 2765 2766 2766 2712 2712 2712 2712 2766 2766 2767 2767 2712 2712 2767 2767 2713 2713 2713 2713 2767 2767 2768 2768 2713 2713 2768 2768 2721 2721 2721 2721 2768 2768 2769 2769 2721 2721 2769 2769 2722 2722 2722 2722 2769 2769 2770 2770 2722 2722 2770 2770 2723 2723 2723 2723 2770 2770 2771 2771 2723 2723 2771 2771 2724 2724 2724 2724 2771 2771 2772 2772 2724 2724 2772 2772 2725 2725 2725 2725 2772 2772 2623 2623 2725 2725 2623 2623 2622 2622 2622 2622 2623 2623 2200 2200 2622 2622 2200 2200 2209 2209 2759 2759 2758 2758 2773 2773 2773 2773 2758 2758 2774 2774 2773 2773 2774 2774 2775 2775 2775 2775 2774 2774 2776 2776 2775 2775 2776 2776 2777 2777 2777 2777 2776 2776 2778 2778 2777 2777 2778 2778 2779 2779 2779 2779 2778 2778 2780 2780 2779 2779 2780 2780 2781 2781 2781 2781 2780 2780 2782 2782 2781 2781 2782 2782 2783 2783 2783 2783 2782 2782 2784 2784 2783 2783 2784 2784 2785 2785 2785 2785 2784 2784 2786 2786 2785 2785 2786 2786 2787 2787 2787 2787 2786 2786 2788 2788 2787 2787 2788 2788 2789 2789 2789 2789 2788 2788 2790 2790 2789 2789 2790 2790 2791 2791 2791 2791 2790 2790 2792 2792 2791 2791 2792 2792 2624 2624 2624 2624 2792 2792 2626 2626 2624 2624 2626 2626 2625 2625 2625 2625 2626 2626 2196 2196 2625 2625 2196 2196 2240 2240 2198 2198 2623 2623 2624 2624 2624 2624 2623 2623 2772 2772 2624 2624 2772 2772 2791 2791 2791 2791 2772 2772 2771 2771 2791 2791 2771 2771 2789 2789 2789 2789 2771 2771 2770 2770 2789 2789 2770 2770 2787 2787 2787 2787 2770 2770 2769 2769 2787 2787 2769 2769 2785 2785 2785 2785 2769 2769 2768 2768 2785 2785 2768 2768 2783 2783 2783 2783 2768 2768 2767 2767 2783 2783 2767 2767 2781 2781 2781 2781 2767 2767 2766 2766 2781 2781 2766 2766 2779 2779 2779 2779 2766 2766 2764 2764 2779 2779 2764 2764 2777 2777 2777 2777 2764 2764 2762 2762 2777 2777 2762 2762 2775 2775 2775 2775 2762 2762 2755 2755 2775 2775 2755 2755 2773 2773 2773 2773 2755 2755 2757 2757 2773 2773 2757 2757 2759 2759 2572 2572 2793 2793 2571 2571 2571 2571 2793 2793 2794 2794 2571 2571 2794 2794 2795 2795 2795 2795 2794 2794 2796 2796 2795 2795 2796 2796 2578 2578 2578 2578 2796 2796 2516 2516 2578 2578 2516 2516 2576 2576 2576 2576 2516 2516 2518 2518 2576 2576 2518 2518 2712 2712 2712 2712 2518 2518 2507 2507 2712 2712 2507 2507 2765 2765 2765 2765 2507 2507 2468 2468 2765 2765 2468 2468 2763 2763 2763 2763 2468 2468 2473 2473 2763 2763 2473 2473 2761 2761 2761 2761 2473 2473 2750 2750 2761 2761 2750 2750 2756 2756 2365 2365 2367 2367 2377 2377 2377 2377 2367 2367 2743 2743 2377 2377 2743 2743 2797 2797 2797 2797 2743 2743 2744 2744 2797 2797 2744 2744 2798 2798 2798 2798 2744 2744 2745 2745 2798 2798 2745 2745 2799 2799 2799 2799 2745 2745 2746 2746 2799 2799 2746 2746 2800 2800 2800 2800 2746 2746 2747 2747 2800 2800 2747 2747 2801 2801 2801 2801 2747 2747 2748 2748 2801 2801 2748 2748 2802 2802 2802 2802 2748 2748 2749 2749 2802 2802 2749 2749 2803 2803 2803 2803 2749 2749 2643 2643 2803 2803 2643 2643 2804 2804 2804 2804 2643 2643 396 396 2804 2804 396 396 2642 2642 2642 2642 396 396 399 399 2642 2642 399 399 398 398 391 391 2641 2641 2255 2255 2255 2255 2641 2641 2805 2805 2255 2255 2805 2805 2642 2642 2642 2642 2805 2805 2806 2806 2642 2642 2806 2806 2804 2804 2804 2804 2806 2806 2807 2807 2804 2804 2807 2807 2803 2803 2803 2803 2807 2807 2808 2808 2803 2803 2808 2808 2802 2802 2802 2802 2808 2808 2809 2809 2802 2802 2809 2809 2801 2801 2801 2801 2809 2809 2810 2810 2801 2801 2810 2810 2800 2800 2800 2800 2810 2810 2811 2811 2800 2800 2811 2811 2799 2799 2799 2799 2811 2811 2812 2812 2799 2799 2812 2812 2798 2798 2798 2798 2812 2812 2813 2813 2798 2798 2813 2813 2797 2797 2797 2797 2813 2813 2333 2333 2797 2797 2333 2333 2377 2377 2377 2377 2333 2333 2374 2374 2377 2377 2374 2374 2375 2375 2343 2343 2350 2350 2344 2344 2344 2344 2350 2350 2334 2334 2344 2344 2334 2334 2814 2814 2814 2814 2334 2334 2336 2336 2814 2814 2336 2336 2815 2815 2815 2815 2336 2336 2816 2816 2815 2815 2816 2816 2817 2817 2817 2817 2816 2816 2818 2818 2817 2817 2818 2818 2819 2819 2819 2819 2818 2818 2820 2820 2819 2819 2820 2820 2821 2821 2821 2821 2820 2820 2822 2822 2821 2821 2822 2822 2823 2823 2823 2823 2822 2822 2824 2824 2823 2823 2824 2824 2825 2825 2825 2825 2824 2824 2826 2826 2825 2825 2826 2826 2827 2827 2827 2827 2826 2826 2828 2828 2827 2827 2828 2828 2829 2829 2829 2829 2828 2828 2830 2830 2829 2829 2830 2830 2831 2831 2831 2831 2830 2830 2832 2832 2831 2831 2832 2832 2833 2833 2833 2833 2832 2832 2834 2834 2833 2833 2834 2834 2835 2835 2835 2835 2834 2834 2257 2257 2835 2835 2257 2257 2640 2640 2640 2640 2257 2257 400 400 2640 2640 400 400 405 405 2339 2339 2333 2333 2336 2336 2336 2336 2333 2333 2813 2813 2336 2336 2813 2813 2816 2816 2816 2816 2813 2813 2812 2812 2816 2816 2812 2812 2818 2818 2818 2818 2812 2812 2811 2811 2818 2818 2811 2811 2820 2820 2820 2820 2811 2811 2810 2810 2820 2820 2810 2810 2822 2822 2822 2822 2810 2810 2809 2809 2822 2822 2809 2809 2824 2824 2824 2824 2809 2809 2808 2808 2824 2824 2808 2808 2826 2826 2826 2826 2808 2808 2807 2807 2826 2826 2807 2807 2828 2828 2828 2828 2807 2807 2806 2806 2828 2828 2806 2806 2830 2830 2830 2830 2806 2806 2805 2805 2830 2830 2805 2805 2832 2832 2832 2832 2805 2805 2641 2641 2832 2832 2641 2641 2834 2834 2834 2834 2641 2641 2256 2256 2834 2834 2256 2256 2257 2257 2257 2257 2256 2256 407 407 2257 2257 407 407 406 406 2836 2836 2837 2837 2838 2838 2839 2839 2840 2840 2841 2841 2837 2837 2836 2836 2842 2842 2842 2842 2836 2836 2843 2843 2842 2842 2843 2843 2844 2844 2844 2844 2843 2843 2845 2845 2844 2844 2845 2845 2846 2846 2846 2846 2845 2845 2847 2847 2846 2846 2847 2847 2848 2848 2848 2848 2847 2847 2381 2381 2848 2848 2381 2381 2849 2849 2849 2849 2381 2381 2383 2383 2849 2849 2383 2383 2850 2850 2850 2850 2383 2383 2742 2742 2850 2850 2742 2742 2851 2851 2851 2851 2742 2742 2741 2741 2851 2851 2741 2741 2852 2852 2852 2852 2741 2741 2740 2740 2852 2852 2740 2740 2853 2853 2853 2853 2740 2740 2739 2739 2853 2853 2739 2739 2854 2854 2854 2854 2739 2739 2738 2738 2854 2854 2738 2738 2855 2855 2855 2855 2738 2738 2628 2628 2855 2855 2628 2628 2627 2627 2627 2627 2628 2628 196 196 2627 2627 196 196 195 195 2840 2840 2839 2839 2856 2856 2856 2856 2839 2839 2857 2857 2856 2856 2857 2857 2858 2858 2858 2858 2857 2857 2859 2859 2858 2858 2859 2859 2860 2860 2860 2860 2859 2859 2861 2861 2860 2860 2861 2861 2862 2862 2862 2862 2861 2861 2863 2863 2862 2862 2863 2863 2864 2864 2864 2864 2863 2863 2396 2396 2864 2864 2396 2396 2388 2388 2388 2388 2396 2396 2398 2398 2388 2388 2398 2398 2389 2389 2387 2387 2379 2379 2388 2388 2388 2388 2379 2379 2381 2381 2388 2388 2381 2381 2864 2864 2864 2864 2381 2381 2847 2847 2864 2864 2847 2847 2862 2862 2862 2862 2847 2847 2845 2845 2862 2862 2845 2845 2860 2860 2860 2860 2845 2845 2843 2843 2860 2860 2843 2843 2858 2858 2858 2858 2843 2843 2836 2836 2858 2858 2836 2836 2856 2856 2856 2856 2836 2836 2838 2838 2856 2856 2838 2838 2840 2840 2865 2865 2638 2638 2866 2866 2866 2866 2638 2638 2636 2636 2866 2866 2636 2636 2867 2867 2867 2867 2636 2636 2637 2637 2867 2867 2637 2637 2868 2868 2868 2868 2637 2637 2715 2715 2868 2868 2715 2715 2869 2869 2869 2869 2715 2715 2714 2714 2869 2869 2714 2714 2870 2870 2870 2870 2714 2714 2404 2404 2870 2870 2404 2404 2392 2392 2392 2392 2404 2404 2403 2403 2392 2392 2403 2403 2390 2390 2394 2394 2396 2396 2392 2392 2392 2392 2396 2396 2863 2863 2392 2392 2863 2863 2870 2870 2870 2870 2863 2863 2861 2861 2870 2870 2861 2861 2869 2869 2869 2869 2861 2861 2859 2859 2869 2869 2859 2859 2868 2868 2868 2868 2859 2859 2857 2857 2868 2868 2857 2857 2867 2867 2867 2867 2857 2857 2839 2839 2867 2867 2839 2839 2866 2866 2866 2866 2839 2839 2841 2841 2866 2866 2841 2841 2865 2865 191 191 2626 2626 2627 2627 2627 2627 2626 2626 2792 2792 2627 2627 2792 2792 2855 2855 2855 2855 2792 2792 2790 2790 2855 2855 2790 2790 2854 2854 2854 2854 2790 2790 2788 2788 2854 2854 2788 2788 2853 2853 2853 2853 2788 2788 2786 2786 2853 2853 2786 2786 2852 2852 2852 2852 2786 2786 2784 2784 2852 2852 2784 2784 2851 2851 2851 2851 2784 2784 2782 2782 2851 2851 2782 2782 2850 2850 2850 2850 2782 2782 2780 2780 2850 2850 2780 2780 2849 2849 2849 2849 2780 2780 2778 2778 2849 2849 2778 2778 2848 2848 2848 2848 2778 2778 2776 2776 2848 2848 2776 2776 2846 2846 2846 2846 2776 2776 2774 2774 2846 2846 2774 2774 2844 2844 2844 2844 2774 2774 2758 2758 2844 2844 2758 2758 2842 2842 2842 2842 2758 2758 2760 2760 2842 2842 2760 2760 2837 2837 2871 2871 2252 2252 2872 2872 2872 2872 2252 2252 2251 2251 2872 2872 2251 2251 2873 2873 2873 2873 2251 2251 288 288 2873 2873 288 288 2874 2874 2874 2874 288 288 286 286 2364 2364 2352 2352 2358 2358 2358 2358 2352 2352 2354 2354 2358 2358 2354 2354 2875 2875 374 374 2650 2650 2651 2651 2651 2651 2650 2650 2360 2360 2651 2651 2360 2360 2652 2652 2652 2652 2360 2360 2358 2358 2652 2652 2358 2358 2653 2653 2653 2653 2358 2358 2875 2875 2653 2653 2875 2875 2654 2654 298 298 297 297 2253 2253 2253 2253 297 297 2654 2654 2253 2253 2654 2654 2876 2876 2876 2876 2654 2654 2875 2875 2876 2876 2875 2875 2877 2877 2877 2877 2875 2875 2354 2354 2877 2877 2354 2354 2347 2347 2347 2347 2354 2354 2356 2356 2347 2347 2356 2356 2345 2345 309 309 308 308 2655 2655 2655 2655 308 308 2253 2253 2655 2655 2253 2253 2878 2878 2878 2878 2253 2253 2876 2876 2878 2878 2876 2876 2879 2879 2879 2879 2876 2876 2877 2877 2879 2879 2877 2877 2880 2880 2880 2880 2877 2877 2347 2347 2880 2880 2347 2347 2344 2344 2344 2344 2347 2347 2349 2349 2344 2344 2349 2349 2342 2342 294 294 292 292 2881 2881 2881 2881 292 292 2655 2655 2881 2881 2655 2655 2882 2882 2882 2882 2655 2655 2878 2878 2882 2882 2878 2878 2883 2883 2883 2883 2878 2878 2879 2879 2883 2883 2879 2879 2884 2884 2884 2884 2879 2879 2880 2880 2884 2884 2880 2880 2885 2885 2885 2885 2880 2880 2344 2344 2885 2885 2344 2344 2886 2886 2886 2886 2344 2344 2814 2814 2886 2886 2814 2814 2887 2887 2887 2887 2814 2814 2815 2815 2887 2887 2815 2815 2888 2888 2888 2888 2815 2815 2817 2817 2888 2888 2817 2817 2889 2889 2889 2889 2817 2817 2819 2819 2889 2889 2819 2819 2890 2890 2890 2890 2819 2819 2821 2821 2890 2890 2821 2821 2891 2891 2891 2891 2821 2821 2823 2823 2891 2891 2823 2823 2892 2892 2892 2892 2823 2823 2825 2825 2892 2892 2825 2825 2893 2893 2893 2893 2825 2825 2827 2827 2893 2893 2827 2827 2894 2894 2894 2894 2827 2827 2829 2829 2894 2894 2829 2829 2895 2895 2895 2895 2829 2829 2831 2831 2895 2895 2831 2831 2896 2896 2896 2896 2831 2831 2833 2833 2896 2896 2833 2833 2897 2897 2897 2897 2833 2833 2835 2835 2897 2897 2835 2835 2898 2898 2898 2898 2835 2835 2640 2640 2898 2898 2640 2640 2899 2899 2899 2899 2640 2640 2258 2258 2899 2899 2258 2258 2639 2639 2639 2639 2258 2258 402 402 2639 2639 402 402 445 445 276 276 278 278 2657 2657 2657 2657 278 278 2252 2252 2657 2657 2252 2252 2658 2658 2658 2658 2252 2252 2871 2871 2658 2658 2871 2871 2900 2900 2900 2900 2871 2871 2901 2901 2900 2900 2901 2901 2902 2902 2902 2902 2901 2901 2903 2903 2902 2902 2903 2903 2904 2904 2904 2904 2903 2903 2905 2905 2904 2904 2905 2905 2906 2906 269 269 271 271 2659 2659 2659 2659 271 271 2658 2658 2659 2659 2658 2658 2660 2660 2660 2660 2658 2658 2900 2900 2660 2660 2900 2900 2661 2661 2661 2661 2900 2900 2902 2902 2661 2661 2902 2902 2662 2662 2662 2662 2902 2902 2904 2904 2662 2662 2904 2904 2664 2664 2664 2664 2904 2904 2906 2906 2664 2664 2906 2906 2663 2663 2905 2905 2907 2907 2906 2906 2906 2906 2907 2907 2908 2908 2906 2906 2908 2908 2663 2663 2663 2663 2908 2908 2909 2909 2663 2663 2909 2909 2665 2665 2665 2665 2909 2909 2910 2910 2665 2665 2910 2910 2674 2674 2674 2674 2910 2910 2911 2911 2674 2674 2911 2911 2673 2673 2673 2673 2911 2911 2912 2912 2673 2673 2912 2912 2668 2668 2668 2668 2912 2912 2288 2288 2668 2668 2288 2288 253 253 253 253 2288 2288 255 255 2656 2656 2913 2913 2914 2914 2914 2914 2913 2913 2915 2915 2914 2914 2915 2915 2916 2916 2916 2916 2915 2915 2917 2917 2916 2916 2917 2917 2918 2918 2918 2918 2917 2917 2919 2919 2918 2918 2919 2919 2920 2920 2920 2920 2919 2919 2921 2921 2920 2920 2921 2921 2922 2922 2922 2922 2921 2921 2923 2923 2922 2922 2923 2923 2924 2924 2924 2924 2923 2923 2925 2925 2924 2924 2925 2925 2926 2926 2926 2926 2925 2925 2927 2927 2926 2926 2927 2927 2928 2928 2928 2928 2927 2927 2929 2929 2928 2928 2929 2929 2930 2930 2931 2931 2932 2932 2933 2933 2933 2933 2932 2932 2934 2934 2933 2933 2934 2934 2935 2935 2935 2935 2934 2934 2438 2438 2935 2935 2438 2438 2432 2432 2432 2432 2438 2438 2279 2279 2432 2432 2279 2279 2433 2433 2936 2936 2931 2931 2937 2937 2937 2937 2931 2931 2933 2933 2937 2937 2933 2933 2938 2938 2938 2938 2933 2933 2935 2935 2938 2938 2935 2935 2939 2939 2939 2939 2935 2935 2432 2432 2939 2939 2432 2432 2435 2435 2435 2435 2432 2432 2434 2434 2435 2435 2434 2434 2436 2436 2940 2940 2936 2936 2941 2941 2941 2941 2936 2936 2937 2937 2941 2941 2937 2937 2942 2942 2942 2942 2937 2937 2938 2938 2942 2942 2938 2938 2943 2943 2943 2943 2938 2938 2939 2939 2943 2943 2939 2939 2944 2944 2944 2944 2939 2939 2435 2435 2944 2944 2435 2435 2945 2945 2945 2945 2435 2435 2431 2431 2945 2945 2431 2431 2946 2946 2946 2946 2431 2431 2283 2283 2946 2946 2283 2283 2947 2947 2947 2947 2283 2283 2533 2533 2947 2947 2533 2533 2267 2267 2267 2267 2533 2533 2538 2538 2267 2267 2538 2538 2265 2265 2265 2265 2538 2538 2540 2540 2913 2913 2948 2948 2915 2915 2915 2915 2948 2948 2949 2949 2915 2915 2949 2949 2917 2917 2917 2917 2949 2949 2950 2950 2917 2917 2950 2950 2919 2919 2919 2919 2950 2950 2951 2951 2919 2919 2951 2951 2921 2921 2921 2921 2951 2951 2952 2952 2921 2921 2952 2952 2923 2923 2923 2923 2952 2952 2953 2953 2923 2923 2953 2953 2925 2925 2925 2925 2953 2953 2954 2954 2925 2925 2954 2954 2927 2927 2927 2927 2954 2954 2955 2955 2927 2927 2955 2955 2929 2929 2929 2929 2955 2955 2683 2683 2929 2929 2683 2683 2930 2930 2930 2930 2683 2683 2682 2682 2312 2312 2314 2314 2310 2310 2310 2310 2314 2314 2313 2313 2310 2310 2313 2313 2684 2684 2684 2684 2313 2313 2681 2681 2684 2684 2681 2681 2267 2267 2267 2267 2681 2681 2683 2683 2267 2267 2683 2683 2947 2947 2947 2947 2683 2683 2955 2955 2947 2947 2955 2955 2946 2946 2946 2946 2955 2955 2954 2954 2946 2946 2954 2954 2945 2945 2945 2945 2954 2954 2953 2953 2945 2945 2953 2953 2944 2944 2944 2944 2953 2953 2952 2952 2944 2944 2952 2952 2943 2943 2943 2943 2952 2952 2951 2951 2943 2943 2951 2951 2942 2942 2942 2942 2951 2951 2950 2950 2942 2942 2950 2950 2941 2941 2941 2941 2950 2950 2949 2949 2941 2941 2949 2949 2940 2940 2940 2940 2949 2949 2948 2948 2932 2932 2754 2754 2934 2934 2934 2934 2754 2754 2446 2446 2934 2934 2446 2446 2438 2438 2438 2438 2446 2446 2441 2441 2438 2438 2441 2441 2280 2280 2280 2280 2441 2441 2442 2442 2280 2280 2442 2442 2278 2278 2286 2286 2288 2288 2304 2304 2304 2304 2288 2288 2912 2912 2304 2304 2912 2912 2679 2679 2679 2679 2912 2912 2911 2911 2679 2679 2911 2911 2680 2680 2680 2680 2911 2911 2910 2910 2680 2680 2910 2910 2682 2682 2682 2682 2910 2910 2909 2909 2682 2682 2909 2909 2930 2930 2930 2930 2909 2909 2908 2908 2930 2930 2908 2908 2928 2928 2928 2928 2908 2908 2907 2907 2928 2928 2907 2907 2926 2926 2926 2926 2907 2907 2905 2905 2926 2926 2905 2905 2924 2924 2924 2924 2905 2905 2903 2903 2924 2924 2903 2903 2922 2922 2922 2922 2903 2903 2901 2901 2922 2922 2901 2901 2920 2920 2920 2920 2901 2901 2871 2871 2920 2920 2871 2871 2918 2918 2918 2918 2871 2871 2872 2872 2918 2918 2872 2872 2916 2916 2916 2916 2872 2872 2873 2873 2916 2916 2873 2873 2914 2914 2914 2914 2873 2873 2874 2874 2914 2914 2874 2874 2656 2656 2656 2656 2874 2874 286 286 2656 2656 286 286 285 285 295 295 294 294 2656 2656 2656 2656 294 294 2881 2881 2656 2656 2881 2881 2913 2913 2913 2913 2881 2881 2882 2882 2913 2913 2882 2882 2948 2948 2948 2948 2882 2882 2883 2883 2948 2948 2883 2883 2940 2940 2940 2940 2883 2883 2884 2884 2940 2940 2884 2884 2936 2936 2936 2936 2884 2884 2885 2885 2936 2936 2885 2885 2931 2931 2931 2931 2885 2885 2886 2886 2931 2931 2886 2886 2932 2932 2932 2932 2886 2886 2887 2887 2932 2932 2887 2887 2754 2754 2754 2754 2887 2887 2888 2888 2754 2754 2888 2888 2753 2753 2753 2753 2888 2888 2889 2889 2753 2753 2889 2889 2752 2752 2752 2752 2889 2889 2890 2890 2752 2752 2890 2890 2751 2751 2751 2751 2890 2890 2891 2891 2751 2751 2891 2891 2750 2750 2750 2750 2891 2891 2892 2892 2750 2750 2892 2892 2756 2756 2756 2756 2892 2892 2893 2893 2756 2756 2893 2893 2757 2757 2757 2757 2893 2893 2894 2894 2757 2757 2894 2894 2759 2759 2759 2759 2894 2894 2895 2895 2759 2759 2895 2895 2760 2760 2760 2760 2895 2895 2896 2896 2760 2760 2896 2896 2837 2837 2837 2837 2896 2896 2897 2897 2837 2837 2897 2897 2838 2838 2838 2838 2897 2897 2898 2898 2838 2838 2898 2898 2840 2840 2840 2840 2898 2898 2899 2899 2840 2840 2899 2899 2841 2841 2841 2841 2899 2899 2639 2639 2841 2841 2639 2639 2865 2865 2865 2865 2639 2639 443 443 2865 2865 443 443 2638 2638 2638 2638 443 443 442 442 2638 2638 442 442 441 441 1041 1041 1040 1040 2956 2956 1015 1015 1013 1013 2957 2957 2958 2958 1011 1011 1009 1009 706 706 1748 1748 2959 2959 1117 1117 698 698 2960 2960 1023 1023 2961 2961 1024 1024 1024 1024 2961 2961 1025 1025 991 991 990 990 2962 2962 2962 2962 990 990 989 989 1036 1036 1035 1035 2963 2963 2963 2963 1035 1035 1033 1033 1033 1033 1031 1031 2963 2963 2963 2963 1031 1031 1030 1030 2963 2963 1030 1030 2964 2964 2964 2964 1030 1030 1037 1037 2958 2958 1009 1009 2957 2957 2957 2957 1009 1009 1008 1008 2957 2957 1008 1008 1015 1015 999 999 997 997 2965 2965 2965 2965 997 997 996 996 1004 1004 2966 2966 709 709 709 709 2966 2966 2965 2965 709 709 2965 2965 710 710 710 710 2965 2965 996 996 1089 1089 1091 1091 2967 2967 1023 1023 1022 1022 2961 2961 2961 2961 1022 1022 1029 1029 2961 2961 1029 1029 2963 2963 2963 2963 1029 1029 1028 1028 2963 2963 1028 1028 1036 1036 1013 1013 1018 1018 2957 2957 2957 2957 1018 1018 1017 1017 2957 2957 1017 1017 2961 2961 2961 2961 1017 1017 1026 1026 2961 2961 1026 1026 1025 1025 1748 1748 1007 1007 2959 2959 2959 2959 1007 1007 1006 1006 2959 2959 1006 1006 2958 2958 2958 2958 1006 1006 1740 1740 2958 2958 1740 1740 1011 1011 1004 1004 1002 1002 2966 2966 2966 2966 1002 1002 1001 1001 2966 2966 1001 1001 2959 2959 2959 2959 1001 1001 707 707 2959 2959 707 707 706 706 989 989 995 995 2962 2962 2962 2962 995 995 994 994 2962 2962 994 994 2965 2965 2965 2965 994 994 1000 1000 2965 2965 1000 1000 999 999 991 991 2962 2962 992 992 992 992 2962 2962 2968 2968 992 992 2968 2968 986 986 1122 1122 1123 1123 2969 2969 2969 2969 1123 1123 1125 1125 1117 1117 2960 2960 1108 1108 1115 1115 2970 2970 1116 1116 1116 1116 2970 2970 2971 2971 1086 1086 1085 1085 2972 2972 1129 1129 982 982 2968 2968 2968 2968 982 982 984 984 2968 2968 984 984 986 986 1135 1135 2973 2973 1127 1127 1127 1127 2973 2973 2969 2969 1127 1127 2969 2969 1128 1128 1128 1128 2969 2969 1125 1125 1103 1103 1105 1105 2971 2971 2971 2971 1105 1105 1107 1107 2971 2971 1107 1107 1116 1116 1135 1135 1134 1134 2973 2973 2973 2973 1134 1134 1132 1132 2973 2973 1132 1132 2968 2968 2968 2968 1132 1132 1130 1130 2968 2968 1130 1130 1129 1129 698 698 697 697 2960 2960 2960 2960 697 697 1118 1118 2960 2960 1118 1118 2969 2969 2969 2969 1118 1118 1120 1120 2969 2969 1120 1120 1122 1122 1115 1115 1113 1113 2970 2970 2970 2970 1113 1113 1111 1111 2970 2970 1111 1111 2960 2960 2960 2960 1111 1111 1109 1109 2960 2960 1109 1109 1108 1108 1098 1098 1096 1096 2974 2974 2974 2974 1096 1096 1094 1094 2974 2974 1094 1094 2971 2971 2971 2971 1094 1094 1093 1093 2971 2971 1093 1093 1103 1103 1074 1074 2975 2975 1076 1076 1076 1076 2975 2975 1733 1733 2976 2976 1061 1061 1065 1065 2977 2977 1053 1053 1052 1052 1055 1055 2978 2978 1056 1056 1056 1056 2978 2978 1057 1057 1091 1091 1102 1102 2967 2967 2967 2967 1102 1102 1101 1101 2967 2967 1101 1101 2974 2974 2974 2974 1101 1101 1099 1099 2974 2974 1099 1099 1098 1098 1085 1085 1083 1083 2972 2972 2972 2972 1083 1083 1082 1082 2972 2972 1082 1082 2967 2967 2967 2967 1082 1082 1087 1087 2967 2967 1087 1087 1089 1089 1086 1086 2972 2972 1080 1080 1080 1080 2972 2972 2975 2975 1080 1080 2975 2975 1081 1081 1733 1733 2975 2975 700 700 700 700 2975 2975 2979 2979 700 700 2979 2979 701 701 2980 2980 1072 1072 1071 1071 2981 2981 1047 1047 1048 1048 1074 1074 1073 1073 2975 2975 2975 2975 1073 1073 1078 1078 2975 2975 1078 1078 1081 1081 1071 1071 1069 1069 2980 2980 2980 2980 1069 1069 1067 1067 2980 2980 1067 1067 2979 2979 2979 2979 1067 1067 1066 1066 2979 2979 1066 1066 701 701 1055 1055 1058 1058 2978 2978 2978 2978 1058 1058 1059 1059 2978 2978 1059 1059 2976 2976 2976 2976 1059 1059 1060 1060 2976 2976 1060 1060 1061 1061 2977 2977 1052 1052 2978 2978 2978 2978 1052 1052 1051 1051 2978 2978 1051 1051 1057 1057 1048 1048 1049 1049 2981 2981 2981 2981 1049 1049 1050 1050 2981 2981 1050 1050 2977 2977 2977 2977 1050 1050 1054 1054 2977 2977 1054 1054 1053 1053 1041 1041 2956 2956 1042 1042 1065 1065 1064 1064 2976 2976 2976 2976 1064 1064 1063 1063 2976 2976 1063 1063 2980 2980 2980 2980 1063 1063 1062 1062 2980 2980 1062 1062 1072 1072 1040 1040 1044 1044 2956 2956 2956 2956 1044 1044 1045 1045 2956 2956 1045 1045 2981 2981 2981 2981 1045 1045 1046 1046 2981 2981 1046 1046 1047 1047 1037 1037 1039 1039 2964 2964 2964 2964 1039 1039 703 703 2964 2964 703 703 2956 2956 2956 2956 703 703 1043 1043 2956 2956 1043 1043 1042 1042 1513 1513 1511 1511 2982 2982 1540 1540 2983 2983 648 648 648 648 2983 2983 2984 2984 648 648 2984 2984 649 649 1173 1173 2985 2985 1174 1174 1174 1174 2985 2985 2986 2986 1174 1174 2986 2986 1175 1175 1175 1175 2986 2986 1146 1146 1540 1540 1539 1539 2983 2983 2983 2983 1539 1539 1538 1538 2983 2983 1538 1538 2987 2987 2987 2987 1538 1538 1537 1537 2987 2987 1537 1537 1573 1573 1546 1546 1545 1545 2984 2984 2984 2984 1545 1545 1544 1544 2984 2984 1544 1544 649 649 2988 2988 1370 1370 1369 1369 1582 1582 1578 1578 2989 2989 2989 2989 1578 1578 1580 1580 1635 1635 2990 2990 1636 1636 1636 1636 2990 2990 2989 2989 1636 1636 2989 2989 1581 1581 1581 1581 2989 2989 1580 1580 1513 1513 2982 2982 1514 1514 2991 2991 1152 1152 1151 1151 1625 1625 1624 1624 2992 2992 2992 2992 1624 1624 1622 1622 2992 2992 1622 1622 2993 2993 2993 2993 1622 1622 1621 1621 2993 2993 1621 1621 695 695 1631 1631 1630 1630 2992 2992 2992 2992 1630 1630 1629 1629 2992 2992 1629 1629 1625 1625 1577 1577 1586 1586 2994 2994 2994 2994 1586 1586 1585 1585 2994 2994 1585 1585 2989 2989 2989 2989 1585 1585 1584 1584 2989 2989 1584 1584 1582 1582 1496 1496 1495 1495 2995 2995 2995 2995 1495 1495 1516 1516 2995 2995 1516 1516 2982 2982 2982 2982 1516 1516 1515 1515 2982 2982 1515 1515 1514 1514 1496 1496 2995 2995 1498 1498 1498 1498 2995 2995 2996 2996 1498 1498 2996 2996 1499 1499 1329 1329 1328 1328 2997 2997 2997 2997 1328 1328 1327 1327 2997 2997 1327 1327 2996 2996 2996 2996 1327 1327 1508 1508 2996 2996 1508 1508 1499 1499 1230 1230 2998 2998 1231 1231 1231 1231 2998 2998 2988 2988 1231 1231 2988 2988 1368 1368 1368 1368 2988 2988 1369 1369 1360 1360 1358 1358 2999 2999 2999 2999 1358 1358 1357 1357 2999 2999 1357 1357 2988 2988 2988 2988 1357 1357 1371 1371 2988 2988 1371 1371 1370 1370 1360 1360 2999 2999 1361 1361 1361 1361 2999 2999 3000 3000 1361 1361 3000 3000 1168 1168 1151 1151 1150 1150 2991 2991 2991 2991 1150 1150 1149 1149 2991 2991 1149 1149 2986 2986 2986 2986 1149 1149 1148 1148 2986 2986 1148 1148 1146 1146 695 695 694 694 2993 2993 2993 2993 694 694 1143 1143 2993 2993 1143 1143 2991 2991 2991 2991 1143 1143 1142 1142 2991 2991 1142 1142 1152 1152 1631 1631 2992 2992 1632 1632 1632 1632 2992 2992 3001 3001 1632 1632 3001 3001 636 636 1635 1635 1634 1634 2990 2990 2990 2990 1634 1634 1633 1633 2990 2990 1633 1633 3001 3001 3001 3001 1633 1633 637 637 3001 3001 637 637 636 636 1573 1573 1574 1574 2987 2987 2987 2987 1574 1574 1575 1575 2987 2987 1575 1575 2994 2994 2994 2994 1575 1575 1576 1576 2994 2994 1576 1576 1577 1577 1511 1511 1510 1510 2982 2982 2982 2982 1510 1510 1549 1549 2982 2982 1549 1549 3002 3002 3002 3002 1549 1549 1548 1548 3002 3002 1548 1548 1547 1547 1230 1230 1229 1229 2998 2998 2998 2998 1229 1229 1260 1260 2998 2998 1260 1260 1259 1259 1171 1171 1170 1170 3000 3000 3000 3000 1170 1170 1169 1169 3000 3000 1169 1169 1168 1168 1547 1547 1536 1536 3002 3002 3002 3002 1536 1536 1534 1534 3002 3002 1534 1534 2984 2984 2984 2984 1534 1534 1533 1533 2984 2984 1533 1533 1546 1546 1259 1259 1258 1258 2998 2998 2998 2998 1258 1258 1256 1256 2998 2998 1256 1256 3003 3003 3003 3003 1256 1256 1255 1255 3003 3003 1255 1255 1254 1254 1173 1173 1159 1159 2985 2985 2985 2985 1159 1159 1158 1158 2985 2985 1158 1158 3000 3000 3000 3000 1158 1158 1172 1172 3000 3000 1172 1172 1171 1171 3004 3004 1312 1312 1344 1344 1344 1344 1343 1343 3004 3004 3004 3004 1343 1343 1342 1342 3004 3004 1342 1342 2997 2997 2997 2997 1342 1342 1330 1330 2997 2997 1330 1330 1329 1329 672 672 1316 1316 3005 3005 3005 3005 1316 1316 1315 1315 3005 3005 1315 1315 3004 3004 3004 3004 1315 1315 1313 1313 3004 3004 1313 1313 1312 1312 1254 1254 1252 1252 3003 3003 3003 3003 1252 1252 1251 1251 3003 3003 1251 1251 3005 3005 3005 3005 1251 1251 673 673 3005 3005 673 673 672 672 3006 3006 3007 3007 3008 3008 3008 3008 3007 3007 3009 3009 3008 3008 3009 3009 3010 3010 3011 3011 3012 3012 3008 3008 3008 3008 3012 3012 3013 3013 3008 3008 3013 3013 3006 3006 3014 3014 3015 3015 3008 3008 3008 3008 3015 3015 3016 3016 3008 3008 3016 3016 3011 3011 3010 3010 3017 3017 3008 3008 3008 3008 3017 3017 3018 3018 3008 3008 3018 3018 3014 3014 3019 3019 3020 3020 3021 3021 3021 3021 3020 3020 3022 3022 3021 3021 3022 3022 3023 3023 3024 3024 3025 3025 3021 3021 3021 3021 3025 3025 3026 3026 3021 3021 3026 3026 3019 3019 3027 3027 3028 3028 3021 3021 3021 3021 3028 3028 3029 3029 3021 3021 3029 3029 3024 3024 3023 3023 3030 3030 3021 3021 3021 3021 3030 3030 3031 3031 3021 3021 3031 3031 3027 3027 3032 3032 3033 3033 3034 3034 3034 3034 3033 3033 3035 3035 3034 3034 3035 3035 3036 3036 3037 3037 3038 3038 3034 3034 3034 3034 3038 3038 3039 3039 3034 3034 3039 3039 3032 3032 3040 3040 3041 3041 3034 3034 3034 3034 3041 3041 3042 3042 3034 3034 3042 3042 3037 3037 3036 3036 3043 3043 3034 3034 3034 3034 3043 3043 3044 3044 3034 3034 3044 3044 3040 3040 3045 3045 3046 3046 3018 3018 3047 3047 3048 3048 3014 3014 3049 3049 3050 3050 3016 3016 3051 3051 3052 3052 3053 3053 3049 3049 3016 3016 3054 3054 3014 3014 3048 3048 3015 3015 3015 3015 3048 3048 3055 3055 3015 3015 3055 3055 3056 3056 3056 3056 3057 3057 3015 3015 3015 3015 3057 3057 3058 3058 3015 3015 3058 3058 3016 3016 3016 3016 3058 3058 3059 3059 3016 3016 3059 3059 3054 3054 3018 3018 3046 3046 3014 3014 3014 3014 3046 3046 3060 3060 3014 3014 3060 3060 3047 3047 3061 3061 3062 3062 3017 3017 3010 3010 3063 3063 3017 3017 3017 3017 3063 3063 3064 3064 3017 3017 3064 3064 3061 3061 3062 3062 3065 3065 3017 3017 3017 3017 3065 3065 3066 3066 3017 3017 3066 3066 3018 3018 3018 3018 3066 3066 3067 3067 3018 3018 3067 3067 3045 3045 3068 3068 3069 3069 3010 3010 3010 3010 3069 3069 3070 3070 3010 3010 3070 3070 3063 3063 3071 3071 3007 3007 3072 3072 3072 3072 3007 3007 3073 3073 3071 3071 3074 3074 3007 3007 3007 3007 3074 3074 3075 3075 3007 3007 3075 3075 3009 3009 3009 3009 3075 3075 3076 3076 3009 3009 3076 3076 3010 3010 3010 3010 3076 3076 3077 3077 3010 3010 3077 3077 3068 3068 3073 3073 3007 3007 3078 3078 3078 3078 3007 3007 3006 3006 3078 3078 3006 3006 3079 3079 3080 3080 3081 3081 3013 3013 3013 3013 3081 3081 3082 3082 3013 3013 3082 3082 3006 3006 3006 3006 3082 3082 3083 3083 3006 3006 3083 3083 3079 3079 3084 3084 3085 3085 3012 3012 3012 3012 3085 3085 3086 3086 3012 3012 3086 3086 3013 3013 3013 3013 3086 3086 3087 3087 3013 3013 3087 3087 3080 3080 3050 3050 3051 3051 3016 3016 3016 3016 3051 3051 3053 3053 3016 3016 3053 3053 3011 3011 3011 3011 3053 3053 3088 3088 3011 3011 3088 3088 3089 3089 3089 3089 3090 3090 3011 3011 3011 3011 3090 3090 3091 3091 3011 3011 3091 3091 3012 3012 3012 3012 3091 3091 3092 3092 3012 3012 3092 3092 3084 3084 3093 3093 3094 3094 3095 3095 3093 3093 3095 3095 3096 3096 3097 3097 3098 3098 3099 3099 3100 3100 3097 3097 3101 3101 3101 3101 3097 3097 3099 3099 3101 3101 3099 3099 3102 3102 3102 3102 3099 3099 3103 3103 3102 3102 3103 3103 3104 3104 3104 3104 3103 3103 3105 3105 3104 3104 3105 3105 3095 3095 3095 3095 3105 3105 3106 3106 3095 3095 3106 3106 3096 3096 3107 3107 3108 3108 3109 3109 3109 3109 3108 3108 3110 3110 3109 3109 3111 3111 3112 3112 3113 3113 3107 3107 3114 3114 3114 3114 3107 3107 3109 3109 3114 3114 3109 3109 3115 3115 3115 3115 3109 3109 3112 3112 3115 3115 3112 3112 3116 3116 3117 3117 3118 3118 3111 3111 3111 3111 3118 3118 3119 3119 3111 3111 3119 3119 3112 3112 3110 3110 3120 3120 3109 3109 3109 3109 3120 3120 3121 3121 3109 3109 3121 3121 3111 3111 3111 3111 3121 3121 3122 3122 3111 3111 3122 3122 3117 3117 3123 3123 3124 3124 2587 2587 2587 2587 3124 3124 3125 3125 2587 2587 3125 3125 2585 2585 2585 2585 3125 3125 3126 3126 2585 2585 3126 3126 2579 2579 2579 2579 3126 3126 3127 3127 2579 2579 3127 3127 2580 2580 3115 3115 3116 3116 3128 3128 3115 3115 3128 3128 3114 3114 3129 3129 3113 3113 3114 3114 3130 3130 3131 3131 3123 3123 3123 3123 3131 3131 3132 3132 3123 3123 3132 3132 3124 3124 3114 3114 3128 3128 3129 3129 3129 3129 3128 3128 3133 3133 3129 3129 3133 3133 3134 3134 3134 3134 3133 3133 3135 3135 3134 3134 3135 3135 3123 3123 3123 3123 3135 3135 3136 3136 3123 3123 3136 3136 3130 3130 3132 3132 3137 3137 3124 3124 3124 3124 3137 3137 3138 3138 3124 3124 3138 3138 3125 3125 3125 3125 3138 3138 3139 3139 3140 3140 3141 3141 3139 3139 3139 3139 3141 3141 3126 3126 3139 3139 3126 3126 3125 3125 3141 3141 3140 3140 3142 3142 3143 3143 3144 3144 3142 3142 3142 3142 3144 3144 3145 3145 3146 3146 3147 3147 3148 3148 3148 3148 3147 3147 3149 3149 3148 3148 3149 3149 3145 3145 3145 3145 3149 3149 3127 3127 3145 3145 3127 3127 3142 3142 3142 3142 3127 3127 3126 3126 3142 3142 3126 3126 3141 3141 3150 3150 3151 3151 3152 3152 3152 3152 3151 3151 3153 3153 3152 3152 3153 3153 3154 3154 3154 3154 3153 3153 3155 3155 3156 3156 3157 3157 3158 3158 3158 3158 3157 3157 3159 3159 3158 3158 3159 3159 3160 3160 3154 3154 3161 3161 3159 3159 3159 3159 3161 3161 3162 3162 3159 3159 3162 3162 3160 3160 3163 3163 3164 3164 3165 3165 3165 3165 3164 3164 3166 3166 3165 3165 3166 3166 3167 3167 3167 3167 3166 3166 3168 3168 3167 3167 3168 3168 3169 3169 3169 3169 3168 3168 3161 3161 3169 3169 3161 3161 3155 3155 3155 3155 3161 3161 3154 3154 3170 3170 3171 3171 3172 3172 3172 3172 3171 3171 3173 3173 3172 3172 3173 3173 3162 3162 3162 3162 3173 3173 3174 3174 3162 3162 3174 3174 3160 3160 3175 3175 3176 3176 3177 3177 3178 3178 3175 3175 3179 3179 3179 3179 3175 3175 3177 3177 3179 3179 3177 3177 3156 3156 3156 3156 3177 3177 3157 3157 3180 3180 3181 3181 3182 3182 3182 3182 3181 3181 3183 3183 3184 3184 3185 3185 3183 3183 3183 3183 3185 3185 3186 3186 3183 3183 3186 3186 3182 3182 3182 3182 3186 3186 3187 3187 3188 3188 3189 3189 3190 3190 3191 3191 3188 3188 3192 3192 3192 3192 3188 3188 3186 3186 3188 3188 3190 3190 3186 3186 3186 3186 3190 3190 3193 3193 3186 3186 3193 3193 3187 3187 3194 3194 3195 3195 2273 2273 2273 2273 2272 2272 3194 3194 3194 3194 2272 2272 2515 2515 3194 3194 2515 2515 3196 3196 3196 3196 2515 2515 2277 2277 3196 3196 2277 2277 3189 3189 3189 3189 2277 2277 3190 3190 3190 3190 2277 2277 2514 2514 3188 3188 3191 3191 3197 3197 3198 3198 3195 3195 3199 3199 3200 3200 3199 3199 3201 3201 3201 3201 3199 3199 3195 3195 3201 3201 3195 3195 3202 3202 3202 3202 3195 3195 3194 3194 3202 3202 3194 3194 3203 3203 3203 3203 3194 3194 3196 3196 3203 3203 3196 3196 3197 3197 3197 3197 3196 3196 3189 3189 3197 3197 3189 3189 3188 3188 3199 3199 3204 3204 3198 3198 3198 3198 3204 3204 3205 3205 3198 3198 3205 3205 3206 3206 3206 3206 3205 3205 3207 3207 3206 3206 3207 3207 3208 3208 3208 3208 3207 3207 3209 3209 3208 3208 3209 3209 3210 3210 3210 3210 3209 3209 3211 3211 3210 3210 3211 3211 3212 3212 3213 3213 3214 3214 3215 3215 3208 3208 3210 3210 3215 3215 3215 3215 3210 3210 3212 3212 3215 3215 3212 3212 3216 3216 3215 3215 3216 3216 3213 3213 3213 3213 3216 3216 3217 3217 3218 3218 3219 3219 3220 3220 3219 3219 3221 3221 3220 3220 3220 3220 3221 3221 3222 3222 3220 3220 3222 3222 3223 3223 3224 3224 3225 3225 3220 3220 3223 3223 3226 3226 3220 3220 3220 3220 3226 3226 3227 3227 3220 3220 3227 3227 3224 3224 3225 3225 3228 3228 3229 3229 3229 3229 3228 3228 3230 3230 3229 3229 3230 3230 3231 3231 3231 3231 3232 3232 3229 3229 3229 3229 3232 3232 3233 3233 3229 3229 3233 3233 3234 3234 3225 3225 3229 3229 3220 3220 3220 3220 3229 3229 3235 3235 3220 3220 3235 3235 3218 3218 3218 3218 3235 3235 3236 3236 3218 3218 3236 3236 3219 3219 3237 3237 3238 3238 3234 3234 3239 3239 3240 3240 3241 3241 3241 3241 3240 3240 3242 3242 3241 3241 3242 3242 3243 3243 3243 3243 3094 3094 3241 3241 3241 3241 3094 3094 3093 3093 3241 3241 3093 3093 3096 3096 3239 3239 3241 3241 3244 3244 3244 3244 3241 3241 3245 3245 3244 3244 3245 3245 3246 3246 3246 3246 3245 3245 3247 3247 3246 3246 3247 3247 3234 3234 3234 3234 3247 3247 3248 3248 3234 3234 3248 3248 3237 3237 3238 3238 3249 3249 3234 3234 3234 3234 3249 3249 3250 3250 3234 3234 3250 3250 3229 3229 3229 3229 3250 3250 3251 3251 3229 3229 3251 3251 3252 3252 3253 3253 3254 3254 3255 3255 3252 3252 3256 3256 3229 3229 3229 3229 3256 3256 3257 3257 3229 3229 3257 3257 3258 3258 3258 3258 3257 3257 3259 3259 3258 3258 3259 3259 3260 3260 3260 3260 3259 3259 3253 3253 3260 3260 3253 3253 3261 3261 3261 3261 3253 3253 3255 3255 3262 3262 3263 3263 3024 3024 3264 3264 3022 3022 3265 3265 3265 3265 3022 3022 3020 3020 3265 3265 3020 3020 3266 3266 3266 3266 3020 3020 3267 3267 3268 3268 3269 3269 3019 3019 3019 3019 3269 3269 3270 3270 3019 3019 3270 3270 3020 3020 3020 3020 3270 3270 3271 3271 3020 3020 3271 3271 3267 3267 3272 3272 3273 3273 3026 3026 3026 3026 3273 3273 3274 3274 3274 3274 3275 3275 3026 3026 3026 3026 3275 3275 3276 3276 3026 3026 3276 3276 3019 3019 3019 3019 3276 3276 3277 3277 3019 3019 3277 3277 3268 3268 3278 3278 3272 3272 3279 3279 3279 3279 3272 3272 3026 3026 3279 3279 3026 3026 3280 3280 3280 3280 3026 3026 3025 3025 3280 3280 3025 3025 3281 3281 3281 3281 3025 3025 3282 3282 3024 3024 3263 3263 3025 3025 3025 3025 3263 3263 3283 3283 3025 3025 3283 3283 3282 3282 3284 3284 3285 3285 3029 3029 3029 3029 3285 3285 3286 3286 3029 3029 3286 3286 3024 3024 3024 3024 3286 3286 3287 3287 3024 3024 3287 3287 3262 3262 3288 3288 3289 3289 3028 3028 3028 3028 3289 3289 3290 3290 3028 3028 3290 3290 3029 3029 3029 3029 3290 3290 3291 3291 3029 3029 3291 3291 3284 3284 3292 3292 3293 3293 3027 3027 3027 3027 3293 3293 3294 3294 3027 3027 3294 3294 3028 3028 3028 3028 3294 3294 3295 3295 3028 3028 3295 3295 3288 3288 3296 3296 3030 3030 3297 3297 3297 3297 3030 3030 3298 3298 3296 3296 3299 3299 3030 3030 3030 3030 3299 3299 3300 3300 3030 3030 3300 3300 3031 3031 3031 3031 3300 3300 3301 3301 3031 3031 3301 3301 3027 3027 3027 3027 3301 3301 3302 3302 3027 3027 3302 3302 3292 3292 3303 3303 3304 3304 3023 3023 3023 3023 3304 3304 3305 3305 3023 3023 3305 3305 3030 3030 3030 3030 3305 3305 3306 3306 3030 3030 3306 3306 3298 3298 3264 3264 3307 3307 3022 3022 3022 3022 3307 3307 3308 3308 3022 3022 3308 3308 3023 3023 3023 3023 3308 3308 3309 3309 3023 3023 3309 3309 3303 3303 3310 3310 3311 3311 3035 3035 3310 3310 3035 3035 3312 3312 3313 3313 3314 3314 3033 3033 3033 3033 3314 3314 3315 3315 3033 3033 3315 3315 3035 3035 3035 3035 3315 3315 3316 3316 3035 3035 3316 3316 3312 3312 3317 3317 3318 3318 3032 3032 3032 3032 3318 3318 3319 3319 3032 3032 3319 3319 3033 3033 3033 3033 3319 3319 3320 3320 3033 3033 3320 3320 3313 3313 3321 3321 3322 3322 3039 3039 3039 3039 3322 3322 3323 3323 3039 3039 3323 3323 3032 3032 3032 3032 3323 3323 3324 3324 3032 3032 3324 3324 3317 3317 3325 3325 3326 3326 3038 3038 3038 3038 3326 3326 3327 3327 3038 3038 3327 3327 3039 3039 3039 3039 3327 3327 3328 3328 3039 3039 3328 3328 3321 3321 3329 3329 3330 3330 3037 3037 3330 3330 3331 3331 3037 3037 3037 3037 3331 3331 3332 3332 3037 3037 3332 3332 3038 3038 3038 3038 3332 3332 3333 3333 3038 3038 3333 3333 3325 3325 3334 3334 3335 3335 3041 3041 3041 3041 3335 3335 3336 3336 3041 3041 3336 3336 3337 3337 3337 3337 3338 3338 3041 3041 3041 3041 3338 3338 3339 3339 3041 3041 3339 3339 3042 3042 3042 3042 3339 3339 3340 3340 3042 3042 3340 3340 3037 3037 3037 3037 3340 3340 3341 3341 3037 3037 3341 3341 3329 3329 3334 3334 3041 3041 3342 3342 3342 3342 3041 3041 3040 3040 3342 3342 3040 3040 3343 3343 3044 3044 3344 3344 3345 3345 3345 3345 3346 3346 3044 3044 3044 3044 3346 3346 3347 3347 3044 3044 3347 3347 3040 3040 3040 3040 3347 3347 3348 3348 3040 3040 3348 3348 3343 3343 3344 3344 3044 3044 3349 3349 3349 3349 3044 3044 3043 3043 3349 3349 3043 3043 3350 3350 3351 3351 3352 3352 3036 3036 3352 3352 3353 3353 3036 3036 3036 3036 3353 3353 3354 3354 3036 3036 3354 3354 3043 3043 3043 3043 3354 3354 3355 3355 3043 3043 3355 3355 3350 3350 3356 3356 3357 3357 3358 3358 3311 3311 3356 3356 3035 3035 3035 3035 3356 3356 3358 3358 3035 3035 3358 3358 3036 3036 3036 3036 3358 3358 3359 3359 3036 3036 3359 3359 3351 3351 3360 3360 3361 3361 3362 3362 3362 3362 3361 3361 3363 3363 3364 3364 3365 3365 3366 3366 3367 3367 3368 3368 3369 3369 3370 3370 3371 3371 3073 3073 3073 3073 3078 3078 3370 3370 3370 3370 3078 3078 3079 3079 3370 3370 3079 3079 3083 3083 3074 3074 3071 3071 3371 3371 3371 3371 3071 3071 3072 3072 3371 3371 3072 3072 3073 3073 3077 3077 3076 3076 3372 3372 3373 3373 3374 3374 3375 3375 3375 3375 3374 3374 3376 3376 3375 3375 3376 3376 3377 3377 2291 2291 3378 3378 2292 2292 2292 2292 3378 3378 3379 3379 2292 2292 3379 3379 2294 2294 3378 3378 3380 3380 3379 3379 3379 3379 3380 3380 3381 3381 3379 3379 3381 3381 3382 3382 3382 3382 2296 2296 3379 3379 3379 3379 2296 2296 2295 2295 3379 3379 2295 2295 2294 2294 3375 3375 3383 3383 3373 3373 3373 3373 3383 3383 3384 3384 3373 3373 3384 3384 3385 3385 3385 3385 3384 3384 3386 3386 3385 3385 3386 3386 3387 3387 3387 3387 3386 3386 3388 3388 2321 2321 2320 2320 2297 2297 3369 3369 3368 3368 3389 3389 3389 3389 3368 3368 3390 3390 3389 3389 3390 3390 3388 3388 3388 3388 3390 3390 3391 3391 3388 3388 3391 3391 3387 3387 3369 3369 3392 3392 3367 3367 3367 3367 3392 3392 2309 2309 3367 3367 2309 2309 2285 2285 2329 2329 3368 3368 2330 2330 2330 2330 3368 3368 3367 3367 2330 2330 3367 3367 2317 2317 2317 2317 3367 3367 2285 2285 2317 2317 2285 2285 2284 2284 2329 2329 2328 2328 3368 3368 3368 3368 2328 2328 2319 2319 3368 3368 2319 2319 3390 3390 3390 3390 2319 2319 2318 2318 3390 3390 2318 2318 3391 3391 3391 3391 2318 2318 2324 2324 3391 3391 2324 2324 2326 2326 3393 3393 3087 3087 3086 3086 3084 3084 3394 3394 3395 3395 3393 3393 3086 3086 3395 3395 3395 3395 3086 3086 3085 3085 3395 3395 3085 3085 3084 3084 3084 3084 3092 3092 3394 3394 3394 3394 3092 3092 3091 3091 3394 3394 3091 3091 3090 3090 3088 3088 3396 3396 3397 3397 3397 3397 3396 3396 3398 3398 3397 3397 3398 3398 3399 3399 3399 3399 3398 3398 3400 3400 3051 3051 3401 3401 3052 3052 3052 3052 3401 3401 3396 3396 3052 3052 3396 3396 3053 3053 3053 3053 3396 3396 3088 3088 3077 3077 3372 3372 3402 3402 3402 3402 3372 3372 3403 3403 3402 3402 3403 3403 3404 3404 3405 3405 3406 3406 3407 3407 3407 3407 3406 3406 3408 3408 3407 3407 3408 3408 3409 3409 3409 3409 3408 3408 3410 3410 3075 3075 3074 3074 3410 3410 3410 3410 3074 3074 3371 3371 3410 3410 3371 3371 3409 3409 3409 3409 3371 3371 3370 3370 3409 3409 3370 3370 3407 3407 3407 3407 3370 3370 3083 3083 3407 3407 3083 3083 3405 3405 3083 3083 3082 3082 3405 3405 3405 3405 3082 3082 3081 3081 3405 3405 3081 3081 3393 3393 3393 3393 3081 3081 3080 3080 3393 3393 3080 3080 3087 3087 3404 3404 3403 3403 3411 3411 3411 3411 3403 3403 3412 3412 3411 3411 3412 3412 3413 3413 3360 3360 3414 3414 3415 3415 3415 3415 3414 3414 3416 3416 3415 3415 3416 3416 3417 3417 3417 3417 3416 3416 3418 3418 3417 3417 3418 3418 3419 3419 3420 3420 3421 3421 3422 3422 3422 3422 3421 3421 3423 3423 3422 3422 3423 3423 3412 3412 3412 3412 3423 3423 3424 3424 3412 3412 3424 3424 3413 3413 3425 3425 3426 3426 3427 3427 3427 3427 3426 3426 3428 3428 3427 3427 3428 3428 3429 3429 3429 3429 3428 3428 3430 3430 3429 3429 3430 3430 3431 3431 3362 3362 3425 3425 3360 3360 3360 3360 3425 3425 3427 3427 3360 3360 3427 3427 3414 3414 3414 3414 3427 3427 3429 3429 3414 3414 3429 3429 3416 3416 3416 3416 3429 3429 3431 3431 3416 3416 3431 3431 3418 3418 3372 3372 3419 3419 3403 3403 3403 3403 3419 3419 3418 3418 3403 3403 3418 3418 3412 3412 3412 3412 3418 3418 3431 3431 3412 3412 3431 3431 3422 3422 3422 3422 3431 3431 3430 3430 3422 3422 3430 3430 3432 3432 3432 3432 3430 3430 3428 3428 3432 3432 3428 3428 3433 3433 3433 3433 3428 3428 3426 3426 3076 3076 3075 3075 3372 3372 3372 3372 3075 3075 3410 3410 3372 3372 3410 3410 3419 3419 3419 3419 3410 3410 3408 3408 3419 3419 3408 3408 3417 3417 3417 3417 3408 3408 3406 3406 3417 3417 3406 3406 3415 3415 3415 3415 3406 3406 3405 3405 3415 3415 3405 3405 3360 3360 3360 3360 3405 3405 3393 3393 3360 3360 3393 3393 3361 3361 3361 3361 3393 3393 3395 3395 3361 3361 3395 3395 3363 3363 3363 3363 3395 3395 3394 3394 3392 3392 3364 3364 2309 2309 2309 2309 3364 3364 3366 3366 2309 2309 3366 3366 2311 2311 2311 2311 3366 3366 2312 2312 2327 2327 2323 2323 3434 3434 3434 3434 2323 2323 2321 2321 3434 3434 2321 2321 3382 3382 3382 3382 2321 2321 2297 2297 3382 3382 2297 2297 2296 2296 2326 2326 2327 2327 3391 3391 3391 3391 2327 2327 3434 3434 3391 3391 3434 3434 3387 3387 3387 3387 3434 3434 3382 3382 3387 3387 3382 3382 3385 3385 3385 3385 3382 3382 3381 3381 3385 3385 3381 3381 3373 3373 3373 3373 3381 3381 3380 3380 3373 3373 3380 3380 3374 3374 3401 3401 3365 3365 3396 3396 3396 3396 3365 3365 3364 3364 3396 3396 3364 3364 3398 3398 3398 3398 3364 3364 3392 3392 3398 3398 3392 3392 3400 3400 3400 3400 3392 3392 3369 3369 3400 3400 3369 3369 3435 3435 3435 3435 3369 3369 3389 3389 3435 3435 3389 3389 3436 3436 3436 3436 3389 3389 3388 3388 3436 3436 3388 3388 3437 3437 3437 3437 3388 3388 3386 3386 3437 3437 3386 3386 3438 3438 3438 3438 3386 3386 3384 3384 3377 3377 3420 3420 3375 3375 3375 3375 3420 3420 3422 3422 3375 3375 3422 3422 3383 3383 3383 3383 3422 3422 3432 3432 3383 3383 3432 3432 3384 3384 3384 3384 3432 3432 3433 3433 3384 3384 3433 3433 3438 3438 3438 3438 3433 3433 3426 3426 3438 3438 3426 3426 3437 3437 3437 3437 3426 3426 3425 3425 3437 3437 3425 3425 3436 3436 3436 3436 3425 3425 3362 3362 3436 3436 3362 3362 3435 3435 3435 3435 3362 3362 3363 3363 3435 3435 3363 3363 3400 3400 3400 3400 3363 3363 3394 3394 3400 3400 3394 3394 3399 3399 3399 3399 3394 3394 3090 3090 3399 3399 3090 3090 3397 3397 3397 3397 3090 3090 3089 3089 3397 3397 3089 3089 3088 3088 3439 3439 3440 3440 3441 3441 3442 3442 3443 3443 3444 3444 2289 2289 2287 2287 3445 3445 3366 3366 3365 3365 3446 3446 3070 3070 3069 3069 3447 3447 3068 3068 3077 3077 3402 3402 3070 3070 3447 3447 3063 3063 3063 3063 3447 3447 3448 3448 3063 3063 3448 3448 3064 3064 3064 3064 3448 3448 3449 3449 3064 3064 3449 3449 3061 3061 3061 3061 3449 3449 3062 3062 3062 3062 3449 3449 3450 3450 3062 3062 3450 3450 3065 3065 3065 3065 3450 3450 3066 3066 3066 3066 3450 3450 3451 3451 3066 3066 3451 3451 3067 3067 3067 3067 3451 3451 3452 3452 3067 3067 3452 3452 3045 3045 3048 3048 3047 3047 3453 3453 3453 3453 3047 3047 3060 3060 3453 3453 3060 3060 3452 3452 3452 3452 3060 3060 3046 3046 3452 3452 3046 3046 3045 3045 3048 3048 3453 3453 3055 3055 3055 3055 3453 3453 3454 3454 3055 3055 3454 3454 3056 3056 3057 3057 3455 3455 3456 3456 3054 3054 3059 3059 3456 3456 3456 3456 3059 3059 3058 3058 3456 3456 3058 3058 3057 3057 3049 3049 3457 3457 3050 3050 3050 3050 3457 3457 3401 3401 3050 3050 3401 3401 3051 3051 2312 2312 3366 3366 2314 2314 2314 2314 3366 3366 3446 3446 2314 2314 3446 3446 2315 2315 2315 2315 3446 3446 3458 3458 2315 2315 3458 3458 2316 2316 3459 3459 2305 2305 2298 2298 3458 3458 3460 3460 3461 3461 2316 2316 3458 3458 2301 2301 2301 2301 3458 3458 3461 3461 2301 2301 3461 3461 2300 2300 3377 3377 3462 3462 3420 3420 3420 3420 3462 3462 3463 3463 3420 3420 3463 3463 3421 3421 2290 2290 2289 2289 3464 3464 3464 3464 2289 2289 3445 3445 3464 3464 3445 3445 3465 3465 3465 3465 3445 3445 3466 3466 3465 3465 3466 3466 3467 3467 3467 3467 3466 3466 3468 3468 3467 3467 3468 3468 3469 3469 3469 3469 3468 3468 3459 3459 2286 2286 2308 2308 3470 3470 3470 3470 2308 2308 2307 2307 3470 3470 2307 2307 2303 2303 3376 3376 3374 3374 3471 3471 3471 3471 3374 3374 3380 3380 3471 3471 3380 3380 3378 3378 3447 3447 3442 3442 3448 3448 3448 3448 3442 3442 3444 3444 3448 3448 3444 3444 3449 3449 3449 3449 3444 3444 3472 3472 3449 3449 3472 3472 3450 3450 3404 3404 3411 3411 3439 3439 3440 3440 3473 3473 3441 3441 3441 3441 3473 3473 3474 3474 3441 3441 3474 3474 3475 3475 3475 3475 3474 3474 3476 3476 3475 3475 3476 3476 3477 3477 3477 3477 3476 3476 3478 3478 3478 3478 3476 3476 3479 3479 3478 3478 3479 3479 3480 3480 3480 3480 3479 3479 3481 3481 3480 3480 3481 3481 3482 3482 3049 3049 3054 3054 3457 3457 3457 3457 3054 3054 3456 3456 3457 3457 3456 3456 3483 3483 3483 3483 3456 3456 3455 3455 3483 3483 3455 3455 3484 3484 3485 3485 3486 3486 3487 3487 3487 3487 3486 3486 3460 3460 3365 3365 3401 3401 3446 3446 3446 3446 3401 3401 3457 3457 3446 3446 3457 3457 3458 3458 3458 3458 3457 3457 3483 3483 3458 3458 3483 3483 3460 3460 3460 3460 3483 3483 3484 3484 3460 3460 3484 3484 3487 3487 3057 3057 3056 3056 3455 3455 3455 3455 3056 3056 3454 3454 3455 3455 3454 3454 3484 3484 3484 3484 3454 3454 3453 3453 3484 3484 3453 3453 3487 3487 3487 3487 3453 3453 3452 3452 3487 3487 3452 3452 3485 3485 3485 3485 3452 3452 3451 3451 3485 3485 3451 3451 3488 3488 3488 3488 3451 3451 3450 3450 3488 3488 3450 3450 3489 3489 3489 3489 3450 3450 3472 3472 2291 2291 2290 2290 3378 3378 3378 3378 2290 2290 3464 3464 3378 3378 3464 3464 3471 3471 3471 3471 3464 3464 3465 3465 3471 3471 3465 3465 3490 3490 3490 3490 3465 3465 3467 3467 2287 2287 2286 2286 3445 3445 3445 3445 2286 2286 3470 3470 3445 3445 3470 3470 3466 3466 3466 3466 3470 3470 2303 2303 3466 3466 2303 2303 3468 3468 3468 3468 2303 2303 2302 2302 3468 3468 2302 2302 3459 3459 3459 3459 2302 2302 2306 2306 3459 3459 2306 2306 2305 2305 3413 3413 3424 3424 3491 3491 3491 3491 3424 3424 3423 3423 3491 3491 3423 3423 3492 3492 3492 3492 3423 3423 3421 3421 3492 3492 3421 3421 3493 3493 3493 3493 3421 3421 3463 3463 3493 3493 3463 3463 3490 3490 3490 3490 3463 3463 3462 3462 3490 3490 3462 3462 3471 3471 3471 3471 3462 3462 3377 3377 3471 3471 3377 3377 3376 3376 3411 3411 3413 3413 3439 3439 3439 3439 3413 3413 3491 3491 3439 3439 3491 3491 3440 3440 3440 3440 3491 3491 3492 3492 3440 3440 3492 3492 3473 3473 3473 3473 3492 3492 3493 3493 3473 3473 3493 3493 3474 3474 3474 3474 3493 3493 3490 3490 3474 3474 3490 3490 3476 3476 3476 3476 3490 3490 3467 3467 3476 3476 3467 3467 3479 3479 3479 3479 3467 3467 3469 3469 3479 3479 3469 3469 3481 3481 3481 3481 3469 3469 3459 3459 3481 3481 3459 3459 3482 3482 3069 3069 3068 3068 3447 3447 3447 3447 3068 3068 3402 3402 3447 3447 3402 3402 3442 3442 3442 3442 3402 3402 3404 3404 3442 3442 3404 3404 3443 3443 3443 3443 3404 3404 3439 3439 3443 3443 3439 3439 3444 3444 3444 3444 3439 3439 3441 3441 3444 3444 3441 3441 3472 3472 3472 3472 3441 3441 3475 3475 3472 3472 3475 3475 3489 3489 3489 3489 3475 3475 3477 3477 3489 3489 3477 3477 3488 3488 3488 3488 3477 3477 3478 3478 3488 3488 3478 3478 3485 3485 3485 3485 3478 3478 3480 3480 3485 3485 3480 3480 3486 3486 3486 3486 3480 3480 3482 3482 3486 3486 3482 3482 3460 3460 3460 3460 3482 3482 3459 3459 3460 3460 3459 3459 3461 3461 3461 3461 3459 3459 2298 2298 3461 3461 2298 2298 2300 2300 2279 2279 2278 2278 2442 2442 2439 2439 3241 3241 2440 2440 2440 2440 3241 3241 3096 3096 2440 2440 3096 3096 3106 3106 2440 2440 3106 3106 2442 2442 2442 2442 3106 3106 3105 3105 2442 2442 3105 3105 2279 2279 2279 2279 3105 3105 3103 3103 2279 2279 3103 3103 2433 2433 2433 2433 3103 3103 3099 3099 2433 2433 3099 3099 2434 2434 2434 2434 3099 3099 3098 3098 2434 2434 3098 3098 2436 2436 2436 2436 3098 3098 2437 2437 2437 2437 3098 3098 3097 3097 2437 2437 3097 3097 2430 2430 2430 2430 3097 3097 3100 3100 2489 2489 2488 2488 3243 3243 3243 3243 2488 2488 3094 3094 3094 3094 2488 2488 2504 2504 3094 3094 2504 2504 3095 3095 3095 3095 2504 2504 2502 2502 3095 3095 2502 2502 3104 3104 3104 3104 2502 2502 2500 2500 3104 3104 2500 2500 3102 3102 3102 3102 2500 2500 2498 2498 3102 3102 2498 2498 3101 3101 3101 3101 2498 2498 2430 2430 3101 3101 2430 2430 3100 3100 3200 3200 2281 2281 3199 3199 3199 3199 2281 2281 2496 2496 3170 3170 2538 2538 3171 3171 3171 3171 2538 2538 2533 2533 3162 3162 3161 3161 2556 2556 2556 2556 2555 2555 3162 3162 3162 3162 2555 2555 2539 2539 3162 3162 2539 2539 3172 3172 3172 3172 2539 2539 2538 2538 3172 3172 2538 2538 3170 3170 2556 2556 3161 3161 3168 3168 2556 2556 3168 3168 2554 2554 2554 2554 3168 3168 3166 3166 2554 2554 3166 3166 2540 2540 2540 2540 3166 3166 3164 3164 2540 2540 3164 3164 2265 2265 2265 2265 3164 3164 2266 2266 2266 2266 3164 3164 3163 3163 2266 2266 3163 3163 2549 2549 2549 2549 3163 3163 2547 2547 2547 2547 3163 3163 3165 3165 2547 2547 3165 3165 2546 2546 2546 2546 3165 3165 2545 2545 2545 2545 3165 3165 3167 3167 2545 2545 3167 3167 2543 2543 2543 2543 3167 3167 3169 3169 2543 2543 3169 3169 2541 2541 3130 3130 2552 2552 3131 3131 3131 3131 2552 2552 2550 2550 3135 3135 3133 3133 2606 2606 2606 2606 3133 3133 3128 3128 2606 2606 3128 3128 2599 2599 2599 2599 3128 3128 3116 3116 2599 2599 3116 3116 2600 2600 2600 2600 3116 3116 3112 3112 2600 2600 3112 3112 2602 2602 2602 2602 3112 3112 3119 3119 2602 2602 3119 3119 2604 2604 2604 2604 3119 3119 3118 3118 2604 2604 3118 3118 2593 2593 2593 2593 3118 3118 3117 3117 2593 2593 3117 3117 2595 2595 2595 2595 3117 3117 2597 2597 2606 2606 2607 2607 3135 3135 3135 3135 2607 2607 2553 2553 3135 3135 2553 2553 3136 3136 3136 3136 2553 2553 2552 2552 3136 3136 2552 2552 3130 3130 2598 2598 2597 2597 3117 3117 3117 3117 3122 3122 2598 2598 2598 2598 3122 3122 3121 3121 2598 2598 3121 3121 2589 2589 2589 2589 3121 3121 3120 3120 2589 2589 3120 3120 2590 2590 2590 2590 3120 3120 3110 3110 3113 3113 2583 2583 3107 3107 3107 3107 2583 2583 2582 2582 3107 3107 2582 2582 3108 3108 3108 3108 2582 2582 2574 2574 3108 3108 2574 2574 3110 3110 3110 3110 2574 2574 2591 2591 3110 3110 2591 2591 2590 2590 3123 3123 2587 2587 3134 3134 3134 3134 2587 2587 2586 2586 3134 3134 2586 2586 3129 3129 3129 3129 2586 2586 2584 2584 3129 3129 2584 2584 3113 3113 3113 3113 2584 2584 2583 2583 3149 3149 2581 2581 3127 3127 3127 3127 2581 2581 2580 2580 2581 2581 3149 3149 3147 3147 2581 2581 3147 3147 2573 2573 2573 2573 3147 3147 3146 3146 2573 2573 3146 3146 2262 2262 3145 3145 2263 2263 3148 3148 3148 3148 2263 2263 2262 2262 3148 3148 2262 2262 3146 3146 2263 2263 3145 3145 2264 2264 2264 2264 3145 3145 3144 3144 2264 2264 3144 3144 2577 2577 3143 3143 2578 2578 3144 3144 3144 3144 2578 2578 2577 2577 3140 3140 2567 2567 3142 3142 3142 3142 2567 2567 2571 2571 3142 3142 2571 2571 3143 3143 3143 3143 2571 2571 2795 2795 3143 3143 2795 2795 2578 2578 3138 3138 2569 2569 3139 3139 3139 3139 2569 2569 2568 2568 3139 3139 2568 2568 3140 3140 3140 3140 2568 2568 2567 2567 3138 3138 3137 3137 2569 2569 2569 2569 3137 3137 3132 3132 2569 2569 3132 3132 2570 2570 2570 2570 3132 3132 3131 3131 2570 2570 3131 3131 2548 2548 2548 2548 3131 3131 2550 2550 3151 3151 2516 2516 2796 2796 2541 2541 3169 3169 2542 2542 2542 2542 3169 3169 3155 3155 2796 2796 2794 2794 3151 3151 3151 3151 2794 2794 2793 2793 3151 3151 2793 2793 3153 3153 3153 3153 2793 2793 2572 2572 3153 3153 2572 2572 3155 3155 3155 3155 2572 2572 2542 2542 2516 2516 3151 3151 2517 2517 2517 2517 3151 3151 3150 3150 2517 2517 3150 3150 2519 2519 2565 2565 3154 3154 3159 3159 2565 2565 3159 3159 2566 2566 2519 2519 3150 3150 2559 2559 2559 2559 3150 3150 3152 3152 2559 2559 3152 3152 2561 2561 2561 2561 3152 3152 3154 3154 2561 2561 3154 3154 2563 2563 2563 2563 3154 3154 2565 2565 3176 3176 2557 2557 2558 2558 2566 2566 3159 3159 2564 2564 2564 2564 3159 3159 3157 3157 2564 2564 3157 3157 3177 3177 2564 2564 3177 3177 2562 2562 2562 2562 3177 3177 3176 3176 2562 2562 3176 3176 2560 2560 2560 2560 3176 3176 2558 2558 3178 3178 2528 2528 3175 3175 3175 3175 2528 2528 2557 2557 3175 3175 2557 2557 3176 3176 2528 2528 3178 3178 2526 2526 2526 2526 3178 3178 3179 3179 2526 2526 3179 3179 2524 2524 2524 2524 3179 3179 3156 3156 2524 2524 3156 3156 2529 2529 2529 2529 3156 3156 2530 2530 2530 2530 3156 3156 3158 3158 2530 2530 3158 3158 2532 2532 3158 3158 3160 3160 2532 2532 2532 2532 3160 3160 3174 3174 2532 2532 3174 3174 2535 2535 2535 2535 3174 3174 3173 3173 2535 2535 3173 3173 2534 2534 2534 2534 3173 3173 3171 3171 2534 2534 3171 3171 2533 2533 2281 2281 3200 3200 3201 3201 3185 3185 2520 2520 2527 2527 2522 2522 3191 3191 2523 2523 2523 2523 3191 3191 3192 3192 2523 2523 3192 3192 3186 3186 3191 3191 2522 2522 2531 2531 3191 3191 2531 2531 3197 3197 3197 3197 2531 2531 2537 2537 3197 3197 2537 2537 3203 3203 3185 3185 2527 2527 3186 3186 3186 3186 2527 2527 2525 2525 3186 3186 2525 2525 2523 2523 3203 3203 2537 2537 3202 3202 3202 3202 2537 2537 2536 2536 3202 3202 2536 2536 3201 3201 3201 3201 2536 2536 2282 2282 3201 3201 2282 2282 2281 2281 3184 3184 2268 2268 3185 3185 3185 3185 2268 2268 2520 2520 2269 2269 2268 2268 3184 3184 2269 2269 3184 3184 2271 2271 2271 2271 3184 3184 3183 3183 2271 2271 3183 3183 2521 2521 3180 3180 2509 2509 3181 3181 3181 3181 2509 2509 2521 2521 3181 3181 2521 2521 3183 3183 2511 2511 2509 2509 3180 3180 3193 3193 2513 2513 3187 3187 3187 3187 2513 2513 2511 2511 3187 3187 2511 2511 3182 3182 3182 3182 2511 2511 3180 3180 3190 3190 2514 2514 3193 3193 3193 3193 2514 2514 2513 2513 3215 3215 3214 3214 2506 2506 2512 2512 2276 2276 3208 3208 2508 2508 2510 2510 2512 2512 3208 3208 3215 3215 2512 2512 2512 2512 3215 3215 2508 2508 2508 2508 3215 3215 2506 2506 3208 3208 2276 2276 2275 2275 3208 3208 2275 2275 3206 3206 3206 3206 2275 2275 2274 2274 3206 3206 2274 2274 3198 3198 3198 3198 2274 2274 2273 2273 3198 3198 2273 2273 3195 3195 3217 3217 2505 2505 3213 3213 3213 3213 2505 2505 2506 2506 3213 3213 2506 2506 3214 3214 2482 2482 2505 2505 3217 3217 2492 2492 2483 2483 3212 3212 2482 2482 3217 3217 2483 2483 2483 2483 3217 3217 3216 3216 2483 2483 3216 3216 3212 3212 2492 2492 3212 3212 2490 2490 2490 2490 3212 3212 3211 3211 2490 2490 3211 3211 3209 3209 2490 2490 3209 3209 2503 2503 2503 2503 3209 3209 3207 3207 2503 2503 3207 3207 2501 2501 2501 2501 3207 3207 3205 3205 2501 2501 3205 3205 2499 2499 3205 3205 3204 3204 2499 2499 2499 2499 3204 3204 3199 3199 2499 2499 3199 3199 2497 2497 2497 2497 3199 3199 2496 2496 2493 2493 2491 2491 3239 3239 3239 3239 2491 2491 3240 3240 2489 2489 3243 3243 2491 2491 2491 2491 3243 3243 3242 3242 2491 2491 3242 3242 3240 3240 3226 3226 2472 2472 2471 2471 3226 3226 2471 2471 3227 3227 2471 2471 2470 2470 3227 3227 3227 3227 2470 2470 2479 2479 3227 3227 2479 2479 3224 3224 3224 3224 2479 2479 2478 2478 3224 3224 2478 2478 3225 3225 3225 3225 2478 2478 2477 2477 3225 3225 2477 2477 3228 3228 3228 3228 2477 2477 2481 2481 3228 3228 2481 2481 3230 3230 3230 3230 2481 2481 2480 2480 3230 3230 2480 2480 3231 3231 3231 3231 2480 2480 2487 2487 3231 3231 2487 2487 3232 3232 3232 3232 2487 2487 2486 2486 3232 3232 2486 2486 3233 3233 3233 3233 2486 2486 2485 2485 3233 3233 2485 2485 3234 3234 2485 2485 2484 2484 3234 3234 3234 3234 2484 2484 2495 2495 3234 3234 2495 2495 3246 3246 3246 3246 2495 2495 2494 2494 3246 3246 2494 2494 3244 3244 3244 3244 2494 2494 2493 2493 3244 3244 2493 2493 3239 3239 3260 3260 2447 2447 3258 3258 3258 3258 2447 2447 2445 2445 3258 3258 2445 2445 3229 3229 3229 3229 2445 2445 2444 2444 3229 3229 2444 2444 2467 2467 2475 2475 3223 3223 2476 2476 2476 2476 3223 3223 3222 3222 2476 2476 3222 3222 2463 2463 2463 2463 3222 3222 3221 3221 2463 2463 3221 3221 2464 2464 2464 2464 3221 3221 3219 3219 2464 2464 3219 3219 2466 2466 2466 2466 3219 3219 3236 3236 2466 2466 3236 3236 2467 2467 2467 2467 3236 3236 3235 3235 2467 2467 3235 3235 3229 3229 2475 2475 2474 2474 3223 3223 3223 3223 2474 2474 2472 2472 3223 3223 2472 2472 3226 3226 2447 2447 3260 3260 2448 2448 2448 2448 3260 3260 3261 3261 3261 3261 3255 3255 2448 2448 2448 2448 3255 3255 3254 3254 2448 2448 3254 3254 2449 2449 3253 3253 2450 2450 3254 3254 3254 3254 2450 2450 2449 2449 2452 2452 2451 2451 3256 3256 3256 3256 2451 2451 3257 3257 3257 3257 2451 2451 3259 3259 3259 3259 2451 2451 2450 2450 3259 3259 2450 2450 3253 3253 2452 2452 3256 3256 2453 2453 2453 2453 3256 3256 3252 3252 2453 2453 3252 3252 2454 2454 2454 2454 3252 3252 3251 3251 2454 2454 3251 3251 2455 2455 2455 2455 3251 3251 3250 3250 2455 2455 3250 3250 2457 2457 3248 3248 2459 2459 3237 3237 3237 3237 2459 2459 2456 2456 3237 3237 2456 2456 2458 2458 2457 2457 3250 3250 3249 3249 2457 2457 3249 3249 2458 2458 2458 2458 3249 3249 3238 3238 2458 2458 3238 3238 3237 3237 2459 2459 3248 3248 2460 2460 2460 2460 3248 3248 3247 3247 2460 2460 3247 3247 2461 2461 2461 2461 3247 3247 3245 3245 2461 2461 3245 3245 2462 2462 2462 2462 3245 3245 3241 3241 2462 2462 3241 3241 2439 2439 3494 3494 3495 3495 3496 3496 3497 3497 3266 3266 3267 3267 3282 3282 3283 3283 3498 3498 3499 3499 3500 3500 3501 3501 3502 3502 3503 3503 3499 3499 3504 3504 2340 2340 2338 2338 2349 2349 2348 2348 3505 3505 3505 3505 2348 2348 2346 2346 2350 2350 2343 2343 2342 2342 2349 2349 3505 3505 2342 2342 2342 2342 3505 3505 3506 3506 2342 2342 3506 3506 2350 2350 3507 3507 3508 3508 2335 2335 3509 3509 2337 2337 3508 3508 3508 3508 2337 2337 2335 2335 3510 3510 3501 3501 2332 2332 2332 2332 3501 3501 2372 2372 2332 2332 2331 2331 3510 3510 3510 3510 2331 2331 2339 2339 3510 3510 2339 2339 3504 3504 3504 3504 2339 2339 2341 2341 3504 3504 2341 2341 2340 2340 2372 2372 3501 3501 2373 2373 2373 2373 3501 3501 3500 3500 2373 2373 3500 3500 2374 2374 2374 2374 3500 3500 2375 2375 2375 2375 3500 3500 3511 3511 2375 2375 3511 3511 2376 2376 3512 3512 3513 3513 3514 3514 3512 3512 3514 3514 3515 3515 2335 2335 2351 2351 3507 3507 3507 3507 2351 2351 2350 2350 3507 3507 2350 2350 3516 3516 3516 3516 2350 2350 3506 3506 3516 3516 3506 3506 3512 3512 3512 3512 3506 3506 3505 3505 3512 3512 3505 3505 3513 3513 3513 3513 3505 3505 2346 2346 3513 3513 2346 2346 2345 2345 2338 2338 2337 2337 3504 3504 3504 3504 2337 2337 3509 3509 3504 3504 3509 3509 3510 3510 3510 3510 3509 3509 3517 3517 3510 3510 3517 3517 3501 3501 3499 3499 3503 3503 3500 3500 3500 3500 3503 3503 3511 3511 3518 3518 3519 3519 3520 3520 3521 3521 3519 3519 3498 3498 3498 3498 3519 3519 3518 3518 3498 3498 3518 3518 3282 3282 3283 3283 3263 3263 3498 3498 3498 3498 3263 3263 3262 3262 3498 3498 3262 3262 3521 3521 3521 3521 3262 3262 3287 3287 3521 3521 3287 3287 3286 3286 3522 3522 3285 3285 3284 3284 3523 3523 3524 3524 3525 3525 3525 3525 3524 3524 3526 3526 3525 3525 3526 3526 3527 3527 3291 3291 3528 3528 3284 3284 3284 3284 3528 3528 3522 3522 3522 3522 3528 3528 3527 3527 3522 3522 3527 3527 3529 3529 3529 3529 3527 3527 3526 3526 3529 3529 3526 3526 3517 3517 3517 3517 3526 3526 3524 3524 3517 3517 3524 3524 3501 3501 3501 3501 3524 3524 3523 3523 3501 3501 3523 3523 3499 3499 3499 3499 3523 3523 3530 3530 3499 3499 3530 3530 3502 3502 3497 3497 3267 3267 3531 3531 3531 3531 3267 3267 3271 3271 3531 3531 3271 3271 3532 3532 3268 3268 3533 3533 3269 3269 3269 3269 3533 3533 3532 3532 3269 3269 3532 3532 3270 3270 3270 3270 3532 3532 3271 3271 3268 3268 3277 3277 3534 3534 3273 3273 3535 3535 3274 3274 3274 3274 3535 3535 3536 3536 3274 3274 3536 3536 3275 3275 3275 3275 3536 3536 3537 3537 3275 3275 3537 3537 3276 3276 3277 3277 3276 3276 3534 3534 3534 3534 3276 3276 3537 3537 3534 3534 3537 3537 3496 3496 3496 3496 3537 3537 3536 3536 3268 3268 3534 3534 3533 3533 3533 3533 3534 3534 3496 3496 3533 3533 3496 3496 3532 3532 3532 3532 3496 3496 3495 3495 3532 3532 3495 3495 3531 3531 3538 3538 3539 3539 3494 3494 3494 3494 3539 3539 3495 3495 3495 3495 3539 3539 3540 3540 3495 3495 3540 3540 3531 3531 3531 3531 3540 3540 3497 3497 3278 3278 3279 3279 3541 3541 3541 3541 3279 3279 3280 3280 3541 3541 3280 3280 3281 3281 3273 3273 3272 3272 3535 3535 3535 3535 3272 3272 3278 3278 3535 3535 3278 3278 3520 3520 3520 3520 3278 3278 3541 3541 3520 3520 3541 3541 3518 3518 3518 3518 3541 3541 3281 3281 3518 3518 3281 3281 3282 3282 3528 3528 3542 3542 3527 3527 3527 3527 3542 3542 3525 3525 3525 3525 3542 3542 3543 3543 3525 3525 3543 3543 3523 3523 3523 3523 3543 3543 3530 3530 3515 3515 3538 3538 3512 3512 3512 3512 3538 3538 3494 3494 3512 3512 3494 3494 3516 3516 3516 3516 3494 3494 3496 3496 3516 3516 3496 3496 3507 3507 3507 3507 3496 3496 3536 3536 3507 3507 3536 3536 3508 3508 3508 3508 3536 3536 3535 3535 3508 3508 3535 3535 3509 3509 3509 3509 3535 3535 3520 3520 3509 3509 3520 3520 3517 3517 3517 3517 3520 3520 3519 3519 3517 3517 3519 3519 3529 3529 3529 3529 3519 3519 3521 3521 3529 3529 3521 3521 3522 3522 3522 3522 3521 3521 3286 3286 3522 3522 3286 3286 3285 3285 2357 2357 2359 2359 3544 3544 3545 3545 3530 3530 3543 3543 3290 3290 3289 3289 3546 3546 3547 3547 3540 3540 3539 3539 3548 3548 3549 3549 3550 3550 3551 3551 3552 3552 3553 3553 3554 3554 3555 3555 3556 3556 3557 3557 3558 3558 3559 3559 3560 3560 3556 3556 3561 3561 3562 3562 3563 3563 3564 3564 3530 3530 3545 3545 3565 3565 3530 3530 3565 3565 3502 3502 3511 3511 2378 2378 2376 2376 2365 2365 2378 2378 3566 3566 3566 3566 2378 2378 3511 3511 3566 3566 3511 3511 3565 3565 3565 3565 3511 3511 3503 3503 3565 3565 3503 3503 3502 3502 3567 3567 3568 3568 3569 3569 3569 3569 3568 3568 3570 3570 3569 3569 3570 3570 3564 3564 3571 3571 3572 3572 3573 3573 3573 3573 3572 3572 3570 3570 3573 3573 3570 3570 3574 3574 3574 3574 3570 3570 3568 3568 3564 3564 3563 3563 3569 3569 3569 3569 3563 3563 3575 3575 3569 3569 3575 3575 3567 3567 3571 3571 3576 3576 3577 3577 3577 3577 3576 3576 3578 3578 3577 3577 3578 3578 3579 3579 3579 3579 3578 3578 3580 3580 3579 3579 3580 3580 3581 3581 3581 3581 3580 3580 3544 3544 3581 3581 3544 3544 3582 3582 3544 3544 2359 2359 3582 3582 3582 3582 2359 2359 2361 2361 2369 2369 3582 3582 2370 2370 2370 2370 3582 3582 2361 2361 2370 2370 2361 2361 2371 2371 3571 3571 3577 3577 3572 3572 3572 3572 3577 3577 3579 3579 3572 3572 3579 3579 3570 3570 3570 3570 3579 3579 3581 3581 3570 3570 3581 3581 3564 3564 3564 3564 3581 3581 3582 3582 3564 3564 3582 3582 3562 3562 3562 3562 3582 3582 2369 2369 3562 3562 2369 2369 2368 2368 3583 3583 3538 3538 3515 3515 3556 3556 3560 3560 3554 3554 3554 3554 3560 3560 2355 2355 3554 3554 2355 2355 2353 2353 2353 2353 2352 2352 3554 3554 3554 3554 2352 2352 2364 2364 3554 3554 2364 2364 3555 3555 3555 3555 2364 2364 2363 2363 3555 3555 2363 2363 2362 2362 3298 3298 3306 3306 3584 3584 3585 3585 3297 3297 3298 3298 3303 3303 3586 3586 3304 3304 3304 3304 3586 3586 3587 3587 3304 3304 3587 3587 3305 3305 3548 3548 3550 3550 3588 3588 3588 3588 3550 3550 3589 3589 3589 3589 3550 3550 3557 3557 3589 3589 3557 3557 3590 3590 3590 3590 3557 3557 3559 3559 3590 3590 3559 3559 3591 3591 3306 3306 3305 3305 3584 3584 3584 3584 3305 3305 3587 3587 3584 3584 3587 3587 3592 3592 3592 3592 3587 3587 3586 3586 3592 3592 3586 3586 3593 3593 3309 3309 3308 3308 3594 3594 3594 3594 3308 3308 3307 3307 3266 3266 3497 3497 3265 3265 3265 3265 3497 3497 3264 3264 3540 3540 3547 3547 3497 3497 3497 3497 3547 3547 3594 3594 3497 3497 3594 3594 3307 3307 3497 3497 3307 3307 3264 3264 3514 3514 3591 3591 3515 3515 3515 3515 3591 3591 3559 3559 3515 3515 3559 3559 3583 3583 3583 3583 3559 3559 3558 3558 3583 3583 3558 3558 3595 3595 3595 3595 3558 3558 3557 3557 3595 3595 3557 3557 3596 3596 3596 3596 3557 3557 3550 3550 3596 3596 3550 3550 3553 3553 3553 3553 3550 3550 3549 3549 3553 3553 3549 3549 3551 3551 3528 3528 3291 3291 3290 3290 3290 3290 3546 3546 3528 3528 3528 3528 3546 3546 3597 3597 3528 3528 3597 3597 3598 3598 3528 3528 3598 3598 3542 3542 3599 3599 3288 3288 3600 3600 3600 3600 3288 3288 3295 3295 3600 3600 3295 3295 3294 3294 3301 3301 3300 3300 3299 3299 3601 3601 3602 3602 3603 3603 3603 3603 3602 3602 3604 3604 3603 3603 3604 3604 3605 3605 3298 3298 3584 3584 3585 3585 3585 3585 3584 3584 3606 3606 3585 3585 3606 3606 3607 3607 3608 3608 3609 3609 3601 3601 3601 3601 3609 3609 3610 3610 3601 3601 3610 3610 3602 3602 3602 3602 3610 3610 3611 3611 3602 3602 3611 3611 3604 3604 3604 3604 3611 3611 3612 3612 3604 3604 3612 3612 3605 3605 3605 3605 3612 3612 3293 3293 3293 3293 3292 3292 3605 3605 3605 3605 3292 3292 3302 3302 3605 3605 3302 3302 3603 3603 3603 3603 3302 3302 3301 3301 3603 3603 3301 3301 3613 3613 3613 3613 3301 3301 3299 3299 3613 3613 3299 3299 3296 3296 3289 3289 3288 3288 3546 3546 3546 3546 3288 3288 3599 3599 3546 3546 3599 3599 3597 3597 3597 3597 3599 3599 3614 3614 3597 3597 3614 3614 3598 3598 3614 3614 3615 3615 3598 3598 3598 3598 3615 3615 3616 3616 3598 3598 3616 3616 3617 3617 3618 3618 3619 3619 3620 3620 3620 3620 3619 3619 3621 3621 3620 3620 3621 3621 3622 3622 3618 3618 3608 3608 3619 3619 3619 3619 3608 3608 3601 3601 3619 3619 3601 3601 3621 3621 3621 3621 3601 3601 3603 3603 3621 3621 3603 3603 3607 3607 3607 3607 3603 3603 3613 3613 3607 3607 3613 3613 3585 3585 3585 3585 3613 3613 3296 3296 3585 3585 3296 3296 3297 3297 3623 3623 3624 3624 3625 3625 3625 3625 3624 3624 3626 3626 3625 3625 3626 3626 3627 3627 3627 3627 3626 3626 3628 3628 3627 3627 3628 3628 3629 3629 3617 3617 3616 3616 3567 3567 3567 3567 3616 3616 3630 3630 3567 3567 3630 3630 3568 3568 3568 3568 3630 3630 3631 3631 3568 3568 3631 3631 3574 3574 3574 3574 3631 3631 3632 3632 3574 3574 3632 3632 3573 3573 3573 3573 3632 3632 3633 3633 3573 3573 3633 3633 3571 3571 3571 3571 3633 3633 3634 3634 3571 3571 3634 3634 3576 3576 3588 3588 3623 3623 3548 3548 3548 3548 3623 3623 3625 3625 3548 3548 3625 3625 3549 3549 3549 3549 3625 3625 3627 3627 3549 3549 3627 3627 3551 3551 3551 3551 3627 3627 3629 3629 3551 3551 3629 3629 3552 3552 2368 2368 2366 2366 3562 3562 3562 3562 2366 2366 2365 2365 3562 3562 2365 2365 3563 3563 3563 3563 2365 2365 3566 3566 3563 3563 3566 3566 3575 3575 3575 3575 3566 3566 3565 3565 3575 3575 3565 3565 3567 3567 3567 3567 3565 3565 3545 3545 3567 3567 3545 3545 3617 3617 3617 3617 3545 3545 3543 3543 3617 3617 3543 3543 3598 3598 3598 3598 3543 3543 3542 3542 2345 2345 2356 2356 3513 3513 3513 3513 2356 2356 3591 3591 3513 3513 3591 3591 3514 3514 3634 3634 3635 3635 3576 3576 3576 3576 3635 3635 3561 3561 3576 3576 3561 3561 3578 3578 3578 3578 3561 3561 3556 3556 3578 3578 3556 3556 3580 3580 3580 3580 3556 3556 3555 3555 3580 3580 3555 3555 3544 3544 3544 3544 3555 3555 2362 2362 3544 3544 2362 2362 2357 2357 3303 3303 3309 3309 3586 3586 3586 3586 3309 3309 3594 3594 3586 3586 3594 3594 3593 3593 3593 3593 3594 3594 3547 3547 3593 3593 3547 3547 3636 3636 3636 3636 3547 3547 3539 3539 3624 3624 3622 3622 3626 3626 3626 3626 3622 3622 3621 3621 3626 3626 3621 3621 3628 3628 3628 3628 3621 3621 3607 3607 3628 3628 3607 3607 3629 3629 3629 3629 3607 3607 3606 3606 3629 3629 3606 3606 3552 3552 3552 3552 3606 3606 3584 3584 3552 3552 3584 3584 3553 3553 3553 3553 3584 3584 3592 3592 3553 3553 3592 3592 3596 3596 3596 3596 3592 3592 3593 3593 3596 3596 3593 3593 3595 3595 3595 3595 3593 3593 3636 3636 3595 3595 3636 3636 3583 3583 3583 3583 3636 3636 3539 3539 3583 3583 3539 3539 3538 3538 2356 2356 2355 2355 3591 3591 3591 3591 2355 2355 3560 3560 3591 3591 3560 3560 3590 3590 3590 3590 3560 3560 3561 3561 3590 3590 3561 3561 3589 3589 3589 3589 3561 3561 3635 3635 3589 3589 3635 3635 3588 3588 3588 3588 3635 3635 3634 3634 3588 3588 3634 3634 3623 3623 3623 3623 3634 3634 3633 3633 3623 3623 3633 3633 3624 3624 3624 3624 3633 3633 3632 3632 3624 3624 3632 3632 3622 3622 3622 3622 3632 3632 3631 3631 3622 3622 3631 3631 3620 3620 3620 3620 3631 3631 3630 3630 3620 3620 3630 3630 3618 3618 3618 3618 3630 3630 3616 3616 3618 3618 3616 3616 3608 3608 3608 3608 3616 3616 3615 3615 3608 3608 3615 3615 3609 3609 3609 3609 3615 3615 3614 3614 3609 3609 3614 3614 3610 3610 3610 3610 3614 3614 3599 3599 3610 3610 3599 3599 3611 3611 3611 3611 3599 3599 3600 3600 3611 3611 3600 3600 3612 3612 3612 3612 3600 3600 3294 3294 3612 3612 3294 3294 3293 3293 3637 3637 3638 3638 3639 3639 2420 2420 2419 2419 3640 3640 3340 3340 3339 3339 3641 3641 3642 3642 3643 3643 3644 3644 2411 2411 2410 2410 3645 3645 3646 3646 3647 3647 3648 3648 2423 2423 2422 2422 3649 3649 3650 3650 2425 2425 3651 3651 3651 3651 2425 2425 2385 2385 3651 3651 2385 2385 3652 3652 3652 3652 2385 2385 2384 2384 3653 3653 3649 3649 3654 3654 3654 3654 3649 3649 3650 3650 3654 3654 3650 3650 3655 3655 3655 3655 3650 3650 3651 3651 3655 3655 3651 3651 3656 3656 3656 3656 3651 3651 3652 3652 2422 2422 2429 2429 3649 3649 3649 3649 2429 2429 2428 2428 3649 3649 2428 2428 3650 3650 3650 3650 2428 2428 2426 2426 3650 3650 2426 2426 2425 2425 3640 3640 3657 3657 3658 3658 3658 3658 3657 3657 3659 3659 3646 3646 3660 3660 3661 3661 3639 3639 3638 3638 3662 3662 3662 3662 3638 3638 3663 3663 3662 3662 3663 3663 3664 3664 3642 3642 3644 3644 3665 3665 2415 2415 2417 2417 3666 3666 3666 3666 2417 2417 2418 2418 3666 3666 2418 2418 2413 2413 3667 3667 3668 3668 3662 3662 3662 3662 3668 3668 3669 3669 3662 3662 3669 3669 3639 3639 3644 3644 3667 3667 3665 3665 3665 3665 3667 3667 3662 3662 3665 3665 3662 3662 3670 3670 3670 3670 3662 3662 3664 3664 3671 3671 3672 3672 3321 3321 3321 3321 3672 3672 3322 3322 3321 3321 3328 3328 3671 3671 3671 3671 3328 3328 3327 3327 3671 3671 3327 3327 3673 3673 3640 3640 3674 3674 3657 3657 3657 3657 3674 3674 3675 3675 3657 3657 3675 3675 3659 3659 3659 3659 3675 3675 3676 3676 3327 3327 3326 3326 3673 3673 3673 3673 3326 3326 3325 3325 3673 3673 3325 3325 3677 3677 3677 3677 3325 3325 3333 3333 3677 3677 3333 3333 3678 3678 3678 3678 3333 3333 3332 3332 3641 3641 3679 3679 3680 3680 3340 3340 3641 3641 3341 3341 3332 3332 3331 3331 3678 3678 3678 3678 3331 3331 3330 3330 3678 3678 3330 3330 3681 3681 3681 3681 3330 3330 3329 3329 3681 3681 3329 3329 3341 3341 3341 3341 3641 3641 3681 3681 3681 3681 3641 3641 3680 3680 3681 3681 3680 3680 3678 3678 3678 3678 3680 3680 3682 3682 3678 3678 3682 3682 3677 3677 3677 3677 3682 3682 3683 3683 3677 3677 3683 3683 3673 3673 3684 3684 3685 3685 3686 3686 3686 3686 3685 3685 3687 3687 3686 3686 3687 3687 3688 3688 3689 3689 3690 3690 3691 3691 3691 3691 3690 3690 3692 3692 3691 3691 3692 3692 3693 3693 3693 3693 3692 3692 3694 3694 3693 3693 3694 3694 3661 3661 3661 3661 3694 3694 3695 3695 3661 3661 3695 3695 3646 3646 3646 3646 3695 3695 3696 3696 3646 3646 3696 3696 3647 3647 3647 3647 3696 3696 3645 3645 3684 3684 3689 3689 3685 3685 3685 3685 3689 3689 3691 3691 3685 3685 3691 3691 3687 3687 3687 3687 3691 3691 3693 3693 3687 3687 3693 3693 3688 3688 3688 3688 3693 3693 3661 3661 3688 3688 3661 3661 3697 3697 3697 3697 3661 3661 3660 3660 3697 3697 3660 3660 3676 3676 3679 3679 3698 3698 3689 3689 3689 3689 3698 3698 3699 3699 3689 3689 3699 3699 3690 3690 3690 3690 3699 3699 3700 3700 3690 3690 3700 3700 3701 3701 3702 3702 3310 3310 3703 3703 3703 3703 3310 3310 3312 3312 3313 3313 3320 3320 3704 3704 3316 3316 3315 3315 3705 3705 3320 3320 3319 3319 3704 3704 3704 3704 3319 3319 3318 3318 3704 3704 3318 3318 3706 3706 3318 3318 3317 3317 3706 3706 3706 3706 3317 3317 3324 3324 3706 3706 3324 3324 3672 3672 3672 3672 3324 3324 3323 3323 3672 3672 3323 3323 3322 3322 3312 3312 3316 3316 3703 3703 3703 3703 3316 3316 3705 3705 3703 3703 3705 3705 3707 3707 3707 3707 3705 3705 3708 3708 3707 3707 3708 3708 3709 3709 3710 3710 3711 3711 3712 3712 3712 3712 3711 3711 3653 3653 3656 3656 3702 3702 3655 3655 3655 3655 3702 3702 3703 3703 3655 3655 3703 3703 3654 3654 3654 3654 3703 3703 3707 3707 3654 3654 3707 3707 3653 3653 3653 3653 3707 3707 3709 3709 3653 3653 3709 3709 3712 3712 3315 3315 3314 3314 3705 3705 3705 3705 3314 3314 3313 3313 3705 3705 3313 3313 3708 3708 3708 3708 3313 3313 3704 3704 3708 3708 3704 3704 3709 3709 3709 3709 3704 3704 3706 3706 3709 3709 3706 3706 3712 3712 3712 3712 3706 3706 3672 3672 3712 3712 3672 3672 3710 3710 3710 3710 3672 3672 3671 3671 3710 3710 3671 3671 3713 3713 3713 3713 3671 3671 3673 3673 3713 3713 3673 3673 3714 3714 3714 3714 3673 3673 3683 3683 3643 3643 2407 2407 2406 2406 3643 3643 2406 2406 3644 3644 3644 3644 2406 2406 2400 2400 3644 3644 2400 2400 2399 2399 2410 2410 2415 2415 3645 3645 3645 3645 2415 2415 3666 3666 3645 3645 3666 3666 3647 3647 3647 3647 3666 3666 2413 2413 3647 3647 2413 2413 3648 3648 3648 3648 2413 2413 2412 2412 3648 3648 2412 2412 2421 2421 3676 3676 3660 3660 3659 3659 3659 3659 3660 3660 3646 3646 3659 3659 3646 3646 3658 3658 3658 3658 3646 3646 3648 3648 3658 3658 3648 3648 3640 3640 3640 3640 3648 3648 2421 2421 3640 3640 2421 2421 2420 2420 3701 3701 3637 3637 3690 3690 3690 3690 3637 3637 3639 3639 3690 3690 3639 3639 3692 3692 3692 3692 3639 3639 3669 3669 3692 3692 3669 3669 3694 3694 3694 3694 3669 3669 3668 3668 3694 3694 3668 3668 3695 3695 3695 3695 3668 3668 3667 3667 3695 3695 3667 3667 3696 3696 3696 3696 3667 3667 3644 3644 3696 3696 3644 3644 3645 3645 3645 3645 3644 3644 2399 2399 3645 3645 2399 2399 2411 2411 3679 3679 3689 3689 3680 3680 3680 3680 3689 3689 3684 3684 3680 3680 3684 3684 3682 3682 3682 3682 3684 3684 3686 3686 3682 3682 3686 3686 3683 3683 3683 3683 3686 3686 3688 3688 3683 3683 3688 3688 3714 3714 3714 3714 3688 3688 3697 3697 3714 3714 3697 3697 3713 3713 3713 3713 3697 3697 3676 3676 3713 3713 3676 3676 3710 3710 3710 3710 3676 3676 3675 3675 3710 3710 3675 3675 3711 3711 3711 3711 3675 3675 3674 3674 3711 3711 3674 3674 3653 3653 3653 3653 3674 3674 3640 3640 3653 3653 3640 3640 3649 3649 3649 3649 3640 3640 2419 2419 3649 3649 2419 2419 2423 2423 2393 2393 2391 2391 3715 3715 3716 3716 3717 3717 2389 2389 3718 3718 3643 3643 3642 3642 3354 3354 3353 3353 3719 3719 3719 3719 3353 3353 3352 3352 3720 3720 3356 3356 3656 3656 3656 3656 3356 3356 3311 3311 3656 3656 3311 3311 3702 3702 3702 3702 3311 3311 3310 3310 3721 3721 3358 3358 3357 3357 3722 3722 3352 3352 3351 3351 3722 3722 3351 3351 3721 3721 3721 3721 3351 3351 3359 3359 3721 3721 3359 3359 3358 3358 3354 3354 3719 3719 3355 3355 3355 3355 3719 3719 3723 3723 3355 3355 3723 3723 3350 3350 3350 3350 3723 3723 3349 3349 3349 3349 3723 3723 3724 3724 3349 3349 3724 3724 3344 3344 3725 3725 3346 3346 3724 3724 3724 3724 3346 3346 3345 3345 3724 3724 3345 3345 3344 3344 3726 3726 3342 3342 3727 3727 3727 3727 3342 3342 3343 3343 3727 3727 3343 3343 3348 3348 3670 3670 3728 3728 3665 3665 3665 3665 3728 3728 3642 3642 2407 2407 3643 3643 2408 2408 2408 2408 3643 3643 3718 3718 2408 2408 3718 3718 2405 2405 2405 2405 3718 3718 2402 2402 3729 3729 3730 3730 3731 3731 3731 3731 3730 3730 3732 3732 3731 3731 3732 3732 3715 3715 3715 3715 3732 3732 3733 3733 3642 3642 3728 3728 3718 3718 3718 3718 3728 3728 3734 3734 3718 3718 3734 3734 2402 2402 2402 2402 3734 3734 2390 2390 2402 2402 2390 2390 2403 2403 2391 2391 2390 2390 3715 3715 3715 3715 2390 2390 3734 3734 3715 3715 3734 3734 3731 3731 3731 3731 3734 3734 3728 3728 3731 3731 3728 3728 3729 3729 3729 3729 3728 3728 3670 3670 3729 3729 3670 3670 3664 3664 3735 3735 2380 2380 2379 2379 3735 3735 2379 2379 3736 3736 3736 3736 2379 2379 2387 2387 3736 3736 2387 2387 3717 3717 3717 3717 2387 2387 2386 2386 3717 3717 2386 2386 2389 2389 3737 3737 3722 3722 3738 3738 3738 3738 3722 3722 3721 3721 3738 3738 3721 3721 3720 3720 3720 3720 3721 3721 3357 3357 3720 3720 3357 3357 3356 3356 3730 3730 3739 3739 3732 3732 3732 3732 3739 3739 3740 3740 3732 3732 3740 3740 3733 3733 3733 3733 3740 3740 3741 3741 3733 3733 3741 3741 3742 3742 3742 3742 3741 3741 3743 3743 3742 3742 3743 3743 3737 3737 3737 3737 3743 3743 3744 3744 3737 3737 3744 3744 3722 3722 3745 3745 3641 3641 3339 3339 3339 3339 3338 3338 3745 3745 3745 3745 3338 3338 3337 3337 3745 3745 3337 3337 3746 3746 3746 3746 3337 3337 3336 3336 3336 3336 3335 3335 3726 3726 3726 3726 3335 3335 3334 3334 3726 3726 3334 3334 3342 3342 3747 3747 3699 3699 3698 3698 3725 3725 3748 3748 3749 3749 3749 3749 3748 3748 3750 3750 3749 3749 3750 3750 3746 3746 3746 3746 3750 3750 3751 3751 3746 3746 3751 3751 3745 3745 3745 3745 3751 3751 3679 3679 3745 3745 3679 3679 3641 3641 3336 3336 3726 3726 3746 3746 3746 3746 3726 3726 3727 3727 3746 3746 3727 3727 3749 3749 3749 3749 3727 3727 3348 3348 3749 3749 3348 3348 3725 3725 3725 3725 3348 3348 3347 3347 3725 3725 3347 3347 3346 3346 3700 3700 3699 3699 3752 3752 3752 3752 3699 3699 3747 3747 3752 3752 3747 3747 3753 3753 3753 3753 3747 3747 3754 3754 3753 3753 3754 3754 3755 3755 3701 3701 3700 3700 3756 3756 3756 3756 3700 3700 3752 3752 3756 3756 3752 3752 3757 3757 3757 3757 3752 3752 3753 3753 3757 3757 3753 3753 3758 3758 3758 3758 3753 3753 3755 3755 3758 3758 3755 3755 3759 3759 3759 3759 3760 3760 3758 3758 3758 3758 3760 3760 3761 3761 3758 3758 3761 3761 3757 3757 3757 3757 3761 3761 3762 3762 3757 3757 3762 3762 3756 3756 3756 3756 3762 3762 3763 3763 3756 3756 3763 3763 3701 3701 3701 3701 3763 3763 3637 3637 3759 3759 3764 3764 3760 3760 3760 3760 3764 3764 3765 3765 3760 3760 3765 3765 3761 3761 3761 3761 3765 3765 3766 3766 3761 3761 3766 3766 3762 3762 3762 3762 3766 3766 3767 3767 3762 3762 3767 3767 3763 3763 3763 3763 3767 3767 3768 3768 3763 3763 3768 3768 3637 3637 3637 3637 3768 3768 3638 3638 3663 3663 3638 3638 3769 3769 3769 3769 3638 3638 3768 3768 3769 3769 3768 3768 3770 3770 3770 3770 3768 3768 3767 3767 3770 3770 3767 3767 3771 3771 3771 3771 3767 3767 3766 3766 3771 3771 3766 3766 3772 3772 3772 3772 3766 3766 3765 3765 3772 3772 3765 3765 3773 3773 3773 3773 3765 3765 3764 3764 3773 3773 3764 3764 3774 3774 3774 3774 3764 3764 3775 3775 3774 3774 3775 3775 3776 3776 3698 3698 3679 3679 3747 3747 3747 3747 3679 3679 3751 3751 3747 3747 3751 3751 3754 3754 3754 3754 3751 3751 3750 3750 3754 3754 3750 3750 3755 3755 3755 3755 3750 3750 3748 3748 3755 3755 3748 3748 3759 3759 3759 3759 3748 3748 3725 3725 3759 3759 3725 3725 3764 3764 3764 3764 3725 3725 3724 3724 3764 3764 3724 3724 3775 3775 3775 3775 3724 3724 3723 3723 3775 3775 3723 3723 3776 3776 3776 3776 3723 3723 3719 3719 3652 3652 2384 2384 3735 3735 3735 3735 2384 2384 2382 2382 3735 3735 2382 2382 2380 2380 2389 2389 2398 2398 3716 3716 3716 3716 2398 2398 2397 2397 3716 3716 2397 2397 3777 3777 3777 3777 2397 2397 2395 2395 3777 3777 2395 2395 2394 2394 3656 3656 3652 3652 3720 3720 3720 3720 3652 3652 3735 3735 3720 3720 3735 3735 3738 3738 3738 3738 3735 3735 3736 3736 3738 3738 3736 3736 3737 3737 3737 3737 3736 3736 3717 3717 3737 3737 3717 3717 3742 3742 3742 3742 3717 3717 3716 3716 3742 3742 3716 3716 3733 3733 3733 3733 3716 3716 3777 3777 3733 3733 3777 3777 3715 3715 3715 3715 3777 3777 2394 2394 3715 3715 2394 2394 2393 2393 3352 3352 3722 3722 3719 3719 3719 3719 3722 3722 3744 3744 3719 3719 3744 3744 3776 3776 3776 3776 3744 3744 3743 3743 3776 3776 3743 3743 3774 3774 3774 3774 3743 3743 3741 3741 3774 3774 3741 3741 3773 3773 3773 3773 3741 3741 3740 3740 3773 3773 3740 3740 3772 3772 3772 3772 3740 3740 3739 3739 3772 3772 3739 3739 3771 3771 3771 3771 3739 3739 3730 3730 3771 3771 3730 3730 3770 3770 3770 3770 3730 3730 3729 3729 3770 3770 3729 3729 3769 3769 3769 3769 3729 3729 3664 3664 3769 3769 3664 3664 3663 3663 3778 3778 3779 3779 3780 3780 3778 3778 3780 3780 3781 3781 3782 3782 3783 3783 3780 3780 3780 3780 3783 3783 3784 3784 3780 3780 3784 3784 3781 3781 3785 3785 3786 3786 3780 3780 3780 3780 3786 3786 3787 3787 3780 3780 3787 3787 3782 3782 3788 3788 3789 3789 3780 3780 3780 3780 3789 3789 3790 3790 3780 3780 3790 3790 3785 3785 3791 3791 3792 3792 3780 3780 3780 3780 3792 3792 3793 3793 3780 3780 3793 3793 3788 3788 3794 3794 3795 3795 3780 3780 3780 3780 3795 3795 3796 3796 3780 3780 3796 3796 3791 3791 3797 3797 3798 3798 3780 3780 3780 3780 3798 3798 3799 3799 3780 3780 3799 3799 3794 3794 3800 3800 3801 3801 3780 3780 3780 3780 3801 3801 3802 3802 3780 3780 3802 3802 3797 3797 3779 3779 3803 3803 3780 3780 3780 3780 3803 3803 3804 3804 3780 3780 3804 3804 3800 3800 3805 3805 3806 3806 3807 3807 3807 3807 3806 3806 3808 3808 3807 3807 3808 3808 3809 3809 3810 3810 3811 3811 3807 3807 3807 3807 3811 3811 3812 3812 3807 3807 3812 3812 3805 3805 3813 3813 3814 3814 3807 3807 3807 3807 3814 3814 3815 3815 3807 3807 3815 3815 3810 3810 3816 3816 3817 3817 3807 3807 3807 3807 3817 3817 3818 3818 3807 3807 3818 3818 3813 3813 3819 3819 3820 3820 3807 3807 3807 3807 3820 3820 3821 3821 3807 3807 3821 3821 3816 3816 3822 3822 3823 3823 3807 3807 3807 3807 3823 3823 3824 3824 3807 3807 3824 3824 3819 3819 3825 3825 3826 3826 3807 3807 3807 3807 3826 3826 3827 3827 3807 3807 3827 3827 3822 3822 3809 3809 3828 3828 3807 3807 3807 3807 3828 3828 3829 3829 3807 3807 3829 3829 3825 3825 2967 2967 3781 3781 2972 2972 2972 2972 3781 3781 3784 3784 2972 2972 3784 3784 2975 2975 2975 2975 3784 3784 3783 3783 2975 2975 3783 3783 2979 2979 2979 2979 3783 3783 3782 3782 2979 2979 3782 3782 2980 2980 2980 2980 3782 3782 3787 3787 2980 2980 3787 3787 2976 2976 2976 2976 3787 3787 3786 3786 2976 2976 3786 3786 2978 2978 2978 2978 3786 3786 3785 3785 2978 2978 3785 3785 2977 2977 2977 2977 3785 3785 3790 3790 2977 2977 3790 3790 2981 2981 2981 2981 3790 3790 3789 3789 2981 2981 3789 3789 2956 2956 2956 2956 3789 3789 3788 3788 2956 2956 3788 3788 2964 2964 2964 2964 3788 3788 3793 3793 2964 2964 3793 3793 2963 2963 2963 2963 3793 3793 3792 3792 2963 2963 3792 3792 2961 2961 2961 2961 3792 3792 3791 3791 2961 2961 3791 3791 2957 2957 2957 2957 3791 3791 3796 3796 2957 2957 3796 3796 2958 2958 2958 2958 3796 3796 3795 3795 2958 2958 3795 3795 2959 2959 2959 2959 3795 3795 3794 3794 2959 2959 3794 3794 2966 2966 2966 2966 3794 3794 3799 3799 2966 2966 3799 3799 2965 2965 2965 2965 3799 3799 3798 3798 2965 2965 3798 3798 2962 2962 2962 2962 3798 3798 3797 3797 2962 2962 3797 3797 2968 2968 2968 2968 3797 3797 3802 3802 2968 2968 3802 3802 2973 2973 2973 2973 3802 3802 3801 3801 2973 2973 3801 3801 2969 2969 2969 2969 3801 3801 3800 3800 2969 2969 3800 3800 2960 2960 2960 2960 3800 3800 3804 3804 2960 2960 3804 3804 2970 2970 2970 2970 3804 3804 3803 3803 2970 2970 3803 3803 2971 2971 2971 2971 3803 3803 3779 3779 2971 2971 3779 3779 2974 2974 2974 2974 3779 3779 3778 3778 2974 2974 3778 3778 2967 2967 2967 2967 3778 3778 3781 3781 2988 2988 3806 3806 2999 2999 2999 2999 3806 3806 3805 3805 2999 2999 3805 3805 3000 3000 3000 3000 3805 3805 3812 3812 3000 3000 3812 3812 2985 2985 2985 2985 3812 3812 3811 3811 2985 2985 3811 3811 2986 2986 2986 2986 3811 3811 3810 3810 2986 2986 3810 3810 2991 2991 2991 2991 3810 3810 3815 3815 2991 2991 3815 3815 2993 2993 2993 2993 3815 3815 3814 3814 2993 2993 3814 3814 2992 2992 2992 2992 3814 3814 3813 3813 2992 2992 3813 3813 3001 3001 3001 3001 3813 3813 3818 3818 3001 3001 3818 3818 2990 2990 2990 2990 3818 3818 3817 3817 2990 2990 3817 3817 2989 2989 2989 2989 3817 3817 3816 3816 2989 2989 3816 3816 2994 2994 2994 2994 3816 3816 3821 3821 2994 2994 3821 3821 2987 2987 2987 2987 3821 3821 3820 3820 2987 2987 3820 3820 2983 2983 2983 2983 3820 3820 3819 3819 2983 2983 3819 3819 2984 2984 2984 2984 3819 3819 3824 3824 2984 2984 3824 3824 3002 3002 3002 3002 3824 3824 3823 3823 3002 3002 3823 3823 2982 2982 2982 2982 3823 3823 3822 3822 2982 2982 3822 3822 2995 2995 2995 2995 3822 3822 3827 3827 2995 2995 3827 3827 2996 2996 2996 2996 3827 3827 3826 3826 2996 2996 3826 3826 2997 2997 2997 2997 3826 3826 3825 3825 2997 2997 3825 3825 3004 3004 3004 3004 3825 3825 3829 3829 3004 3004 3829 3829 3005 3005 3005 3005 3829 3829 3828 3828 3005 3005 3828 3828 3003 3003 3003 3003 3828 3828 3809 3809 3003 3003 3809 3809 2998 2998 2998 2998 3809 3809 3808 3808 2998 2998 3808 3808 2988 2988 2988 2988 3808 3808 3806 3806 113 113 109 109 157 157 170 170 203 203 85 85 85 85 84 84 170 170 170 170 84 84 118 118 170 170 118 118 140 140 140 140 118 118 117 117 140 140 117 117 141 141 141 141 117 117 116 116 141 141 116 116 157 157 157 157 116 116 114 114 157 157 114 114 113 113 165 165 163 163 123 123 123 123 163 163 162 162 123 123 162 162 106 106 106 106 162 162 160 160 106 106 160 160 107 107 107 107 160 160 159 159 107 107 159 159 109 109 109 109 159 159 158 158 109 109 158 158 157 157 120 120 119 119 202 202 123 123 122 122 165 165 165 165 122 122 120 120 165 165 120 120 166 166 166 166 120 120 202 202</p>
        </triangles>
      </mesh>
    </geometry>
  </library_geometries>
  <library_materials>
    <material id="9b604bfc8abc499688a2dcc1e8a27c72" name="defaultmaterial">
      <instance_effect url="#50fb58cbd17649fb8c2ebd8046606c59" />
    </material>
  </library_materials>
  <library_visual_scenes>
    <visual_scene id="scene">
      <node id="node0" name="node0">
        <instance_geometry url="#23d514799db84758b272de257373e743">
          <bind_material>
            <technique_common>
              <instance_material symbol="material0" target="#9b604bfc8abc499688a2dcc1e8a27c72" />
            </technique_common>
          </bind_material>
        </instance_geometry>
      </node>
    </visual_scene>
  </library_visual_scenes>
  <scene>
    <instance_visual_scene url="#scene" />
  </scene>
</COLLADA>
