<COLLADA xmlns="http://www.collada.org/2005/11/COLLADASchema" version="1.4.1">
  <asset>
    <created>2026-09-17T15:28:49.607957</created>
    <modified>2026-09-17T15:28:49.607957</modified>
    <up_axis>Z_UP</up_axis>
  </asset>
  <library_effects>
    <effect id="d918f101e57d4971938c60bc94922b3a" name="d918f101e57d4971938c60bc94922b3a">
      <profile_COMMON>
        <technique sid="common">
          <phong>
            <emission>
              <color>0.0 0.0 0.0 1.0</color>
            </emission>
            <ambient>
              <color>0.0 0.0 0.0 1.0</color>
            </ambient>
            <diffuse>
              <color>0.7058823529411765 0.7058823529411765 0.7254901960784313 1.0</color>
            </diffuse>
            <specular>
              <color>0.0 0.0 0.0 1.0</color>
            </specular>
            <shininess>
              <float>0.0</float>
            </shininess>
            <reflective>
              <color>0.0 0.0 0.0 1.0</color>
            </reflective>
            <reflectivity>
              <float>0.0</float>
            </reflectivity>
            <transparent>
              <color>0.0 0.0 0.0 1.0</color>
            </transparent>
            <transparency>
              <float>1.0</float>
            </transparency>
          </phong>
        </technique>
        <extra>
          <technique profile="GOOGLEEARTH">
            <double_sided>0</double_sided>
          </technique>
        </extra>
      </profile_COMMON>
    </effect>
  </library_effects>
  <library_geometries>
    <geometry id="37f97cb70ae94c08b727e7abed600463" name="fe571dfdfce74fe2827912ea4743b19b">
      <mesh>
        <source id="verts-array">
          <float_array count="13713" id="verts-array-array">0.02013805 -0.022925 -0.0454 0.02092499 -0.02213805 -0.0454 0.02199999 -0.024 -0.0454 0.02199999 -0.02185 -0.0454 0.02307499 -0.02213805 -0.0454 0.02092499 -0.02586195 -0.0454 0.02013805 -0.025075 -0.0454 0.01984999 -0.024 -0.0454 0.02386195 -0.025075 -0.0454 0.02307499 -0.02586195 -0.0454 0.02199999 -0.02615 -0.0454 0.02386195 -0.022925 -0.0454 0.02415001 -0.024 -0.0454 -0.06686195 -0.032925 -0.0454 -0.066075 -0.03213805 -0.0454 -0.065 -0.034 -0.0454 -0.065 -0.03185 -0.0454 -0.063925 -0.03213805 -0.0454 -0.066075 -0.03586195 -0.0454 -0.06686195 -0.035075 -0.0454 -0.06715 -0.034 -0.0454 -0.06313804 -0.035075 -0.0454 -0.063925 -0.03586195 -0.0454 -0.065 -0.03615 -0.0454 -0.06313804 -0.032925 -0.0454 -0.06285001 -0.034 -0.0454 -0.06686195 0.035075 -0.0454 -0.066075 0.03586195 -0.0454 -0.065 0.034 -0.0454 -0.065 0.03615 -0.0454 -0.063925 0.03586195 -0.0454 -0.066075 0.03213805 -0.0454 -0.06686195 0.032925 -0.0454 -0.06715 0.034 -0.0454 -0.06313804 0.032925 -0.0454 -0.063925 0.03213805 -0.0454 -0.065 0.03185 -0.0454 -0.06313804 0.035075 -0.0454 -0.06285001 0.034 -0.0454 0.02013805 0.025075 -0.0454 0.02092499 0.02586195 -0.0454 0.02199999 0.024 -0.0454 0.02199999 0.02615 -0.0454 0.02307499 0.02586195 -0.0454 0.02092499 0.02213805 -0.0454 0.02013805 0.022925 -0.0454 0.01984999 0.024 -0.0454 0.02386195 0.022925 -0.0454 0.02307499 0.02213805 -0.0454 0.02199999 0.02185 -0.0454 0.02386195 0.025075 -0.0454 0.02415001 0.024 -0.0454 -0.1930658 0.00169384 0.06788387 -0.1959882 -0.006668333 0.06766711 -0.1917475 -0.006668333 0.06766758 -0.1896244 -0.0004933471 0.06789863 -0.1888799 0.001672103 0.06783977 -0.1930572 0.001718519 0.06788451 -0.1901502 0.01003679 0.06737277 -0.1874928 0.00570657 0.06773012 -0.1847999 0.01003679 0.06737376 -0.1887136 -2.30582e-11 0.06789993 -0.1899802 -0.00361233 0.06783173 -0.1855273 1.372231e-12 0.06789993 -0.184266 -0.00361233 0.06783192 -0.1818966 0.001665777 0.06788535 -0.1861071 0.001683488 0.06784984 -0.1818951 0.001661649 0.06788561 -0.1790061 -0.006668333 0.0676687 -0.1832044 -0.006668333 0.06766838 -0.1618844 0.009974303 0.06738346 -0.1646504 0.009974303 0.06738308 -0.164748 0.00650966 0.06766781 -0.1670351 0.009974303 0.06738275 -0.1680358 0.008763026 0.06746226 -0.1687279 0.001694255 0.06788404 -0.1681051 0.002447864 0.06785496 -0.1653263 0.005809987 0.06772524 -0.1730865 0.01002079 0.06737711 -0.1772967 0.01002079 0.06737657 -0.1730865 0.002649875 0.06786354 -0.1772967 0.005634834 0.06773499 -0.1772967 0.001718661 0.06787483 -0.1772967 -0.006693482 0.06766707 -0.1730865 -0.006693482 0.06766736 -0.1772967 0.001237094 0.06789203 -0.1730865 0.0006350841 0.06789787 -0.1687696 0.001643839 0.06788599 -0.1681122 0.0008481739 0.06788234 -0.1681141 -0.005381339 0.0677091 -0.165324 -0.002526611 0.0678669 -0.1670328 -0.006689672 0.06766805 -0.1647162 -0.006689672 0.06766823 -0.164782 -0.003182553 0.06783563 -0.1618844 -0.006689672 0.06766845 -0.1497487 0.0002745645 0.06786397 -0.1473616 -0.006668333 0.06767134 -0.1463408 -0.006668333 0.06767133 -0.1446669 -0.002244618 0.06787433 -0.1459543 0.001439197 0.06787543 -0.1463407 0.001444649 0.06788934 -0.1463457 0.002559072 0.06785187 -0.1489589 0.01003679 0.06737881 -0.1497296 0.01003679 0.06737868 -0.1516164 0.005706572 0.06773242 -0.1501697 0.001498988 0.06788358 -0.1497356 0.001494115 0.06788856 -0.1535818 -7.403447e-11 0.0679 -0.1530517 0.00153913 0.0678548 -0.1572434 0.00157622 0.06788115 -0.1497419 -0.001864099 0.06786547 -0.1503955 1.535585e-14 0.06790001 -0.1601031 -0.006668333 0.06767007 -0.1559047 -0.006668333 0.06767042 -0.1548431 -0.003612331 0.06783279 -0.1497356 -0.003612332 0.06783304 -0.1491289 -0.003612332 0.06783307 -0.1462143 0.002183213 0.06787565 -0.1543088 0.01003679 0.06737792 -0.1571942 0.001718014 0.06788478 -0.1431209 -0.006668333 0.06767129 -0.1500922 0.001273519 0.06789169 -0.1978321 -0.001212492 0.06789212 -0.2019966 -0.0005471836 0.06789827 -0.2021038 -0.001093264 0.06789289 -0.1982096 -0.00276844 0.06785962 -0.2021476 -0.001316784 0.06789069 -0.1989335 -0.004049605 0.06781208 -0.2022934 -0.001596588 0.06788639 -0.1990813 -0.00431122 0.06780237 -0.202993 -0.002261466 0.06787287 -0.2011061 -0.006010234 0.06771029 -0.2029972 -0.002265423 0.0678728 -0.2011085 -0.006010811 0.06771026 -0.2039662 -0.002518725 0.06786641 -0.2039662 -0.006711773 0.06766309 -0.2101308 -0.0003315112 0.0678994 -0.2101343 -0.0004447925 0.0678989 -0.2059835 -0.0003315112 0.06789929 -0.2101357 -0.0004892305 0.0678987 -0.2059051 -0.0008974928 0.06789559 -0.2101361 -0.0005418489 0.06789841 -0.2058243 -0.001105869 0.06789283 -0.2093661 -0.003500565 0.06783437 -0.2056268 -0.001614878 0.06788607 -0.2093522 -0.003553931 0.06783321 -0.2054835 -0.001809375 0.06788256 -0.2074158 -0.005657982 0.06773127 -0.2049255 -0.002270852 0.06787264 -0.2073854 -0.005668815 0.06773057 -0.2048734 -0.002284324 0.0678723 -0.2046615 -0.00664125 0.06766773 -0.2045367 -0.006685809 0.06766485 -0.1978271 -0.0006143671 0.06789617 -0.1978226 -7.011269e-05 0.06789986 -0.2019973 0.001729032 0.06784781 -0.1978223 0.001718952 0.06785371 -0.2019983 0.004770365 0.06778038 -0.1978218 0.004993141 0.06776927 -0.202 0.01005661 0.06736796 -0.1978211 0.01005661 0.06736898 -0.246862 0.023925 0.0506 -0.246075 0.02313805 0.0506 -0.245 0.025 0.0506 -0.245 0.02285 0.0506 -0.243925 0.02313805 0.0506 -0.246075 0.02686195 0.0506 -0.246862 0.026075 0.0506 -0.24715 0.025 0.0506 -0.243138 0.026075 0.0506 -0.243925 0.02686195 0.0506 -0.245 0.02715 0.0506 -0.243138 0.023925 0.0506 -0.24285 0.025 0.0506 -0.246862 -0.026075 0.0506 -0.246075 -0.02686195 0.0506 -0.245 -0.025 0.0506 -0.245 -0.02715 0.0506 -0.243925 -0.02686195 0.0506 -0.246075 -0.02313805 0.0506 -0.246862 -0.023925 0.0506 -0.24715 -0.025 0.0506 -0.243138 -0.023925 0.0506 -0.243925 -0.02313805 0.0506 -0.245 -0.02285 0.0506 -0.243138 -0.026075 0.0506 -0.24285 -0.025 0.0506 -0.144862 0.041425 0.0506 -0.144075 0.04063804 0.0506 -0.143 0.0425 0.0506 -0.143 0.04035 0.0506 -0.141925 0.04063804 0.0506 -0.144075 0.04436196 0.0506 -0.144862 0.043575 0.0506 -0.14515 0.0425 0.0506 -0.141138 0.043575 0.0506 -0.141925 0.04436196 0.0506 -0.143 0.04465 0.0506 -0.141138 0.041425 0.0506 -0.14085 0.0425 0.0506 -0.144862 -0.043575 0.0506 -0.144075 -0.04436196 0.0506 -0.143 -0.0425 0.0506 -0.143 -0.04465 0.0506 -0.141925 -0.04436196 0.0506 -0.144075 -0.04063804 0.0506 -0.144862 -0.041425 0.0506 -0.14515 -0.0425 0.0506 -0.141138 -0.041425 0.0506 -0.141925 -0.04063804 0.0506 -0.143 -0.04035 0.0506 -0.141138 -0.043575 0.0506 -0.14085 -0.0425 0.0506 0.02004608 -0.02473179 -0.05024067 0.01985405 -0.02399914 -0.0509263 0.0228109 -0.02599117 -0.04691015 0.02291764 -0.02592733 -0.04688011 0.02306228 -0.0258408 -0.04683939 0.02337111 -0.02565607 -0.04675248 0.02249678 -0.0260527 -0.0471311 0.02199999 -0.02615 -0.04748054 0.02166041 -0.02612301 -0.04780499 0.02103435 -0.02592101 -0.04852006 0.02368193 -0.02532209 -0.04683017 0.02374994 -0.02524901 -0.04684718 0.02407719 -0.02399842 -0.04786858 0.02407374 -0.02414156 -0.04772515 0.02406252 -0.02460703 -0.04725874 0.02390667 -0.02492713 -0.04705353 0.02383999 -0.02506407 -0.04696574 0.02408937 -0.02349294 -0.04837509 0.02403127 -0.02338884 -0.04851512 0.02314057 -0.02227387 -0.05016062 0.02352817 -0.02248728 -0.0497279 0.02367909 -0.02275774 -0.04936408 0.02379377 -0.02296323 -0.04908766 0.02246191 -0.0219002 -0.05091829 0.02303267 -0.02221446 -0.05028107 0.02094186 -0.02216291 -0.05161866 0.02113622 -0.02203115 -0.0516035 0.02156127 -0.02194201 -0.05142314 0.02199999 -0.02185 -0.05123698 0.02069458 -0.02233055 -0.05163792 0.02049098 -0.02246857 -0.05165379 0.02005594 -0.02308177 -0.05146675 0.02006447 -0.02306976 -0.05147041 0.02015743 -0.02293872 -0.05151038 0.01985005 -0.02398393 -0.05094053 0.02013964 -0.02507346 -0.04991733 0.02013432 -0.02506842 -0.04992565 0.02097071 -0.02586072 -0.04861947 0.02094618 -0.02583749 -0.04865775 0.02043601 -0.02535421 -0.0494545 -0.065 -0.03615 -0.04610067 -0.06522608 -0.03613802 -0.04611213 -0.06544918 -0.03610256 -0.046149 -0.0656288 -0.03605591 -0.04619798 -0.0641217 -0.03592504 -0.04634569 -0.06429697 -0.03603176 -0.04623353 -0.06452896 -0.03607078 -0.04618969 -0.06498449 -0.03614739 -0.0461036 -0.06343243 -0.03547147 -0.04681873 -0.06326025 -0.03511272 -0.04715284 -0.06322222 -0.03503351 -0.04722662 -0.06351756 -0.03555717 -0.04673233 -0.06375673 -0.03570279 -0.04657928 -0.06395008 -0.03582054 -0.04645553 -0.06287143 -0.03430262 -0.04790731 -0.06285105 -0.03406727 -0.04810898 -0.062964 -0.0336665 -0.04842661 -0.06286871 -0.03400467 -0.04815861 -0.06391852 -0.0321419 -0.04958492 -0.0637572 -0.03229477 -0.04947503 -0.06320242 -0.03282053 -0.04909708 -0.06317013 -0.03293512 -0.04900627 -0.065 -0.03185 -0.0497816 -0.06477385 -0.03186189 -0.04977476 -0.06454938 -0.03189775 -0.04975137 -0.06392547 -0.03213921 -0.04958676 -0.06583667 -0.0320195 -0.04965884 -0.06546647 -0.0319445 -0.04971315 -0.06653719 -0.03249693 -0.04931299 -0.06626866 -0.03231391 -0.04944557 -0.06605468 -0.03216807 -0.04955121 -0.06707368 -0.03367336 -0.04839276 -0.06705446 -0.0339951 -0.04811828 -0.06702784 -0.03444012 -0.04773862 -0.06708542 -0.03347713 -0.04856018 -0.06679701 -0.03296147 -0.04895621 -0.06678872 -0.03294664 -0.0489676 -0.06585256 -0.03593434 -0.04632314 -0.06605465 -0.03582454 -0.04643618 -0.06638297 -0.03564616 -0.04661982 -0.06674828 -0.03513296 -0.04711017 -0.06681354 -0.03504128 -0.04719777 -0.06700826 -0.03476772 -0.04745914 -0.06358599 0.03242294 -0.04938532 -0.0639481 0.03217163 -0.04956213 -0.06417323 0.03201539 -0.04967205 -0.06434996 0.03198004 -0.04969547 -0.065 0.03185003 -0.0497816 -0.06320044 0.03295879 -0.04898483 -0.06342969 0.03253142 -0.04930901 -0.06293701 0.03399569 -0.04815228 -0.06292754 0.03383514 -0.04828908 -0.062908 0.03350395 -0.0485713 -0.06312697 0.03309573 -0.04888095 -0.06374208 0.03574356 -0.04654077 -0.06391411 0.03582144 -0.04645724 -0.06393846 0.03583246 -0.0464454 -0.06431804 0.0360043 -0.04626108 -0.06337287 0.03525605 -0.04701541 -0.0632009 0.03502898 -0.04723649 -0.06298082 0.0347384 -0.0475194 -0.065 0.03615002 -0.04610067 -0.06474163 0.03613442 -0.04611945 -0.06452025 0.03609584 -0.04616289 -0.06605197 0.03582302 -0.04643719 -0.06569781 0.0360336 -0.04622142 -0.06565934 0.03604002 -0.04621476 -0.06520048 0.03611657 -0.04613536 -0.06640514 0.03561303 -0.04665236 -0.06645342 0.03558432 -0.04668178 -0.06705787 0.03400337 -0.0481123 -0.06706864 0.03426012 -0.04789766 -0.06708047 0.03454226 -0.04766179 -0.06682647 0.03496438 -0.04726481 -0.06678694 0.03503009 -0.04720301 -0.06703632 0.03348984 -0.04854161 -0.06702771 0.03328456 -0.04871322 -0.06526575 0.03186649 -0.04976864 -0.06549629 0.03190821 -0.04973841 -0.06605323 0.03218208 -0.04954155 -0.06609876 0.03220447 -0.04952546 -0.06635398 0.03232997 -0.04943524 -0.06667913 0.03279067 -0.04908679 -0.06680288 0.03296601 -0.04895416 0.02400483 0.02464381 -0.04726609 0.02414485 0.02399906 -0.04782234 0.02349555 0.02257364 -0.04965497 0.02305559 0.02216077 -0.05032163 0.02212977 0.02188106 -0.0511317 0.02199999 0.02185006 -0.05123698 0.0209505 0.02212352 -0.0516417 0.02092824 0.02214197 -0.05164108 0.02122521 0.02199446 -0.05157967 0.02297185 0.02208219 -0.05044853 0.02411557 0.02385276 -0.04798905 0.02391935 0.02314903 -0.04882768 0.02385735 0.02292666 -0.04909268 0.02385225 0.02290838 -0.04911446 0.02414989 0.02397586 -0.04784236 0.02354161 0.02549864 -0.04676633 0.02321705 0.02575126 -0.04679269 0.02307452 0.0258622 -0.04680427 0.02358771 0.02543201 -0.04679673 0.02384351 0.02506226 -0.04696542 0.02394619 0.02491383 -0.04703314 0.02199999 0.02615 -0.04748054 0.02236264 0.02611674 -0.0471886 0.02239115 0.02611412 -0.04716564 0.0227963 0.0259971 -0.04691732 0.02124917 0.02589636 -0.0483422 0.02095022 0.02579538 -0.04868529 0.02069598 0.02570949 -0.04897706 0.02060878 0.02557259 -0.04914999 0.01991127 0.02400142 -0.05088489 0.01990477 0.02425539 -0.05070262 0.01989956 0.02445907 -0.05055645 0.02020385 0.02493683 -0.049953 0.02024803 0.0250062 -0.04986538 0.0199258 0.02343414 -0.05129201 0.01994563 0.02339618 -0.05130756 0.02041566 0.02256691 -0.05162681 0.02035085 0.02262063 -0.05162501 0.02018025 0.02294714 -0.05149136 -0.1855273 1.240131e-16 0.068 -0.1887136 3.803705e-15 0.068 -0.1874928 0.005706569 0.06783029 -0.1894612 -1.846668e-05 0.06793206 -0.1902434 -0.002293489 0.06797251 -0.1917475 -0.006668333 0.06776783 -0.1959882 -0.006668333 0.06776736 -0.1936624 -1.315515e-05 0.06795346 -0.1931955 0.001322907 0.06799082 -0.1906 0.008749664 0.06754976 -0.1901502 0.01003679 0.06747332 -0.1847999 0.01003679 0.06747431 -0.1843335 0.00869194 0.06755917 -0.1820312 0.002053976 0.06797803 -0.1813235 1.343913e-05 0.06792912 -0.1790061 -0.006668333 0.06776894 -0.1832044 -0.006668333 0.06776862 -0.184266 -0.003612332 0.06793206 -0.1899802 -0.003612332 0.06793188 -0.1730865 0.01002079 0.06747766 -0.1730865 0.008527502 0.0675761 -0.1730865 0.002649875 0.06796358 -0.1670351 0.009974303 0.0674833 -0.1682468 0.008507633 0.06757947 -0.1632717 0.009974303 0.06748381 -0.1618844 0.009974303 0.067484 -0.163168 0.008421313 0.06757758 -0.1687696 0.001643839 0.067986 -0.1634479 0.008082692 0.06759799 -0.1673132 -0.0001189066 0.06794003 -0.1634948 -0.004740557 0.06781952 -0.1618844 -0.006689672 0.06776869 -0.1670328 -0.006689672 0.06776829 -0.1633296 -0.006689672 0.06776858 -0.1730865 0.0006350843 0.06799791 -0.1725354 -3.166596e-05 0.067977 -0.1730865 -7.665416e-07 0.06797792 -0.1730865 -0.006693482 0.0677676 -0.1772967 -0.006693482 0.06776731 -0.1772967 -1.957522e-07 0.06795439 -0.1772967 0.001311731 0.06799105 -0.1772967 0.008586443 0.06756176 -0.1772967 0.01002079 0.06747712 -0.1473616 -0.006668333 0.06777158 -0.1496522 -6.025284e-06 0.06795259 -0.1501287 0.001379873 0.06799025 -0.1508368 0.003439152 0.06791516 -0.1516164 0.005706569 0.06783249 -0.1535818 -3.507506e-14 0.068 -0.1508268 -3.816432e-14 0.068 -0.1503955 -3.864796e-14 0.068 -0.1491289 -0.003612332 0.06793312 -0.1548431 -0.003612332 0.06793287 -0.1508265 -0.003612332 0.06793304 -0.1559047 -0.006668333 0.06777065 -0.1601031 -0.006668333 0.06777031 -0.1577873 8.072983e-06 0.06795385 -0.157323 0.00134686 0.06799066 -0.1550057 0.008027564 0.06759689 -0.1543088 0.01003679 0.06747846 -0.1508173 0.01003679 0.06747905 -0.1489589 0.01003679 0.06747936 -0.1481021 0.007585116 0.06763241 -0.1461625 0.002035063 0.06797886 -0.1454531 4.97987e-06 0.0679305 -0.1431209 -0.006668333 0.06777153 -0.1978211 0.01005661 0.06746954 -0.202 0.01005661 0.06746849 -0.1978212 0.008853865 0.06754623 -0.1978222 0.002100866 0.06797681 -0.1978226 -1.525038e-06 0.06799922 -0.1978226 -7.011276e-05 0.06799995 -0.1978321 -0.001212494 0.06799225 -0.1978151 -0.0008367212 0.0679963 -0.1978173 -0.0006145154 0.06799735 -0.2039662 -0.006711773 0.06776334 -0.2023459 -0.006497304 0.06777841 -0.2011279 -0.005966585 0.06781273 -0.2007157 -0.005786989 0.06782434 -0.1989219 -0.004046942 0.06791323 -0.1988227 -0.003950747 0.06791814 -0.2046374 -0.006537081 0.06777486 -0.2069783 -0.005927794 0.06781507 -0.2073254 -0.005608344 0.06783172 -0.2090823 -0.003991423 0.067916 -0.2092703 -0.003465029 0.06793018 -0.2101101 -0.001112422 0.06799355 -0.2101361 -0.0005418497 0.06799855 -0.2101337 -0.0004448063 0.067999 -0.2101308 -0.0003315114 0.06799953 -0.2059835 -0.0003315114 0.06799942 -0.2056268 -0.00161488 0.06798624 -0.2057715 -0.001094151 0.06799159 -0.2039662 -0.002518725 0.06796658 -0.2042318 -0.002501083 0.06796704 -0.2048737 -0.002288056 0.06797238 -0.2049255 -0.002270853 0.06797282 -0.2029972 -0.002265423 0.06797296 -0.2029927 -0.002261681 0.06797305 -0.2024378 -0.00179632 0.06798299 -0.2022934 -0.00159659 0.06798655 -0.2019966 -0.0005471844 0.0679984 -0.2021014 -0.001088343 0.06799319 -0.2020233 -0.0008814305 0.06799588 -0.2019967 -2.283601e-06 0.06797876 -0.2019996 0.008906561 0.06757426 -0.2019991 0.007414959 0.06771144 -0.2432848 0.02370363 0.0600134 -0.2431513 0.0239327 0.05996279 -0.2471118 0.02459652 0.05557287 -0.2468035 0.02395421 0.05651076 -0.2460408 0.02318883 0.05795462 -0.2457487 0.02298456 0.0584131 -0.2466359 0.02360484 0.0570209 -0.2468575 0.02607274 0.05437572 -0.2470015 0.02578506 0.05449636 -0.247145 0.02514627 0.05498178 -0.2471362 0.02500068 0.05513832 -0.2471322 0.02493376 0.05521027 -0.2460685 0.02685104 0.05456427 -0.2463047 0.02670886 0.05441251 -0.2465742 0.02646433 0.05432435 -0.2468274 0.02613269 0.05435058 -0.2458856 0.02695597 0.05468636 -0.2458989 0.02695305 0.05467314 -0.2459078 0.02694773 0.05466746 -0.2439518 0.02687718 0.05696445 -0.2440084 0.02689191 0.05688891 -0.245 0.02715 0.0555648 -0.2439303 0.02685598 0.0570027 -0.243464 0.02639626 0.05783186 -0.2431379 0.02607476 0.05841171 -0.2428789 0.02535116 0.05918373 -0.2430268 0.0241461 0.05991563 -0.2428733 0.02468448 0.05966541 -0.2428759 0.02499981 0.05943759 -0.2454314 0.02292754 0.05874245 -0.245 0.02285 0.05919033 -0.2446274 0.02288254 0.05948648 -0.2440506 0.023071 0.05983267 -0.243931 0.02314745 0.05987654 -0.2436474 0.02332876 0.0599806 -0.2434528 -0.02642525 0.05782802 -0.2431756 -0.02604857 0.05838631 -0.2428512 -0.02507125 0.05940937 -0.2428593 -0.02500097 0.05945234 -0.2430979 -0.02399776 0.05996083 -0.2431449 -0.02392976 0.05996992 -0.2465112 -0.0265293 0.05433671 -0.2467532 -0.0262445 0.05432722 -0.2468555 -0.02607119 0.05437996 -0.2461309 -0.02682853 0.05450905 -0.2460726 -0.02685712 0.05455292 -0.245892 -0.02694563 0.05468874 -0.2458837 -0.02694967 0.05469494 -0.2469367 -0.02593358 0.05442183 -0.2470948 -0.02548414 0.05469468 -0.2468465 -0.02393088 0.05649941 -0.2471422 -0.0248168 0.05531866 -0.247134 -0.02493192 0.05521103 -0.2471293 -0.02499876 0.05514853 -0.2468228 -0.02385982 0.05659412 -0.246075 -0.02313809 0.05798018 -0.245409 -0.02295962 0.05872987 -0.2443506 -0.02295043 0.05967018 -0.245 -0.02285 0.05919033 -0.2433913 -0.02357365 0.06001752 -0.2438496 -0.02318369 0.05991778 -0.2439291 -0.02314667 0.05987849 -0.2429233 -0.02444356 0.05979312 -0.2430191 -0.02583587 0.05870155 -0.2457523 -0.02701409 0.0547938 -0.245 -0.02715 0.0555648 -0.2444824 -0.02708676 0.05621109 -0.2441113 -0.02689721 0.05676363 -0.2439498 -0.02681471 0.0570041 -0.2436127 -0.02664253 0.05750599 -0.143899 0.04445303 0.05375927 -0.144064 0.04434503 0.05387696 -0.143 0.04035 0.05735243 -0.1436042 0.04043664 0.05729904 -0.1440713 0.04064625 0.05715077 -0.1441398 0.04067699 0.05712902 -0.1450604 0.04207082 0.05603145 -0.1451339 0.04250236 0.05566765 -0.1451483 0.04258651 0.05559671 -0.1449984 0.04170707 0.05633809 -0.1448333 0.04144279 0.05654493 -0.1445884 0.04105107 0.05685149 -0.1444296 0.04410582 0.05413764 -0.1448416 0.04356015 0.05468832 -0.1449359 0.04343523 0.0548144 -0.1433734 0.04461632 0.05356823 -0.1433848 0.04461528 0.05356967 -0.1419757 0.04439032 0.05377595 -0.1422833 0.04451192 0.05365252 -0.142455 0.04457978 0.05358365 -0.143 0.04465 0.05352118 -0.1414353 0.04397449 0.05419673 -0.1419301 0.04435521 0.05381147 -0.1409817 0.04324079 0.0549066 -0.1411745 0.04355268 0.05460484 -0.1411327 0.04143425 0.05648285 -0.1411035 0.04153476 0.05639803 -0.1408524 0.04239795 0.05566956 -0.1408677 0.04249769 0.05557927 -0.1415974 0.04087051 0.05693515 -0.1411394 0.04142611 0.05648938 -0.1428266 0.040357 0.05734422 -0.1421502 0.04052509 0.05720729 -0.1419374 0.04065802 0.05710256 -0.144604 -0.04393164 0.05431936 -0.1440715 -0.04435745 0.05386511 -0.1440437 -0.04437968 0.0538414 -0.1450485 -0.0431527 0.05508303 -0.1448209 -0.04355155 0.054692 -0.1448785 -0.04145414 0.05653992 -0.1450777 -0.04207666 0.0560297 -0.1451367 -0.04226083 0.05587876 -0.1451133 -0.04249691 0.05566813 -0.1444239 -0.04088911 0.05697313 -0.1448577 -0.04142832 0.05655971 -0.1438825 -0.04053948 0.05722751 -0.1440633 -0.04065623 0.05714257 -0.1418524 -0.04068188 0.05708385 -0.1419291 -0.04064711 0.05711132 -0.1423893 -0.04043857 0.05727609 -0.143 -0.04035 0.05735243 -0.1409885 -0.04174083 0.05623019 -0.1411118 -0.04153812 0.0563953 -0.1411691 -0.04144379 0.05647213 -0.1414005 -0.04106325 0.05678209 -0.1411666 -0.0435558 0.05460316 -0.1410255 -0.04335079 0.054803 -0.1408542 -0.04249927 0.05557993 -0.1408501 -0.04247867 0.05559873 -0.1423 -0.04451527 0.05364932 -0.1420132 -0.04441017 0.05375566 -0.1419322 -0.04435178 0.0538149 -0.1414998 -0.04404013 0.05413107 -0.1435594 -0.04457596 0.05361733 -0.1432956 -0.04461087 0.05357198 -0.143 -0.04465 0.05352118 -0.1425188 -0.04459546 0.05356819 0.02186789 -0.02632701 -0.04809482 0.02188566 -0.02642252 -0.0481347 0.02109594 -0.02619079 -0.04891708 0.02254348 -0.02188758 -0.0510411 0.0225018 -0.02189403 -0.05097837 0.02158516 -0.02188617 -0.05151822 0.02178183 -0.02618711 -0.04796393 0.02179515 -0.02620876 -0.04798419 0.02105936 -0.0259918 -0.04877807 0.01987878 -0.02310032 -0.0518144 0.02059796 -0.02219813 -0.05200502 0.0206425 -0.02225596 -0.05190302 0.02262842 -0.02183603 -0.05115584 0.02163106 -0.02181188 -0.05169578 0.02267126 -0.02179965 -0.05121014 0.0216476 -0.02172503 -0.05179564 0.02268372 -0.02178906 -0.05122594 0.02270823 -0.02174766 -0.05124995 0.02165035 -0.02161963 -0.05186962 0.02277569 -0.02163372 -0.05131604 0.02064613 -0.02204745 -0.05208048 0.02119403 -0.02181403 -0.05196544 0.01970732 -0.02412483 -0.05126179 0.01964904 -0.02414944 -0.05130628 0.0203903 -0.02579723 -0.04978005 0.02033753 -0.02588267 -0.0498126 0.02023313 -0.02599622 -0.04982277 0.01964154 -0.02502498 -0.05079432 0.02190342 -0.02651803 -0.04817457 0.02189948 -0.02655647 -0.04817725 0.01984439 -0.0239902 -0.05102517 0.02000278 -0.02481629 -0.05032736 0.02041943 -0.02547206 -0.04953061 0.02169249 -0.02613994 -0.04784699 0.0217269 -0.02615811 -0.04789204 0.0210127 -0.02592377 -0.04869831 0.02044042 -0.02553986 -0.04960241 0.02000069 -0.02487296 -0.05039421 0.01998315 -0.02493379 -0.050459 0.01975762 -0.02409549 -0.05120947 0.02182315 -0.02625426 -0.04802676 0.02108886 -0.02608262 -0.04885362 0.02044354 -0.02561982 -0.04967127 0.02042668 -0.02570757 -0.049732 0.01994985 -0.024996 -0.05051824 0.02160273 -0.02186976 -0.051579 0.02257312 -0.02188299 -0.05108575 0.0200501 -0.02308431 -0.05153347 0.02066998 -0.02229198 -0.05178606 0.02003021 -0.02309633 -0.05159512 0.019827 -0.02402685 -0.05108886 0.02180777 -0.02691555 -0.04813588 0.02156853 -0.02686491 -0.04834217 0.02188211 -0.02672647 -0.04818911 0.02085967 -0.02646071 -0.04909748 0.02188542 -0.02669422 -0.04818686 0.02033321 -0.02616051 -0.04965843 0.01959161 -0.02415988 -0.05133872 0.01956592 -0.02371483 -0.05161879 0.0198336 -0.02308851 -0.05185413 0.02000902 -0.02267808 -0.05200835 0.01996737 -0.02310756 -0.05171349 0.02407663 -0.02519388 -0.04740991 0.02402539 -0.02514598 -0.04736555 0.02427908 -0.02434454 -0.04797408 0.02265396 -0.02617133 -0.04738055 0.0226154 -0.02613533 -0.04732507 0.02302135 -0.02597598 -0.0471087 0.02434028 -0.02358089 -0.04881313 0.02401649 -0.02283661 -0.04963521 0.02409235 -0.02282454 -0.04967317 0.02388545 -0.02561769 -0.04727364 0.02413746 -0.02524096 -0.04744407 0.02427776 -0.02532484 -0.04747613 0.02311777 -0.0268066 -0.0472756 0.02285483 -0.02682847 -0.04744827 0.02285063 -0.02678217 -0.04748241 0.02281699 -0.0264966 -0.04754172 0.02276381 -0.02634502 -0.04750841 0.02455122 -0.02541961 -0.0474087 0.02460478 -0.02543077 -0.04737168 0.02447728 -0.02574609 -0.04718942 0.02467156 -0.02445765 -0.0480886 0.02442256 -0.02538557 -0.04746037 0.02453087 -0.02444495 -0.04808236 0.024394 -0.02440613 -0.04804319 0.02401591 -0.0257286 -0.04730194 0.02377416 -0.02619698 -0.04722228 0.02385291 -0.02630018 -0.04715079 0.02392582 -0.02635825 -0.04705988 0.0234438 -0.02223142 -0.05043848 0.024302 -0.02272276 -0.04972312 0.02478596 -0.02348281 -0.04886681 0.02421147 -0.02278477 -0.04971327 0.02408931 -0.02344142 -0.04859322 0.02378025 -0.02277634 -0.04943513 0.02324905 -0.02224044 -0.05025049 0.02414762 -0.02350264 -0.04867369 0.02384413 -0.02281296 -0.04950664 0.02330724 -0.0222523 -0.05031641 0.02251207 -0.026092 -0.0471539 0.02296134 -0.02594141 -0.04698019 0.02254362 -0.0260968 -0.04720973 0.02257828 -0.02611078 -0.04726738 0.02335412 -0.02569105 -0.04688073 0.0236861 -0.02536029 -0.0469383 0.02393165 -0.02498049 -0.04713721 0.02393267 -0.02495056 -0.04707969 0.02393913 -0.02501551 -0.04719668 0.02371218 -0.02542036 -0.04706984 0.02414807 -0.02415301 -0.04774368 0.02415647 -0.02419063 -0.04779012 0.02339465 -0.02573352 -0.04701681 0.02284556 -0.02664913 -0.04752949 0.02326646 -0.0263288 -0.04733798 0.02318586 -0.02617979 -0.0473087 0.02269261 -0.02621895 -0.04743126 0.0230993 -0.02605615 -0.04722636 0.02367378 -0.02606913 -0.04725332 0.02356473 -0.02593399 -0.04722638 0.02346645 -0.02581593 -0.04714107 0.023779 -0.025509 -0.04719014 0.02398523 -0.02509923 -0.04731339 0.0242342 -0.02430789 -0.04793135 0.02419887 -0.02426914 -0.04788534 0.02417312 -0.02422966 -0.04783776 0.02395661 -0.02505533 -0.0472562 0.02368187 -0.02210517 -0.05051855 0.02320219 -0.02185308 -0.05094272 0.02279174 -0.02163738 -0.05130566 0.02486087 -0.02479741 -0.04773777 0.02484051 -0.02444013 -0.04804463 0.0243328 -0.02437771 -0.04801187 0.02423278 -0.02355139 -0.04874975 0.02392425 -0.02283413 -0.04957512 0.02337311 -0.02224963 -0.05038026 0.02402284 -0.02228437 -0.05021704 -0.06714081 -0.03372593 -0.0484697 -0.06583465 -0.0360514 -0.04652734 -0.06542217 -0.03618081 -0.04638971 -0.06542208 -0.03630683 -0.04653841 -0.06543475 -0.03613361 -0.04626499 -0.06722177 -0.03381121 -0.0486168 -0.06717253 -0.03377075 -0.04854455 -0.06711877 -0.03456846 -0.04790622 -0.06694806 -0.03555335 -0.04748783 -0.06704249 -0.03563196 -0.04751123 -0.06745178 -0.03388247 -0.04877665 -0.06544889 -0.03651128 -0.04663127 -0.0654583 -0.03655441 -0.04663014 -0.06586135 -0.03627406 -0.0467203 -0.06639179 -0.03630466 -0.04696923 -0.0672877 -0.03294325 -0.04941297 -0.0665709 -0.03211033 -0.04991606 -0.06651179 -0.0322185 -0.04983135 -0.06553831 -0.03164607 -0.05018623 -0.06444582 -0.0316501 -0.05018932 -0.06447642 -0.03174907 -0.0501078 -0.06555968 -0.03176083 -0.05010273 -0.06552706 -0.0318418 -0.04999674 -0.06558733 -0.03166811 -0.0501734 -0.06549919 -0.03189069 -0.04987149 -0.0663481 -0.03229849 -0.04960002 -0.06642205 -0.0322757 -0.04972722 -0.06702501 -0.03299765 -0.04926226 -0.06715964 -0.03298209 -0.04936269 -0.06728717 -0.03384456 -0.04868201 -0.06736543 -0.03386868 -0.04873621 -0.06722524 -0.03469612 -0.04805317 -0.06686909 -0.03546411 -0.04743776 -0.06625233 -0.03606517 -0.04691384 -0.06631394 -0.03618891 -0.04696004 -0.06649909 -0.03643695 -0.04692581 -0.06726662 -0.03569178 -0.04752386 -0.06765758 -0.03433509 -0.04850714 -0.06755076 -0.03388897 -0.0487984 -0.06678792 -0.03521622 -0.04718358 -0.06710028 -0.03450582 -0.04782401 -0.06622317 -0.03578522 -0.04662372 -0.06585189 -0.03598993 -0.04640935 -0.06678767 -0.03528781 -0.04727671 -0.06620733 -0.03585306 -0.04673258 -0.06583653 -0.03614821 -0.04663685 -0.06543548 -0.03640905 -0.04658484 -0.06542218 -0.03616062 -0.04636589 -0.06453023 -0.03187774 -0.04988026 -0.06452341 -0.03187061 -0.04992623 -0.0668856 -0.03295363 -0.04906115 -0.06631987 -0.0322964 -0.04953316 -0.06448734 -0.03178437 -0.05007872 -0.06450538 -0.03182749 -0.05000248 -0.06692108 -0.03297645 -0.0491311 -0.06555692 -0.03692424 -0.04652221 -0.06627997 -0.03664969 -0.04675508 -0.06549712 -0.03673214 -0.04662548 -0.06549046 -0.03670164 -0.04662628 -0.06740224 -0.03326868 -0.04920338 -0.06733841 -0.03300218 -0.04937738 -0.06716061 -0.03463348 -0.04798478 -0.06681427 -0.03537265 -0.04736469 -0.06621583 -0.03594872 -0.04683418 -0.06377327 -0.03588492 -0.04681679 -0.06377388 -0.03584021 -0.04676476 -0.06319981 -0.03526912 -0.0473227 -0.06375746 -0.0357717 -0.04665716 -0.06414217 -0.03604156 -0.0465509 -0.06455285 -0.03617082 -0.04640619 -0.06453969 -0.03611538 -0.04628124 -0.0641237 -0.03597925 -0.04643409 -0.06249589 -0.03356817 -0.04904289 -0.06235293 -0.03445331 -0.04846098 -0.06246851 -0.03479784 -0.04820745 -0.06336782 -0.03216016 -0.04990412 -0.06278265 -0.0329431 -0.04943524 -0.06285713 -0.03295759 -0.04940369 -0.0649863 -0.03660121 -0.04659843 -0.06498697 -0.03644637 -0.04655748 -0.06393982 -0.03672179 -0.04670674 -0.0644246 -0.03689019 -0.04655787 -0.06448207 -0.03669509 -0.04664469 -0.06461016 -0.03695465 -0.04650089 -0.06451669 -0.03654882 -0.04664992 -0.0645424 -0.03639875 -0.04660802 -0.06262109 -0.03475224 -0.0481808 -0.06361367 -0.03625984 -0.04699328 -0.06304089 -0.03553199 -0.04753245 -0.06366806 -0.03617429 -0.04699068 -0.06372962 -0.03605169 -0.04694431 -0.06347442 -0.03642247 -0.04695775 -0.06370779 -0.03664118 -0.04677799 -0.06360202 -0.0322578 -0.0497543 -0.06351498 -0.03219968 -0.04985866 -0.06292557 -0.0329704 -0.04935819 -0.0628623 -0.03370386 -0.04852013 -0.06289478 -0.03448411 -0.04787704 -0.06312596 -0.03293332 -0.04910234 -0.06370079 -0.03228068 -0.04956048 -0.06287613 -0.03454605 -0.04795844 -0.0628346 -0.03461011 -0.0480363 -0.06283075 -0.03374761 -0.04859448 -0.0627821 -0.03378696 -0.04866631 -0.06309108 -0.03295506 -0.04917203 -0.06298915 -0.03297436 -0.04930287 -0.06498495 -0.03616492 -0.0462223 -0.06319969 -0.03519756 -0.04723068 -0.06498691 -0.03631241 -0.04646968 -0.06498615 -0.036217 -0.04635092 -0.06455544 -0.03621389 -0.04646638 -0.06455471 -0.03626707 -0.04652175 -0.06376582 -0.03593589 -0.04686524 -0.06317338 -0.0353534 -0.04740971 -0.06277075 -0.03467167 -0.04810431 -0.06271768 -0.03381927 -0.0487313 -0.06455038 -0.03632932 -0.04656972 -0.06375123 -0.035992 -0.0469083 -0.06311909 -0.03544389 -0.04748224 -0.06268852 -0.03472601 -0.04815701 -0.06343216 -0.03212953 -0.04992125 -0.064434 -0.03165269 -0.05018793 -0.06254563 -0.0332602 -0.04924534 -0.06280219 -0.03579245 -0.04747555 -0.06367355 -0.03228196 -0.04962723 -0.06713613 0.03431901 -0.04798364 -0.06715857 0.03437794 -0.04806376 -0.06689244 0.03512374 -0.04742567 -0.06720304 0.03443725 -0.04814054 -0.06530493 0.03174785 -0.05009568 -0.06531157 0.03171195 -0.05012487 -0.06631216 0.03207753 -0.04991544 -0.06474721 0.03654174 -0.04660705 -0.06475452 0.03643816 -0.04656062 -0.06520118 0.03643736 -0.04656502 -0.06520054 0.03615565 -0.04623118 -0.06710718 0.0335353 -0.04861977 -0.06688795 0.03505328 -0.0473356 -0.0663816 0.03566518 -0.04674599 -0.06603587 0.03590039 -0.04650404 -0.06563692 0.03606897 -0.04632457 -0.0652129 0.03659132 -0.04660614 -0.06474168 0.03658601 -0.04660547 -0.06472286 0.0367365 -0.04660009 -0.06572222 0.03664014 -0.04668539 -0.06561162 0.03691173 -0.04653287 -0.064719 0.03676732 -0.04659899 -0.06468303 0.03696465 -0.04649166 -0.06567571 0.03649874 -0.04668826 -0.06649 0.03605588 -0.04707371 -0.0665502 0.03613558 -0.04707705 -0.06702488 0.0359309 -0.04733151 -0.06670225 0.03628863 -0.04704735 -0.06650103 0.03651176 -0.04687012 -0.06579967 0.03682716 -0.04660417 -0.06636812 0.03202622 -0.04996483 -0.06662107 0.03214812 -0.04989383 -0.0670392 0.03278473 -0.04948614 -0.06711856 0.03275779 -0.0495243 -0.06737436 0.03307128 -0.04933428 -0.06741982 0.03325849 -0.04921221 -0.06529371 0.03179227 -0.05001945 -0.06678042 0.03278394 -0.04918555 -0.06714078 0.033575 -0.04869324 -0.06719039 0.03360925 -0.04876432 -0.06681522 0.03280155 -0.04925462 -0.0661455 0.03217487 -0.04961777 -0.06528249 0.03183668 -0.04994321 -0.06527809 0.03184452 -0.04989734 -0.06691381 0.03281133 -0.04938467 -0.06519539 0.0362083 -0.0463592 -0.06636845 0.03573517 -0.04685062 -0.06601847 0.03596514 -0.04661769 -0.0656219 0.03612674 -0.04644698 -0.06476184 0.03633459 -0.04651418 -0.06519519 0.03630384 -0.04647745 -0.06476144 0.03630596 -0.04647992 -0.06475984 0.03618875 -0.0463396 -0.06561971 0.03617024 -0.04650598 -0.06562189 0.03622326 -0.04656034 -0.06637121 0.03577949 -0.04690125 -0.06638107 0.03582925 -0.04694855 -0.06692328 0.03520441 -0.047511 -0.06726869 0.03449269 -0.04820804 -0.06725461 0.03363574 -0.04882894 -0.06697436 0.0328024 -0.04944008 -0.06741864 0.03456154 -0.04828603 -0.06735162 0.03454012 -0.04826108 -0.06706237 0.03536985 -0.04763356 -0.06698132 0.03528904 -0.04758276 -0.06642268 0.03594029 -0.04702645 -0.0663983 0.03588334 -0.04699079 -0.06564028 0.03635277 -0.04664561 -0.06562874 0.03628471 -0.04660761 -0.06475135 0.03616342 -0.04623694 -0.06561496 0.03166324 -0.05017621 -0.06533023 0.03161123 -0.05020676 -0.0676577 0.03423789 -0.04857355 -0.06756786 0.03459629 -0.04831569 -0.06731354 0.03561082 -0.04758575 -0.06623486 0.03214213 -0.04981071 -0.06617049 0.03217297 -0.04968415 -0.06276704 0.03398748 -0.04851814 -0.06281481 0.03394201 -0.04844508 -0.06292991 0.03473067 -0.04780219 -0.06431583 0.03194288 -0.04984467 -0.06303594 0.03310895 -0.04897377 -0.06284404 0.03389337 -0.04836929 -0.06294436 0.03466545 -0.04771861 -0.06331146 0.03535135 -0.04708242 -0.06353999 0.03241459 -0.04946894 -0.06423538 0.03181921 -0.05007599 -0.06427906 0.03189717 -0.04997015 -0.06424456 0.03170214 -0.0501611 -0.06419706 0.0317288 -0.05014608 -0.06324688 0.03226189 -0.04984558 -0.06316798 0.035705 -0.04739085 -0.06262291 0.03405713 -0.04863772 -0.06282904 0.03486887 -0.04795087 -0.06270193 0.03402671 -0.04858375 -0.06324354 0.03560854 -0.04734143 -0.06391012 0.03616282 -0.04683971 -0.06385516 0.03629324 -0.04688495 -0.06431936 0.03633979 -0.04666752 -0.06367963 0.03656244 -0.04684045 -0.06302497 0.03606376 -0.04725842 -0.06307631 0.03579128 -0.04741208 -0.063927 0.03587959 -0.04654248 -0.06433714 0.03611408 -0.04647065 -0.06432023 0.03605525 -0.04634957 -0.06331622 0.03542345 -0.0471777 -0.0639452 0.03594539 -0.04665449 -0.06433808 0.0362109 -0.04658285 -0.0628914 0.03480019 -0.04788193 -0.06329422 0.03551146 -0.04726753 -0.0639409 0.03604208 -0.0467588 -0.06300086 0.03313596 -0.04904438 -0.06350999 0.03242017 -0.04953624 -0.06289457 0.03316709 -0.04917641 -0.06342975 0.03240485 -0.049664 -0.06275412 0.03316197 -0.04927611 -0.06333098 0.03235501 -0.04976771 -0.0626538 0.03314602 -0.04931168 -0.06253502 0.03407722 -0.04867722 -0.06378437 0.03641651 -0.04689114 -0.0639318 0.03675452 -0.04667946 -0.0639378 0.0367562 -0.04667796 -0.06250491 0.03336797 -0.04917765 -0.06248812 0.03355931 -0.04904974 -0.06244191 0.03408566 -0.04869788 -0.06238504 0.03473341 -0.04826486 -0.06297608 0.03602653 -0.04728962 0.02012532 0.02520925 -0.05017782 0.02013617 0.02514056 -0.05011177 0.01985315 0.0243551 -0.05084941 0.02306608 0.02624226 -0.04734212 0.02220192 0.02642983 -0.0478894 0.0231214 0.02634059 -0.04738186 0.02222628 0.02657466 -0.04792747 0.02313752 0.02638662 -0.04737635 0.0222242 0.02671967 -0.04792972 0.02319028 0.02653728 -0.04735832 0.02319997 0.02656495 -0.04735501 0.02222588 0.02695177 -0.04780916 0.02321357 0.02666056 -0.04729448 0.02322853 0.02676563 -0.04722796 0.02217009 0.02693688 -0.04785895 0.02125061 0.02669155 -0.04867955 0.0197374 0.02348597 -0.05165658 0.02027858 0.02249505 -0.05197951 0.02023306 0.02245356 -0.05203515 0.01971267 0.02321761 -0.05183636 0.01967555 0.02347756 -0.05170193 0.01967772 0.02452162 -0.05106573 0.0195316 0.02448571 -0.0511806 0.01999465 0.02541954 -0.05032444 0.01987337 0.02551704 -0.05035289 0.0212506 0.02191722 -0.05181692 0.02123723 0.02182821 -0.05190716 0.02034205 0.02253619 -0.05187753 0.01983615 0.02347122 -0.05155685 0.01978802 0.02444457 -0.05097111 0.02009707 0.02528132 -0.05023751 0.01986613 0.02431024 -0.05078471 0.02013043 0.02507865 -0.05004336 0.01992547 0.0234179 -0.05137546 0.02038578 0.02255699 -0.05176016 0.01990473 0.02343913 -0.05143775 0.02123769 0.02195648 -0.05169634 0.02284717 0.02600908 -0.04703115 0.02242486 0.0261239 -0.0472923 0.02289347 0.02601997 -0.04713473 0.0220139 0.02616521 -0.04762564 0.0212572 0.02603164 -0.04840336 0.02061603 0.0256594 -0.04923188 0.02208639 0.02621554 -0.04772552 0.02131247 0.02609691 -0.04848711 0.02290794 0.02603526 -0.0471554 0.02249803 0.02616478 -0.0474039 0.02294644 0.02607594 -0.04721042 0.02212096 0.02625546 -0.04777372 0.02301078 0.02614393 -0.04730237 0.02215263 0.02630519 -0.04781832 0.0230265 0.02617189 -0.04731367 0.02218001 0.02636385 -0.04785743 0.0213693 0.02630323 -0.04863094 0.02135208 0.02618929 -0.04856603 0.02122428 0.02174208 -0.05199447 0.02122124 0.02174324 -0.05199519 0.02112984 0.02180074 -0.05200352 0.02033878 0.02229835 -0.05207553 0.02136115 0.02642793 -0.04867429 0.02132971 0.0265504 -0.04869282 0.02083065 0.02651609 -0.04908921 0.02092028 0.02660341 -0.04897436 0.02064627 0.02572861 -0.04930611 0.02065843 0.02581352 -0.04937699 0.0206494 0.02590929 -0.04943852 0.02061904 0.02600884 -0.0494855 0.02057047 0.02610453 -0.04951495 0.01990592 0.02561523 -0.05027409 0.02468809 0.02506885 -0.04761544 0.02474507 0.02507224 -0.0475796 0.02490405 0.02412179 -0.0482751 0.02386264 0.02577367 -0.04726854 0.02392665 0.02583233 -0.04727471 0.02440948 0.02501369 -0.04766262 0.02453975 0.02412841 -0.04835039 0.02436598 0.02329723 -0.04915294 0.02425314 0.0233002 -0.04910786 0.02361248 0.02256381 -0.04973739 0.02360024 0.02546033 -0.04690621 0.02400424 0.02318977 -0.04889628 0.02416241 0.02391286 -0.04807028 0.02217954 0.02185247 -0.05120626 0.02221312 0.02183987 -0.05126794 0.02233713 0.02169081 -0.0514825 0.02237258 0.02158761 -0.05154257 0.02230959 0.02157053 -0.05158551 0.02317203 0.02205814 -0.0507174 0.0232921 0.02197221 -0.05080802 0.02227932 0.0217836 -0.05138548 0.02331581 0.02184335 -0.05089962 0.02338652 0.02186252 -0.05085143 0.02346329 0.02601087 -0.04723665 0.02356462 0.02615119 -0.04726393 0.02405047 0.02593691 -0.04724548 0.0243366 0.02498353 -0.04765059 0.02407407 0.02535243 -0.04738457 0.02426788 0.02494765 -0.04762772 0.02415348 0.02486426 -0.04755298 0.02426275 0.0244578 -0.04787551 0.02418395 0.02437923 -0.04778441 0.0242115 0.02398663 -0.04815928 0.02406586 0.02324251 -0.04897301 0.02415034 0.02328111 -0.0490459 0.02429464 0.02405297 -0.04824266 0.02440792 0.02410251 -0.04830932 0.02329403 0.02580981 -0.04702841 0.02324782 0.02577095 -0.04689339 0.02387164 0.02509084 -0.04706898 0.02362912 0.02551516 -0.04704021 0.02336789 0.02589091 -0.04715175 0.02414433 0.02429954 -0.04768646 0.02408066 0.02477667 -0.04745193 0.02396333 0.02525319 -0.04730452 0.0238011 0.02571392 -0.04724715 0.02299883 0.02208822 -0.05053253 0.02305219 0.02209197 -0.05059698 0.02367558 0.02259116 -0.04980657 0.02311071 0.02208211 -0.05065962 0.02375154 0.02260307 -0.0498731 0.02349875 0.02664109 -0.04713304 0.0241547 0.02601533 -0.04717632 0.02414877 0.02615533 -0.04707188 0.02421167 0.02606033 -0.04710915 0.02470426 0.02531624 -0.04740105 0.02344074 0.02187722 -0.05081447 0.02368531 0.02209665 -0.05052232 0.02401289 0.02253382 -0.05001428 0.02383664 0.02259724 -0.04993237 0.02455611 0.02505418 -0.04765555 0.02447886 0.02327338 -0.04917801 0.02459743 0.02321375 -0.049179 0.02445268 0.02278507 -0.04960572 0.02405075 0.02469684 -0.04734248 0.02389572 0.02516236 -0.04719181 0.02369667 0.02560213 -0.04716267 -0.1248504 -0.005869782 0.06780292 -0.1249584 -0.01192742 0.0671854 -0.1192069 -0.0112147 0.06722464 -0.2330431 -0.04007649 0.04927317 -0.2325601 -0.04036521 0.04927338 -0.2304701 -0.04043737 0.05181939 -0.2268777 -0.04290143 0.0492735 -0.2255679 -0.04334582 0.04927315 -0.2185902 -0.04571329 0.04927131 -0.2139236 -0.04641685 0.04928 -0.2172739 -0.04498783 0.05160398 -0.1932788 -0.0476089 0.0493171 -0.1802622 -0.04761232 0.04931814 -0.1840454 -0.0442692 0.05404724 -0.1525764 -0.0475297 0.04932146 -0.1497961 -0.04750754 0.04932196 -0.1498202 -0.04723899 0.05002024 -0.09461407 0.007704652 0.04929927 -0.09468859 0.008002247 0.04929881 -0.09824181 0.008599167 0.05637995 -0.2041486 0.04736367 0.0493008 -0.2057638 0.04729214 0.04929513 -0.2109942 0.04486677 0.0531867 -0.2458899 -0.02694996 0.05468833 -0.2502849 -0.01853898 0.05654029 -0.1633711 -1.426477e-06 0.068 -0.1965267 -0.00884297 0.06759047 -0.1633042 -0.008337416 0.06764004 -0.1968971 -1.514871e-06 0.06799998 -0.1630619 0.01649062 0.0665675 -0.1965269 0.008839984 0.06759075 -0.1953971 0.01742487 0.06638541 -0.1508226 -0.007790122 0.06768722 -0.1507904 0.01547899 0.06674324 -0.1371392 0.006749353 0.06776291 -0.1371403 -1.149268e-06 0.0679991 -0.124845 -9.951689e-07 0.06799585 -0.2347273 -1.587076e-06 0.06798792 -0.2339956 -0.009255907 0.0675212 -0.2318212 0.01818783 0.06616619 -0.2339961 0.009252787 0.06752152 -0.2441144 0.01841062 0.06229208 -0.2400013 0.02678424 0.06021458 -0.2431849 0.02686891 0.05770555 -0.237451 0.03428068 0.05506028 -0.2399878 0.0343638 0.05221464 -0.241997 0.03401003 0.04926703 -0.2429823 0.03310776 0.04926561 -0.2553225 0.009471031 0.0540043 -0.2502861 0.01853597 0.05654081 -0.2525484 0.01859115 0.05293798 -0.2480535 0.027019 0.05123572 -0.2474509 0.01847573 0.05968362 -0.2399856 -0.03436613 0.0522137 -0.2431832 -0.02687163 0.05770475 -0.2374489 -0.03428301 0.05505927 -0.2441132 -0.0184136 0.0622915 -0.2399997 -0.02678694 0.06021374 -0.2474497 -0.01847873 0.05968307 -0.2480517 -0.02702172 0.05123504 -0.2525471 -0.01859416 0.0529375 -0.1378659 0.03447158 0.06079072 -0.1383024 0.04116139 0.0566048 -0.1503665 0.03681735 0.05966706 -0.1385496 0.04415791 0.05388325 -0.1388108 0.04666972 0.05065701 -0.1501127 0.04272373 0.0554971 -0.1499702 0.04521828 0.05294092 -0.1383025 -0.04116355 0.0566031 -0.1385498 -0.04415983 0.05388122 -0.1503664 -0.03681951 0.05966582 -0.137866 -0.03447394 0.06078954 -0.1499701 -0.04521984 0.05293906 -0.1501126 -0.04272556 0.05549547 -0.2111388 0.04705407 0.04927628 -0.2135285 0.04659361 0.04927508 -0.214239 0.04492835 0.05267179 -0.1840467 0.04426771 0.05404881 -0.19722 0.0475692 0.0493171 -0.1995456 0.04756755 0.04931695 -0.1498203 0.04723781 0.05002236 -0.1556076 0.0475987 0.04931981 -0.1587318 0.04751357 0.04952141 -0.1587109 0.0475965 0.04931961 -0.1613906 0.0475946 0.04931943 -0.1471641 0.04759713 0.04932013 -0.1491749 0.04760326 0.04932023 -0.1497868 0.04760283 0.04932019 -0.1290688 0.04674778 0.04933992 -0.1362292 0.04729993 0.04932707 -0.1389032 0.04737261 0.04932538 -0.1417318 0.04744948 0.04932358 -0.1267677 0.04657033 0.04934405 -0.1278649 0.04665494 0.04934208 -0.1288978 0.04611524 0.05045978 -0.1243987 0.04615721 0.04934886 -0.1199219 0.04537649 0.04935795 -0.1209585 0.04555727 0.04935584 -0.1234886 0.042748 0.05382082 -0.1212794 0.04561323 0.04935519 -0.1242826 0.04584374 0.05008049 -0.1156321 0.04379239 0.04936697 -0.1176046 0.0446351 0.04936278 -0.1190178 0.04232479 0.05312005 -0.1189386 0.04520502 0.04935995 -0.1135678 0.04291047 0.04937135 -0.1143511 0.0432451 0.04936969 -0.1150038 0.04192407 0.05159701 -0.1118027 0.04147729 0.04936654 -0.1139493 0.03803781 0.05484456 -0.1115293 0.04125536 0.04936579 -0.1087757 0.03901961 0.04935828 -0.1115129 0.041242 0.04936575 -0.1103265 0.0375386 0.05268185 -0.1065062 0.03638353 0.04934269 -0.1069381 0.03697773 0.04934675 -0.1072957 0.03707832 0.04994545 -0.1075399 0.03780553 0.04935241 -0.1079137 0.03831972 0.04935593 -0.1024206 0.02813078 0.05133425 -0.1035987 0.03231972 0.04931545 -0.1049909 0.0286804 0.05458293 -0.1036844 0.03250199 0.04931614 -0.104449 0.03355371 0.04932333 -0.09898792 0.02251896 0.04927828 -0.1012651 0.02735931 0.04929664 -0.1015048 0.02786892 0.04929857 -0.09682944 0.01655141 0.04928555 -0.09800742 0.01980819 0.04928158 -0.1004525 0.0204418 0.05404041 -0.09844909 0.02102926 0.04928009 -0.09906034 0.01395747 0.05557166 -0.09599786 0.0132306 0.0492907 -0.09629758 0.01442749 0.04928884 -0.09410988 -0.003376712 0.04930393 -0.09423567 -5.762688e-06 0.04930266 -0.09785209 -6.827178e-07 0.05685238 -0.09426673 0.0008265664 0.04930235 -0.09450752 0.007279176 0.04929993 -0.09557579 -0.01232589 0.04929177 -0.09486615 -0.007993654 0.04929765 -0.098242 -0.008600831 0.05637976 -0.09455101 -0.006069761 0.04930026 -0.09589305 -0.01324117 0.04929056 -0.09574409 -0.01281142 0.04929113 -0.09906071 -0.01395947 0.05557128 -0.1003221 -0.02560533 0.04928068 -0.09983975 -0.02462698 0.04927556 -0.1004531 -0.02044422 0.05403972 -0.0981795 -0.01983734 0.04928187 -0.0979695 -0.01923151 0.04928267 -0.1014331 -0.02785873 0.04929247 -0.1024214 -0.02813359 0.05133306 -0.1033577 -0.03176211 0.0493129 -0.103581 -0.032215 0.04931527 -0.1039043 -0.03287088 0.04931871 -0.1049916 -0.02868318 0.0545817 -0.1069833 -0.036975 0.04934646 -0.1072965 -0.0370812 0.04994345 -0.107283 -0.03737459 0.04934917 -0.1075374 -0.03771363 0.04935146 -0.1083088 -0.03874193 0.04935841 -0.1103273 -0.03754141 0.05267986 -0.1096953 -0.03981494 0.04936146 -0.1150046 -0.0419266 0.05159454 -0.1156234 -0.04376858 0.04936725 -0.1153759 -0.04367611 0.04936783 -0.1140392 -0.04317673 0.04937098 -0.1124284 -0.04193009 0.04936745 -0.1118358 -0.04147149 0.04936615 -0.1186123 -0.04488518 0.0493602 -0.1190184 -0.04232723 0.05311764 -0.1199396 -0.04538107 0.04935707 -0.1205323 -0.04560251 0.04935567 -0.1242831 -0.04584559 0.05007769 -0.1207312 -0.04567679 0.0493552 -0.1243943 -0.04614511 0.04934814 -0.1288982 -0.04611698 0.05045712 -0.138811 -0.0466712 0.05065463 -0.1389307 -0.04742093 0.04932392 -0.1303529 -0.0469069 0.04933666 -0.1290705 -0.04674295 0.04933913 -0.1253008 -0.046261 0.04934639 -0.1662072 -0.047616 0.04931927 -0.1593478 -0.04575774 0.05228693 -0.1655297 -0.04761618 0.04931933 -0.1587314 -0.04751457 0.04951943 -0.1634922 -0.04761672 0.04931949 -0.1587002 -0.04757852 0.04932035 -0.2053494 -0.0474489 0.04929579 -0.2246431 -0.04027516 0.05573212 -0.2208497 -0.04494666 0.04927191 -0.2204317 -0.04508849 0.0492718 -0.2303655 -0.04167704 0.04927434 -0.2300254 -0.04183343 0.04927433 -0.233255 -0.03994984 0.04927308 -0.2416866 -0.03430714 0.04926753 -0.2399653 -0.03593885 0.04927015 -0.2388909 -0.03658104 0.04927062 -0.2429855 -0.03307581 0.04926555 -0.2486904 -0.02718554 0.04925588 -0.2477259 -0.02858215 0.04925833 -0.2440225 -0.03209278 0.04926397 -0.2550471 -0.01568111 0.04923793 -0.2538418 -0.01855361 0.04924187 -0.2525883 -0.02154109 0.04924598 -0.2488287 -0.02698519 0.04925553 -0.2570793 -0.008719288 0.04923085 -0.2569496 -0.009468541 0.04923136 -0.2569822 -0.009501252 0.0499099 -0.2564551 -0.01232555 0.04923332 -0.2552227 -0.01526266 0.04923735 -0.2580105 -1.244247e-05 0.0492272 -0.2581208 -0.002001897 0.04922674 -0.2579359 -1.629978e-06 0.05024209 -0.2581502 -0.002532036 0.04922661 -0.2569828 0.009498053 0.04991012 -0.2576026 0.007347239 0.04922891 -0.2577419 0.004833571 0.04922832 -0.2550204 0.01631962 0.04923828 -0.2564146 0.01147535 0.04923322 -0.2569964 0.009453613 0.04923111 -0.2526692 0.02139559 0.04924574 -0.2540107 0.01861023 0.04924152 -0.2543295 0.01794816 0.04924052 -0.2469882 0.02943924 0.04925985 -0.2487557 0.02693663 0.04925546 -0.2509327 0.02385426 0.04925005 -0.2365614 0.03801607 0.04927178 -0.2395569 0.03624466 0.04927054 -0.2416834 0.03429718 0.04926748 -0.2307205 0.04147017 0.0492742 -0.2325759 0.04037297 0.04927343 -0.2304727 0.04043551 0.05182059 -0.2332386 0.03998108 0.04927316 -0.2202461 0.04529919 0.04927171 -0.2210267 0.04501958 0.04927191 -0.2172766 0.0449865 0.05160548 -0.2246454 0.04027329 0.05573343 -0.2243198 0.04384001 0.04927277 -0.2254648 0.04342987 0.04927306 -0.23039 0.04166564 0.04927434 -0.2277335 0.04035723 0.05402249 -0.2178284 0.04576506 0.04927292 -0.1282767 0.04319422 0.05402274 -0.1227351 0.03915803 0.05688374 -0.1276879 0.0397815 0.0569606 -0.1266443 0.03244613 0.06130924 -0.1082183 0.0292947 0.05734343 -0.1120698 0.02997605 0.05949723 -0.1031559 0.02102996 0.05737336 -0.1065425 0.02169522 0.06020552 -0.1105793 0.0224405 0.06240975 -0.1152034 0.02326871 0.06382125 -0.1018603 0.01449236 0.05899702 -0.1053626 0.01510119 0.06191503 -0.1095343 0.0157868 0.0641914 -0.11431 0.01655203 0.0656514 -0.119616 0.01739974 0.06610904 -0.1011011 0.009002659 0.05988604 -0.1046749 0.009463532 0.06288152 -0.1089302 0.00998401 0.06522668 -0.1137996 0.01056632 0.06673921 -0.1192068 0.01121267 0.06722492 -0.1249583 0.01192531 0.06718569 -0.1011013 -0.009004379 0.05988582 -0.100744 -7.204249e-07 0.06043348 -0.1046751 -0.009465315 0.06288128 -0.1043577 -7.635956e-07 0.06350204 -0.1089304 -0.009985864 0.06522642 -0.1086599 -8.124427e-07 0.06591364 -0.1137997 -0.01056825 0.06673894 -0.1135813 -8.671788e-07 0.06747942 -0.1190433 -9.280166e-07 0.06799806 -0.2466479 -0.009376495 0.06359114 -0.2318202 -0.01819079 0.06616558 -0.1953966 -0.01742773 0.06638486 -0.2282759 -0.02649721 0.06398881 -0.1630618 -0.01649335 0.06656701 -0.1935136 -0.02550476 0.0644139 -0.2234939 -0.03388567 0.06105885 -0.2277311 -0.04035909 0.05402123 -0.2344674 -0.03419315 0.0574324 -0.2435904 -1.601554e-06 0.06609546 -0.2427721 -0.009338707 0.06563251 -0.2403471 -0.01834378 0.06429127 -0.2364074 -0.02669615 0.06214476 -0.2311044 -0.03409681 0.05926743 -0.1371771 -0.01356063 0.06702782 -0.1507904 -0.01548158 0.06674281 -0.162604 -0.02428908 0.06478069 -0.1909284 -0.03283204 0.06170072 -0.2176572 -0.04009118 0.05743996 -0.1018606 -0.0144944 0.05899661 -0.1053629 -0.01510326 0.06191459 -0.1095346 -0.01578891 0.06419093 -0.1143103 -0.0165542 0.06565092 -0.1196161 -0.01740195 0.06610855 -0.1252674 -0.01833502 0.06603772 -0.1372988 -0.02046848 0.06572119 -0.1507088 -0.02297206 0.06513911 -0.1619188 -0.03154055 0.06226195 -0.1877311 -0.03917243 0.0582528 -0.2109919 -0.04486813 0.05318515 -0.1599396 -0.04353134 0.05476881 -0.1610191 -0.03804472 0.05895993 -0.1505677 -0.0301401 0.06281658 -0.1375272 -0.02747178 0.06371314 -0.1266446 -0.03244865 0.06130805 -0.1258274 -0.02518805 0.06417718 -0.1213974 -0.03155198 0.06136253 -0.1203443 -0.0241852 0.06426395 -0.1164856 -0.03072947 0.06089023 -0.1152038 -0.02327113 0.06382047 -0.1120704 -0.02997875 0.05949598 -0.1105798 -0.02244292 0.06240898 -0.108219 -0.02929744 0.05734219 -0.106543 -0.02169765 0.06020477 -0.1031564 -0.02103239 0.05737263 -0.1282771 -0.04319642 0.05402053 -0.1276883 -0.03978393 0.05695879 -0.1234891 -0.04275032 0.05381851 -0.1227356 -0.03916057 0.05688186 -0.1181072 -0.03857986 0.05629248 -0.11395 -0.03804055 0.05484259 -0.1115282 -0.04123342 0.04936547 -0.2072448 -0.04742377 0.04929244 -0.2344695 0.03419082 0.05743346 -0.1593482 0.04575637 0.05228871 -0.1803365 0.04758117 0.0493182 -0.15994 0.04352969 0.05477041 -0.1833474 0.04757903 0.049318 -0.2311064 0.03409448 0.05926853 -0.2212678 0.04018391 0.05689606 -0.236409 0.02669345 0.06214562 -0.227427 0.0339919 0.06050263 -0.2176593 0.04008929 0.0574413 -0.1877323 0.03917047 0.0582541 -0.1610194 0.03804266 0.05896119 -0.2529974 0.009441171 0.05770043 -0.2562611 -1.625251e-06 0.05437281 -0.2548817 0.01680165 0.04923879 -0.2385301 0.009295344 0.06697239 -0.239306 -1.59452e-06 0.06744128 -0.2385295 -0.009298477 0.06697208 -0.2362251 -0.01826945 0.06561124 -0.2324764 -0.0265995 0.06343027 -0.2274251 -0.03399423 0.06050151 -0.2212655 -0.04018578 0.05689472 -0.2142364 -0.04492969 0.05267025 -0.2138371 -0.04642989 0.04928017 -0.2553218 -0.009474221 0.05400405 -0.2539144 -1.620028e-06 0.05810113 -0.2500814 0.009408574 0.06092173 -0.2529968 -0.009444351 0.05770016 -0.2500808 -0.009411743 0.06092144 -0.2509705 -1.614326e-06 0.06134943 -0.2475042 -1.608162e-06 0.06404008 -0.2466485 0.009373336 0.06359144 -0.2427726 0.009335561 0.06563282 -0.2403482 0.0183408 0.06429187 -0.2362262 0.01826648 0.06561185 -0.2324779 0.0265968 0.06343114 -0.2282773 0.02649452 0.06398968 -0.2234957 0.03388334 0.06105997 -0.1935144 0.02550212 0.06441471 -0.1909294 0.03282969 0.06170177 -0.1626042 0.0242865 0.06478142 -0.161919 0.03153819 0.06226294 -0.1507089 0.02296955 0.06513977 -0.1505678 0.03013773 0.06281751 -0.1372987 0.02046611 0.06572175 -0.1375271 0.02746938 0.06371396 -0.1252673 0.01833276 0.06603822 -0.1258272 0.02518564 0.06417796 -0.120344 0.02418278 0.06426474 -0.121397 0.03154939 0.06136375 -0.1164851 0.03072682 0.06089147 -0.1181066 0.03857721 0.05629442 -0.1371771 0.01355829 0.06702816 -0.09593549 -0.0247856 -0.04897599 -0.09939587 -0.02443882 -0.04635591 -0.1010222 -0.01799574 -0.04862924 -0.0899156 0.008929175 -0.05633457 -0.08496726 0.009349868 -0.05650543 -0.08512902 -4.309847e-06 -0.05699735 0.002309524 -0.03679658 -0.04571285 -0.001339576 -0.03668186 -0.04605756 0.003480577 -0.03270669 -0.04913321 -0.05518419 0.03632747 -0.04686617 -0.1016953 0.02380895 -0.04417567 -0.1013939 0.02421867 -0.04417781 -0.09939936 0.0244258 -0.04636135 0.0372432 0.008778688 -0.04414472 0.03738242 0.007673444 -0.04414458 0.03557893 0.007675346 -0.04701769 0.03635713 -0.01081813 -0.0441454 0.03491487 -0.01523705 -0.04414661 0.03355306 -0.01510089 -0.04618475 -0.00612036 -0.03833366 -0.04419835 -0.01157548 -0.03832464 -0.04420411 -0.008792645 -0.03642253 -0.04630569 -0.03604755 -0.03826686 -0.04420684 -0.04052701 -0.03840141 -0.04420775 -0.03918742 -0.03498068 -0.04749955 -0.0772166 -0.0384864 -0.04423297 -0.07857028 -0.03841411 -0.04423522 -0.07238366 -0.03839495 -0.04489073 -0.09145435 -0.03473316 -0.0442322 -0.09366426 -0.03329311 -0.04422594 -0.0941257 -0.03178948 -0.04536812 0.02273975 -0.01496556 -0.05411849 0.02684536 -0.01502045 -0.05214876 0.01989264 -0.02178879 -0.05249981 0.02300354 -0.02802077 -0.04609716 0.01972344 -0.02794375 -0.04853926 0.02730612 -0.0219286 -0.04802419 0.02382542 -0.02186539 -0.05059798 0.01601722 -0.02785209 -0.0503516 -0.05514849 -0.03401269 -0.0486213 -0.05508429 -0.02889862 -0.05145735 -0.07386093 -0.02701304 -0.05224488 -0.05522213 -0.03840454 -0.04481231 -0.07318029 -0.0329208 -0.04925617 -0.06380754 -0.03837419 -0.0450995 -0.1086805 -0.001360032 -0.04414199 -0.1088068 -3.181553e-06 -0.04414204 -0.1066004 -3.320089e-06 -0.04745873 -0.1088071 -8.339129e-13 -0.04414204 -0.1086168 0.004620987 -0.0441422 -0.1061832 0.007488422 -0.04720251 -0.1086075 0.004846923 -0.0441422 -0.1080353 0.007265611 -0.04414317 -0.108123 -0.007347565 -0.04414175 -0.1081289 -0.007284366 -0.04414176 -0.1061821 -0.007496382 -0.04720179 -0.1065315 -0.01302301 -0.04414744 -0.1069076 -0.01187288 -0.04414599 -0.1054007 -0.01209098 -0.04658739 -0.1080178 -0.008477761 -0.04414171 -0.1033056 -0.02059388 -0.04416506 -0.1044628 -0.01858496 -0.04415759 -0.104111 -0.01760405 -0.04531877 -0.104948 -0.01749534 -0.0441546 -0.1054032 -0.01647322 -0.0441518 -0.0995383 -0.02713402 -0.04418939 -0.1011984 -0.02425196 -0.04417867 -0.1014677 -0.02378445 -0.04417693 -0.09813764 -0.02873111 -0.0441992 -0.09818145 -0.02868115 -0.04419889 -0.09398317 -0.03308529 -0.04422503 -0.09476679 -0.03257466 -0.04422281 -0.09552799 -0.03170671 -0.04421748 -0.08890374 -0.03639523 -0.04423943 -0.0893145 -0.03612756 -0.04423826 -0.08953933 -0.0353925 -0.04492637 -0.09055842 -0.03531698 -0.04423474 -0.09042729 -0.03196738 -0.04733574 -0.08507901 -0.03744292 -0.04424049 -0.08602106 -0.03719464 -0.04424029 -0.08560779 -0.03545783 -0.04623265 -0.08880157 -0.0364618 -0.04423972 -0.08313032 -0.03795652 -0.04424089 -0.08204835 -0.03240607 -0.04898456 -0.08211171 -0.03822499 -0.04424111 -0.08080157 -0.03829496 -0.04423893 -0.06374382 -0.03909878 -0.04421245 -0.06502735 -0.03913734 -0.04421271 -0.06534972 -0.03912012 -0.04421324 -0.07231114 -0.03874836 -0.04422481 -0.05522468 -0.03884289 -0.04421072 -0.04788942 -0.03862255 -0.04420924 -0.04164898 -0.03843511 -0.04420798 -0.01797069 -0.03831015 -0.04420564 -0.004193149 -0.03833685 -0.04419631 -0.002595029 -0.0383395 -0.04419462 -0.000192917 -0.03800514 -0.04418213 0.006557145 -0.0370656 -0.04414703 0.005753332 -0.03717748 -0.04415121 0.005733111 -0.03690137 -0.04472705 0.004999482 -0.03728241 -0.04415513 0.0001714164 -0.03795443 -0.04418024 0.01467756 -0.03304498 -0.04603647 0.01708566 -0.03300567 -0.04414598 0.01705007 -0.03302635 -0.04414597 0.01505827 -0.0341825 -0.04414523 0.01152692 -0.03538014 -0.04414598 0.01116981 -0.03550125 -0.04414605 0.01883381 -0.03199095 -0.04414662 0.02472472 -0.02794059 -0.04414827 0.022996 -0.02957495 -0.04414815 0.02230761 -0.02997454 -0.0441479 0.02680358 -0.0259752 -0.04414842 0.02855561 -0.02431879 -0.04414854 0.03025029 -0.02197969 -0.04486211 0.03005207 -0.022904 -0.04414864 0.03414958 -0.01644365 -0.04414693 0.0309099 -0.02155151 -0.04414829 0.03066642 -0.02193539 -0.04414839 0.03834903 -1.135215e-15 -0.04414357 0.03787492 -0.005002614 -0.04414409 0.03557637 -0.007689705 -0.04701661 0.0377193 -0.006644588 -0.04414426 0.03738476 -0.007669561 -0.04414454 0.03746084 0.007050877 -0.0441445 0.03821641 0.001052857 -0.04414371 0.0362572 -7.308503e-06 -0.04730471 0.03567494 0.01283945 -0.04414592 0.03054427 0.02184149 -0.04414819 0.03325089 0.01835772 -0.04414757 0.03355811 0.0150873 -0.04618681 0.03418613 0.0166945 -0.04414706 0.03481951 0.01505448 -0.04414658 0.02731323 0.02191627 -0.0480274 0.02848803 0.02448813 -0.04414867 0.03025768 0.02196734 -0.04486504 0.02954622 0.02312611 -0.04414842 0.0205645 0.03123454 -0.04414735 0.02471878 0.02790798 -0.04414824 0.02301266 0.02801011 -0.04610121 0.02533608 0.02741368 -0.04414837 0.02766235 0.02555091 -0.04414886 0.01880796 0.03208664 -0.04414679 0.01973213 0.02793311 -0.0485436 0.01701888 0.03295454 -0.04414621 0.01519727 0.03383821 -0.04414562 0.01468789 0.03303636 -0.04604158 0.01171225 0.03552882 -0.0441445 0.01099382 0.03570807 -0.04414551 0.009630733 0.03604817 -0.04414743 0.01125198 0.03293813 -0.04774471 0.006519073 0.03682455 -0.0441518 0.005052471 0.03719048 -0.04415387 0.005744108 0.03689506 -0.04473309 0.003760599 0.03751281 -0.04415568 0.002319851 0.03679023 -0.04571903 0.002108418 0.03792504 -0.04415801 9.916067e-05 0.0380196 -0.04416844 -0.002217478 0.03812863 -0.04418048 -0.001329935 0.03667548 -0.04606374 -0.003959633 0.03821061 -0.04418952 -0.008784435 0.03641602 -0.04631181 -0.008181877 0.03834819 -0.04420464 -0.006848536 0.03834657 -0.04420453 -0.03786769 0.03042033 -0.05041908 -0.03918476 0.03497286 -0.04750566 -0.02386398 0.03577616 -0.04677602 -0.03990541 0.03691719 -0.04579947 -0.04251159 0.03838995 -0.04420754 -0.04054936 0.03838756 -0.04420737 -0.0320063 0.03837717 -0.04420665 -0.02617382 0.03837008 -0.04420616 -0.01159052 0.03835234 -0.04420493 -0.04594324 0.03852897 -0.04420757 -0.05522198 0.03839734 -0.04482064 -0.05523161 0.03890525 -0.04420763 -0.0637446 0.03908165 -0.04421261 -0.05726122 0.03898748 -0.04420765 -0.05579837 0.03892821 -0.04420764 -0.06380825 0.038366 -0.04510846 -0.07238524 0.03838567 -0.04490061 -0.07229163 0.03890048 -0.044224 -0.0677178 0.03909633 -0.04421634 -0.06696743 0.03912846 -0.04421508 -0.08142661 0.03553295 -0.04680656 -0.07959358 0.03842447 -0.04423511 -0.07954512 0.03843028 -0.04423506 -0.08550277 0.03747148 -0.04424027 -0.08503941 0.03765249 -0.04424058 -0.08561074 0.03544565 -0.04624231 -0.08460168 0.03782348 -0.04424088 -0.08080124 0.03827954 -0.04423651 -0.09106363 0.03529919 -0.04423648 -0.09092045 0.03535512 -0.04423658 -0.08954279 0.03537976 -0.04493646 -0.0893432 0.03597126 -0.04423765 -0.08834363 0.03636173 -0.04423833 -0.09586368 0.03140448 -0.04421536 -0.09552594 0.03167851 -0.04421685 -0.09412943 0.03177592 -0.04537656 -0.09367352 0.03318155 -0.044225 -0.09043053 0.03195431 -0.04734393 -0.09113525 0.03524108 -0.04423617 -0.09646829 0.03091389 -0.0442127 -0.09593858 0.02477287 -0.0489814 -0.09822772 0.02852236 -0.04420024 -0.09959964 0.02665754 -0.04419052 -0.1034133 0.02016556 -0.04416509 -0.1027482 0.02157613 -0.04416919 -0.1010249 0.01798443 -0.04863253 -0.1072712 0.010496 -0.04414447 -0.1069488 0.01185898 -0.04414502 -0.1054027 0.01208148 -0.04658908 -0.1065649 0.01348178 -0.04414568 -0.1053027 0.01615858 -0.04415345 -0.05514835 0.03400354 -0.04862748 -0.07318171 0.03290978 -0.04926296 -0.07386208 0.02700186 -0.05224952 -0.05508419 0.02888853 -0.05146197 -0.07279549 0.03575902 -0.04728649 0.02383218 0.02185309 -0.05060141 0.0227441 0.01495208 -0.05412101 0.02684998 0.01500692 -0.05215116 0.01602545 0.02784148 -0.05035612 0.01989903 0.02177653 -0.0525034 0.01124219 -0.03294674 -0.04773937 0.006986164 -0.0369201 -0.04414693 -0.03494426 -0.006644982 -0.05672118 0.004988723 -0.007439412 -0.05665777 -0.01573507 -0.01403894 -0.05574084 0.003751674 -0.0146243 -0.05565282 -0.01704165 -0.02054222 -0.05424746 0.001688176 -0.02132325 -0.05405803 -0.01887069 -0.02644742 -0.0522405 -0.001154101 -0.02731501 -0.05193507 -0.0211725 -0.03158106 -0.04974628 -0.004688091 -0.03240327 -0.04933645 -0.0238694 -0.03578313 -0.04676993 -0.01269578 -0.03832278 -0.04420529 0.03047938 -0.01506521 -0.0494748 0.007484683 -0.03283425 -0.04879113 0.007645749 -0.02762005 -0.05178906 0.01196391 -0.02774459 -0.05145615 0.01101229 -0.02159039 -0.05396814 0.01559229 -0.02169755 -0.05364604 0.01347233 -0.01482133 -0.05560877 0.01825128 -0.01489954 -0.0552959 0.01495937 -0.007543776 -0.05664355 0.0198644 -0.007584961 -0.05633667 0.01545227 -7.168694e-06 -0.05700262 0.02040131 -7.208264e-06 -0.0566979 0.0324199 -0.007671376 -0.05038827 0.02868807 -0.00764819 -0.05312618 0.02447239 -0.007619575 -0.05513934 0.0330716 -7.291034e-06 -0.05070492 0.02930539 -7.268876e-06 -0.05346526 0.02505113 -7.241472e-06 -0.05549362 -0.03675748 0.02516178 -0.05275938 -0.02116775 0.03157218 -0.04975145 -0.03589076 0.01935321 -0.05458299 -0.01886675 0.02643693 -0.05224476 -0.004680819 0.0323946 -0.04934179 0.01559826 0.02168533 -0.05364969 0.01825533 0.01488611 -0.05529846 0.01101782 0.02157821 -0.05397177 0.01347608 0.01480797 -0.05561132 0.003754803 0.0146111 -0.05565531 0.03242236 0.007657051 -0.05038944 0.02869041 0.007633908 -0.05312745 0.02447458 0.007605345 -0.05514066 0.01986643 0.007570794 -0.05633801 0.01496124 0.007529684 -0.05664489 0.005394884 -7.068241e-06 -0.05700618 0.03048424 0.01505165 -0.04947706 0.01197163 0.027734 -0.05146076 0.007652917 0.02760947 -0.05179365 0.001692825 0.02131118 -0.05406156 -0.0157331 0.01402619 -0.05574315 0.007493877 0.03282563 -0.04879658 0.00348913 0.03269807 -0.04913864 -0.001148037 0.02730447 -0.05193955 -0.01703868 0.02053043 -0.05425078 -0.03528663 0.01313164 -0.05590728 -0.08991505 -0.008938162 -0.05633352 -0.09463221 -0.00853462 -0.0552806 -0.09488916 -3.873113e-06 -0.05572085 -0.09930152 -3.671615e-06 -0.0537419 -0.09899242 0.008146873 -0.05335358 -0.1028782 0.007798785 -0.05063287 -0.102182 0.01247346 -0.04995637 -0.1041139 0.01759266 -0.04532197 -0.1046652 0.01751056 -0.04415738 -0.0846181 0.0144548 -0.05571894 -0.08948465 0.01391506 -0.05554743 -0.094116 0.01339906 -0.05451438 -0.08401547 0.0200114 -0.05436665 -0.08874845 0.01945439 -0.05416452 -0.09324156 0.01892466 -0.05312804 -0.09737164 0.01843155 -0.05126054 0.004990273 0.00742551 -0.05665906 -0.01472265 -6.766474e-06 -0.057 -0.01496722 0.007113389 -0.05667788 -0.03483891 -6.300495e-06 -0.057 -0.03494386 0.006632514 -0.05672222 -0.05495516 -5.63463e-06 -0.057 -0.07497624 0.01021653 -0.05644037 -0.07506011 0.00505437 -0.05686928 -0.07507113 -4.767922e-06 -0.05699853 -0.08315142 0.02604413 -0.0522328 -0.08769864 0.02559018 -0.05194969 -0.0920011 0.02516371 -0.05086533 -0.08205063 0.03239403 -0.04899203 -0.08636541 0.03216207 -0.04854938 -0.0774774 0.03867842 -0.04423268 -0.07439461 0.02116977 -0.05427923 -0.05503223 0.02340196 -0.05357631 -0.07476417 0.01557022 -0.05561855 -0.05499408 0.01769843 -0.05511933 -0.05496985 0.0118617 -0.0561766 -0.09323956 -0.01893579 -0.05312468 -0.08874676 -0.01946544 -0.0541612 -0.08769638 -0.0256023 -0.05194452 -0.08314954 -0.02605593 -0.05222784 -0.08636266 -0.03217464 -0.04854151 -0.09199843 -0.02517614 -0.05086 -0.09736931 -0.01844277 -0.05125719 -0.1021802 -0.01248304 -0.04995455 -0.1028773 -0.007806964 -0.05063204 -0.09838533 -0.01292527 -0.05262311 -0.09838685 0.01291559 -0.05262501 -0.09463288 0.008525923 -0.0552816 -0.09012251 -4.087039e-06 -0.05680896 -0.08496683 -0.009359159 -0.05650437 -0.08401408 -0.02002237 -0.05436343 -0.07439376 -0.0211806 -0.0542761 -0.09411469 -0.01340885 -0.0545124 -0.09899163 -0.008155298 -0.05335266 -0.1032433 -3.486092e-06 -0.05095939 -0.03787 -0.03042966 -0.05041413 -0.07497597 -0.01022645 -0.05643922 -0.0549699 -0.01187283 -0.05617502 -0.05499414 -0.01770936 -0.05511688 -0.03528752 -0.01314371 -0.05590524 -0.03589215 -0.01936463 -0.05458001 -0.05503232 -0.02341258 -0.05357288 -0.03675935 -0.02517229 -0.05275546 -0.23375 0.04113621 0.0165 -0.2222939 0.04588148 0.0165 -0.21 6.220206e-19 0.0165 -0.21 0.0475 0.0165 -0.1977061 0.04588148 0.0165 -0.2558815 0.01229391 0.0165 -0.2511362 0.02375 0.0165 -0.2435876 0.03358757 0.0165 -0.2511362 -0.02375 0.0165 -0.2558815 -0.01229391 0.0165 -0.2575 -4.569495e-17 0.0165 -0.2222939 -0.04588148 0.0165 -0.23375 -0.04113621 0.0165 -0.2435876 -0.03358757 0.0165 -0.18625 -0.04113621 0.0165 -0.1977061 -0.04588148 0.0165 -0.21 -0.0475 0.0165 -0.1641185 -0.01229391 0.0165 -0.1688638 -0.02375 0.0165 -0.1764124 -0.03358757 0.0165 -0.1688638 0.02375 0.0165 -0.1641185 0.01229391 0.0165 -0.1625 9.480562e-18 0.0165 -0.18625 0.04113621 0.0165 -0.1764124 0.03358757 0.0165 -0.1153973 -0.04366228 0.0486597 -0.1185955 -0.04490012 0.04865885 -0.1187339 -0.04449175 0.0486 -0.2041544 0.04740618 0.04872939 -0.2041554 0.04749419 0.04883442 -0.1972198 0.0475587 0.04883395 -0.1833474 0.04767237 0.04909053 -0.1063176 0.0365229 0.04911366 -0.120929 0.0457258 0.04885238 -0.1278635 0.04667472 0.04884588 -0.1278583 0.04672837 0.04897651 -0.1175333 0.0448122 0.04899306 -0.1209176 0.04577706 0.04898619 -0.1209149 0.04578932 0.04912365 -0.1175297 0.04482213 0.04913222 -0.1142797 0.04339552 0.0491388 -0.1142839 0.04338763 0.04899835 -0.1063293 0.03651381 0.04897821 -0.1086434 0.0391722 0.0489906 -0.1086354 0.03918013 0.04912916 -0.096165 0.01446116 0.04893919 -0.09622112 0.01444441 0.04882093 -0.09846771 0.02102165 0.04881715 -0.09455953 0.007716857 0.04894651 -0.09461649 0.007707451 0.04882581 -0.09402394 0.0008349807 0.04895 -0.09408128 0.0008346374 0.04882814 -0.09569744 -0.01282674 0.04894087 -0.09575377 -0.0128114 0.04882205 -0.09438374 -0.006098732 0.04882684 -0.1095209 -0.04003031 0.04913318 -0.1122449 -0.04217569 0.04913941 -0.1152859 -0.04389904 0.04913729 -0.1185169 -0.04515189 0.04912963 -0.1185202 -0.04514124 0.04899098 -0.13893 -0.04743966 0.04896838 -0.1389315 -0.04739931 0.04883728 -0.1252764 -0.04645751 0.04898071 -0.1252824 -0.04640455 0.0488487 -0.1095625 -0.03998482 0.04885752 -0.1071619 -0.03746552 0.04885029 -0.1071213 -0.03749959 0.04898308 -0.1032572 -0.03181321 0.0489548 -0.1032386 -0.03182366 0.04908409 -0.1002365 -0.02564575 0.04905359 -0.1032483 -0.03181821 0.04920591 -0.1252748 -0.04647158 0.0491168 -0.1389287 -0.04747334 0.04907779 -0.1389288 -0.04746978 0.0490945 -0.1185356 -0.04509183 0.04885559 -0.1153115 -0.04384465 0.04885974 -0.1152898 -0.04389063 0.04899714 -0.1122498 -0.0421684 0.04899884 -0.107111 -0.03750825 0.04911977 -0.1071272 -0.03749462 0.04924532 -0.112278 -0.04212647 0.04886089 -0.1095278 -0.04002271 0.04899383 -0.09782359 -0.01928141 0.04881807 -0.09776807 -0.01930142 0.04893489 -0.1003162 -0.02561171 0.04881543 -0.1002616 -0.02563504 0.04893093 -0.1033066 -0.03178537 0.04883134 -0.09432661 -0.006105762 0.04894805 -0.09567345 -0.01283328 0.04906633 -0.09774329 -0.01931034 0.04905867 -0.0940014 0.0008351158 0.04907799 -0.09430373 -0.006108576 0.04907551 -0.09838745 0.02105207 0.0490569 -0.09614078 0.01446839 0.04906418 -0.09453639 0.007720675 0.04907354 -0.1010422 0.02746383 0.04917871 -0.1043189 0.0336438 0.04909537 -0.1043349 0.03363376 0.04896369 -0.101038 0.02746575 0.04905994 -0.1010617 0.02745491 0.04893588 -0.1086802 0.0391357 0.04885534 -0.111338 0.04145848 0.04886027 -0.1113076 0.04149905 0.04899792 -0.1063718 0.03648101 0.04884701 -0.1043821 0.03360419 0.04883729 -0.1175505 0.04476373 0.048857 -0.1143076 0.04334292 0.04886056 -0.1113022 0.04150631 0.04913826 -0.1417308 0.04748883 0.04883623 -0.1417293 0.04754466 0.04896211 -0.204156 0.04755037 0.04895941 -0.1972203 0.04763523 0.04908905 -0.1833474 0.04759629 0.04883473 -0.1556076 0.04766242 0.0490919 -0.1556076 0.04764276 0.04896095 -0.1417288 0.047564 0.04909337 -0.1278568 0.04674366 0.04911152 -0.2111421 0.0470805 0.04905336 -0.2111404 0.04706667 0.04916998 -0.204156 0.04755774 0.04921244 -0.2041562 0.04757044 0.04908994 -0.1556077 0.04758677 0.04883546 -0.1045493 0.03349934 0.04865504 -0.1048522 0.03331562 0.0486 -0.1057916 0.03496313 0.0486 -0.1065296 0.03635922 0.04865707 -0.1068229 0.0361196 0.0486 -0.1088227 0.03899429 0.04865879 -0.1144022 0.04316477 0.04865987 -0.1161451 0.04374049 0.0486 -0.1176179 0.04457427 0.04865913 -0.1177399 0.04420455 0.0486 -0.1209723 0.04553027 0.04865818 -0.1091284 0.03870497 0.0486 -0.1104456 0.04018206 0.0486 -0.1114589 0.04129706 0.04865981 -0.1116926 0.0409606 0.0486 -0.1146183 0.04278726 0.0486 -0.1210611 0.04517093 0.0486 -0.1225275 0.04559763 0.0486 -0.1278827 0.04647657 0.04865684 -0.1833475 0.04739947 0.0486545 -0.1833475 0.04714942 0.0486 -0.1961422 0.04714269 0.0486 -0.1279173 0.04612126 0.0486 -0.1344405 0.04675502 0.0486 -0.1417359 0.04729176 0.04865482 -0.1417451 0.04688909 0.0486 -0.1556078 0.04738979 0.04865466 -0.1556084 0.04714353 0.0486 -0.1566932 0.04716344 0.0486 -0.1972184 0.04736205 0.04865434 -0.1972162 0.04711502 0.0486 -0.2041533 0.04729744 0.04865444 -0.2041474 0.04693647 0.0486 -0.2091222 0.04680832 0.0486 -0.1556077 0.04749872 0.04872994 -0.1417331 0.04740079 0.04873036 -0.127872 0.04658683 0.04873554 -0.1209481 0.0456395 0.04873903 -0.1175802 0.04468041 0.0487415 -0.1143491 0.0432648 0.04874341 -0.1113911 0.04138767 0.04874325 -0.1087429 0.03907343 0.04874062 -0.1064417 0.03642704 0.04873615 -0.1044567 0.03355739 0.04873093 -0.1011153 0.02743045 0.04881872 -0.1207543 -0.04524091 0.0486 -0.1253049 -0.04620621 0.04865742 -0.1253441 -0.04588275 0.0486 -0.1280195 -0.04625687 0.0486 -0.1389391 -0.04720106 0.04865903 -0.1389478 -0.0469742 0.0486 -0.1073149 -0.03733695 0.04865775 -0.1096982 -0.03983632 0.04865924 -0.108778 -0.03861253 0.0486 -0.1076204 -0.03709044 0.0486 -0.1045021 -0.03299023 0.0486 -0.1034775 -0.03168917 0.04865379 -0.1037897 -0.03152239 0.0486 -0.1004932 -0.02553622 0.0486504 -0.115549 -0.04331081 0.0486 -0.1143421 -0.04286327 0.0486 -0.1123906 -0.04195907 0.04865993 -0.1126623 -0.04157997 0.0486 -0.109966 -0.0395201 0.0486 -0.09457736 -0.006074909 0.04865283 -0.09506176 -0.00600709 0.0486 -0.094533 -0.002581882 0.0486 -0.09427665 0.0008334673 0.04865311 -0.0960144 -0.01217823 0.0486 -0.09594092 -0.01276042 0.04865181 -0.09618901 -0.01269051 0.0486 -0.09467078 0.0008252549 0.0486 -0.09491731 0.006921684 0.0486 -0.09480874 0.007675712 0.04865261 -0.09509338 0.007623193 0.0486 -0.09640673 0.01438901 0.04865158 -0.09836951 -0.01908779 0.0486 -0.09800517 -0.01921599 0.04865096 -0.09982087 -0.02334587 0.0486 -0.1008141 -0.02539223 0.0486 -0.1389385 -0.04721758 0.04866333 -0.1252924 -0.04631676 0.04873706 -0.118562 -0.04500742 0.04874075 -0.1153491 -0.04376462 0.04874297 -0.1123274 -0.04205308 0.04874359 -0.1096222 -0.03991954 0.04874178 -0.1072295 -0.03740868 0.04873791 -0.1033832 -0.03174224 0.04872773 -0.1003964 -0.0255775 0.04871914 -0.09790574 -0.01925182 0.04872056 -0.0967663 0.0142887 0.0486 -0.09738483 0.01675311 0.0486 -0.09864798 0.02095332 0.04865077 -0.09899732 0.02081836 0.0486 -0.1012911 0.02735025 0.04865111 -0.1015437 0.02723807 0.0486 -0.1019029 0.02814351 0.0486 -0.1011948 0.02739418 0.04872092 -0.1043309 0.03363625 0.04921847 -0.2111423 0.04708221 0.04903892 -0.2111375 0.04704339 0.04893619 -0.2111317 0.0469978 0.04881552 -0.2111196 0.04690184 0.04872997 -0.2111093 0.04682015 0.04865714 -0.2111076 0.04680614 0.04865367 -0.2110803 0.04658984 0.0486 -0.217796 0.04563789 0.04864994 -0.2388059 -0.03647992 0.04864993 -0.2440527 -0.03212642 0.04864934 -0.2438811 -0.0319422 0.0486 -0.1662072 -0.04766843 0.04909123 -0.2178573 0.04591069 0.0490495 -0.2307518 0.04152821 0.04905211 -0.2244058 0.0440818 0.04905109 -0.2421718 0.03420224 0.0490465 -0.2366983 0.03824572 0.04905073 -0.2470502 0.02940296 0.04903984 -0.2511341 0.02399551 0.04903188 -0.2566848 0.01155296 0.04901743 -0.2543919 0.01797771 0.04902388 -0.2579631 0.004846328 0.04901333 -0.2581864 -0.001999125 0.04901256 -0.2573474 -0.008765992 0.04901537 -0.2554605 -0.01536187 0.04902097 -0.2526028 -0.0215492 0.04902843 -0.2488124 -0.02727127 0.04903669 -0.2178381 0.04582503 0.04881332 -0.2243779 0.043999 0.04881414 -0.2307145 0.04144946 0.04881467 -0.2366512 0.03817201 0.04881396 -0.2421143 0.03413481 0.04881177 -0.2469824 0.02934339 0.04880835 -0.2510566 0.02394558 0.04880426 -0.254306 0.01793938 0.04880018 -0.2565927 0.01152786 0.04879689 -0.2578673 0.004835669 0.04879482 -0.25809 -0.001994709 0.04879443 -0.2572534 -0.00874684 0.04879585 -0.2553718 -0.01532885 0.0487987 -0.2525216 -0.02150387 0.0488025 -0.2487406 -0.02721541 0.04880673 -0.2442465 -0.03232889 0.04904404 -0.2441848 -0.03226446 0.0488105 -0.2389178 -0.03663573 0.04881324 -0.2388955 -0.03659615 0.04903523 -0.2330914 -0.04015191 0.04900882 -0.2331378 -0.04022952 0.04881456 -0.2269054 -0.0429894 0.04900906 -0.2269333 -0.04307317 0.04881446 -0.2204483 -0.04512862 0.04902825 -0.1662072 -0.04759257 0.0488351 -0.1525758 -0.04758366 0.04883554 -0.1525757 -0.04765926 0.04909206 -0.1934721 -0.04763727 0.04895884 -0.1934718 -0.04758101 0.04883405 -0.207127 -0.04744437 0.04894244 -0.2071233 -0.04738628 0.04882309 -0.2138715 -0.04665828 0.04892857 -0.2138618 -0.04659941 0.04881386 -0.2204665 -0.04517875 0.04881355 -0.2138761 -0.04668576 0.04905054 -0.2071285 -0.04746879 0.04906834 -0.1934722 -0.04765749 0.04908923 -0.2385483 -0.03613689 0.0486 -0.2362716 -0.03792769 0.0486 -0.2330472 -0.04006011 0.04865021 -0.2328332 -0.03964543 0.0486 -0.2268638 -0.04289408 0.04865019 -0.2204169 -0.04499339 0.04865 -0.2161262 -0.04576984 0.0486 -0.2138305 -0.04641002 0.04865006 -0.2137768 -0.0460305 0.0486 -0.2071112 -0.04719244 0.04865204 -0.2267754 -0.0426718 0.0486 -0.2265787 -0.0427701 0.0486 -0.2203001 -0.044572 0.0486 -0.2070754 -0.04677396 0.0486 -0.2044314 -0.04706729 0.0486 -0.1934709 -0.04738433 0.04865436 -0.1934697 -0.04713679 0.0486 -0.1878512 -0.0471724 0.0486 -0.1662072 -0.04739567 0.04865458 -0.1662073 -0.04716293 0.0486 -0.152576 -0.04738666 0.04865467 -0.1500289 -0.04715584 0.0486 -0.1525763 -0.04715696 0.0486 -0.2176881 0.04514968 0.0486 -0.2232474 0.04393803 0.0486 -0.2243165 0.04381705 0.04865012 -0.2242138 0.04353195 0.0486 -0.2306324 0.04127574 0.04865023 -0.230466 0.04090473 0.0486 -0.2329803 0.03984823 0.0486 -0.2365479 0.03801024 0.04865008 -0.2362843 0.03761072 0.0486 -0.2419903 0.03398904 0.04864961 -0.2417435 0.03391367 0.0486 -0.2468393 0.02921764 0.04864887 -0.2557041 0.01313824 0.0486 -0.2564119 0.01147862 0.04864638 -0.254134 0.01786265 0.0486471 -0.2577135 -0.001510529 0.0486 -0.2579036 -0.00198617 0.04864584 -0.2576032 0.003435235 0.0486 -0.2576817 0.004815017 0.04864593 -0.2561466 0.01140737 0.0486 -0.256928 0.008350456 0.0486 -0.2574179 0.0047842 0.0486 -0.2549636 -0.01517846 0.0486 -0.2551957 -0.01526333 0.04864677 -0.2562619 -0.01122734 0.0486 -0.2570701 -0.008709501 0.04864615 -0.2547264 -0.01590012 0.0486 -0.2526885 -0.02035335 0.0486 -0.2523566 -0.02141177 0.0486476 -0.2576709 -0.001974427 0.0486 -0.2572659 -0.006390965 0.0486 -0.2567962 -0.00865344 0.0486 -0.2464821 0.02889111 0.0486 -0.2489403 0.02628556 0.0486 -0.2508974 0.02384296 0.04864799 -0.250514 0.02360747 0.0486 -0.2539406 0.01777631 0.0486 -0.2521364 -0.02128766 0.0486 -0.25047 -0.02410728 0.0486 -0.2485905 -0.02709873 0.04864852 -0.2482307 -0.02680926 0.0486 -0.2441556 -0.03172622 0.0486 -6.556511e-09 -0.0375 -0.0155 0.01056498 -0.03598099 -0.0155 -6.556511e-09 -2.159774e-17 -0.0155 -0.02834061 -0.02455728 -0.0155 -0.02027403 -0.03154701 -0.0155 -0.01056497 -0.03598099 -0.0155 -0.03711831 0.005336807 -0.0155 -0.03711831 -0.005336807 -0.0155 -0.03411119 -0.01557806 -0.0155 -0.02027403 0.03154701 -0.0155 -0.02834061 0.02455728 -0.0155 -0.03411119 0.01557806 -0.0155 0.01056498 0.03598099 -0.0155 -6.556511e-09 0.0375 -0.0155 -0.01056497 0.03598099 -0.0155 0.0341112 0.01557806 -0.0155 0.02834062 0.02455728 -0.0155 0.02027404 0.03154701 -0.0155 0.0341112 -0.01557806 -0.0155 0.03711831 -0.005336807 -0.0155 0.03711831 0.005336807 -0.0155 0.02027404 -0.03154701 -0.0155 0.02834062 -0.02455728 -0.0155 -0.1027535 0.02156794 -0.04345955 -0.1053126 0.01617355 -0.04345782 -0.1050696 0.01606956 -0.0434 -0.002214945 0.03816302 -0.0434619 -0.008181504 0.03819159 -0.04346359 -0.008181549 0.03790183 -0.0434 -0.01071805 0.03793828 -0.0434 -0.002205617 0.03838611 -0.04408561 -0.002204261 0.03841854 -0.04395715 0.003806763 0.03771551 -0.04392138 -0.07960834 0.03856242 -0.04413653 -0.06772015 0.03922493 -0.04398418 -0.07961287 0.03861033 -0.04400599 -0.07961374 0.03861948 -0.04385344 -0.08848995 0.03672782 -0.04400965 -0.09120478 0.03535344 -0.04400565 -0.09120946 0.03536124 -0.04385316 -0.1045216 -0.01861241 -0.04392688 -0.1045068 -0.0186055 -0.04375053 -0.1067659 -0.0131007 -0.04391465 -0.1067521 -0.01309593 -0.04377899 -0.1083057 -0.007370204 -0.04391156 -0.1055461 0.01627055 -0.04378359 -0.1029759 0.0216874 -0.04379605 -0.1029844 0.02169195 -0.04393594 -0.1055584 0.01627566 -0.0439204 -0.1075435 0.01056237 -0.04377704 -0.1075581 0.01056647 -0.04391219 -0.1086771 0.004626096 -0.04377692 -0.1086923 0.004627568 -0.04391204 -0.1088457 -0.001371726 -0.04377685 -0.108861 -0.001371953 -0.04391196 -0.1082906 -0.007367409 -0.04377654 -0.1045243 -0.01861368 -0.04395927 -0.09600013 0.03155371 -0.04383544 -0.09599801 0.03155162 -0.04398429 -0.09984806 0.02683718 -0.04381171 -0.099852 0.0268399 -0.0439553 -0.08558499 0.03772377 -0.04385725 -0.08558231 0.03771357 -0.04401055 -0.08849393 0.03673729 -0.0438565 -0.09596881 0.0315228 -0.04411416 -0.09982576 0.0268218 -0.04408365 -0.08556969 0.03766557 -0.04414117 -0.09118012 0.03531226 -0.04413618 -0.06771962 0.03918394 -0.04411404 0.01532976 0.0341141 -0.04377919 0.02067608 0.03122426 -0.04378071 0.02068367 0.03123621 -0.0439168 0.02552194 0.02764173 -0.04391803 0.01533581 0.03412738 -0.04391489 0.009685718 0.03625717 -0.04377877 0.00969007 0.03627122 -0.04391437 0.003804409 0.03770263 -0.04378437 0.03324909 0.01835664 -0.04364879 0.03328093 0.01837564 -0.04378525 0.02978105 0.02331118 -0.04378168 0.0333072 0.01839133 -0.0438979 0.03330316 0.01838892 -0.04391581 -0.00220444 0.03841422 -0.04381321 -0.008182115 0.038442 -0.0438256 -0.00818213 0.03844231 -0.04397232 -0.0320059 0.03832943 -0.04382717 -0.0320059 0.03832923 -0.04397424 -0.0557938 0.03902888 -0.04382805 -0.0677202 0.03922786 -0.04383534 -0.05579383 0.03902838 -0.04397531 0.003802859 0.0376942 -0.04404708 0.02979166 0.02332012 -0.04391801 0.02551287 0.02763125 -0.0437817 -0.002226553 0.03781624 -0.0434 -0.0003050333 0.03778862 -0.0434 0.003758782 0.03745395 -0.04345793 0.003665202 0.0369736 -0.0434 0.009610825 0.03601556 -0.04345715 0.01522497 0.03388388 -0.04345721 0.01926484 0.03151965 -0.0434 0.02054048 0.03101077 -0.04345742 0.02034118 0.03071467 -0.0434 0.02534733 0.02744006 -0.04345756 0.009536856 0.03576823 -0.0434 0.009790176 0.03571623 -0.0434 0.01500995 0.03340426 -0.0434 0.02967282 0.02321997 -0.04353741 0.0297404 0.02327692 -0.04364935 0.02542023 0.02752426 -0.04353741 0.02547806 0.02759106 -0.04364936 0.02060013 0.03110469 -0.04353706 0.0206475 0.03117927 -0.04364869 0.01527099 0.03398499 -0.04353651 0.01530758 0.03406539 -0.04364767 0.009643697 0.03612161 -0.04353636 0.009669849 0.03620598 -0.04364739 0.003778943 0.03756379 -0.04353837 0.003794887 0.03765073 -0.04365115 -0.002210147 0.03827778 -0.04354876 -0.002206451 0.03836612 -0.04367058 -0.008181787 0.03830776 -0.04355322 -0.008182011 0.03839606 -0.04367897 -0.03200617 0.03828378 -0.04368003 0.03287786 0.0181351 -0.0434 0.03307665 0.01825374 -0.04346186 0.03194391 0.01961819 -0.0434 0.02958768 0.0231482 -0.04345756 0.02510885 0.02714897 -0.0434 0.02636115 0.02621239 -0.0434 0.02921901 0.02283676 -0.0434 0.03309202 0.01826291 -0.04346664 -0.03200669 0.03819551 -0.04355378 -0.05579587 0.03898343 -0.04368063 -0.1065129 -0.01301366 -0.04345718 -0.1042839 -0.01850156 -0.0434632 -0.1042602 -0.01849048 -0.04344395 -0.1084253 0.004601663 -0.04345689 -0.1080017 0.004567332 -0.0434 -0.1078437 0.007117267 -0.0434 -0.1072998 0.01049421 -0.04345691 -0.1068606 0.0103664 -0.0434 -0.1052236 0.01577705 -0.0434 -0.1083627 -0.001261146 -0.0434 -0.1085928 -0.00136797 -0.04345688 -0.1075984 -0.007251645 -0.0434 -0.1080419 -0.00732134 -0.04345684 -0.1072972 -0.009613045 -0.0434 -0.1061036 -0.0128686 -0.0434 -0.1040744 -0.01840386 -0.0434 -0.09791011 0.02863637 -0.0434 -0.09582262 0.03137847 -0.04346492 -0.09964101 0.02669436 -0.0434617 -0.08552225 0.03748518 -0.04346784 -0.08839832 0.03650976 -0.04346774 -0.08729949 0.03666905 -0.0434 -0.09549231 0.03105014 -0.0434 -0.09297146 0.03356678 -0.0434 -0.0910824 0.03514911 -0.0434673 -0.09084262 0.03473115 -0.0434 -0.08823497 0.0361574 -0.0434 -0.08541921 0.03704811 -0.0434 -0.08057719 0.03802422 -0.0434 -0.07959046 0.03837335 -0.04346733 -0.07956449 0.03806531 -0.0434 -0.06771696 0.03897845 -0.04346491 -0.1023021 0.02132811 -0.0434 -0.09992393 0.02584703 -0.0434 -0.09942183 0.02654248 -0.0434 -0.1044133 -0.01856188 -0.04356806 -0.1066179 -0.01304979 -0.04353644 -0.1081508 -0.007341513 -0.04353555 -0.1087036 -0.001369615 -0.04353567 -0.1085356 0.004612367 -0.04353569 -0.1074066 0.01052407 -0.04353573 -0.1054157 0.01621636 -0.04353809 -0.1028531 0.02162141 -0.04354258 -0.09973543 0.02675949 -0.04354822 -0.09590602 0.0314608 -0.04355676 -0.09114353 0.03525116 -0.04356314 -0.08844453 0.03661973 -0.04356434 -0.0855526 0.03760061 -0.04356461 -0.07960167 0.03849181 -0.04356324 -0.06771848 0.03909561 -0.04355672 -0.05579988 0.03889526 -0.04355409 -0.05580515 0.03877896 -0.04346392 -0.03200736 0.03807918 -0.0434638 -0.06770623 0.03854642 -0.0434 -0.0630672 0.03873464 -0.0434 -0.05581548 0.03856838 -0.0434 -0.0320045 0.0380225 -0.0434 -0.02382373 0.03783494 -0.0434 -0.10446 -0.01858369 -0.04365929 -0.1067014 -0.01307852 -0.04364754 -0.1082376 -0.007357593 -0.04364589 -0.1087919 -0.001370927 -0.04364611 -0.1086235 0.004620896 -0.04364615 -0.1074916 0.01054787 -0.04364623 -0.1054973 0.01625026 -0.04365063 -0.102931 0.02166327 -0.04365901 -0.09980822 0.0268097 -0.04366957 -0.09596874 0.03152273 -0.04368565 -0.09118862 0.03532645 -0.0436977 -0.08847849 0.03670055 -0.04369998 -0.08557489 0.03768538 -0.0437005 -0.07960992 0.03857917 -0.0436979 -0.06771962 0.03918375 -0.04368558 0.03316305 0.01830529 -0.04354901 0.03571921 0.01285587 -0.04345727 -0.1014944 -0.02379679 -0.04346043 -0.07721851 -0.03857463 -0.0434668 -0.06535061 -0.03899315 -0.04346456 -0.06534959 -0.03872361 -0.0434 -0.06479055 -0.0387467 -0.0434 -0.04164859 -0.03846852 -0.04397525 0.03109939 -0.02167787 -0.04391776 -0.00612039 -0.03839906 -0.04367893 -0.01797115 -0.03833183 -0.04367994 -0.01797161 -0.0383775 -0.04382703 0.02234624 -0.03004138 -0.04364898 0.01714011 -0.03318112 -0.04364802 0.01716443 -0.03322872 -0.04377971 0.03104573 -0.02163754 -0.04364921 0.02700948 -0.02619299 -0.04364942 0.02704633 -0.02623128 -0.0437818 0.03662463 -0.01090546 -0.04364766 0.03427344 -0.01652246 -0.04364851 0.03432074 -0.01654712 -0.04378043 0.03595487 0.01294772 -0.04377961 0.03590506 0.0129283 -0.04364795 0.03596836 0.01295297 -0.04391541 0.03798638 -0.005012931 -0.043647 0.0380395 -0.00502053 -0.04377819 0.03832736 0.001067359 -0.04364681 0.03838105 0.001068985 -0.04377791 0.03762996 0.007071809 -0.04364719 0.0376825 0.007082509 -0.04377847 0.03667558 -0.01092189 -0.04377916 0.03108826 -0.0216695 -0.04378148 0.03433336 -0.01655371 -0.04391645 0.03805424 -0.005022637 -0.04391363 0.03839599 0.001069438 -0.04391328 0.03769701 0.007085462 -0.04391398 0.03668947 -0.01092637 -0.04391486 0.0115903 -0.03556723 -0.04364727 0.01160827 -0.03561774 -0.04377858 0.02238504 -0.03009633 -0.04391733 0.02237695 -0.03008487 -0.04378114 0.01161321 -0.03563165 -0.04391413 0.017171 -0.03324158 -0.04391554 -0.006120405 -0.03844501 -0.04382555 -0.0001644409 -0.03821565 -0.04366047 -0.0001595384 -0.03826606 -0.04379822 0.005763032 -0.0372482 -0.04364907 0.005774685 -0.03730013 -0.04378127 -0.006120405 -0.03844533 -0.04397226 -0.0001586741 -0.03827498 -0.04393863 0.005777755 -0.03731378 -0.0439175 0.02705594 -0.02624125 -0.04391816 -0.00612039 -0.03840815 -0.04410158 -0.0001612669 -0.03824832 -0.04406579 -0.1016681 -0.02390027 -0.04366335 -0.101711 -0.02392584 -0.04380249 -0.09829716 -0.02886777 -0.04367615 -0.09833381 -0.0288967 -0.04382144 -0.09410016 -0.03324854 -0.04369164 -0.0941273 -0.03328108 -0.04384425 -0.09165299 -0.03504002 -0.04369702 -0.0916748 -0.03507446 -0.04385215 -0.08895177 -0.03649482 -0.04369976 -0.08896812 -0.03653124 -0.04385617 -0.08611251 -0.03753765 -0.04370044 -0.08612367 -0.03757576 -0.04385717 -0.08317871 -0.03817938 -0.04370079 -0.08318464 -0.03821854 -0.04385767 -0.07723417 -0.03878048 -0.04369519 -0.0772373 -0.03882167 -0.04384947 -0.06535064 -0.03919826 -0.04368383 -0.06535066 -0.03924286 -0.04383276 -0.08317559 -0.03815873 -0.04414169 -0.08612104 -0.03756556 -0.04401045 -0.08318304 -0.03820797 -0.04401105 -0.07723319 -0.03876749 -0.04413165 -0.07723672 -0.0388139 -0.04400123 -0.06535066 -0.03920081 -0.04411077 -0.06535066 -0.03924079 -0.04398104 -0.09164465 -0.03502686 -0.04413495 -0.09409497 -0.03324232 -0.0441252 -0.1016932 -0.02391523 -0.04407147 -0.09830717 -0.02887568 -0.0440963 -0.08896396 -0.03652197 -0.04400926 -0.1017176 -0.02392976 -0.04394392 -0.09833512 -0.02889773 -0.04396724 -0.09412347 -0.03327648 -0.04399495 -0.09167012 -0.03506708 -0.04400445 -0.09396818 -0.03309031 -0.04346611 -0.09154242 -0.03486545 -0.04346716 -0.09192546 -0.03431621 -0.0434 -0.09365581 -0.03273213 -0.0434 -0.09726128 -0.02943141 -0.0434 -0.09813694 -0.02874136 -0.04346303 -0.097859 -0.02853284 -0.0434 -0.0771958 -0.03823441 -0.0434 -0.0793254 -0.03814646 -0.0434 -0.08314776 -0.03797468 -0.0434679 -0.08308298 -0.03755384 -0.0434 -0.08605521 -0.03733872 -0.04346783 -0.08599315 -0.03709486 -0.0434 -0.08886703 -0.03630604 -0.04346769 -0.08865663 -0.03584731 -0.0434 -0.09137177 -0.03457556 -0.0434 -0.1024556 -0.02162277 -0.0434 -0.1011517 -0.02358297 -0.0434 -0.1015921 -0.02385499 -0.04354489 -0.0982278 -0.02881305 -0.04355172 -0.09404381 -0.03318099 -0.04355993 -0.09160602 -0.03496586 -0.04356277 -0.08891587 -0.03641484 -0.04356422 -0.08608818 -0.03745344 -0.04356458 -0.08316561 -0.03809274 -0.04356476 -0.07722751 -0.03869288 -0.04356181 -0.06535063 -0.03911006 -0.04355579 -0.04165178 -0.03833529 -0.04355408 -0.04164966 -0.03842352 -0.0436806 -0.04164857 -0.03846901 -0.043828 -0.01797161 -0.03837734 -0.04397407 0.03643484 -0.01084425 -0.04345721 0.0377891 -0.004984712 -0.04345707 0.03708803 -0.007548324 -0.0434 0.03596995 -0.01068606 -0.0434 0.034124 -0.01586649 -0.0434 0.03409647 -0.01643018 -0.04345738 0.03384131 -0.01628997 -0.0434 0.03088609 -0.02151754 -0.04345753 0.03527536 0.01267172 -0.0434 0.03646513 0.009960513 -0.0434 0.03743463 0.007032041 -0.04345711 0.03695735 0.006944955 -0.0434 0.03812819 0.001061327 -0.04345703 0.03789077 0.001226465 -0.0434 0.03732749 -0.004930645 -0.0434 0.01704934 -0.03300349 -0.04345728 0.02223105 -0.02987829 -0.04345748 0.02207584 -0.0296512 -0.0434 -0.0001839912 -0.03801491 -0.04345985 0.005719298 -0.03705336 -0.0434575 0.005163499 -0.03693684 -0.0434 0.01684051 -0.03261442 -0.0434 0.01439365 -0.03399935 -0.0434 0.01152349 -0.03537941 -0.04345713 0.0113812 -0.03495806 -0.0434 0.005653867 -0.03678078 -0.0434 0.03052358 -0.02125989 -0.0434 0.02919404 -0.02325153 -0.0434 0.02687094 -0.02604909 -0.04345757 0.02653358 -0.02568942 -0.0434 0.02242706 -0.02945241 -0.0434 0.03582274 0.01289622 -0.04353666 0.03754341 0.007054187 -0.04353625 0.03823909 0.001064685 -0.04353605 0.03789895 -0.005000425 -0.04353615 0.03654056 -0.01087834 -0.0435365 0.0341951 -0.01648161 -0.04353695 0.0309751 -0.02158445 -0.04353733 0.02694819 -0.02612934 -0.04353745 0.02229526 -0.02996921 -0.04353721 0.01709991 -0.03310246 -0.04353669 0.01156069 -0.03548401 -0.04353629 0.005743676 -0.03716198 -0.04353726 -0.000173009 -0.03812762 -0.04354336 -0.00612036 -0.03831076 -0.0435532 -0.006120301 -0.0381946 -0.04346359 -0.01797027 -0.03824356 -0.04355373 -0.01796911 -0.03812724 -0.04346379 -0.04165458 -0.0382189 -0.04346392 -0.0002372181 -0.03747533 -0.0434 -0.00500179 -0.0379504 -0.0434 -0.006120197 -0.03795389 -0.0434 -0.01796634 -0.03799084 -0.0434 -0.04166017 -0.03806476 -0.0434 -0.04528318 -0.03807606 -0.0434 -0.21 0.0475 0.0135 -0.1977061 0.04588148 0.0135 -0.18625 0.04113621 0.0135 -0.1764124 0.03358757 0.0135 -0.1688638 0.02375 0.0135 -0.1641185 0.01229391 0.0135 -0.1625 9.302842e-18 0.0135 -0.1641185 -0.01229391 0.0135 -0.1688638 -0.02375 0.0135 -0.1764124 -0.03358757 0.0135 -0.18625 -0.04113621 0.0135 -0.1977061 -0.04588148 0.0135 -0.21 -0.0475 0.0135 -0.2222939 -0.04588148 0.0135 -0.23375 -0.04113621 0.0135 -0.2435876 -0.03358757 0.0135 -0.2511362 -0.02375 0.0135 -0.2558815 -0.01229391 0.0135 -0.2575 -4.587267e-17 0.0135 -0.2558815 0.01229391 0.0135 -0.2511362 0.02375 0.0135 -0.2435876 0.03358757 0.0135 -0.23375 0.04113621 0.0135 -0.2222939 0.04588148 0.0135 -0.1144668 -0.04362873 0.0486 -0.1116899 -0.04166308 0.0486 -0.2363663 -0.03828203 0.0486 -0.2577767 0.00420524 0.0486 -0.2579728 -0.0007058571 0.0486 -0.2482689 0.02766098 0.0486 -0.2507542 0.02408395 0.0486 -0.2463269 0.02962665 0.0486 -0.1110131 0.04111085 0.0486 -0.1130929 0.04286607 0.0486 -0.1137454 0.04313999 0.0486 -0.116904 0.044466 0.0486 -0.241254 0.03476141 0.0486 -0.2353575 0.0386523 0.0486 -0.1083864 0.03889407 0.0486 -0.1077629 0.03836782 0.0486 -0.1063041 0.03620314 0.0486 -0.109322 -0.03998693 0.0486 -0.1090082 -0.03960063 0.0486 -0.1068514 -0.03694525 0.0486 -0.2570266 0.009104487 0.0486 -0.2564905 0.01108766 0.0486 -0.2515879 0.02288415 0.0486 -0.25397 0.01771293 0.0486 -0.09745108 0.01783381 0.0486 -0.09809152 0.01994034 0.0486 -0.0999366 0.02417949 0.0486 -0.2578027 -0.003054873 0.0486 -0.2576159 -0.00563377 0.0486 -0.2567727 -0.01013702 0.0486 -0.2566933 -0.01056072 0.0486 -0.255233 -0.01531381 0.0486 -0.2557353 0.01388097 0.0486 -0.2291253 0.04210871 0.0486 -0.2327674 0.04036139 0.0486 -0.103101 0.03144994 0.0486 -0.1026555 0.03042641 0.0486 -0.0954655 0.0113028 0.0486 -0.09501526 0.009821916 0.0486 -0.09447437 0.004626635 0.0486 -0.09405498 0.0005983442 0.0486 -0.09428311 -0.002177768 0.0486 -0.222801 0.04417973 0.0486 -0.2419864 -0.03389157 0.0486 -0.2440872 -0.03225038 0.0486 -0.2469406 -0.02882305 0.0486 -0.2506659 -0.02434847 0.0486 -0.2513026 -0.02324844 0.0486 -0.2532108 -0.01995173 0.0486 -0.2545522 -0.01687532 0.0486 -0.1049155 -0.03456181 0.0486 -0.1047625 -0.03427053 0.0486 -0.101581 -0.02821527 0.0486 -0.1010778 -0.02725749 0.0486 -0.09890093 -0.02193793 0.0486 -0.09817503 -0.02016407 0.0486 -0.09676796 -0.01545127 0.0486 -0.1192299 0.04544245 0.0486 -0.1234459 0.04614887 0.0486 -0.1260213 0.0465804 0.0486 -0.09484444 -0.00900871 0.0486 -0.1962942 -0.04755539 0.0486 -0.1931471 -0.04759605 0.0486 -0.1688618 -0.04760203 0.0486 -0.1536738 -0.04760576 0.0486 -0.1177049 -0.04472018 0.0486 -0.120936 -0.04580925 0.0486 -0.1212768 -0.04592414 0.0486 -0.1277389 -0.04663048 0.0486 -0.1316242 -0.04705517 0.0486 -0.141433 -0.0473001 0.0486 -0.2300215 -0.04151051 0.0486 -0.2275564 -0.0427648 0.0486 -0.2233987 -0.04402167 0.0486 -0.217205 -0.04589397 0.0486 -0.2167397 -0.04595639 0.0486 -0.2099444 -0.04686802 0.0486 -0.2057293 -0.0474335 0.0486 -0.203148 -0.04746685 0.0486 -0.2032507 0.04741229 0.0486 -0.2069446 0.04735505 0.0486 -0.2098858 0.04691263 0.0486 -0.2164493 0.04592536 0.0486 -0.2183378 0.04564128 0.0486 -0.1334635 0.04717331 0.0486 -0.1367089 0.04723718 0.0486 -0.1500124 0.04749898 0.0486 -0.1555294 0.04760755 0.0486 -0.1766301 0.0476062 0.0486 -0.1907967 0.04760529 0.0486 -6.556511e-09 -0.0375 -0.0125 0.01056498 -0.03598099 -0.0125 0.02027404 -0.03154701 -0.0125 0.02834062 -0.02455728 -0.0125 0.0341112 -0.01557806 -0.0125 0.03711831 -0.005336807 -0.0125 0.03711831 0.005336807 -0.0125 0.0341112 0.01557806 -0.0125 0.02834062 0.02455728 -0.0125 0.02027404 0.03154701 -0.0125 0.01056498 0.03598099 -0.0125 -6.556511e-09 0.0375 -0.0125 -0.01056497 0.03598099 -0.0125 -0.02027403 0.03154701 -0.0125 -0.02834061 0.02455728 -0.0125 -0.03411119 0.01557806 -0.0125 -0.03711831 0.005336807 -0.0125 -0.03711831 -0.005336807 -0.0125 -0.03411119 -0.01557806 -0.0125 -0.02834061 -0.02455728 -0.0125 -0.02027403 -0.03154701 -0.0125 -0.01056497 -0.03598099 -0.0125 -0.08767513 0.03747891 -0.0434 0.03723801 -0.009177774 -0.0434 0.03714169 -0.009413935 -0.0434 0.03801466 -0.003490966 -0.0434 0.03843815 -0.0003901816 -0.0434 -0.09354505 -0.0338382 -0.0434 -0.09137382 -0.03570236 -0.0434 0.0381108 0.002456899 -0.0434 0.03742016 0.008463965 -0.0434 0.03529734 0.01404482 -0.0434 0.03425125 0.01679501 -0.0434 0.03250171 0.0193016 -0.0434 0.02906624 0.02422362 -0.0434 -0.0899997 0.03614749 -0.0434 -0.0926021 0.03465696 -0.0434 -0.09387166 0.03392981 -0.0434 -0.08845562 -0.03685381 -0.0434 -0.08471189 -0.03833099 -0.0434 -0.08275197 -0.03853258 -0.0434 0.03193126 -0.02015873 -0.0434 0.03377897 -0.01765936 -0.0434 0.03485688 -0.0150163 -0.0434 0.02455359 0.02821016 -0.0434 0.0222626 0.03023407 -0.0434 0.01968003 0.03164755 -0.0434 0.01439665 0.03453925 -0.0434 0.0141098 0.03469625 -0.0434 0.008683347 0.03636117 -0.0434 -0.09699681 0.03062226 -0.0434 -0.0985564 0.02897165 -0.0434 -0.1006818 0.02589962 -0.0434 -0.1088899 -0.0007862915 -0.0434 -0.1085596 0.003643421 -0.0434 -0.1082521 0.007767564 -0.0434 -0.1077032 0.009558637 -0.0434 -0.1059598 0.01524756 -0.0434 -0.105732 0.01599062 -0.0434 -0.0970521 -0.03082714 -0.0434 -0.09785588 -0.02969108 -0.0434 0.004769781 0.0375619 -0.0434 -0.08735613 0.03754548 -0.0434 -0.08147982 0.03877171 -0.0434 -0.08114713 0.03884114 -0.0434 -0.1033938 0.02057851 -0.0434 -0.1013007 -0.02482221 -0.0434 -0.1016151 -0.0243779 -0.0434 -0.1040928 -0.01953645 -0.0434 -0.1049223 -0.01791558 -0.0434 -0.1063049 -0.01397521 -0.0434 -0.1078405 -0.009598846 -0.0434 -0.1079983 -0.008274009 -0.0434 -0.1087093 -0.002303202 -0.0434 0.002842584 0.03781963 -0.0434 -0.002947948 0.03859401 -0.0434 -0.009180582 0.03859297 -0.0434 -0.005639366 -0.03865394 -0.0434 -0.004118032 -0.0385086 -0.0434 0.00189262 -0.03793437 -0.0434 0.003817239 -0.0377505 -0.0434 0.007735052 -0.03660044 -0.0434 0.01347201 -0.03491636 -0.0434 0.01383872 -0.03480872 -0.0434 0.01879595 -0.03214254 -0.0434 0.02197761 -0.03043132 -0.0434 0.02379178 -0.02888506 -0.0434 0.02835608 -0.02499483 -0.0434 -0.0178464 0.03859153 -0.0434 -0.03330036 0.03875436 -0.0434 -0.04875014 0.03891714 -0.0434 -0.0574097 0.03914687 -0.0434 -0.06945718 0.03946648 -0.0434 -0.07672017 -0.03915296 -0.0434 -0.07583757 -0.03924374 -0.0434 -0.06462908 -0.03927731 -0.0434 -0.05705913 -0.03929999 -0.0434 -0.04042277 -0.0389217 -0.0434 -0.02379162 -0.03854353 -0.0434 -0.01621444 -0.03858962 -0.0434 -0.2213367 0.04767056 0.0135 -0.2195467 0.04798655 0.0135 -0.2156727 0.04867046 0.0135 -0.210615 0.04899623 0.0135 -0.2580313 0.009555119 0.0135 -0.2579364 0.01015427 0.0135 -0.2364762 0.04123127 0.0135 -0.2314619 0.04404976 0.0135 -0.2287267 0.0452117 0.0135 -0.2268024 0.04602911 0.0135 -0.24483 0.03446568 0.0135 -0.2446398 0.03463897 0.0135 -0.2410906 0.03787306 0.0135 -0.2371972 0.04070659 0.0135 -0.2576657 -0.01135729 0.0135 -0.2579869 -0.009546731 0.0135 -0.2100015 0.04896814 0.0135 -0.2049126 0.0487351 0.0135 -0.2004498 0.04800248 0.0135 -0.199237 0.0478034 0.0135 -0.2564303 0.01565956 0.0135 -0.2551935 0.01872056 0.0135 -0.2542756 0.0209921 0.0135 -0.2587285 0.005149319 0.0135 -0.259 -3.798382e-17 0.0135 -0.2586628 -0.005737558 0.0135 -0.2366568 -0.04111477 0.0135 -0.2372052 -0.04071752 0.0135 -0.2518725 0.02544991 0.0135 -0.2506783 0.02717897 0.0135 -0.2486292 0.03014601 0.0135 -0.2516483 -0.02581512 0.0135 -0.2543674 -0.02079741 0.0135 -0.2551955 -0.01872176 0.0135 -0.2564988 -0.01545505 0.0135 -0.2446313 -0.03462959 0.0135 -0.244981 -0.03431234 0.0135 -0.2487607 -0.02997676 0.0135 -0.2506944 -0.02718991 0.0135 -0.240754 -0.03814688 0.0135 -0.1685509 -0.0261339 0.0135 -0.1693055 -0.02718897 0.0135 -0.2215445 -0.04762065 0.0135 -0.2263964 -0.04617527 0.0135 -0.2287196 -0.0451945 0.0135 -0.2316541 -0.04395561 0.0135 -0.1939548 -0.04629848 0.0135 -0.1912726 -0.04521075 0.0135 -0.1892647 -0.04439647 0.0135 -0.1842041 -0.04166024 0.0135 -0.1753732 -0.03462876 0.0135 -0.1757404 -0.03503266 0.0135 -0.1795355 -0.03837847 0.0135 -0.182817 -0.04068518 0.0135 -0.1994465 -0.04785009 0.0135 -0.2004483 -0.04801004 0.0135 -0.205126 -0.0487569 0.0135 -0.2101879 -0.04899974 0.0135 -0.1718713 -0.03077653 0.0135 -0.1622361 -0.01093716 0.0135 -0.1638318 -0.01641651 0.0135 -0.1648064 -0.01871914 0.0135 -0.1660736 -0.02171334 0.0135 -0.1623354 0.01136181 0.0135 -0.1620132 0.009546707 0.0135 -0.1840222 0.04154707 0.0135 -0.1828081 0.04069766 0.0135 -0.2147996 -0.04871278 0.0135 -0.2158851 -0.04864524 0.0135 -0.2195457 -0.04798252 0.0135 -0.1755868 0.03488186 0.0135 -0.1753653 0.03463603 0.0135 -0.1717368 0.03060915 0.0135 -0.1692882 0.02720124 0.0135 -0.1687809 0.02649513 0.0135 -0.161 -1.262219e-18 0.0135 -0.1612925 -0.004799401 0.0135 -0.1613625 -0.0059486 0.0135 -0.1619933 -0.009550361 0.0135 -0.1613378 0.005742552 0.0135 -0.1659796 0.02152218 0.0135 -0.1648076 0.01871903 0.0135 -0.163761 0.01621576 0.0135 -0.1798759 0.03864624 0.0135 -0.1943643 0.04643835 0.0135 -0.1912787 0.04519507 0.0135 -0.1890712 0.04430557 0.0135 -0.229206 0.04229381 0.04855742 -0.2292395 0.0423706 0.04849717 -0.2356275 0.03908254 0.04850566 -0.2292729 0.04244738 0.04843693 -0.2292841 0.04247301 0.04838937 -0.2356859 0.03917905 0.04839312 -0.2573804 -0.009451465 0.04821041 -0.2571824 -0.01023128 0.04821128 -0.2572092 -0.01023915 0.0483618 -0.2543417 0.01854004 0.04822218 -0.2546063 0.01799588 0.04822129 -0.2546015 0.01799616 0.04836889 -0.1175044 -0.04532148 0.0483445 -0.1171348 -0.04517173 0.04834575 -0.1175102 -0.04529296 0.04844886 -0.1155636 -0.04453516 0.0483511 -0.1143125 -0.04393179 0.0484435 -0.1142718 -0.04401173 0.04835549 -0.1181554 -0.04558523 0.04834228 -0.120846 -0.04620877 0.04844081 -0.1208453 -0.04621897 0.04833275 -0.1276897 -0.04715618 0.04831399 -0.1272039 -0.04710316 0.04831521 -0.1276924 -0.04711915 0.04842932 -0.1223487 -0.04657314 0.04832743 -0.1212232 -0.04630798 0.04833141 -0.141642 -0.04797513 0.04828814 -0.1414163 -0.04796352 0.04828853 -0.1414178 -0.0478965 0.04841256 -0.133478 -0.04755482 0.04830249 -0.1294343 -0.04734663 0.0483096 -0.1962975 -0.04803404 0.04828325 -0.196297 -0.04797144 0.0484091 -0.1999721 -0.04801498 0.0482832 -0.2031537 -0.0479133 0.04840896 -0.2003011 -0.04801327 0.0482832 -0.2031518 -0.04790965 0.04827243 -0.2168273 -0.04639089 0.04838862 -0.2154681 -0.0467207 0.04825051 -0.2152984 -0.04676061 0.04825039 -0.2100179 -0.04747722 0.04838806 -0.2100173 -0.04748434 0.04825243 -0.2091726 -0.04760009 0.04825275 -0.2082718 -0.04772354 0.0482531 -0.2044616 -0.04786204 0.04826749 -0.2038961 -0.04788259 0.04826962 -0.1688617 -0.04807589 0.04828451 -0.1688617 -0.04800382 0.0484104 -0.1839456 -0.04807653 0.04828361 -0.1880734 -0.0480767 0.04828336 -0.165134 -0.04807573 0.04828474 -0.1568645 -0.04804032 0.04828594 -0.1469863 -0.04799802 0.04828736 -0.230272 -0.04203917 0.04839376 -0.2278601 -0.04315381 0.04825859 -0.2235866 -0.04462163 0.04839195 -0.2238018 -0.04455094 0.04825614 -0.2235862 -0.04462516 0.04825601 -0.2365754 -0.03861185 0.04825727 -0.236583 -0.03862455 0.04839279 -0.2388919 -0.03715982 0.04825595 -0.2423732 -0.03435651 0.04838887 -0.2423751 -0.03435547 0.04825142 -0.234505 -0.03990953 0.04825845 -0.2338857 -0.04029774 0.0482588 -0.2336687 -0.04040058 0.04825879 -0.2302602 -0.0420162 0.04825867 -0.2517045 -0.02349469 0.04837517 -0.2512765 -0.02429405 0.04823236 -0.2493377 -0.02691697 0.04823752 -0.2474715 -0.02927327 0.04838259 -0.2489031 -0.02750487 0.04823868 -0.247839 -0.02894432 0.04824151 -0.2549785 -0.01705447 0.04822023 -0.2550012 -0.01706251 0.0483679 -0.2561601 -0.01408005 0.04821571 -0.2562843 -0.01376744 0.04821524 -0.2543805 -0.01855976 0.04822253 -0.2541618 -0.01911034 0.04822336 -0.251716 -0.02350447 0.04823099 -0.2475007 -0.02929611 0.04824217 -0.243527 -0.03342803 0.04824992 -0.2424556 -0.03429068 0.04825131 -0.2581587 0.004753355 0.04820701 -0.2582017 0.004091192 0.04820681 -0.2582173 0.004090542 0.0483586 -0.2584672 -5.280397e-13 0.04820551 -0.2582987 -0.003089679 0.04835832 -0.2584009 -0.002423702 0.04820567 -0.2551213 0.01693719 0.04821956 -0.2560891 0.01405901 0.04821585 -0.2569671 0.01121238 0.04836252 -0.2569754 0.01142321 0.04821245 -0.2570144 0.01122548 0.04821227 -0.2573636 0.009451912 0.04821067 -0.2580947 0.005739369 0.04820733 -0.246786 0.03005273 0.04838361 -0.2488984 0.02755897 0.04823866 -0.2511619 0.02435096 0.04837622 -0.2494085 0.02696154 0.04823755 -0.2414593 0.03520823 0.04825308 -0.2415644 0.03503407 0.04838961 -0.2363149 0.03887459 0.04825754 -0.2357056 0.03920895 0.04825773 -0.2424568 0.03429525 0.04825133 -0.2456164 0.0314033 0.04824581 -0.2467753 0.03004583 0.04824328 -0.2526287 0.02206188 0.04822795 -0.2511407 0.0243368 0.04823241 -0.2494743 0.02688446 0.0482374 -0.2583213 -0.003089376 0.04820605 -0.2581231 -0.004746683 0.04820699 -0.2577209 -0.008110777 0.04820891 -0.2414927 0.03494669 0.04850401 -0.2467016 0.02997696 0.04850119 -0.2510664 0.02428908 0.04849771 -0.2544972 0.01795017 0.04849425 -0.2568566 0.01118361 0.04849123 -0.2581035 0.004080016 0.04848937 -0.2581847 -0.003081721 0.04848925 -0.2570981 -0.01021288 0.04849089 -0.2548958 -0.01701888 0.04849378 -0.2516076 -0.02343492 0.04849721 -0.2473855 -0.02919936 0.04850071 -0.2422996 -0.03427067 0.04850367 -0.2365227 -0.03852924 0.0485055 -0.230225 -0.04193672 0.04850596 -0.2235523 -0.04451413 0.04850511 -0.2168043 -0.04628017 0.04850355 -0.2100051 -0.04736483 0.04850328 -0.2031523 -0.04780192 0.04851307 -0.1962963 -0.04786007 0.04851314 -0.1688618 -0.04789257 0.04851374 -0.1414207 -0.04778552 0.04851475 -0.1277023 -0.04701068 0.04852255 -0.1208682 -0.04610394 0.04852787 -0.1175439 -0.04519272 0.04853159 -0.1143546 -0.04384905 0.04853459 -0.2235088 -0.04437811 0.04857688 -0.2301657 -0.04180742 0.04857708 -0.2364465 -0.03840877 0.04857698 -0.2422061 -0.03416158 0.04857654 -0.251482 -0.02335739 0.04857502 -0.2472751 -0.02910456 0.04857584 -0.2569509 -0.01017807 0.04857353 -0.2547576 -0.01696165 0.04857421 -0.2580329 -0.003071124 0.04857315 -0.2579521 0.004066004 0.04857318 -0.2543605 0.01788993 0.04857432 -0.2567104 0.01114556 0.04857361 -0.2509428 0.02420893 0.04857514 -0.2465936 0.02987992 0.04857596 -0.2414017 0.03483575 0.04857662 -0.2355539 0.03896064 0.04857701 -0.2291844 0.04224432 0.0485688 -0.1144117 -0.043737 0.04856786 -0.117584 -0.04507545 0.04858321 -0.1208946 -0.04597982 0.04858231 -0.1277141 -0.04688031 0.04858104 -0.1414242 -0.04764912 0.04857917 -0.2031505 -0.04766434 0.04857877 -0.2099888 -0.04722182 0.04857645 -0.2167751 -0.0461394 0.04857651 -0.1688618 -0.04775544 0.04857893 -0.1962954 -0.04772253 0.04857879 -0.2293147 0.04254327 0.04825905 -0.231218 0.04167155 0.04825916 -0.2336179 0.04035455 0.0482584 -0.2345507 0.03984268 0.0482581 -0.2226039 -0.04496331 0.04825542 -0.2218803 -0.04521244 0.04825499 -0.2168278 -0.04640087 0.04825146 -0.2229235 0.04456197 0.04857685 -0.2229656 0.04469848 0.04850498 -0.2025926 0.04799097 0.04828416 -0.2032569 0.04795127 0.04828111 -0.2032579 0.04791221 0.04840858 -0.09380909 0.004691055 0.04829996 -0.09382932 0.004687084 0.04842057 -0.09359666 -3.409783e-11 0.04830193 -0.09369397 -0.002204802 0.04842141 -0.09371335 -0.002201791 0.04830081 -0.09393188 -0.006325266 0.0482987 -0.09445148 -0.009016536 0.04841677 -0.09424672 -0.007888953 0.04829624 -0.09538791 -0.0130576 0.0482883 -0.09619007 -0.01563088 0.04841014 -0.09511308 -0.01219186 0.04828945 -0.09447285 -0.009012089 0.04829447 -0.09745347 -0.01955003 0.04827968 -0.09849118 -0.02209916 0.04840527 -0.09743345 -0.01950111 0.04827972 -0.09620347 -0.01562663 0.04828488 -0.1010431 -0.02832179 0.04827254 -0.1007186 -0.02752867 0.04827319 -0.1011622 -0.02841107 0.04840244 -0.09969664 -0.02503145 0.04827522 -0.09849546 -0.02209624 0.04827761 -0.1036789 -0.03341956 0.04830461 -0.1044193 -0.03448433 0.04842837 -0.1044064 -0.03448997 0.04831238 -0.1051475 -0.03558043 0.0483203 -0.1064034 -0.03729996 0.04844142 -0.1058396 -0.03659886 0.04832769 -0.1091294 -0.04039893 0.04835177 -0.1086889 -0.03991772 0.04834884 -0.1087119 -0.0398914 0.04845164 -0.1063842 -0.03740015 0.04833351 -0.1063466 -0.03734472 0.0483331 -0.1113527 -0.04213189 0.04845675 -0.1113484 -0.0421422 0.0483565 -0.1102395 -0.04127103 0.04835414 -0.1100533 -0.04112474 0.04835374 -0.1121949 -0.0428073 0.04835831 -0.2099641 0.04755031 0.04825032 -0.2099952 0.04754845 0.04825018 -0.2099565 0.04748414 0.04838809 -0.2156295 0.04663834 0.04825127 -0.2165491 0.04644812 0.0483885 -0.2043772 0.0478843 0.04827597 -0.2043933 0.04788333 0.04827589 -0.2092246 0.04759452 0.04825372 -0.1746302 0.0480774 0.04828441 -0.17663 0.04807122 0.04828439 -0.1766301 0.04800501 0.04841011 -0.1840091 0.04804841 0.04828432 -0.2000247 0.04799891 0.04828418 -0.1568563 0.04806975 0.04828546 -0.1500097 0.04799254 0.04841105 -0.1514376 0.04806741 0.04828577 -0.1366896 0.0477286 0.04841645 -0.1469864 0.047982 0.0482885 -0.1500101 0.04804002 0.04828665 -0.1233727 0.04665247 0.04843631 -0.1272067 0.04712341 0.04831548 -0.1281908 0.04724015 0.0483131 -0.1334873 0.04759902 0.04830102 -0.1360391 0.04777192 0.0482952 -0.1366866 0.04778435 0.0482948 -0.1212269 0.0463263 0.04833078 -0.1200259 0.04602177 0.04844269 -0.1218789 0.0464914 0.04832838 -0.1233695 0.04666821 0.04832477 -0.1166915 0.04501435 0.04834698 -0.1170796 0.04518007 0.04834575 -0.1166946 0.04499862 0.0484508 -0.1176322 0.04541607 0.048344 -0.1200267 0.04602241 0.04833519 -0.115565 0.04453327 0.04835055 -0.1135386 0.04353075 0.0484563 -0.113941 0.04383974 0.0483557 -0.1135223 0.04356555 0.04835579 -0.1106286 0.04158366 0.04845602 -0.1105357 0.04160971 0.04835642 -0.1080565 0.03922174 0.04844932 -0.1100317 0.04113356 0.04835414 -0.1102372 0.04132775 0.04835507 -0.105812 0.03655101 0.0483275 -0.105846 0.03659469 0.04832781 -0.1058267 0.03654238 0.04843799 -0.1075633 0.03880177 0.04834294 -0.1080299 0.03924257 0.04834505 -0.1022013 0.03065249 0.04828774 -0.1024921 0.03128688 0.04828913 -0.1022365 0.03063331 0.04841059 -0.1050063 0.03551553 0.0483204 -0.1051563 0.03570833 0.04832173 -0.1007714 0.02753419 0.04828091 -0.09941696 0.02439811 0.04840372 -0.09981226 0.02544237 0.04827632 -0.09663319 0.01721846 0.04828253 -0.09693172 0.01800888 0.04828165 -0.09697486 0.01799467 0.04840819 -0.09751881 0.01956322 0.04827991 -0.09939881 0.02454071 0.04827435 -0.09541699 0.01305675 0.04828849 -0.0949926 0.01142614 0.04841422 -0.09494376 0.0114374 0.04829081 -0.09385416 0.005686227 0.04829954 -0.09425003 0.00788899 0.04829618 -0.09479828 0.01093958 0.04829153 -0.2237211 0.04462577 0.04825615 -0.2229989 0.04480633 0.04839168 -0.2232606 0.04479722 0.04825591 -0.2230163 0.04486102 0.04825573 -0.2165584 0.0464883 0.04825145 -0.2171529 0.04639227 0.04825156 -0.2226053 0.04496836 0.04825544 -0.111414 -0.04204758 0.04853523 -0.1087858 -0.03981652 0.04853288 -0.1064878 -0.0372341 0.04852816 -0.1045115 -0.03442618 0.04852211 -0.101264 -0.02836439 0.04851003 -0.09859524 -0.0220584 0.04851135 -0.09629612 -0.01559721 0.04851362 -0.09455989 -0.008994925 0.04851672 -0.09380391 -0.002201906 0.04851887 -0.093939 0.00467759 0.04851849 -0.09510013 0.01139928 0.04851553 -0.09708016 0.0179581 0.04851271 -0.09952032 0.02435525 0.04851062 -0.1023358 0.03058315 0.04851383 -0.1059135 0.03647877 0.04852657 -0.1081336 0.03914947 0.0485318 -0.1106934 0.04150182 0.0485349 -0.1135895 0.04343972 0.04853502 -0.1167318 0.04490002 0.04853249 -0.1200508 0.04591788 0.04852874 -0.1233874 0.04654559 0.04852579 -0.1366945 0.04761813 0.04851656 -0.1500099 0.04788136 0.04851405 -0.1766301 0.04789374 0.04851361 -0.2032563 0.04780079 0.0485129 -0.2099438 0.04737175 0.0485033 -0.2165266 0.04633731 0.04850349 -0.1234048 0.04641829 0.04858181 -0.1200802 0.04579515 0.04858252 -0.1167753 0.04478473 0.04858342 -0.1136487 0.04333399 0.04858403 -0.1060167 0.03640318 0.048582 -0.1082237 0.03906465 0.04858326 -0.1107686 0.04140673 0.048584 -0.09964893 0.02430192 0.04857819 -0.09721036 0.01791289 0.04857869 -0.09523199 0.01136633 0.04857936 -0.1024581 0.03052132 0.04857895 -0.09407234 0.004666048 0.04858006 -0.1046225 -0.0343562 0.04858093 -0.1065877 -0.03715617 0.04858238 -0.1088722 -0.03972907 0.04858351 -0.09872442 -0.02200779 0.04857836 -0.1013909 -0.02830621 0.04857805 -0.09642691 -0.01555569 0.04857891 -0.09393743 -0.002198389 0.04858016 -0.09469237 -0.008968514 0.04857964 -0.1114851 -0.04194972 0.04858408 -0.2164979 0.04619638 0.0485765 -0.2099277 0.04722873 0.04857645 -0.2032544 0.04766309 0.04857873 -0.1766301 0.04775652 0.0485789 -0.1500101 0.04774443 0.04857901 -0.1367005 0.04748307 0.04857961 -0.0165183 -0.03807101 -0.0125 -0.01587311 -0.03831961 -0.0125 -0.04148958 -0.0009288348 -0.0125 -0.0410385 -0.006171784 -0.0125 -0.01330177 -0.03931042 -0.0125 -0.008230678 -0.0406757 -0.0125 -0.00298909 -0.04139216 -0.0125 5.00083e-07 -0.04148348 -0.0125 -0.02928827 0.0292899 -0.0125 -0.03153003 0.02698337 -0.0125 0.01457953 0.03885473 -0.0125 0.01130281 0.03993108 -0.0125 -0.02122856 -0.03565946 -0.0125 -0.02301065 -0.03443952 -0.0125 -0.04028239 0.009979 -0.0125 -0.03868518 0.01502368 -0.0125 -0.008091173 0.04068289 -0.0125 -0.01288343 0.03944949 -0.0125 0.04139004 0.003017415 -0.0125 0.0406941 0.008095087 -0.0125 -0.03828121 -0.01585447 -0.0125 -0.0366833 -0.01940563 -0.0125 -0.03494245 -0.02238927 -0.0125 -0.0344715 -0.02303088 -0.0125 -0.03183424 -0.02662377 -0.0125 -0.04063689 0.008083956 -0.0125 -0.04116537 0.005258862 -0.0125 -0.04149999 -5.448405e-17 -0.0125 -0.03470688 0.02275276 -0.0125 -0.03647796 0.01978891 -0.0125 -0.03829729 0.01586113 -0.0125 0.02303957 -0.03447826 -0.0125 0.02352715 -0.03418669 -0.0125 0.02628335 -0.03211588 -0.0125 0.02930687 -0.02930402 -0.0125 0.03012876 -0.02853966 -0.0125 0.01088078 -0.04004816 -0.0125 0.01417381 -0.03900453 -0.0125 0.0158511 -0.03827177 -0.0125 0.01898662 -0.03690193 -0.0125 0.0004602009 -0.04149753 -0.0125 0.005697378 -0.04110702 -0.0125 0.008079463 -0.04062041 -0.0125 -0.02929325 -0.02929582 -0.0125 -0.02818879 -0.03045725 -0.0125 -0.02556177 -0.03269313 -0.0125 -0.04066803 -0.008089568 -0.0125 -0.04038422 -0.009558695 -0.0125 -0.03885394 -0.01458163 -0.0125 -0.03448876 0.02304325 -0.0125 -0.01587794 0.03833186 -0.0125 -0.01611703 0.03824263 -0.0125 -0.02081785 0.03590075 -0.0125 5.447865e-07 0.04147247 -0.0125 -0.002549506 0.04142158 -0.0125 0.02388246 0.0339394 -0.0125 0.02302935 0.03446225 -0.0125 0.01940385 0.03668425 -0.0125 0.01585443 0.03828115 -0.0125 -0.02300923 0.03443581 -0.0125 -0.02521596 0.03296061 -0.0125 -0.02786965 0.03074951 -0.0125 0.03447787 0.02303783 -0.0125 0.03377216 0.02411833 -0.0125 0.04016826 -0.01042883 -0.0125 0.04062147 -0.00808059 -0.0125 0.04116402 -0.005269429 -0.0125 0.04150001 -2.413541e-17 -0.0125 -0.007760174 0.04076808 -0.0125 0.00807985 0.04062661 -0.0125 0.006169745 0.04103881 -0.0125 0.0008972073 0.04149036 -0.0125 0.03045607 0.02819007 -0.0125 0.02929583 0.02929331 -0.0125 0.02662239 0.03183538 -0.0125 0.03565838 0.02123034 -0.0125 0.0380699 0.01652082 -0.0125 0.04067511 0.008233757 -0.0125 0.03985142 0.01158056 -0.0125 0.03830516 0.01586846 -0.0125 0.03351543 -0.02447379 -0.0125 0.03447614 -0.02303625 -0.0125 0.03543297 -0.02160452 -0.0125 0.03787758 -0.01695706 -0.0125 0.03828653 -0.01586106 -0.0125 0.03972691 -0.01200072 -0.0125 0.02848553 -0.02511734 -0.04336716 0.02845145 -0.02508509 -0.0433758 0.03224307 -0.02038286 -0.04338206 -0.08743422 0.03778758 -0.04335382 -0.08150845 0.03902005 -0.04335222 0.02859796 -0.02522376 -0.04327294 0.02854175 -0.02517055 -0.04332005 0.03234861 -0.02045475 -0.04332682 -0.05889662 0.03969255 -0.04317656 -0.05739302 0.03964099 -0.04317582 -0.05739654 0.03955121 -0.04333934 0.03541494 -0.01526486 -0.04312669 0.03542223 -0.0152659 -0.04323731 0.03684516 -0.01196978 -0.04312546 0.03752814 -0.009523693 -0.043236 0.03863417 -0.00356191 -0.04323514 0.03856895 -0.004045033 -0.04312349 0.03821742 -0.006917207 -0.04312398 0.03817032 -0.007090648 -0.04312404 0.03790868 -0.008053949 -0.04312432 0.03751075 -0.009519137 -0.04312474 0.03870716 0.002509399 -0.0431231 0.0388877 4.53552e-13 -0.04312312 0.0387234 0.002510709 -0.04323507 0.03884178 -0.001816086 -0.04312311 0.03862839 -0.003559468 -0.04312341 0.03778251 0.008513863 -0.0431243 0.0378835 0.008052092 -0.04312413 0.03778937 0.008513548 -0.04323581 0.03817021 0.006740957 -0.04312366 0.03851672 0.005156407 -0.04312309 0.03740924 0.01022082 -0.04312492 0.03586433 0.01427708 -0.04323707 0.03588479 0.01428857 -0.04312604 0.0330148 0.01964206 -0.04323835 0.03312347 0.01961442 -0.04312839 0.0352036 0.01580106 -0.04312658 0.03556898 0.01513124 -0.04312627 0.03067466 0.022911 -0.04312908 0.02933439 0.02447494 -0.04323913 0.02993474 0.02390708 -0.0431293 0.02493691 0.02866156 -0.04312914 0.02636609 0.02755008 -0.04312967 0.02494078 0.0286696 -0.04323897 0.02697501 0.02692848 -0.04312961 0.02935927 0.02449454 -0.04312936 0.02437464 0.02909884 -0.04312893 0.01997332 0.03215391 -0.0432376 0.02191546 0.03101135 -0.04312802 0.01623794 0.03416699 -0.04312451 0.01455819 0.03490952 -0.04323516 0.01737783 0.03367614 -0.04312547 0.01997299 0.0321521 -0.04312693 0.01092539 0.03632236 -0.04312055 0.008853474 0.03693695 -0.04323282 0.01191675 0.03602771 -0.04312087 0.01455099 0.0348934 -0.04312309 0.005329662 0.03784373 -0.04312071 0.002919101 0.03829011 -0.04323394 0.006523677 0.03763061 -0.0431191 0.00885322 0.03693824 -0.04311986 -0.003133408 0.0389343 -0.04315086 0.0001965249 0.03875992 -0.04312766 -0.003131977 0.03896105 -0.0432505 0.0002735788 0.03874617 -0.04312755 0.002915748 0.03827458 -0.04312398 -0.005819923 0.03907498 -0.04316958 -0.009181744 0.03899032 -0.04326391 -0.006893582 0.03907029 -0.04316962 -0.03161215 0.03896209 -0.0431706 -0.0132869 0.0390423 -0.04316988 -0.009181968 0.03906027 -0.04316971 -0.03860041 0.03912278 -0.04317117 -0.0333005 0.03879269 -0.04333894 -0.04977723 0.0393798 -0.04317209 -0.05129034 0.03943169 -0.04317283 -0.06946077 0.03969655 -0.04334391 -0.06798523 0.03983714 -0.04318616 -0.06597512 0.03987701 -0.04318182 -0.06489796 0.03989838 -0.0431795 -0.0815212 0.03916299 -0.04321727 -0.08120192 0.03921078 -0.04321689 -0.0809449 0.03924925 -0.04321658 -0.0746616 0.0397047 -0.04320055 -0.07360344 0.03972569 -0.04319827 -0.06946222 0.03980784 -0.04318934 -0.08499537 0.03864297 -0.04322146 -0.08521049 0.03861077 -0.04322172 -0.09288949 0.03509757 -0.04321767 -0.09282329 0.03500027 -0.0433524 -0.09447374 0.03384409 -0.04321133 -0.09729635 0.0308919 -0.04334559 -0.09541184 0.03310186 -0.04320758 -0.09827397 0.03000175 -0.04318757 -0.09738423 0.03096547 -0.04319379 -0.09655162 0.03186731 -0.04319961 0.02867862 -0.0253001 -0.04312973 0.02861919 -0.02524386 -0.04323524 0.03065344 -0.02289571 -0.04312923 0.03243748 -0.02051529 -0.04323854 0.0321034 -0.02113037 -0.04312886 0.03518377 -0.01579748 -0.04312689 0.03473462 -0.01683227 -0.04312728 0.03246642 -0.02053737 -0.04312864 -0.03329836 0.03900087 -0.04317074 -0.009181402 0.03888763 -0.04333852 -0.003137431 0.03885575 -0.04333235 0.002900877 0.03818341 -0.0433247 0.008823403 0.03683279 -0.04332417 0.01451577 0.03481013 -0.04332526 0.01991803 0.03206151 -0.04332639 0.02487276 0.02858641 -0.04332702 0.02925439 0.02440323 -0.0433271 0.03292424 0.01958402 -0.04332674 0.03576531 0.01423457 -0.04332614 0.03768446 0.008488045 -0.04332556 0.03861559 0.002503154 -0.04332522 0.03852665 -0.003551204 -0.04332525 0.03742404 -0.009495185 -0.04332565 0.03532454 -0.01522051 -0.04332625 -0.0888644 0.03741812 -0.04322425 -0.08880086 0.03743886 -0.04322421 -0.09023838 0.03658182 -0.04335379 -0.08868916 0.03747532 -0.04322413 -0.08746605 0.03787455 -0.04322328 -0.0926348 0.03529908 -0.04321869 -0.09226412 0.03559237 -0.04322018 -0.09027725 0.03665938 -0.04322256 0.03520834 -0.01516651 -0.04338192 0.03730001 -0.00946122 -0.04338178 0.03839839 -0.003538434 -0.04338168 0.03848698 0.002494142 -0.04338167 0.03755944 0.008457652 -0.04338176 0.03564749 0.014184 -0.0433819 0.03281669 0.01951507 -0.04338204 0.02915945 0.02431815 -0.04338212 0.02479202 0.02848768 -0.04338211 0.0198523 0.03195165 -0.04338196 0.01446518 0.0346916 -0.04338168 0.008787447 0.03670818 -0.04338142 0.002879106 0.03805595 -0.04338155 -0.003143794 0.03873258 -0.04338339 -0.009180999 0.03876947 -0.04338488 -0.1010376 0.02612603 -0.04316869 -0.1006919 0.02661078 -0.04317105 -0.1009624 0.02607817 -0.04325216 -0.1008847 0.02602874 -0.04333837 -0.1007816 0.02596314 -0.04336969 0.02406804 -0.0292276 -0.04332695 -0.1037323 0.02074988 -0.04338337 0.02413393 -0.02931252 -0.04323882 -0.1092548 0.003507699 -0.04312121 -0.1091668 0.003686246 -0.04323378 -0.1093408 1.476889e-11 -0.04312093 -0.1092341 -0.002333621 -0.04323373 -0.1085086 -0.008369219 -0.04323366 -0.1091714 -0.003590769 -0.04312103 -0.1092308 -0.002332381 -0.04312099 -0.1090883 -0.005353535 -0.04312107 -0.1086474 -0.007627869 -0.04312147 -0.1085035 -0.008369716 -0.04312159 -0.1068225 -0.01415982 -0.04323781 -0.106824 -0.01416217 -0.04312868 -0.1073642 -0.01254418 -0.04312592 -0.1081513 -0.0101863 -0.04312191 -0.1044983 -0.01973289 -0.04314418 -0.1049954 -0.01864258 -0.0431406 -0.1044881 -0.01972692 -0.04324782 -0.105635 -0.01723999 -0.043136 -0.1062382 -0.01591709 -0.04313167 -0.1036785 -0.02153076 -0.04315007 -0.1016313 -0.02502553 -0.04326079 -0.1016344 -0.0250287 -0.04316404 -0.1006804 -0.02666125 -0.04317055 -0.09812701 -0.02989957 -0.04334373 -0.1005983 -0.02680162 -0.04317112 -0.09822358 -0.0299791 -0.04318811 -0.0945546 -0.03385969 -0.04321185 -0.0946129 -0.03381751 -0.04321166 -0.09386036 -0.03421602 -0.04335134 -0.09655051 -0.03186796 -0.04319928 -0.09760445 -0.03080752 -0.04319255 -0.09137633 -0.03594712 -0.04335338 -0.09263864 -0.03524558 -0.04321826 -0.09393681 -0.03430656 -0.04321392 -0.08858661 -0.03745659 -0.04322344 -0.08867862 -0.03741301 -0.0432234 -0.08864574 -0.03732471 -0.04335395 -0.08880786 -0.0373518 -0.04322334 -0.09146942 -0.03609132 -0.04322218 -0.08771198 -0.03787079 -0.04322382 -0.0857709 -0.03829515 -0.0433534 -0.08579186 -0.03837784 -0.04322214 -0.08500326 -0.03858609 -0.04322145 -0.08279329 -0.03887639 -0.04335271 -0.08386979 -0.0388854 -0.04322046 -0.07674738 -0.03955 -0.04320612 -0.07789821 -0.0395072 -0.04320882 -0.07673783 -0.03941117 -0.04334885 -0.0812097 -0.03916239 -0.04321528 -0.08281032 -0.03899572 -0.04321839 -0.06861439 -0.03985247 -0.04318696 -0.0646277 -0.03971668 -0.04334132 -0.06736567 -0.03989891 -0.04318402 -0.05833676 -0.03968989 -0.04317569 -0.06462758 -0.03983552 -0.04318149 -0.06597806 -0.03986678 -0.04318274 -0.04344787 -0.03897388 -0.04333925 -0.04041711 -0.03915747 -0.04317112 -0.04647181 -0.03907039 -0.04333932 -0.05129447 -0.03950102 -0.04317182 -0.0525189 -0.03932476 -0.04333931 -0.05425232 -0.03959444 -0.04317201 -0.05436005 -0.03959784 -0.04317202 -0.04080161 -0.03890624 -0.04333916 -0.04117965 -0.03891494 -0.04333918 -0.04193575 -0.03893331 -0.0433392 -0.01621649 -0.03884596 -0.04333868 -0.01678755 -0.03902173 -0.04317064 -0.0283229 -0.03877151 -0.04333887 -0.03518947 -0.03899237 -0.04317078 -0.03928935 -0.03887453 -0.04333912 -0.03859556 -0.03909994 -0.043171 -0.03966742 -0.03888201 -0.04333913 -0.0040965 -0.03897934 -0.04314969 -0.00685396 -0.03904949 -0.04316447 -0.004096157 -0.03899223 -0.04325718 -0.007762364 -0.0390726 -0.04316934 -0.01621733 -0.03894857 -0.04326425 -0.01331972 -0.03904128 -0.04317014 -0.01621795 -0.03902495 -0.04317056 0.001962417 -0.03844407 -0.04323499 0.001962223 -0.03843969 -0.04312633 0.0004188055 -0.03866693 -0.04313016 -0.001203201 -0.03890574 -0.04313418 0.007902526 -0.03720191 -0.04323262 0.007897072 -0.03718092 -0.0431202 0.00539852 -0.03784671 -0.04311974 0.004668483 -0.03804124 -0.04311961 0.01085097 -0.03639378 -0.04312074 0.01362135 -0.03529803 -0.04323471 0.01088248 -0.03638539 -0.04312074 0.01628218 -0.03419369 -0.04312429 0.0190886 -0.03266949 -0.04323725 0.01597875 -0.03435865 -0.04312406 0.01362097 -0.03529632 -0.04312253 0.02441352 -0.02912626 -0.04312895 0.0241435 -0.02932124 -0.04312885 0.02078848 -0.03174391 -0.04312766 0.01908917 -0.03266772 -0.04312639 0.02699211 -0.02687716 -0.04312948 0.02517476 -0.02857657 -0.04312922 -0.1049929 0.01864199 -0.04314062 -0.103937 0.02085217 -0.04325036 -0.1056832 0.01703116 -0.04313589 -0.1063596 0.01539722 -0.04323959 -0.1063808 0.01540322 -0.04313111 -0.1041809 0.02053688 -0.04314619 -0.1039894 0.0208773 -0.04314756 -0.1011408 0.02594257 -0.04316795 -0.1082005 0.009691156 -0.04323402 -0.1082091 0.009690515 -0.04312266 -0.1073699 0.01254271 -0.04312589 -0.1068513 0.0143051 -0.04312788 -0.1092293 0.003689538 -0.04312121 -0.1086783 0.007630878 -0.04312131 -0.1085545 0.008516494 -0.04312133 -0.1038426 0.02080503 -0.04333229 -0.1062594 0.01535859 -0.04332731 -0.1080955 0.009664769 -0.04332473 -0.1090588 0.003678903 -0.04332462 -0.1091259 -0.002330062 -0.04332459 -0.1084027 -0.008346591 -0.04332456 -0.1067212 -0.0141234 -0.04332649 -0.1043925 -0.01968145 -0.04333111 -0.1015428 -0.02497206 -0.04333709 -0.1010991 -0.02594477 -0.0431677 0.0190355 -0.03257576 -0.04332623 0.01358103 -0.03519769 -0.04332505 0.007874423 -0.03709717 -0.04332408 0.00194607 -0.03833723 -0.04332518 -0.004098869 -0.03888815 -0.04333543 -0.04231379 -0.03894297 -0.04333921 -0.04269182 -0.03895295 -0.04333922 0.00192655 -0.03820977 -0.04338167 0.007840791 -0.03697183 -0.0433814 0.01353293 -0.03507796 -0.04338164 0.01897232 -0.03246427 -0.04338192 0.02398982 -0.0291268 -0.04338209 -0.03891129 -0.03886733 -0.0433391 -0.03739894 -0.0388414 -0.04333906 -0.03437398 -0.03880253 -0.04333897 -0.04004549 -0.03888979 -0.04333914 -0.04042355 -0.03889786 -0.04333915 -0.01621552 -0.03872793 -0.04338491 -0.004101998 -0.03876739 -0.04338413 -0.1061406 0.01531277 -0.04338218 -0.1079702 0.009633251 -0.04338156 -0.1089297 0.003670129 -0.04338153 -0.1066008 -0.01408012 -0.04338198 -0.1082761 -0.008319551 -0.04338152 -0.1089965 -0.002325809 -0.04338152 -0.1042802 -0.01962809 -0.04338309 0.04070181 -0.008090805 -0.03048371 -0.06393253 0.02910532 -0.02225373 -0.06437751 0.03488971 -0.0255581 -0.07055094 0.03454305 -0.02319906 -0.1067494 0.04070648 0.04454027 -0.1054004 0.03653599 0.04779565 -0.1029517 0.03601475 0.04313114 -0.2444469 0.03445353 0.04121298 -0.2432948 0.03437134 0.04631605 -0.2359195 0.04049973 0.04376501 -0.2286427 0.04519769 0.03205211 -0.1682114 0.03362472 0.02554342 -0.1625984 0.03292852 0.02548591 -0.1596271 0.02560689 0.02275812 -0.1637972 0.02626093 0.02267252 -0.157453 0.0175106 0.02072628 -0.1690131 0.02710433 0.0177144 -0.08842389 -0.04395455 -0.02837829 -0.09080415 -0.04427195 -0.02554711 -0.0921502 -0.04335932 -0.03063115 -0.09846836 -0.03379087 -0.03912399 -0.09597942 -0.03383069 -0.04197596 -0.09475791 -0.03758697 -0.03893883 -0.1307842 -0.00519304 0.01281179 -0.1308036 -7.26836e-18 0.012691 -0.127854 -7.737956e-18 0.009582702 -0.1166235 -0.0120282 -0.0196154 -0.1149708 -0.01819225 -0.01845685 -0.1198949 -0.01977494 -0.0002535456 -0.1609482 -0.004777718 0.01574298 -0.1585333 -0.00915991 0.0191242 -0.1604867 -0.009372063 0.01791409 -0.159824 -0.004707357 0.01758038 -0.1616586 -0.009510147 0.01592665 -0.1745462 -0.03437134 0.02170588 -0.1751295 -0.03452209 0.01913716 -0.1690131 -0.02710433 0.0177144 -0.1126203 -0.04709096 0.02434547 -0.1154781 -0.04733456 0.02870117 -0.1168046 -0.04475148 0.02380048 -0.1192366 -0.04756493 0.03238173 -0.1237906 -0.04778069 0.03516878 -0.124737 -0.04546225 0.0306216 -0.1825766 -0.04063166 0.02085352 -0.1468265 -0.04482615 0.03359907 -0.1467933 -0.04219931 0.03104396 -0.1359962 -0.04019185 0.02811335 -0.06906799 -0.0221008 -0.0173981 -0.07413936 -0.02107776 -0.01374833 -0.07513472 -0.02752407 -0.01618853 -0.09550933 -0.04453509 -0.005138262 -0.09723105 -0.04556387 -0.01064318 -0.09445332 -0.04491716 -0.01863836 -0.08802628 0.00719346 0.03265742 -0.08754282 -1.015168e-17 0.0328647 -0.08247652 -1.188664e-17 0.01567946 -0.08802628 -0.00719346 0.03265742 -0.008198536 -0.04062402 -0.02081501 0.008030021 -0.04062402 -0.02412553 -8.425772e-05 -0.04141841 -0.02246626 0.0009567821 -0.04029753 -0.03829119 0.007881411 -0.03794232 -0.0416888 0.01221202 -0.03808233 -0.03744878 -0.0430715 -0.007963143 -0.01753566 -0.04368434 -1.784085e-17 -0.01713215 -0.04545166 -1.764427e-17 -0.01789409 -0.05154141 -0.04080558 -0.04037097 -0.0513109 -0.03955943 -0.0429979 -0.03894182 -0.03953081 -0.04236274 -0.0577781 -1.673287e-17 -0.0178567 -0.06311951 -1.604214e-17 -0.01667847 -0.06318615 -0.01138597 -0.01741555 -0.03850507 0.01586911 -0.01495487 -0.03975729 0.02248429 -0.02092781 -0.03821181 0.02268105 -0.0205005 -0.03410921 0.02887416 -0.02287613 -0.01656086 0.03819354 -0.02254952 -0.01600074 0.03827462 -0.01928669 -0.008198536 0.04062402 -0.02081501 -0.02675369 0.03414759 -0.02457121 -0.02491196 0.03428656 -0.02277816 -0.01807742 0.03808233 -0.02538994 -0.05779242 0.01215079 -0.0187058 -0.06318615 0.01138597 -0.01741555 -0.1969879 -0.04871739 0.04602687 -0.2338445 -0.04041637 0.04800472 -0.256763 -0.01411345 0.04478012 -0.258655 -0.004764076 0.04534306 -0.2338445 0.04041637 0.04800472 -0.222986 0.0449942 0.0479247 -0.146972 0.04846943 0.04710169 -0.1336514 0.04816272 0.04694036 -0.1003663 0.0274331 0.04757718 -0.09155708 0.007528131 0.04214147 -0.1054004 -0.03653599 0.04779565 0.04018838 -0.004059071 -0.0393268 0.007881411 0.03794232 -0.0416888 -0.003926731 0.04016076 -0.04065945 -0.08878954 0.0374806 -0.04319095 -0.105271 0.01861165 -0.04283676 -0.110506 0.01214968 -0.03639693 -0.01530216 -0.0398868 -0.04161143 -0.00952094 -0.04002155 -0.04139032 -0.003926731 -0.04016076 -0.04065945 0.03197885 -0.02296687 -0.0409786 0.02695059 -0.02921928 -0.039279 0.0250291 -0.02917178 -0.04238767 0.01904657 -0.03428656 -0.04008782 -0.0657146 -0.04140551 -0.04025437 -0.07354448 -0.04000004 -0.04286014 -0.08090671 -0.04025766 -0.04188826 -0.08445085 -0.04040636 -0.04107045 -0.08777934 -0.04056803 -0.03966258 -0.08878954 -0.0374806 -0.04319095 -0.0919601 -0.0375245 -0.04134225 -0.1031793 -0.02576545 -0.04022519 -0.105271 -0.01861165 -0.04283676 -0.110506 -0.01214968 -0.03639693 -0.108895 -0.01817191 -0.03511534 -0.1114789 -0.007343797 -0.03691224 -0.1097162 -0.007522107 -0.04101312 -0.1101401 -0.003536196 -0.04116831 -0.1114789 0.007343797 -0.03691224 -0.1102217 -1.245133e-17 -0.04117506 -0.1031793 0.02576545 -0.04022519 -0.108895 0.01817191 -0.03511534 -0.09846836 0.03379087 -0.03912399 -0.09597942 0.03383069 -0.04197596 -0.09475791 0.03758697 -0.03893883 -0.0919601 0.0375245 -0.04134225 -0.08777934 0.04056803 -0.03966258 -0.08445085 0.04040636 -0.04107045 -0.08090671 0.04025766 -0.04188826 -0.07354448 0.04000004 -0.04286014 -0.07303867 0.04181619 -0.03944219 -0.0657146 0.04140551 -0.04025437 -0.0513109 0.03955943 -0.0429979 -0.03894182 0.03953081 -0.04236274 -0.01530216 0.0398868 -0.04161143 0.01221202 0.03808233 -0.03744878 0.01904657 0.03428656 -0.04008782 0.0250291 0.02917178 -0.04238767 0.03197885 0.02296687 -0.0409786 0.02695059 0.02921928 -0.039279 0.03800357 0.00806883 -0.04306455 0.03570996 0.01582467 -0.0422587 0.04038612 -2.692149e-17 -0.03938802 0.03959739 0.008078733 -0.0391462 0.03570996 -0.01582467 -0.0422587 0.03800357 -0.00806883 -0.04306455 -0.1114541 -0.04475148 0.04449521 -0.1067494 -0.04070648 0.04454027 -0.1081688 -0.04441021 0.04045001 -0.1029517 -0.03601475 0.04313114 -0.1003663 -0.0274331 0.04757718 -0.09408443 -0.01876111 0.04033841 -0.09632724 -0.02643227 0.03794557 -0.09249535 -0.0124982 0.04157435 -0.09155708 -0.007528131 0.04214147 -0.09110281 -9.311656e-18 0.04239775 -0.09249535 0.0124982 0.04157435 -0.09408443 0.01876111 0.04033841 -0.1114541 0.04475148 0.04449521 -0.1157417 0.04510223 0.04769187 -0.1168938 0.04756493 0.04295936 -0.1218654 0.04778069 0.04524442 -0.1275366 0.04798042 0.04632734 -0.1565864 0.04859005 0.04673069 -0.1822804 0.04868301 0.04635879 -0.1969879 0.04871739 0.04602687 -0.2006331 0.04872461 0.04586349 -0.2041011 0.04873127 0.04512841 -0.2081109 0.04791802 0.04766096 -0.2114835 0.04794339 0.04605423 -0.214392 0.04796651 0.04375456 -0.2256347 0.04505621 0.04463921 -0.2505719 0.02703988 0.04297881 -0.2551301 0.0186109 0.04430118 -0.2579423 0.009483375 0.04512938 -0.258655 0.004764076 0.04534306 -0.2588938 7.128936e-18 0.04541552 -0.2579423 -0.009483375 0.04512938 -0.2505719 -0.02703988 0.04297881 -0.2551301 -0.0186109 0.04430118 -0.2432948 -0.03437134 0.04631605 -0.2359195 -0.04049973 0.04376501 -0.2256347 -0.04505621 0.04463921 -0.222986 -0.0449942 0.0479247 -0.214392 -0.04796651 0.04375456 -0.2114835 -0.04794339 0.04605423 -0.2006331 -0.04872461 0.04586349 -0.1822804 -0.04868301 0.04635879 -0.1565864 -0.04859005 0.04673069 -0.146972 -0.04846943 0.04710169 -0.1275366 -0.04798042 0.04632734 -0.1218654 -0.04778069 0.04524442 -0.1157417 -0.04510223 0.04769187 -0.1168938 -0.04756493 0.04295936 -0.05828508 0.04106538 -0.04053138 -0.05154141 0.04080558 -0.04037097 -0.03990874 0.04051051 -0.04001789 -0.01779591 0.04057027 -0.03957196 0.04150016 -2.651131e-17 -0.03064385 0.04070181 0.008090805 -0.03048371 0.02833996 0.0292577 -0.03585317 0.0343067 0.02301846 -0.03340961 0.0334583 0.02299621 -0.03733346 0.03814476 0.01585895 -0.03434261 0.03725896 0.0158444 -0.03844665 0.04050744 0.008085912 -0.03492771 0.04130481 -2.675814e-17 -0.03512961 0.03449486 0.02303456 -0.02927508 0.03833655 0.01586911 -0.03001861 0.0009567821 0.04029753 -0.03829119 -0.0153084 0.0408919 -0.03729647 -0.00952094 0.04002155 -0.04139032 0.02081702 0.0343418 -0.03721607 0.01497796 0.03819354 -0.03198674 0.02284326 0.03442613 -0.03065328 0.02209992 0.03438817 -0.03405415 0.02914011 0.0292879 -0.03216651 0.02932393 0.02931071 -0.0282821 0.02302233 0.03445615 -0.02707083 0.008030021 0.04062402 -0.02412553 -0.05802617 0.03525145 -0.0270278 -0.05793966 0.02988524 -0.02380301 -0.05267892 0.03560614 -0.02770659 -0.05391136 0.006456884 -0.01824615 -0.05382083 0.01283518 -0.01898656 -0.05016506 0.007059811 -0.01830736 -0.06357927 0.02313368 -0.01997146 -0.06333081 0.0172061 -0.01841767 -0.05787059 0.02412202 -0.02147329 -0.05782152 0.01817896 -0.01981692 -0.0534006 0.02501579 -0.02203953 -0.05365182 0.01905258 -0.02023717 -0.04892016 0.02047496 -0.02069445 -0.04971199 0.01394261 -0.01921411 -0.04366469 0.01528572 -0.01938372 -0.02031609 0.0408082 -0.03745063 -0.02109588 0.04002155 -0.03320785 -0.01047259 0.04099562 -0.03667169 -0.05307216 0.0306022 -0.02447696 -0.04636461 0.03181643 -0.02535678 -0.04468668 0.03626785 -0.02861127 -0.03453075 0.03346935 -0.02627027 -0.03013443 0.03736285 -0.02955711 -0.02664705 0.03758126 -0.02948427 -0.01701844 0.04016076 -0.03269127 -0.006251252 0.04110973 -0.03463539 0.004789644 0.04042495 -0.03453049 -0.0477939 0.02648868 -0.0227373 -0.0383419 0.02836381 -0.02344679 -0.03173711 0.0337427 -0.02616935 -0.02330259 0.03777486 -0.02902868 -0.0134593 0.04029753 -0.03098855 -0.002932704 0.04122464 -0.03140204 0.007248216 0.04053608 -0.02969962 0.01583222 0.03827462 -0.02567435 -0.04142196 0.02222916 -0.02113121 -0.03616375 0.02864896 -0.02329797 -0.02907509 0.03396754 -0.02574078 -0.02038392 0.03794232 -0.02761361 -0.01065504 0.04042495 -0.02828337 -0.0007914519 0.04133074 -0.02725118 -0.00883112 0.04053608 -0.02481229 -8.425772e-05 0.04141841 -0.02246626 -0.02368282 0.03438817 -0.02050902 -0.02319085 0.03445615 -0.01791296 -0.03232068 0.02904619 -0.02191278 -0.03579519 0.02292951 -0.01859259 -0.03089449 0.02917178 -0.02049397 -0.02992288 0.0292577 -0.01872569 -0.03466337 0.02303456 -0.01571864 -0.02949244 0.02931071 -0.01671512 -0.04087032 0.008090805 -0.01446406 -0.04501054 0.007784942 -0.01827799 -0.0430715 0.007963143 -0.01753566 -0.04123258 0.01562114 -0.01869051 -0.0416585 0.008055764 -0.01620544 -0.03942805 0.01579898 -0.01713773 -0.06357927 -0.02313368 -0.01997146 -0.06393253 -0.02910532 -0.02225373 -0.05793966 -0.02988524 -0.02380301 -0.05802617 -0.03525145 -0.0270278 -0.05267892 -0.03560614 -0.02770659 -0.06437751 -0.03488971 -0.0255581 -0.05807459 -0.03763503 -0.02908452 -0.05223911 -0.03955943 -0.03200173 -0.04283257 -0.03953081 -0.03263663 -0.04186565 -0.04051051 -0.03498449 -0.02283626 -0.04057027 -0.03533003 -0.02031609 -0.0408082 -0.03745063 -0.0153084 -0.0408919 -0.03729647 -0.04240901 -1.752842e-17 -0.01587871 -0.0416585 -0.008055764 -0.01620544 -0.03942805 -0.01579898 -0.01713773 -0.04123258 -0.01562114 -0.01869051 -0.03579519 -0.02292951 -0.01859259 -0.05782152 -0.01817896 -0.01981692 -0.05787059 -0.02412202 -0.02147329 -0.0534006 -0.02501579 -0.02203953 -0.05307216 -0.0306022 -0.02447696 -0.04636461 -0.03181643 -0.02535678 -0.04468668 -0.03626785 -0.02861127 -0.03013443 -0.03736285 -0.02955711 -0.02533001 -0.0398868 -0.03329266 -0.02109588 -0.04002155 -0.03320785 -0.02491196 -0.03428656 -0.02277816 -0.03089449 -0.02917178 -0.02049397 -0.03232068 -0.02904619 -0.02191278 -0.03821181 -0.02268105 -0.0205005 -0.04238964 -0.01547625 -0.0191293 -0.04501054 -0.007784942 -0.01827799 -0.05030505 -1.724417e-17 -0.01799922 -0.04087032 -0.008090805 -0.01446406 -0.04166866 -1.740739e-17 -0.01429184 -0.03466337 -0.02303456 -0.01571864 -0.03850507 -0.01586911 -0.01495487 -0.02992288 -0.0292577 -0.01872569 -0.02368282 -0.03438817 -0.02050902 -0.01656086 -0.03819354 -0.02254952 -0.02319085 -0.03445615 -0.01791296 -0.02949244 -0.02931071 -0.01671512 -0.01600074 -0.03827462 -0.01928669 -0.01047259 -0.04099562 -0.03667169 -0.05779242 -0.01215079 -0.0187058 -0.05365182 -0.01905258 -0.02023717 -0.0477939 -0.02648868 -0.0227373 -0.03453075 -0.03346935 -0.02627027 -0.02664705 -0.03758126 -0.02948427 -0.01701844 -0.04016076 -0.03269127 -0.006251252 -0.04110973 -0.03463539 0.004789644 -0.04042495 -0.03453049 0.01497796 -0.03819354 -0.03198674 0.02081702 -0.0343418 -0.03721607 -0.0007914519 -0.04133074 -0.02725118 -0.00883112 -0.04053608 -0.02481229 -0.01065504 -0.04042495 -0.02828337 -0.01807742 -0.03808233 -0.02538994 -0.02038392 -0.03794232 -0.02761361 -0.02675369 -0.03414759 -0.02457121 -0.02907509 -0.03396754 -0.02574078 -0.03410921 -0.02887416 -0.02287613 -0.03616375 -0.02864896 -0.02329797 -0.03975729 -0.02248429 -0.02092781 -0.04142196 -0.02222916 -0.02113121 -0.04366469 -0.01528572 -0.01938372 -0.04971199 -0.01394261 -0.01921411 -0.05016506 -0.007059811 -0.01830736 -0.05391136 -0.006456884 -0.01824615 -0.05393683 -1.714808e-17 -0.01799997 0.02302233 -0.03445615 -0.02707083 0.01583222 -0.03827462 -0.02567435 0.007248216 -0.04053608 -0.02969962 -0.002932704 -0.04122464 -0.03140204 -0.0134593 -0.04029753 -0.03098855 -0.02330259 -0.03777486 -0.02902868 -0.03173711 -0.0337427 -0.02616935 -0.0383419 -0.02836381 -0.02344679 -0.04892016 -0.02047496 -0.02069445 -0.05382083 -0.01283518 -0.01898656 0.03959739 -0.008078733 -0.0391462 0.03725896 -0.0158444 -0.03844665 0.0334583 -0.02299621 -0.03733346 0.02833996 -0.0292577 -0.03585317 0.02209992 -0.03438817 -0.03405415 0.04110486 -0.004062647 -0.03507853 0.02932393 -0.02931071 -0.0282821 0.03449486 -0.02303456 -0.02927508 0.03833655 -0.01586911 -0.03001861 -0.2590006 6.707632e-18 0.039175 -0.2580522 -0.009510147 0.03894494 -0.2552472 -0.0186604 0.0382787 -0.2506977 -0.02710433 0.03721454 -0.2445813 -0.03452209 0.03579337 -0.2371343 -0.04063166 0.03405813 -0.2286427 -0.04519769 0.03205211 -0.2194322 -0.0480345 0.02981829 -0.2146669 -0.04875856 0.02863371 -0.1044003 -0.04027909 0.03988854 -0.0991405 -0.03515848 0.03363695 -0.122828 -0.04864179 0.04021056 -0.1180652 -0.04848219 0.03767519 -0.1127807 -0.04733456 0.03962502 -0.1141294 -0.04829876 0.03416831 -0.1099034 -0.047601 0.02228441 -0.109101 -0.04786791 0.0251507 -0.1111284 -0.04809339 0.02992616 -0.1074996 -0.04683554 0.03078609 -0.1096365 -0.04709096 0.03549553 -0.1059241 -0.04407861 0.03578429 -0.0807135 -1.245506e-17 0.007884441 -0.08298322 -0.007343797 0.01536037 -0.08395605 -0.01214968 0.01473322 -0.08900725 -0.0120282 0.03214567 -0.08556708 -0.01817191 0.01344489 -0.09065993 -0.01819225 0.03097915 -0.08781358 -0.02552058 0.0110409 -0.09298601 -0.02580954 0.02866342 -0.0906119 -0.03386597 0.006809789 -0.09924332 -0.04285314 0.01718251 -0.1010149 -0.04572375 0.01216785 -0.09589905 -0.03453074 0.02443028 -0.09752925 -0.03891812 0.02125685 -0.09217401 -0.03804969 0.003693436 -0.09381475 -0.04179903 -0.0002759318 -0.09129128 -0.04134036 -0.008564073 -0.08977185 -0.03777305 -0.004673868 -0.08813325 -0.04092948 -0.01595878 -0.08120749 -0.007746407 0.007432665 -0.08212743 -0.0126356 0.006665617 -0.08363569 -0.01861165 0.005222632 -0.08572731 -0.02576545 0.002689353 -0.0883243 -0.0337815 -0.001588385 -0.0868504 -0.03758697 -0.01222561 -0.08356965 -0.04056803 -0.0217972 -0.08461357 -0.04280432 -0.0260015 -0.08721976 -0.0430779 -0.02347136 -0.06972381 -0.02830345 -0.01971382 -0.0763864 -0.03423518 -0.0199605 -0.07055094 -0.03454305 -0.02319906 -0.07101532 -0.03746354 -0.02555151 -0.06462719 -0.03753115 -0.02773276 -0.06489002 -0.03979679 -0.03034516 -0.0581255 -0.03964958 -0.03150956 -0.05817812 -0.04106538 -0.03432481 -0.05200861 -0.04080558 -0.0346303 -0.05177501 -0.04126418 -0.03750092 -0.0408872 -0.04086563 -0.0375017 -0.03990874 -0.04051051 -0.04001789 -0.01779591 -0.04057027 -0.03957196 -0.08945811 -0.04335932 -0.02047135 -0.09285989 -0.04393998 -0.01329732 -0.1968474 -0.04901055 0.04318447 -0.1934784 -0.04901198 0.04331603 -0.1930617 -0.04872461 0.04050987 -0.1899689 -0.04871739 0.04060969 -0.2275132 -0.04511101 0.04081012 -0.2183975 -0.0480056 0.0375084 -0.2167316 -0.04798728 0.04086978 -0.2136817 -0.04875194 0.03575193 -0.2121256 -0.04874768 0.03886035 -0.2089205 -0.04900391 0.03395579 -0.2074751 -0.0490051 0.03680354 -0.2041592 -0.04875194 0.03216292 -0.2028247 -0.04874768 0.03475031 -0.1994434 -0.0480056 0.03041596 -0.1982187 -0.04798728 0.03275138 -0.2081109 -0.04791802 0.04766096 -0.2072385 -0.04873733 0.04364851 -0.2041011 -0.04873127 0.04512841 -0.2029522 -0.04900773 0.04117975 -0.2000522 -0.04900913 0.04252508 -0.198666 -0.04873733 0.0387151 -0.1960033 -0.04873127 0.03992602 -0.194421 -0.04794339 0.03632135 -0.1919935 -0.04791802 0.03740597 -0.1864939 -0.04786092 0.03799791 -0.2099456 -0.04874281 0.04152596 -0.2054562 -0.04900638 0.03924214 -0.2009667 -0.04874281 0.0369622 -0.1965203 -0.04796651 0.03474491 -0.1798704 -0.04901722 0.04349378 -0.1560484 -0.04902068 0.04349606 -0.1774604 -0.04868301 0.04063321 -0.1555104 -0.04859005 0.04026432 -0.1750751 -0.04772408 0.03789991 -0.15498 -0.04738197 0.03723088 -0.2444469 -0.03445353 0.04121298 -0.2369924 -0.04057167 0.03905631 -0.2284949 -0.04515828 0.03656104 -0.2192797 -0.04802138 0.0337781 -0.2145123 -0.04875556 0.03230014 -0.2098554 -0.04900192 0.02742429 -0.2096989 -0.04900284 0.03079008 -0.2050439 -0.04875856 0.02621729 -0.2048854 -0.04875556 0.02928288 -0.2002786 -0.0480345 0.02503977 -0.200118 -0.04802138 0.0278133 -0.1910681 -0.04519769 0.02283074 -0.1903278 -0.04511101 0.0271476 -0.1879263 -0.0449942 0.03061442 -0.146935 -0.04900477 0.04349293 -0.1468979 -0.04846943 0.03988451 -0.1468616 -0.04699084 0.03654635 -0.1336514 -0.04816272 0.04694036 -0.1341372 -0.04888209 0.04260115 -0.1346229 -0.04816272 0.03825759 -0.1351002 -0.04620925 0.03431004 -0.1355605 -0.04343413 0.03093129 -0.1544643 -0.04556558 0.03448655 -0.1727393 -0.0462287 0.03535537 -0.1539704 -0.04329064 0.03203809 -0.1704766 -0.04427831 0.03301147 -0.1797833 -0.04468073 0.03321692 -0.1842461 -0.0448499 0.03274328 -0.1819214 -0.04049973 0.02423149 -0.1800033 -0.04032208 0.02694818 -0.1107025 -0.04683554 0.0195033 -0.1118759 -0.04783432 0.02709469 -0.1203886 -0.04510223 0.02762203 -0.1256513 -0.0422195 0.02678267 -0.1215022 -0.04167533 0.0236256 -0.1265187 -0.03850771 0.0236374 -0.1225596 -0.03777951 0.02037481 -0.12806 -0.03074689 0.01903761 -0.1244424 -0.02974054 0.01568222 -0.1292756 -0.02335512 0.01608768 -0.1259339 -0.02224901 0.01274088 -0.1140879 -0.04441021 0.01935787 -0.1180874 -0.04117144 0.01970861 -0.1155073 -0.04070648 0.01521586 -0.1193061 -0.03712325 0.01640494 -0.1168564 -0.03653599 0.01189598 -0.121479 -0.02885649 0.01170132 -0.1192634 -0.0280892 0.007233748 -0.1232054 -0.02128815 0.008826243 -0.121179 -0.02046573 0.004457111 -0.1122779 -0.04407861 0.01446998 -0.1138018 -0.04027909 0.01031087 -0.1152503 -0.03601475 0.006999896 -0.1178358 -0.0274331 0.002410474 -0.177109 -0.04010278 0.0286393 -0.1730549 -0.0341684 0.02378497 -0.1684855 -0.02696261 0.01961617 -0.1644636 -0.0186604 0.01662627 -0.1619263 -0.01822433 0.02003738 -0.1605323 -0.01801274 0.02050471 -0.1637972 -0.02626093 0.02267252 -0.1596271 -0.02560689 0.02275812 -0.1625984 -0.03292852 0.02548591 -0.1523319 -0.0312284 0.02469997 -0.1530734 -0.03774366 0.02792728 -0.1467348 -0.03610639 0.0269362 -0.1466588 -0.02226629 0.02167524 -0.1420974 -0.02062436 0.02069964 -0.1419071 -0.02761285 0.02271023 -0.1466374 -0.007503126 0.01927864 -0.1421983 -0.01368989 0.01940248 -0.1466425 -0.01494772 0.02016318 -0.1736092 -0.03984592 0.02906566 -0.1708573 -0.03391797 0.02512066 -0.1673482 -0.02677186 0.02117521 -0.1639743 -0.01855156 0.01802086 -0.1416238 -0.03455535 0.02563219 -0.1466894 -0.02936779 0.02388865 -0.151774 -0.02401079 0.02222919 -0.157453 -0.0175106 0.02072628 -0.1662617 -0.03923574 0.02889481 -0.1682114 -0.03362472 0.02554342 -0.1657311 -0.0265365 0.02223093 -0.1631037 -0.01840507 0.01918752 -0.1611904 -0.009451283 0.01699688 -0.1466375 -5.362966e-18 0.0189868 -0.142228 -5.820896e-18 0.01846057 -0.1422293 -0.006823751 0.01868655 -0.1233263 -0.008658307 0.002221758 -0.1225642 -0.003864892 -0.002398393 -0.1222087 -0.008190959 -0.002254386 -0.1204894 -0.003512908 -0.0112656 -0.1205518 -9.67726e-18 -0.01122386 -0.1226193 -8.954291e-18 -0.002397475 -0.1237033 -8.590757e-18 0.00196823 -0.1254612 -8.182519e-18 0.005987541 -0.125131 -0.009223143 0.006357649 -0.1275831 -0.009890616 0.01006613 -0.1306011 -0.01066588 0.01327084 -0.1126447 -0.02580954 -0.01604024 -0.1097317 -0.03453074 -0.01165378 -0.1081015 -0.03891812 -0.008407272 -0.1063874 -0.04285314 -0.004274328 -0.1046159 -0.04572375 0.0007778448 -0.1037174 -0.04652313 0.003583455 -0.1028154 -0.04680223 0.006479265 -0.09525158 -0.04466419 -0.02135494 -0.09809361 -0.04529754 -0.01344453 -0.09604674 -0.04393998 -0.02398931 -0.09895277 -0.04453509 -0.01615937 -0.09761537 -0.04134036 -0.0287515 -0.1006473 -0.04179903 -0.02105469 -0.09913479 -0.03777305 -0.03268695 -0.1022881 -0.03804969 -0.0250756 -0.1005823 -0.0337815 -0.03582887 -0.1038502 -0.03386597 -0.02825624 -0.1066485 -0.02552058 -0.03262235 -0.07936671 -0.04304557 -0.03380054 -0.0856745 -0.04364312 -0.03071716 -0.08962802 -0.0430779 -0.03329261 -0.09347505 -0.04092948 -0.03516788 -0.09081302 -0.04074247 -0.03768312 -0.08014306 -0.0422862 -0.03806729 -0.0835479 -0.04253995 -0.03703696 -0.08673543 -0.04280432 -0.03543931 -0.07859035 -0.0422862 -0.02953848 -0.07252438 -0.04249419 -0.0356332 -0.07303867 -0.04181619 -0.03944219 -0.1176045 0.00719346 -0.01999995 -0.1152302 -1.121791e-17 -0.02853678 -0.1180879 -1.043217e-17 -0.01994185 -0.1151557 -0.003320816 -0.02858146 -0.1180192 -0.003339036 -0.01999686 -0.1176045 -0.00719346 -0.01999995 -0.111906 -0.003435785 -0.03701204 -0.1119856 -1.203314e-17 -0.03699748 -0.1607102 -4.196875e-18 0.01568018 -0.1616586 0.009510147 0.01592665 -0.1644636 0.0186604 0.01662627 -0.1611904 0.009451283 0.01699688 -0.159602 -4.198318e-18 0.01746636 -0.1580305 -0.004599256 0.01876381 -0.1561402 -0.008888401 0.01944508 -0.1514082 -0.01628566 0.02045534 -0.1558144 -0.004460914 0.0191127 -0.1578628 -4.297059e-18 0.01864093 -0.1604867 0.009372063 0.01791409 -0.1639743 0.01855156 0.01802086 -0.1751295 0.03452209 0.01913716 -0.1684855 0.02696261 0.01961617 -0.1631037 0.01840507 0.01918752 -0.1466425 0.01494772 0.02016318 -0.1514082 0.01628566 0.02045534 -0.151774 0.02401079 0.02222919 -0.1421983 0.01368989 0.01940248 -0.1825766 0.04063166 0.02085352 -0.1745462 0.03437134 0.02170588 -0.1673482 0.02677186 0.02117521 -0.1619263 0.01822433 0.02003738 -0.1585333 0.00915991 0.0191242 -0.1557067 -4.484472e-18 0.01899972 -0.1466374 0.007503126 0.01927864 -0.1561402 0.008888401 0.01944508 -0.1605323 0.01801274 0.02050471 -0.1657311 0.0265365 0.02223093 -0.1730549 0.0341684 0.02378497 -0.1819214 0.04049973 0.02423149 -0.1910681 0.04519769 0.02283074 -0.1662617 0.03923574 0.02889481 -0.1736092 0.03984592 0.02906566 -0.177109 0.04010278 0.0286393 -0.1704766 0.04427831 0.03301147 -0.1797833 0.04468073 0.03321692 -0.1842461 0.0448499 0.03274328 -0.1879263 0.0449942 0.03061442 -0.2002786 0.0480345 0.02503977 -0.1965203 0.04796651 0.03474491 -0.2009667 0.04874281 0.0369622 -0.194421 0.04794339 0.03632135 -0.198666 0.04873733 0.0387151 -0.1919935 0.04791802 0.03740597 -0.136766 -0.03314874 0.02386192 -0.1373655 -0.02603024 0.02099078 -0.1377727 -0.01914774 0.01910855 -0.1379935 -0.01256037 0.01796202 -0.1380667 -0.006214127 0.01736976 -0.1380679 -6.298613e-18 0.017193 -0.1379935 0.01256037 0.01796202 -0.1420974 0.02062436 0.02069964 -0.1377727 0.01914774 0.01910855 -0.1419071 0.02761285 0.02271023 -0.1373655 0.02603024 0.02099078 -0.1416238 0.03455535 0.02563219 -0.136766 0.03314874 0.02386192 -0.1359962 0.04019185 0.02811335 -0.1306011 0.01066588 0.01327084 -0.1275831 0.009890616 0.01006613 -0.125131 0.009223143 0.006357649 -0.1233263 0.008658307 0.002221758 -0.1222087 0.008190959 -0.002254386 -0.1111284 0.04809339 0.02992616 -0.1118759 0.04783432 0.02709469 -0.1154781 0.04733456 0.02870117 -0.1265187 0.03850771 0.0236374 -0.1215022 0.04167533 0.0236256 -0.1225596 0.03777951 0.02037481 -0.1180874 0.04117144 0.01970861 -0.1193061 0.03712325 0.01640494 -0.1155073 0.04070648 0.01521586 -0.1168564 0.03653599 0.01189598 -0.1138018 0.04027909 0.01031087 -0.1152503 0.03601475 0.006999896 -0.1081015 0.03891812 -0.008407272 -0.2098554 0.04900192 0.02742429 -0.2194322 0.0480345 0.02981829 -0.2096989 0.04900284 0.03079008 -0.200118 0.04802138 0.0278133 -0.1994434 0.0480056 0.03041596 -0.1903278 0.04511101 0.0271476 -0.2072385 0.04873733 0.04364851 -0.2099456 0.04874281 0.04152596 -0.2054562 0.04900638 0.03924214 -0.1982187 0.04798728 0.03275138 -0.2074751 0.0490051 0.03680354 -0.2089205 0.04900391 0.03395579 -0.2183975 0.0480056 0.0375084 -0.2192797 0.04802138 0.0337781 -0.2284949 0.04515828 0.03656104 -0.2371343 0.04063166 0.03405813 -0.1708573 0.03391797 0.02512066 -0.1800033 0.04032208 0.02694818 -0.1798704 0.04901722 0.04349378 -0.1934784 0.04901198 0.04331603 -0.1968474 0.04901055 0.04318447 -0.2000522 0.04900913 0.04252508 -0.2029522 0.04900773 0.04117975 -0.1560484 0.04902068 0.04349606 -0.1774604 0.04868301 0.04063321 -0.1899689 0.04871739 0.04060969 -0.1930617 0.04872461 0.04050987 -0.1960033 0.04873127 0.03992602 -0.2445813 0.03452209 0.03579337 -0.2369924 0.04057167 0.03905631 -0.2275132 0.04511101 0.04081012 -0.2167316 0.04798728 0.04086978 -0.1341372 0.04888209 0.04260115 -0.146935 0.04900477 0.04349293 -0.1468979 0.04846943 0.03988451 -0.1555104 0.04859005 0.04026432 -0.15498 0.04738197 0.03723088 -0.1750751 0.04772408 0.03789991 -0.1864939 0.04786092 0.03799791 -0.1282657 0.04877571 0.04163067 -0.1346229 0.04816272 0.03825759 -0.1468616 0.04699084 0.03654635 -0.1544643 0.04556558 0.03448655 -0.2506977 0.02710433 0.03721454 -0.256763 0.01411345 0.04478012 -0.2552472 0.0186604 0.0382787 -0.2580522 0.009510147 0.03894494 -0.122828 0.04864179 0.04021056 -0.1289947 0.04798042 0.03692772 -0.1351002 0.04620925 0.03431004 -0.1468265 0.04482615 0.03359907 -0.1539704 0.04329064 0.03203809 -0.1530734 0.03774366 0.02792728 -0.1523319 0.0312284 0.02469997 -0.1466588 0.02226629 0.02167524 -0.1466894 0.02936779 0.02388865 -0.1467348 0.03610639 0.0269362 -0.1467933 0.04219931 0.03104396 -0.1355605 0.04343413 0.03093129 -0.1297112 0.04583132 0.03267337 -0.1237906 0.04778069 0.03516878 -0.1180652 0.04848219 0.03767519 -0.1127807 0.04733456 0.03962502 -0.1081688 0.04441021 0.04045001 -0.1304028 0.04280531 0.02906225 -0.124737 0.04546225 0.0306216 -0.1192366 0.04756493 0.03238173 -0.1141294 0.04829876 0.03416831 -0.1096365 0.04709096 0.03549553 -0.1059241 0.04407861 0.03578429 -0.1044003 0.04027909 0.03988854 -0.09752925 0.03891812 0.02125685 -0.09632724 0.02643227 0.03794557 -0.1301205 -0.01666437 0.01427774 -0.126979 -0.01564443 0.01099264 -0.1244213 -0.01476351 0.00717908 -0.122532 -0.01401502 0.002929364 -0.1213515 -0.01339237 -0.001658286 -0.1166235 0.0120282 -0.0196154 -0.12806 0.03074689 0.01903761 -0.1244424 0.02974054 0.01568222 -0.121479 0.02885649 0.01170132 -0.1192634 0.0280892 0.007233748 -0.1178358 0.0274331 0.002410474 -0.1097317 0.03453074 -0.01165378 -0.1022881 0.03804969 -0.0250756 -0.1301205 0.01666437 0.01427774 -0.126979 0.01564443 0.01099264 -0.1244213 0.01476351 0.00717908 -0.122532 0.01401502 0.002929364 -0.1213515 0.01339237 -0.001658286 -0.1149708 0.01819225 -0.01845685 -0.1066485 0.02552058 -0.03262235 -0.1005823 0.0337815 -0.03582887 -0.1292756 0.02335512 0.01608768 -0.1259339 0.02224901 0.01274088 -0.1232054 0.02128815 0.008826243 -0.121179 0.02046573 0.004457111 -0.1198949 0.01977494 -0.0002535456 -0.1126447 0.02580954 -0.01604024 -0.1038502 0.03386597 -0.02825624 -0.09913479 0.03777305 -0.03268695 -0.09445332 0.04491716 -0.01863836 -0.09525158 0.04466419 -0.02135494 -0.09809361 0.04529754 -0.01344453 -0.09723105 0.04556387 -0.01064318 -0.1037174 0.04652313 0.003583455 -0.1168046 0.04475148 0.02380048 -0.1140879 0.04441021 0.01935787 -0.1122779 0.04407861 0.01446998 -0.1063874 0.04285314 -0.004274328 -0.1006473 0.04179903 -0.02105469 -0.09761537 0.04134036 -0.0287515 -0.09347505 0.04092948 -0.03516788 -0.09081302 0.04074247 -0.03768312 -0.1126203 0.04709096 0.02434547 -0.1107025 0.04683554 0.0195033 -0.1046159 0.04572375 0.0007778448 -0.09895277 0.04453509 -0.01615937 -0.09604674 0.04393998 -0.02398931 -0.0921502 0.04335932 -0.03063115 -0.08962802 0.0430779 -0.03329261 -0.08673543 0.04280432 -0.03543931 -0.0835479 0.04253995 -0.03703696 -0.08014306 0.0422862 -0.03806729 -0.0868504 0.03758697 -0.01222561 -0.08813325 0.04092948 -0.01595878 -0.09129128 0.04134036 -0.008564073 -0.09285989 0.04393998 -0.01329732 -0.09550933 0.04453509 -0.005138262 -0.1028154 0.04680223 0.006479265 -0.1099034 0.047601 0.02228441 -0.09065993 0.01819225 0.03097915 -0.08900725 0.0120282 0.03214567 -0.08395605 0.01214968 0.01473322 -0.08298322 0.007343797 0.01536037 -0.08120749 0.007746407 0.007432665 -0.09080415 0.04427195 -0.02554711 -0.08721976 0.0430779 -0.02347136 -0.08842389 0.04395455 -0.02837829 -0.08461357 0.04280432 -0.0260015 -0.02283626 0.04057027 -0.03533003 -0.0408872 0.04086563 -0.0375017 -0.04186565 0.04051051 -0.03498449 -0.05177501 0.04126418 -0.03750092 -0.05200861 0.04080558 -0.0346303 -0.0582316 0.04158948 -0.03742798 -0.05817812 0.04106538 -0.03432481 -0.06543823 0.04200386 -0.03683692 -0.06516185 0.04140551 -0.03342091 -0.07252438 0.04249419 -0.0356332 -0.07201008 0.04181619 -0.03182718 -0.07936671 0.04304557 -0.03380054 -0.07859035 0.0422862 -0.02953848 -0.0826301 0.04333951 -0.0325307 -0.0856745 0.04364312 -0.03071716 -0.08356965 0.04056803 -0.0217972 -0.0770882 0.03744308 -0.0225491 -0.0778267 0.04025766 -0.02573122 -0.07101532 0.03746354 -0.02555151 -0.07150429 0.04000004 -0.02841791 -0.06462719 0.03753115 -0.02773276 -0.06489002 0.03979679 -0.03034516 -0.05807459 0.03763503 -0.02908452 -0.0581255 0.03964958 -0.03150956 -0.05223911 0.03955943 -0.03200173 -0.04283257 0.03953081 -0.03263663 -0.02533001 0.0398868 -0.03329266 -0.08945811 0.04335932 -0.02047135 -0.08603476 0.04074247 -0.01910245 -0.08255946 0.0374806 -0.0182985 -0.0815985 0.03398982 -0.01547152 -0.0763864 0.03423518 -0.0199605 -0.07513472 0.02752407 -0.01618853 -0.06972381 0.02830345 -0.01971382 -0.06906799 0.0221008 -0.0173981 -0.05828508 -0.04106538 -0.04053138 -0.0582316 -0.04158948 -0.03742798 -0.06543823 -0.04200386 -0.03683692 -0.06516185 -0.04140551 -0.03342091 -0.07201008 -0.04181619 -0.03182718 -0.07150429 -0.04000004 -0.02841791 -0.0778267 -0.04025766 -0.02573122 -0.0770882 -0.03744308 -0.0225491 -0.08255946 -0.0374806 -0.0182985 -0.0815985 -0.03398982 -0.01547152 -0.08562889 -0.03383069 -0.009235625 -0.07988048 -0.02681165 -0.0114058 -0.08344018 -0.02621062 -0.005008736 -0.07850718 -0.02011896 -0.00883267 -0.08168215 -0.01927879 -0.002413235 -0.07752963 -0.01419394 -0.007236897 -0.08042029 -0.01333461 -0.0008618176 -0.07694738 -0.009000525 -0.006297478 -0.07965704 -0.008312383 1.435396e-05 -0.07665711 -1.39215e-17 -0.005666765 -0.07925748 -1.331657e-17 0.0005745948 -0.07694738 0.009000525 -0.006297478 -0.07965704 0.008312383 1.435396e-05 -0.08042029 0.01333461 -0.0008618176 -0.08212743 0.0126356 0.006665617 -0.08363569 0.01861165 0.005222632 -0.08556708 0.01817191 0.01344489 -0.08781358 0.02552058 0.0110409 -0.09298601 0.02580954 0.02866342 -0.09589905 0.03453074 0.02443028 -0.0991405 0.03515848 0.03363695 -0.109101 0.04786791 0.0251507 -0.1074996 0.04683554 0.03078609 -0.1010149 0.04572375 0.01216785 -0.09924332 0.04285314 0.01718251 -0.09381475 0.04179903 -0.0002759318 -0.09217401 0.03804969 0.003693436 -0.08977185 0.03777305 -0.004673868 -0.0883243 0.0337815 -0.001588385 -0.08562889 0.03383069 -0.009235625 -0.08344018 0.02621062 -0.005008736 -0.07988048 0.02681165 -0.0114058 -0.07850718 0.02011896 -0.00883267 -0.07413936 0.02107776 -0.01374833 -0.07343725 0.01516081 -0.01219729 -0.0683411 0.01057852 -0.01494289 -0.07343725 -0.01516081 -0.01219729 -0.0683411 -0.01057852 -0.01494289 -0.07302617 -0.009769635 -0.01126109 -0.06822022 -1.515611e-17 -0.01427716 -0.0728329 -1.451063e-17 -0.01061647 -0.07302617 0.009769635 -0.01126109 -0.07752963 0.01419394 -0.007236897 -0.08168215 0.01927879 -0.002413235 -0.08572731 0.02576545 0.002689353 -0.0906119 0.03386597 0.006809789 -0.1203886 0.04510223 0.02762203 -0.1256513 0.0422195 0.02678267 -0.1310582 0.03931084 0.02608278 -0.1322195 0.0318811 0.02167107 -0.1331294 0.02461326 0.01878157 -0.1337546 0.01782995 0.01695843 -0.1341019 0.01155408 0.01590254 -0.134234 -6.784839e-18 0.0152488 -0.1342259 -0.005671493 0.01539191 -0.1341019 -0.01155408 0.01590254 -0.1337546 -0.01782995 0.01695843 -0.1331294 -0.02461326 0.01878157 -0.1322195 -0.0318811 0.02167107 -0.1310582 -0.03931084 0.02608278 -0.1304028 -0.04280531 0.02906225 -0.1297112 -0.04583132 0.03267337 -0.1289947 -0.04798042 0.03692772 -0.1282657 -0.04877571 0.04163067 0.04129995 -0.004065069 -0.03060336 0.04050744 -0.008085912 -0.03492771 0.03814476 -0.01585895 -0.03434261 0.0343067 -0.02301846 -0.03340961 0.02914011 -0.0292879 -0.03216651 0.02284326 -0.03442613 -0.03065328</float_array>
          <technique_common>
            <accessor count="4571" source="#verts-array-array" stride="3">
              <param type="float" name="X" />
              <param type="float" name="Y" />
              <param type="float" name="Z" />
            </accessor>
          </technique_common>
        </source>
        <source id="normals-array">
          <float_array count="13713" id="normals-array-array">0.655604 -0.377157 -0.6541682 0.3778705 -0.6545711 -0.6547905 0 0 -1 0.002107288 -0.7544999 -0.6562968 -0.3809742 -0.6525886 -0.6549708 0.3814145 0.6541988 -0.6531056 0.6557794 0.381161 -0.6516669 0.7573318 -6.390752e-05 -0.6530303 -0.6550047 0.3698916 -0.6588999 -0.3712376 0.6520383 -0.6610814 0.00427364 0.754324 -0.6564884 -0.6504387 -0.3829317 -0.6559671 -0.7528969 0.004087965 -0.6581258 0.6621452 -0.3797061 -0.6460549 0.3849189 -0.6518756 -0.6533725 0 0 -1 0.000942374 -0.7528604 -0.6581796 -0.3786434 -0.6517078 -0.6571957 0.400502 0.6427096 -0.6530869 0.6622414 0.3766028 -0.6477705 0.764499 -0.002824669 -0.6446187 -0.6521878 0.3782739 -0.6569322 -0.3864162 0.644863 -0.6594196 -0.002911739 0.7425612 -0.6697719 -0.6577077 -0.3753981 -0.6530673 -0.7549089 -0.007397903 -0.6557879 0.6667819 -0.3643126 -0.650137 0.3788078 -0.6428146 -0.6658033 0 0 -1 0.0007306262 -0.7410897 -0.6714056 -0.3946618 -0.6440158 -0.6553516 0.3831098 0.6514531 -0.6548555 0.6541846 0.3822913 -0.652607 0.7587036 -0.007879826 -0.6513884 -0.6614636 0.3798395 -0.6466745 -0.3846678 0.6518621 -0.6535339 -0.0009773829 0.7527561 -0.6582988 -0.6665442 -0.3753272 -0.6440872 -0.7644063 0.0002354188 -0.6447348 0.6620394 -0.3721473 -0.6505461 0.3721754 -0.6601987 -0.652398 0 0 -1 0.01313638 -0.7539603 -0.6567886 -0.3792082 -0.6461947 -0.6622942 0.3755572 0.6553919 -0.6553 0.6524995 0.3772749 -0.6571971 0.757905 -0.008045692 -0.6523153 -0.656003 0.3786859 -0.6528836 -0.378282 0.6572718 -0.6518409 -0.00122361 0.7576652 -0.6526423 -0.658655 -0.3706652 -0.6548136 -0.7568899 -0.0007169027 -0.653542 0.6652724 -0.2462817 0.7048106 0.6724196 0.4738526 0.5686084 -0.4666835 0.6439322 0.6062655 -0.6793462 0.2266363 0.6979432 -0.6639768 0.258081 0.7018041 0.681071 -0.2319717 0.6945009 0.4608503 -0.633605 0.621419 -0.01776705 0.2309402 0.9728057 -0.4627397 -0.6307552 0.6229124 0.4641045 -0.6601726 0.5905753 0.6733092 0.4748999 0.5666788 0.2839993 -0.2002654 0.937677 0.3138417 0.3974958 0.8622647 -0.6753994 -0.1948801 0.7112365 0.6623801 0.2491665 0.7065187 -0.6779503 -0.2239674 0.7001586 -0.6697943 0.4736345 0.5718793 0.464628 0.6367012 0.6154124 -0.7482182 -0.346521 0.5657674 -0.0001005709 -0.6775285 0.7354965 -0.5328833 0.4953492 0.68605 0.3341628 -0.6820918 0.6504507 0.551683 -0.412588 0.7248565 -0.5373732 0.4785452 0.6944238 -0.5487061 0.4799207 0.684542 -0.5444023 0.4897035 0.6810409 -0.5739986 -0.5596542 0.5977564 0.5746306 -0.5577643 0.5989146 -0.06590423 -0.1454627 0.9871663 0.7183856 0.04700219 0.6940554 0.7068076 0.02327324 0.7070229 0.5758556 0.5698288 0.5862469 -0.5760197 0.5694928 0.5864122 0.714478 0.003944945 0.6996468 -0.06696087 0.1730698 0.9826307 -0.4753761 0.02053862 0.8795429 -0.5432066 -0.461151 0.701617 0.5473247 0.4313535 0.7171958 -0.5497902 -0.4712375 0.6896855 0.3344269 0.697185 0.634107 -0.001778786 0.6907174 0.7231226 -0.5387597 -0.4770897 0.694351 -0.7514171 0.3505658 0.5589955 0.6724012 0.2137645 0.7086476 0.4658969 0.6443912 0.6063827 -0.00396728 0.6948167 0.7191759 -0.6828372 -0.2504253 0.6863093 -0.6545565 -0.2289665 0.7205068 0.009259677 0.005993094 0.9999392 -0.6776013 -0.2008212 0.7074796 -0.4640258 -0.6339117 0.6187374 0.003942948 -0.6823012 0.7310606 -0.002143685 0.2308497 0.972987 0.6608651 0.2526146 0.7067129 0.00208251 0.01812285 0.9998336 -0.2844481 -0.1997705 0.9376465 -0.6644621 0.2587364 0.7011031 0.664804 -0.2437479 0.7061322 -0.6652484 -0.2463285 0.7048169 -0.4641037 -0.6600664 0.5906946 0.6697935 0.4736985 0.5718272 -0.4646797 0.6368457 0.6152238 -0.3138118 0.3976585 0.8622006 -3.522161e-05 0.7005198 0.7136329 -0.6733535 0.4749728 0.566565 -0.7022481 -0.2093578 0.6804534 0.4617355 -0.6332411 0.6211328 0.6805139 -0.2293283 0.6959234 -0.670742 0.4699204 0.5738292 0.6777968 0.2327493 0.6974377 -0.7275904 0.08164608 0.6811359 0.6840477 -0.0630264 0.7267093 0.7048549 -0.1824172 0.6854951 -0.9139398 0.3259374 0.2418239 0.4291716 -0.2130529 0.8777358 -0.547474 0.3393595 0.7649231 0.5822908 -0.3508093 0.7333964 -0.6529927 0.6126677 0.4452402 0.4757548 -0.5477335 0.688219 -0.3006896 0.7897345 0.5347009 0.3116034 -0.5792486 0.7532426 -0.2669176 0.7734845 0.574871 0.04582646 -0.6810845 0.7307693 0.03621608 0.7277171 0.6849205 0.5688875 -0.5860025 0.5770339 0.7090375 -0.02520348 0.7047202 -0.4898641 -0.6397649 0.592228 0.7143106 -0.01529651 0.6996617 -0.3554028 -0.07370079 0.9318031 0.715768 0.01026646 0.6982627 -0.4767415 -0.19743 0.8565856 0.8857835 0.2643232 0.3814719 -0.5928583 -0.3057316 0.7450149 0.8854573 0.3017507 0.3534289 -0.3780065 -0.4071867 0.8314506 0.5165797 0.7639463 0.3866931 -0.3028908 -0.5978521 0.7421792 0.4229313 0.7586221 0.4956023 -0.2007944 -0.7140987 0.67063 0.2785626 0.8673206 0.4125019 0.1338776 0.9325234 0.3353756 -0.6722124 -0.00703294 0.740325 -0.7119635 0.0101139 0.7021436 0.7064228 0.01624627 0.7076036 -0.7073047 0.01782135 0.7066841 0.7131276 0.03517083 0.7001514 -0.7130812 0.03720205 0.7000937 0.5732964 -0.5561246 0.6017114 -0.573427 -0.5560378 0.6016672 0.6564054 0.3811924 0.6510179 0.3803273 0.6576688 0.6502483 0 0 1 0.001845868 0.7580892 0.6521483 -0.3788717 0.655624 0.6531565 0.3744653 -0.6528134 0.658491 0.655813 -0.3729378 0.6563739 0.7571765 0.0006090821 0.6532101 -0.6557277 -0.3787145 0.6531436 -0.3785794 -0.6560353 0.652913 -0.002721941 -0.7558182 0.6547759 -0.6539312 0.3796664 0.6543909 -0.7560007 -0.001554292 0.654569 0.6531041 0.3764596 0.657064 0.3749789 0.6557663 0.6552567 0 0 1 0.000156776 0.7568301 0.6536117 -0.3808404 0.6556655 0.6519688 0.3777241 -0.6557014 0.6537432 0.6553967 -0.3777272 0.6540469 0.7554953 -0.002174772 0.6551505 -0.6557627 -0.3776993 0.653696 -0.3789302 -0.6536454 0.6551027 0.001884469 -0.7559244 0.6546562 -0.6570743 0.3799556 0.6510661 -0.7579622 0.001046951 0.6522976 0.6563732 0.3796813 0.6519328 0.3812992 0.6527123 0.6546584 0 0 1 -0.0007562204 0.7542494 0.6565875 -0.3765307 0.6535708 0.656559 0.3831873 -0.6505161 0.6557411 0.6567176 -0.378836 0.6520776 0.7579721 -0.0004369675 0.6522869 -0.6519232 -0.3750063 0.6590648 -0.3762651 -0.6496 0.6606394 0.0006687907 -0.7503289 0.6610644 -0.654432 0.3762024 0.6558891 -0.7542795 0.002419658 0.656549 0.6517449 0.3754783 0.6589723 0.3750284 0.6520658 0.6589111 0 0 1 -0.003124837 0.7551421 0.6555536 -0.3795087 0.6546552 0.6537581 0.3763516 -0.6537831 0.6564503 0.653287 -0.3767296 0.6567274 0.7534768 -0.001533902 0.6574727 -0.6557719 -0.3801404 0.6522703 -0.3814234 -0.6526993 0.654599 0.0009685228 -0.7544465 0.6563608 -0.6573728 0.3779773 0.6519158 -0.7578348 0.001543018 0.6524447 0.9787845 0.08006481 -0.1886014 0.9860132 0.1479844 -0.07667171 -0.3338048 0.9376882 -0.09651535 -0.4393022 0.8790525 -0.1851495 -0.4942243 0.8604906 -0.123686 -0.6395278 0.7648867 -0.07715217 0.1174058 0.9009298 -0.4177815 -0.078952 0.9935247 0.08170275 0.2857312 0.9548602 -0.08123831 0.5328076 0.8456192 -0.03231435 -0.7376932 0.6595638 -0.1441678 -0.8351943 0.5464694 -0.06181914 -0.9539603 -0.2352221 -0.1860921 -0.815529 -0.3997178 -0.4184951 -0.9467806 0.306331 0.09883202 -0.9061758 0.1706502 -0.3869417 -0.9222831 0.3320163 -0.1978866 -0.9753725 -0.2205641 0.0001641497 -0.8324729 -0.5503819 -0.06378578 -0.2890415 -0.9356472 -0.2025325 -0.7063113 -0.7055103 0.0581346 -0.6733922 -0.702058 -0.2316409 -0.7560289 -0.6289496 -0.1812255 -0.1740215 -0.9794197 -0.1022423 -0.2921472 -0.9370494 -0.1912808 0.5628812 -0.8134148 -0.1467005 0.3644367 -0.906965 0.2111878 0.2875007 -0.9340075 -0.212069 -0.1483614 -0.9271609 0.3440372 0.5670057 -0.8090311 -0.1548325 0.746671 -0.646059 0.1583989 0.9045218 -0.4249739 -0.03517828 0.8121561 -0.5830162 -0.02223704 0.8121772 -0.5829863 -0.0222501 0.9983636 -0.01959967 -0.05372102 0.8626525 0.4240095 -0.2757656 0.8542908 0.5173949 0.04989602 0.724261 0.6879511 -0.04657584 0.7272946 0.6818663 -0.07810819 0.8404642 0.4833108 -0.2450114 -0.05657034 0.9966217 -0.05953985 0.1476933 0.9889543 -0.01249285 0.2061177 0.9644453 -0.1654111 0.3742192 0.9271276 0.01985809 -0.5919123 0.7864086 -0.1766391 -0.3487017 0.933595 -0.08250778 -0.2044015 0.951561 -0.2296773 -0.1785311 0.9813294 -0.07154842 -0.760182 0.6471914 0.05715404 -0.9418925 0.2025491 -0.2679784 -0.9450374 0.2036714 -0.2557777 -0.6604798 0.7507197 -0.01365075 -0.6481473 0.7080103 -0.2804042 -0.5922022 0.7781168 -0.2093579 -0.9884537 0.1509688 -0.01295117 -0.8910934 0.163681 0.4232742 -0.8597727 -0.4430869 -0.2538994 -0.9939367 -0.1025142 0.03975708 -0.4719174 -0.873107 0.1223853 -0.6025508 -0.7677355 -0.2179787 -0.8052125 -0.5813334 0.11698 -0.8931162 -0.4095216 -0.1861063 0.04568519 -0.9900449 0.133131 -0.08539461 -0.9963395 -0.003919287 -0.2382399 -0.9662341 -0.09814972 -0.408375 -0.9081625 0.09203689 0.408908 -0.9091268 0.07926347 0.170798 -0.9696792 -0.1747867 0.778423 -0.5986017 0.1890333 0.484697 -0.8526118 -0.1952485 0.5022656 -0.8515557 -0.1502737 0.9422407 -0.1829867 -0.2805322 0.9495521 -0.1814808 -0.2557645 0.9672295 -0.1288282 -0.2187929 0.964911 -0.2550715 0.06233199 0.7245 -0.6322845 -0.2744376 0.7236555 -0.6266408 -0.2892127 0.5028584 0.8439671 -0.1866893 0.596962 0.7689035 -0.2289626 0.6828377 0.7292752 -0.04347836 0.8878169 0.3683239 -0.2758962 0.9012484 0.2989491 -0.3136572 0.9385476 0.3448651 0.01401645 -0.5097935 0.845668 -0.1579752 -0.5419356 0.8402325 -0.01775398 -0.4596129 0.8864317 0.05472463 -0.1767618 0.9746414 -0.1372205 -0.07981126 0.9942277 0.07170405 -0.746016 0.6135785 -0.2588078 -0.7821007 0.6168482 0.08841232 -0.9471809 0.1712686 -0.2711374 -0.9285928 0.2074245 -0.3077183 -0.975997 0.1963282 0.09426104 -0.7696389 0.5927846 -0.2371968 -0.6331558 -0.7714675 -0.06286176 -0.5392715 -0.8037464 -0.2513521 -0.4827195 -0.8525536 -0.2003356 -0.4249783 -0.8877759 -0.1767693 -0.8788766 -0.3336739 -0.3409365 -0.9124865 -0.335913 -0.2335182 -0.9098595 -0.4147538 0.01161752 0.04522088 -0.9968528 -0.0651126 -0.1579922 -0.9768405 -0.144295 -0.2954069 -0.9552857 0.01280353 0.6105901 -0.7595957 -0.2240405 0.3407433 -0.9349074 -0.09920725 0.2106942 -0.9661459 -0.1488963 0.1931834 -0.9629935 -0.187946 0.6015179 -0.7807532 -0.1691172 0.7293107 -0.6804081 -0.07176897 0.9563294 0.2066144 -0.2067476 0.9603759 0.2013716 -0.1926854 0.9684772 -0.2483964 0.0187403 0.9192798 -0.2013322 -0.338216 0.9150352 -0.2625988 -0.3061902 0.9307803 0.2634023 -0.2535098 0.9365616 0.3403109 0.08391043 0.1109741 0.9894566 -0.09306075 0.3690723 0.9261547 0.07760874 0.3581077 0.9170745 -0.1753086 0.3711718 0.904809 -0.2086914 0.6992319 0.687548 0.1958381 0.6656756 0.6919269 -0.2794874 0.6814249 0.6819398 -0.265741 -0.9751117 -0.02471955 -0.2203318 -0.9945916 -0.0311291 -0.09908836 -0.4773682 0.8525141 -0.2129303 -0.532269 0.837599 -0.1229533 -0.09635485 0.9807288 -0.1699612 0.06701994 0.996354 0.05279157 0.5413765 0.8282912 0.1443786 0.6334708 0.7675827 -0.09762966 0.3358882 0.9323087 -0.1340881 -0.4124158 0.9088442 -0.06257393 -0.9280956 0.3597221 -0.09611733 -0.8469303 0.487925 -0.2112779 -0.8030832 0.542409 -0.2466777 -0.8360077 0.5485485 0.01362366 -0.9989986 0.01581281 -0.04185396 -0.7127326 -0.6955284 -0.09084322 -0.5819524 -0.7999501 -0.1463261 -0.5503196 -0.8343843 0.03084288 -0.8395599 -0.5330678 -0.1047754 -0.8587483 -0.4698802 -0.2043623 -0.9263056 -0.3606384 -0.1090772 0.1616943 -0.9858167 -0.04494794 -0.05834739 -0.9973644 -0.04312597 -0.1404686 -0.98813 -0.06219125 -0.2897208 -0.9499847 -0.1165798 0.5868097 -0.7401659 -0.3283425 0.5439564 -0.8246592 -0.1550763 0.5342075 -0.8432477 0.05962991 0.8892047 -0.4402588 -0.1244472 0.9874178 0.1149029 -0.1086437 0.9822686 0.1252535 -0.1394988 0.9633762 -0.2642581 0.04554081 0.9332328 -0.2120268 -0.2900365 0.9295716 -0.2507471 -0.270227 0.9693959 0.2448716 -0.017592 0.8775718 0.4772554 -0.0457724 0.6335251 0.76749 -0.09800543 0.7966749 0.6037595 -0.02799408 0.8823021 0.4705656 -0.0105373 0.670944 -0.4745249 0.5697897 0.2422611 -0.3946947 0.8862989 -0.0005383628 0.8478221 0.5302806 -0.6967838 0.2381243 0.6766012 -0.6362918 0.223861 0.738254 -0.3091131 0.3584247 0.8808977 0.2272265 0.1422917 0.9633905 0.6695036 -0.2534995 0.6982141 0.6614453 -0.2122805 0.7193241 0.6717994 -0.1720057 0.7204857 0.281494 -0.3319155 0.9003295 -0.3163511 -0.322421 0.8921697 -0.674415 -0.1896503 0.7135805 -0.6621507 -0.205905 0.7205273 -0.6674891 -0.2487355 0.7018468 -0.2834756 0.1420062 0.948407 0.3088166 0.3593495 0.8806249 0.4646478 0.6367146 0.6153835 0.2711634 0.1585952 0.9493777 -0.3234825 -0.2032251 0.9241529 -0.7072567 0.0465046 0.7054256 -0.2780653 -0.7701531 0.5740591 0.2668334 -0.4503281 0.852059 0.5567056 -0.4126734 0.7209574 -0.0007981984 -0.6563034 0.7544966 -0.2260225 0.002502168 0.9741189 -0.5346323 0.483445 0.6931444 -0.7919935 0.004677355 0.6105116 -0.5359484 0.4785692 0.6955076 -0.5429433 -0.4448393 0.7122714 -0.5402593 -0.4682961 0.6991557 -0.2219195 0.04576792 0.9739903 0.256477 0.4830774 0.8371713 -5.775313e-05 0.6790536 0.7340886 -0.281178 0.7802142 0.5587529 0.5505373 0.4326217 0.7139658 -0.7071396 -0.02220923 0.706725 -0.3124401 0.2489776 0.9167286 0.3110721 0.2500784 0.9168942 0.7047523 -0.01965825 0.709181 0.6966721 0.009035165 0.7173328 0.7071719 0.0418203 0.7058038 0.3214221 -0.2038619 0.9247314 0.3070436 0.3626637 0.8798859 0.6940838 0.2234601 0.6843341 0.6543148 0.2416549 0.7165717 0.6523548 0.2503783 0.7153628 -4.960837e-05 0.8483018 0.529513 -0.6709767 -0.474601 0.5696878 -0.004764687 -0.6997922 0.7143306 -0.2594656 -0.4142727 0.8723851 -0.2257152 0.1834824 0.9567585 -0.4640741 0.6361492 0.6164004 -0.001061714 0.6865228 0.7271075 -0.3070683 0.3635134 0.8795266 0.2836464 0.1438394 0.9480796 0.6617986 -0.2329118 0.7125832 0.6435102 -0.2217269 0.7326198 0.6747241 -0.1919688 0.7126678 0.314447 -0.3294866 0.8902594 -0.0001268656 -0.6580326 0.7529894 -0.3163236 -0.329416 0.8896204 -0.6770428 -0.192265 0.7103853 -0.6637859 -0.2118879 0.7172809 -0.667813 -0.2500847 0.7010588 -0.284041 0.1329215 0.9495539 -0.3169527 -0.1934349 0.9285063 0.3217616 -0.19417 0.9266971 -0.7171688 0.03929643 0.6957907 -0.6634666 0.04244786 0.7470008 -0.707394 0.007634696 0.7067782 -0.7045458 0.00406254 0.7096469 -0.6567505 0.05815494 0.7518622 -0.625241 0.0161209 0.7802652 -0.6719039 -0.01005524 0.7405701 0.04209737 0.6240367 0.7802602 -0.06270092 0.1837474 0.9809717 -0.342531 0.7522741 0.562811 -0.2762504 0.2919401 0.9156728 -0.5502322 0.4227588 0.720083 -0.4320168 0.2500615 0.8665049 0.2140942 0.8840701 0.415432 0.138499 0.288968 0.9472674 0.6026638 0.6722676 0.4299449 0.2983619 0.2176637 0.9293023 0.8806478 0.2933727 0.3720105 0.3448594 0.06353945 0.9365013 0.6982553 0.002116624 0.7158457 0.708238 -0.02150507 0.7056461 0.304418 -0.2803936 0.9103346 -0.2993191 -0.3600936 0.8835953 -0.6548287 -0.3453081 0.6722809 -0.4814505 -0.1780391 0.8582002 0.06885696 -0.7432199 0.6654945 -0.1951913 -0.8325062 0.5184918 -0.2141854 -0.6868218 0.6945505 -0.3586573 -0.6556576 0.6644382 0.3419452 -0.674606 0.654202 0.4511288 -0.5511393 0.7019461 0.5892925 -0.6036303 0.5369961 0.6443023 -0.3559432 0.6768892 0.7207862 -0.05543547 0.6909372 0.6575605 -0.2207895 0.7203236 0.8680322 -0.1135999 0.4833375 0.7075243 0.0261139 0.7062064 0.7043415 0.06912511 0.7064876 0.7007202 0.04595532 0.7119546 -0.6604088 0.5628595 0.4970406 -0.7301404 0.5166768 0.4471466 0.1641745 0.8304211 0.532398 0.1531697 0.844137 0.5137819 -0.0947384 0.8895366 0.4469332 -0.2793006 0.8543742 0.438219 -0.07553759 0.8828082 0.4636204 0.366183 0.234252 0.9005754 0.3404193 0.398669 0.8515737 0.3151946 0.6823706 0.6595625 0.312223 0.7132172 0.6275652 0.3097438 0.7048913 0.638112 -0.271649 -0.4541971 0.8484762 -0.1880964 -0.3743168 0.9080235 0.06594315 -0.1948486 0.9786141 0.2811561 0.09275939 0.9551685 -0.5810411 -0.4732063 0.6621684 -0.5481953 -0.4299771 0.7173574 -0.2662456 -0.4375924 0.8588517 -0.8814972 0.07737679 0.4658063 -0.7811845 -0.324634 0.5332574 -0.7779198 -0.3052946 0.5492139 -0.8884689 -0.1383839 0.4375762 -0.880968 -0.1278013 0.4555899 -0.8828413 0.157456 0.4424917 -0.8575595 0.2746664 0.4349139 -0.7430584 0.4814049 0.4648801 -0.8060765 0.3943073 0.4413189 -0.8688617 0.2851086 0.4047128 -0.2718644 0.8694859 0.4124124 -0.3951331 0.8096748 0.4339315 -0.4782519 0.7596461 0.440696 -0.5648414 0.693147 0.4477739 -0.5967017 0.6839032 0.4197898 -0.6244264 0.6274547 0.4651798 -0.9079178 0.05156976 0.4159638 -0.8928789 -0.0005035873 0.4502966 -0.8383849 -0.3260351 0.4368201 -0.8426865 -0.3501423 0.4089986 -0.7173024 -0.5047144 0.4803548 -0.7077051 -0.5489961 0.4446985 -0.005939507 0.2464461 0.9691383 0.2086456 0.02283205 0.9777248 0.3261319 -0.0937472 0.9406644 -0.299253 0.4092942 0.8619315 -0.4039734 0.4593898 0.791054 -0.3898369 0.5775323 0.7172751 -0.2847667 0.5846413 0.7596726 0.3289624 -0.2833728 0.9008239 0.3391215 -0.5974615 0.7266611 0.2429432 -0.8041525 0.5425103 0.2015268 -0.7948734 0.5723314 0.3318324 -0.6503215 0.6833514 0.3754774 -0.6144471 0.6938815 -0.006438877 -0.8821912 0.4708473 -0.2446958 -0.8654875 0.4370988 -0.2315395 -0.8798082 0.4151229 -0.5242809 -0.725686 0.4455438 -0.4117856 -0.7939964 0.4472162 -0.65003 -0.585124 0.4848618 -0.6012619 -0.6538799 0.459266 -0.5439773 -0.7308712 0.4122086 -0.7844487 -0.4293731 0.4475254 -0.8748665 -0.1953396 0.4432281 -0.5600778 0.4395005 0.7022479 -0.7417665 0.3501716 0.5719811 -0.8367356 0.2221678 0.5005147 -0.8454394 0.2388313 0.4776942 -0.8468349 0.230499 0.4793129 -0.896755 0.03054716 0.4414718 0.5479257 -0.1309008 0.8262217 0.633224 -0.08634777 0.7691368 0.03697317 0.8554115 0.5166277 0.1356301 0.8438185 0.519206 0.2298793 0.8489302 0.4758917 0.2586972 0.8179642 0.5138193 0.6560659 0.548648 0.5182305 0.6570355 0.5505328 0.5149931 0.6471817 0.5303188 0.5476475 0.5159412 0.6642439 0.540911 0.4870099 0.7110954 0.5071141 0.3735814 0.7629764 0.5275452 0.6900209 0.07976057 0.7193813 0.7337132 0.1504091 0.6626025 0.7051258 0.3202727 0.6326318 0.1902146 -0.2837077 0.9398555 0.281538 -0.2439737 0.9280157 -0.5758592 -0.08543386 0.8130727 -0.4407512 -0.2360498 0.8660363 -0.3331515 -0.2101814 0.9191484 -0.01824953 -0.2616126 0.9650004 -0.7066392 0.1379857 0.6939892 -0.6467307 -0.07216939 0.7592964 -0.7000596 0.3779356 0.6058723 -0.7496103 0.1583304 0.6426631 -0.4506071 0.7058719 0.5465328 -0.6137353 0.6058025 0.5062926 -0.5953775 0.5897285 0.545661 -0.7198782 0.4015253 0.5661739 -0.2802251 0.7957656 0.5368715 -0.411765 0.7521486 0.5145116 -0.0557231 0.8510419 0.5221327 -0.1534748 0.8311851 0.5343938 -0.273052 0.8257646 0.4935133 0.7212068 -0.1589666 0.6742331 0.6735176 0.0560373 0.737044 0.6109604 0.0705973 0.7885071 0.6969584 -0.4004787 0.5948662 0.7601016 -0.1787431 0.6247371 0.4467168 -0.7184113 0.5332254 0.6070448 -0.6010789 0.5198085 0.6088775 -0.5820822 0.5389327 0.7283984 -0.4226277 0.5392787 0.3259468 -0.7898259 0.5195515 0.453466 -0.7426266 0.4928228 0.1808909 -0.8220691 0.5398897 0.3069683 -0.8230384 0.4778894 -0.2278861 -0.8174443 0.5290111 -0.2080991 -0.8464153 0.4901794 -0.1108069 -0.8405853 0.5302246 0.01519125 -0.8318274 0.5548265 -0.5160711 -0.678882 0.5222929 -0.5167737 -0.7072335 0.482458 -0.4988676 -0.7139132 0.4913849 -0.3713729 -0.7547116 0.5408258 -0.7309016 -0.1723795 0.6603546 -0.6963636 -0.3467021 0.6283911 -0.6969411 -0.4162405 0.5839666 -0.6140498 -0.546468 0.5694872 -0.4185242 0.2225153 0.8805251 -0.5547352 0.1051736 0.8253529 -0.6347624 0.06750477 0.7697531 -0.6899471 -0.1055065 0.7161294 0.3592173 0.2220132 0.9064618 0.2271005 0.2811985 0.9323909 0.008613383 0.2501691 0.9681639 -0.2724366 0.2158378 0.9376526 0.5596194 0.5766535 -0.5952284 0.6100005 0.3992118 -0.684492 0.5758227 0.8027866 -0.1547966 -0.09363616 -0.9817838 -0.1653264 -0.1140261 -0.9796642 -0.1650941 0.2701625 -0.9226747 -0.2751064 0.4004761 0.8568544 -0.3246836 0.4965317 0.7384912 -0.4561655 0.6917105 0.6458415 -0.323149 0.5470232 -0.5131314 -0.6614089 0.4507396 -0.5654523 -0.6907225 0.5393395 -0.6824625 -0.4933131 0.1312013 -0.8683567 -0.4782708 0.3466756 -0.8016251 -0.4870454 0.106547 -0.8653314 -0.4897442 0.3763992 -0.6236808 -0.6850882 0.2397569 -0.7348974 -0.6343835 0.3337817 -0.6114111 -0.7174721 0.3785661 -0.436428 -0.816222 0.3927611 -0.4766572 -0.786471 0.3600681 -0.4469384 -0.8188999 0.3665739 -0.4557634 -0.8111124 0.7117689 -0.3638575 -0.6008267 0.5655894 -0.4226969 -0.7081214 0.7700524 -0.09887637 -0.630272 0.6170722 -0.3280325 -0.7152738 0.4389419 -0.4899273 -0.753194 0.3976814 -0.4877203 -0.7771605 0.6307126 0.1798224 -0.7548944 0.6388362 -0.001914631 -0.7693404 0.982206 -0.137255 -0.1281894 0.9609872 0.07837466 -0.2652564 0.8759549 0.3603034 -0.320756 0.2848812 0.9481906 -0.1406315 0.2728822 0.946926 -0.1699014 0.6638379 0.7245831 -0.1851989 0.8671011 0.4096034 -0.2834796 0.9547708 0.1302357 -0.2673039 0.9194842 0.01339758 -0.3928986 0.8274986 -0.3077689 -0.4696002 0.4870823 0.7373925 -0.4679777 0.7501262 0.4643552 -0.4708342 0.871988 0.2491987 -0.4213513 0.837935 0.0737375 -0.5407659 0.7510501 0.5755338 0.3235499 0.2786258 -0.9218991 -0.269202 0.02820916 -0.9392518 -0.3420676 0.8702499 -0.4780051 -0.1190638 0.5851788 -0.7581153 -0.2877969 0.8146909 -0.5072993 -0.2809379 0.936187 -0.2107676 -0.2813022 0.4877775 -0.5450781 -0.681882 0.4827391 -0.5229051 -0.7025192 0.5831098 -0.2323008 -0.7784724 0.4882086 -0.4934002 -0.7198671 0.6266613 -0.02126125 -0.7790017 0.452815 -0.497233 -0.7400797 0.3974304 -0.4721967 -0.7868159 0.3171961 -0.4603896 -0.8291128 0.3786032 -0.473627 -0.7951963 0.3285723 -0.4488005 -0.8310345 0.693688 -0.5229458 -0.4953027 -0.6468591 -0.1407666 -0.7495053 -0.7459404 -0.04941992 -0.6641767 -0.7306897 -0.3860124 -0.5631048 0.1398222 0.8271252 -0.544347 0.06462483 0.8976601 -0.4359243 -0.2319864 0.8328729 -0.5024988 -0.9064507 -0.3964403 -0.1455413 -0.2422076 -0.8091617 -0.5353436 -0.07384853 -0.7817436 -0.6192119 -0.3885138 0.03581198 -0.9207467 -0.4843146 -0.2567389 -0.8363758 -0.2316427 -0.3958294 -0.8886286 0.4841243 -0.594173 -0.6423256 0.4857487 -0.5633663 -0.6683312 0.5040959 -0.4014566 -0.7646698 0.4618612 0.1645241 -0.8715595 0.364898 0.471775 -0.8026692 0.3123417 -0.538935 -0.782299 0.495724 -0.5760915 -0.6499049 0.6232699 -0.6076395 -0.4922488 0.118518 -0.6311244 -0.7665739 0.08002794 -0.4726757 -0.8775951 -0.229569 -0.6028238 -0.7641345 -0.4667234 -0.5215938 -0.7142193 -0.3029502 -0.03714679 -0.9522822 0.2370803 -0.2454474 -0.9399726 0.4139171 -0.4666393 -0.781614 0.5169976 -0.590598 -0.6196027 -0.7468721 -0.5793202 0.3264507 0.4320312 -0.539697 -0.7225484 0.440487 -0.5538646 -0.7065445 0.2104287 -0.6756015 -0.7065991 -0.8329448 -0.5168289 -0.1977139 -0.5782129 -0.7608857 -0.2944873 -0.2638392 -0.9211532 -0.2861219 -0.7732786 -0.5450604 -0.3239589 -0.5810804 -0.7623292 -0.2849558 -0.3369081 -0.9042354 -0.2623951 0.1252046 0.8802319 -0.4577288 -0.3579153 0.8851028 -0.2974723 -0.08406879 0.9749838 -0.2057645 -0.01342353 0.9484047 -0.3167779 -0.5727213 0.7751878 -0.2665975 -0.780473 0.5618889 -0.2741219 -0.9346882 0.287545 -0.2089875 -0.8959198 0.1796058 -0.4062874 -0.920773 0.2193919 -0.3225589 -0.7420754 0.4318683 -0.5126538 -0.8027079 -0.4395389 -0.4030702 -0.9713017 -0.1430363 -0.1900356 -0.5118178 0.6773518 -0.5284289 0.4904372 -0.1337179 -0.8611567 0.1597095 0.3110492 -0.9368785 0.09753426 0.4201256 -0.9022093 0.2382993 0.7046077 -0.6683871 -0.07482292 0.6696139 -0.7389308 0.04837341 -0.0001841625 -0.9988293 -0.169161 0.2713823 -0.9474894 -0.3668974 0.5101668 -0.7778921 -0.606154 0.2533446 -0.753919 -0.8303557 0.04846836 -0.5551217 -0.8216357 -0.3121047 -0.4769754 -0.8925194 -0.2353048 -0.3847607 -0.9448752 -0.1556893 -0.288048 -0.8852197 0.1346515 -0.4452583 0.3675944 -0.5555866 -0.7457868 0.3927159 -0.5104094 -0.7650205 0.4002086 -0.4864293 -0.7766721 0.4707641 -0.5792646 -0.6654575 0.4055594 -0.5821406 -0.7047225 -0.6216756 -0.4514713 -0.6400727 -0.6004028 -0.642928 -0.4755628 -0.4196663 -0.803608 -0.4220123 -0.2040588 -0.8985861 -0.3884623 0.4333625 -0.520375 -0.7358035 0.8965378 -0.3138251 -0.312624 0.5029007 0.7271284 -0.4673064 0.2685439 0.7358428 -0.6216266 0.2480879 0.5653035 -0.786692 0.2301143 0.9493556 -0.2139423 0.7955667 -0.4139054 -0.4424432 0.8913221 -0.3372643 -0.3029813 0.9441211 -0.0341694 -0.3278227 0.5707913 -0.2542535 -0.7807384 0.3192906 -0.4473995 -0.8353964 0.301867 -0.5579312 -0.7730389 0.1743572 0.138014 -0.9749624 0.1752834 -0.04067069 -0.9836776 0.4802208 0.4065627 -0.7772353 0.2818772 -0.3358307 -0.8987564 0.03626949 -0.5335082 -0.8450169 0.008368621 -0.5197151 -0.8542986 0.1636301 -0.6554135 -0.7373319 0.002520637 -0.4976673 -0.8673644 -0.01306985 -0.5192609 -0.8545158 -0.04274277 -0.625463 -0.7790823 0.05921356 -0.6756569 -0.7348344 0.116981 -0.8425125 -0.5258214 0.01343289 -0.5251207 -0.8509218 0.1593138 -0.93215 -0.3251391 0.4856757 -0.8210253 -0.3000611 0.3392499 -0.7762471 -0.5313661 0.5207968 -0.6587718 -0.5429461 0.2602903 -0.6205642 -0.7396952 0.6588354 -0.4828017 -0.5769215 0.5144491 -0.5126109 -0.6874388 0.9758879 0.2174493 -0.01893718 0.7170182 -0.06467191 -0.6940478 0.6115372 0.1488354 -0.7770909 0.4712134 -0.07526973 -0.8788017 0.06536279 -0.5658706 -0.8218991 0.0396451 -0.5882588 -0.8077004 0.03427169 -0.575273 -0.8172432 0.09198772 -0.5620562 -0.8219678 0.8838643 0.259975 -0.3888404 0.9340756 -0.1183277 -0.3368996 0.6558673 0.6899267 -0.306332 0.5064963 0.7651153 -0.3975677 0.8818049 0.2875083 -0.3738438 0.7037274 0.5760268 -0.4158857 0.502691 0.5302455 -0.6827455 0.2308458 0.3832525 -0.8943309 0.2604108 0.8628558 -0.4332044 -0.1929473 -0.9696022 -0.1504758 -0.1458978 -0.9194177 -0.3652189 0.6975089 -0.6373749 -0.3274671 0.4888946 -0.8321224 -0.2618288 -0.07420919 -0.7363255 -0.6725457 -0.1150386 -0.8516415 -0.5113442 0.713146 -0.62781 -0.3118932 -0.007251395 -0.6316356 -0.7752315 0.01567917 -0.6396357 -0.7685183 0.1222343 -0.2918723 -0.9486144 0.1835024 -0.08752338 -0.9791152 0.05269396 -0.555101 -0.8301122 0.006878118 -0.5245377 -0.8513594 0.8588698 -0.1644736 -0.4850682 0.8270506 0.1165558 -0.5499109 0.6853422 0.3831585 -0.6192703 -0.6966518 0.5048241 -0.5097342 -0.722446 0.5799045 -0.3765403 -0.8843589 0.2788655 -0.3743573 -0.6913865 0.62607 -0.3605842 -0.460884 0.8652287 -0.1973962 -0.2856504 0.8408831 -0.459695 -0.2379168 0.9010989 -0.362514 -0.5568582 0.7532248 -0.3500877 -0.06256923 -0.5524906 -0.8311674 -0.04703701 -0.5691416 -0.820893 -0.1152441 -0.5735745 -0.8110062 -0.02705108 -0.5240899 -0.8512332 -0.08719697 -0.5589847 -0.8245804 -0.2580623 -0.6121455 -0.7474501 -0.01496001 0.2684605 -0.9631745 -0.01241926 0.4006575 -0.9161437 -0.04992777 -0.5844528 -0.8098902 -0.05178244 -0.5736013 -0.8174963 -0.1429633 -0.2926498 -0.9454722 -0.0138635 -0.6059412 -0.7953886 -0.252975 0.04998401 -0.9661808 -0.3097224 0.3148478 -0.8971861 -0.3634049 -0.4953296 -0.7890408 -0.3017054 -0.3413481 -0.8901996 -0.864078 0.4961131 -0.0850944 -0.4573033 -0.09526378 -0.8841937 -0.5734417 0.1371548 -0.8076838 -0.119488 -0.5511943 -0.8257769 -0.04426412 -0.5953595 -0.8022392 -0.340897 -0.7769155 -0.5293312 -0.166159 -0.6598698 -0.7327776 -0.4148421 -0.632856 -0.6537579 -0.8420705 -0.4187373 -0.3399651 -0.9565513 0.04762131 -0.2876487 -0.7866843 -0.5725807 -0.2308227 -0.5383507 -0.7816602 -0.3149379 -0.9444183 -0.04667123 -0.3254165 -0.8609794 -0.1753255 -0.4774678 -0.8906269 -0.3447855 -0.2964906 -0.7912458 -0.4216724 -0.4428572 -0.7130959 -0.6246296 -0.318327 -0.5570801 -0.6529213 -0.5131819 -0.04078388 0.9671642 -0.2508587 -0.9011305 0.173977 -0.3971094 -0.01656303 0.6737256 -0.738796 -0.0152496 0.8622114 -0.5063191 -0.3260095 0.7443525 -0.5828011 -0.3502287 0.6127191 -0.7084598 -0.6621145 0.4019594 -0.6324817 -0.8289366 0.1121365 -0.5479868 -0.7314321 -0.2969259 -0.6138746 -0.9759563 0.01005576 0.217734 -0.3412122 0.4941787 -0.7996009 -0.6312593 0.288771 -0.7198076 -0.7201378 -0.07368934 -0.6899068 -0.5588561 -0.4225685 -0.7135234 -0.0322412 -0.53861 -0.8419381 -0.02417188 -0.5303258 -0.8474493 -0.02724722 -0.5414707 -0.840278 -0.04842297 -0.5961047 -0.8014452 -0.4961745 -0.816831 -0.2942753 0.9359399 0.1734805 -0.3064653 0.9403897 0.1149358 -0.3200891 0.9065397 -0.2102724 -0.3660209 0.8510646 0.2340272 -0.4700215 0.03682944 0.7393271 -0.6723385 0.01185523 0.6245353 -0.7809066 0.1478332 0.6794891 -0.7186375 -0.09749116 -0.1516085 -0.983621 -0.1576778 -0.4027292 -0.9016357 0.1165998 -0.3992137 -0.9094135 0.1521396 -0.9303948 -0.3334953 0.8713895 0.3838768 -0.3054815 0.8976131 -0.143776 -0.4166764 0.7249865 -0.648358 -0.232436 0.6222269 -0.6719766 -0.4015983 0.3361811 -0.9071938 -0.2529461 0.1019455 -0.2586259 -0.960583 -0.1171486 0.0255254 -0.9927863 -0.1001558 0.08931913 -0.9909545 0.1731554 0.3026944 -0.9372264 0.01522631 0.6136584 -0.7894248 -0.06137784 0.2621556 -0.9630717 -0.01635465 0.6144124 -0.7888156 0.3092473 -0.02585639 -0.9506301 0.4751797 0.136375 -0.8692561 0.3065425 0.3652424 -0.8789936 0.09736142 0.5774999 -0.8105644 0.1188741 0.5534021 -0.8243877 0.04903111 0.5839758 -0.8102889 0.05527381 0.5689345 -0.8205232 0.03026394 0.5491758 -0.8351587 0.008864371 0.5171293 -0.8558614 0.2249087 0.6187266 -0.7527241 0.05502784 0.5500116 -0.8333422 0.02767435 0.5298239 -0.8476561 0.05439547 0.5588388 -0.8274903 0.05736196 0.8599102 -0.5072121 0.6405745 0.6913959 -0.3341198 0.8646146 0.4081663 -0.2929877 0.7635581 0.4746851 -0.4377821 0.6671624 0.6747329 -0.315642 0.3915262 0.8795172 -0.2704751 0.06437035 0.9323826 -0.3556954 0.05395589 0.9868094 -0.1526304 0.5162909 0.6883835 -0.5094819 0.1252762 -0.8543911 -0.5043032 0.7739957 -0.5168414 -0.3657946 0.5362294 -0.82308 -0.1870756 0.3810802 -0.8070312 -0.4510858 -0.1707179 -0.5831367 -0.7942335 0.1330137 -0.6603669 -0.7390689 -0.1589022 -0.7580892 -0.6324957 -0.1540239 -0.8854959 -0.4383761 0.417972 -0.7062651 -0.5713921 0.4366284 -0.5743177 -0.6924701 0.7468103 -0.4425993 -0.496367 0.7093319 -0.3431884 -0.6156866 0.8425251 -0.050824 -0.536254 0.7180158 0.3433066 -0.6054699 0.9674331 0.04907448 0.248324 0.3827101 0.6565566 -0.6499742 0.3381472 0.5176002 -0.7859685 0.544467 0.4542107 -0.7051584 0.8925001 -0.4481659 -0.05090073 0.7259239 0.1231278 -0.6766639 0.6083592 -0.08999346 -0.7885431 0.6732014 -0.2342492 -0.7013752 0.3826866 -0.2821608 -0.8797364 0.4224771 -0.4571282 -0.7826537 -0.1458991 -0.9686334 -0.2011536 0.007561892 0.5105659 -0.8598054 6.403238e-05 0.517111 -0.8559184 0.06952566 0.5705686 -0.8183017 0.1251623 0.5568983 -0.821096 0.04536018 0.5861039 -0.8089652 0.294606 0.7969898 -0.5272709 0.4082328 0.8595025 -0.3075735 -0.818733 0.3591525 -0.4479795 -0.9117249 0.2728948 -0.3070605 -0.9420797 -0.03392784 -0.3336685 -0.2238685 0.9271265 -0.3005319 -0.7403614 0.5932832 -0.3160382 -0.8907588 0.2926639 -0.347702 -0.970563 -0.03460052 -0.2383492 -0.8558893 -0.2401962 -0.4579949 -0.5457347 0.8072153 -0.2248934 -0.08888337 0.6718093 -0.7353721 -0.1688335 0.833284 -0.5264342 -0.0140387 0.5043138 -0.8634063 -0.02976253 0.5304912 -0.8471678 -0.02706134 0.5266615 -0.8496443 -0.5672627 0.2187406 -0.7939556 -0.5356597 0.481701 -0.6935653 -0.9617181 -0.2691954 -0.05130516 -0.6825124 0.4404896 -0.5832201 -0.7053312 0.01515529 -0.7087159 -0.5710009 -0.1968502 -0.7969993 -0.4400174 0.04015579 -0.897091 -0.3993388 -0.4514037 -0.7979744 -0.08873895 0.5813731 -0.8087835 -0.06494031 0.5926951 -0.8028046 -0.325728 0.4361798 -0.8388376 -0.5902273 -0.7392908 -0.3241617 -0.4162429 -0.7728343 -0.4790293 -0.4193697 -0.8179194 -0.3938742 -0.8527452 -0.3550888 -0.3830635 -0.643125 -0.6351708 -0.4277245 -0.4166592 -0.5827699 -0.6976921 -0.8634657 0.1054801 -0.4932554 -0.807212 -0.1776143 -0.562905 -0.6334672 -0.4398967 -0.6365613 -0.7551013 0.5752664 -0.3144688 -0.5342386 0.7889716 -0.3035011 -0.5578572 0.6244647 -0.5466618 -0.3857563 0.7528065 -0.5333614 -0.2992722 0.6115222 -0.7324458 -0.1915067 0.6467097 -0.7383033 -0.07153377 0.5470872 -0.8340135 -0.3206646 0.5416627 -0.7770301 -0.270419 0.3386421 -0.9012187 -0.02107535 0.6106417 -0.7916265 -0.03291975 0.5985513 -0.8004078 -0.02506865 0.5367384 -0.8433763 -0.06220202 0.5591551 -0.8267264 -0.09994948 0.5654981 -0.8186709 -0.05668747 0.5691805 -0.8202561 -0.06463996 0.5876124 -0.8065565 0.9086044 -0.1003115 -0.4054328 0.9330272 -0.2374931 -0.2702911 0.9518758 0.08974797 -0.293049 0.2161429 -0.4591141 -0.8616824 0.5338658 -0.401846 -0.7439806 0.3202726 -0.2438385 -0.9154061 0.579535 -0.1362887 -0.8034703 0.3874745 -0.02392646 -0.9215699 0.5740685 0.2139185 -0.7903697 0.341513 0.001730381 -0.9398755 0.4039267 0.2370288 -0.88355 0.490839 0.5357887 -0.6870281 0.4772326 0.4299347 -0.7664237 0.4921346 0.5388609 -0.6836903 0.5005374 0.496416 -0.7092485 0.5003645 0.4978259 -0.7083818 0.5599053 0.4660657 -0.6850466 0.4915075 0.5402564 -0.6830398 0.3824411 0.4657282 -0.7980201 0.3021327 0.4587698 -0.8356112 0.3725409 0.4674823 -0.8016693 0.6032285 0.3986826 -0.6907732 0.3657658 0.4773395 -0.7989759 0.6407967 0.3198642 -0.6979015 0.4226808 0.4798889 -0.7687961 0.417548 0.7535964 -0.5076871 0.4027469 0.6179431 -0.6752342 0.6005515 0.6270825 -0.4960902 0.7427109 0.4530975 -0.4930346 0.8262695 0.2480959 -0.5056948 0.8291328 0.07816328 -0.5535606 0.9730611 0.0845251 -0.214494 0.9274766 -0.1329465 -0.3494459 0.9201816 0.3672843 -0.1355288 0.683634 0.6820832 -0.2596288 0.8704682 0.4014064 -0.2848826 0.390548 0.8920001 -0.2276138 -0.2877699 -0.9346278 -0.2089481 -0.03928481 -0.9762216 -0.2131858 -0.1930307 -0.8717887 -0.4502483 0.2782992 -0.942445 -0.1853293 0.669665 -0.6041736 -0.4318833 0.8320249 -0.5029831 -0.2339714 0.3236485 -0.8809992 -0.3450971 0.6089956 -0.7176458 -0.3378001 -0.08611251 -0.7814835 -0.6179548 -0.05256503 -0.9718004 -0.2298714 -0.0570115 -0.7947919 -0.6041983 0.3721477 -0.7974639 -0.4749288 0.1170963 -0.6407923 -0.7587316 0.4266831 -0.6848705 -0.5906724 0.2083911 -0.4784233 -0.8530441 0.4833138 -0.5656864 -0.6681368 0.7215549 -0.3017618 -0.623136 0.6883056 -0.5300983 -0.4952083 0.3718708 0.4868211 -0.7903906 0.3669602 0.4783421 -0.7978277 0.3946454 0.4795799 -0.7837462 0.3530213 0.4549483 -0.8175561 0.7040612 -0.05179179 -0.7082481 0.6224392 0.2415164 -0.7444725 0.4600422 0.4941333 -0.7376947 0.4711797 0.5107126 -0.71914 0.8132162 -0.5010126 -0.2960841 0.8363325 -0.3299491 -0.4378145 0.8167969 -0.1377911 -0.5602288 0.7535409 0.06094331 -0.6545701 0.6208538 0.3038095 -0.722662 0.4283132 0.4989982 -0.7533583 0.3140086 0.5712189 -0.7583585 0.4879054 0.5671571 -0.6635369 0.4562709 0.5673548 -0.685511 -0.2526004 0.02515785 -0.9672436 -0.08627067 0.1974302 -0.9765135 -0.1964735 0.464259 -0.8636329 -0.8787234 0.336822 -0.3382251 -0.1131741 0.7346063 -0.6689883 -0.3348809 0.7411324 -0.5818741 -0.4261288 0.8543564 -0.2974717 -0.7676995 -0.5757262 -0.2813837 -0.7344724 0.6114252 -0.2944648 -0.9174661 0.336301 -0.2125031 -0.002407 0.9654614 -0.2605352 0.07544581 0.9604012 -0.2682116 0.3222884 0.6552544 -0.6832071 0.4056788 0.4718367 -0.7828121 0.3894552 0.451378 -0.802859 0.03941707 0.8523431 -0.5214955 0.2500059 0.6899769 -0.6792856 0.2144826 0.8488853 -0.4831056 0.401891 0.4849218 -0.7767461 0.4088915 0.4674545 -0.7837691 -0.1050404 -0.3150931 -0.94323 -0.03628956 -0.2257591 -0.973507 0.1541904 0.344291 -0.926115 -0.4025066 0.3938727 -0.8263491 -0.744083 -0.1239805 -0.6564826 -0.5655318 0.326695 -0.757261 -0.753572 0.1691799 -0.6352223 -0.817532 0.2836823 -0.5011644 -0.899535 0.1981595 -0.3893194 -0.8583268 0.3842708 -0.3400163 -0.7105126 0.6338915 -0.305538 -0.5403882 0.7101985 -0.4512191 -0.6883494 0.520352 -0.5053799 -0.4736963 0.601031 -0.6437185 -0.4379835 -0.7284911 -0.5267553 -0.5002063 -0.7997982 -0.3318382 -0.8672503 -0.3841761 -0.3166789 -0.6865013 -0.5066731 -0.5215346 -0.2914697 -0.5645558 -0.772219 -0.924359 0.1468084 -0.3521473 -0.9010458 -0.006158314 -0.4336801 -0.7023864 -0.06478446 -0.7088416 -0.367662 -0.1371008 -0.9197978 -0.3244954 0.9369079 -0.1300242 -0.2305003 0.938567 -0.2568298 -0.4966048 0.8240492 -0.272629 -0.1179952 0.9179399 -0.3787656 -0.3441967 0.8465281 -0.406102 0.4881432 0.5751756 -0.6564215 0.3647151 0.503817 -0.7830398 0.6061882 0.5997448 -0.5223428 0.5758119 0.600889 -0.5544124 0.5943322 0.5981617 -0.537561 0.4097619 0.4742715 -0.7792058 0.414171 0.5441359 -0.7296427 0.1845631 0.6999451 -0.6899372 -0.1262977 0.8264236 -0.5487011 0.06886432 0.5341071 -0.8426074 0.1647624 0.6751505 -0.7190446 0.4219199 0.5650611 -0.709006 0.444549 0.5172874 -0.7312933 -0.9338748 0.005219729 -0.3575621 -0.8398016 -0.2472348 -0.4833303 -0.5491432 -0.3312315 -0.7672858 0.02744946 -0.05871294 0.9978974 0.00840651 -0.1394014 0.9902003 0.06141155 -0.1287323 0.989776 -0.4816913 -0.8056031 0.3449306 -0.4816898 -0.8056038 0.3449312 -0.4023031 -0.8020633 0.4414144 -0.2977245 -0.8777851 0.3753045 -0.2914688 -0.8826871 0.3686589 -0.2449574 -0.968971 -0.03303194 -0.1199698 -0.8053866 0.5804823 -0.196024 -0.8627101 0.4661608 -0.006948211 -0.9124474 0.4091351 -0.003022104 -0.915768 0.4016961 -0.002079854 -0.7309222 0.6824577 0.007903147 -0.9057134 0.4238169 0.009786367 -0.915972 0.4011228 0.009350012 -0.8829968 0.4692859 0.8982051 0.225513 0.3773215 0.8982069 0.2255093 0.3773194 0.8363662 0.1400363 0.5299825 -0.03252655 0.6760812 0.7361088 -0.041984 0.7182723 0.6944942 -0.03505575 0.7791769 0.625823 -0.6860972 -0.5131804 0.515671 -0.7394924 -0.3751078 0.5589679 -0.003446671 0.006213781 0.9999748 -0.002048677 -0.1051852 0.9944505 6.202917e-05 -0.1047433 0.9944993 0.01017571 -0.000644382 0.999948 -0.0001672055 0.1829577 0.9831208 -0.004770497 0.08515698 0.9963561 -0.001021299 0.190572 0.9816727 -0.001500168 -0.09133253 0.9958193 0.001314797 0.1740493 0.9847361 0.004318111 0.07111933 0.9974585 -2.149139e-05 -0.0008479402 0.9999996 0.008365509 0.008642282 0.9999277 -0.06348839 -0.0001942175 0.9979826 -0.06308318 -0.1107622 0.9918428 -0.06129609 0.2212471 0.9732895 -0.06272453 0.1105343 0.991891 -0.5035356 0.3321265 0.7975863 -0.4497019 0.5150128 0.7297465 -0.5395546 0.560189 0.6285452 -0.4861756 0.69079 0.5352031 -0.5627205 0.7024414 0.4358 -0.5534076 0.6034048 0.5741451 -0.5823089 0.5986643 0.5500158 -0.8697656 0.2034467 0.4495746 -0.7392783 0.3751671 0.5592113 -0.8109646 0.3957181 0.4309799 -0.7409139 0.5660463 0.361439 -0.6368037 0.3480069 0.6880206 -0.5617166 -0.7037455 0.4349905 -0.5373198 -0.577071 0.6150419 -0.485208 -0.6914921 0.5351747 -0.5036994 -0.3325698 0.7972981 -0.4492461 -0.515208 0.7298895 -0.6360031 -0.3479434 0.6887928 -0.7217097 -0.5757281 0.3842814 -0.8212773 -0.3879988 0.4182828 0.02664461 0.4575158 0.8888022 0.04335373 0.6016018 0.7976188 -0.001392477 0.4982363 0.8670402 0.05330373 0.7368302 0.6739733 0.037165 0.8383148 0.5439183 -0.006904528 0.6513325 0.758761 0.0002225796 0.7722457 0.635324 0.04392715 -0.6040616 0.7957261 0.04953544 -0.7370239 0.674049 -0.00393602 -0.5018089 0.8649696 0.02809871 -0.4602334 0.8873532 0.008654114 -0.7730925 0.6342343 -0.002347462 -0.6491317 0.7606724 -0.1005061 0.9500435 0.2954926 -0.1642682 0.9226424 0.3489227 -0.1176042 0.8259653 0.5513172 0.0008118023 0.7329866 0.6802426 -0.0009372931 0.9022069 0.4313024 -0.006309465 0.9154109 0.4024713 0.001683085 0.8552618 0.5181934 0.001254052 0.9355927 0.353079 -0.001790446 0.8862153 0.4632701 -0.0006914636 0.9456413 0.3252107 -0.002344247 0.9109088 0.4126012 0.009552456 0.9744074 0.2245862 0.004456948 0.9635177 0.2676074 -0.0006862324 0.930129 0.3672324 0.06686589 0.903127 0.4241351 0.06219641 0.9873441 0.1458876 0.02389785 0.8899331 0.4554646 0.02389765 0.8899295 0.4554716 0.1535776 0.9486361 0.2765925 0.0689253 0.903664 0.4226591 0.07325508 0.8255011 0.5596263 0.1232048 0.9023457 0.4130288 0.1323548 0.7430731 0.6559913 0.1292585 0.7487614 0.6501143 0.136114 0.7218434 0.678539 0.1411338 0.7508967 0.6451631 0.1372674 0.8535993 0.5025195 0.3143199 0.7431018 0.5907646 0.3071369 0.7219893 0.6199987 0.2388983 0.7180933 0.6536586 0.2542672 0.8895468 0.3795453 0.4869233 0.7782991 0.3964293 0.3223306 0.7572955 0.5679846 0.3838361 0.6947135 0.6083117 0.4359296 0.5367028 0.7224372 0.4073785 0.5909089 0.6963257 0.4349718 0.5469008 0.7153314 0.4992244 0.6128045 0.6125729 0.4572168 0.5529547 0.6965586 0.5298193 0.5825416 0.6163901 0.6639368 0.452703 0.5951873 0.6772617 0.4885826 0.5500942 0.6796106 0.5466938 0.4891373 0.6904283 0.5879253 0.4214885 0.7610798 0.6245503 0.1751986 0.8006423 0.4057323 0.4408551 0.8831352 0.4555692 0.1119331 0.6851903 0.4355392 0.5837977 0.8701835 0.4824403 -0.1001601 0.59314 0.4305722 0.6802886 0.9065457 0.370968 0.2013894 0.6743267 0.3147019 0.6680167 0.6743274 0.3147024 0.6680156 0.9364203 0.302107 0.1784612 0.8833961 0.3199427 0.3424149 0.8080035 0.329141 0.4886682 0.8833966 0.3199448 0.3424116 0.8276091 0.2426893 0.5061276 0.8515545 0.2064618 0.4819009 0.8408471 0.2113334 0.4983115 0.9940156 -0.05132583 0.09642963 0.7907925 0.02973936 0.6113614 0.8389025 0.002459462 0.5442761 0.7907911 0.0297398 0.6113632 0.9581343 0.1142002 0.2625584 0.9568888 -0.2065451 0.2042133 0.8414493 -0.1530636 0.5182032 0.835607 -0.1379745 0.5317179 0.7951354 -0.1310491 0.5921029 0.8775537 -0.2946182 0.3782851 0.8822524 -0.3062888 0.3575162 0.8251184 -0.2517127 0.5057869 0.8160829 -0.4001816 0.4169693 0.8939328 -0.3754141 0.2448436 0.8160987 -0.3243763 0.4782916 0.7775256 -0.2702647 0.5678124 0.7759024 -0.2658239 0.5721129 0.8146852 -0.3786371 0.4392289 0.802301 -0.3982333 0.4446608 0.7379548 -0.360852 0.5702706 0.737953 -0.3608528 0.5702724 0.8264724 -0.5594966 0.0625052 0.684894 -0.4353917 0.5842553 0.6145061 -0.4127453 0.6723269 0.7236335 -0.5202661 0.453517 0.6167172 -0.4583377 0.6399894 0.6799822 -0.5251573 0.5116971 0.6648445 -0.6643979 0.3414048 0.5284588 -0.5809631 0.6190421 0.4562315 -0.587618 0.6682499 0.3856622 -0.6951172 0.6066933 0.2679382 -0.7129755 0.6479777 0.2660817 -0.7163077 0.645061 0.4574283 -0.8103641 0.3661547 0.4384688 -0.5645823 0.6992796 0.4352642 -0.5679641 0.6985426 0.2569537 -0.6915773 0.6750524 0.2427515 -0.7190501 0.6511825 0.2568283 -0.6917257 0.674948 0.2173936 -0.6774792 0.702682 0.1246302 -0.8549238 0.5035599 0.2330252 -0.9256363 0.2981555 0.1065695 -0.8415522 0.5295591 0.08223584 -0.8264344 0.556995 0.03929563 -0.8350512 0.5487671 0.03475453 -0.9357758 0.3508787 0.07331158 -0.9867546 0.1447095 0.09844446 -0.8098188 0.5783616 0.106569 -0.8415519 0.5295596 -0.0002733068 -0.923777 0.3829308 -0.00164504 -0.7978342 0.6028746 -0.000497073 -0.9237928 0.3828925 0.002048628 -0.905466 0.4244139 0.003806277 -0.9539406 0.2999713 0.004149603 -0.9448453 0.3274908 -0.008623214 -0.9243407 0.3814706 -0.25302 -0.7588711 0.6000796 -0.3073098 -0.8996978 0.3100074 -0.3059086 -0.9018469 0.30511 -0.436585 -0.8850218 -0.1616472 -0.3798805 -0.9125283 -0.1516012 -0.4887203 -0.7971635 0.3545179 -0.629666 -0.7223618 0.285857 -0.6154134 -0.766882 -0.1820945 -0.4977057 -0.83247 0.2434803 -0.5388176 -0.5561587 0.6327425 -0.7412093 -0.5110991 0.4351856 -0.738574 -0.6707235 0.06810567 -0.5251628 -0.552955 0.6468731 -0.7596077 -0.2978428 0.5781746 -0.8340359 -0.3651853 0.4135502 -0.8521169 -0.474809 0.2201207 -0.7473672 -0.5082188 0.4279673 -0.8986376 -0.1552595 0.4102986 -0.8986362 -0.1552584 0.4103022 -0.9613494 -0.1969296 0.1924217 -0.9426616 -0.3156473 0.1084249 -0.6425624 -0.2686277 0.7176021 -0.9613669 0.0434773 0.2718151 -0.9814086 0.05435504 0.1840724 -0.965892 0.01942079 0.258216 -0.9817272 -0.09770241 0.1632972 -0.9486139 0.2301631 0.2171558 -0.9696911 0.1524035 -0.1909775 -0.8413873 0.07083582 0.5357702 -0.9398172 0.3206248 0.1180823 -0.8617928 0.2475522 0.4427539 -0.9537411 0.2315055 0.1917893 -0.8633476 0.5044828 -0.01131375 -0.8536034 0.4106136 0.3205585 -0.8536039 0.4106136 0.3205571 -0.6994675 0.6640825 0.2640827 -0.7523714 0.5277123 0.3942803 -0.6556476 0.4620219 0.5972119 -0.4017407 0.6789098 0.6145615 -0.5834929 0.8108093 0.04608923 -0.5534076 0.6034075 0.5741424 -0.4809871 0.8131163 0.3278617 -0.4809836 0.8131143 0.3278716 -0.4022825 0.8021912 0.4412007 -0.4419926 0.7539495 0.4860069 -0.3115729 0.9392831 -0.1437695 -0.2881752 0.9241342 0.2508605 -0.1957296 0.863793 0.4642754 -0.2524398 0.7562188 0.6036615 -0.2613939 0.7474351 0.6107487 -0.2927144 0.7792779 0.5541157 -0.3805721 0.9009504 0.2084543 -0.3183562 0.7920208 0.5209149 -0.1687778 0.8747269 0.4542761 0.07571345 0.7203511 0.6894649 0.1299484 0.5904852 0.7965178 0.06646455 0.5891427 0.8052908 0.05094777 0.4456043 0.8937792 0.5620165 0.4538615 0.6914818 0.4159106 0.4608688 0.7839759 0.7018972 0.3426801 0.6244283 0.5709379 0.3477669 0.7436989 0.4151038 0.3460869 0.8413755 0.235236 0.3365255 0.9118194 0.7092274 0.2529416 0.6580403 0.5724518 0.2527621 0.7800066 0.409274 0.2480675 0.8780417 0.2212649 0.2378538 0.9457629 0.07296627 0.2257747 0.9714431 0.714277 0.139027 0.6859153 0.5719482 0.1393838 0.8083609 0.402709 0.137448 0.9049495 0.2087082 0.1323447 0.9689818 0.05719926 0.1256485 0.9904245 0.01013099 0.1266465 0.9918962 0.7142359 -0.1392406 0.6859149 0.7152312 0.000168298 0.698888 0.5719504 -0.1395331 0.8083336 0.570367 0.0001041485 0.82139 0.4027876 -0.137676 0.9048798 0.3981185 0.0001778714 0.917334 0.208907 -0.1328209 0.9688738 0.200751 0.0004136972 0.9796422 0.04771266 0.0002830521 0.9988611 -0.5344471 -0.1764959 0.8265685 -0.06177102 -0.2217686 0.9731408 -0.001582676 -0.18905 0.9819662 -0.06001416 -0.3402606 0.9384141 9.098912e-05 -0.1777137 0.9840822 -0.002246425 -0.2937938 0.9558662 -0.05612279 -0.4722218 0.8796913 -0.3134864 -0.7959059 0.5179384 -0.4039445 -0.6542262 0.6393879 -0.3871543 -0.0001327664 0.9220149 -0.3819971 -0.1572744 0.9106827 -0.3665589 -0.3108302 0.8769374 -0.340372 -0.4611451 0.8194462 -0.3021967 -0.6080169 0.7341612 0.004458138 -0.1461646 0.9892502 -0.002628248 -0.1659852 0.9861247 0.0007645201 -0.2768884 0.9609018 -0.002650315 -0.415103 0.9097706 -0.04865487 -0.6218151 0.7816512 0.7092253 -0.2529732 0.6580304 0.5724522 -0.2527942 0.7799959 0.4092761 -0.2480998 0.8780317 0.2212691 -0.2378854 0.9457539 0.07297203 -0.225805 0.9714356 0.02025293 -0.221507 0.9749484 0.00947282 -0.2319116 0.9726907 -0.002558435 -0.2593613 0.965777 0.001842785 -0.3920799 0.9199293 -0.002592999 -0.5613081 0.8276029 -0.04825016 -0.7891968 0.612242 0.0007252476 -0.6755935 0.737274 0.003155698 -0.5326994 0.8462986 -0.002048151 -0.3683302 0.9296928 0.01710347 -0.3324692 0.942959 0.05506608 -0.4460863 0.8932943 0.03572265 -0.319231 0.9470034 0.1134545 -0.4490524 0.8862731 0.09161674 -0.323724 0.9417054 0.2485409 -0.4578933 0.853558 0.2352412 -0.3365619 0.9118046 0.4159088 -0.4609132 0.7839508 0.4151053 -0.3461223 0.8413602 0.5620115 -0.4539018 0.6914595 0.5709366 -0.3478003 0.7436843 0.7018936 -0.3427107 0.6244155 0.07862315 -0.7206678 0.6888079 0.07050459 -0.5902183 0.8041589 0.134378 -0.7195042 0.6813636 0.1302587 -0.5905499 0.7964192 0.2529898 -0.593076 0.764367 0.4071878 -0.5912332 0.6961619 0.4510514 -0.5772157 0.6807163 -0.06357327 -0.9360842 0.3459838 -0.4041407 0.6540967 0.6393964 -0.004446763 0.7957176 0.6056515 0.001051776 0.8761521 0.4820336 -0.003262944 0.6815375 0.7317759 -0.0006535297 0.8775852 0.4794202 -0.3023933 0.6079216 0.7341591 -0.1520497 0.6906654 0.7070094 -0.3405457 0.4610285 0.8194396 -0.1783288 0.5435608 0.8202076 -0.04792429 0.6204087 0.7828131 -0.002593206 0.5612528 0.8276403 0.003155006 0.5326456 0.8463325 -0.7805062 0.2012585 0.5918658 -0.8902127 6.215857e-05 0.455545 -0.9489705 0.3082913 -0.0664185 -0.2124087 0.1331911 0.9680613 -0.2142094 -0.0001883715 0.9767877 -0.2123331 -0.1334952 0.968036 -0.2064136 -0.2662606 0.9415406 -0.1955446 -0.401957 0.894535 -0.178113 -0.5436265 0.820211 -0.1518133 -0.6906297 0.707095 -0.1026647 -0.8393574 0.5337969 -0.1107585 -0.7976764 0.5928279 -0.8704402 -0.2068568 0.4467037 -0.7974706 1.803081e-05 0.6033579 -0.6679949 0.1911072 0.7192085 -0.7804639 -0.2012578 0.5919218 -0.6679324 -0.1911708 0.7192496 -0.6812008 -2.895979e-05 0.7320967 -0.5435735 -7.935558e-05 0.8393616 -0.5345237 0.1763609 0.8265478 -0.3820781 0.1570593 0.9106858 -0.3666971 0.3106773 0.8769338 -0.2065505 0.2660545 0.9415688 -0.1957264 0.4018276 0.8945534 -0.0593379 0.3394565 0.9387482 -0.05538141 0.4710699 0.8803556 -0.002246211 0.293756 0.9558778 -0.002650212 0.415058 0.9097911 0.000764313 0.2768525 0.9609121 0.001842275 0.392037 0.9199476 0.003141927 0.2603965 0.9654967 0.006010713 0.3695844 0.9291777 0.006471907 0.2327001 0.972527 0.01306531 0.3332234 0.9427574 0.01808596 0.2214922 0.9749944 0.03262564 0.3190019 0.9471923 0.09160969 0.323687 0.9417189 0.1134468 0.4490027 0.8862993 0.2485374 0.4578456 0.8535845 0.252983 0.5928035 0.7645807 0.00427929 0.1501965 0.9886469 -0.4972208 -0.4440761 -0.7453642 -0.6378695 -0.4307076 -0.6384461 -0.6441375 -0.3520901 -0.6790577 -0.1368941 0.1113249 -0.9843103 -0.02695466 0.1066262 -0.9939338 -0.02133526 -0.002138658 -0.9997701 0.08905257 -0.7674665 -0.6348739 0.03017823 -0.702878 -0.7106699 0.02608869 -0.5575904 -0.8297062 0.0209757 0.6541355 -0.7560865 -0.8091724 0.4840279 -0.333102 -0.5853568 0.4263421 -0.6896302 -0.6220496 0.447035 -0.6428172 0.9378252 0.2615296 -0.2282239 0.7715902 0.09711185 -0.6286635 0.7739239 0.1766956 -0.6081287 0.6815723 -0.2268944 -0.6956853 0.8857596 -0.3890235 -0.2531611 0.7284786 -0.354797 -0.5860358 -0.0005928998 -0.7673666 -0.6412083 -0.0008084338 -0.8267808 -0.5625236 -0.001064511 -0.6742032 -0.7385451 0.004487427 -0.7513944 -0.6598381 0.0268534 -0.8909313 -0.4533434 0.01184988 -0.6262481 -0.7795337 -0.03377953 -0.6559937 -0.7540101 -0.03672055 -0.4997965 -0.8653641 -0.05568711 -0.769853 -0.6357872 -0.2847741 -0.4367376 -0.8533253 -0.3366363 -0.4961767 -0.8003028 -0.4732854 -0.5453701 -0.6917892 0.3288975 -0.2716351 -0.9044561 0.4899352 -0.309787 -0.8148592 0.275327 -0.3825308 -0.8819667 0.5069959 -0.6586733 -0.5559718 0.3862667 -0.6437554 -0.6605883 0.5868987 -0.4894336 -0.6449843 0.467144 -0.4338431 -0.7704263 0.270304 -0.5591273 -0.7837808 0.0225786 -0.5760204 -0.8171234 0.009951051 -0.4212042 -0.9069113 -0.02789846 -0.3928446 -0.9191816 0.03092285 -0.7349179 -0.6774507 -0.04945826 -0.5432413 -0.8381186 0.009020278 -0.7345437 -0.6785014 -0.808993 -0.07273582 -0.5833008 -0.8065694 -0.07543057 -0.5863071 -0.7811215 -0.0005604457 -0.6243788 -0.9397773 0.006033327 -0.3417341 -0.8850446 0.03644388 -0.4640774 -0.7821839 0.1465522 -0.6055665 -0.9132151 0.1341035 -0.3847785 -0.833309 0.1807858 -0.5224103 -0.8120016 -0.0755943 -0.5787391 -0.8120627 -0.07549223 -0.5786667 -0.777638 -0.1319985 -0.6146996 -0.7497208 -0.2443875 -0.6149744 -0.7497213 -0.2443877 -0.6149736 -0.7689522 -0.2592701 -0.5843727 -0.9338013 -0.2153829 -0.2857016 -0.7021834 -0.3842221 -0.5994263 -0.7980737 -0.4120655 -0.4396367 -0.7324255 -0.3558805 -0.5804325 -0.8366818 -0.3711815 -0.4027255 -0.8930473 -0.3584354 -0.272012 -0.79443 -0.5739972 -0.1985149 -0.5464735 -0.3118927 -0.7772321 -0.5434707 -0.3038497 -0.7825055 -0.4500335 -0.3915265 -0.8026063 -0.4543653 -0.3935367 -0.7991752 -0.3378468 -0.515041 -0.7877768 -0.7004934 -0.7050457 -0.1105424 -0.6382393 -0.5844965 -0.5010133 -0.3974 -0.673673 -0.6230874 -0.4571245 -0.6991092 -0.5498032 -0.3715751 -0.6328587 -0.6792803 -0.366418 -0.577036 -0.7299091 -0.3410476 -0.5514353 -0.7613184 -0.1639042 -0.6074651 -0.7772526 -0.1623232 -0.6152817 -0.771414 -0.1586159 -0.6482138 -0.7447549 -0.3387487 -0.6981355 -0.6307583 -0.1253964 -0.540716 -0.8318065 -0.07479289 -0.5468919 -0.8338557 -0.08480873 -0.9109416 -0.4037237 -0.05022279 -0.6591305 -0.7503497 0.02473994 -0.860268 -0.5092415 0.00196248 -0.841908 -0.5396175 -0.03067514 -0.7693481 -0.6380929 -0.03237435 -0.703164 -0.7102903 0.02825864 -0.8969103 -0.4413087 0.02911779 -0.8838368 -0.4668882 0.02345264 -0.8891978 -0.4569215 -0.002181253 -0.8633496 -0.5046016 -0.001535818 -0.7689764 -0.6392753 0.03518458 -0.9658277 -0.2567857 0.09003937 -0.6176724 -0.7812642 0.2816894 -0.9174314 -0.2810173 0.1239838 -0.8731382 -0.4714422 0.1688991 -0.8180088 -0.5498497 0.1239841 -0.8731384 -0.4714416 0.1100276 -0.7392161 -0.6644197 0.3395822 -0.7293735 -0.593884 0.3877106 -0.6682701 -0.634898 0.3877252 -0.6682354 -0.6349257 0.3912963 -0.8880827 -0.2412393 0.2438022 -0.7184661 -0.6514345 0.2384073 -0.7126424 -0.6597748 0.403152 -0.6732512 -0.6198397 0.5543603 -0.6232988 -0.5515281 0.6135349 -0.7559376 -0.2283273 0.4195753 -0.7231775 -0.5486082 0.4886879 -0.5064688 -0.7104037 0.479857 -0.5029364 -0.7188826 0.6820778 -0.5060949 -0.5278615 0.7175242 -0.6446684 -0.2637453 0.6786058 -0.4260996 -0.5982752 0.6950591 -0.4402336 -0.5684076 0.6947227 -0.440488 -0.5686218 0.9566265 -0.019995 -0.2906303 0.7983591 -0.07560049 -0.5974172 0.7720314 -0.1870183 -0.6074468 0.9712107 -0.2377413 0.01512499 0.891663 -0.2476088 -0.3789815 0.770296 0.09446037 -0.6306515 0.805574 0.09952565 -0.5840764 0.7864391 0.001724438 -0.6176654 0.6877016 0.2559108 -0.679394 0.7049794 0.4764607 -0.5253468 0.7356572 0.5068667 -0.4493268 0.7328734 0.3452447 -0.5862616 0.8791129 0.433741 -0.1975581 0.696049 0.2686162 -0.6658537 0.5854808 0.4850883 -0.6495395 0.57023 0.4630517 -0.6785432 0.7370756 0.5290442 -0.4205138 0.664645 0.5162838 -0.5400907 0.4395852 0.7712071 -0.4604394 0.4850439 0.6223304 -0.6143592 0.5150342 0.6657771 -0.5398894 0.4823425 0.5621054 -0.6718506 0.6824547 0.6927511 -0.2331342 0.3801293 0.7277884 -0.5708115 0.3839332 0.6383155 -0.6671946 0.3396489 0.6446529 -0.6848804 0.3324003 0.6856412 -0.6476158 0.3576566 0.7393703 -0.5704501 0.3068777 0.8994366 -0.3111911 0.1772665 0.7066076 -0.6850418 0.1906777 0.734895 -0.6508236 0.2370103 0.6945771 -0.679256 0.2458215 0.7534004 -0.6098849 0.197417 0.7879387 -0.5832487 0.233189 0.8651279 -0.4440457 0.1447446 0.6943097 -0.7049702 0.09312592 0.7500926 -0.6547432 0.1229435 0.979466 -0.1597852 0.03257433 0.6043128 -0.796081 0.03110544 0.5977772 -0.8010586 0.02143832 0.7092638 -0.7046172 0.03558119 0.7112139 -0.7020747 -0.003586657 0.6688966 -0.7433468 0.001073913 0.8453353 -0.534235 0.004485368 0.850861 -0.5253717 0.006391819 0.4756878 -0.879591 0.008101474 0.5999834 -0.7999715 -0.0005516082 0.6414295 -0.7671818 0.008720618 0.6996993 -0.7143842 0.01347853 0.4189242 -0.9079212 0.01107948 0.7763431 -0.6302132 0.004506637 0.9597651 -0.2807679 -0.002043477 0.9336074 -0.3582918 -0.002547836 0.8422962 -0.5390089 0.02690733 0.7515677 -0.6591069 0.02404173 0.7364208 -0.6760965 0.0345282 0.8522002 -0.5220753 0.01556335 0.877224 -0.4798289 0.01494222 0.8768646 -0.4805051 0.03452901 0.8522019 -0.5220725 0.00993621 0.7381637 -0.6745485 -0.03486618 0.7379122 -0.6739955 -0.0351724 0.8602603 -0.5086404 -0.03027564 0.733574 -0.6789349 -0.006082761 0.8420657 -0.5393406 -0.08473297 0.6323195 -0.77006 -0.07532694 0.6348626 -0.7689443 -0.06802748 0.6294824 -0.7740311 -0.2171334 0.554449 -0.8033924 -0.2171315 0.5544463 -0.8033948 -0.1918999 0.6384663 -0.7453424 -0.1703833 0.918259 -0.3574493 -0.07530001 0.6348659 -0.7689442 -0.3844178 0.7180291 -0.5802216 -0.3182171 0.8137383 -0.4863824 -0.2848576 0.6889498 -0.6664866 -0.2668084 0.6622549 -0.7001655 -0.2290238 0.5811771 -0.7808849 -0.4294231 0.4821454 -0.7636306 -0.4387337 0.5368086 -0.7206589 -0.4703866 0.5751304 -0.6692992 -0.4224446 0.5572146 -0.7148794 -0.341857 0.5447344 -0.7657664 -0.4708217 0.5766546 -0.6676798 -0.6759268 0.6126657 -0.4095896 -0.4973976 0.4419336 -0.7465188 -0.4660834 0.3512977 -0.8120075 -0.5014981 0.3648585 -0.7844603 -0.674399 0.3369549 -0.6569988 -0.6776473 0.3176067 -0.6632648 -0.6445609 0.3490839 -0.680207 -0.7313531 0.1727313 -0.6597625 -0.7313549 0.1727324 -0.6597602 -0.7690512 0.2521351 -0.5873569 -0.9102496 0.3271775 -0.2537728 -0.7107037 0.3068225 -0.6330563 0.02494772 0.547013 -0.8367523 -0.04211207 0.5144731 -0.8564718 -0.0252721 0.3909928 -0.9200467 0.01612777 0.419778 -0.9074835 -0.04603269 0.6270993 -0.7775779 0.4851924 0.4533317 -0.7477157 0.3287742 0.2708947 -0.904723 0.4903181 0.3092432 -0.8148354 0.2713643 0.5587934 -0.7836526 0.2759845 0.382328 -0.8818491 0.2383042 -0.69459 -0.67879 0.2744788 -0.8762329 -0.3960774 0.0009283474 -0.08284285 -0.9965622 0.0004457974 -0.09285097 -0.9956799 -0.0004167014 -0.1783957 -0.9839587 0.0008015621 -0.1856825 -0.9826095 -1.930955e-05 -0.2727708 -0.962079 0.001067887 -0.2839675 -0.9588333 -0.0004414776 -0.3794972 -0.9251928 0.001199005 -0.3964369 -0.9180612 -0.0008770578 -0.5081785 -0.8612513 0.0008560586 -0.5317417 -0.8469062 -0.0009197743 -0.6528775 -0.757463 -0.006411989 -0.8524735 -0.5227311 0.6238773 -0.3394515 -0.703953 0.1183837 -0.6216201 -0.7743215 0.02970392 -0.4193072 -0.9073584 0.1369319 -0.4807861 -0.8660799 0.03126239 -0.3014549 -0.9529678 0.1485399 -0.3515293 -0.9243176 0.03190532 -0.197242 -0.9798355 0.1555604 -0.2317155 -0.960265 0.03219335 -0.09869752 -0.9945966 0.1594025 -0.1160459 -0.9803694 0.03220642 -0.0001567646 -0.9994812 0.1606141 -0.0001969244 -0.9870173 0.6545962 -0.1723146 -0.7360784 0.5085557 -0.1574834 -0.8465046 0.3416177 -0.1385993 -0.9295631 0.6648866 -0.0001714675 -0.7469443 0.5153816 -0.0001712061 -0.8569608 0.3452882 -0.000178002 -0.9384967 0.004367893 0.3545801 -0.9350154 -0.002419847 0.5082499 -0.8612062 0.002853424 0.2546387 -0.9670321 -0.00163068 0.379651 -0.9251283 -0.001748924 0.5299095 -0.8480524 0.1487606 0.3512211 -0.9243993 0.1557064 0.2313597 -0.9603271 0.03064949 0.3006206 -0.9532512 0.0314923 0.196714 -0.979955 3.399426e-05 0.1854572 -0.9826523 0.65465 0.1719959 -0.7361051 0.5086116 0.1571606 -0.846531 0.3416822 0.138261 -0.9295898 0.1594772 0.1156743 -0.9804012 0.03198632 0.09834125 -0.9946386 0.0002116016 -8.823728e-05 -1 0.6239887 0.339157 -0.7039962 0.1372417 0.4805855 -0.8661422 0.02893871 0.4180584 -0.9079591 -0.0001661741 0.2834508 -0.9589868 -0.000472174 0.1790949 -0.9838317 0.1187873 0.6215906 -0.7742833 0.0252628 0.5559217 -0.8308507 -0.000626474 0.3954076 -0.9185055 -0.0009564245 0.2729415 -0.9620302 0.002756043 0.1677356 -0.9858282 -0.1336822 -0.13081 -0.9823532 -0.3206394 -0.1193241 -0.9396553 -0.3181039 -0.0001189249 -0.9480559 -0.4957737 -5.420119e-05 -0.8684518 -0.4970213 0.1268044 -0.8584233 -0.651863 0.1329447 -0.7465925 -0.64759 0.2532708 -0.7186662 -0.7709805 0.375639 -0.5142805 -0.7320698 0.3434875 -0.5882943 -0.03570558 0.1985298 -0.9794442 -0.1480211 0.2126558 -0.9658505 -0.3278662 0.229729 -0.9163669 -0.05160705 0.2917677 -0.955096 -0.1630087 0.3092123 -0.9369183 -0.3361944 0.3287227 -0.8825614 -0.5000226 0.3417633 -0.7957231 0.000165358 0.092855 -0.9956796 1.104251e-05 -0.0003646679 -0.9999999 -0.0001024925 0.08986425 -0.995954 0.0004075244 -1.060494e-05 -0.9999999 0.002088253 0.08263531 -0.9965777 0.0004200776 -0.01474774 -0.9998912 -0.0003374171 0.1195727 -0.9928254 -0.001890078 0.05431117 -0.9985223 -9.590364e-05 -0.01456081 -0.999894 -0.07043062 0.4035428 -0.912246 -0.1788952 0.4199362 -0.8897472 -0.3419641 0.4357836 -0.8325583 -0.0857588 0.5230698 -0.8479643 -0.1889993 0.5359399 -0.8228291 -0.06627247 0.9396819 -0.3355681 -0.01081646 0.2838509 -0.9588074 0.007024895 0.3122873 -0.9499617 -0.003053022 0.1942692 -0.9809435 0.005645554 0.221064 -0.975243 0.003705434 0.1497525 -0.9887166 -0.3280699 -0.3177882 -0.8895959 -0.1627316 -0.2869307 -0.9440282 -0.1791715 -0.420345 -0.8894985 -0.06808218 -0.4031468 -0.9125993 -0.1890934 -0.5385604 -0.8210946 -0.341995 -0.4362275 -0.832313 -0.4997522 -0.341683 -0.7959274 -0.6474797 -0.2525844 -0.719007 -0.6516589 -0.1316762 -0.7469953 -0.4982447 -0.2423802 -0.8324686 -0.4986062 0.2431452 -0.832029 -0.3211745 0.1198453 -0.9394062 -0.1317334 5.885383e-05 -0.9912852 -0.02543389 -0.126151 -0.991685 -0.04775072 -0.2716181 -0.9612198 -0.01496951 -0.2672811 -0.9635023 -0.2913169 -0.240913 -0.9257945 -0.4966831 -0.125637 -0.8587906 -0.6527534 0.0001717359 -0.7575704 0.008892957 -0.4750628 -0.8799069 -0.003512054 -0.1251637 -0.9921299 0.0001810295 -0.1271967 -0.9918775 0.002043214 -0.2193907 -0.9756349 0.003640255 -0.1656964 -0.9861701 0.004620278 -0.2541357 -0.9671575 0.004928489 -0.3116814 -0.9501739 0.006489172 -0.3540094 -0.9352194 0.3671272 -0.6358829 -0.6788744 0.1900391 -0.7092353 -0.6788744 0 0 -1 6.543022e-18 -0.7342544 -0.6788744 -0.1900391 -0.7092353 -0.6788744 0.7092353 -0.1900391 -0.6788744 0.6358829 -0.3671272 -0.6788744 0.5191963 -0.5191963 -0.6788744 0.6358829 0.3671272 -0.6788744 0.7092353 0.1900391 -0.6788744 0.7342544 3.402371e-16 -0.6788744 0.1900391 0.7092353 -0.6788744 0.3671272 0.6358829 -0.6788744 0.5191963 0.5191963 -0.6788744 -0.3671272 0.6358829 -0.6788744 -0.1900391 0.7092353 -0.6788744 -2.093767e-16 0.7342544 -0.6788744 -0.7092353 0.1900391 -0.6788744 -0.6358829 0.3671272 -0.6788744 -0.5191963 0.5191963 -0.6788744 -0.6358829 -0.3671272 -0.6788744 -0.7092353 -0.1900391 -0.6788744 -0.7342544 -7.851626e-17 -0.6788744 -0.3671272 -0.6358829 -0.6788744 -0.5191963 -0.5191963 -0.6788744 0.1648328 -0.3610566 -0.9178607 0.1121922 -0.3716448 -0.921571 0.3539052 -0.9327945 0.0681586 -0.02712286 0.6744 -0.7378679 -0.03399061 0.8472711 -0.5300719 -0.003762911 0.8468375 -0.5318383 -0.001117666 0.9987601 0.04976937 0.7550421 0.5717987 0.32087 0.1791943 0.8516762 -0.4924806 0.08416842 0.8579792 -0.5067419 0.09456409 0.9639195 -0.248831 0.3310444 0.918672 -0.2155256 0.2004493 0.9525606 -0.229016 0.1824457 0.928471 0.3235047 0.3425864 0.8916547 0.2959501 0.4277589 0.8672483 0.2547601 0.4602694 0.8638087 -0.2049065 0.7647514 0.595897 -0.2450757 0.6899141 0.6895453 -0.2203312 0.6486497 0.6957882 0.3084353 0.9094257 0.2624988 -0.3225512 0.763458 0.2203894 -0.6070917 0.7731792 0.2907213 -0.5636267 0.9401333 0.1473825 -0.307291 0.7928574 0.1242104 -0.5966145 0.95355 0.01619336 -0.3007991 0.8046917 0.01366131 -0.5935357 0.917046 -0.2392499 -0.3190393 0.7709979 -0.2004094 -0.6044819 0.7978575 -0.09792807 -0.594839 0.6057442 -0.7026974 0.3732162 0.5284886 -0.7489795 0.3996618 0.3773616 -0.8612421 0.3403824 0.2811088 -0.8864821 0.3675966 0.2710012 -0.9372992 -0.2191541 0.04079005 -0.9548133 -0.2943938 0.03668733 -0.8512691 -0.5234453 0.1288048 -0.9621701 -0.240079 0.114255 -0.8581655 -0.5004976 0.5891899 -0.6482971 -0.482251 0.6749044 -0.5461708 -0.4961869 0.7555638 -0.6115076 -0.234908 0.8277497 -0.4797249 -0.291023 0.8646273 -0.5011504 -0.03560693 0.9057774 -0.4168511 0.07617328 0.7905922 -0.4309859 0.4349887 0.1238569 -0.9465254 0.2979079 0.04289309 -0.9980987 -0.04426164 0.03775819 -0.9775538 0.2072749 0.242778 -0.8399856 -0.485266 0.3762529 -0.7938967 -0.4776628 0.4189434 -0.8840227 -0.2073411 0.5456918 -0.8127938 -0.2039283 0.7498846 -0.6575374 0.07292181 0.5996701 -0.596545 0.5334133 0.4904378 -0.7304733 -0.4752678 0.6569968 -0.7229008 -0.2139383 0.7788599 -0.2772721 -0.562581 0.8888358 -0.3164271 -0.3314284 0.7538921 -0.3308207 -0.5676305 0.8614643 -0.3779906 -0.33912 0.7312343 -0.4238329 -0.5344737 0.9455045 -0.1160016 -0.3042447 0.9597883 -0.2770051 0.04554748 0.9024133 -0.3184443 0.2902473 0.9461617 0.02331914 0.3228532 0.9444498 -0.1311458 0.3013557 0.937094 0.3470747 -0.03733597 0.9458847 0.2580784 0.1967171 0.9811014 0.1853608 0.0555106 0.7642414 0.3578133 0.5365676 0.8535084 0.5208909 -0.0140025 0.8208434 0.5012976 -0.2737094 0.901606 0.4243673 -0.08377972 0.8543889 0.4021466 -0.3290862 0.6178825 0.6175926 -0.4866216 0.5261277 0.704375 -0.4764929 0.5856497 0.7840167 -0.2057482 0.681387 0.5309704 -0.503768 0.7274026 0.4441552 -0.523079 0.2967851 0.8235698 -0.4833749 0.4135691 0.7761788 -0.4759277 0.5565781 0.7151473 0.42283 0.0280708 0.8496978 -0.5265223 0.03170715 0.960167 -0.2776221 -0.03843438 0.9585092 -0.2824588 -0.003306039 0.9999783 -0.00570213 -0.001307234 0.847735 -0.5304183 0.001576234 0.9981542 0.06070969 0.003570209 0.959861 -0.2804533 0.02982485 0.9883828 0.1490297 0.08946022 0.9892664 0.1155372 -0.1246388 0.9847332 0.1215145 -0.1230407 0.9847793 0.1227631 -0.03562974 0.8166053 0.5760958 -0.04018643 0.9988853 -0.02476385 0.003157498 0.8486371 -0.5289661 0.3266219 0.1969252 -0.9244126 0.8661094 0.4938858 0.0770156 0.8112479 0.5665317 0.1446328 0.3007567 0.2395659 -0.9231217 0.7470575 0.6605659 0.07455078 0.2756929 0.2707077 -0.9223398 0.18685 0.3419677 -0.920948 0.3965874 0.9029572 0.1654895 0.1291317 0.3707275 -0.9197207 0.2768912 0.9579358 0.07543355 0.08579096 0.3834071 -0.9195863 0.7445499 0.6639529 0.06936801 0.6463228 0.7451048 0.1645772 0.2314465 0.318163 -0.9193502 0.5311117 0.8442091 0.07232838 0.5283594 0.8462629 0.06837675 0.2785396 0.9572569 0.07794206 0.1379116 0.9721084 0.1896987 0.03750204 0.3828918 -0.9230317 -0.0006289271 0.4602103 -0.8878097 -0.0005230708 0.9942485 0.1070967 -0.004150646 0.9928088 0.1196386 0.09639762 0.9922142 0.07885763 0.05734265 0.9696079 0.2378495 0.01077692 0.3660722 -0.9305241 0.01279042 0.9976152 0.06782593 0.002955339 0.4006007 -0.916248 0.01824234 0.993875 0.1089939 0.001571356 0.9930131 0.117994 -0.003211462 0.461032 -0.8873777 -0.01761072 0.9940497 0.1074944 -0.01377621 0.3725543 -0.9279081 -0.02567936 0.9968705 0.07476543 -0.06950475 0.9802036 0.1853913 0.002509894 0.6745023 -0.7382685 0.02234914 0.6761244 -0.7364484 0.06720469 0.6851069 -0.7253359 0.1435248 0.6823604 -0.716788 0.2381102 0.660717 -0.7118684 0.3322863 0.6236369 -0.7075753 0.4226713 0.5659028 -0.7078863 0.4954429 0.4952515 -0.7136262 0.5446496 0.4244438 -0.7233286 0.5798219 0.353955 -0.7338409 0.749178 0.3526676 -0.5606763 0.183394 -0.9308902 0.3159274 0.05326623 -0.3940758 -0.9175331 0.1379646 -0.9865977 0.08712461 0.07237721 -0.9798749 0.1860286 0.01162011 -0.2522399 -0.967595 0.04065651 -0.9908303 0.1288504 0.3038453 -0.243204 -0.9211568 0.2579777 -0.29165 -0.9210797 0.711847 -0.6843334 0.1579928 0.7938417 -0.6037268 0.07300216 0.8082334 -0.546928 0.2182396 0.3296576 -0.1857263 -0.925652 0.896426 -0.4367467 0.07531801 0.327784 -0.1466714 -0.933298 0.3466279 -0.9348061 0.07737324 0.4834478 -0.859889 0.1639183 0.2180487 -0.3179017 -0.9227097 0.610903 -0.7890997 0.06418115 0.6055394 -0.7926387 0.07103414 0.4176296 -0.05284593 -0.9070793 0.9868634 -0.1523432 0.05377838 0.9730141 -0.04252839 0.2267926 0.4303453 0.008893265 -0.9026205 0.9683184 -0.210531 0.1342987 0.4370282 -0.1188567 -0.8915601 0.9418642 -0.3210278 0.09916092 0.9969436 0.04031457 0.0669186 0.9843191 0.08840378 0.1526458 0.446164 0.07574511 -0.8917401 0.9675952 0.2360913 0.08955696 0.4079176 0.1153257 -0.9057059 0.9475547 -0.3127089 0.06597841 0.3341796 -0.1174089 -0.935168 0.9210831 -0.3637315 0.1389437 0.897346 -0.4355604 0.07111419 0.0222916 -0.4898258 -0.8715353 0.09126663 -0.6868721 -0.7210251 0.1947443 -0.6742366 -0.712376 0.3022107 -0.6376211 -0.7085958 0.3940938 -0.5869596 -0.7072259 0.4728209 -0.5202611 -0.7111742 0.5406795 -0.4374481 -0.7185435 0.5820364 -0.3374127 -0.7398556 0.596442 -0.2617655 -0.7587725 0.6165378 -0.2194914 -0.7561115 0.967632 0.2428598 0.06861131 0.9357201 0.3178841 0.1528975 0.3890788 0.1476653 -0.9092924 0.9247811 0.37444 0.06763544 0.3470669 0.158135 -0.9244122 0.9256597 0.3671646 0.0913468 0.8758262 0.4594626 0.1477246 0.5935015 0.2794185 -0.7547724 0.7304354 0.4754849 0.4902838 -0.1198075 0.9852903 -0.1218574 -0.1129522 0.9279226 -0.3552483 -0.09988974 0.8185937 -0.5656204 -0.080289 0.6579793 -0.7487435 -0.05722 0.4666975 -0.8825641 -0.03105216 0.2385412 -0.9706358 -0.1400844 0.9825044 0.1227255 -0.08833919 0.3911863 -0.9160619 -0.2426275 -0.3328654 -0.9112258 -0.3051611 -0.3244837 -0.8953139 -0.6255649 -0.7742364 0.0960546 0.0001786521 -0.9995183 -0.03103539 -0.2064634 0.9732733 0.1005578 -0.4548037 0.8893566 -0.04688776 -0.3193003 0.9182426 0.2342601 -0.6424748 0.7307776 0.2306302 -0.512634 0.8239609 0.2414432 -0.7523552 0.6478686 -0.1192808 -0.8139984 0.5426857 0.2071203 -0.9380388 0.2593179 0.2298641 -0.9063554 0.4171987 -0.06682162 -0.9815868 0.08765656 0.1697167 -0.996732 -0.005520453 -0.08059096 -0.9578727 -0.1838715 0.2206154 -0.9108143 -0.3547131 0.2111774 -0.8657397 -0.4786217 -0.1463423 -0.8025898 -0.5898294 0.08916805 -0.1816954 0.8015877 -0.5695998 -0.2648162 0.7795512 -0.5676022 -0.3536661 0.744602 -0.5661168 -0.4445798 0.693293 -0.5671805 -0.5328788 0.6242899 -0.5712288 -0.6133291 0.5383886 -0.5778972 -0.681472 0.4384739 -0.5859493 -0.7346189 0.3277888 -0.594045 -0.7714916 0.2099575 -0.6005984 -0.7915819 0.08783592 -0.6047172 -0.7950342 -0.03617029 -0.6054852 -0.7819202 -0.1594586 -0.602639 -0.7520069 -0.2795296 -0.5969496 -0.705408 -0.3937509 -0.5893724 -0.6430257 -0.4989577 -0.5809984 -0.6592415 -0.6984123 0.2786053 -0.5646477 -0.5955487 -0.5713972 -0.5520068 -0.7705782 -0.3185872 -0.5493625 -0.8282413 0.1105312 -0.4609687 -0.8132312 0.3551941 -0.46344 -0.8615041 -0.2074464 -0.3225657 -0.8767177 0.3568157 -0.3566104 -0.9095137 -0.2135738 -0.2864522 -0.9381618 0.1944159 0.000294155 -0.8480977 -0.5298397 0.005952096 -0.8489875 -0.5283793 0.007456502 -0.9937293 0.1115639 -0.006699081 -0.9586399 -0.284543 -0.005711822 -0.8100352 -0.5863534 -0.06110528 -0.9467744 -0.316045 -0.05137133 -0.7959022 -0.6032418 -0.158193 -0.9267748 -0.3406808 -0.1277493 -0.7743011 -0.6197886 -0.2518931 -0.9190803 -0.3030532 -0.1574235 -0.9444791 0.2884045 -0.05677215 -0.9983462 -0.009045151 -0.008432245 -0.9994486 0.03211504 -0.6172051 -0.7846684 0.05790788 -0.5160686 -0.8292984 0.21433 -0.1908114 -0.3601455 -0.9131737 -0.4315878 -0.900443 0.05417076 -0.1689704 -0.4180884 -0.8925531 -0.1071051 -0.3938526 -0.9129122 -0.2060215 -0.9641261 0.1673799 -0.06440065 -0.4101553 -0.9097391 -0.1115852 -0.9916371 0.06484341 -0.02972296 -0.4188389 -0.907574 -0.4445134 -0.8897628 0.1035858 -0.3409109 -0.9323614 0.1203407 -0.2754075 -0.9596429 0.05688765 -0.1100557 -0.992014 0.06161155 -0.01526976 -0.9877487 0.1553039 -0.003202207 -0.4614759 -0.8871469 -0.00630249 -0.9941458 0.1078628 -0.0004519253 -0.9922818 0.1240026 0.0001154176 -0.4673505 -0.8840721 0.0005587908 -0.993374 0.1149248 0.00252025 -0.4702127 -0.8825495 0.01425495 -0.9904111 0.1374138 0.0004346941 -0.9931831 0.1165643 -0.2126872 0.9758526 0.04975739 -0.2721353 0.9517118 0.1420813 -0.143226 0.4078646 -0.9017387 -0.3791359 0.9217401 0.08155472 -0.1756528 0.3758887 -0.9098647 -0.3866604 0.9201733 0.06143984 -0.4724931 0.8573476 0.2042187 -0.221137 0.3406715 -0.913806 -0.5761509 0.8156354 0.05281044 -0.2954066 0.3442686 -0.8911869 -0.6007926 0.7898513 0.1232205 -0.3009164 0.2663967 -0.9156867 -0.9231871 0.3278108 0.200663 -0.4088948 0.1101507 -0.9059094 -0.4044634 0.1834597 -0.8959642 -0.9921196 0.008722049 0.1249906 -0.4330181 -0.02261225 -0.9011016 -0.9835761 0.03515211 0.1770378 -0.4208449 0.04854229 -0.9058329 -0.9654593 0.2468038 0.08352393 -0.9478299 0.1808792 0.2624905 -0.98707 0.135578 0.08550679 -0.94587 -0.3108064 0.09343047 -0.4075956 -0.1486594 -0.9009807 -0.9315382 -0.266014 0.2479377 -0.4125363 -0.08438208 -0.9070245 -0.903431 -0.4050854 0.1404217 -0.8941936 -0.4180248 0.1602284 -0.3802376 -0.2142763 -0.899725 -0.9911172 -0.09089306 0.0970833 -0.9651464 -0.1206218 0.232256 -0.9758503 -0.202581 0.08171345 -0.7264511 0.6853749 0.05030012 -0.7738977 0.5843772 0.2441018 -0.3386892 0.2145294 -0.916115 -0.8692388 0.4914654 0.05371883 -0.8949164 0.4310418 0.1154454 -0.8571751 -0.5065719 0.09292894 -0.8057516 -0.5344221 0.2552595 -0.3160254 -0.2485542 -0.9156139 -0.7551637 -0.6533832 0.05308636 -0.7422995 -0.6559013 0.1370579 7.316497e-08 0.7365035 0.6764338 -0.207497 0.70667 0.6764337 0 0 1 0.5566125 0.4823071 0.6764336 0.3981838 0.6195861 0.6764338 0.2074971 0.7066699 0.6764337 0.729007 -0.1048157 0.6764337 0.729007 0.1048157 0.6764337 0.669947 0.3059545 0.6764339 0.3981838 -0.6195861 0.6764338 0.5566125 -0.4823071 0.6764336 0.669947 -0.3059545 0.6764339 -0.207497 -0.70667 0.6764337 7.316497e-08 -0.7365035 0.6764338 0.2074971 -0.7066699 0.6764337 -0.669947 -0.3059545 0.6764339 -0.5566125 -0.4823071 0.6764336 -0.3981838 -0.6195861 0.6764338 -0.669947 0.3059545 0.6764339 -0.729007 0.1048157 0.6764337 -0.729007 -0.1048157 0.6764337 -0.3981838 0.6195861 0.6764338 -0.5566125 0.4823071 0.6764336 -0.3303716 0.1777047 0.9269712 -0.3838607 0.1618714 0.9090922 -0.8890972 0.4451969 -0.1063292 0.02129168 0.4096329 0.9120019 0.0007936821 0.423948 0.9056862 0.009021225 0.9941696 -0.1074495 -0.00714785 0.9911343 -0.1326714 0.01979193 0.7630714 -0.6460111 0.04137532 0.9917009 -0.1217268 0.1776219 0.9833729 -0.03779095 -0.08516062 0.7984127 -0.5960578 -0.01441113 0.9863956 -0.1637562 -0.09779743 0.9739852 -0.2044223 -0.09951867 0.9903324 0.09663187 -0.3315231 0.7946729 -0.5085149 -0.5003153 0.8351422 -0.2285216 -0.5370237 0.8380139 0.09663464 -0.9001451 -0.4292292 0.074169 -0.8658443 -0.4023602 0.2973547 -0.8963719 -0.2980017 -0.3281956 -0.9191936 -0.3094788 0.2435282 -0.9574213 -0.1407633 -0.2520518 -0.8990107 0.3698643 0.2344784 -0.8603724 0.4644509 0.2098683 -0.8287334 0.4253079 -0.3637501 -0.8546324 0.3687368 -0.3655634 -0.9357116 0.251857 0.2470056 -0.9017333 0.2320903 -0.364707 -0.9632994 0.1047695 0.2471387 -0.9915469 0.09859835 -0.08433877 -0.968357 -0.03101757 0.2476339 -0.9653227 -0.05351676 -0.2555153 -0.95361 -0.1709756 0.2477809 -0.8915519 -0.4415679 -0.1007624 -0.6962713 0.7056546 0.1313692 -0.6932252 0.702651 -0.1603757 -0.8032117 0.568285 0.1786145 -0.8115249 0.5750938 -0.1034139 -0.2349959 0.9679358 0.08875355 -0.2304667 0.9495921 -0.2125086 -0.3859681 0.9180733 0.09038819 -0.5540988 0.5940212 -0.5831924 -0.6209162 0.4420807 -0.6473235 -0.2051543 0.7253027 -0.6571512 -0.4037419 0.7921796 -0.4576505 -0.01950817 0.8799605 -0.4746462 0.4037299 0.8820368 0.2429262 0.5216502 0.8187629 0.2398091 0.5444645 0.8325347 -0.1021978 0.5981295 0.7107474 -0.3702422 0.3898303 0.8347646 -0.388845 0.2883543 0.9259478 0.24387 0.2634264 0.9128099 -0.312065 0.1731743 0.9569819 0.2328011 0.7457921 0.4435808 0.4970212 0.8290335 0.4939326 0.2621719 0.7434047 0.6252063 0.2376268 0.8580424 0.5135739 0.002268175 0.819295 0.5157088 -0.2505997 0.05934578 0.9826167 0.1759051 -0.0003649834 0.9883476 0.1522133 0.0004898263 0.982 -0.1888801 0.01219578 0.9887024 0.149395 0.006867894 0.9954113 0.09544171 0.02279015 0.9888286 0.1473043 -0.01713176 0.9910299 0.1325374 0.03004848 0.9789203 -0.2020201 0.1651911 0.815674 -0.5544256 0.715403 0.5846602 -0.3825847 0.6369423 0.7333224 0.2377875 0.01431533 0.9960015 -0.08818184 0.1124015 0.9743876 -0.1947684 0.06856489 0.3661651 0.9280205 0.21842 0.9740322 -0.05961552 0.1176328 0.3988251 0.909451 0.1524389 0.334466 0.9299972 0.4726818 0.864187 -0.1724897 0.2152053 0.3284286 0.9196855 0.5957827 0.7991826 -0.07968788 0.252234 0.2977068 0.9207327 0.1998879 0.9737219 -0.1091354 0.3189849 0.9387794 -0.1301612 0.4043843 0.9129827 -0.05418476 0.5312385 0.4470405 0.7196808 0.6634777 0.5582064 0.4981997 0.4551859 0.5240489 0.7198462 0.5685364 0.6545636 0.4983101 0.3724538 0.5845748 0.7207985 0.4654025 0.7304716 0.4998118 0.2879049 0.6289732 0.722152 0.3599468 0.7863745 0.5020493 0.2054978 0.6599159 0.7226906 0.2570011 0.825294 0.5028323 0.1238007 0.6843842 0.7185344 0.1546678 0.8548475 0.4952915 0.04327536 0.7153032 0.697473 0.05365968 0.8880455 0.4566134 -0.0002540325 0.723018 0.6908292 -0.0003237731 0.897067 0.4418944 0.01107163 0.8976397 0.440591 0.8654679 0.4825211 -0.1346798 0.2251209 0.1306432 0.9655325 0.7963059 0.5650718 -0.2158492 0.287245 0.2420015 0.9267824 0.5971907 0.7985008 -0.07589254 0.6955561 0.6923774 -0.1918732 0.7618679 0.6450105 -0.05931849 0.4366141 0.2601297 0.8612204 0.008915931 0.7230884 0.690698 0.02070085 0.8985365 0.4384103 -0.3564073 -0.1223679 0.9262829 -0.536683 -0.2499381 0.8059171 -0.377167 -0.1726709 0.9099065 -0.3784709 0.03854221 0.9248104 -0.9958784 0.06167978 -0.06649725 -0.9493014 0.1806593 -0.2572724 -0.3607189 0.100066 0.9272911 -0.9488606 0.3093931 -0.06276471 -0.9374894 0.3180451 -0.1412834 -0.9916646 -0.02889473 -0.1255647 -0.4185224 -0.01749217 0.908038 -0.9919518 -0.1094225 -0.06370443 -0.371877 -0.06271373 0.9261611 -0.9439814 -0.2523313 -0.2126689 -0.9331267 -0.3534567 -0.06590065 -0.9125443 -0.3940577 -0.1094598 -0.7498822 0.6129064 -0.2490429 -0.2880817 0.2918444 0.9120503 -0.3547446 0.2517129 0.9004426 -0.09631361 0.4086689 0.9075866 -0.1719206 0.3902449 0.9045177 -0.3227555 0.9326254 -0.1613654 -0.7048225 0.7060005 -0.06919942 -0.5702744 0.7191569 -0.3969893 -0.2198826 0.3517661 0.9098968 -0.4655827 0.8822246 -0.07008855 -0.4780647 0.8740629 -0.08641884 -0.1970626 0.9775225 -0.0749404 -0.1401839 0.9766832 -0.1625988 -0.03931378 0.4389428 0.8976545 -0.04596259 0.9932257 -0.1067245 -0.008651386 0.4017173 0.9157229 -0.8834441 0.4649379 -0.05795811 -0.8418855 0.5184161 -0.1499119 -0.8055391 0.5815765 -0.1134706 -0.6803892 -0.3178097 0.6603541 -0.6552 -0.2201289 0.722673 -0.6797259 -0.1218354 0.7232765 -0.6893468 -0.0221581 0.7240926 -0.6865945 0.07474412 0.7231883 -0.6667491 0.1793958 0.723369 -0.642301 0.2642283 0.719467 -0.6193519 0.3343487 0.710362 -0.584593 0.4136596 0.6979518 -0.5157843 0.5229593 0.6785869 -0.402877 0.6282143 0.6656101 -0.2895003 0.6886595 0.664784 -0.1763749 0.7272784 0.6632933 -0.07436966 0.7403113 0.6681379 -0.01266293 0.7310168 0.6822419 0.01668568 0.7247111 0.6888508 0.0110177 0.4596457 0.888034 0.01232082 0.6803793 0.7327566 -0.04042611 0.9964026 -0.07448252 0.0156103 0.9827275 -0.1843992 0.02580098 0.9887993 -0.1470042 0.02090373 0.9117898 -0.4101249 -0.004436366 0.9938563 -0.1105891 -0.7890349 -0.3674339 0.4923579 -0.81967 -0.2756581 0.5021491 -0.8496358 -0.15232 0.5048937 -0.862453 -0.02765854 0.5053808 -0.8583155 0.09338161 0.5045537 -0.8336796 0.2243624 0.5046186 -0.8026888 0.3302246 0.4966311 -0.7719892 0.4167438 0.4799554 -0.7256379 0.5134179 0.4580957 -0.6358615 0.6445366 0.4245618 -0.4944158 0.771381 0.400655 -0.355633 0.8459471 0.3973647 -0.2166093 0.892493 0.3956472 -0.0915214 0.9108957 0.4023591 -0.01563579 0.9038564 0.4275502 0.6068297 0.360693 0.7082784 0.3491301 0.1380728 0.9268463 -0.3355856 -0.2052193 0.9193842 -0.02675188 -0.4259841 0.9043351 -0.003810901 -0.4399524 0.898013 -0.03836354 -0.9923724 -0.117155 0.02456145 -0.99009 -0.1382695 0.02386857 -0.9967115 -0.07743648 0.7769444 -0.548511 -0.3090195 0.01074861 -0.8972474 0.4413974 -0.0008251396 -0.8978607 0.4402788 -0.0009086201 -0.9887645 0.1494791 0.5009281 -0.707044 0.4991591 0.3953012 -0.7697071 0.5012862 0.4432781 -0.8631393 0.2418574 0.6932761 -0.5205183 0.4984265 0.6023085 -0.6237964 0.4980989 0.6747199 -0.6988014 0.2375494 0.8234873 -0.2654641 0.5013955 0.7684048 -0.3997937 0.499719 0.8611567 -0.4480545 0.2401174 0.904398 0.3515654 0.2417974 0.8062859 0.3141752 0.5011955 0.8623142 0.3343109 -0.3803293 0.8558508 -0.1220193 0.5026238 0.9599329 -0.1368619 0.2445355 0.8638841 0.02575631 0.5030317 0.9690758 0.02889377 0.2450658 0.8472925 0.1727084 0.5022621 0.9502385 0.1936903 0.2439895 0.9233371 -0.2976509 0.2425954 0.7766904 -0.583143 0.2381097 0.8340506 -0.4677765 -0.2924805 0.9611652 -0.1202686 -0.2483886 0.9670328 0.06122812 -0.2471814 0.9347125 0.1639289 -0.3153409 0.8710892 -0.2815253 -0.4024266 0.2909531 -0.8138333 0.5030125 0.3264429 -0.9131254 0.2442069 0.5405297 -0.8159769 -0.2049617 0.5613523 -0.7923377 0.2389237 0.3106134 -0.8854087 -0.3457901 0.4471971 -0.8314949 -0.329592 0.0119209 -0.9882971 0.1520745 0.08316379 -0.8752608 0.4764476 0.09256272 -0.9743114 0.2053031 0.1894709 -0.8453435 0.4994949 0.2123489 -0.9475344 0.2389279 0.01066539 -0.9902867 -0.1386306 0.1694938 -0.9754674 -0.1404823 0.1862797 -0.9625814 -0.1968169 0.6287107 -0.6562256 -0.4172419 0.004335842 -0.8950908 -0.4458627 0.2703756 -0.7936976 -0.5449231 -0.7557951 -0.4543989 0.4714822 -0.8401442 -0.5053582 0.1969033 -0.6958518 -0.5641297 0.4444636 -0.7669117 -0.621674 0.1592727 -0.5991298 -0.6856887 0.4133698 -0.6536137 -0.7481444 0.1143199 -0.4878047 -0.7741518 0.403405 -0.5304866 -0.8418932 0.09899462 -0.3763471 -0.8367126 0.3978378 -0.4084937 -0.9082079 0.09105653 -0.2568229 -0.8813474 0.3965714 -0.2786478 -0.9562547 0.08906374 -0.1445694 -0.9066762 0.3962802 -0.1568205 -0.9836794 0.08821658 -0.06241819 -0.9106908 0.4083457 -0.06800391 -0.9921858 0.1046078 -0.001443849 -0.9023406 0.4310213 -0.001589658 -0.9904833 0.1376236 -0.1384605 -0.733502 -0.6654349 -0.2359261 -0.8305632 -0.5044836 -0.1539065 -0.9646237 -0.2140417 -0.04535494 -0.7133966 -0.6992912 -0.06705602 -0.9785016 -0.1950338 0.002388996 -0.8943963 -0.4472689 0.007498451 -0.9864932 -0.1636305 -0.3291944 -0.6331741 -0.7005153 -0.4886288 -0.6003527 -0.6331024 -0.6663061 -0.3942272 -0.6329464 -0.6008558 -0.4953345 -0.6273882 -0.4189107 -0.8589349 -0.2945245 -0.8541695 -0.5134536 -0.08221811 -0.7704126 -0.6245748 -0.1279486 -0.647009 -0.7403851 -0.1822341 -0.4864402 -0.8431472 -0.2290826 -0.2707496 -0.3072822 0.9122896 -0.2242424 -0.3730229 0.9003162 -0.5683001 -0.8091038 -0.1496195 -0.6736337 -0.7358307 -0.06907177 -0.7126312 -0.6741749 -0.194023 -0.3297488 -0.2592125 0.9077856 -0.8259953 -0.5565456 -0.08937973 -0.04106843 -0.9944742 -0.09661526 -0.09914304 -0.9834516 -0.1516364 -0.06769992 -0.4111569 0.9090472 -0.1821573 -0.9799667 -0.08052341 -0.1253109 -0.4423894 0.8880252 -0.2513834 -0.9576918 -0.140117 -0.1695258 -0.3706583 0.9131667 -0.4457175 -0.8925999 -0.06783385 -0.4220929 -0.901153 -0.09879735 -0.8694358 -0.4642082 -0.1690921 -0.8303159 -0.5523299 -0.07421012 -0.6077245 -0.364839 0.7053817 -0.5621097 -0.455791 0.6901357 -0.4867554 -0.5568866 0.673013 -0.3966487 -0.6294885 0.6681423 -0.306354 -0.6810762 0.6650432 -0.2090861 -0.7174726 0.6644667 -0.1176941 -0.7378837 0.6645869 -0.05063519 -0.73896 0.6718439 -0.001165455 -0.7293582 0.684131 0.0132023 -0.7237311 0.6899558 0.01637008 -0.8981703 0.4393429 0.01801046 -0.9888668 0.1477094 -0.00162788 -0.989751 -0.1427943 0.3555988 -0.1163089 0.9273736 0.37337 -0.05044299 0.9263101 0.9447202 -0.2177457 -0.2451339 0.9403997 -0.3350951 -0.05796254 0.9040347 -0.4021001 -0.1450403 0.3614399 -0.1952468 0.9117236 0.834907 -0.5418437 -0.09662201 0.3060165 -0.225768 0.924869 0.9140979 0.4011361 -0.05928677 0.9283438 0.2735749 -0.2516635 0.3668312 0.07140227 0.9275433 0.988556 0.1386334 -0.05948 0.4220934 0.01050504 0.9064915 0.9855417 0.1006757 -0.1362787 0.9939827 -0.09093102 -0.06107382 0.1746562 -0.3348117 0.925957 0.235754 -0.3408557 0.9100755 0.5021563 -0.8587194 -0.1021766 0.03574102 -0.3739692 0.9267522 0.09603515 -0.3988364 0.9119796 0.1748862 -0.9749255 -0.1376046 0.4915512 -0.8684586 -0.06447554 0.3873779 -0.8999061 -0.2002683 0.1235754 -0.3542151 0.9269632 0.2897376 -0.9549347 -0.06443531 0.3017009 -0.9480112 -0.1012491 0.8299856 -0.554066 -0.06430187 0.729586 -0.6449681 -0.2274212 0.2573008 -0.2704362 0.9277179 0.6557091 -0.7526973 -0.05909566 0.6448094 -0.7487425 -0.1536409 0.64588 0.251835 0.7207067 0.6780957 0.1382215 0.7218594 0.6913274 0.02061073 0.7222476 0.6849383 -0.09764941 0.7220278 0.6591374 -0.2124831 0.7213798 0.6151796 -0.3200683 0.7204931 0.555124 -0.4167911 0.7198073 0.4822392 -0.49944 0.7197257 0.4009526 -0.565927 0.7203913 0.3162446 -0.6157604 0.7216845 0.2326631 -0.6507689 0.7227501 0.1515908 -0.6762658 0.7208917 0.06679366 -0.7029437 0.7081022 0.008615295 -0.7235716 0.6901956 0.003821512 -0.4445727 0.8957346 -0.0006659822 -0.7236123 0.6902063 0.0004473488 -0.5200954 0.8541081 0.006289781 -0.4996123 0.8662263 0.09906594 -0.9935629 -0.05494198 0.02729076 -0.9890827 -0.1448126 -0.001246337 -0.9916265 -0.1291329 0.003399187 -0.9761783 -0.2169433 0.003059525 -0.9807458 -0.1952646 0.03163159 -0.992287 -0.1198578 4.812915e-17 -0.6751284 -0.7377002 -0.1747361 -0.6521239 -0.7377002 -0.3375642 -0.5846783 -0.7377002 -0.4773879 -0.4773879 -0.7377002 -0.5846783 -0.3375642 -0.7377002 -0.6521239 -0.1747361 -0.7377002 -0.6751284 -6.392152e-17 -0.7377002 -0.6521239 0.1747361 -0.7377002 -0.5846783 0.3375642 -0.7377002 -0.4773879 0.4773879 -0.7377002 -0.3375642 0.5846783 -0.7377002 -0.1747361 0.6521239 -0.7377002 -2.060529e-16 0.6751284 -0.7377002 0.1747361 0.6521239 -0.7377002 0.3375642 0.5846783 -0.7377002 0.4773879 0.4773879 -0.7377002 0.5846783 0.3375642 -0.7377002 0.6521239 0.1747361 -0.7377002 0.6751284 3.181036e-16 -0.7377002 0.6521239 -0.1747361 -0.7377002 0.5846783 -0.3375642 -0.7377002 0.4773879 -0.4773879 -0.7377002 0.3375642 -0.5846783 -0.7377002 0.1747361 -0.6521239 -0.7377002 0.06797382 -0.1191174 0.9905507 0.01220408 -0.02055035 0.9997143 -0.04204554 -0.0681471 0.9967889 -0.08694536 0.01086786 0.9961538 -0.3326419 0.003632157 0.9430462 -0.3302626 0.2534149 0.9092346 -0.04493636 0.03122243 0.9985018 -0.02311515 0.02347611 0.9994571 0.01401267 0.01585458 0.9997761 0.05437456 0.08228846 0.9951241 0.01425964 0.03396731 0.9993212 0.009788323 0.02231136 0.9997032 -0.05099157 0.06323855 0.9966949 -0.01729494 0.02621003 0.9995068 0.02290198 0.02713677 0.9993693 0.07166771 0.05981091 0.9956337 0.02129701 0.01435174 0.9996702 0.05612032 -0.06456574 0.9963342 0.03419468 -0.02777422 0.9990292 0.02017554 -0.01700061 0.9996519 -0.2782861 0.04895754 0.9592497 -0.05573297 0.01506795 0.998332 -0.1655534 0.08977472 0.9821062 -0.02716944 0.01251589 0.9995525 0.04015152 0.01219595 0.9991192 0.0983828 0.03751054 0.9944414 0.03192789 0.01389647 0.9993936 -0.0577393 -0.004181301 0.9983229 -0.3800771 -0.05773613 0.9231511 -0.07063021 -0.01322595 0.9974149 -0.09354554 -0.02762884 0.9952316 -0.2094644 -0.0679226 0.9754543 -0.4098064 0.1427379 0.9009354 -0.04183707 0.09803636 0.994303 -0.1559554 0.3033111 0.9400427 0.1230409 0.07375535 0.9896571 0.04362349 0.01931333 0.9988613 0.0407192 0.0123797 0.9990939 0.1908618 0.03331013 0.9810516 0.02452323 0.002553159 0.999696 0.1531954 0.00296748 0.9881915 0.02877892 -0.002801829 0.9995819 -0.008963335 0.02737161 0.9995851 -0.02071591 -0.02651781 0.9994337 -0.2655065 -0.2662193 0.9266248 -0.02121059 -0.01765857 0.9996191 -0.1316104 -0.09590549 0.9866513 -0.05123849 -0.02965823 0.998246 -0.4562487 -0.2336006 0.858643 -0.05279759 -0.02302055 0.9983399 0.06387521 -0.04330572 0.9970178 0.05129893 -0.02695285 0.9983196 0.04597298 -0.02423705 0.9986486 0.08258287 -0.03526957 0.9959599 0.05250214 -0.02148495 0.9983897 0.09860401 -0.03520302 0.9945039 0.02830102 -0.00844966 0.9995637 0.02762386 0.09177791 0.9953963 0.00579217 0.03299133 0.9994389 0.01490287 0.1858335 0.9824682 0.07402353 -0.01470946 0.997148 -0.0006767148 -0.06298453 0.9980143 -0.0001116463 -0.08056787 0.9967491 -1.678272e-05 -0.06819251 0.9976722 0.0004385414 -0.1130388 0.9935905 0.006627262 -0.02184529 0.9997394 0.0160967 -0.04775622 0.9987293 0.01229133 -0.082638 0.9965038 0.004095619 -0.0374696 0.9992894 0.01148244 -0.2053383 0.9786237 0.0007436254 -0.02977962 0.9995562 -0.01624233 -0.03094628 0.9993891 -0.081501 -0.2108833 0.9741077 -0.008952977 -0.02961685 0.9995212 -0.02188166 -0.08741609 0.9959315 -0.008341347 -0.06217657 0.9980303 -0.004817351 -0.03288524 0.9994475 -0.01086871 -0.1655858 0.9861355 -0.0006912613 -0.0535099 0.9985671 -0.0006552684 0.04228346 0.9991054 -0.01061008 0.1595779 0.9871283 -0.005481983 0.03644468 0.9993206 -0.006454284 0.04199421 0.999097 -0.03306731 0.130685 0.9908723 0.01476451 0.1861042 0.9824191 0.0008135155 0.04133879 0.9991449 0.0008269999 0.04263743 0.9990903 4.359317e-05 0.07475868 0.9972017 -4.458671e-06 0.06967376 0.9975698 -0.0003660406 0.1027195 0.9947103 6.675326e-08 0.6719611 0.7405865 -0.1893133 0.6447418 0.7405866 -0.3632896 0.5652896 0.7405865 -0.5078343 0.4400406 0.7405866 -0.6112375 0.2791428 0.7405863 -0.6651213 0.0956303 0.7405866 -0.6651213 -0.0956303 0.7405866 -0.6112375 -0.2791428 0.7405863 -0.5078343 -0.4400406 0.7405866 -0.3632896 -0.5652896 0.7405865 -0.1893133 -0.6447418 0.7405866 6.675326e-08 -0.6719611 0.7405865 0.1893134 -0.6447418 0.7405865 0.3632896 -0.5652896 0.7405865 0.5078343 -0.4400406 0.7405866 0.6112375 -0.2791428 0.7405863 0.6651213 -0.0956303 0.7405866 0.6651213 0.0956303 0.7405866 0.6112375 0.2791428 0.7405863 0.5078343 0.4400406 0.7405866 0.3632896 0.5652896 0.7405865 0.1893134 0.6447418 0.7405865 -0.04408358 0.1120325 -0.9927262 0.07852261 -0.01672281 -0.9967721 0.05105862 -0.02082399 -0.9984785 0.0234508 -0.003202741 -0.9997199 0.5773383 -0.008455211 -0.8164612 -0.03135565 -0.0399065 -0.9987113 -0.07357029 -0.09971861 -0.9922921 0.02431703 0.003276278 -0.9996989 0.0700761 0.016971 -0.9973973 0.02243384 0.008533224 -0.9997119 0.470552 0.2498449 -0.8462614 0.01931988 0.01407367 -0.9997143 0.05442156 0.04616176 -0.9974504 -0.02398306 0.0404076 -0.9988954 -0.02885315 0.05037588 -0.9983135 -0.1853212 0.2025911 -0.9615679 -0.01584661 -0.04315716 -0.9989426 -0.02685166 -0.1330512 -0.9907454 -0.006349418 -0.06794471 -0.9976689 0.01876698 -0.01387386 -0.9997276 0.4302446 -0.2445405 -0.8689589 0.02230032 -0.008633675 -0.999714 0.01617226 0.01830649 -0.9997016 0.1903227 0.2714311 -0.9434524 0.01215683 0.02304161 -0.9996606 0.02627884 0.04801349 -0.9985009 0.02778819 0.07430337 -0.9968484 0.007511874 0.02448347 -0.999672 -0.04874567 0.04605763 -0.9977487 -0.2067506 0.1490151 -0.9669792 -0.1083848 0.06861124 -0.9917385 -0.1016072 0.0009248023 -0.9948242 -0.02479262 0.001848478 -0.9996909 -0.383387 0.06185993 -0.9215138 -0.03176361 0.009734551 -0.999448 -0.04393109 0.01378118 -0.9989395 -0.08076158 0.03522629 -0.9961108 -0.1601867 -0.1562528 -0.9746411 -0.06653378 -0.04707412 -0.9966731 0.03243895 0.1425446 -0.9892567 -0.01841942 0.08826929 -0.9959263 -0.01922539 0.09261685 -0.9955162 -0.009416428 0.1181818 -0.9929473 -0.01950835 0.009942559 -0.9997603 -0.08876358 -0.06182832 -0.9941319 -0.1201437 -0.06797889 -0.9904264 -0.03599615 -0.01842154 -0.9991821 -0.1135452 -0.04747789 -0.9923978 -0.02704678 -0.009490446 -0.9995891 -0.1400527 -0.04035036 -0.9893215 -0.03257013 -0.003878388 -0.9994619 -0.03181609 -0.003806645 -0.9994865 0.00480384 0.03841455 -0.9992503 0.008373663 0.07366491 -0.9972479 -7.093441e-06 0.04271897 -0.9990871 -4.209146e-05 -0.07213151 -0.9973951 0.002965796 -0.03046355 -0.9995315 0.003137567 -0.03284191 -0.9994556 0.02931024 -0.1404683 -0.9896512 0.007250031 -0.0232278 -0.9997039 0.01495298 -0.05093852 -0.9985898 0.03460713 -0.07478781 -0.9965988 0.01166233 -0.02168376 -0.9996969 0.154889 -0.2327545 -0.9601223 0.01938903 -0.02168049 -0.9995769 0.06869084 -0.06732765 -0.9953635 0.0002925423 0.02804843 -0.9996065 0.001588969 0.4821613 -0.876081 0.002606013 0.08312656 -0.9965356 0.001538702 0.07461269 -0.9972114 -0.001627888 0.1222416 -0.992499 -0.00997105 -0.09694491 -0.9952398 -0.003742449 -0.1323836 -0.9911915 -0.0001986831 -0.06632983 -0.9977977 0.006785978 -0.1908197 -0.9816016 0.01793628 -0.8258505 -0.5636038 -0.000686896 -0.117123 -0.9931172 -0.0003301894 -0.05428221 -0.9985256 -0.170458 0.7017113 -0.6917697 -0.1228248 0.6957561 -0.7076988 -0.08050539 0.7191551 -0.6901702 -0.01252448 0.7216054 -0.6921913 -0.6982258 0.1105046 -0.7072973 -0.7031457 0.1520045 -0.6946084 -0.3879706 0.6109291 -0.6901046 -0.3228322 0.6473852 -0.6904142 -0.276808 0.6516207 -0.7062349 -0.2428237 0.6800784 -0.6917586 -0.5146438 0.5053256 -0.6926672 -0.4775984 0.5241378 -0.7051094 -0.4560785 0.5590358 -0.6924387 -0.4170755 0.5730808 -0.7054264 -0.7000386 -0.1631055 -0.6952284 -0.6954391 -0.1233947 -0.7079111 0.03230118 0.70534 -0.7081329 0.0848619 0.7225527 -0.6860875 0.1064292 0.7020935 -0.7040863 0.157768 0.701686 -0.6947993 -0.6828068 0.2296251 -0.6935756 -0.6552485 0.2647628 -0.7074956 -0.6513101 0.3089294 -0.6930785 -0.7148441 0.07507819 -0.6952419 -0.7191996 -0.002169502 -0.6948001 -0.7149421 -0.08360911 -0.6941666 -0.3897403 -0.6073208 -0.6922889 -0.4159337 -0.5741966 -0.7051932 -0.6161523 0.3747575 -0.6927576 -0.5821555 0.4020599 -0.7067127 -0.5679906 0.4451127 -0.6922871 -0.6150209 -0.3764404 -0.6928506 -0.652231 -0.3081695 -0.6925506 -0.6564339 -0.2618868 -0.7074672 -0.6812938 -0.230702 -0.6947053 -0.4762959 -0.5250527 -0.7053098 -0.51854 -0.5043792 -0.6904476 -0.567964 -0.4470966 -0.6910293 -0.5815139 -0.4035004 -0.7064198 -0.4546372 -0.5602228 -0.6924272 0.6064569 -0.3718738 -0.7027944 0.5621432 -0.4020426 -0.7227425 -0.1714842 -0.7009909 -0.6922463 -0.2408197 -0.680959 -0.6915929 -0.2752193 -0.6519054 -0.706593 -0.3208683 -0.647004 -0.6916859 0.227234 -0.687665 -0.6895517 0.2648109 -0.6529976 -0.7095558 0.3125899 -0.6501929 -0.6924859 0.3738413 -0.6171284 -0.6923837 0.5181619 -0.4710391 -0.713884 0.4994474 -0.5121283 -0.6987681 0.4488873 -0.5644882 -0.6927145 0.4040211 -0.5747545 -0.7116349 0.1619299 -0.703837 -0.691659 0.1106173 -0.6972794 -0.7082127 0.07402032 -0.7148931 -0.6953049 -0.004857808 -0.7185248 -0.6954844 0.5570877 -0.454683 -0.694922 0.6674202 -0.1689864 -0.7252543 0.6666335 -0.2263339 -0.710192 0.6200858 -0.2624393 -0.739337 0.6361515 -0.3351729 -0.6949607 0.6722141 0.1811395 -0.7178556 0.6457046 0.1146357 -0.7549333 0.374491 0.6160485 -0.692994 0.4031767 0.5762818 -0.7108782 -0.04386014 -0.7048682 -0.707981 -0.08670036 -0.7140178 -0.6947385 -0.1258479 -0.695136 -0.707777 0.4980539 0.5193861 -0.6943921 0.5206766 0.4691723 -0.7132834 0.5870228 0.4483055 -0.6741115 0.5589849 0.4230563 -0.7131334 0.5991551 0.377935 -0.7058175 0.6763137 0.01419916 -0.7364769 0.6503763 -0.03963567 -0.7585774 0.672994 -0.09129618 -0.7339919 0.6516849 -0.1096149 -0.7505274 0.7202783 0.05775077 -0.6912771 0.6334464 0.324386 -0.7025093 0.6210064 0.2596497 -0.7395492 0.6733532 0.2208032 -0.7055788 0.456926 0.5646536 -0.6873027 0.2291901 0.6831104 -0.6934205 0.2631177 0.653009 -0.7101748 0.3142129 0.6503054 -0.6916453 -0.1656174 0.3754898 0.9119092 -0.2356017 0.5342696 0.8118176 -0.3059592 0.5035064 0.8080039 -0.2995901 0.6794237 0.6697979 -0.3379243 0.7895415 0.5122806 -0.4298514 0.7438128 0.5118303 -0.9692219 -0.2461683 -0.003181309 -0.9686034 -0.2485367 -0.006087921 -0.9308345 -0.2283951 0.2852769 -0.8897542 0.4461395 0.09642118 -0.8941331 0.4347238 0.1074301 -0.8348128 0.3872493 0.3913127 0.3535039 -0.8752678 0.3300627 0.3312616 -0.8766988 0.3488049 0.2910377 -0.7721574 0.5648628 0.3145299 -0.7593632 0.569595 0.3136358 -0.6259225 0.7140404 0.3595597 -0.7180891 0.5958732 0.2382198 -0.7996153 0.551241 0.1889075 -0.854887 0.4832 0.2224577 -0.9447828 0.2406201 0.100895 -0.9322804 0.3473808 0.1008955 -0.9322757 0.3473933 0.08372096 -0.8239626 0.5604252 0.1213964 -0.7771139 0.617541 0.2217078 -0.9446946 0.2416562 0.02937792 -0.9311365 0.3634855 0.03662694 -0.922635 0.3839311 0.02899519 -0.7857617 0.6178493 0.04431968 -0.8388612 0.5425381 0.05434089 -0.8144897 0.5776275 -0.004824939 -0.9291881 0.3695758 -0.004053004 -0.8012997 0.5982495 -0.007234009 -0.9161341 0.4008068 -0.03402585 -0.9195864 0.3914118 -0.01215115 -0.905985 0.4231353 -0.03650609 -0.9906798 0.1312285 -0.1978206 -0.8848497 0.4217915 -0.2200373 -0.9658807 0.1365945 -0.1736409 -0.8929479 0.4153227 -0.1135661 -0.9042339 0.4116597 -0.1338701 -0.9764019 0.1694641 -0.1330231 -0.9767802 0.1679443 -0.0632637 -0.8300781 0.554047 -0.04941778 -0.9676906 0.2472504 -0.03650695 -0.9906788 0.1312356 -0.000453451 -0.9147039 0.4041244 0.000475723 -0.7828029 0.6222695 -0.0004844433 -0.8942954 0.4474768 -0.001995137 -0.8800875 0.4748073 0.00184351 -0.8942731 0.4475177 0.002600609 -0.894125 0.4478098 0.003755944 -0.8923118 0.451404 -0.4034531 -0.8614552 0.3084161 -0.3273252 -0.7865911 0.5235768 -0.290015 -0.8673567 0.4044547 -0.3327105 -0.9277203 0.1692297 -0.3168929 -0.9208907 0.2270227 -0.5293716 -0.8444886 0.08126979 -0.5001957 -0.7935093 0.3466227 -0.4932512 -0.6798595 0.5426734 -0.5864046 -0.7066884 0.3958802 -0.6202741 -0.7701832 0.1485863 -0.4923941 -0.8063397 0.3276649 -0.2948641 -0.5218263 0.8004701 -0.3618491 -0.7239677 0.5873125 -0.4253024 -0.9049113 0.01591705 -0.7789785 -0.4560987 0.4303097 -0.7586572 -0.5016462 0.4156806 -0.7301616 -0.5370191 0.4224624 -0.6407309 -0.5790867 0.5041057 -0.7304654 -0.5674709 0.3799961 -0.7808022 -0.5920163 0.1996613 -0.930098 -0.367249 0.006774904 -0.8837671 -0.3580495 0.3012579 -0.810682 -0.2989243 0.5034273 -0.7357529 -0.2481931 0.6301332 -0.9293168 -0.3691626 0.00944612 -0.7802836 -0.3852583 0.49268 -0.8664131 -0.4842205 0.1218966 -0.6983175 -0.671117 0.248907 -0.5953047 -0.6180396 0.5134583 -0.6202733 -0.7701831 0.14859 -0.9973032 0.06471915 0.0346078 -0.9975281 0.06245657 0.03219927 -0.9440725 0.07391393 0.3213469 -0.8653762 0.01382783 0.500932 -0.8959932 -0.08495387 0.4358659 -0.9501969 -0.04800343 0.3079309 -0.8386347 0.3115012 0.446832 -0.8689152 0.3031337 0.3912752 -0.8357192 0.2003523 0.5113045 -0.9195832 0.2601074 0.2944673 -0.9508246 0.1870076 0.2469024 -0.9228295 0.1726039 0.3443743 -0.8587319 0.1307436 0.4954651 -0.7059486 0.6164321 0.3487809 -0.674785 0.5582906 0.4826766 -0.7983865 0.5213489 0.3012877 -0.5901859 0.5013414 0.6327222 -0.5664081 0.7394669 0.3638276 -0.533424 0.6275811 0.5670986 -0.4959736 0.7475434 0.441802 -0.4646072 0.8465044 0.2599434 -0.6335029 0.6914635 0.3472064 -0.6445145 0.6075847 0.4641573 -0.7605256 0.6493002 -0.003166006 -0.7755552 0.4121988 0.478128 -0.8363014 0.5482219 0.007258099 -0.5224052 0.3933059 0.7565734 -0.9795335 -0.117017 0.1637713 -0.9397235 -0.126228 0.3177832 -0.8257761 -0.1353377 0.5475195 -0.3774283 0.4587247 0.8044374 -0.4480903 0.4018841 0.7985638 -0.5131235 0.3322444 0.7914025 -0.5676526 0.2502028 0.7843272 -0.6078616 0.1578917 0.7781867 -0.6300057 0.0583226 0.7743973 -0.6314925 -0.04418269 0.7741221 -0.6121202 -0.1444109 0.7774666 -0.5742697 -0.2378517 0.7833523 -0.5215945 -0.3213658 0.7903564 -0.4579414 -0.3926754 0.7975561 -0.3879327 -0.4512 0.8036957 -0.3161618 -0.4977382 0.8076499 -0.2463463 -0.5339049 0.8088628 -0.1811067 -0.5613722 0.8075033 -0.121929 -0.581009 0.8047123 -0.06620464 -0.5905549 0.8042772 -0.02128057 -0.5650922 0.8247533 -0.002735866 -0.563499 0.8261122 0.0007383063 -0.561652 0.8273733 0.01669787 -0.5599806 0.8283375 0.04991114 -0.534765 0.8435255 0.102664 -0.5115691 0.8530869 0.1664683 -0.4804323 0.8610884 0.2296834 -0.4482711 0.8638857 -0.0819459 -0.2557151 0.9632729 -0.1153719 -0.2460686 0.9623615 -0.1651466 -0.261591 0.9509452 -0.1784448 -0.20976 0.9613315 -0.2632795 -0.1605855 0.9512603 -0.2079886 -0.1778416 0.961828 -0.3196478 -0.07298874 0.9447211 -0.2870428 -0.1198824 0.9503866 -0.3159395 -0.02222681 0.9485189 -0.3339128 0.02914698 0.9421532 -0.2596987 0.1149638 0.9588222 -0.3039748 0.07946667 0.94936 -0.2538699 0.1662198 0.9528489 -0.2053583 0.1866831 0.9607171 -0.1994977 0.238461 0.9504404 -0.1411381 0.23004 0.9628923 -0.08257342 0.1899294 0.9783192 0.1183007 -0.2239213 0.9674008 0.07407422 -0.2136104 0.9741066 0.05553236 -0.2520986 0.9661069 0.02380474 -0.2488797 0.9682418 0.00735077 -0.2510534 0.9679453 -0.009218233 -0.276507 0.9609677 -0.03127358 -0.2692971 0.9625492 -0.05793487 -0.294041 0.9540353 0.000269753 -0.2863973 0.9581109 -0.001732573 -0.2824665 0.9592756 -0.3652526 0.855286 0.3675275 -0.4000397 0.7441342 0.535007 -0.3620104 0.7705964 0.5245281 -0.4810654 0.8311877 0.2787528 -0.3168937 -0.9208909 0.2270206 -0.2228658 -0.8541707 0.4698119 -0.2265825 -0.9637035 0.1411946 -0.07916394 0.2539251 0.9639788 -0.1747725 0.5634876 0.8074257 -0.02546693 0.9213887 0.3878071 -0.05870427 0.9613875 0.2688639 -0.04057435 0.8441613 0.5345516 0.9614062 0.04803328 0.2709075 0.8649961 0.05890962 0.4983085 0.8143061 0.004179547 0.5804207 0.9360505 -0.04634314 0.3488004 0.9918223 -0.05591286 0.1147267 0.7553484 -0.08926972 0.6492147 0.9236097 -0.1804334 0.3382142 0.9744666 -0.1963736 0.1088678 0.8069402 -0.2381494 0.5404928 0.8915391 -0.2799218 0.3560923 0.6877301 -0.1897869 0.7007198 0.9743071 -0.1998891 0.1037786 0.792695 -0.3071532 0.5265848 0.857682 -0.3438314 0.3823109 0.6801797 -0.2587948 0.6858432 0.9451627 -0.3018448 0.1247287 0.8532863 -0.3692295 0.3682012 0.8290408 -0.3599294 0.4279511 0.7216923 -0.3473506 0.5987552 0.8842246 -0.3644555 0.2920944 0.915071 -0.3745975 0.1494047 0.7153041 -0.400634 0.5725665 0.7348554 -0.4777469 0.4813994 0.8065447 -0.5345168 0.252542 0.7480583 -0.5151398 0.4183775 0.5857607 -0.4462407 0.676575 0.6989641 -0.4983982 0.5128825 0.5100314 -0.5915354 0.6244628 0.6803039 -0.6203942 0.3902532 0.5812481 -0.5587586 0.5915568 0.6884112 -0.5310099 0.4940835 0.7321975 -0.4942383 0.4686313 0.5206338 -0.6867958 0.5072002 0.5921679 -0.7529619 0.287029 0.5585356 -0.6734282 0.4842855 0.4787799 -0.6077066 0.6336106 0.41588 -0.6344529 0.6515469 -0.07295839 0.9352625 0.3463541 -0.09765865 0.9351972 0.3403954 -0.08775022 0.8130415 0.5755548 -0.150504 0.9439773 0.2936928 -0.1544599 0.8411964 0.5181996 -0.05876374 0.9613187 0.269097 -0.05307219 0.9552357 0.2910466 -0.05619953 0.9082753 0.4145812 -0.0004015571 0.9140135 0.4056835 -0.00284968 0.9209513 0.3896673 -0.001887377 0.7939139 0.6080273 -0.003630458 0.9175068 0.3977036 -0.002815439 0.9096205 0.4154307 0.0003896841 0.9097379 0.4151829 0.01226851 0.8274528 0.5614013 0.001045873 0.908774 0.4172874 0.02686767 0.8023447 0.596256 0.01983648 0.9272204 0.3739906 0.01761147 0.9295432 0.3682923 0.1074154 0.8606285 0.4977755 0.08031401 0.7805852 0.6198681 0.06030589 0.6567389 0.7517029 0.058947 0.8752257 0.4801096 0.0389293 0.8933915 0.4475893 0.01766 0.9319002 0.3622847 0.1909147 0.8570425 0.4785706 0.2166976 0.8698303 0.4432127 0.1511852 0.7395558 0.6558966 0.1123845 0.9578352 0.2644265 0.364172 0.8554847 0.3681367 0.3641774 0.8554874 0.3681252 0.3229438 0.7923939 0.5175125 0.2339456 0.7764581 0.5851344 0.2382766 0.9510151 0.1969634 0.3740329 0.7868974 0.4908074 0.4140513 0.6754754 0.6101594 0.3420983 0.7117143 0.6135401 0.4988823 0.757897 0.4203673 0.4313449 0.5632566 0.7047578 0.5469918 0.6525332 0.5244049 0.5731758 0.5758694 0.5829613 0.5832699 0.6233003 0.520858 0.5739355 0.6188301 0.5363276 0.7440459 0.5766261 0.3374877 0.7440507 0.5766248 0.3374795 0.690249 0.5159357 0.5073132 0.612776 0.5372756 0.5795175 0.6357758 0.6711773 0.3811957 0.8606577 0.4032095 0.310951 0.771012 0.4080606 0.4889039 0.7506259 0.3670222 0.5494138 0.6632202 0.4357367 0.6085002 0.7730926 0.5723382 0.273417 0.8265368 0.3757409 0.419113 0.7382843 0.3003049 0.603948 0.8266767 0.3698305 0.4240649 0.8229968 0.2654767 0.5021936 0.8790451 0.3323978 0.3417476 0.7824491 0.2820999 0.5551513 0.8728292 0.3315331 0.3581271 0.8366395 0.3588052 0.4138757 0.872021 0.2592293 0.4151861 0.786484 0.2080524 0.5815128 0.8911131 0.2609458 0.3712475 0.8044676 0.1046815 0.5846996 0.8076762 0.1434559 0.5719087 0.8433669 0.1854311 0.5043288 -0.3205143 0.8619413 0.3928458 -0.2312616 0.7912682 0.5660501 -0.3013841 0.8692487 0.3918856 -0.2348761 0.9003761 0.3662732 -0.1558429 0.9515093 0.2652227 -0.2134341 0.9005591 0.3787337 -0.2207953 0.9150968 0.3374126 0.2909984 -0.4038237 0.8673214 0.3534242 -0.3605473 0.86319 0.4084196 -0.3219743 0.854123 0.4604217 -0.2819754 0.8417255 0.519355 -0.247361 0.8179749 0.5315136 -0.2070646 0.8213511 0.5394222 -0.1669102 0.825327 0.547982 -0.1022939 0.8302118 0.5498296 -0.02533949 0.8348924 0.5496691 0.0527914 0.8337127 0.5450978 0.1292003 0.8283572 0.5363775 0.1833478 0.823822 0.5285333 0.2200704 0.8198912 0.5004173 0.262795 0.8249372 0.4297033 0.3043446 0.850135 0.3691701 0.3496603 0.8610755 0.3084595 0.3913234 0.8670171 0.2438699 0.4340053 0.8672755 0.1805512 0.4728385 0.8624529 0.1231359 0.5031822 0.8553626 0.06931375 0.5230142 0.8495009 0.02733904 0.5543709 0.8318206 0.005564714 0.5611924 0.8276667 -0.0008684562 0.5620078 0.8271315 -0.01961066 0.5657572 0.8243386 -0.06600058 0.590388 0.8044165 -0.1193465 0.5815558 0.8047045 0.03319435 0.2406266 0.97005 0.05621334 0.2411481 0.9688589 0.08169934 0.2108757 0.9740927 0.112442 0.2073369 0.9717861 0.1941052 0.1366657 0.9714142 0.170729 0.1663739 0.9711701 0.1372478 0.1723865 0.9754209 0.241417 0.1011055 0.9651401 0.2528437 0.08497311 0.9637685 0.2592235 0.0638632 0.9637036 0.244188 0.1250942 0.9616255 0.2465727 0.0239404 0.9688285 0.2340437 -0.1400073 0.9620922 0.1823991 -0.144829 0.9724994 0.1744461 -0.1721921 0.9694939 0.2623459 -0.1031631 0.9594436 0.2526896 -0.1224969 0.9597617 0.2432486 -0.07494293 0.9670645 0.24914 -0.01297666 0.9683805 0.2852152 -0.05068037 0.9571226 0.1278149 -0.1798902 0.9753476 -0.05444568 0.2750734 0.9598804 -0.03184489 0.2729437 0.9615028 -0.008526568 0.2661784 0.9638861 -0.0003420674 0.2879215 0.957654 0.003008092 0.262324 0.9649752 0.01165935 0.2602098 0.9654817 -0.3000113 -0.6564465 0.6921497 -0.2541713 -0.6596278 0.7073105 -0.689686 -0.04139827 0.7229242 -0.7002342 -0.0850044 0.7088345 -0.222249 -0.6873472 0.6914906 -0.1433443 -0.7088793 0.6906103 -0.06054099 -0.7202657 0.6910515 -0.02165918 -0.7089876 0.7048882 -0.497303 0.4833368 0.7204688 -0.56687 0.4603451 0.6831843 0.2555117 0.6767514 0.6904501 0.1963871 0.6979526 0.6886902 -0.3606535 -0.6291819 0.6885196 -0.3951459 -0.5772285 0.7146097 -0.6818198 0.1882259 0.7068895 -0.6585879 0.2453738 0.7113745 -0.1765667 0.6860347 0.7058191 -0.2161145 0.6894735 0.6913182 0.718151 0.06592872 0.6927572 0.7030548 0.09267199 0.7050715 -0.616722 -0.2775028 0.7366452 -0.633501 -0.3347902 0.6975615 -0.592956 -0.3830775 0.708276 -0.5559824 -0.4081026 0.7241104 -0.5516756 -0.4610953 0.6950145 -0.65325 0.1222015 0.7472157 -0.7260756 0.06326027 0.6846987 -0.6852147 0.02874457 0.7277737 -0.5867382 0.3917126 0.7087309 -0.6630807 0.3265958 0.6735423 -0.6154041 0.3043621 0.7270773 0.363256 -0.6074529 0.7064319 0.4074035 -0.5967455 0.6913155 0.4596572 -0.5589625 0.6901277 0.4812971 -0.5175235 0.7074761 0.5263121 -0.4948383 0.6914699 0.1847539 -0.6981235 0.6917294 0.2506394 -0.6764491 0.6925291 0.2831357 -0.6480909 0.7069741 0.3310036 -0.6421231 0.6914582 0.01714529 -0.7215348 0.6921658 0.09682263 -0.7176575 0.6896326 0.1415643 -0.6929887 0.7069132 -0.5029299 -0.4782609 0.71995 -0.484778 -0.525896 0.6988732 -0.4430719 -0.5684003 0.6932593 -0.6583773 -0.1271849 0.7418648 -0.6789187 -0.1846209 0.7106227 -0.6662775 -0.2353012 0.707607 -0.5503879 0.4288566 0.7163485 -0.2474428 0.6629916 0.7065509 -0.2869541 0.6597056 0.6945832 -0.3573848 0.6274939 0.6917568 -0.01414455 0.7088205 0.7052471 -0.05827835 0.7231577 0.6882199 0.4130895 0.5921742 0.6918719 0.3696095 0.6030699 0.7068914 0.3374962 0.6386738 0.6915143 0.2902862 0.6452175 0.7067024 -0.388678 0.5814177 0.7147608 -0.4406478 0.5718142 0.6919957 -0.4785536 0.5365364 0.6950649 0.5918028 0.3865228 0.7073681 0.5800508 0.426135 0.6942263 0.6969279 -0.1673754 0.6973356 0.6927322 -0.1336959 0.7086943 0.7138841 -0.09100004 0.6943259 0.7174806 -0.009044558 0.6965197 -0.1302437 0.7136965 0.6882397 0.149246 0.6915826 0.7067101 0.1041477 0.7168889 0.6893646 0.02601214 0.721842 0.6915689 0.5312483 0.4889871 0.6918575 0.4867592 0.5119108 0.7078225 0.4655378 0.5528873 0.691079 0.6249737 0.3592029 0.6930953 0.6613262 0.2906645 0.6914925 0.7057907 0.1349746 0.6954433 0.6904179 0.2137717 0.6911041 0.669037 0.236072 0.7047407 0.5754689 -0.4332088 0.693661 0.5876476 -0.3927264 0.7074152 0.6201923 -0.3661358 0.6937622 0.65785 -0.2974501 0.6919226 0.6615527 -0.2468417 0.7081082 0.6826571 -0.2205473 0.6966621 0.2648302 -0.2500123 -0.931321 0.1300565 -0.1247438 -0.9836281 0.194157 -0.1329049 -0.9719256 -0.1606349 0.5116919 -0.8440189 -0.06661911 0.4497919 -0.8906454 0.4880101 -0.4607307 -0.7413322 0.3780346 -0.3568987 -0.8542325 0.4350758 -0.2956609 -0.8504667 0.03089124 0.8815345 -0.471108 0.02920888 0.8440363 -0.5354899 0.01848885 0.5711866 -0.820612 0.8939358 -0.3879221 -0.2244889 0.8319629 -0.3713802 -0.4122069 0.8456765 -0.2611293 -0.465449 0.8976703 -0.2441724 -0.366835 0.9041053 -0.101984 -0.4149614 0.9777091 -0.1196405 -0.1725429 0.6502831 -0.1370913 -0.7472201 0.6235703 -0.152471 -0.7667546 0.616958 -0.1378074 -0.7748367 0.9567986 -0.2844527 -0.06019284 0.9912134 0.07978658 -0.105499 0.7427301 0.006623291 -0.6695582 0.9253761 0.06592091 -0.3732742 0.780768 -0.04933011 -0.6228706 0.9801488 -0.1115153 -0.1639287 0.9179853 0.2593982 -0.3000258 0.8445188 0.1844958 -0.5027417 0.887821 0.2028311 -0.4130779 0.8234914 0.1435925 -0.5488562 0.7007851 0.09756953 -0.7066685 0.9331734 0.2468915 -0.2612126 0.7871191 0.3139413 -0.5309279 0.892621 0.3344436 -0.3022833 0.6175523 0.4079944 -0.6724357 0.770455 0.4556124 -0.4458884 0.6861798 0.3859472 -0.6166053 0.713452 0.3338786 -0.6160449 0.6391074 0.4795796 -0.6012862 0.6024015 0.5659093 -0.5629023 0.6145378 0.5153765 -0.5972691 0.5965894 0.7672267 -0.235466 0.5460553 0.5482418 -0.6334466 0.5680812 0.7161251 -0.4055226 0.5547947 0.5670461 -0.6088198 0.6746622 0.6608555 -0.3287871 0.5342197 0.7676896 -0.3539237 0.4599078 0.7756596 -0.4322464 0.4433268 0.5956119 -0.6698566 0.3536303 0.7773895 -0.5202031 0.3681855 0.8554281 -0.3642558 0.2918855 0.6139104 -0.7334281 0.4957949 0.8444355 -0.202771 0.2489334 0.7749659 -0.580913 0.2540321 0.8628141 -0.4370578 0.2423709 0.6724222 -0.6993602 0.3937698 0.9146378 -0.09155854 0.1645712 0.8440535 -0.5103822 0.1605755 0.9161669 -0.3672244 0.1446415 0.7091628 -0.6900485 0.2774191 0.9336464 -0.2265901 0.05270793 0.9945641 -0.08980054 0.1155044 0.7123027 -0.6923031 0.05125469 0.9432978 -0.3279669 0.1263429 0.8106635 -0.5717185 0.1712149 0.9810993 -0.09016414 0.01912554 0.7996584 -0.6001505 -0.00176097 0.7025181 -0.7116637 -0.003667685 0.8433019 -0.5374276 0.001550405 0.7817297 -0.6236154 -0.003664014 0.8419715 -0.5395096 -0.003396915 0.8432227 -0.5375537 0.01799378 0.7802812 -0.6251699 0.008384279 0.749106 -0.6623971 0.03011273 0.8779552 -0.4777948 0.02920922 0.8440323 -0.5354963 -0.009556211 0.556218 -0.8309815 -0.01093754 0.8485096 -0.5290669 -0.005058165 0.7567461 -0.6536894 0.003566173 0.6645185 -0.7472633 -0.1071233 0.7364202 -0.6679895 -0.1096948 0.7381926 -0.6656116 -0.06867226 0.7018344 -0.7090223 -0.02482337 0.5704249 -0.8209746 -0.02060884 0.6468173 -0.7623665 -0.01445915 0.79483 -0.6066598 -0.09753326 0.5894754 -0.8018765 -0.1250374 0.5628041 -0.8170784 -0.4854445 0.6124465 -0.6239013 -0.2817632 0.3711706 -0.8847835 -0.4157414 0.4967691 -0.7618265 -0.3727274 0.340723 -0.8631235 -0.3864885 0.4247169 -0.8186832 -0.5711432 0.4356992 -0.6956735 -0.6012379 0.5513512 -0.5783812 -0.6028352 0.5449817 -0.5827389 0.6300955 -0.5957007 -0.4981168 0.5742739 -0.5403161 -0.615035 0.6293536 -0.5133682 -0.5834099 0.6857921 -0.4415768 -0.5785319 0.6584634 -0.4763995 -0.5826401 0.8939288 -0.3879243 -0.2245128 0.6788751 -0.3879588 -0.6233912 0.8036633 -0.4896533 -0.3381788 0.01799512 0.7802803 -0.6251711 0.0006675576 0.481231 -0.8765936 0.03040707 0.5046887 -0.8627658 0.08937239 0.5237792 -0.8471528 0.1487942 0.5120274 -0.8459836 0.2092343 0.4870798 -0.8479235 0.2712614 0.4516222 -0.8499734 0.3329132 0.405986 -0.8510841 0.3913429 0.3499795 -0.8510964 0.4433065 0.2837599 -0.8502703 0.4856475 0.2082487 -0.848987 0.5153834 0.1251321 -0.8477747 0.5302092 0.03704965 -0.847057 0.5288018 -0.05252482 -0.8471185 0.511258 -0.1400158 -0.847945 0.4790654 -0.2220582 -0.849227 -0.2178742 0.6055551 -0.7653979 -0.2082426 0.5151591 -0.8314121 -0.2442632 0.4518238 -0.8580156 -0.2075777 0.5676298 -0.7966856 -0.2486649 0.7686603 -0.5893447 -0.4861258 0.6144825 -0.6213638 -0.386185 0.5741701 -0.7219347 -0.3805721 0.7073321 -0.5956896 0.21513 -0.09816098 -0.9716396 0.2569237 -0.0750279 -0.9635149 0.2371593 -0.02435375 -0.9711655 0.2379901 0.01805917 -0.9710997 0.268327 0.06284454 -0.9612758 0.218436 0.09266872 -0.9714413 0.1976555 0.1280663 -0.97187 0.2041877 0.181269 -0.9620026 0.1499893 0.1815916 -0.9718681 0.1208585 0.203777 -0.9715288 0.1084464 0.2426051 -0.9640447 0.06694023 0.2290343 -0.971114 0.04045126 0.2464861 -0.9683018 0.01394939 0.2591578 -0.9657342 0.0007130298 0.2279675 -0.9736685 -0.6675286 0.4289854 -0.6085861 -0.6493411 0.4541191 -0.6100262 -0.5782692 0.3657423 -0.7292717 -0.4098978 0.2613332 -0.8738929 -0.2104726 0.1343702 -0.9683212 0.3223009 -0.4146751 -0.8509798 -0.1986688 0.10055 -0.9748951 0.5204657 -0.6980015 -0.4918427 -0.8793038 0.04958034 -0.4736736 -0.7589434 0.07892952 -0.6463552 -0.8094705 0.006434704 -0.5871253 -0.9058676 -0.04562521 -0.4210964 -0.8913244 -0.1758346 -0.4178792 -0.844081 -0.06755867 -0.5319427 -0.9775018 -0.04155292 -0.2067938 -0.5534261 -0.06706984 -0.8301935 -0.9062677 -0.1473701 -0.396183 -0.9629796 -0.1980336 -0.1829017 -0.8470317 -0.2892814 -0.4459299 -0.9276791 -0.3122813 -0.204675 -0.8475122 -0.2655147 -0.4595922 -0.7143715 -0.197242 -0.6713932 -0.8784373 -0.3996764 -0.2619285 -0.8408729 -0.4078875 -0.3557535 -0.7881857 -0.3654738 -0.4951689 -0.7748612 -0.3221747 -0.5438691 -0.703777 -0.2864989 -0.6500895 -0.6934741 -0.3473615 -0.631216 -0.7491832 -0.4534488 -0.4828134 -0.8290034 -0.4833322 -0.2813244 -0.622794 -0.4037255 -0.6701742 -0.4037472 -0.3023284 -0.8634731 -0.569023 -0.3423949 -0.7476487 -0.6574049 -0.4882529 -0.5739582 -0.4694859 -0.6340121 -0.6145011 -0.4445585 -0.5130391 -0.7342742 -0.2756971 -0.3684085 -0.8878436 -0.4619376 -0.4552779 -0.761141 -0.5335712 -0.4580686 -0.7109676 -0.2204616 -0.3701629 -0.9024279 -0.4283908 -0.5996244 -0.6759674 -0.4613425 -0.6311006 -0.6235986 -0.2546282 -0.7162151 -0.6497695 -0.2485732 -0.5241013 -0.814573 -0.2090772 -0.4496762 -0.8683767 -0.2519651 -0.5141561 -0.8198519 -0.3670499 -0.6005211 -0.7103864 -0.2381144 -0.6514623 -0.720346 -0.1414025 -0.5138314 -0.8461576 -0.210538 -0.7934501 -0.5710609 -0.1705024 -0.7266724 -0.6654894 -0.04978376 -0.4656907 -0.8835461 -0.1269175 -0.6348762 -0.7621182 -0.03567793 -0.7629726 -0.6454455 -0.04674785 -0.7084122 -0.7042491 -0.0239187 -0.4758862 -0.8791815 -0.07016869 -0.7312909 -0.6784467 -0.08397 -0.7674277 -0.6356129 -0.01339787 -0.7415963 -0.6707126 0.009732614 -0.5072849 -0.8617235 -0.01524784 -0.7318757 -0.6812675 0.02629649 -0.797544 -0.6026873 0.02059393 -0.8460773 -0.5326622 0.02007238 -0.8457931 -0.5331334 0.01904885 -0.6488239 -0.7607001 0.0211516 -0.7397326 -0.6725684 0.01603029 -0.5018374 -0.8648134 0.0253917 -0.8070909 -0.589881 0.01080459 -0.3330326 -0.9428534 0.02572138 -0.7828857 -0.6216336 0.01965662 -0.7759975 -0.6304297 0.0218362 -0.952243 -0.3045594 0.02214872 -0.9515373 -0.3067346 0.02161248 -0.8741497 -0.4851754 -0.01346152 -0.4862263 -0.8737292 -0.005040831 -0.7891542 -0.6141744 0.0002722366 -0.4430524 -0.8964957 0.007453825 -0.768679 -0.6395913 0.01855192 -0.9608972 -0.2762831 0.02031991 -0.7532641 -0.6574042 0.02232528 -0.9556799 -0.2935599 0.02596323 -0.9864851 -0.1617811 0.02881409 -0.9855456 -0.1669421 0.03031435 -0.9155156 -0.4011387 0.007702409 -0.8048377 -0.593445 -0.01883243 -0.6803172 -0.7326758 -0.003757972 -0.8300096 -0.5577365 -0.004593456 -0.8291323 -0.5590335 0.1335652 -0.8994614 -0.4160883 0.144426 -0.9784527 -0.1475513 0.1076545 -0.8760952 -0.4699657 0.08953901 -0.705085 -0.7034472 0.242886 -0.9069299 -0.3442158 0.2549089 -0.9567024 -0.140506 0.1889087 -0.7799578 -0.5966401 0.1440146 -0.7097464 -0.6895795 0.2317763 -0.7523084 -0.6166942 0.3359867 -0.8389031 -0.4281991 0.2114027 -0.6778999 -0.7041027 0.35435 -0.6823919 -0.6393569 0.4367198 -0.7882497 -0.4335184 0.3010994 -0.6480835 -0.6995191 0.3643001 -0.9163103 -0.1663156 0.5586325 -0.7737685 -0.298684 0.558633 -0.7737631 -0.2986967 0.4273397 -0.6558856 -0.6222499 0.4669694 -0.8592648 -0.2088149 0.5527351 -0.5973527 -0.5810797 0.5023136 -0.5688004 -0.6512658 -0.6897885 0.2936429 -0.6617898 -0.6637675 0.3523028 -0.6597693 -0.8464615 0.3526839 -0.3988946 -0.7882099 0.3210842 -0.5250049 -0.8784802 0.3755763 -0.2953219 -0.7450365 0.3497163 -0.5679958 -0.7570239 0.4254333 -0.4959044 -0.6844515 0.3824379 -0.6206992 -0.8524701 0.2309796 -0.468981 -0.9345443 0.2703429 -0.2313906 -0.8247479 0.2526269 -0.5059353 -0.7419476 0.2504833 -0.6219098 -0.8872334 0.1240279 -0.4443354 -0.7805017 0.1154274 -0.6144051 -0.7549525 0.1508279 -0.6381987 -0.4513889 0.2270013 -0.8629707 -0.4884646 0.1859451 -0.8525413 -0.5178949 0.1241921 -0.8463812 -0.5308896 0.0455061 -0.8462183 -0.5316092 -0.02895437 -0.8464947 -0.5226998 -0.1064891 -0.8458398 -0.4956768 -0.1747253 -0.85075 -0.4602221 -0.2189658 -0.8603776 -0.3595505 -0.2303003 -0.9042595 -0.7402639 -0.4320897 -0.5150805 0.2607662 -0.4582704 -0.8496995 0.1990127 -0.4919669 -0.8475627 0.139046 -0.5150036 -0.8458354 0.07907731 -0.5239404 -0.8480762 0.02278985 -0.4941637 -0.8690701 0.02040914 -0.7887394 -0.6143888 0.01965075 -0.730604 -0.6825186 0.03479879 -0.2416419 -0.9697413 0.06259633 -0.2284075 -0.9715512 0.09533289 -0.2465093 -0.9644402 0.1163142 -0.2054942 -0.9717218 0.1480851 -0.1876238 -0.971014 0.01713006 -0.9662553 -0.2570159 0.02373519 -0.9333779 -0.3581094 0.004889514 -0.5639834 -0.8257716 0.01968446 -0.9522328 -0.3047379 0.02071564 -0.9516758 -0.3064051 -0.002377369 -0.2395704 -0.9708761 0.01191987 -0.2257121 -0.9741211 -0.2378961 0.08797738 -0.967298 -0.2401201 0.05942483 -0.9689226 -0.2383912 0.02030915 -0.9709568 -0.2245387 -0.07907048 -0.9712519 -0.2432992 -0.04705196 -0.9688094 -0.2446252 -0.01532658 -0.9694966 -0.2179727 -0.1048351 -0.9703079 0.97543 -0.2189545 -0.02439983 0.2441363 0.4318669 0.8682675 0.2107241 0.5690721 0.7948285 0.3228027 0.5637393 0.7602608 0.6881796 0.6135096 0.3873173 0.7411012 0.5171472 0.4281679 0.8171895 0.4760867 0.3248734 -0.6919871 0.7156899 0.09456147 -0.655568 0.7251389 0.2107228 -0.5064366 0.8425079 0.1835819 -0.3838701 0.9232509 0.01586114 0.1183832 0.4952523 -0.8606455 0.02112849 0.4238197 -0.9055001 0.03099086 0.3083224 -0.950777 0.163364 0.3776574 -0.9114204 0.0465622 0.2084791 -0.9769178 0.8103287 0.5767198 -0.1037385 0.08391341 -0.9960012 -0.03066307 0.101009 -0.9942278 -0.03617058 -0.245798 -0.9324599 -0.2647677 -0.6673743 -0.5639637 -0.4863707 -0.5724119 -0.5900217 -0.5694024 -0.5302578 -0.6806544 -0.505506 -0.6526051 -0.05244956 -0.7558807 -0.6643013 0.01618063 -0.7472898 -0.779243 0.003932918 -0.6267095 -0.9199602 -0.253783 -0.2987765 -0.8950501 -0.3301313 -0.2998311 -0.9109573 -0.3040078 -0.2788117 0.9389405 -0.1076124 -0.3268185 0.3364384 -0.1695656 -0.9263135 0.6659977 -0.2235968 -0.7116541 0.7122509 -0.1032617 -0.6942879 0.9449488 -0.2204107 -0.241849 0.6430598 -0.7282224 -0.2369941 0.6960261 -0.7161192 -0.05216175 0.8175728 -0.5680113 -0.09454029 -0.370655 -0.8965608 -0.2424739 -0.2543571 -0.9342829 -0.2498358 -0.4497134 -0.795102 -0.4069038 -0.1571621 -0.9496433 -0.2710676 -0.09220231 -0.9534947 -0.2869611 -0.2085218 -0.8386687 -0.5031437 0.5468575 -0.8366883 -0.029992 -0.02427867 -0.7563504 -0.653716 -0.04359281 -0.6367598 -0.769829 -0.159626 -0.5960773 -0.7868999 0.4452834 -0.2952882 0.8452973 0.5931105 -0.3229037 0.7375318 0.5308199 -0.4338043 0.7280413 0.5358213 -0.8366605 0.1135549 0.1741373 -0.9846034 -0.0152435 0.1524978 -0.9882371 -0.01148657 0.9396503 0.144796 0.309986 0.9487087 0.0004706963 0.3161512 0.9678199 -0.0002105341 0.2516439 0.9398238 -0.1455044 0.3091274 -0.1905525 -0.9816603 -0.005722453 0.1914237 -0.9810345 -0.03046699 0.0008171755 -0.9998129 -0.01932626 0.1162825 -0.9699371 -0.2137763 0.2288246 -0.9092511 -0.3477091 0.30254 -0.9213687 -0.2440273 -0.5285948 -0.1691405 0.8318528 -0.5526685 -0.002944594 0.833396 -0.2050103 -0.002936245 0.9787554 0.03427976 -0.9549911 -0.294647 0.02716234 -0.9278515 -0.3719595 0.0189683 -0.9042446 -0.4265933 0.1233369 0.005944886 0.992347 0.3241703 0.0005884328 0.9459986 0.3079897 -0.1368993 0.9414887 -0.8915446 0.4045246 0.2037354 -0.230298 0.3993745 0.887391 -0.4273602 0.4872181 0.7615654 -0.3206038 0.6053867 0.7285054 -0.3501081 0.9323592 0.09017023 -0.3750235 0.9269535 0.0107052 -0.1874891 0.9822615 -0.003199485 -0.3788143 0.8096462 0.4482998 -0.4585326 0.837171 0.2981486 -0.3159716 0.9290968 0.1922007 0.1252789 0.1329979 0.9831667 0.3083898 0.1278992 0.9426227 -0.004435958 -0.9801774 0.198072 -0.4499117 -0.8495286 0.2754646 -0.9481665 -0.3103933 0.0680895 -0.9916308 -0.1132246 0.06203682 -0.4194271 0.8231748 0.3827064 -0.2534172 0.9276241 0.274396 0.01703032 0.9645607 0.2633107 0.0457192 0.9626717 0.2667827 0.8483538 0.3864207 0.3619045 0.9236273 0.1412003 0.3563356 0.7316172 -0.519919 0.4409314 0.9500434 -0.09869621 -0.2961022 0.2290955 0.9124789 -0.3389654 0.05493542 0.9557975 -0.2888482 -0.2891187 0.6938392 -0.6595435 -0.8010722 0.3329315 -0.4974334 -0.8957516 0.2657216 -0.3564002 -0.004844038 -0.9136081 -0.4065671 0.005945031 -0.9386485 -0.344824 0.05078533 -0.9556192 -0.2901945 0.7406218 -0.5683139 -0.3584669 0.6198756 -0.7178989 -0.3168208 0.5621838 -0.7212937 -0.4045798 0.4396786 -0.8326123 -0.3368077 0.0239896 -0.94457 -0.3274324 -0.02257086 -0.8104365 -0.5853915 -0.06715831 -0.8386563 -0.5405048 -0.1399354 -0.8368814 -0.5291952 -0.2316334 -0.8281841 -0.51035 -0.1761175 -0.5753996 -0.7986851 -0.4089927 -0.705414 -0.5788921 -0.7899119 -0.4398645 -0.4272686 -0.7862421 -0.3623767 -0.5005062 -0.8945094 -0.2668779 -0.3586489 -0.8698911 -0.3457188 -0.3518067 -0.9148722 -0.170967 -0.3657583 -0.8929252 -0.2319353 -0.3858634 -0.9113265 -0.06115649 -0.4071165 -0.9201855 0.1471173 -0.3627879 -0.9138291 0.02566452 -0.4052871 -0.7895784 0.4405491 -0.4271796 -0.8702296 0.3464395 -0.3502572 -0.6670549 0.5628942 -0.4880449 -0.5735102 0.5902541 -0.5680547 -0.5300881 0.6799419 -0.5066415 -0.4069896 0.7051082 -0.5806736 -0.23263 0.8283724 -0.5095904 -0.1341663 0.8386441 -0.5278972 -0.06758886 0.8421957 -0.5349189 -0.01783258 0.8370979 -0.5467623 0.008010113 0.9437416 -0.3305868 0.02215175 0.9453554 -0.3252883 0.0292539 0.861049 -0.5076798 0.01565113 0.9096468 -0.4150876 0.005554189 0.9294919 -0.3688006 0.3032803 0.9210001 -0.2444992 0.4380931 0.83305 -0.33779 0.5404617 0.7212286 -0.4332787 0.7414874 0.566865 -0.3589715 0.6204684 0.7173876 -0.3168186 0.7319321 0.1759236 -0.6582753 0.8249985 0.4077883 -0.3912622 0.9569927 0.02111376 -0.2893427 0.9366505 0.2052717 -0.2838121 0.8321876 -0.3879438 -0.3961861 0.7546182 -0.2033399 -0.6238623 0.4755262 -0.7837843 0.3994459 0.6863266 -0.6149177 0.3883709 0.6025582 -0.7293099 0.3240844 0.8173107 -0.475906 0.3248332 0.8535271 -0.3867122 0.3492065 0.8875134 -0.3246178 0.3270217 0.869121 -0.3879309 0.3068197 0.9040159 -0.2520894 0.3452625 0.9218342 -0.142566 0.3604119 0.9309144 -0.001215331 0.3652354 0.9052067 0.2527201 0.3416628 0.8885758 0.3244749 0.3242669 0.4717764 0.7853913 0.4007337 0.3535322 0.8084316 0.4705884 0.2232362 0.9366651 0.2698593 0.1327911 0.9513275 0.2781053 0.07377316 0.9595857 0.2715748 0.001821541 0.9744004 0.2248123 -0.00149437 0.9767917 0.2141863 -0.00330246 0.9791378 0.2031705 -0.01964532 0.9824199 0.1856479 -0.04176658 0.9866166 0.1576176 -0.06930715 0.9542069 0.291008 -0.1271727 0.9694987 0.2095218 -0.1589804 0.9754349 0.1524859 -0.3171594 0.9252002 0.2083615 -0.8153343 0.5707937 0.09708008 -0.9022891 0.4195153 0.0994044 -0.9754172 0.2012645 0.08974333 -0.9920225 0.09733507 0.08010816 -0.9964914 0.00471467 0.0835625 -0.9763613 -0.1994154 0.08337902 -0.8136323 -0.572911 0.09887143 -0.9105754 -0.4043896 0.08556548 -0.6547914 -0.7265271 0.2083426 -0.5053933 -0.8431118 0.1836848 -0.31653 -0.9256057 0.2075159 -0.2851617 -0.9075853 0.3081747 -0.1651151 -0.972125 0.1664629 -0.1221657 -0.9695307 0.2123341 -0.02170095 -0.981773 0.1888142 -0.000591614 -0.9780769 0.2082431 0.002160955 -0.9726404 0.2323057 0.008646761 -0.9663133 0.2572234 0.07432222 -0.9590142 0.2734375 0.1337067 -0.9513876 0.2774603 0.3118114 -0.8288361 0.4645476 0.2233529 -0.9364919 0.2703634 0.03936258 0.945569 -0.3230323 0.03602427 0.9546357 -0.2955893 0.01484167 0.9652354 -0.2609603 0.01399609 0.9742146 -0.2251889 0.9994428 0.02458598 -0.02257358 0.9803232 0.1961449 -0.0222192 0.6639912 0.7170873 -0.2118995 0.8191103 0.5631732 -0.1090609 0.7863718 0.5664995 -0.2463691 0.9134234 0.3891064 -0.1193901 0.8785585 0.3921625 -0.2726599 0.9719056 0.1988041 -0.1260014 0.9914433 0.02504724 -0.1281122 0.8296604 0.5577649 -0.02370585 0.923139 0.3838535 -0.02170034 0.1169037 0.9692766 -0.216417 -0.0103994 0.9996003 -0.02629026 0.001429997 0.9390784 -0.3437 0.4838184 0.8355978 -0.2601847 0.3509396 0.928116 -0.1242659 0.5405763 0.8375095 -0.07971872 0.5174681 0.8384794 -0.1708188 0.6933213 0.7142521 -0.09565315 0.7034993 0.710301 -0.02368984 0.5522368 0.8333623 -0.02327498 0.1925246 0.9808617 -0.02906399 0.1082068 0.583094 0.8051662 0.1159652 0.4473121 0.8868281 0.04805006 0.6350129 0.7710057 -0.01888942 0.06389185 0.997778 0.02521825 0.1575923 0.9871822 -0.006012206 0.08598269 0.9962785 0.2750177 0.3096418 0.9102127 0.2686186 0.2018578 0.9418585 0.124234 0.322906 0.9382418 0.1288082 0.2256464 0.9656563 0.03101955 0.3453362 0.9379663 0.02824818 0.2436698 0.9694468 0.004343551 0.2702565 0.9627786 -0.0003222486 0.1750755 0.984555 -0.1490858 0.2351223 0.9604639 0.0005453245 0.9996963 0.02463608 -0.04200786 0.9422646 0.3322241 -0.0209732 0.9983467 -0.05351701 0.03283835 0.4725311 0.880702 0.009242707 0.5145962 0.8573828 0.01144669 0.6863521 0.7271793 -0.04108607 0.5895966 0.8066522 -0.027383 0.7591963 0.6502855 -0.09513907 0.8158792 0.5703417 -0.1035978 0.9710626 0.215186 -0.009757734 0.9991279 -0.04059956 0.1555375 0.9770345 -0.1456422 0.007153781 0.3799056 0.9249976 -0.05774204 0.4457498 0.8932933 -0.131946 0.6618469 0.7379356 -0.1827796 0.8773822 0.4436126 -0.1405215 0.9803782 0.1382475 -0.002513144 0.9994987 -0.031559 0.1829892 0.980154 -0.07624352 0.3734954 0.926938 -0.03587711 -0.08042589 0.3260466 0.9419264 -0.1741203 0.5200428 0.8362043 -0.2540565 0.7466679 0.6147701 -0.2657981 0.9149161 0.303776 -0.1618761 0.9834431 0.08146094 0.003355505 0.9997331 -0.02285915 -0.1762255 0.983831 0.03195541 -0.0001011009 0.9998441 -0.01765877 -0.5123225 0.8451614 0.1524069 -0.5450784 0.8376736 0.0345317 -0.4752923 0.6774935 0.5613374 -0.6742297 0.5705989 0.4688615 -0.5819879 0.7119536 0.3929532 -0.6547786 0.7237511 0.2178285 -0.8008214 0.5794863 0.1512637 -0.6970093 0.7141032 0.06507459 -0.9508603 0.2006492 0.2358061 -0.1886598 0.117389 0.9750012 -0.5259196 0.1631813 0.8347337 -0.4711401 0.3271711 0.8191374 -0.7986168 0.1960868 0.5690002 -0.7528613 0.384517 0.5341784 0.2716087 -0.2969365 0.9154548 0.2441363 -0.4318669 0.8682675 0.1159652 -0.4473121 0.8868281 0.1064623 -0.5841715 0.8046176 0.05932409 -0.6328828 0.7719715 0.2119722 -0.5696297 0.7940968 0.1000409 -0.7147153 0.6922239 0.05645196 -0.8287966 0.556695 0.01730324 -0.8540669 0.5198754 0.01855836 -0.9621104 0.272028 -0.007600924 -0.9804033 0.1968542 -0.007834619 -0.9999222 -0.009705184 -0.008523517 -0.9999066 -0.01068277 -0.8151446 -0.0002582739 0.5792575 -0.8008911 -0.1970014 0.5654767 -0.7558814 -0.3863004 0.5285975 -0.5026252 -0.3335709 0.7975577 -0.6753965 -0.5706127 0.4671624 0.1188386 -0.2230445 0.9675374 0.1249582 -0.3237852 0.9378425 0.04051359 -0.3438053 0.9381666 0.04381795 -0.470787 0.8811581 0.00618798 -0.517918 0.8554079 0.009781584 -0.6875992 0.7260245 -0.04165267 -0.770078 0.6365885 -0.02342304 -0.9067372 0.4210451 -0.04383345 -0.9379231 0.3440623 -0.4585326 -0.837171 0.2981486 -0.5819879 -0.7119536 0.3929532 -0.4752923 -0.6774935 0.5613374 -0.4283026 -0.4828924 0.7637878 -0.2979435 -0.2776838 0.9133024 -0.1875158 -0.1225922 0.9745814 -0.009096834 -0.001930717 0.9999568 -0.9514345 -0.2026367 0.2317556 -0.9672885 0.009329293 0.2535071 -0.8044906 -0.5761071 0.1445529 -0.8975319 -0.3939476 0.1980953 -0.6547786 -0.7237511 0.2178285 -0.5123225 -0.8451614 0.1524069 -0.3501081 -0.9323592 0.09017023 -0.5426018 -0.8392362 0.03557817 -0.6959811 -0.7152887 0.06302639 -0.3763174 -0.9264062 0.01252197 -0.0209732 -0.9983467 -0.05351701 0.1252672 -0.135061 0.9828869 0.03585103 -0.2426121 0.9694607 0.004136595 -0.3834269 0.9235619 -0.05590453 -0.6020797 0.7964765 -0.09513907 -0.8158792 0.5703417 -0.1035978 -0.9710626 0.215186 -0.009757734 -0.9991279 -0.04059956 0.1555375 -0.9770345 -0.1456422 0.3509396 -0.928116 -0.1242659 0.483518 -0.8358042 -0.2600802 0.003355505 -0.9997331 -0.02285915 -0.1762255 -0.983831 0.03195541 -0.1618761 -0.9834431 0.08146094 -0.3159716 -0.9290968 0.1922007 -0.2657981 -0.9149161 0.303776 -0.3788143 -0.8096462 0.4482998 -0.2540565 -0.7466679 0.6147701 -0.3206038 -0.6053867 0.7285054 -0.1741203 -0.5200428 0.8362043 -0.2284047 -0.3944482 0.8900797 -0.09050641 -0.3331828 0.9385083 -0.1182158 -0.2239561 0.9674031 -0.001581884 -0.1778971 0.9840478 -0.006579939 -0.08929444 0.9959835 0.007013988 -0.07502389 0.9971571 0.01447815 0.005491314 0.9998801 0.552388 -0.8332853 -0.02243115 0.3742167 -0.9266044 -0.03696198 0.1829892 -0.980154 -0.07624352 -0.002513144 -0.9994987 -0.031559 -0.1405215 -0.9803782 0.1382475 -0.1827796 -0.8773822 0.4436126 -0.131946 -0.6618469 0.7379356 -0.07049007 -0.4558334 0.8872695 0.002127806 -0.2732963 0.9619276 0.03056262 -0.1574863 0.9870481 0.9310335 -0.2271234 -0.2856422 0.8785795 -0.3920762 -0.2727165 0.7864082 -0.5664138 -0.2464499 0.6640245 -0.7170294 -0.2119916 0.5170537 -0.8387505 -0.1707429 0.9867746 -0.1002223 -0.1274028 0.7037193 -0.7101187 -0.02259474 0.8294253 -0.5581248 -0.0234596 0.9223453 -0.3855664 -0.02485252 -0.9999917 -0.002859814 0.002894375 -0.9807472 -0.1950612 0.009273174 -0.921996 -0.3868991 0.01524905 -0.8283358 -0.5599879 0.0165309 -0.7049263 -0.709036 0.01862236 -0.5532463 -0.8327639 0.02056568 -0.3824038 -0.9238303 0.017464 -0.2201243 -0.9754182 0.0102276 -0.09976586 -0.9950035 0.003853162 0.7756014 -0.5580792 0.2949407 0.8377507 -0.4726404 0.2734682 0.03372156 -0.9994131 0.006025844 0.04755061 -0.9988669 0.001970791 0.3165826 -0.9178345 0.2394896 0.06344829 -0.9979851 -0.0002061833 -0.1832234 -0.9754106 -0.1224882 0.1510598 -0.9885246 0.0002966703 0.1322561 -0.9911186 0.01386835 0.4977514 -0.8548896 0.1463124 0.4219456 -0.8862474 0.1911216 0.6967078 -0.674424 0.244439 0.9776497 -0.001902137 0.2102317 0.9564295 -0.1494431 0.2508176 0.9328724 -0.2599833 0.2493147 0.9194639 -0.2581768 0.2965314 0.9122006 -0.326417 0.2476733 0.901323 -0.3267005 0.2844006 0.8900793 -0.3849595 0.2440593 0.8815502 -0.3866691 0.2708435 0.8612211 -0.4502105 0.2358149 0.7298276 -0.6526112 0.2035936 0.5267754 -0.8413064 0.1212898 0.851878 -0.4566137 0.2565303 0.8099686 -0.5351508 0.2399261 0.8195479 -0.5286644 0.221032 0.7390486 -0.6462525 0.1901706 0.7093851 -0.6695447 0.220188 0.7992773 -0.5456169 0.2519086 0.6102117 -0.7303595 0.3069473 0.9656814 -0.142677 0.2170318 0.9406372 -0.2500584 0.2295048 0.9161768 -0.318486 0.2432831 0.8880899 -0.3826008 0.2547804 0.8511723 -0.4555545 0.2607218 0.7145457 -0.5977769 0.3634382 0.4365329 -0.7983657 0.4147907 0.2707747 -0.9312116 0.2439796 0.3455953 -0.914543 0.2101783 0.3806814 -0.4288722 0.8192376 0.4583945 -0.5588201 0.6910822 0.3251184 -0.5620235 0.7605443 0.2752074 -0.6911307 0.6682808 0.1812855 -0.6984141 0.6923534 0.1483619 -0.8259146 0.5439244 0.08514679 -0.8359581 0.5421476 0.06996067 -0.9492872 0.3065277 0.04542812 -0.9529469 0.2997139 0.04181855 -0.9991172 0.003994724 0.01882591 -0.9997923 0.007809412 0.01739441 -0.9659208 -0.2582526 0.001916699 -0.9755117 -0.2199392 0.4213341 -0.8893587 0.1775351 0.4969692 -0.857342 0.1341129 0.002867804 -0.9999387 0.01069343 0.001132667 -0.9999941 0.003235133 0.01970894 -0.9860502 -0.1652775 0.01200264 -0.9822085 -0.1874098 -0.3545861 -0.9248018 0.1378776 -0.2073599 -0.9750033 0.07981562 -0.1896179 -0.9732404 0.1298002 -0.09529071 -0.9947885 0.03627077 -0.08741754 -0.9943892 0.05956811 -0.003660224 -0.9999926 0.001217054 -0.00309559 -0.9999917 0.00264103 0.08896341 -0.9955174 -0.03210409 0.08248769 -0.9952137 -0.05239782 0.2004448 -0.9771335 -0.07093694 0.1853728 -0.9758508 -0.1155517 -0.0763347 -0.9647906 0.2516985 -0.0638554 -0.9914907 0.1134404 -0.04172853 -0.9863281 0.1594225 -0.001314957 -0.999978 0.006497689 0.0007444758 -0.9999492 0.0100543 0.06305037 -0.993128 -0.09859761 0.04634984 -0.9904664 -0.1297232 0.1360215 -0.9666909 -0.2168105 0.08821269 -0.9543677 -0.2853083 0.03019063 -0.9184369 -0.3944137 -0.07753791 -0.9934128 0.08437369 -0.00240099 -0.999988 0.004271453 0.0742804 -0.9944964 -0.073887 0.1663524 -0.9722358 -0.1645736 0.001337659 -0.9999966 0.002216426 0.002545521 -0.9999955 0.001608285 0.003033596 -0.9752101 -0.2212604 0.001436376 -0.9677954 -0.2517341 0.002607184 -0.9078405 -0.4193076 0.0003442719 -0.8864131 -0.4628949 -0.6920761 -0.7154795 0.09549746 -0.543765 -0.8354853 0.0792705 -0.377744 -0.9241308 0.05737418 -0.2200543 -0.9749328 0.03289644 -0.1006974 -0.99481 0.01459787 -0.0005877927 -0.9999998 -4.906052e-05 -0.003419569 -0.9999941 -0.0001295772 0.0995323 -0.9950292 -0.003191268 0.09457695 -0.9954278 -0.0133711 0.2191822 -0.9756731 -0.004603056 0.2127558 -0.9767007 -0.02812058 0.3757965 -0.9265527 -0.01664743 0.3410358 -0.9328935 -0.1157769 0.2811939 -0.9203938 -0.2716713 0.008100156 -0.9999618 0.003284784 0.0002034934 -0.9615634 -0.2745828 -0.01126737 -0.8671273 -0.4979592 0.04199245 -0.9590452 0.2801231 0.01526925 -0.9998795 0.002806632 -0.02884045 -0.9538564 -0.298875 -0.07592089 -0.844337 -0.5304066 -0.1181075 -0.7229377 -0.6807435 -0.000704575 -0.7859111 -0.6183392 0.004528523 -0.8221176 -0.5692997 -0.00362368 -0.6684336 -0.743763 0.009158957 -0.7112238 -0.702906 0.04818374 -0.7813719 -0.6222028 0.1735755 -0.8707392 -0.4600921 0.5045576 -0.8455235 -0.174676 0.4127018 -0.8247907 -0.3865196 -0.4459607 -0.8698902 -0.2107372 -0.148387 -0.9808609 -0.126068 -0.3261682 -0.8242439 -0.4628566 -0.2983405 -0.714714 -0.6325953 -0.4392478 -0.6955955 -0.5685141 -0.3763214 -0.5910739 -0.7134521 -0.5245965 -0.5746587 -0.6281448 -0.4622853 -0.4580206 -0.7592821 -0.6067915 -0.4494525 -0.6555888 -0.5398419 -0.335912 -0.7718379 -0.6749946 -0.3356181 -0.6570714 -0.5781213 -0.7457465 -0.3311161 -0.5765824 -0.6592848 -0.4825933 -0.7043081 -0.6034349 -0.3739204 -0.6604459 -0.5427292 -0.5188991 -0.7768684 -0.4954579 -0.3885832 -0.7326081 -0.4289606 -0.5284678 -0.8335536 -0.3976443 -0.3834937 -0.7886895 -0.3272808 -0.5204385 -0.8756872 -0.3119293 -0.3686082 -0.6595283 -0.7011011 -0.2710713 -0.7745545 -0.5594954 -0.2950089 -0.8346362 -0.4619559 -0.2999653 -0.8787248 -0.3776212 -0.2919674 0.2487268 -0.7452051 -0.6187118 0.5230467 -0.7017791 -0.4836614 0.7524075 -0.580427 -0.311428 0.9025463 -0.4000041 -0.1593953 0.4642217 -0.3322248 -0.8210511 0.2189232 -0.2575519 -0.9411374 0.1608017 -0.3735391 -0.9135707 0.03040141 -0.3073553 -0.9511091 0.01941522 -0.4229619 -0.9059395 -0.009164495 -0.3841637 -0.9232195 -0.004399123 -0.521561 -0.8532027 -0.05441671 -0.4823026 -0.8743129 -0.06743296 -0.2504523 -0.9657776 -0.1928588 -0.2322389 -0.953347 -0.1669229 -0.3356079 -0.9270944 -0.06416581 -0.08109585 -0.9946387 -0.2064431 -0.1440652 -0.9677947 -0.0729785 -0.1568362 -0.9849246 0.08174935 -0.6285936 -0.7734255 0.3192473 -0.6119307 -0.7236173 0.61161 -0.5539318 -0.564883 0.8220775 -0.4049107 -0.4002948 -0.1272298 -0.4444432 -0.8867259 -0.05744317 -0.3560726 -0.932691 -0.01206252 -0.2734332 -0.9618154 0.04774118 -0.205372 -0.9775189 0.01321132 -0.5646056 -0.8252551 0.1151244 -0.491329 -0.863332 0.3900057 -0.476342 -0.7880316 0.6740925 -0.3846893 -0.630566 0.8429662 -0.2351145 -0.4838689 -0.05517674 0.007919768 -0.9984452 -0.2068727 0.01838139 -0.9781952 -0.2088099 -0.06696593 -0.9756608 -0.9367717 -0.1213602 -0.3282231 -0.9720752 -0.0500869 -0.229262 -0.9580085 -0.139658 -0.2504301 -0.9648729 -0.07137445 -0.2528359 -0.9659968 0.03832906 -0.2556971 -0.9718035 0.01883707 -0.2350387 -0.9481856 0.003602167 -0.3176964 -0.8778246 -0.0008769668 -0.4789814 -0.864715 -0.1176209 -0.4882964 -0.7622045 -0.1230165 -0.6355401 -0.6416748 -0.1324401 -0.7554555 -0.8667253 -0.3983145 -0.3002212 -0.827903 -0.4754952 -0.2974573 -0.7724026 -0.566336 -0.2875026 -0.6622018 -0.7020233 -0.2620154 -0.4520119 -0.8680748 -0.2052594 -0.1837423 -0.9751087 -0.1241042 0.1626035 -0.9866386 -0.01021826 -0.1384913 -0.9800577 -0.1425027 -0.164442 -0.977801 -0.1298616 -0.3755237 -0.8943864 -0.2430121 -0.4291909 -0.8773943 -0.2144164 -0.5661927 -0.7540341 -0.3329541 -0.6377866 -0.7182481 -0.278115 -0.6746552 -0.6299531 -0.384707 -0.7484691 -0.5855129 -0.3113979 -0.7505799 -0.5237672 -0.402862 -0.8046241 -0.4942351 -0.3291074 -0.8427185 -0.4155899 -0.3422142 0.07831733 -0.9966352 -0.02418018 0.07540968 -0.9966859 -0.0305053 -0.1653309 -0.9429465 -0.288994 -0.444223 -0.7933596 -0.4162289 -0.3246076 -0.8178504 -0.4751323 -0.01446919 -0.9446143 -0.3278635 -0.05462503 -0.9459959 -0.3195433 -0.108451 -0.945519 -0.3069728 0.201168 -0.9399903 0.2755898 0.07106643 -0.9973581 -0.01504822 0.007339212 -0.9436146 -0.3309647 -0.9454467 0.1393185 -0.2944842 -0.9384565 0.04355759 -0.3426401 -0.9565712 0.02614376 -0.2903239 -0.9380435 -0.07909693 -0.3373693 -0.9539352 -0.05811886 -0.2943294 -0.9412959 -0.1613836 -0.2965088 -0.925535 -0.06499802 -0.3730419 -0.9286794 0.02713445 -0.3698895 0.9419552 0.02943486 -0.3344458 0.9494846 0.2025213 -0.2397167 0.9029829 0.3975629 -0.1629898 0.8486495 0.2057303 -0.487308 0.7165229 0.02852976 -0.6969799 0.3599757 -0.07447347 -0.9299845 0.07011538 -0.1181148 -0.9905214 -0.009663281 -0.1759506 -0.9843516 0.07797821 -0.05292201 -0.9955494 0.3641131 0.0210677 -0.9311164 0.6687369 0.197955 -0.7166623 0.8232269 0.4049808 -0.3978543 0.6930941 0.7184614 -0.05859908 0.752755 0.581499 -0.3085754 0.6750155 0.387613 -0.627782 -0.07110818 0.1627543 -0.9841009 -0.006612557 0.1823747 -0.9832069 -0.009046271 0.275979 -0.9611211 -0.2037838 0.1346199 -0.9697163 0.5475359 0.836212 -0.0308865 0.6426241 0.7294937 -0.2342503 0.6125337 0.5566329 -0.561215 0.4658076 0.3400873 -0.8169235 0.3366592 0.152649 -0.9291711 0.07755885 0.01333434 -0.9968986 -0.02754083 0.06846812 -0.9972731 0.06416505 0.1056573 -0.9923303 0.2228555 0.265846 -0.9379026 0.392583 0.4813752 -0.7836814 0.5232435 0.7043027 -0.4797644 0.5036657 0.8465291 -0.172364 0.3787868 0.9253658 -0.01479099 0.01594543 0.5656668 -0.8244798 0.08557313 0.6320553 -0.7701839 0.2504143 0.7489666 -0.6134669 0.004138405 0.7320725 -0.6812141 0.05872684 0.7891196 -0.6114258 0.174032 0.8729052 -0.4557954 0.2829061 0.9211104 -0.2674318 0.1927488 0.9812466 -0.001749225 0.1661525 0.9724681 -0.1633988 0.02150476 0.9909174 -0.1327416 0.139559 0.9663611 -0.2160312 0.06339462 0.9930559 -0.09910128 0.09218382 0.9519172 -0.2921571 -0.2323575 -0.4547028 -0.8597996 -0.289742 -0.3268705 -0.8995584 -0.3342582 -0.2228653 -0.9157524 -0.3622444 -0.133513 -0.9224713 -0.3731419 -0.05894166 -0.9259001 -0.3750983 0.01782969 -0.9268135 -0.3696938 0.1158866 -0.9218985 -0.1965714 0.2312557 -0.9528276 -0.3383648 0.2209459 -0.9147088 -0.1711166 0.3351624 -0.9264908 -0.2937683 0.3259597 -0.8985825 -0.1384652 0.4586516 -0.877762 -0.2350276 0.4538916 -0.8595025 -0.1634003 0.5929359 -0.7884969 -0.6459135 0.1139636 -0.7548563 -0.7668439 0.1152074 -0.6314093 -0.8652796 0.1152884 -0.4878522 -0.9363694 0.115148 -0.3315919 -0.9595417 0.1215464 -0.2539807 0.09622191 0.995337 0.006754538 -0.1544814 0.9815371 -0.1127851 -0.2414713 0.9390811 -0.244578 -0.374259 0.5939601 -0.7121387 -0.4392478 0.6955955 -0.5685141 -0.5226392 0.5772549 -0.6273954 -0.5765824 0.6592848 -0.4825933 -0.6587151 0.5451734 -0.5185368 -0.7043081 0.6034349 -0.3739204 -0.7752537 0.4979828 -0.3885805 -0.7735515 0.5602849 -0.29614 -0.8321691 0.4644995 -0.3028774 -0.7728534 0.5659692 -0.2870131 -0.0002540699 0.9999979 0.00204313 -0.1964855 0.9804551 0.01006637 -0.005768492 0.9999834 -6.946021e-05 0.1868942 0.9820824 -0.02418279 0.1757822 0.9825264 -0.06117507 0.3423756 0.9323904 -0.115875 -0.0636338 0.9916128 0.1124937 -0.1225066 0.9918047 0.03627085 0.003700018 0.9999263 -0.01156669 0.1657293 0.9796461 -0.1132578 -0.003478211 0.9999728 -0.006504249 -0.006108395 0.9999786 0.002346655 -0.1860593 0.9798922 0.07206437 -0.1974569 0.9798656 0.02956604 -0.3781017 0.923993 0.05723647 -0.5528397 0.8330592 0.01950862 0.3213775 0.6166948 -0.7186125 0.4124458 0.8266326 -0.3828408 0.000949107 0.9999987 0.001316629 0.0005802185 0.9999992 0.001162482 0.002751268 0.9999557 0.008996375 0.0009000903 0.9999612 0.008764899 -0.0009664218 0.9999839 0.005587997 0.002545521 0.9999955 0.001608285 0.001150886 0.9746956 -0.2235333 0.007075432 0.9793959 -0.2018257 0.02347155 0.9857813 -0.1663859 0.0463365 0.9903843 -0.1303527 -0.7039923 0.7099081 0.02062181 -0.5442185 0.8352048 0.07911495 -0.3548351 0.9247244 0.1377566 -0.1694325 0.9785405 0.117265 0.01548457 0.9998714 0.004169817 0.008124704 0.9999549 0.00492773 -0.003521209 0.9618586 -0.2735243 0.001436376 0.9677954 -0.2517341 -0.004514635 0.8845612 -0.4664023 0.001159827 0.8896561 -0.4566297 0.03173392 0.9170072 -0.3976062 0.02222524 0.9997515 0.001729804 -0.02527882 0.9541489 -0.2982631 -0.01756474 0.8671245 -0.4977816 -0.005404157 0.7874166 -0.6163975 -0.8286515 0.5594688 0.01820141 -0.9476703 0.3064628 0.08945172 -0.9200663 0.3916327 0.01009398 -0.9803743 0.1971322 0.00224713 0.03372156 0.9994131 0.006025844 -0.05132176 0.9526166 -0.2998126 -0.07043939 0.8446487 -0.5306664 -0.0315904 0.7558512 -0.6539809 -0.004583688 0.6626025 -0.7489572 0.001243624 0.5252492 -0.8509475 -0.004821501 0.3874747 -0.9218677 -0.0685868 0.2511894 -0.9655049 -0.05891415 0.3572641 -0.9321435 -0.04330584 0.4902093 -0.8705283 -0.05211772 0.6245554 -0.7792395 -0.1121117 0.7231588 -0.681522 -0.1267929 0.8405241 -0.5267285 -0.09220231 0.9534947 -0.2869611 0.04755061 0.9988669 0.001970791 0.3165826 0.9178345 0.2394896 0.6027106 0.7295632 0.3232298 -0.1923131 0.7180324 -0.6689134 -0.2085218 0.8386687 -0.5031437 -0.1571621 0.9496433 -0.2710676 0.06450087 0.9979068 -0.004651783 0.4219456 0.8862474 0.1911216 0.6956059 0.6752625 0.2452609 0.7752733 0.5580917 0.2957785 0.8104571 0.5350913 0.2384044 0.8693131 0.388884 0.3050638 -0.6005106 -0.2299865 -0.7658285 -0.7272817 -0.2331393 -0.6455287 -0.831661 -0.2319249 -0.5045303 -0.9088509 -0.2272105 -0.3498077 -0.937276 -0.2268841 -0.2646456 -0.92064 0.2538774 -0.2965945 -0.4611775 0.4591346 -0.759283 -0.6058969 0.4504213 -0.6557511 -0.7321448 0.4296413 -0.5285569 -0.8332674 0.3981339 -0.3836077 -0.8755403 0.380706 -0.2974763 -0.8291837 0.4740397 -0.2962107 -0.7488498 0.5852676 -0.3109436 -0.6007976 0.2285383 -0.7660369 -0.7274819 0.2319575 -0.6457288 -0.8319619 0.2309072 -0.5045011 -0.9090706 0.2263998 -0.3497624 -0.9351658 0.2282184 -0.2708896 -0.8959868 0.3297224 -0.2974742 -0.8432713 0.4152917 -0.341213 -0.7505663 0.523604 -0.4030993 -0.5393013 0.336 -0.7721775 -0.6745334 0.3357858 -0.6574592 -0.78852 0.3273785 -0.5206338 -0.8755787 0.3120228 -0.3687868 -0.9081223 0.3064138 -0.2853496 -0.8677305 0.397564 -0.2983064 -0.8052906 0.4936761 -0.3283155 -0.6763542 0.6284813 -0.3841305 0.1547337 0.987891 -0.01134973 -0.1366972 0.9791786 -0.1500771 -0.1643583 0.9778126 -0.1298802 0.174741 0.9844946 -0.01535871 -0.183772 0.9750975 -0.1241482 -0.4497134 0.795102 -0.4069038 -0.5781213 0.7457465 -0.3311161 -0.6586543 0.7016594 -0.2717511 -0.662623 0.7017275 -0.2617429 -0.6381423 0.7180541 -0.2777997 -0.5680635 0.7530797 -0.3319259 -0.4419195 0.794309 -0.4168698 -0.3246076 0.8178504 -0.4751323 -0.3704736 0.8966298 -0.2424959 -0.4457713 0.8699431 -0.2109192 -0.4526393 0.8677764 -0.2051386 -0.429664 0.8771977 -0.2142735 -0.3478806 0.9053543 -0.2435418 -0.2443782 0.9336579 -0.261844 -0.1653309 0.9429465 -0.288994 -0.1084319 0.9455241 -0.3069637 -0.05505745 0.9454595 -0.3210529 -0.01444946 0.944695 -0.3276316 0.714959 0.599342 0.3600316 0.6273075 0.7198431 0.2971721 0.7118445 0.6674567 0.218584 0.4996885 0.8558697 0.133411 0.5365186 0.8362616 0.1132003 0.1625275 0.9866497 -0.010354 -0.1835712 0.9753453 -0.122487 0.9010499 0.3267741 0.2851803 0.9192374 0.2581921 0.2972194 0.9331085 0.2598379 0.2485815 0.95647 0.1493846 0.2506977 0.9649702 0.1448556 0.218745 0.08514321 0.9956376 -0.0381639 0.3477224 0.9124484 0.2157014 0.08391341 0.9960012 -0.03066307 0.2737371 0.9306716 0.2427312 0.01058596 0.9799854 0.1987875 0.01685803 0.9998475 0.004562573 0.01769196 0.9627829 0.2696964 0.041799 0.999125 0.001467962 0.04476479 0.953657 0.2975474 0.05238605 0.9986114 -0.005562951 0.06896225 0.9498309 0.3050664 0.06110762 0.9980788 -0.01022173 0.1056657 0.9458778 0.3068388 0.07104791 0.9973621 -0.01486543 0.1476544 0.942718 0.2991337 0.07815768 0.9967392 -0.0200582 0.1979627 0.9408783 0.2748796 0.07937577 0.9964466 -0.0281705 0.0806336 0.996339 -0.02840487 0.4261002 0.7961625 0.4296091 0.3876444 0.6864271 0.6152639 0.3080119 0.8147073 0.4913052 0.2725061 0.6913414 0.6691693 0.2172674 0.820069 0.5294164 0.1786359 0.6986638 0.6927901 0.1462222 0.826257 0.5439839 0.1026394 0.7145275 0.6920373 0.08578351 0.8353658 0.5429596 0.05074471 0.8303368 0.5549467 0.01583313 0.8571063 0.5148961 -0.01709521 0.9044918 0.4261483 0.4207249 0.8894035 0.1787511 0.5296922 0.7671378 0.3618367 0.5408904 0.6687016 0.5101722 0.6270873 0.5427163 0.5587669 0.4555876 0.5622262 0.6901751 0.5308199 0.4338043 0.7280413 0.3806814 0.4288722 0.8192376 0.4351907 0.2922484 0.8515867 0.03792685 -0.9459829 -0.3219904 0.05233891 -0.9986226 -0.00368395 0.06132668 -0.9980738 -0.009366754 0.106997 -0.9455678 0.3073324 0.148875 -0.9426516 0.2987378 0.2194033 -0.8199198 0.5287663 0.309178 -0.8147037 0.4905781 0.3891395 -0.6862754 0.6144889 0.5514711 -0.6599966 0.5101805 0.6299245 -0.5387502 0.5594133 0.7830529 -0.48996 0.3831022 0.7011581 -0.4268514 0.5711175 0.8362586 -0.3992866 0.3758216 0.7615255 -0.3244997 0.5610515 0.8789512 -0.3171582 0.3561676 0.807979 -0.2344491 0.5405586 0.9127014 -0.2384343 0.3318511 0.8448957 -0.1274039 0.5195378 0.9419226 -0.1319585 0.3088183 0.8647403 -0.003929935 0.5022039 0.9564797 -0.003741198 0.2917749 0.8441089 0.1312946 0.519848 0.9412071 0.1357159 0.309371 0.9127014 0.2384343 0.3318511 0.9406372 0.2500584 0.2295048 0.9161768 0.318486 0.2432831 0.9125321 0.3261386 0.2468175 0.8905393 0.3845062 0.2430943 0.8811833 0.3869063 0.2716975 0.8535357 0.454267 0.2551829 0.8398264 0.4660222 0.278415 0.1500483 0.9886785 0.0005053129 0.4964177 0.8555727 0.1468497 0.5272632 0.8410454 0.1209799 0.7303712 0.6521613 0.2030849 0.7397722 0.6456067 0.1895495 0.8202053 0.5279915 0.2202003 0.8014309 0.5434979 0.2496368 0.8509851 0.4564771 0.2597172 0.7805725 0.4937733 0.3832682 0.8362586 0.3992866 0.3758216 0.7011581 0.4268514 0.5711175 0.7615255 0.3244997 0.5610515 0.6059923 0.3090751 0.7329706 0.6724338 0.2359482 0.701542 0.5100015 0.1387667 0.8489065 0.6544572 -0.2221991 0.7227124 0.5118038 -0.1327348 0.8487864 0.6887057 -0.12103 0.7148679 0.5277367 -0.001423737 0.8494068 0.7114854 -0.003241992 0.7026934 0.688432 0.1241071 0.7146039 0.807979 0.2344491 0.5405586 0.8789512 0.3171582 0.3561676 0.8880899 0.3826008 0.2547804 0.861555 0.4500467 0.2349063 -0.3261682 0.8242439 -0.4628566 -0.2983405 0.714714 -0.6325953 -0.2562846 0.5942671 -0.7623416 -0.3348297 0.4557006 -0.8247582 -0.4099747 0.3284795 -0.8508948 -0.4695322 0.2214335 -0.8546969 -0.5124222 0.1122122 -0.8513706 -0.5278638 0.01630452 -0.8491725 -0.523881 -0.05454827 -0.8500431 -0.5057654 -0.1304095 -0.8527571 -0.4661422 -0.2236948 -0.8559627 -0.4070794 -0.3293491 -0.8519481 -0.3327054 -0.4552898 -0.825844 -0.2561618 -0.5925776 -0.7636969 -0.1923131 -0.7180324 -0.6689134 -0.1267929 -0.8405241 -0.5267285 -0.05132176 -0.9526166 -0.2998126 0.02222524 -0.9997515 0.001729804 0.9949172 -0.09820703 -0.02225121 0.9666558 -0.2233795 -0.1252126 0.9134577 -0.3890065 -0.1194527 0.819157 -0.5630905 -0.1091375 0.6933572 -0.7142066 -0.09573245 0.5400633 -0.8378408 -0.0797146</float_array>
          <technique_common>
            <accessor count="4571" source="#normals-array-array" stride="3">
              <param type="float" name="X" />
              <param type="float" name="Y" />
              <param type="float" name="Z" />
            </accessor>
          </technique_common>
        </source>
        <vertices id="verts-array-vertices">
          <input semantic="POSITION" source="#verts-array" />
        </vertices>
        <triangles count="9138" material="material0">
          <input offset="0" semantic="VERTEX" source="#verts-array-vertices" />
          <input offset="1" semantic="NORMAL" source="#normals-array" />
          <p>0 0 1 1 2 2 2 2 1 1 3 3 2 2 3 3 4 4 5 5 6 6 2 2 2 2 6 6 7 7 2 2 7 7 0 0 8 8 9 9 2 2 2 2 9 9 10 10 2 2 10 10 5 5 4 4 11 11 2 2 2 2 11 11 12 12 2 2 12 12 8 8 13 13 14 14 15 15 15 15 14 14 16 16 15 15 16 16 17 17 18 18 19 19 15 15 15 15 19 19 20 20 15 15 20 20 13 13 21 21 22 22 15 15 15 15 22 22 23 23 15 15 23 23 18 18 17 17 24 24 15 15 15 15 24 24 25 25 15 15 25 25 21 21 26 26 27 27 28 28 28 28 27 27 29 29 28 28 29 29 30 30 31 31 32 32 28 28 28 28 32 32 33 33 28 28 33 33 26 26 34 34 35 35 28 28 28 28 35 35 36 36 28 28 36 36 31 31 30 30 37 37 28 28 28 28 37 37 38 38 28 28 38 38 34 34 39 39 40 40 41 41 41 41 40 40 42 42 41 41 42 42 43 43 44 44 45 45 41 41 41 41 45 45 46 46 41 41 46 46 39 39 47 47 48 48 41 41 41 41 48 48 49 49 41 41 49 49 44 44 43 43 50 50 41 41 41 41 50 50 51 51 41 41 51 51 47 47 52 52 53 53 54 54 54 54 55 55 52 52 52 52 55 55 56 56 52 52 56 56 57 57 57 57 56 56 58 58 58 58 56 56 59 59 58 58 59 59 60 60 61 61 62 62 63 63 63 63 62 62 64 64 60 60 59 59 65 65 65 65 59 59 66 66 65 65 66 66 67 67 67 67 66 66 63 63 67 67 63 63 68 68 68 68 63 63 64 64 68 68 64 64 69 69 70 70 71 71 72 72 72 72 71 71 73 73 72 72 73 73 74 74 75 75 76 76 74 74 74 74 76 76 77 77 74 74 77 77 72 72 78 78 79 79 80 80 80 80 79 79 81 81 80 80 81 81 82 82 83 83 84 84 85 85 85 85 84 84 86 86 85 85 86 86 82 82 74 74 80 80 75 75 75 75 80 80 82 82 75 75 82 82 87 87 87 87 82 82 86 86 87 87 86 86 88 88 88 88 86 86 89 89 88 88 89 89 90 90 89 89 91 91 92 92 90 90 89 89 93 93 93 93 89 89 92 92 93 93 92 92 94 94 95 95 96 96 97 97 98 98 99 99 100 100 101 101 102 102 103 103 104 104 105 105 106 106 107 107 108 108 109 109 110 110 111 111 107 107 112 112 113 113 114 114 109 109 112 112 107 107 107 107 112 112 114 114 107 107 114 114 110 110 110 110 114 114 115 115 110 110 115 115 116 116 99 99 117 117 100 100 100 100 117 117 101 101 100 100 101 101 106 106 106 106 101 101 103 103 106 106 103 103 104 104 104 104 103 103 118 118 104 104 118 118 108 108 108 108 118 118 119 119 108 108 119 119 109 109 120 120 98 98 97 97 97 97 98 98 100 100 97 97 100 100 95 95 95 95 100 100 106 106 95 95 106 106 121 121 121 121 106 106 105 105 122 122 123 123 124 124 122 122 124 124 125 125 125 125 124 124 126 126 125 125 126 126 127 127 127 127 126 126 128 128 127 127 128 128 129 129 129 129 128 128 130 130 129 129 130 130 131 131 131 131 130 130 132 132 131 131 132 132 133 133 133 133 132 132 134 134 133 133 134 134 135 135 136 136 137 137 138 138 138 138 137 137 139 139 138 138 139 139 140 140 140 140 139 139 141 141 140 140 141 141 142 142 142 142 141 141 143 143 142 142 143 143 144 144 144 144 143 143 145 145 144 144 145 145 146 146 146 146 145 145 147 147 146 146 147 147 148 148 148 148 147 147 149 149 148 148 149 149 150 150 150 150 149 149 151 151 150 150 151 151 134 134 134 134 151 151 152 152 134 134 152 152 135 135 122 122 153 153 123 123 123 123 153 153 154 154 123 123 154 154 155 155 155 155 154 154 156 156 155 155 156 156 157 157 157 157 156 156 158 158 157 157 158 158 159 159 159 159 158 158 160 160 161 161 162 162 163 163 163 163 162 162 164 164 163 163 164 164 165 165 166 166 167 167 163 163 163 163 167 167 168 168 163 163 168 168 161 161 169 169 170 170 163 163 163 163 170 170 171 171 163 163 171 171 166 166 165 165 172 172 163 163 163 163 172 172 173 173 163 163 173 173 169 169 174 174 175 175 176 176 176 176 175 175 177 177 176 176 177 177 178 178 179 179 180 180 176 176 176 176 180 180 181 181 176 176 181 181 174 174 182 182 183 183 176 176 176 176 183 183 184 184 176 176 184 184 179 179 178 178 185 185 176 176 176 176 185 185 186 186 176 176 186 186 182 182 187 187 188 188 189 189 189 189 188 188 190 190 189 189 190 190 191 191 192 192 193 193 189 189 189 189 193 193 194 194 189 189 194 194 187 187 195 195 196 196 189 189 189 189 196 196 197 197 189 189 197 197 192 192 191 191 198 198 189 189 189 189 198 198 199 199 189 189 199 199 195 195 200 200 201 201 202 202 202 202 201 201 203 203 202 202 203 203 204 204 205 205 206 206 202 202 202 202 206 206 207 207 202 202 207 207 200 200 208 208 209 209 202 202 202 202 209 209 210 210 202 202 210 210 205 205 204 204 211 211 202 202 202 202 211 211 212 212 202 202 212 212 208 208 213 213 214 214 7 7 215 215 10 10 216 216 216 216 10 10 9 9 216 216 9 9 217 217 217 217 9 9 218 218 215 215 219 219 10 10 10 10 219 219 220 220 10 10 220 220 5 5 5 5 220 220 221 221 5 5 221 221 222 222 218 218 9 9 223 223 223 223 9 9 8 8 223 223 8 8 224 224 12 12 225 225 226 226 226 226 227 227 12 12 12 12 227 227 228 228 12 12 228 228 8 8 8 8 228 228 229 229 8 8 229 229 224 224 225 225 12 12 230 230 230 230 12 12 11 11 230 230 11 11 231 231 232 232 233 233 4 4 4 4 233 233 234 234 4 4 234 234 11 11 11 11 234 234 235 235 11 11 235 235 231 231 3 3 236 236 4 4 4 4 236 236 237 237 4 4 237 237 232 232 238 238 239 239 1 1 1 1 239 239 240 240 1 1 240 240 3 3 3 3 240 240 241 241 3 3 241 241 236 236 238 238 1 1 242 242 242 242 1 1 0 0 242 242 0 0 243 243 244 244 245 245 0 0 0 0 245 245 246 246 0 0 246 246 243 243 7 7 214 214 0 0 0 0 214 214 247 247 0 0 247 247 244 244 6 6 248 248 7 7 7 7 248 248 249 249 7 7 249 249 213 213 222 222 250 250 5 5 5 5 250 250 251 251 5 5 251 251 6 6 6 6 251 251 252 252 6 6 252 252 248 248 23 23 253 253 254 254 23 23 254 254 18 18 18 18 254 254 255 255 18 18 255 255 256 256 257 257 258 258 22 22 22 22 258 258 259 259 22 22 259 259 23 23 23 23 259 259 260 260 23 23 260 260 253 253 261 261 21 21 262 262 262 262 21 21 263 263 261 261 264 264 21 21 21 21 264 264 265 265 21 21 265 265 22 22 22 22 265 265 266 266 22 22 266 266 257 257 263 263 21 21 267 267 267 267 21 21 25 25 267 267 25 25 268 268 24 24 269 269 25 25 25 25 269 269 270 270 25 25 270 270 268 268 271 271 272 272 17 17 17 17 272 272 273 273 17 17 273 273 24 24 24 24 273 273 274 274 24 24 274 274 269 269 275 275 276 276 16 16 16 16 276 276 277 277 16 16 277 277 17 17 17 17 277 277 278 278 17 17 278 278 271 271 14 14 279 279 16 16 16 16 279 279 280 280 16 16 280 280 275 275 281 281 282 282 14 14 14 14 282 282 283 283 14 14 283 283 279 279 284 284 13 13 285 285 285 285 13 13 20 20 285 285 20 20 286 286 284 284 287 287 13 13 13 13 287 287 288 288 13 13 288 288 14 14 14 14 288 288 289 289 14 14 289 289 281 281 256 256 290 290 18 18 18 18 290 290 291 291 18 18 291 291 19 19 19 19 291 291 292 292 292 292 293 293 19 19 19 19 293 293 294 294 19 19 294 294 20 20 20 20 294 294 295 295 20 20 295 295 286 286 296 296 297 297 35 35 35 35 297 297 298 298 35 35 298 298 36 36 36 36 298 298 299 299 36 36 299 299 300 300 34 34 301 301 35 35 35 35 301 301 302 302 35 35 302 302 296 296 38 38 303 303 34 34 34 34 303 303 304 304 304 304 305 305 34 34 34 34 305 305 306 306 34 34 306 306 301 301 307 307 37 37 308 308 308 308 37 37 30 30 308 308 30 30 309 309 309 309 30 30 310 310 307 307 311 311 37 37 37 37 311 311 312 312 37 37 312 312 38 38 38 38 312 312 313 313 38 38 313 313 303 303 29 29 314 314 315 315 29 29 315 315 30 30 30 30 315 315 316 316 30 30 316 316 310 310 317 317 318 318 27 27 27 27 318 318 319 319 27 27 319 319 29 29 29 29 319 319 320 320 29 29 320 320 314 314 317 317 27 27 321 321 321 321 27 27 26 26 321 321 26 26 322 322 33 33 323 323 324 324 324 324 325 325 33 33 33 33 325 325 326 326 33 33 326 326 26 26 26 26 326 326 327 327 26 26 327 327 322 322 323 323 33 33 328 328 328 328 33 33 32 32 328 328 32 32 329 329 300 300 330 330 36 36 36 36 330 330 331 331 36 36 331 331 31 31 31 31 331 331 332 332 31 31 332 332 333 333 333 333 334 334 31 31 31 31 334 334 335 335 31 31 335 335 32 32 32 32 335 335 336 336 32 32 336 336 329 329 337 337 338 338 51 51 339 339 340 340 48 48 341 341 342 342 49 49 343 343 344 344 44 44 49 49 342 342 44 44 44 44 342 342 345 345 44 44 345 345 343 343 48 48 340 340 49 49 49 49 340 340 346 346 49 49 346 346 341 341 347 347 348 348 47 47 47 47 348 348 349 349 47 47 349 349 48 48 48 48 349 349 350 350 48 48 350 350 339 339 51 51 338 338 47 47 47 47 338 338 351 351 47 47 351 351 347 347 352 352 50 50 353 353 353 353 50 50 43 43 353 353 43 43 354 354 352 352 355 355 50 50 50 50 355 355 356 356 50 50 356 356 51 51 51 51 356 356 357 357 51 51 357 357 337 337 42 42 358 358 359 359 359 359 360 360 42 42 42 42 360 360 361 361 42 42 361 361 43 43 43 43 361 361 354 354 358 358 42 42 362 362 362 362 42 42 40 40 362 362 40 40 363 363 363 363 40 40 364 364 364 364 40 40 39 39 364 364 39 39 365 365 46 46 366 366 367 367 367 367 368 368 46 46 46 46 368 368 369 369 46 46 369 369 39 39 39 39 369 369 370 370 39 39 370 370 365 365 366 366 46 46 371 371 371 371 46 46 45 45 371 371 45 45 372 372 344 344 373 373 44 44 44 44 373 373 374 374 44 44 374 374 45 45 45 45 374 374 375 375 45 45 375 375 372 372 63 63 376 376 61 61 61 61 376 376 377 377 59 59 378 378 66 66 66 66 378 378 376 376 66 66 376 376 63 63 378 378 59 59 56 56 378 378 56 56 379 379 379 379 56 56 55 55 379 379 55 55 380 380 380 380 55 55 54 54 380 380 54 54 381 381 53 53 382 382 54 54 54 54 382 382 381 381 382 382 53 53 383 383 383 383 53 53 52 52 383 383 52 52 384 384 384 384 52 52 57 57 384 384 57 57 385 385 385 385 57 57 58 58 385 385 58 58 386 386 60 60 387 387 58 58 58 58 387 387 386 386 387 387 60 60 388 388 388 388 60 60 65 65 388 388 65 65 389 389 389 389 65 65 67 67 389 389 67 67 390 390 390 390 67 67 68 68 390 390 68 68 391 391 69 69 392 392 68 68 68 68 392 392 391 391 64 64 393 393 69 69 69 69 393 393 392 392 62 62 394 394 64 64 64 64 394 394 393 393 394 394 62 62 377 377 377 377 62 62 61 61 395 395 78 78 396 396 396 396 78 78 80 80 396 396 80 80 397 397 73 73 398 398 74 74 74 74 398 398 399 399 74 74 399 399 80 80 80 80 399 399 397 397 398 398 73 73 71 71 398 398 71 71 400 400 400 400 71 71 70 70 400 400 70 70 401 401 402 402 401 401 70 70 75 75 87 87 403 403 402 402 70 70 404 404 70 70 72 72 404 404 404 404 72 72 77 77 404 404 77 77 403 403 403 403 77 77 76 76 403 403 76 76 75 75 403 403 87 87 88 88 403 403 88 88 405 405 405 405 88 88 90 90 405 405 90 90 406 406 90 90 93 93 406 406 406 406 93 93 94 94 406 406 94 94 407 407 91 91 408 408 92 92 92 92 408 408 409 409 92 92 409 409 94 94 94 94 409 409 407 407 86 86 410 410 411 411 86 86 411 411 89 89 89 89 411 411 408 408 89 89 408 408 91 91 410 410 86 86 412 412 412 412 86 86 84 84 412 412 84 84 413 413 83 83 414 414 84 84 84 84 414 414 413 413 414 414 83 83 415 415 415 415 83 83 85 85 415 415 85 85 416 416 85 85 82 82 416 416 416 416 82 82 81 81 416 416 81 81 417 417 417 417 81 81 79 79 417 417 79 79 418 418 78 78 395 395 79 79 79 79 395 395 418 418 419 419 96 96 420 420 420 420 96 96 95 95 420 420 95 95 421 421 95 95 121 121 421 421 421 421 121 121 105 105 421 421 105 105 422 422 422 422 105 105 104 104 422 422 104 104 423 423 107 107 424 424 108 108 108 108 424 424 423 423 108 108 423 423 104 104 424 424 107 107 425 425 425 425 107 107 111 111 425 425 111 111 426 426 426 426 111 111 110 110 426 426 110 110 427 427 427 427 110 110 116 116 114 114 428 428 429 429 114 114 429 429 115 115 115 115 429 429 427 427 115 115 427 427 116 116 113 113 430 430 114 114 114 114 430 430 428 428 112 112 431 431 113 113 113 113 431 431 430 430 431 431 112 112 432 432 432 432 112 112 109 109 432 432 109 109 433 433 433 433 109 109 119 119 433 433 119 119 434 434 434 434 119 119 118 118 434 434 118 118 435 435 435 435 118 118 436 436 436 436 118 118 103 103 436 436 103 103 437 437 437 437 103 103 102 102 437 437 102 102 438 438 438 438 102 102 101 101 438 438 101 101 439 439 101 101 117 117 439 439 439 439 117 117 99 99 439 439 99 99 440 440 440 440 99 99 98 98 440 440 98 98 441 441 441 441 98 98 120 120 96 96 419 419 97 97 97 97 419 419 441 441 97 97 441 441 120 120 160 160 442 442 159 159 159 159 442 442 443 443 442 442 160 160 444 444 444 444 160 160 158 158 444 444 158 158 445 445 445 445 158 158 156 156 445 445 156 156 446 446 446 446 156 156 154 154 446 446 154 154 447 447 122 122 448 448 153 153 153 153 448 448 449 449 449 449 450 450 153 153 153 153 450 450 447 447 153 153 447 447 154 154 135 135 451 451 452 452 135 135 452 452 133 133 133 133 452 452 453 453 133 133 453 453 131 131 131 131 453 453 454 454 131 131 454 454 129 129 129 129 454 454 455 455 129 129 455 455 127 127 127 127 455 455 456 456 127 127 456 456 125 125 125 125 456 456 448 448 125 125 448 448 122 122 457 457 451 451 135 135 135 135 152 152 457 457 457 457 152 152 151 151 457 457 151 151 458 458 458 458 151 151 149 149 458 458 149 149 459 459 459 459 149 149 147 147 459 459 147 147 460 460 460 460 147 147 145 145 460 460 145 145 461 461 461 461 145 145 143 143 461 461 143 143 462 462 462 462 143 143 141 141 462 462 141 141 463 463 463 463 141 141 464 464 464 464 141 141 139 139 139 139 137 137 464 464 464 464 137 137 136 136 464 464 136 136 465 465 138 138 466 466 136 136 136 136 466 466 465 465 467 467 468 468 144 144 144 144 468 468 142 142 466 466 138 138 468 468 468 468 138 138 140 140 468 468 140 140 142 142 134 134 469 469 470 470 134 134 470 470 150 150 150 150 470 470 471 471 150 150 471 471 148 148 148 148 471 471 472 472 148 148 472 472 146 146 146 146 472 472 467 467 146 146 467 467 144 144 469 469 134 134 473 473 473 473 134 134 132 132 473 473 132 132 474 474 474 474 132 132 130 130 474 474 130 130 475 475 475 475 130 130 128 128 475 475 128 128 476 476 124 124 123 123 477 477 478 478 476 476 128 128 477 477 479 479 124 124 124 124 479 479 478 478 124 124 478 478 126 126 126 126 478 478 128 128 480 480 477 477 123 123 443 443 481 481 159 159 159 159 481 481 482 482 159 159 482 482 157 157 157 157 482 482 480 480 157 157 480 480 155 155 155 155 480 480 123 123 483 483 484 484 172 172 485 485 486 486 161 161 162 162 487 487 164 164 164 164 487 487 488 488 161 161 486 486 162 162 162 162 486 486 489 489 162 162 489 489 487 487 167 167 490 490 168 168 168 168 490 490 491 491 491 491 492 492 168 168 168 168 492 492 493 493 168 168 493 493 161 161 161 161 493 493 494 494 161 161 494 494 485 485 495 495 496 496 166 166 166 166 496 496 497 497 166 166 497 497 167 167 167 167 497 497 498 498 167 167 498 498 490 490 499 499 500 500 171 171 171 171 500 500 166 166 166 166 500 500 501 501 166 166 501 501 495 495 502 502 503 503 171 171 171 171 503 503 504 504 171 171 504 504 499 499 502 502 171 171 505 505 505 505 171 171 170 170 505 505 170 170 506 506 506 506 170 170 169 169 506 506 169 169 507 507 507 507 169 169 173 173 507 507 173 173 508 508 484 484 509 509 172 172 172 172 509 509 510 510 172 172 510 510 173 173 173 173 510 510 511 511 173 173 511 511 508 508 488 488 512 512 164 164 164 164 512 512 513 513 164 164 513 513 165 165 165 165 513 513 514 514 514 514 515 515 165 165 165 165 515 515 516 516 165 165 516 516 172 172 172 172 516 516 517 517 172 172 517 517 483 483 518 518 519 519 185 185 520 520 521 521 186 186 522 522 523 523 182 182 524 524 175 175 525 525 525 525 175 175 174 174 525 525 174 174 526 526 524 524 527 527 175 175 175 175 527 527 528 528 175 175 528 528 177 177 177 177 528 528 529 529 177 177 529 529 530 530 526 526 174 174 531 531 531 531 174 174 181 181 531 531 181 181 532 532 533 533 534 534 180 180 180 180 534 534 535 535 180 180 535 535 181 181 181 181 535 535 536 536 181 181 536 536 532 532 533 533 180 180 537 537 537 537 180 180 179 179 537 537 179 179 538 538 184 184 539 539 179 179 179 179 539 539 538 538 183 183 540 540 184 184 184 184 540 540 541 541 184 184 541 541 539 539 523 523 542 542 182 182 182 182 542 542 543 543 182 182 543 543 183 183 183 183 543 543 544 544 183 183 544 544 540 540 186 186 521 521 182 182 182 182 521 521 545 545 182 182 545 545 522 522 185 185 519 519 186 186 186 186 519 519 546 546 186 186 546 546 520 520 530 530 547 547 177 177 177 177 547 547 548 548 177 177 548 548 178 178 178 178 548 548 549 549 549 549 550 550 178 178 178 178 550 550 551 551 178 178 551 551 185 185 185 185 551 551 552 552 185 185 552 552 518 518 553 553 554 554 192 192 555 555 190 190 556 556 556 556 190 190 188 188 556 556 188 188 557 557 557 557 188 188 558 558 559 559 187 187 560 560 560 560 187 187 194 194 560 560 194 194 561 561 559 559 562 562 187 187 187 187 562 562 563 563 187 187 563 563 188 188 188 188 563 563 564 564 188 188 564 564 558 558 192 192 554 554 193 193 554 554 565 565 193 193 193 193 565 565 566 566 193 193 566 566 194 194 194 194 566 566 567 567 194 194 567 567 561 561 197 197 568 568 192 192 192 192 568 568 569 569 192 192 569 569 553 553 570 570 571 571 196 196 196 196 571 571 572 572 196 196 572 572 197 197 197 197 572 572 573 573 197 197 573 573 568 568 195 195 574 574 196 196 196 196 574 574 575 575 196 196 575 575 570 570 199 199 576 576 195 195 195 195 576 576 577 577 195 195 577 577 574 574 578 578 579 579 198 198 198 198 579 579 580 580 198 198 580 580 199 199 199 199 580 580 581 581 199 199 581 581 576 576 191 191 582 582 198 198 198 198 582 582 583 583 198 198 583 583 578 578 555 555 584 584 190 190 190 190 584 584 585 585 190 190 585 585 191 191 191 191 585 585 586 586 191 191 586 586 582 582 200 200 587 587 201 201 201 201 587 587 588 588 201 201 588 588 589 589 207 207 590 590 200 200 200 200 590 590 591 591 200 200 591 591 587 587 592 592 593 593 206 206 206 206 593 593 594 594 206 206 594 594 207 207 207 207 594 594 595 595 207 207 595 595 590 590 205 205 596 596 206 206 206 206 596 596 597 597 206 206 597 597 592 592 210 210 598 598 205 205 205 205 598 598 599 599 205 205 599 599 596 596 600 600 601 601 209 209 209 209 601 601 602 602 209 209 602 602 210 210 210 210 602 602 603 603 210 210 603 603 598 598 604 604 605 605 208 208 208 208 605 605 606 606 208 208 606 606 209 209 209 209 606 606 607 607 209 209 607 607 600 600 212 212 211 211 608 608 608 608 609 609 212 212 212 212 609 609 610 610 212 212 610 610 208 208 208 208 610 610 611 611 208 208 611 611 604 604 612 612 613 613 204 204 204 204 613 613 614 614 204 204 614 614 211 211 211 211 614 614 615 615 211 211 615 615 608 608 589 589 616 616 201 201 201 201 616 616 617 617 201 201 617 617 203 203 203 203 617 617 618 618 203 203 618 618 204 204 204 204 618 618 619 619 204 204 619 619 612 612 620 620 621 621 622 622 623 623 624 624 625 625 626 626 627 627 628 628 629 629 630 630 631 631 632 632 633 633 634 634 634 634 633 633 635 635 634 634 635 635 636 636 636 636 635 635 637 637 637 637 635 635 638 638 637 637 638 638 639 639 630 630 640 640 641 641 641 641 638 638 635 635 641 641 635 635 630 630 630 630 635 635 633 633 630 630 633 633 631 631 629 629 642 642 643 643 643 643 642 642 644 644 645 645 646 646 647 647 621 621 648 648 622 622 622 622 648 648 649 649 622 622 649 649 644 644 644 644 649 649 645 645 644 644 645 645 643 643 643 643 645 645 647 647 650 650 214 214 651 651 651 651 214 214 213 213 651 651 213 213 249 249 248 248 252 252 652 652 652 652 252 252 251 251 222 222 221 221 653 653 653 653 654 654 222 222 222 222 654 654 655 655 222 222 655 655 250 250 250 250 655 655 251 251 251 251 655 655 652 652 652 652 655 655 656 656 652 652 656 656 657 657 657 657 656 656 658 658 657 657 658 658 659 659 627 627 660 660 628 628 628 628 660 660 661 661 628 628 661 661 662 662 662 662 661 661 663 663 662 662 663 663 664 664 654 654 626 626 655 655 655 655 626 626 628 628 655 655 628 628 656 656 656 656 628 628 662 662 656 656 662 662 658 658 658 658 662 662 664 664 658 658 664 664 659 659 624 624 236 236 241 241 665 665 666 666 623 623 667 667 244 244 650 650 650 650 244 244 247 247 650 650 247 247 214 214 243 243 246 246 667 667 667 667 246 246 245 245 667 667 245 245 244 244 624 624 241 241 625 625 625 625 241 241 240 240 625 625 240 240 239 239 623 623 625 625 665 665 665 665 625 625 239 239 665 665 239 239 668 668 668 668 239 239 238 238 668 668 238 238 242 242 242 242 243 243 668 668 668 668 243 243 667 667 668 668 667 667 669 669 669 669 667 667 650 650 669 669 650 650 670 670 670 670 650 650 651 651 671 671 672 672 673 673 673 673 672 672 674 674 673 673 674 674 675 675 676 676 646 646 674 674 674 674 646 646 645 645 674 674 645 645 675 675 675 675 645 645 649 649 647 647 677 677 643 643 643 643 677 677 678 678 643 643 678 678 629 629 629 629 678 678 679 679 629 629 679 679 630 630 630 630 679 679 680 680 630 630 680 680 640 640 660 660 620 620 661 661 661 661 620 620 622 622 661 661 622 622 663 663 663 663 622 622 644 644 663 663 644 644 664 664 664 664 644 644 642 642 664 664 642 642 659 659 659 659 642 642 629 629 659 659 629 629 681 681 681 681 629 629 631 631 632 632 666 666 633 633 633 633 666 666 665 665 633 633 665 665 631 631 631 631 665 665 668 668 631 631 668 668 681 681 681 681 668 668 669 669 681 681 669 669 659 659 659 659 669 669 670 670 659 659 670 670 657 657 657 657 670 670 651 651 657 657 651 651 652 652 652 652 651 651 249 249 652 652 249 249 248 248 682 682 683 683 684 684 685 685 686 686 687 687 688 688 689 689 690 690 691 691 692 692 693 693 694 694 695 695 696 696 696 696 695 695 671 671 675 675 649 649 697 697 697 697 649 649 648 648 697 697 648 648 698 698 699 699 700 700 701 701 702 702 703 703 704 704 704 704 703 703 693 693 704 704 693 693 705 705 705 705 693 693 692 692 691 691 693 693 706 706 706 706 693 693 703 703 706 706 703 703 707 707 707 707 703 703 708 708 707 707 708 708 696 696 696 696 708 708 709 709 696 696 709 709 694 694 710 710 632 632 634 634 711 711 712 712 702 702 689 689 710 710 690 690 690 690 710 710 634 634 690 690 634 634 713 713 713 713 634 634 636 636 713 713 636 636 637 637 225 225 230 230 714 714 714 714 230 230 231 231 714 714 231 231 235 235 715 715 234 234 233 233 715 715 233 233 716 716 236 236 624 624 237 237 237 237 624 624 716 716 237 237 716 716 232 232 232 232 716 716 233 233 717 717 715 715 718 718 718 718 715 715 716 716 718 718 716 716 719 719 719 719 716 716 624 624 719 719 624 624 623 623 220 220 219 219 720 720 219 219 215 215 720 720 720 720 215 215 721 721 720 720 721 721 722 722 722 722 721 721 723 723 215 215 216 216 721 721 721 721 216 216 217 217 721 721 217 217 724 724 724 724 217 217 218 218 724 724 218 218 725 725 725 725 218 218 223 223 725 725 223 223 224 224 726 726 229 229 727 727 727 727 229 229 228 228 726 726 728 728 729 729 228 228 227 227 727 727 727 727 227 227 730 730 727 727 730 730 726 726 726 726 730 730 731 731 726 726 731 731 728 728 686 686 723 723 687 687 687 687 723 723 721 721 687 687 721 721 732 732 732 732 721 721 724 724 732 732 724 724 729 729 729 729 724 724 725 725 729 729 725 725 726 726 726 726 725 725 224 224 726 726 224 224 229 229 221 221 220 220 653 653 653 653 220 220 720 720 653 653 720 720 654 654 654 654 720 720 722 722 654 654 722 722 626 626 626 626 722 722 723 723 626 626 723 723 627 627 627 627 723 723 686 686 627 627 686 686 660 660 660 660 686 686 685 685 660 660 685 685 620 620 673 673 675 675 733 733 733 733 675 675 697 697 733 733 697 697 734 734 734 734 697 697 698 698 734 734 698 698 735 735 735 735 698 698 736 736 735 735 736 736 737 737 707 707 738 738 706 706 706 706 738 738 739 739 706 706 739 739 691 691 691 691 739 739 740 740 691 691 740 740 741 741 683 683 742 742 743 743 743 743 742 742 744 744 743 743 744 744 717 717 717 717 744 744 714 714 717 717 714 714 715 715 715 715 714 714 235 235 715 715 235 235 234 234 671 671 673 673 696 696 696 696 673 673 733 733 696 696 733 733 707 707 707 707 733 733 734 734 707 707 734 734 738 738 738 738 734 734 735 735 738 738 735 735 739 739 739 739 735 735 737 737 739 739 737 737 740 740 731 731 745 745 728 728 728 728 745 745 746 746 728 728 746 746 729 729 729 729 746 746 741 741 729 729 741 741 732 732 732 732 741 741 740 740 732 732 740 740 687 687 687 687 740 740 737 737 687 687 737 737 685 685 685 685 737 737 736 736 685 685 736 736 620 620 620 620 736 736 698 698 620 620 698 698 621 621 621 621 698 698 648 648 747 747 713 713 748 748 748 748 713 713 637 637 748 748 637 637 749 749 749 749 637 637 639 639 700 700 699 699 750 750 712 712 751 751 702 702 702 702 751 751 750 750 702 702 750 750 703 703 703 703 750 750 699 699 703 703 699 699 708 708 708 708 699 699 701 701 708 708 701 701 709 709 682 682 684 684 752 752 752 752 684 684 753 753 752 752 753 753 688 688 688 688 753 753 754 754 688 688 754 754 689 689 689 689 754 754 755 755 689 689 755 755 710 710 710 710 755 755 666 666 710 710 666 666 632 632 683 683 743 743 684 684 684 684 743 743 717 717 684 684 717 717 753 753 753 753 717 717 718 718 753 753 718 718 754 754 754 754 718 718 719 719 754 754 719 719 755 755 755 755 719 719 623 623 755 755 623 623 666 666 227 227 226 226 730 730 730 730 226 226 225 225 730 730 225 225 731 731 731 731 225 225 714 714 731 731 714 714 745 745 745 745 714 714 744 744 745 745 744 744 746 746 746 746 744 744 742 742 746 746 742 742 741 741 741 741 742 742 683 683 741 741 683 683 691 691 691 691 683 683 682 682 691 691 682 682 692 692 692 692 682 682 752 752 692 692 752 752 705 705 705 705 752 752 688 688 705 705 688 688 704 704 704 704 688 688 690 690 704 704 690 690 702 702 702 702 690 690 713 713 702 702 713 713 711 711 711 711 713 713 747 747 711 711 747 747 756 756 287 287 284 284 757 757 758 758 759 759 760 760 256 256 255 255 761 761 762 762 763 763 764 764 765 765 766 766 767 767 768 768 769 769 770 770 766 766 765 765 771 771 772 772 773 773 774 774 775 775 776 776 777 777 774 774 778 778 779 779 774 774 773 773 778 778 778 778 773 773 780 780 778 778 780 780 775 775 781 781 782 782 783 783 783 783 782 782 784 784 783 783 784 784 785 785 785 785 784 784 786 786 785 785 786 786 787 787 787 787 786 786 788 788 789 789 790 790 791 791 771 771 792 792 766 766 766 766 792 792 793 793 766 766 793 793 767 767 767 767 793 793 794 794 767 767 794 794 795 795 294 294 796 796 295 295 295 295 796 796 797 797 295 295 797 797 286 286 286 286 797 797 285 285 284 284 285 285 757 757 757 757 285 285 797 797 757 757 797 797 763 763 294 294 293 293 796 796 796 796 293 293 292 292 796 796 292 292 798 798 798 798 292 292 291 291 758 758 798 798 799 799 799 799 798 798 291 291 799 799 291 291 290 290 763 763 797 797 764 764 764 764 797 797 796 796 764 764 796 796 800 800 800 800 796 796 798 798 800 800 798 798 801 801 801 801 798 798 758 758 801 801 758 758 802 802 802 802 758 758 760 760 802 802 760 760 803 803 759 759 758 758 804 804 804 804 758 758 799 799 804 804 799 799 761 761 761 761 799 799 290 290 761 761 290 290 256 256 805 805 277 277 276 276 276 276 275 275 805 805 805 805 275 275 781 781 805 805 781 781 806 806 281 281 289 289 807 807 807 807 289 289 288 288 275 275 280 280 781 781 781 781 280 280 279 279 781 781 279 279 782 782 782 782 279 279 283 283 782 782 283 283 808 808 808 808 283 283 282 282 775 775 777 777 778 778 778 778 777 777 809 809 778 778 809 809 779 779 779 779 809 809 810 810 779 779 810 810 806 806 282 282 281 281 808 808 808 808 281 281 807 807 808 808 807 807 782 782 782 782 807 807 811 811 782 782 811 811 784 784 812 812 813 813 814 814 814 814 813 813 792 792 814 814 792 792 815 815 815 815 792 792 771 771 815 815 771 771 791 791 791 791 771 771 765 765 791 791 765 765 789 789 789 789 765 765 788 788 788 788 765 765 787 787 787 787 765 765 767 767 787 787 767 767 785 785 785 785 767 767 795 795 785 785 795 795 816 816 806 806 781 781 779 779 779 779 781 781 783 783 779 779 783 783 774 774 774 774 783 783 785 785 774 774 785 785 772 772 772 772 785 785 816 816 772 772 816 816 817 817 762 762 764 764 818 818 818 818 764 764 800 800 818 818 800 800 819 819 819 819 800 800 801 801 819 819 801 801 820 820 820 820 801 801 802 802 820 820 802 802 770 770 770 770 802 802 803 803 770 770 803 803 768 768 288 288 287 287 807 807 807 807 287 287 757 757 807 807 757 757 811 811 811 811 757 757 763 763 811 811 763 763 784 784 784 784 763 763 762 762 784 784 762 762 786 786 786 786 762 762 818 818 786 786 818 818 788 788 788 788 818 818 819 819 788 788 819 819 789 789 789 789 819 819 820 820 789 789 820 820 790 790 790 790 820 820 770 770 790 790 770 770 791 791 791 791 770 770 769 769 791 791 769 769 815 815 821 821 822 822 823 823 266 266 265 265 824 824 825 825 826 826 827 827 258 258 257 257 828 828 278 278 277 277 805 805 829 829 830 830 831 831 832 832 833 833 834 834 815 815 769 769 835 835 835 835 769 769 768 768 835 835 768 768 836 836 836 836 768 768 803 803 836 836 803 803 760 760 837 837 838 838 839 839 839 839 838 838 840 840 812 812 814 814 840 840 840 840 814 814 815 815 840 840 815 815 839 839 839 839 815 815 835 835 839 839 835 835 841 841 841 841 835 835 836 836 841 841 836 836 842 842 843 843 844 844 845 845 845 845 844 844 846 846 845 845 846 846 847 847 844 844 848 848 849 849 849 849 837 837 844 844 844 844 837 837 839 839 844 844 839 839 846 846 846 846 839 839 841 841 846 846 841 841 847 847 847 847 841 841 842 842 850 850 851 851 852 852 850 850 810 810 851 851 851 851 810 810 809 809 851 851 809 809 777 777 853 853 854 854 270 270 270 270 854 854 268 268 270 270 269 269 853 853 853 853 269 269 274 274 853 853 274 274 855 855 274 274 273 273 855 855 855 855 273 273 272 272 855 855 272 272 856 856 823 823 857 857 858 858 858 858 857 857 859 859 858 858 859 859 860 860 860 860 859 859 861 861 860 860 861 861 862 862 255 255 254 254 863 863 863 863 254 254 253 253 863 863 253 253 260 260 265 265 264 264 824 824 824 824 264 264 261 261 824 824 261 261 864 864 261 261 262 262 864 864 864 864 262 262 263 263 864 864 263 263 854 854 854 854 263 263 267 267 854 854 267 267 268 268 259 259 258 258 827 827 827 827 258 258 828 828 827 827 828 828 825 825 825 825 828 828 822 822 865 865 759 759 866 866 866 866 759 759 804 804 866 866 804 804 863 863 863 863 804 804 761 761 863 863 761 761 255 255 822 822 821 821 825 825 825 825 821 821 867 867 825 825 867 867 826 826 260 260 259 259 863 863 863 863 259 259 827 827 863 863 827 827 866 866 866 866 827 827 826 826 866 866 826 826 865 865 865 865 826 826 867 867 865 865 867 867 868 868 868 868 867 867 821 821 868 868 821 821 869 869 869 869 821 821 823 823 869 869 823 823 870 870 870 870 823 823 858 858 870 870 858 858 871 871 871 871 858 858 860 860 871 871 860 860 872 872 872 872 860 860 862 862 836 836 873 873 842 842 842 842 873 873 874 874 842 842 874 874 847 847 847 847 874 874 875 875 847 847 875 875 845 845 845 845 875 875 876 876 845 845 876 876 843 843 843 843 876 876 852 852 843 843 852 852 834 834 834 834 852 852 851 851 834 834 851 851 832 832 832 832 851 851 877 877 257 257 266 266 828 828 828 828 266 266 824 824 828 828 824 824 822 822 822 822 824 824 864 864 822 822 864 864 823 823 823 823 864 864 854 854 823 823 854 854 857 857 857 857 854 854 853 853 857 857 853 853 859 859 859 859 853 853 855 855 859 859 855 855 861 861 861 861 855 855 856 856 877 877 851 851 878 878 878 878 851 851 777 777 878 878 777 777 776 776 833 833 879 879 834 834 834 834 879 879 829 829 834 834 829 829 843 843 843 843 829 829 831 831 843 843 831 831 844 844 844 844 831 831 880 880 844 844 880 880 848 848 271 271 278 278 881 881 881 881 278 278 805 805 881 881 805 805 850 850 850 850 805 805 806 806 850 850 806 806 810 810 272 272 271 271 856 856 856 856 271 271 881 881 856 856 881 881 861 861 861 861 881 881 850 850 861 861 850 850 862 862 862 862 850 850 852 852 862 862 852 852 872 872 872 872 852 852 876 876 872 872 876 876 871 871 871 871 876 876 875 875 871 871 875 875 870 870 870 870 875 875 874 874 870 870 874 874 869 869 869 869 874 874 873 873 869 869 873 873 868 868 868 868 873 873 836 836 868 868 836 836 865 865 865 865 836 836 760 760 865 865 760 760 759 759 882 882 883 883 884 884 884 884 883 883 885 885 886 886 887 887 888 888 889 889 890 890 891 891 314 314 320 320 892 892 323 323 328 328 893 893 322 322 327 327 894 894 894 894 327 327 326 326 894 894 326 326 325 325 895 895 321 321 322 322 321 321 895 895 317 317 317 317 895 895 896 896 317 317 896 896 318 318 318 318 896 896 897 897 318 318 897 897 319 319 898 898 899 899 889 889 899 899 898 898 900 900 898 898 901 901 900 900 900 900 901 901 902 902 900 900 902 902 903 903 903 903 902 902 904 904 889 889 891 891 898 898 898 898 891 891 905 905 898 898 905 905 901 901 901 901 905 905 906 906 901 901 906 906 907 907 908 908 909 909 907 907 907 907 909 909 910 910 907 907 910 910 901 901 901 901 910 910 911 911 901 901 911 911 902 902 888 888 912 912 913 913 888 888 913 913 914 914 913 913 915 915 914 914 914 914 915 915 916 916 914 914 916 916 917 917 886 886 888 888 918 918 329 329 336 336 919 919 324 324 323 323 882 882 882 882 323 323 893 893 882 882 893 893 883 883 883 883 893 893 920 920 883 883 920 920 885 885 885 885 920 920 921 921 922 922 919 919 923 923 336 336 335 335 919 919 919 919 335 335 334 334 919 919 334 334 923 923 923 923 334 334 333 333 923 923 333 333 332 332 924 924 331 331 925 925 925 925 331 331 330 330 328 328 329 329 893 893 893 893 329 329 919 919 893 893 919 919 920 920 920 920 919 919 922 922 920 920 922 922 921 921 921 921 922 922 926 926 320 320 319 319 892 892 892 892 319 319 897 897 892 892 897 897 927 927 322 322 894 894 895 895 895 895 894 894 928 928 895 895 928 928 896 896 896 896 928 928 929 929 896 896 929 929 897 897 897 897 929 929 930 930 897 897 930 930 927 927 890 890 931 931 932 932 932 932 931 931 933 933 932 932 933 933 934 934 932 932 935 935 936 936 936 936 935 935 937 937 936 936 937 937 938 938 938 938 937 937 884 884 938 938 884 884 939 939 939 939 884 884 885 885 939 939 885 885 940 940 940 940 885 885 921 921 940 940 921 921 941 941 941 941 921 921 926 926 942 942 943 943 944 944 944 944 943 943 945 945 944 944 945 945 946 946 946 946 945 945 947 947 946 946 947 947 948 948 948 948 947 947 949 949 948 948 949 949 950 950 315 315 314 314 951 951 951 951 314 314 892 892 951 951 892 892 934 934 934 934 892 892 927 927 934 934 927 927 932 932 932 932 927 927 930 930 932 932 930 930 935 935 935 935 930 930 929 929 935 935 929 929 937 937 937 937 929 929 928 928 937 937 928 928 884 884 884 884 928 928 894 894 884 884 894 894 882 882 882 882 894 894 325 325 882 882 325 325 324 324 912 912 888 888 952 952 952 952 888 888 887 887 952 952 887 887 953 953 917 917 954 954 943 943 943 943 954 954 955 955 943 943 955 955 956 956 956 956 908 908 943 943 943 943 908 908 907 907 943 943 907 907 945 945 945 945 907 907 906 906 945 945 906 906 947 947 947 947 906 906 905 905 947 947 905 905 949 949 949 949 905 905 891 891 949 949 891 891 950 950 917 917 943 943 914 914 914 914 943 943 942 942 914 914 942 942 888 888 888 888 942 942 957 957 888 888 957 957 918 918 918 918 957 957 958 958 918 918 958 958 924 924 890 890 932 932 891 891 891 891 932 932 936 936 891 891 936 936 950 950 950 950 936 936 938 938 950 950 938 938 948 948 948 948 938 938 939 939 948 948 939 939 946 946 946 946 939 939 940 940 946 946 940 940 944 944 944 944 940 940 941 941 944 944 941 941 942 942 942 942 941 941 926 926 942 942 926 926 957 957 957 957 926 926 922 922 957 957 922 922 958 958 958 958 922 922 923 923 958 958 923 923 924 924 924 924 923 923 332 332 924 924 332 332 331 331 316 316 315 315 951 951 959 959 960 960 961 961 300 300 299 299 962 962 301 301 306 306 963 963 305 305 304 304 964 964 303 303 313 313 965 965 965 965 313 313 312 312 965 965 312 312 966 966 299 299 298 298 962 962 962 962 298 298 297 297 962 962 297 297 967 967 967 967 297 297 296 296 967 967 296 296 302 302 968 968 887 887 886 886 968 968 886 886 969 969 953 953 887 887 970 970 970 970 887 887 968 968 970 970 968 968 971 971 971 971 968 968 972 972 973 973 974 974 975 975 975 975 974 974 976 976 977 977 978 978 979 979 899 899 980 980 889 889 889 889 980 980 890 890 981 981 982 982 983 983 304 304 303 303 964 964 964 964 303 303 965 965 964 964 965 965 960 960 312 312 311 311 966 966 966 966 311 311 307 307 966 966 307 307 984 984 984 984 307 307 308 308 984 984 308 308 309 309 985 985 984 984 986 986 986 986 984 984 309 309 986 986 309 309 310 310 960 960 965 965 961 961 961 961 965 965 966 966 961 961 966 966 987 987 987 987 966 966 984 984 987 987 984 984 988 988 988 988 984 984 985 985 988 988 985 985 989 989 959 959 961 961 990 990 990 990 961 961 987 987 990 990 987 987 991 991 991 991 987 987 988 988 991 991 988 988 992 992 992 992 988 988 989 989 992 992 989 989 980 980 330 330 300 300 925 925 925 925 300 300 962 962 925 925 962 962 924 924 924 924 962 962 969 969 924 924 969 969 918 918 918 918 969 969 886 886 963 963 993 993 994 994 994 994 993 993 995 995 994 994 995 995 996 996 996 996 995 995 997 997 996 996 997 997 998 998 998 998 997 997 999 999 998 998 999 999 972 972 972 972 968 968 998 998 998 998 968 968 969 969 998 998 969 969 996 996 996 996 969 969 962 962 996 996 962 962 994 994 994 994 962 962 967 967 994 994 967 967 963 963 963 963 967 967 302 302 963 963 302 302 301 301 995 995 976 976 997 997 997 997 976 976 974 974 997 997 974 974 1000 1000 1000 1000 974 974 973 973 1000 1000 973 973 983 983 983 983 973 973 1001 1001 983 983 1001 1001 981 981 981 981 1001 1001 1002 1002 975 975 977 977 973 973 973 973 977 977 979 979 973 973 979 979 1001 1001 1001 1001 979 979 900 900 1001 1001 900 900 1002 1002 1002 1002 900 900 903 903 1002 1002 903 903 1003 1003 1003 1003 903 903 904 904 1004 1004 999 999 1005 1005 1005 1005 999 999 997 997 1005 1005 997 997 1006 1006 1006 1006 997 997 1000 1000 1006 1006 1000 1000 1007 1007 1007 1007 1000 1000 983 983 1007 1007 983 983 1008 1008 1008 1008 983 983 982 982 890 890 980 980 931 931 931 931 980 980 989 989 931 931 989 989 933 933 933 933 989 989 985 985 933 933 985 985 934 934 934 934 985 985 986 986 934 934 986 986 951 951 951 951 986 986 310 310 951 951 310 310 316 316 306 306 305 305 963 963 963 963 305 305 964 964 963 963 964 964 993 993 993 993 964 964 960 960 993 993 960 960 995 995 995 995 960 960 959 959 995 995 959 959 976 976 976 976 959 959 990 990 976 976 990 990 975 975 975 975 990 990 991 991 975 975 991 991 977 977 977 977 991 991 992 992 977 977 992 992 978 978 978 978 992 992 980 980 978 978 980 980 979 979 979 979 980 980 899 899 979 979 899 899 900 900 1009 1009 1010 1010 1011 1011 1012 1012 1013 1013 1014 1014 1014 1014 1013 1013 1015 1015 1014 1014 1015 1015 1016 1016 1016 1016 1015 1015 1017 1017 1016 1016 1017 1017 1018 1018 1019 1019 1020 1020 1021 1021 1021 1021 1020 1020 1022 1022 1019 1019 1018 1018 1020 1020 1020 1020 1018 1018 1017 1017 1020 1020 1017 1017 1023 1023 1023 1023 1017 1017 1024 1024 1025 1025 1026 1026 1027 1027 1027 1027 1028 1028 1025 1025 1025 1025 1028 1028 1029 1029 1025 1025 1029 1029 1030 1030 1030 1030 1029 1029 1031 1031 1030 1030 1031 1031 1032 1032 1032 1032 1031 1031 1033 1033 1034 1034 1035 1035 1036 1036 1036 1036 1035 1035 1026 1026 1036 1036 1026 1026 1037 1037 1037 1037 1026 1026 1025 1025 1037 1037 1025 1025 1038 1038 1038 1038 1025 1025 1030 1030 1038 1038 1030 1030 1039 1039 1039 1039 1030 1030 1032 1032 368 368 1040 1040 1041 1041 371 371 1042 1042 366 366 366 366 1042 1042 1040 1040 366 366 1040 1040 367 367 367 367 1040 1040 368 368 1043 1043 1044 1044 1042 1042 1042 1042 1044 1044 1011 1011 1042 1042 1011 1011 1040 1040 1040 1040 1011 1011 1010 1010 1040 1040 1010 1010 1041 1041 371 371 372 372 1042 1042 1042 1042 372 372 375 375 1042 1042 375 375 1043 1043 1043 1043 375 375 374 374 1043 1043 374 374 373 373 373 373 344 344 1043 1043 1043 1043 344 344 343 343 1043 1043 343 343 1045 1045 1045 1045 343 343 345 345 361 361 360 360 1046 1046 1046 1046 360 360 1047 1047 1046 1046 1047 1047 1048 1048 359 359 358 358 1049 1049 1049 1049 358 358 362 362 1049 1049 362 362 1050 1050 363 363 364 364 1051 1051 365 365 370 370 1041 1041 1041 1041 370 370 369 369 1041 1041 369 369 368 368 360 360 359 359 1047 1047 1047 1047 359 359 1049 1049 1047 1047 1049 1049 1052 1052 1052 1052 1049 1049 1050 1050 1052 1052 1050 1050 1053 1053 1054 1054 1055 1055 1056 1056 1056 1056 1055 1055 1057 1057 1056 1056 1057 1057 1058 1058 1058 1058 1057 1057 1059 1059 1058 1058 1059 1059 1060 1060 1060 1060 1059 1059 1061 1061 1060 1060 1061 1061 1012 1012 1062 1062 1061 1061 1063 1063 1063 1063 1061 1061 1059 1059 1063 1063 1059 1059 1053 1053 1053 1053 1059 1059 1057 1057 1053 1053 1057 1057 1052 1052 1052 1052 1057 1057 1055 1055 1052 1052 1055 1055 1047 1047 1047 1047 1055 1055 1054 1054 1047 1047 1054 1054 1048 1048 1064 1064 1065 1065 1035 1035 1035 1035 1065 1065 1066 1066 1035 1035 1066 1066 1026 1026 1026 1026 1066 1066 1067 1067 1026 1026 1067 1067 1027 1027 1012 1012 1061 1061 1013 1013 1013 1013 1061 1061 1062 1062 1013 1013 1062 1062 1015 1015 1015 1015 1062 1062 1068 1068 1015 1015 1068 1068 1017 1017 1017 1017 1068 1068 1069 1069 1017 1017 1069 1069 1024 1024 1024 1024 1069 1069 1070 1070 1024 1024 1070 1070 1071 1071 362 362 363 363 1050 1050 1050 1050 363 363 1051 1051 1050 1050 1051 1051 1053 1053 1053 1053 1051 1051 1072 1072 1053 1053 1072 1072 1063 1063 1063 1063 1072 1072 1073 1073 1063 1063 1073 1073 1062 1062 1062 1062 1073 1073 1074 1074 1062 1062 1074 1074 1068 1068 1068 1068 1074 1074 1075 1075 1068 1068 1075 1075 1069 1069 1069 1069 1075 1075 1076 1076 1069 1069 1076 1076 1070 1070 1070 1070 1076 1076 1077 1077 1045 1045 1034 1034 1043 1043 1043 1043 1034 1034 1036 1036 1043 1043 1036 1036 1044 1044 1044 1044 1036 1036 1037 1037 1044 1044 1037 1037 1011 1011 1011 1011 1037 1037 1038 1038 1011 1011 1038 1038 1009 1009 1009 1009 1038 1038 1039 1039 364 364 365 365 1051 1051 1051 1051 365 365 1041 1041 1051 1051 1041 1041 1072 1072 1072 1072 1041 1041 1010 1010 1072 1072 1010 1010 1073 1073 1073 1073 1010 1010 1009 1009 1073 1073 1009 1009 1074 1074 1074 1074 1009 1009 1039 1039 1074 1074 1039 1039 1075 1075 1075 1075 1039 1039 1032 1032 1075 1075 1032 1032 1076 1076 1076 1076 1032 1032 1033 1033 1076 1076 1033 1033 1077 1077 1078 1078 1079 1079 1080 1080 1081 1081 1082 1082 1083 1083 1084 1084 1085 1085 1086 1086 340 340 339 339 1087 1087 361 361 1046 1046 354 354 356 356 355 355 1088 1088 1088 1088 355 355 352 352 1089 1089 347 347 1090 1090 1090 1090 347 347 351 351 350 350 349 349 1089 1089 1089 1089 349 349 348 348 1089 1089 348 348 347 347 341 341 1091 1091 342 342 342 342 1091 1091 1092 1092 342 342 1092 1092 345 345 1093 1093 1094 1094 1095 1095 1096 1096 1097 1097 1098 1098 1098 1098 1097 1097 1093 1093 1094 1094 1093 1093 1099 1099 1099 1099 1093 1093 1097 1097 1099 1099 1097 1097 1100 1100 1101 1101 1012 1012 1102 1102 1102 1102 1012 1012 1014 1014 1014 1014 1016 1016 1102 1102 1102 1102 1016 1016 1018 1018 1102 1102 1018 1018 1103 1103 1081 1081 1104 1104 1105 1105 1105 1105 1104 1104 1106 1106 1105 1105 1106 1106 1107 1107 1107 1107 1106 1106 1108 1108 1107 1107 1108 1108 1109 1109 1109 1109 1108 1108 1110 1110 1109 1109 1110 1110 1090 1090 1090 1090 1110 1110 1111 1111 1090 1090 1111 1111 1089 1089 1112 1112 1113 1113 1086 1086 1086 1086 1113 1113 1114 1114 1086 1086 1114 1114 1084 1084 1115 1115 1088 1088 1116 1116 1116 1116 1088 1088 352 352 1116 1116 352 352 353 353 357 357 356 356 1117 1117 1117 1117 356 356 1088 1088 1117 1117 1088 1088 1118 1118 1118 1118 1088 1088 1115 1115 1118 1118 1115 1115 1119 1119 1119 1119 1115 1115 1054 1054 351 351 338 338 1090 1090 1090 1090 338 338 1120 1120 1090 1090 1120 1120 1109 1109 1109 1109 1120 1120 1121 1121 1109 1109 1121 1121 1107 1107 1107 1107 1121 1121 1122 1122 1107 1107 1122 1122 1105 1105 1105 1105 1122 1122 1123 1123 1105 1105 1123 1123 1081 1081 1054 1054 1115 1115 1048 1048 1048 1048 1115 1115 1116 1116 1048 1048 1116 1116 1046 1046 1046 1046 1116 1116 353 353 1046 1046 353 353 354 354 1081 1081 1083 1083 1104 1104 1104 1104 1083 1083 1084 1084 1104 1104 1084 1084 1106 1106 1106 1106 1084 1084 1114 1114 1106 1106 1114 1114 1108 1108 1108 1108 1114 1114 1113 1113 1108 1108 1113 1113 1110 1110 1110 1110 1113 1113 1112 1112 1110 1110 1112 1112 1111 1111 345 345 1092 1092 1045 1045 1045 1045 1092 1092 1098 1098 1045 1045 1098 1098 1034 1034 1034 1034 1098 1098 1093 1093 1034 1034 1093 1093 1035 1035 1035 1035 1093 1093 1095 1095 1035 1035 1095 1095 1064 1064 346 346 340 340 1124 1124 1124 1124 340 340 1087 1087 1124 1124 1087 1087 1125 1125 1125 1125 1087 1087 1126 1126 1125 1125 1126 1126 1127 1127 1127 1127 1126 1126 1128 1128 341 341 346 346 1091 1091 1091 1091 346 346 1124 1124 1091 1091 1124 1124 1092 1092 1092 1092 1124 1124 1125 1125 1092 1092 1125 1125 1098 1098 1098 1098 1125 1125 1127 1127 1098 1098 1127 1127 1096 1096 1096 1096 1127 1127 1128 1128 1022 1022 1129 1129 1021 1021 1021 1021 1129 1129 1130 1130 1021 1021 1130 1130 1019 1019 1019 1019 1130 1130 1018 1018 1129 1129 1131 1131 1130 1130 1130 1130 1131 1131 1132 1132 1130 1130 1132 1132 1078 1078 1078 1078 1132 1132 1133 1133 1078 1078 1133 1133 1079 1079 1134 1134 1100 1100 1135 1135 1135 1135 1100 1100 1097 1097 1135 1135 1097 1097 1136 1136 1136 1136 1097 1097 1096 1096 1136 1136 1096 1096 1137 1137 1137 1137 1096 1096 1128 1128 1018 1018 1130 1130 1103 1103 1103 1103 1130 1130 1078 1078 1103 1103 1078 1078 1138 1138 1138 1138 1078 1078 1080 1080 1138 1138 1080 1080 1139 1139 1139 1139 1080 1080 1140 1140 1139 1139 1140 1140 1136 1136 1136 1136 1140 1140 1141 1141 1136 1136 1141 1141 1135 1135 1054 1054 1056 1056 1119 1119 1119 1119 1056 1056 1058 1058 1119 1119 1058 1058 1060 1060 337 337 357 357 1142 1142 1142 1142 357 357 1117 1117 1142 1142 1117 1117 1143 1143 1143 1143 1117 1117 1118 1118 1143 1143 1118 1118 1144 1144 1144 1144 1118 1118 1119 1119 1144 1144 1119 1119 1101 1101 1101 1101 1119 1119 1060 1060 1101 1101 1060 1060 1012 1012 338 338 337 337 1120 1120 1120 1120 337 337 1142 1142 1120 1120 1142 1142 1121 1121 1121 1121 1142 1142 1143 1143 1121 1121 1143 1143 1122 1122 1122 1122 1143 1143 1144 1144 1122 1122 1144 1144 1123 1123 1123 1123 1144 1144 1101 1101 1123 1123 1101 1101 1081 1081 1081 1081 1101 1101 1102 1102 1081 1081 1102 1102 1082 1082 1082 1082 1102 1102 1103 1103 1082 1082 1103 1103 1083 1083 1083 1083 1103 1103 1138 1138 1083 1083 1138 1138 1084 1084 1084 1084 1138 1138 1139 1139 1084 1084 1139 1139 1085 1085 1085 1085 1139 1139 1136 1136 1085 1085 1136 1136 1086 1086 1086 1086 1136 1136 1137 1137 1086 1086 1137 1137 1112 1112 1112 1112 1137 1137 1128 1128 1112 1112 1128 1128 1111 1111 1111 1111 1128 1128 1126 1126 1111 1111 1126 1126 1089 1089 1089 1089 1126 1126 1087 1087 1089 1089 1087 1087 350 350 350 350 1087 1087 339 339 1145 1145 1146 1146 1147 1147 1148 1148 1149 1149 1150 1150 1151 1151 1152 1152 1150 1150 1153 1153 1154 1154 1155 1155 1156 1156 1157 1157 1158 1158 1159 1159 1160 1160 1161 1161 1162 1162 1163 1163 1164 1164 1165 1165 1166 1166 1167 1167 529 529 1168 1168 530 530 536 536 535 535 1169 1169 406 406 1170 1170 405 405 381 381 382 382 1171 1171 407 407 409 409 1172 1172 1172 1172 409 409 408 408 414 414 1172 1172 413 413 413 413 1172 1172 408 408 413 413 408 408 412 412 412 412 408 408 411 411 412 412 411 411 410 410 392 392 393 393 394 394 1171 1171 382 382 1173 1173 379 379 380 380 394 394 394 394 380 380 381 381 394 394 381 381 392 392 392 392 381 381 1171 1171 392 392 1171 1171 391 391 418 418 395 395 1174 1174 382 382 383 383 1173 1173 1173 1173 383 383 384 384 1173 1173 384 384 1175 1175 1175 1175 384 384 385 385 1175 1175 385 385 1176 1176 1176 1176 385 385 386 386 1176 1176 386 386 387 387 394 394 377 377 379 379 379 379 377 377 378 378 378 378 377 377 376 376 429 429 428 428 1177 1177 1177 1177 428 428 430 430 1177 1177 430 430 431 431 432 432 433 433 404 404 404 404 433 433 402 402 402 402 433 433 434 434 402 402 434 434 401 401 434 434 435 435 401 401 401 401 435 435 1178 1178 401 401 1178 1178 400 400 400 400 1178 1178 1174 1174 400 400 1174 1174 398 398 398 398 1174 1174 395 395 398 398 395 395 399 399 399 399 395 395 396 396 399 399 396 396 397 397 419 419 420 420 427 427 427 427 420 420 426 426 1179 1179 1180 1180 1181 1181 1181 1181 1180 1180 441 441 426 426 420 420 421 421 426 426 421 421 425 425 421 421 422 422 425 425 425 425 422 422 423 423 425 425 423 423 424 424 437 437 438 438 1179 1179 1179 1179 438 438 439 439 1179 1179 439 439 1180 1180 1180 1180 439 439 440 440 1180 1180 440 440 441 441 464 464 465 465 1182 1182 445 445 446 446 1173 1173 1173 1173 446 446 447 447 1173 1173 447 447 450 450 455 455 454 454 1171 1171 450 450 449 449 1173 1173 1173 1173 449 449 448 448 1173 1173 448 448 1171 1171 1171 1171 448 448 456 456 1171 1171 456 456 455 455 454 454 453 453 1171 1171 1171 1171 453 453 452 452 1171 1171 452 452 451 451 457 457 458 458 1183 1183 1183 1183 458 458 459 459 1183 1183 459 459 460 460 460 460 461 461 1183 1183 1183 1183 461 461 462 462 1183 1183 462 462 1182 1182 1182 1182 462 462 463 463 1182 1182 463 463 464 464 469 469 473 473 474 474 467 467 472 472 468 468 468 468 472 472 471 471 468 468 471 471 470 470 476 476 478 478 466 466 470 470 469 469 468 468 468 468 469 469 474 474 468 468 474 474 466 466 466 466 474 474 475 475 466 466 475 475 476 476 478 478 479 479 466 466 466 466 479 479 477 477 466 466 477 477 480 480 445 445 1173 1173 444 444 444 444 1173 1173 1175 1175 444 444 1175 1175 442 442 442 442 1175 1175 1176 1176 442 442 1176 1176 443 443 443 443 1176 1176 1184 1184 443 443 1184 1184 481 481 481 481 1184 1184 1185 1185 481 481 1185 1185 482 482 482 482 1185 1185 1182 1182 482 482 1182 1182 480 480 480 480 1182 1182 465 465 480 480 465 465 466 466 484 484 483 483 1186 1186 506 506 507 507 1187 1187 1187 1187 507 507 508 508 1187 1187 508 508 511 511 511 511 510 510 1187 1187 1187 1187 510 510 509 509 1187 1187 509 509 484 484 483 483 517 517 1186 1186 1186 1186 517 517 516 516 1186 1186 516 516 515 515 1188 1188 502 502 505 505 1189 1189 1190 1190 503 503 1190 1190 1191 1191 1192 1192 1192 1192 499 499 1190 1190 1190 1190 499 499 504 504 1190 1190 504 504 503 503 1193 1193 1194 1194 1195 1195 1195 1195 1194 1194 494 494 494 494 493 493 1195 1195 1195 1195 493 493 492 492 1195 1195 492 492 1196 1196 1196 1196 492 492 491 491 1196 1196 491 491 490 490 490 490 498 498 1196 1196 1196 1196 498 498 497 497 1196 1196 497 497 496 496 496 496 495 495 1196 1196 1196 1196 495 495 501 501 1196 1196 501 501 1192 1192 1192 1192 501 501 500 500 1192 1192 500 500 499 499 487 487 489 489 1194 1194 514 514 513 513 1197 1197 1197 1197 513 513 512 512 1197 1197 512 512 488 488 489 489 486 486 1194 1194 1194 1194 486 486 485 485 1194 1194 485 485 494 494 530 530 1168 1168 547 547 547 547 1168 1168 1198 1198 547 547 1198 1198 548 548 1199 1199 518 518 552 552 549 549 1200 1200 550 550 550 550 1200 1200 1199 1199 550 550 1199 1199 551 551 551 551 1199 1199 552 552 540 540 544 544 1201 1201 1201 1201 544 544 543 543 1201 1201 543 543 542 542 542 542 523 523 1201 1201 1201 1201 523 523 522 522 1201 1201 522 522 1202 1202 1202 1202 522 522 545 545 1202 1202 545 545 521 521 521 521 520 520 1202 1202 1202 1202 520 520 546 546 1202 1202 546 546 519 519 535 535 534 534 1169 1169 1169 1169 534 534 533 533 1169 1169 533 533 537 537 1203 1203 538 538 539 539 1203 1203 539 539 541 541 528 528 527 527 1204 1204 1204 1204 527 527 524 524 1204 1204 524 524 525 525 525 525 526 526 1204 1204 1204 1204 526 526 531 531 1204 1204 531 531 1205 1205 1205 1205 531 531 532 532 583 583 1206 1206 578 578 578 578 1206 1206 1207 1207 578 578 1207 1207 579 579 583 583 582 582 1206 1206 1206 1206 582 582 586 586 1206 1206 586 586 585 585 557 557 558 558 1208 1208 585 585 584 584 1206 1206 1206 1206 584 584 555 555 1206 1206 555 555 1208 1208 1208 1208 555 555 556 556 1208 1208 556 556 557 557 558 558 564 564 1208 1208 1208 1208 564 564 563 563 1208 1208 563 563 562 562 570 570 575 575 1209 1209 1209 1209 575 575 574 574 1209 1209 574 574 577 577 577 577 576 576 1209 1209 1209 1209 576 576 581 581 1209 1209 581 581 1207 1207 1207 1207 581 581 580 580 1207 1207 580 580 579 579 1210 1210 572 572 1209 1209 1209 1209 572 572 571 571 1209 1209 571 571 570 570 561 561 1211 1211 560 560 560 560 1211 1211 559 559 561 561 567 567 1212 1212 1212 1212 567 567 566 566 566 566 565 565 1212 1212 1212 1212 565 565 554 554 1212 1212 554 554 553 553 553 553 569 569 1212 1212 1212 1212 569 569 568 568 1212 1212 568 568 1210 1210 1210 1210 568 568 573 573 1210 1210 573 573 572 572 618 618 617 617 1161 1161 606 606 605 605 1213 1213 1213 1213 605 605 604 604 1213 1213 604 604 611 611 611 611 610 610 1214 1214 610 610 609 609 1214 1214 1214 1214 609 609 608 608 1214 1214 608 608 615 615 615 615 614 614 1214 1214 1214 1214 614 614 613 613 1214 1214 613 613 612 612 596 596 1215 1215 597 597 597 597 1215 1215 592 592 596 596 599 599 1215 1215 1215 1215 599 599 598 598 1215 1215 598 598 1216 1216 1216 1216 598 598 603 603 1216 1216 603 603 602 602 602 602 601 601 1216 1216 1216 1216 601 601 600 600 1216 1216 600 600 607 607 1161 1161 617 617 1217 1217 1217 1217 617 617 616 616 1217 1217 616 616 589 589 589 589 588 588 1217 1217 1217 1217 588 588 587 587 1217 1217 587 587 591 591 591 591 590 590 1217 1217 1217 1217 590 590 595 595 1217 1217 595 595 1218 1218 1218 1218 595 595 594 594 1218 1218 594 594 593 593 1219 1219 1220 1220 1221 1221 1222 1222 1223 1223 1167 1167 1167 1167 1223 1223 1224 1224 1167 1167 1224 1224 1165 1165 1225 1225 1226 1226 1227 1227 1227 1227 1226 1226 1228 1228 1227 1227 1228 1228 1229 1229 1230 1230 1231 1231 1225 1225 1225 1225 1231 1231 1232 1232 1225 1225 1232 1232 1226 1226 1233 1233 1234 1234 1210 1210 1210 1210 1234 1234 1235 1235 1210 1210 1235 1235 1236 1236 1237 1237 1238 1238 1239 1239 1237 1237 1239 1239 1240 1240 1241 1241 1242 1242 1243 1243 1243 1243 1242 1242 1244 1244 1243 1243 1244 1244 1245 1245 1246 1246 1247 1247 1248 1248 1248 1248 1247 1247 1249 1249 1250 1250 1251 1251 1252 1252 1250 1250 1252 1252 1253 1253 1253 1253 1252 1252 1254 1254 1253 1253 1254 1254 1255 1255 1256 1256 1257 1257 1258 1258 1259 1259 1260 1260 1261 1261 1261 1261 1260 1260 1262 1262 1261 1261 1262 1262 1258 1258 1258 1258 1262 1262 1263 1263 1258 1258 1263 1263 1256 1256 1264 1264 1265 1265 1266 1266 1266 1266 1265 1265 1267 1267 1266 1266 1267 1267 1268 1268 1269 1269 1270 1270 1264 1264 1264 1264 1270 1270 1271 1271 1264 1264 1271 1271 1265 1265 1272 1272 1273 1273 1274 1274 1274 1274 1273 1273 1275 1275 1276 1276 1277 1277 1278 1278 1279 1279 1280 1280 1281 1281 1281 1281 1280 1280 1282 1282 1162 1162 1164 1164 1283 1283 1284 1284 1285 1285 1286 1286 1286 1286 1285 1285 1287 1287 1288 1288 1289 1289 1290 1290 1290 1290 1289 1289 1284 1284 1291 1291 1292 1292 1293 1293 1293 1293 1292 1292 1294 1294 1293 1293 1294 1294 1295 1295 1296 1296 1297 1297 1298 1298 1298 1298 1297 1297 1299 1299 1299 1299 1297 1297 1300 1300 1300 1300 1297 1297 1301 1301 1300 1300 1301 1301 1302 1302 1302 1302 1303 1303 1304 1304 1304 1304 1303 1303 1305 1305 1305 1305 1303 1303 1306 1306 1306 1306 1303 1303 1307 1307 1306 1306 1307 1307 1308 1308 1309 1309 1310 1310 1311 1311 1311 1311 1312 1312 1309 1309 1309 1309 1312 1312 1313 1313 1309 1309 1313 1313 1314 1314 1310 1310 1309 1309 1315 1315 1315 1315 1309 1309 1316 1316 1315 1315 1316 1316 1317 1317 1318 1318 1319 1319 1320 1320 1320 1320 1319 1319 1321 1321 1322 1322 1323 1323 1324 1324 1324 1324 1325 1325 1322 1322 1322 1322 1325 1325 1326 1326 1322 1322 1326 1326 1319 1319 1319 1319 1326 1326 1327 1327 1319 1319 1327 1327 1321 1321 619 619 618 618 1323 1323 1323 1323 618 618 1161 1161 1323 1323 1161 1161 1324 1324 1324 1324 1161 1161 1160 1160 1157 1157 1328 1328 1329 1329 1329 1329 1328 1328 1330 1330 1329 1329 1330 1330 1331 1331 1331 1331 1330 1330 1332 1332 1331 1331 1332 1332 1333 1333 1156 1156 1158 1158 1334 1334 1335 1335 1336 1336 1155 1155 1155 1155 1336 1336 1337 1337 1155 1155 1337 1337 1153 1153 1149 1149 1338 1338 1150 1150 1150 1150 1338 1338 1339 1339 1150 1150 1339 1339 1151 1151 1148 1148 1150 1150 1340 1340 1340 1340 1150 1150 1200 1200 1340 1340 1200 1200 1198 1198 1198 1198 1200 1200 549 549 1198 1198 549 549 548 548 1341 1341 1342 1342 1198 1198 1198 1198 1342 1342 1343 1343 1198 1198 1343 1343 1340 1340 1341 1341 1198 1198 1344 1344 1344 1344 1198 1198 1168 1168 1344 1344 1168 1168 1204 1204 1204 1204 1168 1168 529 529 1204 1204 529 529 528 528 1345 1345 1346 1346 1204 1204 1204 1204 1346 1346 1347 1347 1204 1204 1347 1347 1344 1344 1348 1348 1349 1349 1205 1205 1205 1205 1349 1349 1350 1350 1205 1205 1350 1350 1204 1204 1204 1204 1350 1350 1351 1351 1204 1204 1351 1351 1345 1345 1352 1352 1353 1353 1354 1354 1354 1354 1353 1353 1355 1355 1354 1354 1355 1355 1356 1356 1357 1357 1358 1358 1359 1359 1359 1359 1358 1358 1360 1360 1361 1361 1362 1362 1363 1363 1364 1364 1365 1365 1361 1361 1361 1361 1365 1365 1366 1366 1361 1361 1366 1366 1362 1362 1367 1367 1368 1368 1195 1195 1195 1195 1368 1368 1369 1369 1192 1192 1370 1370 1196 1196 1196 1196 1370 1370 1371 1371 1196 1196 1371 1371 1195 1195 1195 1195 1371 1371 1372 1372 1195 1195 1372 1372 1367 1367 1373 1373 1374 1374 1190 1190 1190 1190 1374 1374 1375 1375 1190 1190 1375 1375 1191 1191 1376 1376 1377 1377 1378 1378 1378 1378 1377 1377 1379 1379 1380 1380 1381 1381 1382 1382 1382 1382 1381 1381 1383 1383 1382 1382 1383 1383 1221 1221 1384 1384 1385 1385 1378 1378 1378 1378 1385 1385 1386 1386 1378 1378 1386 1386 1376 1376 1373 1373 1190 1190 1379 1379 1379 1379 1190 1190 1189 1189 1379 1379 1189 1189 1378 1378 1378 1378 1189 1189 1387 1387 1378 1378 1387 1387 1384 1384 1221 1221 1220 1220 1382 1382 1382 1382 1220 1220 1388 1388 1382 1382 1388 1388 1380 1380 1244 1244 1240 1240 1245 1245 1245 1245 1240 1240 1239 1239 1245 1245 1239 1239 1243 1243 1243 1243 1239 1239 1389 1389 1243 1243 1389 1389 1390 1390 1390 1390 1389 1389 1391 1391 1390 1390 1391 1391 1392 1392 1268 1268 1259 1259 1266 1266 1266 1266 1259 1259 1261 1261 1266 1266 1261 1261 1393 1393 1393 1393 1261 1261 1258 1258 1393 1393 1258 1258 1394 1394 1275 1275 1269 1269 1274 1274 1274 1274 1269 1269 1264 1264 1274 1274 1264 1264 1395 1395 1395 1395 1264 1264 1266 1266 1395 1395 1266 1266 1396 1396 1396 1396 1266 1266 1393 1393 1396 1396 1393 1393 1397 1397 1397 1397 1393 1393 1394 1394 1397 1397 1394 1394 1398 1398 1278 1278 1272 1272 1276 1276 1276 1276 1272 1272 1274 1274 1276 1276 1274 1274 1399 1399 1399 1399 1274 1274 1395 1395 1399 1399 1395 1395 1400 1400 1400 1400 1395 1395 1396 1396 1400 1400 1396 1396 1401 1401 1401 1401 1396 1396 1397 1397 1401 1401 1397 1397 1402 1402 1402 1402 1397 1397 1398 1398 1402 1402 1398 1398 1403 1403 1163 1163 1277 1277 1164 1164 1164 1164 1277 1277 1276 1276 1164 1164 1276 1276 1404 1404 1404 1404 1276 1276 1399 1399 1404 1404 1399 1399 1405 1405 1405 1405 1399 1399 1400 1400 1405 1405 1400 1400 1406 1406 1406 1406 1400 1400 1401 1401 1406 1406 1401 1401 1407 1407 1407 1407 1401 1401 1402 1402 1407 1407 1402 1402 1408 1408 1408 1408 1402 1402 1403 1403 1408 1408 1403 1403 1409 1409 427 427 429 429 419 419 419 419 429 429 1177 1177 419 419 1177 1177 441 441 441 441 1177 1177 1145 1145 441 441 1145 1145 1181 1181 1181 1181 1145 1145 1147 1147 1287 1287 1279 1279 1286 1286 1286 1286 1279 1279 1281 1281 1286 1286 1281 1281 1410 1410 1410 1410 1281 1281 1411 1411 1410 1410 1411 1411 1412 1412 1412 1412 1411 1411 1413 1413 1412 1412 1413 1413 1414 1414 1414 1414 1413 1413 1415 1415 1414 1414 1415 1415 1416 1416 1416 1416 1415 1415 1417 1417 1416 1416 1417 1417 1147 1147 1147 1147 1417 1417 1418 1418 1147 1147 1418 1418 1181 1181 1419 1419 1203 1203 1201 1201 1201 1201 1203 1203 541 541 1201 1201 541 541 540 540 1420 1420 1171 1171 1183 1183 1183 1183 1171 1171 451 451 1183 1183 451 451 457 457 1174 1174 1176 1176 418 418 418 418 1176 1176 387 387 418 418 387 387 417 417 417 417 387 387 388 388 417 417 388 388 416 416 416 416 388 388 389 389 416 416 389 389 415 415 415 415 389 389 390 390 415 415 390 390 414 414 414 414 390 390 391 391 414 414 391 391 1172 1172 1172 1172 391 391 1171 1171 1172 1172 1171 1171 1421 1421 1421 1421 1171 1171 1420 1420 1421 1421 1420 1420 1422 1422 403 403 405 405 404 404 404 404 405 405 1170 1170 404 404 1170 1170 432 432 432 432 1170 1170 406 406 432 432 406 406 431 431 431 431 406 406 407 407 431 431 407 407 1177 1177 1177 1177 407 407 1172 1172 1177 1177 1172 1172 1423 1423 1423 1423 1172 1172 1421 1421 1423 1423 1421 1421 1424 1424 1424 1424 1421 1421 1422 1422 1424 1424 1422 1422 1425 1425 1152 1152 1426 1426 1150 1150 1150 1150 1426 1426 1427 1427 1150 1150 1427 1427 1200 1200 1200 1200 1427 1427 1202 1202 1200 1200 1202 1202 1199 1199 1199 1199 1202 1202 519 519 1199 1199 519 519 518 518 1428 1428 1419 1419 1429 1429 1429 1429 1419 1419 1201 1201 1429 1429 1201 1201 1430 1430 1430 1430 1201 1201 1202 1202 1430 1430 1202 1202 1431 1431 1431 1431 1202 1202 1427 1427 1431 1431 1427 1427 1432 1432 1432 1432 1427 1427 1426 1426 1432 1432 1426 1426 1335 1335 1335 1335 1426 1426 1152 1152 1335 1335 1152 1152 1336 1336 1146 1146 1145 1145 1433 1433 1433 1433 1145 1145 1177 1177 1433 1433 1177 1177 1434 1434 1434 1434 1177 1177 1423 1423 1434 1434 1423 1423 1435 1435 1435 1435 1423 1423 1424 1424 1435 1435 1424 1424 1436 1436 1436 1436 1424 1424 1425 1425 1436 1436 1425 1425 1437 1437 1284 1284 1286 1286 1290 1290 1290 1290 1286 1286 1410 1410 1290 1290 1410 1410 1438 1438 1438 1438 1410 1410 1412 1412 1438 1438 1412 1412 1439 1439 1439 1439 1412 1412 1414 1414 1439 1439 1414 1414 1440 1440 1440 1440 1414 1414 1416 1416 1440 1440 1416 1416 1441 1441 1441 1441 1416 1416 1147 1147 1441 1441 1147 1147 1442 1442 1442 1442 1147 1147 1146 1146 1442 1442 1146 1146 1443 1443 1443 1443 1146 1146 1433 1433 1443 1443 1433 1433 1444 1444 1444 1444 1433 1433 1434 1434 1444 1444 1434 1434 1445 1445 1445 1445 1434 1434 1435 1435 1445 1445 1435 1435 1446 1446 1446 1446 1435 1435 1436 1436 1446 1446 1436 1436 1447 1447 1447 1447 1436 1436 1437 1437 1447 1447 1437 1437 1448 1448 1333 1333 1159 1159 1331 1331 1331 1331 1159 1159 1161 1161 1331 1331 1161 1161 1329 1329 1329 1329 1161 1161 1217 1217 1329 1329 1217 1217 1449 1449 1449 1449 1217 1217 1218 1218 1449 1449 1218 1218 1215 1215 1215 1215 1218 1218 593 593 1215 1215 593 593 592 592 1157 1157 1329 1329 1158 1158 1158 1158 1329 1329 1449 1449 1158 1158 1449 1449 1450 1450 1450 1450 1449 1449 1215 1215 1450 1450 1215 1215 1451 1451 1451 1451 1215 1215 1216 1216 1451 1451 1216 1216 1452 1452 1452 1452 1216 1216 1453 1453 1452 1452 1453 1453 1454 1454 1454 1454 1453 1453 1455 1455 1454 1454 1455 1455 1456 1456 1456 1456 1455 1455 1457 1457 1456 1456 1457 1457 1458 1458 1458 1458 1457 1457 1459 1459 1458 1458 1459 1459 1460 1460 1460 1460 1459 1459 1461 1461 1460 1460 1461 1461 1462 1462 1462 1462 1461 1461 1301 1301 1462 1462 1301 1301 1463 1463 1463 1463 1301 1301 1297 1297 1463 1463 1297 1297 1293 1293 1293 1293 1297 1297 1296 1296 1293 1293 1296 1296 1291 1291 611 611 1214 1214 1213 1213 1213 1213 1214 1214 1464 1464 1213 1213 1464 1464 1465 1465 1465 1465 1464 1464 1466 1466 1465 1465 1466 1466 1467 1467 1467 1467 1466 1466 1316 1316 1467 1467 1316 1316 1468 1468 1468 1468 1316 1316 1309 1309 1468 1468 1309 1309 1469 1469 1469 1469 1309 1309 1314 1314 1469 1469 1314 1314 1307 1307 1307 1307 1314 1314 1470 1470 1307 1307 1470 1470 1308 1308 1317 1317 1316 1316 1318 1318 1318 1318 1316 1316 1466 1466 1318 1318 1466 1466 1319 1319 1319 1319 1466 1466 1464 1464 1319 1319 1464 1464 1322 1322 1322 1322 1464 1464 1214 1214 1322 1322 1214 1214 1323 1323 1323 1323 1214 1214 612 612 1323 1323 612 612 619 619 1302 1302 1301 1301 1303 1303 1303 1303 1301 1301 1461 1461 1303 1303 1461 1461 1307 1307 1307 1307 1461 1461 1459 1459 1307 1307 1459 1459 1469 1469 1469 1469 1459 1459 1457 1457 1469 1469 1457 1457 1468 1468 1468 1468 1457 1457 1455 1455 1468 1468 1455 1455 1467 1467 1467 1467 1455 1455 1453 1453 1467 1467 1453 1453 1465 1465 1465 1465 1453 1453 1216 1216 1465 1465 1216 1216 1213 1213 1213 1213 1216 1216 607 607 1213 1213 607 607 606 606 1471 1471 1334 1334 1448 1448 1448 1448 1334 1334 1158 1158 1448 1448 1158 1158 1447 1447 1447 1447 1158 1158 1450 1450 1447 1447 1450 1450 1446 1446 1446 1446 1450 1450 1451 1451 1446 1446 1451 1451 1445 1445 1445 1445 1451 1451 1452 1452 1445 1445 1452 1452 1444 1444 1444 1444 1452 1452 1454 1454 1444 1444 1454 1454 1443 1443 1443 1443 1454 1454 1456 1456 1443 1443 1456 1456 1442 1442 1442 1442 1456 1456 1458 1458 1442 1442 1458 1458 1441 1441 1441 1441 1458 1458 1460 1460 1441 1441 1460 1460 1440 1440 1440 1440 1460 1460 1462 1462 1440 1440 1462 1462 1439 1439 1439 1439 1462 1462 1463 1463 1439 1439 1463 1463 1438 1438 1438 1438 1463 1463 1293 1293 1438 1438 1293 1293 1290 1290 1290 1290 1293 1293 1295 1295 1290 1290 1295 1295 1288 1288 1381 1381 1384 1384 1383 1383 1383 1383 1384 1384 1387 1387 1383 1383 1387 1387 1472 1472 1472 1472 1387 1387 1189 1189 1472 1472 1189 1189 1188 1188 1188 1188 1189 1189 503 503 1188 1188 503 503 502 502 1236 1236 1230 1230 1210 1210 1210 1210 1230 1230 1225 1225 1210 1210 1225 1225 1212 1212 1212 1212 1225 1225 1227 1227 1212 1212 1227 1227 1473 1473 1473 1473 1227 1227 1229 1229 1473 1473 1229 1229 1474 1474 561 561 1212 1212 1211 1211 1211 1211 1212 1212 1473 1473 1211 1211 1473 1473 1475 1475 1475 1475 1473 1473 1474 1474 1475 1475 1474 1474 1222 1222 1222 1222 1474 1474 1476 1476 1222 1222 1476 1476 1223 1223 505 505 506 506 1188 1188 1188 1188 506 506 1187 1187 1188 1188 1187 1187 1472 1472 1472 1472 1187 1187 1477 1477 1472 1472 1477 1477 1383 1383 1383 1383 1477 1477 1478 1478 1383 1383 1478 1478 1221 1221 1221 1221 1478 1478 1167 1167 1221 1221 1167 1167 1219 1219 1219 1219 1167 1167 1166 1166 484 484 1186 1186 1187 1187 1187 1187 1186 1186 1479 1479 1187 1187 1479 1479 1477 1477 1477 1477 1479 1479 1480 1480 1477 1477 1480 1480 1478 1478 1478 1478 1480 1480 1481 1481 1478 1478 1481 1481 1167 1167 1167 1167 1481 1481 1482 1482 1167 1167 1482 1482 1222 1222 1222 1222 1482 1482 1483 1483 1222 1222 1483 1483 1475 1475 1475 1475 1483 1483 1208 1208 1475 1475 1208 1208 1211 1211 1211 1211 1208 1208 562 562 1211 1211 562 562 559 559 488 488 487 487 1197 1197 1197 1197 487 487 1194 1194 1197 1197 1194 1194 1484 1484 1484 1484 1194 1194 1193 1193 1484 1484 1193 1193 1485 1485 1485 1485 1193 1193 1359 1359 1485 1485 1359 1359 1354 1354 1354 1354 1359 1359 1360 1360 1354 1354 1360 1360 1352 1352 1369 1369 1486 1486 1195 1195 1195 1195 1486 1486 1364 1364 1195 1195 1364 1364 1193 1193 1193 1193 1364 1364 1361 1361 1193 1193 1361 1361 1359 1359 1359 1359 1361 1361 1363 1363 1359 1359 1363 1363 1357 1357 1487 1487 1428 1428 1488 1488 1488 1488 1428 1428 1429 1429 1488 1488 1429 1429 1489 1489 1489 1489 1429 1429 1430 1430 1489 1489 1430 1430 1490 1490 1490 1490 1430 1430 1431 1431 1490 1490 1431 1431 1491 1491 1491 1491 1431 1431 1432 1432 1491 1491 1432 1432 1492 1492 1492 1492 1432 1432 1335 1335 1492 1492 1335 1335 1493 1493 1493 1493 1335 1335 1155 1155 1493 1493 1155 1155 1494 1494 1494 1494 1155 1155 1154 1154 1494 1494 1154 1154 1495 1495 1354 1354 1496 1496 1485 1485 1485 1485 1496 1496 1497 1497 1485 1485 1497 1497 1484 1484 1484 1484 1497 1497 1498 1498 1484 1484 1498 1498 1197 1197 1197 1197 1498 1498 1186 1186 1197 1197 1186 1186 514 514 514 514 1186 1186 515 515 1184 1184 1487 1487 1185 1185 1185 1185 1487 1487 1488 1488 1185 1185 1488 1488 1182 1182 1182 1182 1488 1488 1489 1489 1182 1182 1489 1489 1183 1183 1183 1183 1489 1489 1490 1490 1183 1183 1490 1490 1420 1420 1420 1420 1490 1490 1491 1491 1420 1420 1491 1491 1422 1422 1422 1422 1491 1491 1492 1492 1422 1422 1492 1492 1425 1425 1425 1425 1492 1492 1493 1493 1425 1425 1493 1493 1437 1437 1437 1437 1493 1493 1494 1494 1437 1437 1494 1494 1448 1448 1448 1448 1494 1494 1495 1495 1448 1448 1495 1495 1471 1471 1206 1206 1392 1392 1207 1207 1207 1207 1392 1392 1391 1391 1207 1207 1391 1391 1209 1209 1209 1209 1391 1391 1389 1389 1209 1209 1389 1389 1210 1210 1210 1210 1389 1389 1239 1239 1210 1210 1239 1239 1233 1233 1233 1233 1239 1239 1238 1238 532 532 536 536 1205 1205 1205 1205 536 536 1169 1169 1205 1205 1169 1169 1499 1499 1499 1499 1169 1169 1500 1500 1499 1499 1500 1500 1501 1501 1501 1501 1500 1500 1502 1502 1501 1501 1502 1502 1503 1503 1503 1503 1502 1502 1504 1504 1503 1503 1504 1504 1505 1505 1505 1505 1504 1504 1506 1506 1505 1505 1506 1506 1507 1507 1507 1507 1506 1506 1508 1508 1507 1507 1508 1508 1509 1509 1509 1509 1508 1508 1510 1510 1509 1509 1510 1510 1511 1511 1511 1511 1510 1510 1512 1512 1511 1511 1512 1512 1513 1513 1513 1513 1512 1512 1514 1514 1513 1513 1514 1514 1515 1515 1515 1515 1514 1514 1516 1516 1515 1515 1516 1516 1517 1517 1517 1517 1516 1516 1518 1518 1517 1517 1518 1518 1519 1519 1519 1519 1518 1518 1520 1520 1519 1519 1520 1520 1521 1521 1521 1521 1520 1520 1522 1522 1521 1521 1522 1522 1523 1523 1523 1523 1522 1522 1254 1254 1523 1523 1254 1254 1248 1248 1248 1248 1254 1254 1252 1252 1248 1248 1252 1252 1246 1246 1246 1246 1252 1252 1251 1251 1257 1257 1255 1255 1258 1258 1258 1258 1255 1255 1254 1254 1258 1258 1254 1254 1394 1394 1394 1394 1254 1254 1522 1522 1394 1394 1522 1522 1398 1398 1398 1398 1522 1522 1520 1520 1398 1398 1520 1520 1403 1403 1403 1403 1520 1520 1518 1518 1403 1403 1518 1518 1409 1409 1409 1409 1518 1518 1516 1516 1409 1409 1516 1516 1524 1524 1524 1524 1516 1516 1514 1514 1524 1524 1514 1514 1178 1178 1178 1178 1514 1514 1512 1512 1178 1178 1512 1512 1174 1174 1174 1174 1512 1512 1510 1510 1174 1174 1510 1510 1176 1176 1176 1176 1510 1510 1508 1508 1176 1176 1508 1508 1184 1184 1184 1184 1508 1508 1506 1506 1184 1184 1506 1506 1487 1487 1487 1487 1506 1506 1504 1504 1487 1487 1504 1504 1428 1428 1428 1428 1504 1504 1502 1502 1428 1428 1502 1502 1419 1419 1419 1419 1502 1502 1500 1500 1419 1419 1500 1500 1203 1203 1203 1203 1500 1500 1169 1169 1203 1203 1169 1169 538 538 538 538 1169 1169 537 537 1249 1249 1241 1241 1248 1248 1248 1248 1241 1241 1243 1243 1248 1248 1243 1243 1523 1523 1523 1523 1243 1243 1390 1390 1523 1523 1390 1390 1521 1521 1521 1521 1390 1390 1392 1392 1521 1521 1392 1392 1519 1519 1519 1519 1392 1392 1206 1206 1519 1519 1206 1206 1517 1517 1517 1517 1206 1206 1208 1208 1517 1517 1208 1208 1515 1515 1515 1515 1208 1208 1483 1483 1515 1515 1483 1483 1513 1513 1513 1513 1483 1483 1482 1482 1513 1513 1482 1482 1511 1511 1511 1511 1482 1482 1481 1481 1511 1511 1481 1481 1509 1509 1509 1509 1481 1481 1480 1480 1509 1509 1480 1480 1507 1507 1507 1507 1480 1480 1479 1479 1507 1507 1479 1479 1505 1505 1505 1505 1479 1479 1186 1186 1505 1505 1186 1186 1503 1503 1503 1503 1186 1186 1498 1498 1503 1503 1498 1498 1501 1501 1501 1501 1498 1498 1497 1497 1501 1501 1497 1497 1499 1499 1499 1499 1497 1497 1496 1496 1499 1499 1496 1496 1205 1205 1205 1205 1496 1496 1354 1354 1205 1205 1354 1354 1348 1348 1348 1348 1354 1354 1356 1356 435 435 436 436 1178 1178 1178 1178 436 436 437 437 1178 1178 437 437 1524 1524 1524 1524 437 437 1179 1179 1524 1524 1179 1179 1409 1409 1409 1409 1179 1179 1181 1181 1409 1409 1181 1181 1408 1408 1408 1408 1181 1181 1418 1418 1408 1408 1418 1418 1407 1407 1407 1407 1418 1418 1417 1417 1407 1407 1417 1417 1406 1406 1406 1406 1417 1417 1415 1415 1406 1406 1415 1415 1405 1405 1405 1405 1415 1415 1413 1413 1405 1405 1413 1413 1404 1404 1404 1404 1413 1413 1411 1411 1404 1404 1411 1411 1164 1164 1164 1164 1411 1411 1281 1281 1164 1164 1281 1281 1283 1283 1283 1283 1281 1281 1282 1282 1525 1525 1526 1526 1527 1527 1528 1528 1529 1529 1530 1530 1531 1531 1532 1532 1533 1533 1008 1008 982 982 1534 1534 1535 1535 1536 1536 1537 1537 1538 1538 1539 1539 1540 1540 1541 1541 1542 1542 1543 1543 1544 1544 1545 1545 1546 1546 1547 1547 1548 1548 1549 1549 1550 1550 1551 1551 1552 1552 1553 1553 1554 1554 1555 1555 639 639 1556 1556 749 749 749 749 1556 1556 1557 1557 749 749 1557 1557 748 748 639 639 638 638 1556 1556 1556 1556 638 638 1558 1558 695 695 694 694 1559 1559 676 676 674 674 1560 1560 1560 1560 674 674 672 672 1560 1560 672 672 671 671 694 694 709 709 1559 1559 1559 1559 709 709 701 701 1559 1559 701 701 1561 1561 1561 1561 701 701 700 700 700 700 750 750 1561 1561 1561 1561 750 750 751 751 1561 1561 751 751 712 712 747 747 1562 1562 756 756 756 756 1562 1562 1561 1561 756 756 1561 1561 711 711 711 711 1561 1561 712 712 638 638 641 641 1558 1558 1558 1558 641 641 640 640 1558 1558 640 640 680 680 680 680 679 679 1558 1558 1558 1558 679 679 678 678 1558 1558 678 678 1563 1563 1563 1563 678 678 677 677 677 677 647 647 1563 1563 1563 1563 647 647 646 646 1563 1563 646 646 676 676 1564 1564 829 829 1565 1565 1565 1565 829 829 879 879 879 879 833 833 1565 1565 1565 1565 833 833 832 832 1565 1565 832 832 877 877 877 877 878 878 1565 1565 1565 1565 878 878 776 776 1565 1565 776 776 1566 1566 1566 1566 776 776 775 775 1566 1566 775 775 780 780 780 780 773 773 1566 1566 1566 1566 773 773 772 772 1566 1566 772 772 817 817 837 837 849 849 1567 1567 1567 1567 849 849 848 848 848 848 880 880 1567 1567 1567 1567 880 880 831 831 1567 1567 831 831 1564 1564 1564 1564 831 831 830 830 1564 1564 830 830 829 829 794 794 1568 1568 795 795 795 795 1568 1568 816 816 793 793 792 792 1552 1552 1552 1552 792 792 813 813 1552 1552 813 813 1569 1569 813 813 812 812 1569 1569 1569 1569 812 812 840 840 1569 1569 840 840 838 838 1570 1570 1571 1571 1572 1572 1572 1572 1571 1571 1573 1573 1573 1573 1574 1574 1575 1575 1575 1575 1574 1574 1576 1576 1575 1575 1576 1576 1577 1577 1578 1578 1579 1579 1580 1580 1580 1580 1579 1579 1570 1570 1581 1581 1582 1582 1583 1583 1583 1583 1582 1582 1584 1584 1585 1585 1586 1586 1587 1587 1587 1587 1586 1586 1588 1588 1587 1587 1588 1588 1589 1589 1590 1590 1591 1591 1526 1526 1526 1526 1591 1591 1592 1592 1526 1526 1592 1592 1527 1527 1525 1525 1593 1593 1526 1526 1526 1526 1593 1593 1594 1594 1526 1526 1594 1594 1590 1590 1554 1554 1595 1595 1555 1555 1555 1555 1595 1595 1596 1596 1555 1555 1596 1596 1597 1597 1598 1598 1599 1599 1600 1600 1600 1600 1599 1599 1601 1601 1600 1600 1601 1601 1602 1602 1603 1603 1604 1604 1605 1605 1605 1605 1604 1604 1606 1606 1607 1607 1608 1608 1609 1609 1609 1609 1608 1608 1610 1610 1610 1610 1608 1608 1551 1551 1551 1551 1608 1608 1568 1568 1551 1551 1568 1568 1552 1552 1552 1552 1568 1568 794 794 1552 1552 794 794 793 793 1611 1611 1612 1612 1569 1569 1569 1569 1612 1612 1613 1613 1569 1569 1613 1613 1552 1552 1552 1552 1613 1613 1614 1614 1552 1552 1614 1614 1550 1550 838 838 837 837 1569 1569 1569 1569 837 837 1567 1567 1569 1569 1567 1567 1611 1611 1611 1611 1567 1567 1615 1615 1615 1615 1567 1567 1616 1616 1616 1616 1567 1567 1564 1564 1616 1616 1564 1564 1617 1617 1547 1547 1549 1549 1618 1618 1619 1619 1532 1532 1620 1620 1620 1620 1532 1532 1621 1621 1622 1622 1623 1623 1624 1624 1624 1624 1623 1623 1625 1625 1624 1624 1625 1625 1626 1626 1627 1627 1628 1628 1629 1629 1629 1629 1630 1630 1627 1627 1627 1627 1630 1630 1631 1631 1627 1627 1631 1631 1632 1632 1628 1628 1627 1627 1633 1633 1633 1633 1627 1627 1560 1560 1633 1633 1560 1560 1559 1559 1559 1559 1560 1560 671 671 1559 1559 671 671 695 695 1634 1634 1635 1635 1559 1559 1559 1559 1635 1635 1636 1636 1559 1559 1636 1636 1633 1633 1634 1634 1559 1559 1637 1637 1637 1637 1559 1559 1561 1561 1637 1637 1561 1561 1638 1638 1638 1638 1561 1561 1639 1639 1638 1638 1639 1639 1640 1640 1641 1641 1642 1642 1639 1639 1639 1639 1642 1642 1643 1643 1639 1639 1643 1643 1640 1640 1644 1644 1645 1645 1646 1646 1646 1646 1645 1645 1647 1647 1646 1646 1647 1647 1648 1648 1649 1649 1650 1650 1651 1651 1538 1538 1540 1540 1652 1652 1653 1653 1654 1654 1655 1655 1655 1655 1654 1654 1656 1656 1655 1655 1656 1656 1657 1657 1658 1658 1659 1659 1660 1660 1660 1660 1659 1659 1661 1661 1662 1662 1663 1663 1664 1664 1664 1664 1663 1663 1665 1665 1664 1664 1665 1665 1658 1658 1658 1658 1665 1665 1666 1666 1658 1658 1666 1666 1659 1659 1662 1662 1664 1664 1667 1667 1667 1667 1664 1664 1668 1668 1667 1667 1668 1668 1669 1669 1670 1670 1671 1671 1672 1672 1672 1672 1671 1671 1673 1673 1673 1673 1671 1671 1674 1674 1674 1674 1671 1671 1675 1675 1674 1674 1675 1675 1676 1676 1677 1677 1678 1678 1679 1679 1679 1679 1678 1678 1680 1680 1679 1679 1680 1680 1681 1681 1681 1681 1680 1680 1682 1682 1682 1682 1680 1680 1683 1683 1683 1683 1680 1680 1684 1684 1683 1683 1684 1684 1685 1685 1686 1686 1687 1687 1688 1688 1689 1689 1690 1690 1691 1691 1691 1691 1690 1690 1692 1692 1693 1693 1694 1694 1692 1692 1692 1692 1694 1694 1695 1695 1692 1692 1695 1695 1691 1691 1691 1691 1695 1695 1696 1696 1691 1691 1696 1696 1697 1697 1693 1693 1692 1692 1698 1698 1698 1698 1692 1692 1699 1699 1698 1698 1699 1699 1700 1700 1701 1701 1702 1702 1699 1699 1699 1699 1702 1702 1703 1703 1699 1699 1703 1703 1700 1700 1704 1704 1705 1705 1706 1706 1706 1706 1707 1707 1704 1704 1704 1704 1707 1707 1708 1708 1704 1704 1708 1708 1701 1701 1709 1709 1710 1710 1711 1711 1712 1712 1713 1713 1714 1714 1714 1714 1713 1713 1715 1715 1714 1714 1715 1715 1709 1709 1709 1709 1715 1715 1716 1716 1709 1709 1716 1716 1710 1710 1717 1717 1718 1718 1719 1719 1719 1719 1718 1718 1720 1720 1719 1719 1720 1720 1714 1714 1714 1714 1720 1720 1721 1721 1714 1714 1721 1721 1712 1712 1722 1722 1723 1723 1724 1724 1724 1724 1723 1723 1725 1725 1724 1724 1725 1725 1726 1726 1726 1726 1725 1725 1727 1727 1728 1728 1729 1729 1730 1730 1730 1730 1729 1729 1537 1537 1730 1730 1537 1537 1731 1731 1731 1731 1537 1537 1536 1536 1732 1732 1733 1733 1734 1734 1734 1734 1733 1733 1535 1535 1735 1735 1736 1736 1737 1737 1737 1737 1736 1736 1738 1738 1737 1737 1738 1738 1739 1739 1002 1002 1003 1003 1704 1704 1704 1704 1003 1003 904 904 1704 1704 904 904 1705 1705 1705 1705 904 904 902 902 1705 1705 902 902 911 911 1701 1701 1699 1699 1704 1704 1704 1704 1699 1699 981 981 1704 1704 981 981 1002 1002 1740 1740 1006 1006 1534 1534 1534 1534 1006 1006 1007 1007 1534 1534 1007 1007 1008 1008 1741 1741 916 916 1742 1742 1742 1742 916 916 915 915 915 915 913 913 1742 1742 1742 1742 913 913 912 912 1742 1742 912 912 952 952 953 953 970 970 1743 1743 1743 1743 970 970 971 971 1743 1743 971 971 972 972 972 972 999 999 1743 1743 1743 1743 999 999 1004 1004 1743 1743 1004 1004 1740 1740 1740 1740 1004 1004 1005 1005 1740 1740 1005 1005 1006 1006 911 911 910 910 1705 1705 1705 1705 910 910 909 909 1705 1705 909 909 1744 1744 1744 1744 909 909 908 908 1744 1744 908 908 956 956 955 955 954 954 1741 1741 1741 1741 954 954 917 917 1741 1741 917 917 916 916 1745 1745 1135 1135 1658 1658 1658 1658 1135 1135 1141 1141 1658 1658 1141 1141 1140 1140 1140 1140 1080 1080 1658 1658 1658 1658 1080 1080 1079 1079 1658 1658 1079 1079 1133 1133 1133 1133 1132 1132 1658 1658 1658 1658 1132 1132 1131 1131 1658 1658 1131 1131 1664 1664 1664 1664 1131 1131 1129 1129 1129 1129 1022 1022 1664 1664 1664 1664 1022 1022 1020 1020 1664 1664 1020 1020 1668 1668 1668 1668 1020 1020 1023 1023 1668 1668 1023 1023 1024 1024 1099 1099 1100 1100 1745 1745 1745 1745 1100 1100 1134 1134 1745 1745 1134 1134 1135 1135 1066 1066 1065 1065 1746 1746 1065 1065 1064 1064 1746 1746 1746 1746 1064 1064 1095 1095 1746 1746 1095 1095 1747 1747 1747 1747 1095 1095 1094 1094 1024 1024 1071 1071 1668 1668 1668 1668 1071 1071 1070 1070 1668 1668 1070 1070 1748 1748 1748 1748 1070 1070 1077 1077 1077 1077 1033 1033 1748 1748 1748 1748 1033 1033 1031 1031 1748 1748 1031 1031 1029 1029 1027 1027 1067 1067 1749 1749 1027 1027 1749 1749 1028 1028 676 676 1560 1560 1563 1563 1563 1563 1560 1560 1627 1627 1563 1563 1627 1627 1750 1750 1750 1750 1627 1627 1632 1632 1750 1750 1632 1632 1624 1624 1624 1624 1632 1632 1751 1751 1624 1624 1751 1751 1622 1622 1752 1752 1753 1753 1754 1754 1754 1754 1753 1753 1755 1755 1754 1754 1755 1755 1756 1756 1756 1756 1755 1755 1757 1757 1756 1756 1757 1757 1758 1758 1758 1758 1757 1757 1759 1759 1758 1758 1759 1759 1760 1760 1760 1760 1759 1759 1761 1761 1760 1760 1761 1761 1762 1762 1762 1762 1761 1761 1546 1546 1762 1762 1546 1546 1763 1763 1763 1763 1546 1546 1545 1545 1542 1542 1641 1641 1543 1543 1543 1543 1641 1641 1639 1639 1543 1543 1639 1639 1764 1764 1764 1764 1639 1639 1561 1561 1764 1764 1561 1561 1557 1557 1557 1557 1561 1561 1562 1562 1557 1557 1562 1562 748 748 748 748 1562 1562 747 747 1531 1531 1533 1533 1765 1765 1765 1765 1533 1533 1766 1766 1765 1765 1766 1766 1767 1767 1767 1767 1766 1766 1768 1768 1767 1767 1768 1768 1769 1769 1769 1769 1768 1768 1770 1770 1769 1769 1770 1770 1771 1771 1771 1771 1770 1770 1772 1772 1771 1771 1772 1772 1773 1773 1773 1773 1772 1772 1774 1774 1773 1773 1774 1774 1775 1775 1648 1648 1541 1541 1646 1646 1646 1646 1541 1541 1543 1543 1646 1646 1543 1543 1776 1776 1776 1776 1543 1543 1764 1764 1776 1776 1764 1764 1777 1777 1777 1777 1764 1764 1557 1557 1777 1777 1557 1557 1778 1778 1778 1778 1557 1557 1556 1556 1650 1650 1644 1644 1651 1651 1651 1651 1644 1644 1646 1646 1651 1651 1646 1646 1779 1779 1779 1779 1646 1646 1776 1776 1779 1779 1776 1776 1780 1780 1780 1780 1776 1776 1777 1777 1780 1780 1777 1777 1781 1781 1781 1781 1777 1777 1778 1778 1621 1621 1532 1532 1626 1626 1626 1626 1532 1532 1531 1531 1626 1626 1531 1531 1624 1624 1624 1624 1531 1531 1765 1765 1624 1624 1765 1765 1750 1750 1750 1750 1765 1765 1767 1767 1750 1750 1767 1767 1563 1563 1563 1563 1767 1767 1769 1769 1563 1563 1769 1769 1558 1558 1558 1558 1769 1769 1771 1771 1558 1558 1771 1771 1556 1556 1556 1556 1771 1771 1773 1773 1556 1556 1773 1773 1778 1778 1778 1778 1773 1773 1775 1775 1778 1778 1775 1775 1781 1781 1782 1782 1689 1689 1783 1783 1783 1783 1689 1689 1691 1691 1783 1783 1691 1691 1686 1686 1686 1686 1691 1691 1697 1697 1686 1686 1697 1697 1687 1687 1784 1784 1782 1782 1785 1785 1785 1785 1782 1782 1783 1783 1785 1785 1783 1783 1786 1786 1786 1786 1783 1783 1686 1686 1786 1786 1686 1686 1684 1684 1684 1684 1686 1686 1688 1688 1684 1684 1688 1688 1685 1685 1067 1067 1066 1066 1749 1749 1749 1749 1066 1066 1746 1746 1749 1749 1746 1746 1787 1787 1787 1787 1746 1746 1788 1788 1787 1787 1788 1788 1789 1789 1789 1789 1788 1788 1790 1790 1789 1789 1790 1790 1791 1791 1539 1539 1649 1649 1540 1540 1540 1540 1649 1649 1651 1651 1540 1540 1651 1651 1792 1792 1792 1792 1651 1651 1779 1779 1792 1792 1779 1779 1793 1793 1793 1793 1779 1779 1780 1780 1793 1793 1780 1780 1794 1794 1794 1794 1780 1780 1781 1781 1794 1794 1781 1781 1795 1795 1795 1795 1781 1781 1775 1775 1795 1795 1775 1775 1796 1796 1796 1796 1775 1775 1774 1774 1796 1796 1774 1774 1797 1797 1797 1797 1774 1774 1772 1772 1797 1797 1772 1772 1753 1753 1753 1753 1772 1772 1770 1770 1753 1753 1770 1770 1755 1755 1755 1755 1770 1770 1768 1768 1755 1755 1768 1768 1757 1757 1757 1757 1768 1768 1766 1766 1757 1757 1766 1766 1759 1759 1759 1759 1766 1766 1533 1533 1759 1759 1533 1533 1761 1761 1761 1761 1533 1533 1532 1532 1761 1761 1532 1532 1546 1546 1546 1546 1532 1532 1619 1619 1546 1546 1619 1619 1544 1544 1094 1094 1099 1099 1747 1747 1747 1747 1099 1099 1745 1745 1747 1747 1745 1745 1798 1798 1798 1798 1745 1745 1658 1658 1798 1798 1658 1658 1655 1655 1655 1655 1658 1658 1660 1660 1655 1655 1660 1660 1653 1653 1653 1653 1660 1660 1661 1661 1029 1029 1028 1028 1748 1748 1748 1748 1028 1028 1749 1749 1748 1748 1749 1749 1799 1799 1799 1799 1749 1749 1787 1787 1799 1799 1787 1787 1800 1800 1800 1800 1787 1787 1789 1789 1800 1800 1789 1789 1801 1801 1801 1801 1789 1789 1791 1791 1801 1801 1791 1791 1802 1802 1677 1677 1676 1676 1678 1678 1678 1678 1676 1676 1675 1675 1678 1678 1675 1675 1680 1680 1680 1680 1675 1675 1803 1803 1680 1680 1803 1803 1684 1684 1684 1684 1803 1803 1804 1804 1684 1684 1804 1804 1786 1786 1786 1786 1804 1804 1805 1805 1786 1786 1805 1805 1785 1785 1785 1785 1805 1805 1806 1806 1785 1785 1806 1806 1784 1784 1784 1784 1806 1806 1807 1807 1670 1670 1669 1669 1671 1671 1671 1671 1669 1669 1668 1668 1671 1671 1668 1668 1675 1675 1675 1675 1668 1668 1748 1748 1675 1675 1748 1748 1803 1803 1803 1803 1748 1748 1799 1799 1803 1803 1799 1799 1804 1804 1804 1804 1799 1799 1800 1800 1804 1804 1800 1800 1805 1805 1805 1805 1800 1800 1801 1801 1805 1805 1801 1801 1806 1806 1806 1806 1801 1801 1802 1802 1806 1806 1802 1802 1807 1807 1808 1808 1809 1809 1810 1810 1810 1810 1809 1809 1811 1811 1810 1810 1811 1811 1812 1812 1812 1812 1811 1811 1813 1813 1812 1812 1813 1813 1814 1814 1814 1814 1813 1813 1737 1737 1814 1814 1737 1737 1815 1815 1815 1815 1737 1737 1739 1739 1815 1815 1739 1739 1816 1816 1817 1817 1529 1529 1818 1818 1818 1818 1529 1529 1528 1528 1818 1818 1528 1528 1819 1819 1820 1820 1817 1817 1821 1821 1821 1821 1817 1817 1818 1818 1821 1821 1818 1818 1822 1822 1822 1822 1818 1818 1819 1819 1822 1822 1819 1819 1823 1823 1824 1824 1825 1825 1826 1826 1826 1826 1825 1825 1827 1827 1826 1826 1827 1827 1828 1828 1828 1828 1827 1827 1829 1829 1830 1830 1828 1828 1831 1831 1831 1831 1828 1828 1829 1829 1831 1831 1829 1829 1832 1832 1833 1833 1820 1820 1834 1834 1834 1834 1820 1820 1821 1821 1834 1834 1821 1821 1835 1835 1835 1835 1821 1821 1822 1822 1835 1835 1822 1822 1729 1729 1729 1729 1822 1822 1823 1823 1729 1729 1823 1823 1537 1537 1836 1836 1833 1833 1837 1837 1837 1837 1833 1833 1834 1834 1837 1837 1834 1834 1726 1726 1726 1726 1834 1834 1835 1835 1726 1726 1835 1835 1724 1724 1724 1724 1835 1835 1729 1729 1724 1724 1729 1729 1722 1722 1722 1722 1729 1729 1728 1728 1727 1727 1717 1717 1726 1726 1726 1726 1717 1717 1719 1719 1726 1726 1719 1719 1837 1837 1837 1837 1719 1719 1714 1714 1837 1837 1714 1714 1836 1836 1836 1836 1714 1714 1709 1709 1836 1836 1709 1709 1744 1744 1744 1744 1709 1709 1711 1711 1744 1744 1711 1711 1705 1705 1705 1705 1711 1711 1838 1838 1705 1705 1838 1838 1706 1706 952 952 953 953 1742 1742 1742 1742 953 953 1743 1743 1742 1742 1743 1743 1839 1839 1839 1839 1743 1743 1840 1840 1839 1839 1840 1840 1841 1841 1841 1841 1840 1840 1842 1842 1841 1841 1842 1842 1830 1830 1830 1830 1842 1842 1843 1843 1830 1830 1843 1843 1828 1828 1790 1790 1824 1824 1791 1791 1791 1791 1824 1824 1826 1826 1791 1791 1826 1826 1802 1802 1802 1802 1826 1826 1828 1828 1802 1802 1828 1828 1807 1807 1807 1807 1828 1828 1843 1843 1807 1807 1843 1843 1784 1784 1784 1784 1843 1843 1842 1842 1784 1784 1842 1842 1782 1782 1782 1782 1842 1842 1840 1840 1782 1782 1840 1840 1689 1689 1689 1689 1840 1840 1743 1743 1689 1689 1743 1743 1690 1690 1690 1690 1743 1743 1740 1740 1690 1690 1740 1740 1692 1692 1692 1692 1740 1740 1534 1534 1692 1692 1534 1534 1699 1699 1699 1699 1534 1534 982 982 1699 1699 982 982 981 981 1601 1601 1553 1553 1602 1602 1602 1602 1553 1553 1555 1555 1602 1602 1555 1555 1525 1525 1525 1525 1555 1555 1597 1597 1525 1525 1597 1597 1593 1593 1844 1844 1845 1845 1846 1846 1846 1846 1845 1845 1847 1847 1846 1846 1847 1847 1608 1608 1608 1608 1847 1847 1566 1566 1608 1608 1566 1566 1568 1568 1568 1568 1566 1566 817 817 1568 1568 817 817 816 816 1592 1592 1585 1585 1527 1527 1527 1527 1585 1585 1587 1587 1527 1527 1587 1587 1583 1583 1583 1583 1587 1587 1589 1589 1583 1583 1589 1589 1581 1581 1606 1606 1598 1598 1605 1605 1605 1605 1598 1598 1600 1600 1605 1605 1600 1600 1848 1848 1848 1848 1600 1600 1602 1602 1848 1848 1602 1602 1849 1849 1849 1849 1602 1602 1525 1525 1849 1849 1525 1525 1850 1850 1850 1850 1525 1525 1527 1527 1850 1850 1527 1527 1851 1851 1851 1851 1527 1527 1583 1583 1851 1851 1583 1583 1580 1580 1580 1580 1583 1583 1584 1584 1580 1580 1584 1584 1578 1578 1570 1570 1572 1572 1580 1580 1580 1580 1572 1572 1852 1852 1580 1580 1852 1852 1851 1851 1851 1851 1852 1852 1853 1853 1851 1851 1853 1853 1850 1850 1850 1850 1853 1853 1844 1844 1850 1850 1844 1844 1849 1849 1849 1849 1844 1844 1846 1846 1849 1849 1846 1846 1848 1848 1848 1848 1846 1846 1608 1608 1848 1848 1608 1608 1605 1605 1605 1605 1608 1608 1607 1607 1605 1605 1607 1607 1603 1603 1816 1816 1732 1732 1815 1815 1815 1815 1732 1732 1734 1734 1815 1815 1734 1734 1814 1814 1814 1814 1734 1734 1854 1854 1814 1814 1854 1854 1812 1812 1812 1812 1854 1854 1855 1855 1812 1812 1855 1855 1810 1810 1810 1810 1855 1855 1856 1856 1810 1810 1856 1856 1808 1808 1808 1808 1856 1856 1857 1857 1808 1808 1857 1857 1858 1858 1858 1858 1857 1857 1859 1859 1808 1808 1860 1860 1809 1809 1809 1809 1860 1860 1861 1861 1809 1809 1861 1861 1811 1811 1811 1811 1861 1861 1862 1862 1811 1811 1862 1862 1813 1813 1813 1813 1862 1862 1575 1575 1813 1813 1575 1575 1737 1737 1737 1737 1575 1575 1577 1577 1737 1737 1577 1577 1735 1735 1548 1548 1617 1617 1549 1549 1549 1549 1617 1617 1564 1564 1549 1549 1564 1564 1863 1863 1863 1863 1564 1564 1565 1565 1864 1864 1865 1865 1866 1866 1866 1866 1865 1865 1867 1867 1866 1866 1867 1867 1868 1868 1573 1573 1575 1575 1572 1572 1572 1572 1575 1575 1862 1862 1572 1572 1862 1862 1852 1852 1852 1852 1862 1862 1861 1861 1852 1852 1861 1861 1853 1853 1853 1853 1861 1861 1860 1860 1853 1853 1860 1860 1844 1844 1844 1844 1860 1860 1808 1808 1844 1844 1808 1808 1845 1845 1845 1845 1808 1808 1858 1858 1845 1845 1858 1858 1847 1847 1847 1847 1858 1858 1859 1859 1847 1847 1859 1859 1566 1566 1566 1566 1859 1859 1869 1869 1566 1566 1869 1869 1565 1565 1565 1565 1869 1869 1870 1870 1565 1565 1870 1870 1863 1863 1535 1535 1537 1537 1734 1734 1734 1734 1537 1537 1823 1823 1734 1734 1823 1823 1854 1854 1854 1854 1823 1823 1819 1819 1854 1854 1819 1819 1855 1855 1855 1855 1819 1819 1528 1528 1855 1855 1528 1528 1856 1856 1856 1856 1528 1528 1530 1530 1856 1856 1530 1530 1857 1857 1857 1857 1530 1530 1864 1864 1857 1857 1864 1864 1859 1859 1859 1859 1864 1864 1866 1866 1859 1859 1866 1866 1869 1869 1869 1869 1866 1866 1868 1868 1869 1869 1868 1868 1870 1870 1657 1657 1652 1652 1655 1655 1655 1655 1652 1652 1540 1540 1655 1655 1540 1540 1798 1798 1798 1798 1540 1540 1792 1792 1798 1798 1792 1792 1747 1747 1747 1747 1792 1792 1793 1793 1747 1747 1793 1793 1746 1746 1746 1746 1793 1793 1794 1794 1746 1746 1794 1794 1788 1788 1788 1788 1794 1794 1795 1795 1788 1788 1795 1795 1790 1790 1790 1790 1795 1795 1796 1796 1790 1790 1796 1796 1824 1824 1824 1824 1796 1796 1797 1797 1824 1824 1797 1797 1825 1825 1825 1825 1797 1797 1753 1753 1825 1825 1753 1753 1827 1827 1827 1827 1753 1753 1752 1752 1827 1827 1752 1752 1829 1829 956 956 955 955 1744 1744 1744 1744 955 955 1741 1741 1744 1744 1741 1741 1836 1836 1836 1836 1741 1741 1742 1742 1836 1836 1742 1742 1833 1833 1833 1833 1742 1742 1839 1839 1833 1833 1839 1839 1820 1820 1820 1820 1839 1839 1841 1841 1820 1820 1841 1841 1817 1817 1817 1817 1841 1841 1830 1830 1817 1817 1830 1830 1529 1529 1529 1529 1830 1830 1831 1831 1529 1529 1831 1831 1530 1530 1530 1530 1831 1831 1832 1832 1530 1530 1832 1832 1864 1864 1864 1864 1832 1832 1829 1829 1864 1864 1829 1829 1865 1865 1865 1865 1829 1829 1752 1752 1865 1865 1752 1752 1867 1867 1867 1867 1752 1752 1754 1754 1867 1867 1754 1754 1868 1868 1868 1868 1754 1754 1756 1756 1868 1868 1756 1756 1870 1870 1870 1870 1756 1756 1758 1758 1870 1870 1758 1758 1863 1863 1863 1863 1758 1758 1760 1760 1863 1863 1760 1760 1549 1549 1549 1549 1760 1760 1762 1762 1549 1549 1762 1762 1618 1618 1618 1618 1762 1762 1763 1763 1871 1871 1872 1872 1873 1873 1873 1873 1872 1872 1874 1874 1873 1873 1874 1874 1875 1875 1876 1876 1877 1877 1873 1873 1873 1873 1877 1877 1878 1878 1873 1873 1878 1878 1871 1871 1879 1879 1880 1880 1873 1873 1873 1873 1880 1880 1881 1881 1873 1873 1881 1881 1876 1876 1882 1882 1883 1883 1873 1873 1873 1873 1883 1883 1884 1884 1873 1873 1884 1884 1879 1879 1885 1885 1886 1886 1873 1873 1873 1873 1886 1886 1887 1887 1873 1873 1887 1887 1882 1882 1888 1888 1889 1889 1873 1873 1873 1873 1889 1889 1890 1890 1873 1873 1890 1890 1885 1885 1891 1891 1892 1892 1873 1873 1873 1873 1892 1892 1893 1893 1873 1873 1893 1893 1888 1888 1875 1875 1894 1894 1873 1873 1873 1873 1894 1894 1895 1895 1873 1873 1895 1895 1891 1891 1896 1896 1897 1897 1898 1898 1899 1899 1900 1900 1901 1901 1223 1223 1476 1476 1902 1902 1260 1260 1259 1259 1903 1903 1904 1904 1905 1905 1906 1906 1907 1907 1908 1908 1909 1909 1910 1910 1911 1911 1912 1912 1913 1913 1914 1914 1915 1915 1916 1916 1917 1917 1918 1918 1919 1919 1920 1920 1917 1917 1921 1921 1922 1922 1920 1920 1923 1923 1924 1924 1925 1925 1306 1306 1308 1308 1926 1926 1314 1314 1313 1313 1927 1927 1928 1928 1929 1929 1930 1930 1931 1931 1932 1932 1933 1933 1933 1933 1932 1932 1934 1934 1935 1935 1936 1936 1937 1937 1937 1937 1936 1936 1938 1938 1937 1937 1938 1938 1939 1939 1939 1939 1938 1938 1940 1940 1939 1939 1940 1940 1941 1941 1315 1315 1929 1929 1310 1310 1310 1310 1929 1929 1928 1928 1310 1310 1928 1928 1311 1311 1311 1311 1928 1928 1312 1312 1315 1315 1317 1317 1929 1929 1929 1929 1317 1317 1318 1318 1929 1929 1318 1318 1320 1320 1934 1934 1930 1930 1933 1933 1933 1933 1930 1930 1929 1929 1933 1933 1929 1929 1942 1942 1942 1942 1929 1929 1320 1320 1942 1942 1320 1320 1321 1321 1321 1321 1327 1327 1942 1942 1942 1942 1327 1327 1326 1326 1942 1942 1326 1326 1325 1325 1931 1931 1933 1933 1943 1943 1943 1943 1933 1933 1942 1942 1943 1943 1942 1942 1944 1944 1944 1944 1942 1942 1325 1325 1944 1944 1325 1325 1324 1324 1314 1314 1927 1927 1470 1470 1945 1945 1946 1946 1947 1947 1947 1947 1946 1946 1948 1948 1947 1947 1948 1948 1927 1927 1927 1927 1948 1948 1926 1926 1927 1927 1926 1926 1470 1470 1470 1470 1926 1926 1308 1308 1305 1305 1949 1949 1950 1950 1946 1946 1951 1951 1948 1948 1948 1948 1951 1951 1952 1952 1948 1948 1952 1952 1926 1926 1926 1926 1952 1952 1949 1949 1926 1926 1949 1949 1306 1306 1306 1306 1949 1949 1305 1305 1292 1292 1291 1291 1940 1940 1940 1940 1291 1291 1296 1296 1940 1940 1296 1296 1941 1941 1941 1941 1296 1296 1298 1298 1941 1941 1298 1298 1299 1299 1300 1300 1302 1302 1950 1950 1950 1950 1302 1302 1304 1304 1950 1950 1304 1304 1305 1305 1299 1299 1300 1300 1941 1941 1941 1941 1300 1300 1950 1950 1941 1941 1950 1950 1939 1939 1939 1939 1950 1950 1949 1949 1939 1939 1949 1949 1937 1937 1937 1937 1949 1949 1952 1952 1937 1937 1952 1952 1935 1935 1935 1935 1952 1952 1951 1951 1934 1934 1945 1945 1930 1930 1930 1930 1945 1945 1947 1947 1930 1930 1947 1947 1928 1928 1928 1928 1947 1947 1927 1927 1928 1928 1927 1927 1312 1312 1312 1312 1927 1927 1313 1313 1924 1924 1923 1923 1953 1953 1953 1953 1923 1923 1954 1954 1953 1953 1954 1954 1955 1955 1955 1955 1954 1954 1956 1956 1955 1955 1956 1956 1957 1957 1922 1922 1921 1921 1925 1925 1925 1925 1921 1921 1958 1958 1925 1925 1958 1958 1923 1923 1923 1923 1958 1958 1959 1959 1923 1923 1959 1959 1954 1954 1954 1954 1959 1959 1960 1960 1954 1954 1960 1960 1956 1956 1282 1282 1280 1280 1961 1961 1961 1961 1280 1280 1279 1279 1961 1961 1279 1279 1962 1962 1962 1962 1279 1279 1287 1287 1962 1962 1287 1287 1285 1285 1920 1920 1919 1919 1921 1921 1921 1921 1919 1919 1961 1961 1921 1921 1961 1961 1958 1958 1958 1958 1961 1961 1962 1962 1958 1958 1962 1962 1959 1959 1959 1959 1962 1962 1285 1285 1959 1959 1285 1285 1284 1284 1918 1918 1963 1963 1916 1916 1916 1916 1963 1963 1964 1964 1916 1916 1964 1964 1965 1965 1965 1965 1964 1964 1277 1277 1275 1275 1963 1963 1269 1269 1269 1269 1963 1963 1966 1966 1269 1269 1966 1966 1270 1270 1275 1275 1273 1273 1963 1963 1963 1963 1273 1273 1272 1272 1963 1963 1272 1272 1964 1964 1964 1964 1272 1272 1278 1278 1964 1964 1278 1278 1277 1277 1277 1277 1163 1163 1965 1965 1965 1965 1163 1163 1162 1162 1965 1965 1162 1162 1283 1283 1917 1917 1916 1916 1919 1919 1919 1919 1916 1916 1965 1965 1919 1919 1965 1965 1961 1961 1961 1961 1965 1965 1283 1283 1961 1961 1283 1283 1282 1282 1903 1903 1967 1967 1968 1968 1968 1968 1967 1967 1969 1969 1968 1968 1969 1969 1970 1970 1284 1284 1289 1289 1959 1959 1959 1959 1289 1289 1288 1288 1959 1959 1288 1288 1960 1960 1960 1960 1288 1288 1295 1295 1960 1960 1295 1295 1294 1294 1936 1936 1957 1957 1938 1938 1938 1938 1957 1957 1956 1956 1938 1938 1956 1956 1940 1940 1940 1940 1956 1956 1960 1960 1940 1940 1960 1960 1292 1292 1292 1292 1960 1960 1294 1294 1971 1971 1972 1972 1973 1973 1971 1971 1914 1914 1974 1974 1974 1974 1914 1914 1913 1913 1974 1974 1913 1913 1975 1975 1904 1904 1908 1908 1976 1976 1976 1976 1908 1908 1907 1907 1976 1976 1907 1907 1977 1977 1971 1971 1973 1973 1914 1914 1914 1914 1973 1973 1978 1978 1914 1914 1978 1978 1915 1915 1905 1905 1979 1979 1980 1980 1900 1900 1981 1981 1901 1901 1901 1901 1981 1981 1982 1982 1901 1901 1982 1982 1983 1983 1902 1902 1984 1984 1985 1985 1260 1260 1903 1903 1262 1262 1970 1970 1975 1975 1968 1968 1968 1968 1975 1975 1913 1913 1968 1968 1913 1913 1903 1903 1903 1903 1913 1913 1915 1915 1903 1903 1915 1915 1262 1262 1262 1262 1915 1915 1263 1263 1244 1244 1242 1242 1909 1909 1909 1909 1242 1242 1241 1241 1972 1972 1977 1977 1912 1912 1912 1912 1977 1977 1907 1907 1912 1912 1907 1907 1910 1910 1910 1910 1907 1907 1909 1909 1910 1910 1909 1909 1249 1249 1249 1249 1909 1909 1241 1241 1249 1249 1247 1247 1910 1910 1910 1910 1247 1247 1246 1246 1910 1910 1246 1246 1911 1911 1911 1911 1246 1246 1251 1251 1911 1911 1251 1251 1250 1250 1253 1253 1255 1255 1978 1978 1978 1978 1255 1255 1257 1257 1978 1978 1257 1257 1915 1915 1915 1915 1257 1257 1256 1256 1915 1915 1256 1256 1263 1263 1972 1972 1912 1912 1973 1973 1973 1973 1912 1912 1911 1911 1973 1973 1911 1911 1978 1978 1978 1978 1911 1911 1250 1250 1978 1978 1250 1250 1253 1253 1230 1230 1236 1236 1986 1986 1986 1986 1236 1236 1235 1235 1986 1986 1235 1235 1234 1234 1905 1905 1980 1980 1906 1906 1906 1906 1980 1980 1986 1986 1906 1906 1986 1986 1987 1987 1987 1987 1986 1986 1234 1234 1987 1987 1234 1234 1233 1233 1233 1233 1238 1238 1987 1987 1987 1987 1238 1238 1237 1237 1987 1987 1237 1237 1240 1240 1904 1904 1906 1906 1908 1908 1908 1908 1906 1906 1987 1987 1908 1908 1987 1987 1909 1909 1909 1909 1987 1987 1240 1240 1909 1909 1240 1240 1244 1244 1988 1988 1989 1989 1990 1990 1981 1981 1991 1991 1982 1982 1982 1982 1991 1991 1990 1990 1982 1982 1990 1990 1224 1224 1224 1224 1990 1990 1165 1165 1224 1224 1223 1223 1982 1982 1982 1982 1223 1223 1902 1902 1982 1982 1902 1902 1983 1983 1983 1983 1902 1902 1985 1985 1983 1983 1985 1985 1992 1992 1992 1992 1985 1985 1979 1979 1476 1476 1474 1474 1902 1902 1902 1902 1474 1474 1229 1229 1902 1902 1229 1229 1984 1984 1984 1984 1229 1229 1228 1228 1228 1228 1226 1226 1984 1984 1984 1984 1226 1226 1232 1232 1984 1984 1232 1232 1231 1231 1979 1979 1985 1985 1980 1980 1980 1980 1985 1985 1984 1984 1980 1980 1984 1984 1986 1986 1986 1986 1984 1984 1231 1231 1986 1986 1231 1231 1230 1230 1993 1993 1994 1994 1995 1995 1993 1993 1995 1995 1996 1996 1996 1996 1995 1995 1997 1997 1996 1996 1997 1997 1998 1998 1999 1999 2000 2000 2001 2001 2001 2001 2000 2000 2002 2002 2001 2001 2002 2002 2003 2003 1997 1997 2004 2004 1998 1998 1998 1998 2004 2004 2005 2005 1998 1998 2005 2005 2006 2006 2006 2006 2005 2005 2007 2007 2006 2006 2007 2007 1999 1999 1999 1999 2007 2007 2008 2008 1999 1999 2008 2008 2000 2000 2002 2002 2009 2009 2003 2003 2003 2003 2009 2009 2010 2010 2003 2003 2010 2010 2011 2011 2012 2012 2013 2013 2014 2014 2010 2010 2015 2015 2011 2011 2011 2011 2015 2015 2016 2016 2011 2011 2016 2016 2017 2017 2017 2017 2016 2016 2018 2018 2017 2017 2018 2018 2019 2019 2019 2019 2018 2018 2020 2020 2019 2019 2020 2020 2021 2021 2012 2012 2014 2014 2022 2022 2022 2022 2014 2014 2023 2023 2022 2022 2023 2023 2024 2024 2024 2024 2023 2023 2025 2025 2024 2024 2025 2025 2026 2026 2024 2024 1899 1899 2022 2022 2022 2022 1899 1899 1901 1901 2022 2022 1901 1901 2012 2012 2012 2012 1901 1901 1983 1983 2012 2012 1983 1983 2027 2027 2027 2027 1983 1983 1992 1992 2027 2027 1992 1992 2028 2028 2028 2028 1992 1992 1979 1979 2028 2028 1979 1979 2029 2029 2029 2029 1979 1979 1905 1905 2029 2029 1905 1905 2030 2030 2030 2030 1905 1905 1904 1904 2030 2030 1904 1904 2031 2031 2031 2031 1904 1904 1976 1976 2031 2031 1976 1976 2032 2032 2032 2032 1976 1976 1977 1977 2032 2032 1977 1977 2033 2033 2033 2033 1977 1977 1972 1972 2033 2033 1972 1972 2034 2034 2034 2034 1972 1972 1971 1971 2034 2034 1971 1971 2035 2035 2035 2035 1971 1971 1974 1974 2035 2035 1974 1974 2036 2036 2036 2036 1974 1974 1975 1975 2036 2036 1975 1975 2037 2037 2037 2037 1975 1975 1970 1970 1898 1898 1897 1897 2038 2038 2038 2038 1897 1897 2039 2039 2038 2038 2039 2039 2040 2040 2040 2040 2039 2039 2041 2041 2041 2041 2039 2039 2042 2042 2041 2041 2042 2042 2043 2043 2044 2044 2045 2045 2046 2046 2046 2046 2047 2047 2044 2044 2044 2044 2047 2047 2048 2048 2044 2044 2048 2048 2049 2049 2049 2049 2048 2048 2050 2050 2049 2049 2050 2050 2051 2051 1898 1898 2052 2052 1896 1896 1896 1896 2052 2052 2053 2053 1896 1896 2053 2053 2054 2054 2054 2054 2053 2053 2055 2055 2054 2054 2055 2055 2045 2045 2045 2045 2055 2055 2056 2056 2045 2045 2056 2056 2046 2046 2057 2057 2058 2058 2059 2059 2057 2057 2059 2059 2060 2060 2058 2058 2057 2057 2061 2061 2061 2061 2057 2057 2062 2062 2061 2061 2062 2062 2063 2063 2059 2059 2064 2064 2060 2060 2060 2060 2064 2064 2065 2065 2060 2060 2065 2065 2066 2066 2066 2066 2065 2065 2067 2067 2066 2066 2067 2067 2068 2068 2069 2069 2070 2070 2071 2071 2071 2071 2070 2070 2051 2051 2071 2071 2051 2051 2072 2072 2072 2072 2051 2051 2050 2050 2073 2073 2042 2042 2074 2074 2074 2074 2042 2042 2039 2039 2074 2074 2039 2039 2075 2075 2075 2075 2039 2039 1897 1897 2075 2075 1897 1897 2076 2076 2076 2076 1897 1897 1896 1896 2076 2076 1896 1896 2077 2077 2077 2077 1896 1896 2054 2054 2077 2077 2054 2054 2078 2078 2078 2078 2054 2054 2045 2045 2078 2078 2045 2045 2079 2079 2079 2079 2045 2045 2044 2044 2079 2079 2044 2044 2080 2080 2080 2080 2044 2044 2049 2049 2080 2080 2049 2049 2081 2081 2081 2081 2049 2049 2051 2051 2081 2081 2051 2051 2082 2082 2082 2082 2051 2051 2070 2070 2082 2082 2070 2070 2062 2062 2062 2062 2070 2070 2069 2069 2062 2062 2069 2069 2063 2063 2067 2067 2083 2083 2068 2068 2068 2068 2083 2083 2084 2084 2068 2068 2084 2084 2085 2085 2085 2085 2084 2084 2086 2086 2085 2085 2086 2086 2087 2087 2087 2087 2086 2086 2088 2088 2087 2087 2088 2088 2089 2089 1932 1932 2073 2073 1934 1934 1934 1934 2073 2073 2074 2074 1934 1934 2074 2074 1945 1945 1945 1945 2074 2074 2075 2075 1945 1945 2075 2075 1946 1946 1946 1946 2075 2075 2076 2076 1946 1946 2076 2076 1951 1951 1951 1951 2076 2076 2077 2077 1951 1951 2077 2077 1935 1935 1935 1935 2077 2077 2078 2078 1935 1935 2078 2078 1936 1936 1936 1936 2078 2078 2079 2079 1936 1936 2079 2079 1957 1957 1957 1957 2079 2079 2080 2080 1957 1957 2080 2080 1955 1955 1955 1955 2080 2080 2081 2081 1955 1955 2081 2081 1953 1953 1953 1953 2081 2081 2082 2082 1953 1953 2082 2082 1924 1924 1924 1924 2082 2082 2062 2062 1924 1924 2062 2062 1925 1925 1925 1925 2062 2062 2057 2057 1925 1925 2057 2057 1922 1922 1922 1922 2057 2057 2060 2060 1922 1922 2060 2060 1920 1920 1920 1920 2060 2060 2066 2066 1920 1920 2066 2066 1917 1917 1917 1917 2066 2066 2068 2068 1917 1917 2068 2068 1918 1918 1918 1918 2068 2068 2085 2085 1918 1918 2085 2085 2090 2090 2090 2090 2085 2085 2087 2087 2090 2090 2087 2087 1993 1993 1993 1993 2087 2087 2089 2089 1993 1993 2089 2089 1994 1994 1165 1165 1990 1990 1166 1166 1166 1166 1990 1990 1989 1989 1166 1166 1989 1989 1219 1219 1268 1268 1267 1267 2091 2091 2091 2091 1267 1267 1265 1265 2091 2091 1265 1265 1966 1966 1966 1966 1265 1265 1271 1271 1966 1966 1271 1271 1270 1270 1988 1988 1990 1990 2092 2092 2092 2092 1990 1990 1991 1991 2092 2092 1991 1991 2093 2093 2093 2093 1991 1991 1981 1981 2093 2093 1981 1981 2094 2094 2094 2094 1981 1981 1900 1900 2094 2094 1900 1900 2095 2095 2095 2095 1900 1900 1899 1899 2095 2095 1899 1899 2096 2096 2096 2096 1899 1899 2024 2024 2096 2096 2024 2024 2097 2097 2097 2097 2024 2024 2026 2026 2097 2097 2026 2026 2098 2098 1259 1259 1268 1268 1903 1903 1903 1903 1268 1268 2091 2091 1903 1903 2091 2091 1967 1967 1967 1967 2091 2091 1966 1966 1967 1967 1966 1966 1969 1969 1969 1969 1966 1966 1963 1963 1969 1969 1963 1963 1970 1970 1970 1970 1963 1963 1918 1918 1970 1970 1918 1918 2037 2037 2037 2037 1918 1918 2090 2090 2037 2037 2090 2090 2036 2036 2036 2036 2090 2090 1993 1993 2036 2036 1993 1993 2035 2035 2035 2035 1993 1993 1996 1996 2035 2035 1996 1996 2034 2034 2034 2034 1996 1996 1998 1998 2034 2034 1998 1998 2033 2033 2033 2033 1998 1998 2006 2006 2033 2033 2006 2006 2032 2032 2032 2032 2006 2006 1999 1999 2032 2032 1999 1999 2031 2031 2031 2031 1999 1999 2001 2001 2031 2031 2001 2001 2030 2030 2030 2030 2001 2001 2003 2003 2030 2030 2003 2003 2029 2029 2029 2029 2003 2003 2011 2011 2029 2029 2011 2011 2028 2028 2028 2028 2011 2011 2017 2017 2028 2028 2017 2017 2027 2027 2027 2027 2017 2017 2019 2019 2027 2027 2019 2019 2012 2012 2012 2012 2019 2019 2021 2021 2012 2012 2021 2021 2013 2013 2096 2096 2097 2097 2099 2099 2099 2099 2097 2097 2098 2098 2100 2100 2101 2101 2102 2102 1330 1330 1328 1328 2103 2103 2104 2104 1388 1388 1220 1220 1219 1219 1989 1989 1220 1220 1220 1220 1989 1989 1988 1988 1220 1220 1988 1988 2104 2104 1376 1376 1386 1386 2105 2105 2105 2105 1386 1386 1385 1385 2105 2105 1385 1385 2106 2106 1385 1385 1384 1384 2106 2106 2106 2106 1384 1384 1381 1381 2106 2106 1381 1381 2104 2104 2104 2104 1381 1381 1380 1380 2104 2104 1380 1380 1388 1388 1375 1375 1374 1374 2107 2107 2107 2107 1374 1374 2108 2108 1371 1371 2109 2109 2110 2110 1371 1371 1370 1370 2109 2109 2109 2109 1370 1370 1192 1192 2109 2109 1192 1192 2107 2107 2107 2107 1192 1192 1191 1191 2107 2107 1191 1191 1375 1375 1374 1374 1373 1373 2108 2108 2108 2108 1373 1373 1379 1379 2108 2108 1379 1379 2105 2105 2105 2105 1379 1379 1377 1377 2105 2105 1377 1377 1376 1376 2111 2111 1364 1364 2112 2112 2112 2112 1364 1364 1486 1486 2112 2112 1486 1486 1369 1369 1363 1363 2113 2113 1357 1357 1357 1357 2113 2113 2114 2114 1363 1363 1362 1362 2113 2113 2113 2113 1362 1362 1366 1366 2113 2113 1366 1366 2111 2111 2111 2111 1366 1366 1365 1365 2111 2111 1365 1365 1364 1364 1353 1353 2115 2115 1355 1355 1355 1355 2115 2115 2116 2116 1355 1355 2116 2116 1356 1356 2117 2117 2118 2118 1351 1351 1351 1351 1350 1350 2117 2117 2117 2117 1350 1350 1349 1349 2117 2117 1349 1349 2116 2116 2116 2116 1349 1349 1348 1348 2116 2116 1348 1348 1356 1356 1353 1353 1352 1352 2115 2115 2115 2115 1352 1352 1360 1360 2115 2115 1360 1360 2114 2114 2114 2114 1360 1360 1358 1358 2114 2114 1358 1358 1357 1357 2104 2104 2119 2119 2106 2106 2106 2106 2119 2119 2120 2120 2106 2106 2120 2120 2105 2105 2105 2105 2120 2120 2121 2121 2105 2105 2121 2121 2108 2108 2108 2108 2121 2121 2122 2122 2108 2108 2122 2122 2107 2107 2107 2107 2122 2122 2123 2123 2107 2107 2123 2123 2109 2109 2109 2109 2123 2123 2124 2124 2109 2109 2124 2124 2110 2110 2110 2110 2124 2124 2125 2125 2110 2110 2125 2125 2112 2112 2112 2112 2125 2125 2126 2126 2112 2112 2126 2126 2111 2111 2111 2111 2126 2126 2127 2127 2111 2111 2127 2127 2113 2113 2113 2113 2127 2127 2128 2128 2113 2113 2128 2128 2114 2114 2114 2114 2128 2128 2129 2129 2114 2114 2129 2129 2115 2115 2115 2115 2129 2129 2130 2130 2115 2115 2130 2130 2116 2116 2116 2116 2130 2130 2131 2131 2116 2116 2131 2131 2117 2117 2117 2117 2131 2131 2132 2132 2117 2117 2132 2132 2118 2118 2118 2118 2132 2132 2133 2133 2118 2118 2133 2133 2134 2134 1369 1369 1368 1368 2112 2112 2112 2112 1368 1368 1367 1367 2112 2112 1367 1367 2110 2110 2110 2110 1367 1367 1372 1372 2110 2110 1372 1372 1371 1371 2135 2135 2136 2136 2137 2137 2137 2137 2136 2136 2138 2138 2138 2138 2136 2136 2139 2139 2138 2138 2139 2139 2140 2140 2140 2140 2139 2139 2141 2141 2140 2140 2141 2141 2142 2142 2143 2143 2144 2144 2145 2145 2145 2145 2103 2103 2143 2143 2143 2143 2103 2103 2146 2146 2143 2143 2146 2146 2147 2147 2147 2147 2146 2146 2148 2148 2147 2147 2148 2148 2149 2149 2149 2149 2148 2148 2150 2150 2149 2149 2150 2150 2151 2151 2151 2151 2150 2150 2152 2152 1341 1341 1344 1344 2134 2134 2133 2133 2135 2135 2134 2134 2134 2134 2135 2135 2137 2137 2134 2134 2137 2137 1341 1341 1341 1341 2137 2137 1342 1342 2140 2140 1339 1339 2138 2138 2138 2138 1339 1339 1338 1338 2138 2138 1338 1338 1149 1149 1149 1149 1148 1148 2138 2138 2138 2138 1148 1148 1340 1340 2138 2138 1340 1340 2137 2137 2137 2137 1340 1340 1343 1343 2137 2137 1343 1343 1342 1342 1337 1337 2142 2142 1153 1153 1153 1153 2142 2142 2153 2153 1153 1153 2153 2153 1154 1154 1337 1337 1336 1336 2142 2142 2142 2142 1336 1336 1152 1152 2142 2142 1152 1152 2140 2140 2140 2140 1152 1152 1151 1151 2140 2140 1151 1151 1339 1339 1160 1160 1159 1159 2145 2145 2145 2145 1159 1159 1333 1333 2145 2145 1333 1333 2103 2103 2103 2103 1333 1333 1332 1332 2103 2103 1332 1332 1330 1330 2141 2141 2152 2152 2142 2142 2142 2142 2152 2152 2150 2150 2142 2142 2150 2150 2153 2153 2153 2153 2150 2150 2148 2148 2153 2153 2148 2148 2154 2154 2154 2154 2148 2148 2146 2146 2154 2154 2146 2146 2155 2155 2155 2155 2146 2146 2103 2103 2155 2155 2103 2103 1157 1157 1157 1157 2103 2103 1328 1328 1157 1157 1156 1156 2155 2155 2155 2155 1156 1156 1334 1334 2155 2155 1334 1334 2154 2154 2154 2154 1334 1334 1471 1471 2154 2154 1471 1471 2153 2153 2153 2153 1471 1471 1495 1495 2153 2153 1495 1495 1154 1154 1931 1931 2145 2145 1932 1932 1932 1932 2145 2145 2144 2144 1932 1932 2144 2144 2073 2073 2102 2102 2156 2156 2100 2100 2100 2100 2156 2156 2157 2157 2100 2100 2157 2157 2158 2158 2158 2158 2157 2157 2159 2159 2158 2158 2159 2159 2160 2160 2161 2161 2162 2162 2163 2163 2163 2163 2162 2162 2164 2164 2163 2163 2164 2164 2165 2165 2159 2159 2166 2166 2160 2160 2160 2160 2166 2166 2167 2167 2160 2160 2167 2167 2161 2161 2161 2161 2167 2167 2168 2168 2161 2161 2168 2168 2162 2162 2164 2164 2169 2169 2165 2165 2165 2165 2169 2169 2170 2170 2165 2165 2170 2170 2171 2171 2170 2170 2172 2172 2171 2171 2171 2171 2172 2172 2173 2173 2171 2171 2173 2173 2174 2174 2174 2174 2173 2173 2175 2175 2174 2174 2175 2175 2176 2176 2043 2043 2042 2042 2177 2177 2177 2177 2042 2042 2176 2176 2177 2177 2176 2176 2178 2178 2178 2178 2176 2176 2175 2175 2098 2098 2179 2179 2099 2099 2099 2099 2179 2179 2180 2180 2099 2099 2180 2180 2181 2181 2181 2181 2180 2180 2182 2182 2181 2181 2182 2182 2183 2183 2182 2182 2184 2184 2183 2183 2183 2183 2184 2184 2185 2185 2183 2183 2185 2185 2186 2186 2186 2186 2185 2185 2187 2187 2186 2186 2187 2187 2188 2188 2188 2188 2187 2187 2189 2189 2188 2188 2189 2189 2190 2190 2191 2191 2192 2192 2193 2193 2194 2194 2195 2195 2196 2196 2196 2196 2195 2195 2197 2197 2191 2191 2198 2198 2192 2192 2192 2192 2198 2198 2199 2199 2192 2192 2199 2199 2197 2197 2197 2197 2199 2199 2200 2200 2197 2197 2200 2200 2196 2196 2201 2201 2202 2202 2203 2203 2203 2203 2202 2202 2204 2204 2201 2201 2205 2205 2202 2202 2202 2202 2205 2205 2206 2206 2202 2202 2206 2206 2207 2207 2194 2194 2208 2208 2195 2195 2195 2195 2208 2208 2209 2209 2195 2195 2209 2209 2204 2204 2204 2204 2209 2209 2210 2210 2204 2204 2210 2210 2203 2203 2189 2189 2211 2211 2190 2190 2190 2190 2211 2211 2212 2212 2190 2190 2212 2212 2213 2213 2213 2213 2212 2212 2214 2214 2213 2213 2214 2214 2193 2193 2193 2193 2214 2214 2215 2215 2193 2193 2215 2215 2191 2191 1988 1988 2092 2092 2104 2104 2104 2104 2092 2092 2093 2093 2104 2104 2093 2093 2119 2119 2119 2119 2093 2093 2094 2094 2119 2119 2094 2094 2095 2095 2206 2206 2216 2216 2207 2207 2207 2207 2216 2216 2217 2217 2207 2207 2217 2217 2218 2218 2218 2218 2217 2217 2219 2219 2218 2218 2219 2219 2101 2101 2101 2101 2219 2219 2220 2220 2101 2101 2220 2220 2102 2102 1931 1931 1943 1943 2145 2145 2145 2145 1943 1943 1944 1944 2145 2145 1944 1944 1160 1160 1160 1160 1944 1944 1324 1324 1344 1344 1347 1347 2134 2134 2134 2134 1347 1347 1346 1346 2134 2134 1346 1346 2118 2118 2118 2118 1346 1346 1345 1345 2118 2118 1345 1345 1351 1351 2042 2042 2073 2073 2176 2176 2176 2176 2073 2073 2144 2144 2176 2176 2144 2144 2174 2174 2174 2174 2144 2144 2143 2143 2174 2174 2143 2143 2171 2171 2171 2171 2143 2143 2147 2147 2171 2171 2147 2147 2165 2165 2165 2165 2147 2147 2149 2149 2165 2165 2149 2149 2163 2163 2163 2163 2149 2149 2151 2151 2163 2163 2151 2151 2161 2161 2161 2161 2151 2151 2152 2152 2161 2161 2152 2152 2160 2160 2160 2160 2152 2152 2141 2141 2160 2160 2141 2141 2158 2158 2158 2158 2141 2141 2139 2139 2158 2158 2139 2139 2100 2100 2100 2100 2139 2139 2136 2136 2100 2100 2136 2136 2101 2101 2101 2101 2136 2136 2135 2135 2101 2101 2135 2135 2218 2218 2218 2218 2135 2135 2133 2133 2218 2218 2133 2133 2207 2207 2207 2207 2133 2133 2132 2132 2207 2207 2132 2132 2202 2202 2202 2202 2132 2132 2131 2131 2202 2202 2131 2131 2204 2204 2204 2204 2131 2131 2130 2130 2204 2204 2130 2130 2195 2195 2195 2195 2130 2130 2129 2129 2195 2195 2129 2129 2197 2197 2197 2197 2129 2129 2128 2128 2197 2197 2128 2128 2192 2192 2192 2192 2128 2128 2127 2127 2192 2192 2127 2127 2193 2193 2193 2193 2127 2127 2126 2126 2193 2193 2126 2126 2213 2213 2213 2213 2126 2126 2125 2125 2213 2213 2125 2125 2190 2190 2190 2190 2125 2125 2124 2124 2190 2190 2124 2124 2188 2188 2188 2188 2124 2124 2123 2123 2188 2188 2123 2123 2186 2186 2186 2186 2123 2123 2122 2122 2186 2186 2122 2122 2183 2183 2183 2183 2122 2122 2121 2121 2183 2183 2121 2121 2181 2181 2181 2181 2121 2121 2120 2120 2181 2181 2120 2120 2099 2099 2099 2099 2120 2120 2119 2119 2099 2099 2119 2119 2096 2096 2096 2096 2119 2119 2095 2095 2221 2221 2222 2222 2223 2223 2224 2224 2225 2225 2223 2223 2223 2223 2225 2225 2226 2226 2223 2223 2226 2226 2221 2221 2227 2227 2228 2228 2223 2223 2223 2223 2228 2228 2229 2229 2223 2223 2229 2229 2224 2224 2230 2230 2231 2231 2223 2223 2223 2223 2231 2231 2232 2232 2223 2223 2232 2232 2227 2227 2233 2233 2234 2234 2223 2223 2223 2223 2234 2234 2235 2235 2223 2223 2235 2235 2230 2230 2236 2236 2237 2237 2223 2223 2223 2223 2237 2237 2238 2238 2223 2223 2238 2238 2233 2233 2239 2239 2240 2240 2223 2223 2223 2223 2240 2240 2241 2241 2223 2223 2241 2241 2236 2236 2222 2222 2242 2242 2223 2223 2223 2223 2242 2242 2243 2243 2223 2223 2243 2243 2239 2239 2244 2244 2245 2245 2246 2246 2247 2247 2248 2248 2249 2249 2249 2249 2248 2248 2250 2250 2251 2251 2252 2252 2253 2253 1711 1711 1710 1710 2254 2254 2255 2255 2256 2256 2257 2257 2258 2258 2259 2259 2260 2260 2261 2261 2262 2262 2263 2263 2263 2263 2262 2262 2264 2264 2263 2263 2264 2264 2265 2265 2266 2266 2267 2267 2268 2268 2266 2266 2269 2269 2270 2270 2270 2270 2269 2269 2271 2271 2270 2270 2271 2271 2272 2272 2272 2272 2273 2273 2274 2274 2274 2274 2273 2273 2275 2275 2274 2274 2275 2275 2276 2276 1586 1586 2277 2277 1588 1588 1588 1588 2277 2277 2261 2261 1588 1588 2261 2261 1589 1589 1589 1589 2261 2261 2263 2263 1589 1589 2263 2263 1581 1581 1570 1570 1579 1579 2275 2275 2275 2275 1579 1579 2265 2265 2275 2275 2265 2265 2276 2276 2276 2276 2265 2265 2264 2264 1579 1579 1578 1578 2265 2265 2265 2265 1578 1578 1584 1584 2265 2265 1584 1584 2263 2263 2263 2263 1584 1584 1582 1582 2263 2263 1582 1582 1581 1581 2271 2271 1735 1735 1577 1577 2272 2272 2271 2271 2273 2273 2273 2273 2271 2271 1577 1577 2273 2273 1577 1577 1576 1576 2268 2268 1733 1733 1732 1732 2266 2266 2268 2268 2269 2269 2269 2269 2268 2268 1732 1732 2269 2269 1732 1732 1816 1816 1816 1816 1739 1739 2269 2269 2269 2269 1739 1739 1738 1738 2269 2269 1738 1738 2271 2271 2271 2271 1738 1738 1736 1736 2271 2271 1736 1736 1735 1735 1576 1576 1574 1574 2273 2273 2273 2273 1574 1574 1573 1573 2273 2273 1573 1573 2275 2275 2275 2275 1573 1573 1571 1571 2275 2275 1571 1571 1570 1570 2260 2260 2259 2259 2278 2278 2278 2278 2259 2259 2279 2279 2278 2278 2279 2279 2280 2280 2280 2280 2279 2279 2281 2281 2280 2280 2281 2281 2267 2267 2257 2257 2256 2256 2282 2282 2282 2282 2256 2256 2283 2283 2282 2282 2283 2283 2284 2284 2285 2285 1722 1722 1728 1728 2285 2285 1728 1728 2286 2286 1718 1718 1717 1717 2259 2259 1718 1718 2259 2259 1720 1720 1720 1720 2259 2259 2258 2258 1720 1720 2258 2258 1721 1721 1721 1721 2258 2258 2287 2287 1721 1721 2287 2287 1712 1712 1717 1717 1727 1727 2288 2288 2288 2288 1727 1727 1725 1725 2288 2288 1725 1725 2285 2285 2285 2285 1725 1725 1723 1723 2285 2285 1723 1723 1722 1722 2289 2289 1707 1707 1706 1706 2289 2289 1706 1706 2254 2254 2254 2254 1706 1706 1838 1838 2254 2254 1838 1838 1711 1711 1710 1710 1716 1716 2254 2254 2254 2254 1716 1716 1715 1715 2254 2254 1715 1715 2287 2287 2287 2287 1715 1715 1713 1713 2287 2287 1713 1713 1712 1712 2267 2267 2281 2281 2268 2268 2268 2268 2281 2281 1535 1535 2268 2268 1535 1535 1733 1733 1728 1728 1730 1730 2286 2286 2286 2286 1730 1730 1731 1731 2286 2286 1731 1731 1536 1536 1717 1717 2288 2288 2259 2259 2259 2259 2288 2288 2285 2285 2259 2259 2285 2285 2279 2279 2279 2279 2285 2285 2286 2286 2279 2279 2286 2286 2281 2281 2281 2281 2286 2286 1536 1536 2281 2281 1536 1536 1535 1535 2290 2290 2291 2291 2292 2292 2292 2292 2291 2291 2293 2293 2290 2290 2294 2294 2295 2295 2295 2295 2294 2294 2296 2296 2295 2295 2296 2296 2297 2297 2298 2298 2299 2299 2300 2300 2300 2300 2299 2299 2301 2301 2300 2300 2301 2301 2302 2302 2297 2297 2253 2253 2303 2303 2303 2303 2253 2253 2252 2252 2303 2303 2252 2252 2304 2304 2304 2304 2252 2252 2305 2305 2304 2304 2305 2305 2306 2306 2306 2306 2305 2305 2307 2307 2306 2306 2307 2307 2308 2308 2309 2309 2308 2308 2310 2310 2310 2310 2308 2308 2307 2307 2310 2310 2307 2307 1698 1698 1698 1698 2307 2307 1694 1694 1698 1698 1694 1694 1693 1693 1682 1682 1683 1683 2251 2251 2251 2251 1683 1683 1685 1685 2251 2251 1685 1685 2252 2252 2252 2252 1685 1685 1688 1688 2252 2252 1688 1688 2305 2305 2305 2305 1688 1688 1687 1687 2296 2296 1674 1674 1676 1676 2296 2296 1676 1676 2311 2311 1676 1676 1677 1677 2311 2311 2311 2311 1677 1677 1679 1679 2311 2311 1679 1679 1681 1681 2297 2297 2296 2296 2253 2253 2253 2253 2296 2296 2311 2311 2253 2253 2311 2311 2251 2251 2251 2251 2311 2311 1681 1681 2251 2251 1681 1681 1682 1682 2290 2290 2292 2292 2294 2294 2294 2294 2292 2292 1667 1667 2294 2294 1667 1667 1669 1669 1653 1653 1661 1661 2312 2312 2312 2312 1661 1661 1659 1659 2291 2291 2313 2313 2293 2293 2293 2293 2313 2313 2312 2312 2293 2293 2312 2312 1666 1666 1666 1666 2312 2312 1659 1659 1666 1666 1665 1665 2293 2293 2293 2293 1665 1665 1663 1663 2293 2293 1663 1663 2292 2292 2292 2292 1663 1663 1662 1662 2292 2292 1662 1662 1667 1667 1669 1669 1670 1670 2294 2294 2294 2294 1670 1670 1672 1672 2294 2294 1672 1672 2296 2296 2296 2296 1672 1672 1673 1673 2296 2296 1673 1673 1674 1674 1687 1687 1697 1697 2305 2305 2305 2305 1697 1697 1696 1696 2305 2305 1696 1696 2307 2307 2307 2307 1696 1696 1695 1695 2307 2307 1695 1695 1694 1694 2249 2249 2314 2314 2247 2247 2247 2247 2314 2314 2315 2315 2247 2247 2315 2315 2316 2316 2316 2316 2315 2315 2317 2317 2316 2316 2317 2317 2318 2318 2319 2319 2320 2320 2321 2321 2321 2321 2320 2320 2322 2322 2321 2321 2322 2322 2323 2323 2317 2317 2324 2324 2318 2318 2318 2318 2324 2324 2325 2325 2318 2318 2325 2325 2319 2319 2319 2319 2325 2325 2326 2326 2319 2319 2326 2326 2320 2320 2327 2327 2328 2328 2329 2329 2329 2329 2328 2328 2330 2330 2329 2329 2330 2330 2331 2331 2331 2331 2330 2330 2332 2332 2331 2331 2332 2332 2333 2333 2333 2333 2332 2332 2334 2334 2333 2333 2334 2334 2335 2335 2335 2335 2334 2334 2336 2336 2335 2335 2336 2336 2337 2337 2337 2337 2336 2336 2338 2338 2337 2337 2338 2338 2339 2339 2339 2339 2338 2338 2340 2340 2339 2339 2340 2340 2341 2341 2341 2341 2340 2340 2342 2342 2341 2341 2342 2342 2343 2343 2344 2344 2345 2345 2346 2346 2346 2346 2345 2345 2347 2347 2322 2322 2348 2348 2323 2323 2323 2323 2348 2348 2349 2349 2323 2323 2349 2349 2347 2347 2347 2347 2349 2349 2350 2350 2347 2347 2350 2350 2346 2346 2345 2345 2351 2351 2347 2347 2347 2347 2351 2351 2327 2327 2347 2347 2327 2327 2323 2323 2323 2323 2327 2327 2329 2329 2323 2323 2329 2329 2321 2321 2321 2321 2329 2329 2331 2331 2321 2321 2331 2331 2319 2319 2319 2319 2331 2331 2333 2333 2319 2319 2333 2333 2318 2318 2318 2318 2333 2333 2335 2335 2318 2318 2335 2335 2316 2316 2316 2316 2335 2335 2337 2337 2316 2316 2337 2337 2247 2247 2247 2247 2337 2337 2339 2339 2247 2247 2339 2339 2248 2248 2248 2248 2339 2339 2341 2341 2248 2248 2341 2341 2352 2352 2352 2352 2341 2341 2343 2343 2352 2352 2343 2343 2353 2353 2354 2354 2355 2355 2356 2356 2357 2357 2358 2358 2359 2359 2357 2357 2359 2359 2360 2360 2360 2360 2359 2359 2361 2361 2360 2360 2361 2361 2245 2245 2245 2245 2361 2361 2362 2362 2245 2245 2362 2362 2246 2246 2358 2358 2357 2357 2363 2363 2363 2363 2357 2357 2364 2364 2363 2363 2364 2364 2365 2365 2365 2365 2364 2364 2366 2366 2365 2365 2366 2366 2367 2367 2367 2367 2366 2366 2354 2354 2367 2367 2354 2354 2368 2368 2368 2368 2354 2354 2356 2356 2368 2368 2356 2356 2369 2369 2370 2370 2371 2371 2372 2372 2373 2373 2374 2374 2375 2375 2370 2370 2376 2376 2371 2371 2371 2371 2376 2376 2377 2377 2371 2371 2377 2377 2378 2378 2378 2378 2377 2377 2379 2379 2378 2378 2379 2379 2374 2374 2374 2374 2379 2379 2380 2380 2374 2374 2380 2380 2375 2375 2375 2375 2381 2381 2373 2373 2373 2373 2381 2381 2382 2382 2373 2373 2382 2382 2383 2383 2383 2383 2382 2382 2384 2384 2383 2383 2384 2384 2385 2385 2246 2246 2386 2386 2244 2244 2244 2244 2386 2386 2387 2387 2244 2244 2387 2387 2372 2372 2372 2372 2387 2387 2388 2388 2372 2372 2388 2388 2370 2370 2389 2389 2355 2355 2390 2390 2390 2390 2355 2355 2354 2354 2390 2390 2354 2354 2391 2391 2391 2391 2354 2354 2366 2366 2391 2391 2366 2366 2392 2392 2392 2392 2366 2366 2364 2364 2392 2392 2364 2364 2393 2393 2393 2393 2364 2364 2357 2357 2393 2393 2357 2357 2394 2394 2394 2394 2357 2357 2360 2360 2394 2394 2360 2360 2395 2395 2395 2395 2360 2360 2245 2245 2395 2395 2245 2245 2396 2396 2396 2396 2245 2245 2244 2244 2396 2396 2244 2244 2397 2397 2397 2397 2244 2244 2372 2372 2397 2397 2372 2372 2398 2398 2398 2398 2372 2372 2371 2371 2398 2398 2371 2371 2399 2399 2399 2399 2371 2371 2378 2378 2399 2399 2378 2378 2400 2400 2400 2400 2378 2378 2374 2374 2400 2400 2374 2374 2401 2401 2401 2401 2374 2374 2373 2373 2401 2401 2373 2373 2402 2402 2402 2402 2373 2373 2383 2383 2402 2402 2383 2383 2403 2403 2403 2403 2383 2383 2385 2385 2403 2403 2385 2385 2404 2404 2404 2404 2385 2385 2405 2405 2404 2404 2405 2405 2406 2406 2384 2384 2407 2407 2385 2385 2385 2385 2407 2407 2408 2408 2385 2385 2408 2408 2405 2405 2405 2405 2408 2408 2409 2409 2405 2405 2409 2409 2406 2406 2406 2406 2409 2409 2410 2410 2406 2406 2410 2410 2411 2411 2313 2313 2300 2300 2312 2312 2312 2312 2300 2300 2302 2302 2312 2312 2302 2302 1653 1653 1653 1653 2302 2302 1654 1654 1701 1701 1708 1708 2255 2255 1698 1698 1700 1700 2310 2310 2310 2310 1700 1700 1703 1703 2310 2310 1703 1703 1702 1702 2257 2257 2309 2309 2255 2255 2255 2255 2309 2309 2310 2310 2255 2255 2310 2310 1701 1701 1701 1701 2310 2310 1702 1702 2260 2260 2284 2284 2258 2258 2258 2258 2284 2284 2283 2283 2258 2258 2283 2283 2287 2287 2287 2287 2283 2283 2256 2256 2287 2287 2256 2256 2254 2254 2254 2254 2256 2256 2255 2255 2254 2254 2255 2255 2289 2289 2289 2289 2255 2255 1708 1708 2289 2289 1708 1708 1707 1707 2262 2262 2412 2412 2264 2264 2264 2264 2412 2412 2413 2413 2264 2264 2413 2413 2276 2276 2276 2276 2413 2413 2414 2414 2276 2276 2414 2414 2274 2274 2274 2274 2414 2414 2415 2415 2274 2274 2415 2415 2272 2272 2272 2272 2415 2415 2416 2416 2272 2272 2416 2416 2270 2270 2270 2270 2416 2416 2417 2417 2270 2270 2417 2417 2266 2266 2266 2266 2417 2417 2418 2418 2266 2266 2418 2418 2267 2267 2267 2267 2418 2418 2419 2419 2267 2267 2419 2419 2280 2280 2280 2280 2419 2419 2420 2420 2280 2280 2420 2420 2278 2278 2278 2278 2420 2420 2421 2421 2278 2278 2421 2421 2260 2260 2260 2260 2421 2421 2422 2422 2260 2260 2422 2422 2284 2284 2284 2284 2422 2422 2423 2423 2284 2284 2423 2423 2282 2282 2282 2282 2423 2423 2424 2424 2282 2282 2424 2424 2257 2257 2257 2257 2424 2424 2425 2425 2257 2257 2425 2425 2309 2309 2309 2309 2425 2425 2426 2426 2309 2309 2426 2426 2308 2308 2308 2308 2426 2426 2353 2353 2308 2308 2353 2353 2306 2306 2306 2306 2353 2353 2343 2343 2306 2306 2343 2343 2304 2304 2304 2304 2343 2343 2342 2342 2304 2304 2342 2342 2303 2303 2303 2303 2342 2342 2340 2340 2303 2303 2340 2340 2297 2297 2297 2297 2340 2340 2338 2338 2297 2297 2338 2338 2295 2295 2295 2295 2338 2338 2336 2336 2295 2295 2336 2336 2290 2290 2290 2290 2336 2336 2334 2334 2290 2290 2334 2334 2291 2291 2291 2291 2334 2334 2332 2332 2291 2291 2332 2332 2313 2313 2313 2313 2332 2332 2330 2330 2313 2313 2330 2330 2300 2300 2300 2300 2330 2330 2328 2328 2300 2300 2328 2328 2298 2298 2298 2298 2328 2328 2327 2327 2298 2298 2327 2327 2427 2427 2427 2427 2327 2327 2351 2351 2412 2412 2389 2389 2413 2413 2413 2413 2389 2389 2390 2390 2413 2413 2390 2390 2414 2414 2414 2414 2390 2390 2391 2391 2414 2414 2391 2391 2415 2415 2415 2415 2391 2391 2392 2392 2415 2415 2392 2392 2416 2416 2416 2416 2392 2392 2393 2393 2416 2416 2393 2393 2417 2417 2417 2417 2393 2393 2394 2394 2417 2417 2394 2394 2418 2418 2418 2418 2394 2394 2395 2395 2418 2418 2395 2395 2419 2419 2419 2419 2395 2395 2396 2396 2419 2419 2396 2396 2420 2420 2420 2420 2396 2396 2397 2397 2420 2420 2397 2397 2421 2421 2421 2421 2397 2397 2398 2398 2421 2421 2398 2398 2422 2422 2422 2422 2398 2398 2399 2399 2422 2422 2399 2399 2423 2423 2423 2423 2399 2399 2400 2400 2423 2423 2400 2400 2424 2424 2424 2424 2400 2400 2401 2401 2424 2424 2401 2401 2425 2425 2425 2425 2401 2401 2402 2402 2425 2425 2402 2402 2426 2426 2426 2426 2402 2402 2403 2403 2426 2426 2403 2403 2353 2353 2353 2353 2403 2403 2404 2404 2353 2353 2404 2404 2352 2352 2352 2352 2404 2404 2406 2406 2352 2352 2406 2406 2248 2248 2248 2248 2406 2406 2411 2411 2248 2248 2411 2411 2250 2250 2351 2351 2345 2345 2428 2428 2428 2428 2345 2345 2344 2344 2356 2356 2355 2355 2429 2429 2430 2430 2431 2431 2432 2432 2432 2432 2431 2431 2433 2433 1616 1616 1617 1617 2434 2434 1643 1643 1642 1642 2435 2435 2436 2436 2437 2437 2438 2438 2439 2439 2440 2440 2441 2441 2442 2442 2443 2443 2444 2444 2445 2445 2446 2446 2447 2447 2299 2299 2298 2298 2448 2448 2448 2448 2298 2298 2449 2449 2299 2299 2448 2448 2301 2301 2301 2301 2448 2448 2450 2450 2301 2301 2450 2450 2302 2302 2451 2451 2452 2452 2453 2453 2453 2453 2452 2452 2454 2454 2453 2453 2454 2454 2455 2455 2455 2455 2454 2454 2456 2456 2455 2455 2456 2456 2449 2449 2451 2451 2445 2445 2457 2457 2446 2446 2442 2442 2458 2458 2446 2446 2458 2458 2447 2447 2447 2447 2458 2458 2435 2435 2447 2447 2435 2435 2459 2459 2452 2452 2460 2460 2454 2454 2454 2454 2460 2460 2461 2461 2454 2454 2461 2461 2456 2456 2456 2456 2461 2461 2462 2462 1652 1652 1657 1657 2450 2450 2450 2450 1657 1657 1656 1656 2450 2450 1656 1656 2302 2302 2302 2302 1656 1656 1654 1654 1539 1539 1538 1538 2462 2462 2449 2449 2456 2456 2448 2448 2448 2448 2456 2456 2462 2462 2448 2448 2462 2462 2450 2450 2450 2450 2462 2462 1538 1538 2450 2450 1538 1538 1652 1652 2463 2463 1541 1541 1648 1648 2451 2451 2457 2457 2452 2452 2452 2452 2457 2457 2463 2463 2452 2452 2463 2463 2460 2460 2460 2460 2463 2463 1648 1648 2460 2460 1648 1648 1647 1647 2435 2435 1642 1642 2459 2459 2459 2459 1642 1642 1641 1641 2459 2459 1641 1641 1542 1542 2445 2445 2447 2447 2457 2457 2457 2457 2447 2447 2459 2459 2457 2457 2459 2459 2463 2463 2463 2463 2459 2459 1542 1542 2463 2463 1542 1542 1541 1541 1647 1647 1645 1645 2460 2460 2460 2460 1645 1645 1644 1644 2460 2460 1644 1644 2461 2461 2461 2461 1644 1644 1650 1650 2461 2461 1650 1650 2462 2462 2462 2462 1650 1650 1649 1649 2462 2462 1649 1649 1539 1539 2440 2440 2464 2464 2465 2465 2466 2466 2444 2444 2467 2467 2467 2467 2444 2444 2443 2443 2467 2467 2443 2443 2439 2439 2440 2440 2465 2465 2441 2441 2441 2441 2465 2465 2468 2468 2441 2441 2468 2468 2469 2469 2436 2436 2470 2470 2471 2471 2471 2471 2470 2470 2472 2472 2471 2471 2472 2472 2473 2473 2473 2473 2472 2472 2474 2474 2473 2473 2474 2474 2464 2464 2470 2470 2475 2475 2472 2472 2472 2472 2475 2475 2476 2476 2472 2472 2476 2476 2474 2474 2474 2474 2476 2476 2477 2477 2466 2466 1636 1636 1635 1635 1635 1635 1634 1634 2466 2466 2466 2466 1634 1634 2478 2478 2466 2466 2478 2478 2444 2444 1628 1628 1633 1633 2469 2469 1632 1632 1631 1631 2468 2468 2468 2468 1631 1631 1630 1630 2468 2468 1630 1630 2469 2469 2469 2469 1630 1630 1629 1629 2469 2469 1629 1629 1628 1628 2439 2439 2441 2441 2467 2467 2467 2467 2441 2441 2469 2469 2467 2467 2469 2469 2466 2466 2466 2466 2469 2469 1633 1633 2466 2466 1633 1633 1636 1636 1544 1544 1619 1619 2479 2479 2479 2479 1619 1619 1620 1620 2479 2479 1620 1620 2480 2480 2480 2480 1620 1620 1621 1621 2480 2480 1621 1621 1626 1626 1625 1625 1623 1623 2477 2477 2477 2477 1623 1623 1622 1622 2477 2477 1622 1622 1751 1751 2464 2464 2474 2474 2465 2465 2465 2465 2474 2474 2477 2477 2465 2465 2477 2477 2468 2468 2468 2468 2477 2477 1751 1751 2468 2468 1751 1751 1632 1632 1634 1634 1637 1637 2478 2478 2478 2478 1637 1637 1638 1638 2478 2478 1638 1638 1640 1640 2442 2442 2444 2444 2458 2458 2458 2458 2444 2444 2478 2478 2458 2458 2478 2478 2435 2435 2435 2435 2478 2478 1640 1640 2435 2435 1640 1640 1643 1643 2412 2412 2262 2262 2481 2481 2481 2481 2262 2262 2482 2482 2481 2481 2482 2482 2483 2483 2483 2483 2482 2482 2484 2484 2483 2483 2484 2484 2485 2485 2485 2485 2484 2484 2486 2486 2485 2485 2486 2486 2487 2487 2487 2487 2486 2486 2488 2488 2487 2487 2488 2488 2489 2489 2489 2489 2488 2488 2490 2490 2489 2489 2490 2490 2491 2491 2491 2491 2490 2490 2492 2492 2491 2491 2492 2492 2493 2493 2493 2493 2492 2492 2494 2494 2493 2493 2494 2494 2495 2495 2495 2495 2494 2494 2496 2496 2495 2495 2496 2496 2497 2497 2497 2497 2496 2496 2498 2498 1603 1603 1607 1607 2499 2499 1604 1604 1603 1603 2500 2500 2500 2500 1603 1603 2499 2499 2500 2500 2499 2499 2501 2501 2501 2501 2499 2499 2502 2502 2501 2501 2502 2502 2503 2503 1607 1607 1609 1609 2499 2499 2499 2499 1609 1609 1610 1610 2499 2499 1610 1610 2502 2502 2502 2502 1610 1610 1551 1551 2502 2502 1551 1551 1550 1550 1550 1550 1614 1614 2502 2502 2502 2502 1614 1614 2504 2504 2502 2502 2504 2504 2503 2503 2503 2503 2504 2504 2505 2505 2506 2506 1553 1553 1601 1601 1553 1553 2506 2506 1554 1554 1554 1554 2506 2506 2507 2507 1554 1554 2507 2507 1595 1595 2508 2508 1590 1590 2509 2509 2509 2509 1590 1590 1594 1594 1594 1594 1593 1593 2509 2509 2509 2509 1593 1593 1597 1597 2509 2509 1597 1597 2507 2507 2507 2507 1597 1597 1596 1596 2507 2507 1596 1596 1595 1595 1604 1604 2500 2500 1606 1606 1606 1606 2500 2500 2510 2510 1606 1606 2510 2510 1598 1598 1614 1614 1613 1613 2504 2504 2504 2504 1613 1613 1612 1612 2504 2504 1612 1612 2505 2505 2505 2505 1612 1612 1611 1611 2505 2505 1611 1611 1615 1615 2262 2262 2261 2261 2482 2482 2482 2482 2261 2261 2511 2511 2482 2482 2511 2511 2484 2484 2484 2484 2511 2511 2512 2512 2484 2484 2512 2512 2486 2486 2486 2486 2512 2512 2513 2513 2486 2486 2513 2513 2488 2488 2488 2488 2513 2513 2514 2514 2488 2488 2514 2514 2490 2490 2490 2490 2514 2514 2510 2510 2490 2490 2510 2510 2492 2492 2492 2492 2510 2510 2500 2500 2492 2492 2500 2500 2494 2494 2494 2494 2500 2500 2501 2501 2494 2494 2501 2501 2496 2496 2496 2496 2501 2501 2503 2503 2496 2496 2503 2503 2498 2498 2498 2498 2503 2503 2505 2505 2515 2515 2516 2516 2517 2517 2517 2517 2518 2518 2515 2515 2515 2515 2518 2518 2519 2519 2515 2515 2519 2519 2520 2520 2520 2520 2519 2519 2521 2521 2520 2520 2521 2521 2429 2429 2432 2432 2522 2522 2430 2430 2430 2430 2522 2522 2523 2523 2430 2430 2523 2523 2524 2524 2524 2524 2523 2523 2525 2525 2524 2524 2525 2525 2526 2526 2526 2526 2525 2525 2527 2527 2526 2526 2527 2527 2528 2528 2528 2528 2527 2527 2529 2529 2528 2528 2529 2529 2516 2516 2516 2516 2529 2529 2530 2530 2516 2516 2530 2530 2517 2517 2369 2369 2356 2356 2531 2531 2531 2531 2356 2356 2429 2429 2531 2531 2429 2429 2532 2532 2532 2532 2429 2429 2521 2521 2355 2355 2389 2389 2429 2429 2429 2429 2389 2389 2533 2533 2429 2429 2533 2533 2520 2520 2520 2520 2533 2533 2534 2534 2520 2520 2534 2534 2515 2515 2515 2515 2534 2534 2535 2535 2515 2515 2535 2535 2516 2516 2516 2516 2535 2535 2536 2536 2516 2516 2536 2536 2528 2528 2528 2528 2536 2536 2537 2537 2528 2528 2537 2537 2526 2526 2526 2526 2537 2537 2538 2538 2526 2526 2538 2538 2524 2524 2524 2524 2538 2538 2539 2539 2524 2524 2539 2539 2430 2430 2430 2430 2539 2539 2540 2540 2430 2430 2540 2540 2431 2431 2431 2431 2540 2540 2541 2541 2431 2431 2541 2541 2542 2542 2542 2542 2541 2541 2543 2543 2542 2542 2543 2543 2437 2437 2437 2437 2543 2543 2544 2544 2437 2437 2544 2544 2438 2438 2438 2438 2544 2544 2434 2434 2438 2438 2434 2434 2545 2545 2546 2546 2547 2547 2548 2548 2548 2548 2549 2549 2546 2546 2546 2546 2549 2549 2550 2550 2546 2546 2550 2550 2551 2551 2551 2551 2550 2550 2552 2552 2551 2551 2552 2552 2553 2553 2344 2344 2554 2554 2428 2428 2428 2428 2554 2554 2555 2555 2428 2428 2555 2555 2556 2556 2556 2556 2555 2555 2557 2557 2556 2556 2557 2557 2558 2558 2558 2558 2557 2557 2559 2559 2558 2558 2559 2559 2547 2547 2547 2547 2559 2559 2560 2560 2547 2547 2560 2560 2548 2548 2561 2561 2562 2562 2563 2563 2564 2564 2565 2565 2566 2566 2563 2563 2567 2567 2561 2561 2561 2561 2567 2567 2568 2568 2561 2561 2568 2568 2569 2569 2569 2569 2568 2568 2570 2570 2569 2569 2570 2570 2565 2565 2565 2565 2570 2570 2571 2571 2565 2565 2571 2571 2566 2566 2552 2552 2572 2572 2553 2553 2553 2553 2572 2572 2573 2573 2553 2553 2573 2573 2574 2574 2574 2574 2573 2573 2575 2575 2574 2574 2575 2575 2562 2562 2562 2562 2575 2575 2576 2576 2562 2562 2576 2576 2563 2563 2427 2427 2351 2351 2577 2577 2577 2577 2351 2351 2428 2428 2577 2577 2428 2428 2578 2578 2578 2578 2428 2428 2556 2556 2578 2578 2556 2556 2579 2579 2579 2579 2556 2556 2558 2558 2579 2579 2558 2558 2580 2580 2580 2580 2558 2558 2547 2547 2580 2580 2547 2547 2581 2581 2581 2581 2547 2547 2546 2546 2581 2581 2546 2546 2582 2582 2582 2582 2546 2546 2551 2551 2582 2582 2551 2551 2583 2583 2583 2583 2551 2551 2553 2553 2583 2583 2553 2553 2584 2584 2584 2584 2553 2553 2574 2574 2584 2584 2574 2574 2585 2585 2585 2585 2574 2574 2562 2562 2585 2585 2562 2562 2586 2586 2586 2586 2562 2562 2561 2561 2586 2586 2561 2561 2587 2587 2587 2587 2561 2561 2569 2569 2587 2587 2569 2569 2588 2588 2588 2588 2569 2569 2565 2565 2588 2588 2565 2565 2589 2589 2589 2589 2565 2565 2564 2564 2589 2589 2564 2564 2590 2590 2590 2590 2564 2564 2591 2591 2590 2590 2591 2591 2592 2592 2592 2592 2591 2591 2593 2593 2592 2592 2593 2593 2594 2594 2566 2566 2595 2595 2564 2564 2564 2564 2595 2595 2596 2596 2564 2564 2596 2596 2591 2591 2591 2591 2596 2596 2597 2597 2591 2591 2597 2597 2593 2593 2593 2593 2597 2597 2598 2598 2593 2593 2598 2598 2594 2594 2594 2594 2598 2598 2599 2599 2594 2594 2599 2599 2600 2600 2277 2277 1586 1586 1585 1585 1585 1585 1592 1592 2508 2508 2508 2508 1592 1592 1591 1591 2508 2508 1591 1591 1590 1590 2277 2277 1585 1585 2261 2261 2261 2261 1585 1585 2508 2508 2261 2261 2508 2508 2511 2511 2511 2511 2508 2508 2509 2509 2511 2511 2509 2509 2512 2512 2512 2512 2509 2509 2507 2507 2512 2512 2507 2507 2513 2513 2513 2513 2507 2507 2506 2506 2513 2513 2506 2506 2514 2514 2514 2514 2506 2506 1601 1601 2514 2514 1601 1601 2510 2510 2510 2510 1601 1601 1599 1599 2510 2510 1599 1599 1598 1598 1617 1617 1548 1548 2434 2434 2434 2434 1548 1548 1547 1547 2434 2434 1547 1547 2545 2545 2545 2545 1547 1547 1618 1618 2545 2545 1618 1618 1763 1763 2436 2436 2438 2438 2470 2470 2470 2470 2438 2438 2545 2545 2470 2470 2545 2545 2475 2475 2475 2475 2545 2545 1763 1763 2475 2475 1763 1763 1545 1545 1625 1625 2477 2477 1626 1626 1626 1626 2477 2477 2476 2476 1626 1626 2476 2476 2480 2480 2480 2480 2476 2476 2475 2475 2480 2480 2475 2475 2479 2479 2479 2479 2475 2475 1545 1545 2479 2479 1545 1545 1544 1544 2389 2389 2412 2412 2533 2533 2533 2533 2412 2412 2481 2481 2533 2533 2481 2481 2534 2534 2534 2534 2481 2481 2483 2483 2534 2534 2483 2483 2535 2535 2535 2535 2483 2483 2485 2485 2535 2535 2485 2485 2536 2536 2536 2536 2485 2485 2487 2487 2536 2536 2487 2487 2537 2537 2537 2537 2487 2487 2489 2489 2537 2537 2489 2489 2538 2538 2538 2538 2489 2489 2491 2491 2538 2538 2491 2491 2539 2539 2539 2539 2491 2491 2493 2493 2539 2539 2493 2493 2540 2540 2540 2540 2493 2493 2495 2495 2540 2540 2495 2495 2541 2541 2541 2541 2495 2495 2497 2497 2541 2541 2497 2497 2543 2543 2543 2543 2497 2497 2498 2498 2543 2543 2498 2498 2544 2544 2544 2544 2498 2498 2505 2505 2544 2544 2505 2505 2434 2434 2434 2434 2505 2505 1615 1615 2434 2434 1615 1615 1616 1616 2298 2298 2427 2427 2449 2449 2449 2449 2427 2427 2577 2577 2449 2449 2577 2577 2455 2455 2455 2455 2577 2577 2578 2578 2455 2455 2578 2578 2453 2453 2453 2453 2578 2578 2579 2579 2453 2453 2579 2579 2451 2451 2451 2451 2579 2579 2580 2580 2451 2451 2580 2580 2445 2445 2445 2445 2580 2580 2581 2581 2445 2445 2581 2581 2446 2446 2446 2446 2581 2581 2582 2582 2446 2446 2582 2582 2442 2442 2442 2442 2582 2582 2583 2583 2442 2442 2583 2583 2443 2443 2443 2443 2583 2583 2584 2584 2443 2443 2584 2584 2439 2439 2439 2439 2584 2584 2585 2585 2439 2439 2585 2585 2440 2440 2440 2440 2585 2585 2586 2586 2440 2440 2586 2586 2464 2464 2464 2464 2586 2586 2587 2587 2464 2464 2587 2587 2473 2473 2473 2473 2587 2587 2588 2588 2473 2473 2588 2588 2471 2471 2471 2471 2588 2588 2589 2589 2471 2471 2589 2589 2436 2436 2436 2436 2589 2589 2590 2590 2436 2436 2590 2590 2437 2437 2437 2437 2590 2590 2592 2592 2437 2437 2592 2592 2542 2542 2542 2542 2592 2592 2594 2594 2542 2542 2594 2594 2431 2431 2431 2431 2594 2594 2600 2600 2431 2431 2600 2600 2433 2433 1874 1874 2601 2601 1875 1875 1875 1875 2601 2601 2602 2602 1875 1875 2602 2602 1894 1894 1894 1894 2602 2602 2603 2603 1894 1894 2603 2603 1895 1895 1895 1895 2603 2603 2604 2604 1895 1895 2604 2604 1891 1891 1891 1891 2604 2604 2605 2605 1891 1891 2605 2605 1892 1892 1892 1892 2605 2605 2606 2606 1892 1892 2606 2606 1893 1893 1893 1893 2606 2606 2607 2607 1893 1893 2607 2607 1888 1888 1888 1888 2607 2607 2608 2608 1888 1888 2608 2608 1889 1889 1889 1889 2608 2608 2609 2609 1889 1889 2609 2609 1890 1890 1890 1890 2609 2609 2610 2610 1890 1890 2610 2610 1885 1885 1885 1885 2610 2610 2611 2611 1885 1885 2611 2611 1886 1886 1886 1886 2611 2611 2612 2612 1886 1886 2612 2612 1887 1887 1887 1887 2612 2612 2613 2613 1887 1887 2613 2613 1882 1882 1882 1882 2613 2613 2614 2614 1882 1882 2614 2614 1883 1883 1883 1883 2614 2614 2615 2615 1883 1883 2615 2615 1884 1884 1884 1884 2615 2615 2616 2616 1884 1884 2616 2616 1879 1879 1879 1879 2616 2616 2617 2617 1879 1879 2617 2617 1880 1880 1880 1880 2617 2617 2618 2618 1880 1880 2618 2618 1881 1881 1881 1881 2618 2618 2619 2619 1881 1881 2619 2619 1876 1876 1876 1876 2619 2619 2620 2620 1876 1876 2620 2620 1877 1877 1877 1877 2620 2620 2621 2621 1877 1877 2621 2621 1878 1878 1878 1878 2621 2621 2622 2622 1878 1878 2622 2622 1871 1871 1871 1871 2622 2622 2623 2623 1871 1871 2623 2623 1872 1872 1872 1872 2623 2623 2624 2624 1872 1872 2624 2624 1874 1874 1874 1874 2624 2624 2601 2601 2625 2625 2626 2626 2055 2055 2627 2627 2157 2157 2156 2156 2628 2628 2629 2629 2196 2196 2196 2196 2629 2629 2194 2194 2215 2215 2630 2630 2631 2631 2215 2215 2214 2214 2630 2630 2630 2630 2214 2214 2212 2212 2630 2630 2212 2212 2632 2632 2633 2633 2634 2634 2008 2008 2008 2008 2634 2634 2635 2635 2008 2008 2635 2635 2000 2000 2000 2000 2635 2635 2636 2636 2000 2000 2636 2636 2002 2002 2212 2212 2211 2211 2632 2632 2632 2632 2211 2211 2189 2189 2632 2632 2189 2189 2637 2637 2637 2637 2189 2189 2187 2187 2637 2637 2187 2187 2638 2638 2638 2638 2187 2187 2185 2185 2008 2008 2007 2007 2633 2633 2633 2633 2007 2007 2005 2005 2633 2633 2005 2005 2639 2639 2639 2639 2005 2005 2004 2004 2639 2639 2004 2004 2640 2640 2640 2640 2004 2004 2641 2641 2055 2055 2626 2626 2056 2056 2056 2056 2626 2626 2642 2642 2056 2056 2642 2642 2046 2046 2046 2046 2642 2642 2643 2643 2046 2046 2643 2643 2047 2047 2047 2047 2643 2643 2644 2644 2047 2047 2644 2644 2048 2048 2196 2196 2200 2200 2628 2628 2628 2628 2200 2200 2199 2199 2628 2628 2199 2199 2645 2645 2645 2645 2199 2199 2646 2646 2631 2631 2647 2647 2215 2215 2215 2215 2647 2647 2648 2648 2215 2215 2648 2648 2191 2191 2649 2649 2650 2650 2086 2086 2086 2086 2650 2650 2651 2651 2194 2194 2629 2629 2208 2208 2208 2208 2629 2629 2652 2652 2208 2208 2652 2652 2209 2209 2209 2209 2652 2652 2653 2653 2209 2209 2653 2653 2210 2210 2210 2210 2653 2653 2654 2654 2210 2210 2654 2654 2203 2203 2203 2203 2654 2654 2655 2655 2203 2203 2655 2655 2656 2656 2199 2199 2198 2198 2646 2646 2646 2646 2198 2198 2191 2191 2646 2646 2191 2191 2657 2657 2657 2657 2191 2191 2648 2648 2184 2184 2658 2658 2185 2185 2185 2185 2658 2658 2659 2659 2185 2185 2659 2659 2638 2638 2004 2004 1997 1997 2641 2641 2641 2641 1997 1997 1995 1995 2641 2641 1995 1995 2660 2660 2660 2660 1995 1995 1994 1994 2660 2660 1994 1994 2661 2661 2661 2661 1994 1994 2089 2089 2661 2661 2089 2089 2651 2651 2651 2651 2089 2089 2088 2088 2651 2651 2088 2088 2086 2086 2086 2086 2084 2084 2649 2649 2649 2649 2084 2084 2083 2083 2649 2649 2083 2083 2662 2662 2662 2662 2083 2083 2067 2067 2662 2662 2067 2067 2663 2663 2663 2663 2067 2067 2065 2065 2663 2663 2065 2065 2664 2664 2664 2664 2065 2065 2064 2064 2664 2664 2064 2064 2665 2665 2665 2665 2064 2064 2666 2666 2184 2184 2182 2182 2658 2658 2658 2658 2182 2182 2180 2180 2658 2658 2180 2180 2667 2667 2667 2667 2180 2180 2179 2179 2627 2627 2156 2156 2668 2668 2668 2668 2156 2156 2102 2102 2668 2668 2102 2102 2669 2669 2669 2669 2102 2102 2220 2220 2669 2669 2220 2220 2670 2670 2670 2670 2220 2220 2219 2219 2670 2670 2219 2219 2671 2671 2671 2671 2219 2219 2217 2217 2671 2671 2217 2217 2672 2672 2672 2672 2217 2217 2216 2216 2672 2672 2216 2216 2673 2673 2673 2673 2216 2216 2206 2206 2673 2673 2206 2206 2674 2674 2674 2674 2206 2206 2205 2205 2674 2674 2205 2205 2656 2656 2656 2656 2205 2205 2201 2201 2656 2656 2201 2201 2203 2203 2644 2644 2675 2675 2048 2048 2048 2048 2675 2675 2676 2676 2048 2048 2676 2676 2050 2050 2050 2050 2676 2676 2677 2677 2050 2050 2677 2677 2072 2072 2072 2072 2677 2677 2678 2678 2072 2072 2678 2678 2071 2071 2071 2071 2678 2678 2679 2679 2071 2071 2679 2679 2069 2069 2069 2069 2679 2679 2680 2680 2069 2069 2680 2680 2681 2681 2002 2002 2636 2636 2009 2009 2009 2009 2636 2636 2682 2682 2009 2009 2682 2682 2010 2010 2010 2010 2682 2682 2683 2683 2010 2010 2683 2683 2015 2015 2015 2015 2683 2683 2684 2684 2015 2015 2684 2684 2016 2016 2064 2064 2059 2059 2666 2666 2666 2666 2059 2059 2058 2058 2666 2666 2058 2058 2685 2685 2685 2685 2058 2058 2061 2061 2685 2685 2061 2061 2681 2681 2681 2681 2061 2061 2063 2063 2681 2681 2063 2063 2069 2069 2170 2170 2686 2686 2172 2172 2172 2172 2686 2686 2687 2687 2172 2172 2687 2687 2173 2173 2173 2173 2687 2687 2688 2688 2173 2173 2688 2688 2175 2175 2175 2175 2688 2688 2689 2689 2055 2055 2053 2053 2625 2625 2625 2625 2053 2053 2052 2052 2625 2625 2052 2052 2690 2690 2690 2690 2052 2052 1898 1898 2690 2690 1898 1898 2691 2691 2691 2691 1898 1898 2038 2038 2691 2691 2038 2038 2692 2692 2692 2692 2038 2038 2040 2040 2692 2692 2040 2040 2693 2693 2693 2693 2040 2040 2041 2041 2693 2693 2041 2041 2694 2694 2694 2694 2041 2041 2043 2043 2694 2694 2043 2043 2695 2695 2695 2695 2043 2043 2177 2177 2695 2695 2177 2177 2689 2689 2689 2689 2177 2177 2178 2178 2689 2689 2178 2178 2175 2175 2157 2157 2627 2627 2159 2159 2159 2159 2627 2627 2696 2696 2159 2159 2696 2696 2166 2166 2166 2166 2696 2696 2697 2697 2166 2166 2697 2697 2167 2167 2167 2167 2697 2697 2698 2698 2167 2167 2698 2698 2168 2168 2168 2168 2698 2698 2699 2699 2168 2168 2699 2699 2162 2162 2162 2162 2699 2699 2700 2700 2162 2162 2700 2700 2164 2164 2164 2164 2700 2700 2701 2701 2164 2164 2701 2701 2169 2169 2169 2169 2701 2701 2702 2702 2169 2169 2702 2702 2170 2170 2170 2170 2702 2702 2703 2703 2170 2170 2703 2703 2686 2686 2025 2025 2704 2704 2705 2705 2025 2025 2705 2705 2026 2026 2026 2026 2705 2705 2706 2706 2026 2026 2706 2706 2098 2098 2098 2098 2706 2706 2707 2707 2098 2098 2707 2707 2179 2179 2179 2179 2707 2707 2708 2708 2179 2179 2708 2708 2667 2667 2684 2684 2709 2709 2016 2016 2016 2016 2709 2709 2710 2710 2016 2016 2710 2710 2018 2018 2018 2018 2710 2710 2711 2711 2018 2018 2711 2711 2020 2020 2020 2020 2711 2711 2712 2712 2020 2020 2712 2712 2021 2021 2021 2021 2712 2712 2713 2713 2021 2021 2713 2713 2013 2013 2013 2013 2713 2713 2714 2714 2013 2013 2714 2714 2014 2014 2014 2014 2714 2714 2704 2704 2014 2014 2704 2704 2023 2023 2023 2023 2704 2704 2025 2025 2221 2221 2715 2715 2222 2222 2222 2222 2715 2715 2716 2716 2222 2222 2716 2716 2242 2242 2242 2242 2716 2716 2717 2717 2242 2242 2717 2717 2243 2243 2243 2243 2717 2717 2718 2718 2243 2243 2718 2718 2239 2239 2239 2239 2718 2718 2719 2719 2239 2239 2719 2719 2240 2240 2240 2240 2719 2719 2720 2720 2240 2240 2720 2720 2241 2241 2241 2241 2720 2720 2721 2721 2241 2241 2721 2721 2236 2236 2236 2236 2721 2721 2722 2722 2236 2236 2722 2722 2237 2237 2237 2237 2722 2722 2723 2723 2237 2237 2723 2723 2238 2238 2238 2238 2723 2723 2724 2724 2238 2238 2724 2724 2233 2233 2233 2233 2724 2724 2725 2725 2233 2233 2725 2725 2234 2234 2234 2234 2725 2725 2726 2726 2234 2234 2726 2726 2235 2235 2235 2235 2726 2726 2727 2727 2235 2235 2727 2727 2230 2230 2230 2230 2727 2727 2728 2728 2230 2230 2728 2728 2231 2231 2231 2231 2728 2728 2729 2729 2231 2231 2729 2729 2232 2232 2232 2232 2729 2729 2730 2730 2232 2232 2730 2730 2227 2227 2227 2227 2730 2730 2731 2731 2227 2227 2731 2731 2228 2228 2228 2228 2731 2731 2732 2732 2228 2228 2732 2732 2229 2229 2229 2229 2732 2732 2733 2733 2229 2229 2733 2733 2224 2224 2224 2224 2733 2733 2734 2734 2224 2224 2734 2734 2225 2225 2225 2225 2734 2734 2735 2735 2225 2225 2735 2735 2226 2226 2226 2226 2735 2735 2736 2736 2226 2226 2736 2736 2221 2221 2221 2221 2736 2736 2715 2715 2737 2737 2375 2375 2380 2380 2548 2548 2738 2738 2739 2739 2738 2738 2548 2548 2740 2740 2548 2548 2560 2560 2740 2740 2740 2740 2560 2560 2559 2559 2740 2740 2559 2559 2741 2741 2519 2519 2518 2518 2742 2742 2742 2742 2518 2518 2743 2743 2741 2741 2559 2559 2744 2744 2744 2744 2559 2559 2557 2557 2744 2744 2557 2557 2745 2745 2745 2745 2557 2557 2555 2555 2745 2745 2555 2555 2746 2746 2746 2746 2555 2555 2554 2554 2746 2746 2554 2554 2747 2747 2747 2747 2554 2554 2344 2344 2747 2747 2344 2344 2748 2748 2748 2748 2344 2344 2346 2346 2748 2748 2346 2346 2749 2749 2737 2737 2380 2380 2750 2750 2750 2750 2380 2380 2379 2379 2750 2750 2379 2379 2751 2751 2751 2751 2379 2379 2377 2377 2751 2751 2377 2377 2752 2752 2518 2518 2517 2517 2743 2743 2743 2743 2517 2517 2530 2530 2743 2743 2530 2530 2753 2753 2753 2753 2530 2530 2529 2529 2753 2753 2529 2529 2754 2754 2754 2754 2529 2529 2527 2527 2754 2754 2527 2527 2755 2755 2756 2756 2552 2552 2757 2757 2757 2757 2552 2552 2550 2550 2757 2757 2550 2550 2758 2758 2758 2758 2550 2550 2739 2739 2739 2739 2550 2550 2549 2549 2739 2739 2549 2549 2548 2548 2346 2346 2350 2350 2749 2749 2749 2749 2350 2350 2349 2349 2749 2749 2349 2349 2759 2759 2759 2759 2349 2349 2348 2348 2759 2759 2348 2348 2760 2760 2760 2760 2348 2348 2322 2322 2760 2760 2322 2322 2761 2761 2761 2761 2322 2322 2320 2320 2761 2761 2320 2320 2762 2762 2762 2762 2320 2320 2326 2326 2762 2762 2326 2326 2763 2763 2763 2763 2326 2326 2325 2325 2763 2763 2325 2325 2764 2764 2752 2752 2377 2377 2765 2765 2765 2765 2377 2377 2376 2376 2765 2765 2376 2376 2766 2766 2766 2766 2376 2376 2370 2370 2766 2766 2370 2370 2767 2767 2363 2363 2768 2768 2358 2358 2358 2358 2768 2768 2769 2769 2358 2358 2769 2769 2359 2359 2359 2359 2769 2769 2770 2770 2359 2359 2770 2770 2361 2361 2361 2361 2770 2770 2771 2771 2361 2361 2771 2771 2362 2362 2362 2362 2771 2771 2772 2772 2362 2362 2772 2772 2773 2773 2742 2742 2774 2774 2519 2519 2519 2519 2774 2774 2775 2775 2519 2519 2775 2775 2521 2521 2521 2521 2775 2775 2532 2532 2325 2325 2324 2324 2764 2764 2764 2764 2324 2324 2317 2317 2764 2764 2317 2317 2776 2776 2375 2375 2737 2737 2381 2381 2381 2381 2737 2737 2777 2777 2381 2381 2777 2777 2382 2382 2382 2382 2777 2777 2778 2778 2382 2382 2778 2778 2779 2779 2370 2370 2388 2388 2767 2767 2767 2767 2388 2388 2387 2387 2767 2767 2387 2387 2780 2780 2780 2780 2387 2387 2386 2386 2780 2780 2386 2386 2773 2773 2773 2773 2386 2386 2246 2246 2773 2773 2246 2246 2362 2362 2775 2775 2781 2781 2532 2532 2532 2532 2781 2781 2782 2782 2532 2532 2782 2782 2531 2531 2531 2531 2782 2782 2783 2783 2531 2531 2783 2783 2369 2369 2369 2369 2783 2783 2784 2784 2369 2369 2784 2784 2368 2368 2368 2368 2784 2784 2785 2785 2368 2368 2785 2785 2367 2367 2367 2367 2785 2785 2786 2786 2367 2367 2786 2786 2365 2365 2365 2365 2786 2786 2787 2787 2365 2365 2787 2787 2363 2363 2363 2363 2787 2787 2788 2788 2363 2363 2788 2788 2768 2768 2776 2776 2317 2317 2789 2789 2789 2789 2317 2317 2315 2315 2789 2789 2315 2315 2790 2790 2790 2790 2315 2315 2314 2314 2790 2790 2314 2314 2791 2791 2598 2598 2597 2597 2792 2792 2792 2792 2597 2597 2596 2596 2792 2792 2596 2596 2793 2793 2793 2793 2596 2596 2595 2595 2793 2793 2595 2595 2794 2794 2794 2794 2595 2595 2566 2566 2794 2794 2566 2566 2795 2795 2795 2795 2566 2566 2571 2571 2795 2795 2571 2571 2796 2796 2796 2796 2571 2571 2570 2570 2796 2796 2570 2570 2797 2797 2797 2797 2570 2570 2568 2568 2797 2797 2568 2568 2798 2798 2798 2798 2568 2568 2567 2567 2798 2798 2567 2567 2799 2799 2799 2799 2567 2567 2563 2563 2799 2799 2563 2563 2800 2800 2800 2800 2563 2563 2576 2576 2800 2800 2576 2576 2801 2801 2801 2801 2576 2576 2575 2575 2801 2801 2575 2575 2802 2802 2802 2802 2575 2575 2573 2573 2802 2802 2573 2573 2756 2756 2756 2756 2573 2573 2572 2572 2756 2756 2572 2572 2552 2552 2314 2314 2249 2249 2791 2791 2791 2791 2249 2249 2250 2250 2791 2791 2250 2250 2803 2803 2803 2803 2250 2250 2411 2411 2803 2803 2411 2411 2804 2804 2804 2804 2411 2411 2410 2410 2804 2804 2410 2410 2805 2805 2805 2805 2410 2410 2409 2409 2805 2805 2409 2409 2806 2806 2806 2806 2409 2409 2408 2408 2806 2806 2408 2408 2807 2807 2807 2807 2408 2408 2407 2407 2807 2807 2407 2407 2779 2779 2779 2779 2407 2407 2384 2384 2779 2779 2384 2384 2382 2382 2527 2527 2525 2525 2755 2755 2755 2755 2525 2525 2523 2523 2755 2755 2523 2523 2808 2808 2808 2808 2523 2523 2522 2522 2808 2808 2522 2522 2809 2809 2809 2809 2522 2522 2810 2810 2522 2522 2432 2432 2810 2810 2810 2810 2432 2432 2433 2433 2810 2810 2433 2433 2811 2811 2811 2811 2433 2433 2600 2600 2811 2811 2600 2600 2812 2812 2812 2812 2600 2600 2599 2599 2812 2812 2599 2599 2813 2813 2813 2813 2599 2599 2598 2598 2813 2813 2598 2598 2814 2814 2814 2814 2598 2598 2792 2792 2624 2624 2815 2815 2816 2816 2624 2624 2816 2816 2601 2601 2601 2601 2816 2816 2817 2817 2601 2601 2817 2817 2818 2818 2819 2819 2820 2820 2620 2620 2821 2821 2822 2822 2623 2623 2623 2623 2822 2822 2823 2823 2623 2623 2823 2823 2624 2624 2624 2624 2823 2823 2824 2824 2624 2624 2824 2824 2815 2815 2825 2825 2826 2826 2622 2622 2622 2622 2826 2826 2827 2827 2622 2622 2827 2827 2623 2623 2623 2623 2827 2827 2828 2828 2623 2623 2828 2828 2821 2821 2618 2618 2829 2829 2830 2830 2818 2818 2831 2831 2601 2601 2601 2601 2831 2831 2832 2832 2601 2601 2832 2832 2602 2602 2602 2602 2832 2832 2833 2833 2602 2602 2833 2833 2834 2834 2820 2820 2835 2835 2620 2620 2620 2620 2835 2835 2836 2836 2620 2620 2836 2836 2621 2621 2621 2621 2836 2836 2837 2837 2819 2819 2620 2620 2838 2838 2838 2838 2620 2620 2619 2619 2838 2838 2619 2619 2839 2839 2618 2618 2830 2830 2619 2619 2619 2619 2830 2830 2840 2840 2619 2619 2840 2840 2839 2839 2615 2615 2841 2841 2842 2842 2837 2837 2843 2843 2621 2621 2621 2621 2843 2843 2844 2844 2621 2621 2844 2844 2622 2622 2622 2622 2844 2844 2845 2845 2622 2622 2845 2845 2825 2825 2846 2846 2847 2847 2617 2617 2617 2617 2847 2847 2848 2848 2617 2617 2848 2848 2618 2618 2618 2618 2848 2848 2849 2849 2618 2618 2849 2849 2829 2829 2850 2850 2851 2851 2616 2616 2616 2616 2851 2851 2852 2852 2616 2616 2852 2852 2617 2617 2617 2617 2852 2852 2853 2853 2617 2617 2853 2853 2846 2846 2615 2615 2842 2842 2616 2616 2616 2616 2842 2842 2854 2854 2616 2616 2854 2854 2850 2850 2609 2609 2855 2855 2856 2856 2857 2857 2858 2858 2614 2614 2614 2614 2858 2858 2859 2859 2614 2614 2859 2859 2615 2615 2615 2615 2859 2859 2860 2860 2615 2615 2860 2860 2841 2841 2861 2861 2612 2612 2862 2862 2862 2862 2612 2612 2611 2611 2862 2862 2611 2611 2863 2863 2863 2863 2611 2611 2864 2864 2865 2865 2866 2866 2610 2610 2610 2610 2866 2866 2867 2867 2610 2610 2867 2867 2611 2611 2611 2611 2867 2867 2868 2868 2611 2611 2868 2868 2864 2864 2861 2861 2869 2869 2612 2612 2612 2612 2869 2869 2870 2870 2612 2612 2870 2870 2613 2613 2613 2613 2870 2870 2871 2871 2613 2613 2871 2871 2872 2872 2609 2609 2856 2856 2610 2610 2610 2610 2856 2856 2873 2873 2610 2610 2873 2873 2865 2865 2874 2874 2875 2875 2608 2608 2608 2608 2875 2875 2876 2876 2608 2608 2876 2876 2609 2609 2609 2609 2876 2876 2877 2877 2609 2609 2877 2877 2855 2855 2606 2606 2878 2878 2879 2879 2603 2603 2880 2880 2881 2881 2872 2872 2882 2882 2613 2613 2613 2613 2882 2882 2883 2883 2613 2613 2883 2883 2614 2614 2614 2614 2883 2883 2884 2884 2614 2614 2884 2884 2857 2857 2885 2885 2886 2886 2604 2604 2604 2604 2886 2886 2887 2887 2604 2604 2887 2887 2605 2605 2605 2605 2887 2887 2888 2888 2605 2605 2888 2888 2889 2889 2890 2890 2891 2891 2607 2607 2607 2607 2891 2891 2892 2892 2607 2607 2892 2892 2608 2608 2608 2608 2892 2892 2893 2893 2608 2608 2893 2893 2874 2874 2606 2606 2879 2879 2607 2607 2607 2607 2879 2879 2894 2894 2607 2607 2894 2894 2890 2890 2889 2889 2895 2895 2605 2605 2605 2605 2895 2895 2896 2896 2605 2605 2896 2896 2606 2606 2606 2606 2896 2896 2897 2897 2606 2606 2897 2897 2878 2878 2603 2603 2881 2881 2604 2604 2604 2604 2881 2881 2898 2898 2604 2604 2898 2898 2885 2885 2834 2834 2899 2899 2602 2602 2602 2602 2899 2899 2900 2900 2602 2602 2900 2900 2603 2603 2603 2603 2900 2900 2901 2901 2603 2603 2901 2901 2880 2880 2902 2902 2903 2903 2904 2904 2905 2905 2906 2906 2907 2907 2908 2908 2909 2909 2910 2910 2911 2911 2912 2912 2913 2913 2914 2914 2915 2915 2916 2916 2916 2916 2915 2915 2917 2917 2916 2916 2917 2917 2918 2918 2918 2918 2917 2917 2919 2919 2914 2914 2916 2916 2920 2920 2920 2920 2916 2916 2921 2921 2920 2920 2921 2921 2922 2922 2923 2923 2924 2924 2925 2925 2925 2925 2924 2924 2926 2926 2925 2925 2926 2926 2921 2921 2921 2921 2926 2926 2927 2927 2921 2921 2927 2927 2922 2922 2928 2928 2929 2929 2930 2930 2930 2930 2929 2929 2931 2931 2930 2930 2931 2931 2925 2925 2925 2925 2931 2931 2932 2932 2925 2925 2932 2932 2923 2923 2933 2933 2934 2934 2935 2935 2935 2935 2934 2934 2936 2936 2935 2935 2936 2936 2937 2937 2937 2937 2936 2936 2938 2938 2939 2939 2940 2940 2941 2941 2939 2939 2941 2941 2942 2942 2942 2942 2941 2941 2943 2943 2942 2942 2943 2943 2944 2944 2944 2944 2945 2945 2942 2942 2942 2942 2945 2945 2946 2946 2942 2942 2946 2946 2936 2936 2936 2936 2946 2946 2947 2947 2936 2936 2947 2947 2938 2938 2948 2948 2949 2949 2950 2950 2950 2950 2949 2949 2934 2934 2950 2950 2934 2934 2951 2951 2951 2951 2934 2934 2933 2933 2948 2948 2952 2952 2949 2949 2949 2949 2952 2952 2953 2953 2949 2949 2953 2953 2930 2930 2930 2930 2953 2953 2954 2954 2930 2930 2954 2954 2928 2928 2955 2955 2956 2956 2957 2957 2957 2957 2956 2956 2958 2958 2957 2957 2958 2958 2959 2959 2960 2960 2961 2961 2962 2962 2962 2962 2961 2961 2963 2963 2962 2962 2963 2963 2964 2964 2965 2965 2966 2966 2967 2967 2960 2960 2965 2965 2961 2961 2961 2961 2965 2965 2967 2967 2961 2961 2967 2967 2955 2955 2955 2955 2967 2967 2968 2968 2955 2955 2968 2968 2956 2956 2969 2969 2970 2970 2971 2971 2969 2969 2971 2971 2972 2972 2972 2972 2971 2971 2973 2973 2972 2972 2973 2973 2974 2974 2975 2975 2976 2976 2977 2977 2977 2977 2976 2976 2910 2910 2977 2977 2910 2910 2978 2978 2978 2978 2910 2910 2909 2909 2975 2975 2979 2979 2976 2976 2976 2976 2979 2979 2980 2980 2976 2976 2980 2980 2969 2969 2969 2969 2980 2980 2981 2981 2969 2969 2981 2981 2970 2970 2974 2974 2982 2982 2972 2972 2972 2972 2982 2982 2983 2983 2972 2972 2983 2983 2963 2963 2963 2963 2983 2983 2984 2984 2963 2963 2984 2984 2964 2964 2985 2985 2986 2986 2987 2987 2987 2987 2986 2986 2988 2988 2987 2987 2988 2988 2989 2989 2989 2989 2988 2988 2990 2990 2912 2912 2991 2991 2913 2913 2913 2913 2991 2991 2992 2992 2913 2913 2992 2992 2993 2993 2993 2993 2992 2992 2994 2994 2994 2994 2995 2995 2993 2993 2993 2993 2995 2995 2996 2996 2993 2993 2996 2996 2987 2987 2987 2987 2996 2996 2997 2997 2987 2987 2997 2997 2985 2985 2998 2998 2999 2999 3000 3000 3000 3000 2999 2999 3001 3001 3002 3002 3003 3003 3004 3004 3004 3004 3003 3003 2907 2907 3004 3004 2907 2907 3005 3005 3002 3002 3006 3006 3003 3003 3003 3003 3006 3006 3007 3007 3003 3003 3007 3007 2998 2998 2998 2998 3007 3007 3008 3008 2998 2998 3008 3008 2999 2999 2911 2911 2913 2913 3009 3009 3009 3009 2913 2913 3000 3000 3009 3009 3000 3000 3010 3010 3010 3010 3000 3000 3001 3001 3010 3010 3001 3001 3011 3011 2990 2990 3012 3012 2989 2989 2989 2989 3012 3012 3013 3013 2989 2989 3013 3013 2910 2910 2910 2910 3013 3013 3014 3014 2910 2910 3014 3014 2908 2908 2903 2903 2905 2905 2904 2904 2904 2904 2905 2905 2907 2907 2904 2904 2907 2907 3015 3015 3015 3015 2907 2907 3003 3003 3015 3015 3003 3003 3016 3016 3016 3016 3003 3003 2998 2998 3016 3016 2998 2998 3017 3017 3017 3017 2998 2998 3000 3000 3017 3017 3000 3000 3018 3018 3018 3018 3000 3000 2913 2913 3018 3018 2913 2913 3019 3019 3019 3019 2913 2913 2993 2993 3019 3019 2993 2993 3020 3020 3020 3020 2993 2993 2987 2987 3020 3020 2987 2987 3021 3021 3021 3021 2987 2987 2989 2989 3021 3021 2989 2989 3022 3022 3022 3022 2989 2989 2910 2910 3022 3022 2910 2910 3023 3023 3023 3023 2910 2910 2976 2976 3023 3023 2976 2976 3024 3024 3024 3024 2976 2976 2969 2969 3024 3024 2969 2969 3025 3025 3025 3025 2969 2969 2972 2972 3025 3025 2972 2972 3026 3026 3026 3026 2972 2972 2963 2963 3026 3026 2963 2963 3027 3027 3027 3027 2963 2963 2961 2961 3027 3027 2961 2961 3028 3028 3028 3028 2961 2961 2955 2955 3028 3028 2955 2955 3029 3029 3029 3029 2955 2955 2957 2957 3029 3029 2957 2957 3030 3030 3030 3030 2957 2957 2939 2939 3030 3030 2939 2939 3031 3031 3031 3031 2939 2939 2942 2942 3031 3031 2942 2942 3032 3032 3032 3032 2942 2942 2936 2936 3032 3032 2936 2936 3033 3033 3033 3033 2936 2936 2934 2934 3033 3033 2934 2934 3034 3034 3034 3034 2934 2934 2949 2949 3034 3034 2949 2949 3035 3035 3035 3035 2949 2949 2930 2930 3035 3035 2930 2930 3036 3036 3036 3036 2930 2930 2925 2925 3036 3036 2925 2925 3037 3037 3037 3037 2925 2925 2921 2921 3037 3037 2921 2921 3038 3038 3038 3038 2921 2921 2916 2916 3038 3038 2916 2916 3039 3039 3039 3039 2916 2916 2918 2918 3040 3040 2697 2697 3041 3041 3041 3041 2697 2697 2696 2696 3041 3041 2696 2696 3042 3042 3042 3042 2696 2696 2627 2627 3042 3042 2627 2627 3043 3043 2671 2671 3044 3044 3045 3045 2655 2655 3046 3046 2656 2656 2656 2656 3046 3046 3047 3047 2671 2671 2672 2672 3044 3044 3044 3044 2672 2672 2673 2673 3044 3044 2673 2673 3047 3047 3047 3047 2673 2673 2674 2674 3047 3047 2674 2674 2656 2656 2627 2627 2668 2668 3043 3043 3043 3043 2668 2668 2669 2669 3043 3043 2669 2669 3045 3045 3045 3045 2669 2669 2670 2670 3045 3045 2670 2670 2671 2671 2655 2655 2654 2654 3046 3046 3046 3046 2654 2654 2653 2653 3046 3046 2653 2653 3048 3048 2653 2653 2652 2652 3048 3048 3048 3048 2652 2652 2629 2629 3048 3048 2629 2629 3049 3049 2657 2657 3050 3050 3051 3051 2629 2629 2628 2628 3049 3049 3049 3049 2628 2628 2645 2645 3049 3049 2645 2645 3051 3051 3051 3051 2645 2645 2646 2646 3051 3051 2646 2646 2657 2657 3052 3052 2630 2630 3053 3053 3053 3053 2630 2630 2632 2632 3053 3053 2632 2632 3054 3054 3054 3054 2632 2632 2637 2637 3054 3054 2637 2637 3055 3055 2657 2657 2648 2648 3050 3050 3050 3050 2648 2648 2647 2647 3050 3050 2647 2647 3052 3052 3052 3052 2647 2647 2631 2631 3052 3052 2631 2631 2630 2630 2658 2658 3056 3056 2659 2659 2659 2659 3056 3056 3055 3055 2659 2659 3055 3055 2638 2638 2638 2638 3055 3055 2637 2637 3057 3057 2625 2625 3058 3058 3058 3058 2625 2625 2690 2690 3058 3058 2690 2690 3059 3059 2690 2690 2691 2691 3059 3059 3059 3059 2691 2691 2692 2692 3059 3059 2692 2692 3060 3060 2692 2692 2693 2693 3060 3060 3060 3060 2693 2693 2694 2694 3060 3060 2694 2694 3061 3061 3062 3062 2702 2702 3063 3063 3063 3063 2702 2702 2701 2701 3063 3063 2701 2701 3064 3064 3065 3065 2687 2687 3066 3066 3066 3066 2687 2687 2686 2686 3066 3066 2686 2686 3062 3062 3062 3062 2686 2686 2703 2703 3062 3062 2703 2703 2702 2702 2694 2694 2695 2695 3061 3061 3061 3061 2695 2695 2689 2689 3061 3061 2689 2689 3065 3065 3065 3065 2689 2689 2688 2688 3065 3065 2688 2688 2687 2687 2701 2701 2700 2700 3064 3064 3064 3064 2700 2700 2699 2699 3064 3064 2699 2699 3040 3040 3040 3040 2699 2699 2698 2698 3040 3040 2698 2698 2697 2697 3067 3067 3068 3068 2906 2906 2906 2906 3068 3068 3069 3069 2906 2906 3069 3069 2907 2907 2907 2907 3069 3069 3070 3070 2907 2907 3070 3070 3005 3005 2959 2959 3071 3071 2957 2957 2957 2957 3071 3071 3072 3072 2957 2957 3072 3072 2939 2939 2939 2939 3072 3072 3073 3073 2939 2939 3073 3073 2940 2940 3056 3056 2902 2902 3055 3055 3055 3055 2902 2902 2904 2904 3055 3055 2904 2904 3054 3054 3054 3054 2904 2904 3015 3015 3054 3054 3015 3015 3053 3053 3053 3053 3015 3015 3016 3016 3053 3053 3016 3016 3052 3052 3052 3052 3016 3016 3017 3017 3052 3052 3017 3017 3050 3050 3050 3050 3017 3017 3018 3018 3050 3050 3018 3018 3051 3051 3051 3051 3018 3018 3019 3019 3051 3051 3019 3019 3049 3049 3049 3049 3019 3019 3020 3020 3049 3049 3020 3020 3048 3048 3048 3048 3020 3020 3021 3021 3048 3048 3021 3021 3046 3046 3046 3046 3021 3021 3022 3022 3046 3046 3022 3022 3047 3047 3047 3047 3022 3022 3023 3023 3047 3047 3023 3023 3044 3044 3044 3044 3023 3023 3024 3024 3044 3044 3024 3024 3045 3045 3045 3045 3024 3024 3025 3025 3045 3045 3025 3025 3043 3043 3043 3043 3025 3025 3026 3026 3043 3043 3026 3026 3042 3042 3042 3042 3026 3026 3027 3027 3042 3042 3027 3027 3041 3041 3041 3041 3027 3027 3028 3028 3041 3041 3028 3028 3040 3040 3040 3040 3028 3028 3029 3029 3040 3040 3029 3029 3064 3064 3064 3064 3029 3029 3030 3030 3064 3064 3030 3030 3063 3063 3063 3063 3030 3030 3031 3031 3063 3063 3031 3031 3062 3062 3062 3062 3031 3031 3032 3032 3062 3062 3032 3032 3066 3066 3066 3066 3032 3032 3033 3033 3066 3066 3033 3033 3065 3065 3065 3065 3033 3033 3034 3034 3065 3065 3034 3034 3061 3061 3061 3061 3034 3034 3035 3035 3061 3061 3035 3035 3060 3060 3060 3060 3035 3035 3036 3036 3060 3060 3036 3036 3059 3059 3059 3059 3036 3036 3037 3037 3059 3059 3037 3037 3058 3058 3058 3058 3037 3037 3038 3038 3058 3058 3038 3038 3057 3057 3057 3057 3038 3038 3039 3039 2902 2902 3056 3056 3074 3074 3074 3074 3056 3056 2658 2658 2905 2905 2903 2903 3075 3075 3076 3076 3077 3077 3078 3078 3079 3079 3080 3080 3081 3081 3081 3081 3080 3080 3082 3082 3081 3081 3082 3082 3083 3083 3083 3083 3082 3082 3084 3084 3084 3084 3082 3082 3085 3085 3084 3084 3085 3085 3086 3086 3087 3087 3085 3085 3088 3088 3087 3087 3089 3089 3085 3085 3085 3085 3089 3089 3090 3090 3085 3085 3090 3090 3086 3086 3091 3091 3088 3088 3092 3092 3091 3091 3093 3093 3088 3088 3088 3088 3093 3093 3094 3094 3088 3088 3094 3094 3087 3087 3095 3095 3096 3096 3097 3097 3097 3097 3096 3096 3098 3098 3097 3097 3098 3098 3092 3092 3092 3092 3098 3098 3099 3099 3092 3092 3099 3099 3091 3091 3095 3095 3097 3097 3100 3100 3100 3100 3097 3097 3101 3101 3100 3100 3101 3101 3102 3102 3102 3102 3101 3101 3103 3103 3103 3103 3101 3101 3104 3104 3103 3103 3104 3104 3105 3105 3106 3106 3107 3107 3108 3108 3108 3108 3107 3107 3109 3109 3108 3108 3109 3109 3104 3104 3104 3104 3109 3109 3110 3110 3104 3104 3110 3110 3105 3105 3111 3111 3112 3112 3113 3113 3111 3111 3113 3113 3108 3108 3108 3108 3113 3113 3114 3114 3108 3108 3114 3114 3106 3106 3112 3112 3111 3111 3115 3115 3115 3115 3111 3111 2918 2918 3115 3115 2918 2918 2919 2919 3116 3116 3117 3117 3118 3118 3118 3118 3117 3117 3119 3119 3118 3118 3119 3119 3120 3120 3077 3077 3121 3121 3078 3078 3078 3078 3121 3121 3122 3122 3078 3078 3122 3122 3118 3118 3118 3118 3122 3122 3123 3123 3118 3118 3123 3123 3116 3116 3124 3124 3125 3125 3126 3126 3126 3126 3125 3125 3127 3127 3126 3126 3127 3127 3078 3078 3078 3078 3127 3127 3128 3128 3078 3078 3128 3128 3076 3076 3124 3124 3126 3126 3129 3129 3129 3129 3126 3126 3130 3130 3129 3129 3130 3130 3131 3131 3132 3132 3133 3133 3130 3130 3130 3130 3133 3133 3134 3134 3130 3130 3134 3134 3131 3131 3135 3135 3136 3136 3132 3132 3132 3132 3136 3136 3137 3137 3132 3132 3137 3137 3138 3138 3138 3138 3139 3139 3132 3132 3132 3132 3139 3139 3140 3140 3132 3132 3140 3140 3133 3133 3141 3141 3135 3135 3142 3142 3141 3141 3143 3143 3135 3135 3135 3135 3143 3143 3144 3144 3135 3135 3144 3144 3136 3136 3145 3145 3146 3146 3147 3147 3147 3147 3146 3146 3148 3148 3147 3147 3148 3148 3142 3142 3142 3142 3148 3148 3149 3149 3142 3142 3149 3149 3141 3141 3145 3145 3147 3147 3150 3150 3150 3150 3147 3147 3151 3151 3150 3150 3151 3151 3152 3152 3152 3152 3151 3151 3153 3153 3153 3153 3151 3151 3154 3154 3153 3153 3154 3154 3155 3155 3156 3156 3157 3157 3154 3154 3154 3154 3157 3157 3158 3158 3154 3154 3158 3158 3155 3155 3159 3159 3160 3160 3161 3161 3161 3161 3160 3160 3162 3162 3161 3161 3162 3162 3156 3156 3156 3156 3162 3162 3163 3163 3156 3156 3163 3163 3157 3157 3164 3164 3165 3165 3166 3166 3166 3166 3165 3165 3167 3167 3166 3166 3167 3167 3161 3161 3161 3161 3167 3167 3168 3168 3161 3161 3168 3168 3159 3159 3164 3164 3166 3166 3169 3169 3169 3169 3166 3166 3170 3170 3169 3169 3170 3170 3171 3171 3172 3172 3173 3173 3174 3174 3174 3174 3173 3173 3175 3175 3174 3174 3175 3175 3170 3170 3170 3170 3175 3175 3176 3176 3170 3170 3176 3176 3171 3171 3172 3172 3174 3174 3177 3177 3177 3177 3174 3174 3178 3178 3177 3177 3178 3178 3179 3179 3079 3079 3180 3180 3080 3080 3080 3080 3180 3180 3181 3181 3080 3080 3181 3181 3178 3178 3178 3178 3181 3181 3182 3182 3178 3178 3182 3182 3179 3179 3067 3067 2906 2906 3183 3183 3183 3183 2906 2906 3184 3184 3183 3183 3184 3184 3185 3185 3185 3185 3184 3184 3186 3186 3119 3119 3187 3187 3120 3120 3120 3120 3187 3187 3188 3188 3120 3120 3188 3188 3184 3184 3184 3184 3188 3188 3189 3189 3184 3184 3189 3189 3186 3186 3039 3039 2918 2918 3190 3190 3190 3190 2918 2918 3111 3111 3190 3190 3111 3111 3191 3191 3191 3191 3111 3111 3108 3108 3191 3191 3108 3108 3192 3192 3192 3192 3108 3108 3104 3104 3192 3192 3104 3104 3193 3193 3193 3193 3104 3104 3101 3101 3193 3193 3101 3101 3194 3194 3194 3194 3101 3101 3097 3097 3194 3194 3097 3097 3195 3195 3195 3195 3097 3097 3092 3092 3195 3195 3092 3092 3196 3196 3196 3196 3092 3092 3088 3088 3196 3196 3088 3088 3197 3197 3197 3197 3088 3088 3085 3085 3197 3197 3085 3085 3198 3198 3198 3198 3085 3085 3082 3082 3198 3198 3082 3082 3199 3199 3199 3199 3082 3082 3080 3080 3199 3199 3080 3080 3200 3200 3200 3200 3080 3080 3178 3178 3200 3200 3178 3178 3201 3201 3201 3201 3178 3178 3174 3174 3201 3201 3174 3174 3202 3202 3202 3202 3174 3174 3170 3170 3202 3202 3170 3170 3203 3203 3203 3203 3170 3170 3166 3166 3203 3203 3166 3166 3204 3204 3204 3204 3166 3166 3161 3161 3204 3204 3161 3161 3205 3205 3205 3205 3161 3161 3156 3156 3205 3205 3156 3156 3206 3206 3206 3206 3156 3156 3154 3154 3206 3206 3154 3154 3207 3207 3207 3207 3154 3154 3151 3151 3207 3207 3151 3151 3208 3208 3208 3208 3151 3151 3147 3147 3208 3208 3147 3147 3209 3209 3209 3209 3147 3147 3142 3142 3209 3209 3142 3142 3210 3210 3210 3210 3142 3142 3135 3135 3210 3210 3135 3135 3211 3211 3211 3211 3135 3135 3132 3132 3211 3211 3132 3132 3212 3212 3212 3212 3132 3132 3130 3130 3212 3212 3130 3130 3213 3213 3213 3213 3130 3130 3126 3126 3213 3213 3126 3126 3214 3214 3214 3214 3126 3126 3078 3078 3214 3214 3078 3078 3215 3215 3215 3215 3078 3078 3118 3118 3215 3215 3118 3118 3216 3216 3216 3216 3118 3118 3120 3120 3216 3216 3120 3120 3075 3075 3075 3075 3120 3120 3184 3184 3075 3075 3184 3184 2905 2905 2905 2905 3184 3184 2906 2906 3217 3217 2683 2683 3218 3218 3218 3218 2683 2683 2682 2682 3218 3218 2682 2682 3219 3219 3219 3219 2682 2682 2636 2636 3219 3219 2636 2636 3220 3220 3221 3221 3222 3222 2640 2640 2636 2636 2635 2635 3220 3220 3220 3220 2635 2635 2634 2634 3220 3220 2634 2634 3223 3223 3223 3223 2634 2634 2633 2633 3223 3223 2633 2633 3222 3222 3222 3222 2633 2633 2639 2639 3222 3222 2639 2639 2640 2640 3224 3224 2650 2650 3225 3225 3225 3225 2650 2650 2649 2649 3225 3225 2649 2649 3226 3226 2640 2640 2641 2641 3221 3221 3221 3221 2641 2641 2660 2660 3221 3221 2660 2660 3227 3227 3227 3227 2660 2660 2661 2661 3227 3227 2661 2661 3224 3224 3224 3224 2661 2661 2651 2651 3224 3224 2651 2651 2650 2650 2649 2649 2662 2662 3226 3226 3226 3226 2662 2662 2663 2663 3226 3226 2663 2663 3228 3228 3229 3229 2675 2675 3230 3230 3230 3230 2675 2675 2644 2644 3230 3230 2644 2644 3231 3231 3232 3232 2678 2678 3233 3233 3233 3233 2678 2678 2677 2677 3233 3233 2677 2677 3229 3229 3229 3229 2677 2677 2676 2676 3229 3229 2676 2676 2675 2675 3234 3234 2680 2680 3232 3232 3232 3232 2680 2680 2679 2679 3232 3232 2679 2679 2678 2678 2663 2663 2664 2664 3228 3228 3228 3228 2664 2664 2665 2665 3228 3228 2665 2665 3235 3235 3235 3235 2665 2665 2666 2666 3235 3235 2666 2666 3236 3236 3236 3236 2666 2666 2685 2685 3236 3236 2685 2685 3234 3234 3234 3234 2685 2685 2681 2681 3234 3234 2681 2681 2680 2680 2625 2625 3057 3057 2626 2626 2626 2626 3057 3057 3237 3237 2626 2626 3237 3237 2642 2642 2642 2642 3237 3237 3231 3231 2642 2642 3231 3231 2643 2643 2643 2643 3231 3231 2644 2644 2658 2658 2667 2667 3074 3074 3074 3074 2667 2667 2708 2708 3074 3074 2708 2708 3238 3238 3238 3238 2708 2708 2707 2707 3238 3238 2707 2707 3239 3239 2707 2707 2706 2706 3239 3239 3239 3239 2706 2706 2705 2705 3239 3239 2705 2705 3240 3240 3241 3241 2712 2712 3242 3242 3242 3242 2712 2712 2711 2711 3242 3242 2711 2711 3243 3243 2705 2705 2704 2704 3240 3240 3240 3240 2704 2704 2714 2714 3240 3240 2714 2714 3241 3241 3241 3241 2714 2714 2713 2713 3241 3241 2713 2713 2712 2712 2711 2711 2710 2710 3243 3243 3243 3243 2710 2710 2709 2709 3243 3243 2709 2709 3217 3217 3217 3217 2709 2709 2684 2684 3217 3217 2684 2684 2683 2683 3057 3057 3039 3039 3237 3237 3237 3237 3039 3039 3190 3190 3237 3237 3190 3190 3231 3231 3231 3231 3190 3190 3191 3191 3231 3231 3191 3191 3230 3230 3230 3230 3191 3191 3192 3192 3230 3230 3192 3192 3229 3229 3229 3229 3192 3192 3193 3193 3229 3229 3193 3193 3233 3233 3233 3233 3193 3193 3194 3194 3233 3233 3194 3194 3232 3232 3232 3232 3194 3194 3195 3195 3232 3232 3195 3195 3234 3234 3234 3234 3195 3195 3196 3196 3234 3234 3196 3196 3236 3236 3236 3236 3196 3196 3197 3197 3236 3236 3197 3197 3235 3235 3235 3235 3197 3197 3198 3198 3235 3235 3198 3198 3228 3228 3228 3228 3198 3198 3199 3199 3228 3228 3199 3199 3226 3226 3226 3226 3199 3199 3200 3200 3226 3226 3200 3200 3225 3225 3225 3225 3200 3200 3201 3201 3225 3225 3201 3201 3224 3224 3224 3224 3201 3201 3202 3202 3224 3224 3202 3202 3227 3227 3227 3227 3202 3202 3203 3203 3227 3227 3203 3203 3221 3221 3221 3221 3203 3203 3204 3204 3221 3221 3204 3204 3222 3222 3222 3222 3204 3204 3205 3205 3222 3222 3205 3205 3223 3223 3223 3223 3205 3205 3206 3206 3223 3223 3206 3206 3220 3220 3220 3220 3206 3206 3207 3207 3220 3220 3207 3207 3219 3219 3219 3219 3207 3207 3208 3208 3219 3219 3208 3208 3218 3218 3218 3218 3208 3208 3209 3209 3218 3218 3209 3209 3217 3217 3217 3217 3209 3209 3210 3210 3217 3217 3210 3210 3243 3243 3243 3243 3210 3210 3211 3211 3243 3243 3211 3211 3242 3242 3242 3242 3211 3211 3212 3212 3242 3242 3212 3212 3241 3241 3241 3241 3212 3212 3213 3213 3241 3241 3213 3213 3240 3240 3240 3240 3213 3213 3214 3214 3240 3240 3214 3214 3239 3239 3239 3239 3214 3214 3215 3215 3239 3239 3215 3215 3238 3238 3238 3238 3215 3215 3216 3216 3238 3238 3216 3216 3074 3074 3074 3074 3216 3216 3075 3075 3074 3074 3075 3075 2902 2902 2902 2902 3075 3075 2903 2903 3244 3244 3245 3245 2736 2736 3246 3246 3247 3247 2732 2732 3245 3245 3248 3248 2736 2736 2736 2736 3248 3248 3249 3249 2736 2736 3249 3249 2715 2715 2715 2715 3249 3249 3250 3250 2715 2715 3250 3250 3251 3251 3252 3252 3253 3253 2729 2729 3254 3254 3255 3255 2725 2725 3244 3244 2736 2736 3256 3256 3256 3256 2736 2736 2735 2735 3256 3256 2735 2735 3257 3257 3258 3258 2731 2731 3259 3259 3259 3259 2731 2731 2730 2730 3260 3260 3261 3261 2727 2727 3262 3262 3263 3263 2721 2721 3264 3264 3265 3265 2733 2733 2733 2733 3265 3265 3266 3266 2733 2733 3266 3266 2734 2734 2734 2734 3266 3266 3267 3267 2734 2734 3267 3267 3268 3268 3258 3258 3269 3269 2731 2731 2731 2731 3269 3269 3270 3270 2731 2731 3270 3270 2732 2732 2732 2732 3270 3270 3271 3271 2732 2732 3271 3271 3246 3246 3272 3272 3273 3273 2730 2730 2730 2730 3273 3273 3274 3274 2730 2730 3274 3274 3259 3259 3275 3275 3276 3276 2717 2717 2717 2717 3276 3276 3277 3277 2717 2717 3277 3277 2718 2718 2718 2718 3277 3277 3278 3278 2718 2718 3278 3278 3279 3279 3280 3280 3281 3281 2716 2716 2716 2716 3281 3281 3282 3282 2716 2716 3282 3282 2717 2717 2717 2717 3282 3282 3283 3283 2717 2717 3283 3283 3275 3275 3251 3251 3284 3284 2715 2715 2715 2715 3284 3284 3285 3285 2715 2715 3285 3285 2716 2716 2716 2716 3285 3285 3286 3286 2716 2716 3286 3286 3280 3280 3268 3268 3287 3287 2734 2734 2734 2734 3287 3287 3288 3288 2734 2734 3288 3288 2735 2735 2735 2735 3288 3288 3289 3289 2735 2735 3289 3289 3257 3257 3247 3247 3290 3290 2732 2732 2732 2732 3290 3290 3291 3291 2732 2732 3291 3291 2733 2733 2733 2733 3291 3291 3292 3292 2733 2733 3292 3292 3264 3264 2729 2729 3253 3253 2730 2730 2730 2730 3253 3253 3293 3293 2730 2730 3293 3293 3272 3272 3261 3261 3294 3294 2727 2727 2727 2727 3294 3294 3295 3295 2727 2727 3295 3295 2728 2728 2728 2728 3295 3295 3296 3296 2726 2726 3297 3297 3298 3298 3299 3299 3300 3300 2724 2724 2724 2724 3300 3300 3301 3301 2724 2724 3301 3301 2725 2725 2725 2725 3301 3301 3302 3302 2725 2725 3302 3302 3254 3254 3296 3296 3303 3303 2728 2728 2728 2728 3303 3303 3304 3304 2728 2728 3304 3304 2729 2729 2729 2729 3304 3304 3305 3305 2729 2729 3305 3305 3252 3252 2723 2723 3306 3306 3307 3307 3308 3308 3309 3309 2720 2720 2720 2720 3309 3309 3310 3310 2720 2720 3310 3310 2721 2721 2721 2721 3310 3310 3311 3311 2721 2721 3311 3311 3262 3262 2726 2726 3298 3298 2727 2727 2727 2727 3298 3298 3312 3312 2727 2727 3312 3312 3260 3260 3255 3255 3313 3313 2725 2725 2725 2725 3313 3313 3314 3314 2725 2725 3314 3314 2726 2726 2726 2726 3314 3314 3315 3315 2726 2726 3315 3315 3297 3297 3307 3307 3316 3316 2723 2723 2723 2723 3316 3316 3317 3317 2723 2723 3317 3317 2724 2724 2724 2724 3317 3317 3318 3318 2724 2724 3318 3318 3299 3299 3306 3306 2723 2723 3319 3319 3319 3319 2723 2723 2722 2722 3319 3319 2722 2722 3320 3320 3263 3263 3321 3321 2721 2721 2721 2721 3321 3321 3322 3322 2721 2721 3322 3322 2722 2722 2722 2722 3322 3322 3323 3323 2722 2722 3323 3323 3320 3320 3279 3279 3324 3324 2718 2718 2718 2718 3324 3324 3325 3325 2718 2718 3325 3325 2719 2719 2719 2719 3325 3325 3326 3326 3326 3326 3327 3327 2719 2719 2719 2719 3327 3327 3328 3328 2719 2719 3328 3328 2720 2720 2720 2720 3328 3328 3329 3329 2720 2720 3329 3329 3308 3308 3330 3330 3331 3331 3332 3332 3332 3332 3331 3331 2802 2802 3333 3333 3334 3334 2778 2778 3335 3335 3336 3336 3337 3337 3338 3338 3339 3339 3340 3340 3341 3341 3342 3342 3343 3343 3343 3343 3342 3342 3344 3344 3345 3345 3346 3346 3347 3347 3347 3347 3348 3348 3345 3345 3345 3345 3348 3348 3349 3349 3345 3345 3349 3349 3344 3344 3344 3344 3349 3349 3350 3350 3344 3344 3350 3350 3343 3343 3351 3351 3352 3352 3353 3353 3353 3353 3352 3352 3354 3354 3353 3353 3354 3354 3345 3345 3345 3345 3354 3354 3355 3355 3345 3345 3355 3355 3346 3346 3356 3356 3357 3357 3358 3358 3358 3358 3357 3357 3359 3359 3358 3358 3359 3359 3353 3353 3353 3353 3359 3359 3360 3360 3353 3353 3360 3360 3351 3351 3356 3356 3358 3358 3361 3361 3361 3361 3358 3358 3362 3362 3361 3361 3362 3362 3363 3363 3364 3364 3365 3365 3366 3366 3364 3364 3366 3366 3362 3362 3362 3362 3366 3366 3367 3367 3362 3362 3367 3367 3363 3363 3365 3365 3364 3364 3368 3368 3368 3368 3364 3364 3369 3369 3368 3368 3369 3369 3370 3370 3371 3371 3372 3372 3373 3373 3373 3373 3372 3372 3374 3374 3373 3373 3374 3374 3369 3369 3369 3369 3374 3374 3375 3375 3369 3369 3375 3375 3370 3370 3371 3371 3373 3373 3376 3376 3376 3376 3373 3373 3377 3377 3376 3376 3377 3377 3378 3378 3379 3379 3377 3377 3380 3380 3379 3379 3381 3381 3377 3377 3377 3377 3381 3381 3382 3382 3377 3377 3382 3382 3378 3378 3383 3383 3380 3380 3384 3384 3383 3383 3385 3385 3380 3380 3380 3380 3385 3385 3386 3386 3380 3380 3386 3386 3379 3379 3387 3387 3384 3384 3388 3388 3387 3387 3389 3389 3384 3384 3384 3384 3389 3389 3390 3390 3384 3384 3390 3390 3383 3383 3391 3391 3392 3392 3393 3393 3393 3393 3392 3392 3394 3394 3393 3393 3394 3394 3388 3388 3388 3388 3394 3394 3395 3395 3388 3388 3395 3395 3387 3387 3391 3391 3393 3393 3396 3396 3396 3396 3393 3393 3397 3397 3396 3396 3397 3397 3398 3398 3399 3399 3400 3400 3397 3397 3397 3397 3400 3400 3401 3401 3397 3397 3401 3401 3398 3398 3402 3402 3403 3403 3404 3404 3404 3404 3403 3403 3340 3340 3404 3404 3340 3340 3405 3405 3405 3405 3340 3340 3339 3339 3406 3406 3407 3407 3408 3408 3406 3406 3408 3408 3340 3340 3340 3340 3408 3408 3409 3409 3340 3340 3409 3409 3338 3338 3410 3410 3411 3411 3334 3334 3334 3334 3411 3411 3412 3412 3412 3412 3413 3413 3334 3334 3334 3334 3413 3413 3414 3414 3334 3334 3414 3414 3406 3406 3406 3406 3414 3414 3415 3415 3406 3406 3415 3415 3407 3407 3410 3410 3334 3334 3416 3416 3416 3416 3334 3334 3333 3333 3416 3416 3333 3333 3417 3417 3418 3418 3419 3419 3420 3420 3420 3420 3419 3419 3421 3421 3420 3420 3421 3421 3422 3422 3423 3423 3424 3424 3421 3421 3421 3421 3424 3424 3425 3425 3421 3421 3425 3425 3422 3422 3426 3426 3427 3427 3428 3428 3428 3428 3427 3427 3429 3429 3428 3428 3429 3429 3430 3430 3341 3341 3431 3431 3342 3342 3342 3342 3431 3431 3432 3432 3342 3342 3432 3432 3429 3429 3429 3429 3432 3432 3433 3433 3429 3429 3433 3433 3430 3430 3402 3402 3434 3434 3403 3403 3403 3403 3434 3434 3399 3399 3403 3403 3399 3399 3435 3435 3435 3435 3399 3399 3397 3397 3435 3435 3397 3397 3436 3436 3436 3436 3397 3397 3393 3393 3436 3436 3393 3393 3437 3437 3437 3437 3393 3393 3388 3388 3437 3437 3388 3388 3438 3438 3438 3438 3388 3388 3384 3384 3438 3438 3384 3384 3439 3439 3439 3439 3384 3384 3380 3380 3439 3439 3380 3380 3440 3440 3440 3440 3380 3380 3377 3377 3440 3440 3377 3377 3441 3441 3441 3441 3377 3377 3373 3373 3441 3441 3373 3373 3442 3442 3442 3442 3373 3373 3369 3369 3442 3442 3369 3369 3443 3443 3443 3443 3369 3369 3364 3364 3443 3443 3364 3364 3444 3444 3444 3444 3364 3364 3362 3362 3444 3444 3362 3362 3445 3445 3445 3445 3362 3362 3358 3358 3445 3445 3358 3358 3446 3446 3446 3446 3358 3358 3353 3353 3446 3446 3353 3353 3447 3447 3447 3447 3353 3353 3345 3345 3447 3447 3345 3345 3448 3448 3448 3448 3345 3345 3344 3344 3448 3448 3344 3344 3449 3449 3449 3449 3344 3344 3342 3342 3449 3449 3342 3342 3337 3337 3337 3337 3342 3342 3429 3429 3337 3337 3429 3429 3335 3335 3335 3335 3429 3429 3427 3427 3450 3450 3451 3451 3452 3452 3452 3452 3451 3451 3453 3453 3452 3452 3453 3453 3333 3333 3333 3333 3453 3453 3454 3454 3333 3333 3454 3454 3417 3417 3418 3418 3455 3455 3419 3419 3419 3419 3455 3455 3456 3456 3419 3419 3456 3456 3452 3452 3452 3452 3456 3456 3457 3457 3452 3452 3457 3457 3450 3450 2778 2778 2777 2777 3333 3333 3333 3333 2777 2777 2737 2737 3333 3333 2737 2737 3452 3452 3452 3452 2737 2737 2750 2750 3452 3452 2750 2750 3419 3419 3435 3435 2804 2804 3403 3403 3403 3403 2804 2804 2805 2805 3403 3403 2805 2805 3340 3340 3340 3340 2805 2805 2806 2806 3340 3340 2806 2806 3406 3406 3406 3406 2806 2806 2807 2807 3406 3406 2807 2807 3334 3334 3334 3334 2807 2807 2779 2779 3334 3334 2779 2779 2778 2778 2802 2802 2756 2756 3332 3332 3332 3332 2756 2756 2757 2757 3332 3332 2757 2757 3458 3458 3458 3458 2757 2757 2758 2758 3458 3458 2758 2758 3459 3459 2758 2758 2739 2739 3459 3459 3459 3459 2739 2739 2738 2738 3459 3459 2738 2738 3460 3460 2738 2738 2740 2740 3460 3460 3460 3460 2740 2740 2741 2741 3460 3460 2741 2741 3461 3461 3461 3461 2741 2741 2744 2744 3461 3461 2744 2744 3462 3462 3462 3462 2744 2744 2745 2745 3462 3462 2745 2745 3463 3463 2745 2745 2746 2746 3463 3463 3463 3463 2746 2746 2747 2747 3463 3463 2747 2747 3464 3464 3464 3464 2747 2747 2748 2748 3464 3464 2748 2748 3465 3465 3465 3465 2748 2748 2749 2749 3465 3465 2749 2749 3466 3466 2749 2749 2759 2759 3466 3466 3466 3466 2759 2759 2760 2760 3466 3466 2760 2760 3467 3467 3467 3467 2760 2760 2761 2761 3467 3467 2761 2761 3468 3468 2761 2761 2762 2762 3468 3468 3468 3468 2762 2762 2763 2763 3468 3468 2763 2763 3469 3469 2763 2763 2764 2764 3469 3469 3469 3469 2764 2764 2776 2776 3469 3469 2776 2776 3470 3470 3470 3470 2776 2776 2789 2789 3470 3470 2789 2789 3471 3471 3471 3471 2789 2789 2790 2790 3471 3471 2790 2790 3472 3472 3472 3472 2790 2790 2791 2791 3472 3472 2791 2791 2803 2803 2750 2750 2751 2751 3419 3419 3419 3419 2751 2751 2752 2752 3419 3419 2752 2752 3421 3421 3421 3421 2752 2752 2765 2765 3421 3421 2765 2765 2766 2766 3473 3473 3474 3474 3475 3475 3475 3475 3474 3474 3423 3423 3475 3475 3423 3423 3476 3476 3476 3476 3423 3423 3421 3421 3476 3476 3421 3421 3477 3477 3477 3477 3421 3421 2766 2766 3477 3477 2766 2766 2767 2767 2803 2803 2804 2804 3472 3472 3472 3472 2804 2804 3435 3435 3472 3472 3435 3435 3471 3471 3471 3471 3435 3435 3436 3436 3471 3471 3436 3436 3470 3470 3470 3470 3436 3436 3437 3437 3470 3470 3437 3437 3469 3469 3469 3469 3437 3437 3438 3438 3469 3469 3438 3438 3468 3468 3468 3468 3438 3438 3439 3439 3468 3468 3439 3439 3467 3467 3467 3467 3439 3439 3440 3440 3467 3467 3440 3440 3466 3466 3466 3466 3440 3440 3441 3441 3466 3466 3441 3441 3465 3465 3465 3465 3441 3441 3442 3442 3465 3465 3442 3442 3464 3464 3464 3464 3442 3442 3443 3443 3464 3464 3443 3443 3463 3463 3463 3463 3443 3443 3444 3444 3463 3463 3444 3444 3462 3462 3462 3462 3444 3444 3445 3445 3462 3462 3445 3445 3461 3461 3461 3461 3445 3445 3446 3446 3461 3461 3446 3446 3460 3460 3460 3460 3446 3446 3447 3447 3460 3460 3447 3447 3459 3459 3459 3459 3447 3447 3448 3448 3459 3459 3448 3448 3458 3458 3458 3458 3448 3448 3449 3449 3458 3458 3449 3449 3332 3332 3332 3332 3449 3449 3337 3337 3332 3332 3337 3337 3330 3330 3330 3330 3337 3337 3336 3336 3330 3330 3336 3336 3478 3478 3479 3479 3477 3477 2767 2767 3335 3335 3427 3427 3480 3480 3481 3481 3482 3482 3483 3483 3483 3483 3482 3482 3484 3484 3485 3485 3486 3486 3484 3484 3484 3484 3486 3486 3487 3487 3484 3484 3487 3487 3483 3483 3488 3488 3486 3486 3489 3489 3489 3489 3486 3486 3485 3485 3489 3489 3485 3485 3490 3490 3491 3491 3492 3492 3493 3493 3491 3491 3493 3493 3485 3485 3485 3485 3493 3493 3494 3494 3485 3485 3494 3494 3490 3490 3495 3495 3496 3496 3497 3497 3497 3497 3496 3496 3498 3498 3497 3497 3498 3498 3491 3491 3491 3491 3498 3498 3499 3499 3491 3491 3499 3499 3492 3492 3495 3495 3497 3497 3500 3500 3500 3500 3497 3497 3501 3501 3500 3500 3501 3501 3502 3502 3503 3503 3504 3504 3505 3505 3505 3505 3504 3504 3506 3506 3507 3507 3508 3508 3509 3509 3509 3509 3508 3508 3510 3510 3509 3509 3510 3510 3504 3504 3504 3504 3510 3510 3511 3511 3504 3504 3511 3511 3506 3506 3512 3512 3513 3513 3509 3509 3509 3509 3513 3513 3514 3514 3509 3509 3514 3514 3507 3507 3515 3515 3516 3516 3517 3517 3517 3517 3516 3516 3518 3518 3517 3517 3518 3518 3512 3512 3512 3512 3518 3518 3519 3519 3512 3512 3519 3519 3513 3513 3515 3515 3517 3517 3520 3520 3520 3520 3517 3517 3521 3521 3520 3520 3521 3521 3522 3522 3522 3522 3521 3521 3523 3523 3523 3523 3521 3521 3524 3524 3523 3523 3524 3524 3525 3525 3526 3526 3527 3527 3528 3528 3528 3528 3527 3527 3529 3529 3528 3528 3529 3529 3524 3524 3524 3524 3529 3529 3530 3530 3524 3524 3530 3530 3525 3525 3526 3526 3528 3528 3531 3531 3531 3531 3528 3528 3532 3532 3531 3531 3532 3532 3533 3533 3534 3534 3535 3535 3532 3532 3532 3532 3535 3535 3536 3536 3532 3532 3536 3536 3533 3533 3537 3537 3538 3538 3539 3539 3539 3539 3538 3538 3540 3540 3539 3539 3540 3540 3541 3541 3541 3541 3540 3540 3542 3542 3541 3541 3542 3542 3543 3543 3544 3544 3538 3538 3545 3545 3545 3545 3538 3538 3546 3546 3547 3547 3548 3548 3549 3549 3549 3549 3548 3548 3550 3550 3551 3551 3552 3552 3553 3553 3553 3553 3552 3552 3538 3538 3554 3554 3555 3555 3556 3556 3556 3556 3555 3555 3557 3557 3556 3556 3557 3557 3558 3558 3558 3558 3557 3557 3559 3559 3558 3558 3559 3559 3560 3560 3561 3561 3562 3562 3563 3563 3561 3561 3563 3563 3556 3556 3556 3556 3563 3563 3564 3564 3556 3556 3564 3564 3554 3554 3565 3565 3566 3566 3567 3567 3565 3565 3567 3567 3561 3561 3561 3561 3567 3567 3568 3568 3561 3561 3568 3568 3562 3562 3566 3566 3565 3565 3569 3569 3569 3569 3565 3565 3570 3570 3569 3569 3570 3570 3571 3571 3572 3572 3570 3570 3573 3573 3572 3572 3574 3574 3570 3570 3570 3570 3574 3574 3575 3575 3570 3570 3575 3575 3571 3571 3576 3576 3577 3577 3480 3480 3480 3480 3577 3577 3578 3578 3480 3480 3578 3578 3573 3573 3573 3573 3578 3578 3579 3579 3573 3573 3579 3579 3572 3572 3427 3427 3426 3426 3580 3580 3427 3427 3580 3580 3480 3480 3480 3480 3580 3580 3581 3581 3480 3480 3581 3581 3576 3576 3582 3582 3583 3583 3584 3584 3584 3584 3583 3583 3585 3585 3584 3584 3585 3585 3586 3586 3582 3582 3587 3587 3583 3583 3583 3583 3587 3587 3588 3588 3583 3583 3588 3588 3475 3475 3475 3475 3588 3588 3589 3589 3475 3475 3589 3589 3473 3473 3590 3590 3591 3591 3592 3592 3590 3590 3592 3592 3585 3585 3585 3585 3592 3592 3593 3593 3585 3585 3593 3593 3586 3586 3481 3481 3594 3594 3482 3482 3482 3482 3594 3594 3595 3595 3482 3482 3595 3595 3590 3590 3590 3590 3595 3595 3596 3596 3590 3590 3596 3596 3591 3591 3475 3475 3476 3476 3583 3583 3583 3583 3476 3476 3597 3597 3583 3583 3597 3597 3585 3585 3585 3585 3597 3597 3598 3598 3585 3585 3598 3598 3590 3590 3590 3590 3598 3598 3599 3599 3590 3590 3599 3599 3482 3482 3482 3482 3599 3599 3600 3600 3482 3482 3600 3600 3484 3484 3484 3484 3600 3600 3601 3601 3484 3484 3601 3601 3485 3485 3485 3485 3601 3601 3602 3602 3485 3485 3602 3602 3491 3491 3491 3491 3602 3602 3603 3603 3491 3491 3603 3603 3497 3497 3603 3603 3604 3604 3497 3497 3497 3497 3604 3604 3605 3605 3497 3497 3605 3605 3501 3501 3501 3501 3605 3605 3606 3606 3501 3501 3606 3606 3502 3502 3336 3336 3335 3335 3478 3478 3478 3478 3335 3335 3480 3480 3478 3478 3480 3480 3607 3607 3607 3607 3480 3480 3573 3573 3607 3607 3573 3573 3608 3608 3608 3608 3573 3573 3570 3570 3608 3608 3570 3570 3609 3609 3609 3609 3570 3570 3565 3565 3609 3609 3565 3565 3610 3610 3610 3610 3565 3565 3561 3561 3610 3610 3561 3561 3611 3611 3611 3611 3561 3561 3556 3556 3611 3611 3556 3556 3547 3547 3547 3547 3556 3556 3558 3558 3547 3547 3558 3558 3548 3548 3548 3548 3558 3558 3560 3560 3612 3612 3613 3613 2811 2811 3614 3614 2795 2795 3615 3615 3615 3615 2795 2795 2796 2796 3615 3615 2796 2796 3616 3616 2796 2796 2797 2797 3616 3616 3616 3616 2797 2797 2798 2798 3616 3616 2798 2798 3617 3617 2802 2802 3331 3331 2801 2801 2801 2801 3331 3331 3618 3618 2801 2801 3618 3618 2800 2800 2800 2800 3618 3618 3617 3617 2800 2800 3617 3617 2799 2799 2799 2799 3617 3617 2798 2798 3619 3619 2812 2812 3620 3620 3620 3620 2812 2812 2813 2813 3620 3620 2813 2813 3621 3621 3622 3622 3623 3623 2812 2812 2813 2813 2814 2814 3624 3624 3624 3624 2814 2814 2792 2792 3624 3624 2792 2792 3625 3625 3625 3625 2792 2792 2793 2793 3625 3625 2793 2793 3614 3614 3614 3614 2793 2793 2794 2794 3614 3614 2794 2794 2795 2795 2767 2767 2780 2780 3479 3479 3479 3479 2780 2780 2773 2773 3479 3479 2773 2773 3626 3626 3626 3626 2773 2773 2772 2772 3626 3626 2772 2772 3627 3627 2772 2772 2771 2771 3627 3627 3627 3627 2771 2771 2770 2770 3627 3627 2770 2770 3628 3628 3629 3629 3630 3630 2786 2786 2770 2770 2769 2769 3628 3628 3628 3628 2769 2769 2768 2768 3628 3628 2768 2768 3631 3631 3631 3631 2768 2768 2788 2788 3631 3631 2788 2788 3630 3630 3630 3630 2788 2788 2787 2787 3630 3630 2787 2787 2786 2786 2786 2786 2785 2785 3629 3629 3629 3629 2785 2785 2784 2784 3629 3629 2784 2784 3632 3632 3632 3632 2784 2784 2783 2783 3632 3632 2783 2783 2782 2782 2781 2781 3504 3504 3605 3605 3605 3605 3504 3504 3503 3503 3605 3605 3503 3503 3606 3606 2781 2781 2775 2775 3504 3504 3504 3504 2775 2775 2774 2774 3504 3504 2774 2774 3509 3509 3509 3509 2774 2774 2742 2742 3509 3509 2742 2742 3512 3512 3512 3512 2742 2742 2743 2743 3512 3512 2743 2743 3517 3517 3517 3517 2743 2743 2753 2753 3517 3517 2753 2753 3521 3521 3521 3521 2753 2753 2754 2754 3521 3521 2754 2754 3524 3524 3524 3524 2754 2754 2755 2755 3524 3524 2755 2755 3528 3528 3476 3476 3477 3477 3597 3597 3597 3597 3477 3477 3479 3479 3597 3597 3479 3479 3598 3598 3598 3598 3479 3479 3626 3626 3598 3598 3626 3626 3599 3599 3599 3599 3626 3626 3627 3627 3599 3599 3627 3627 3600 3600 3600 3600 3627 3627 3628 3628 3600 3600 3628 3628 3601 3601 3601 3601 3628 3628 3631 3631 3601 3601 3631 3631 3602 3602 3602 3602 3631 3631 3630 3630 3602 3602 3630 3630 3603 3603 3603 3603 3630 3630 3629 3629 3603 3603 3629 3629 3604 3604 3604 3604 3629 3629 3632 3632 3604 3604 3632 3632 3605 3605 3605 3605 3632 3632 2782 2782 3605 3605 2782 2782 2781 2781 3331 3331 3330 3330 3618 3618 3618 3618 3330 3330 3478 3478 3618 3618 3478 3478 3617 3617 3617 3617 3478 3478 3607 3607 3617 3617 3607 3607 3616 3616 3616 3616 3607 3607 3608 3608 3616 3616 3608 3608 3615 3615 3615 3615 3608 3608 3609 3609 3615 3615 3609 3609 3614 3614 3614 3614 3609 3609 3610 3610 3614 3614 3610 3610 3625 3625 3625 3625 3610 3610 3611 3611 3625 3625 3611 3611 3624 3624 3624 3624 3611 3611 3547 3547 3624 3624 3547 3547 2813 2813 2813 2813 3547 3547 3549 3549 2813 2813 3549 3549 3621 3621 3621 3621 3549 3549 3550 3550 3621 3621 3550 3550 3620 3620 3620 3620 3550 3550 3552 3552 3620 3620 3552 3552 3619 3619 3619 3619 3552 3552 3551 3551 3619 3619 3551 3551 2812 2812 2812 2812 3551 3551 3553 3553 2812 2812 3553 3553 3622 3622 3622 3622 3553 3553 3538 3538 3622 3622 3538 3538 3623 3623 3623 3623 3538 3538 3544 3544 3623 3623 3544 3544 2812 2812 2812 2812 3544 3544 3545 3545 2812 2812 3545 3545 2811 2811 2811 2811 3545 3545 3546 3546 2811 2811 3546 3546 3612 3612 3612 3612 3546 3546 3538 3538 3612 3612 3538 3538 3613 3613 3613 3613 3538 3538 3537 3537 3613 3613 3537 3537 2811 2811 2811 2811 3537 3537 3539 3539 2811 2811 3539 3539 3532 3532 3532 3532 3539 3539 3541 3541 3532 3532 3541 3541 3534 3534 3534 3534 3541 3541 3543 3543 2755 2755 2808 2808 3528 3528 3528 3528 2808 2808 2809 2809 3528 3528 2809 2809 3532 3532 3532 3532 2809 2809 2810 2810 3532 3532 2810 2810 2811 2811 3310 3310 3309 3309 3633 3633 3634 3634 3635 3635 3636 3636 3637 3637 3638 3638 3639 3639 3640 3640 3641 3641 3642 3642 2824 2824 2823 2823 3643 3643 3644 3644 3645 3645 3646 3646 3647 3647 3646 3646 3648 3648 2889 2889 2888 2888 3649 3649 3650 3650 3651 3651 3652 3652 3653 3653 3654 3654 3655 3655 3656 3656 3657 3657 3658 3658 3659 3659 3660 3660 3661 3661 3662 3662 2891 2891 2890 2890 3663 3663 3664 3664 3665 3665 2891 2891 3662 3662 2892 2892 2874 2874 2893 2893 3666 3666 3667 3667 3668 3668 3669 3669 3670 3670 3671 3671 3672 3672 3673 3673 3674 3674 3675 3675 2864 2864 2868 2868 3676 3676 3677 3677 3678 3678 3679 3679 3680 3680 3681 3681 3682 3682 3683 3683 3684 3684 3685 3685 3686 3686 3687 3687 3688 3688 3688 3688 3687 3687 3689 3689 3250 3250 3249 3249 3690 3690 3280 3280 3286 3286 3691 3691 3284 3284 3251 3251 3692 3692 3693 3693 3694 3694 3695 3695 3696 3696 3697 3697 3698 3698 3699 3699 3700 3700 3701 3701 3702 3702 3703 3703 3704 3704 3259 3259 3274 3274 3705 3705 3706 3706 3707 3707 3708 3708 3709 3709 3710 3710 3711 3711 3712 3712 3713 3713 3714 3714 3715 3715 3716 3716 3703 3703 2933 2933 2935 2935 3717 3717 2966 2966 2965 2965 3718 3718 2975 2975 2977 2977 3719 3719 3014 3014 3013 3013 3720 3720 3069 3069 3721 3721 3070 3070 3067 3067 3183 3183 3722 3722 3134 3134 3133 3133 3723 3723 3139 3139 3138 3138 3724 3724 3158 3158 3157 3157 3637 3637 3159 3159 3168 3168 3638 3638 3164 3164 3169 3169 3725 3725 3725 3725 3169 3169 3171 3171 3182 3182 3181 3181 3726 3726 3105 3105 3727 3727 3103 3103 3347 3347 3346 3346 3728 3728 3385 3385 3383 3383 3729 3729 3395 3395 3394 3394 3730 3730 3451 3451 3731 3731 3453 3453 3587 3587 3582 3582 3732 3732 3732 3732 3582 3582 3584 3584 3593 3593 3592 3592 3733 3733 3560 3560 3559 3559 3734 3734 3557 3557 3555 3555 3735 3735 3564 3564 3563 3563 3736 3736 3566 3566 3569 3569 3694 3694 3428 3428 3737 3737 3426 3426 3426 3426 3737 3737 3738 3738 3426 3426 3738 3738 3580 3580 3580 3580 3738 3738 3739 3739 3580 3580 3739 3739 3581 3581 3740 3740 3572 3572 3579 3579 3578 3578 3577 3577 3739 3739 3739 3739 3577 3577 3576 3576 3739 3739 3576 3576 3581 3581 3575 3575 3574 3574 3695 3695 3694 3694 3569 3569 3695 3695 3695 3695 3569 3569 3571 3571 3695 3695 3571 3571 3575 3575 3563 3563 3562 3562 3693 3693 3693 3693 3562 3562 3568 3568 3693 3693 3568 3568 3694 3694 3694 3694 3568 3568 3567 3567 3694 3694 3567 3567 3566 3566 3564 3564 3736 3736 3554 3554 3560 3560 3734 3734 3548 3548 3701 3701 3552 3552 3550 3550 3534 3534 3543 3543 3699 3699 3699 3699 3543 3543 3542 3542 3699 3699 3542 3542 3700 3700 3700 3700 3542 3542 3540 3540 3700 3700 3540 3540 3701 3701 3701 3701 3540 3540 3538 3538 3701 3701 3538 3538 3552 3552 3533 3533 3536 3536 3741 3741 3741 3741 3536 3536 3535 3535 3526 3526 3531 3531 3742 3742 3529 3529 3527 3527 3743 3743 3743 3743 3527 3527 3526 3526 3529 3529 3743 3743 3530 3530 3530 3530 3743 3743 3744 3744 3530 3530 3744 3744 3525 3525 3515 3515 3520 3520 3745 3745 3745 3745 3520 3520 3522 3522 3745 3745 3522 3522 3744 3744 3744 3744 3522 3522 3523 3523 3744 3744 3523 3523 3525 3525 3746 3746 3518 3518 3516 3516 3518 3518 3746 3746 3519 3519 3519 3519 3746 3746 3747 3747 3519 3519 3747 3747 3513 3513 3513 3513 3747 3747 3514 3514 3514 3514 3747 3747 3655 3655 3514 3514 3655 3655 3507 3507 3507 3507 3655 3655 3654 3654 3507 3507 3654 3654 3508 3508 3653 3653 3503 3503 3505 3505 3505 3505 3506 3506 3653 3653 3653 3653 3506 3506 3511 3511 3653 3653 3511 3511 3654 3654 3654 3654 3511 3511 3510 3510 3654 3654 3510 3510 3508 3508 3748 3748 3749 3749 3496 3496 3496 3496 3495 3495 3748 3748 3748 3748 3495 3495 3500 3500 3748 3748 3500 3500 3502 3502 3750 3750 3493 3493 3492 3492 3750 3750 3492 3492 3751 3751 3751 3751 3492 3492 3499 3499 3751 3751 3499 3499 3498 3498 3752 3752 3490 3490 3750 3750 3750 3750 3490 3490 3494 3494 3750 3750 3494 3494 3493 3493 3489 3489 3753 3753 3488 3488 3488 3488 3753 3753 3754 3754 3594 3594 3481 3481 3755 3755 3755 3755 3481 3481 3483 3483 3755 3755 3483 3483 3756 3756 3756 3756 3483 3483 3487 3487 3756 3756 3487 3487 3754 3754 3754 3754 3487 3487 3486 3486 3754 3754 3486 3486 3488 3488 3591 3591 3596 3596 3755 3755 3755 3755 3596 3596 3595 3595 3755 3755 3595 3595 3594 3594 3588 3588 3587 3587 3757 3757 3757 3757 3587 3587 3732 3732 3757 3757 3732 3732 3758 3758 3758 3758 3732 3732 3584 3584 3758 3758 3584 3584 3586 3586 3474 3474 3473 3473 3757 3757 3757 3757 3473 3473 3589 3589 3757 3757 3589 3589 3588 3588 3424 3424 3759 3759 3425 3425 3425 3425 3759 3759 3760 3760 3425 3425 3760 3760 3422 3422 3422 3422 3760 3760 3420 3420 3418 3418 3761 3761 3455 3455 3455 3455 3761 3761 3762 3762 3455 3455 3762 3762 3456 3456 3456 3456 3762 3762 3457 3457 3731 3731 3451 3451 3762 3762 3762 3762 3451 3451 3450 3450 3762 3762 3450 3450 3457 3457 3454 3454 3763 3763 3417 3417 3417 3417 3763 3763 3764 3764 3417 3417 3764 3764 3416 3416 3416 3416 3764 3764 3410 3410 3410 3410 3764 3764 3765 3765 3410 3410 3765 3765 3411 3411 3415 3415 3414 3414 3766 3766 3766 3766 3414 3414 3413 3413 3766 3766 3413 3413 3765 3765 3765 3765 3413 3413 3412 3412 3765 3765 3412 3412 3411 3411 3767 3767 3768 3768 3407 3407 3338 3338 3409 3409 3768 3768 3768 3768 3409 3409 3408 3408 3768 3768 3408 3408 3407 3407 3338 3338 3769 3769 3339 3339 3339 3339 3769 3769 3405 3405 3405 3405 3769 3769 3404 3404 3404 3404 3769 3769 3770 3770 3404 3404 3770 3770 3402 3402 3401 3401 3400 3400 3771 3771 3771 3771 3400 3400 3399 3399 3771 3771 3399 3399 3770 3770 3770 3770 3399 3399 3434 3434 3770 3770 3434 3434 3402 3402 3394 3394 3392 3392 3730 3730 3730 3730 3392 3392 3391 3391 3730 3730 3391 3391 3396 3396 3383 3383 3390 3390 3729 3729 3729 3729 3390 3390 3389 3389 3729 3729 3389 3389 3387 3387 3386 3386 3772 3772 3379 3379 3379 3379 3772 3772 3773 3773 3379 3379 3773 3773 3381 3381 3381 3381 3773 3773 3382 3382 3372 3372 3371 3371 3774 3774 3774 3774 3371 3371 3376 3376 3774 3774 3376 3376 3773 3773 3773 3773 3376 3376 3378 3378 3773 3773 3378 3378 3382 3382 3775 3775 3368 3368 3370 3370 3775 3775 3370 3370 3776 3776 3776 3776 3370 3370 3375 3375 3776 3776 3375 3375 3374 3374 3777 3777 3357 3357 3356 3356 3363 3363 3367 3367 3778 3778 3778 3778 3367 3367 3366 3366 3778 3778 3366 3366 3775 3775 3775 3775 3366 3366 3365 3365 3775 3775 3365 3365 3368 3368 3777 3777 3356 3356 3778 3778 3778 3778 3356 3356 3361 3361 3778 3778 3361 3361 3363 3363 3779 3779 3351 3351 3780 3780 3780 3780 3351 3351 3360 3360 3780 3780 3360 3360 3359 3359 3355 3355 3354 3354 3779 3779 3779 3779 3354 3354 3352 3352 3779 3779 3352 3352 3351 3351 3781 3781 3431 3431 3341 3341 3341 3341 3343 3343 3781 3781 3781 3781 3343 3343 3350 3350 3781 3781 3350 3350 3782 3782 3782 3782 3350 3350 3349 3349 3782 3782 3349 3349 3348 3348 3428 3428 3430 3430 3737 3737 3737 3737 3430 3430 3433 3433 3737 3737 3433 3433 3781 3781 3781 3781 3433 3433 3432 3432 3781 3781 3432 3432 3431 3431 3115 3115 2919 2919 3783 3783 3115 3115 3783 3783 3112 3112 3784 3784 3114 3114 3113 3113 3784 3784 3113 3113 3785 3785 3727 3727 3105 3105 3784 3784 3784 3784 3105 3105 3110 3110 3784 3784 3110 3110 3109 3109 3109 3109 3107 3107 3784 3784 3784 3784 3107 3107 3106 3106 3784 3784 3106 3106 3114 3114 3786 3786 3787 3787 3096 3096 3096 3096 3095 3095 3786 3786 3786 3786 3095 3095 3100 3100 3786 3786 3100 3100 3102 3102 3788 3788 3091 3091 3789 3789 3789 3789 3091 3091 3099 3099 3789 3789 3099 3099 3098 3098 3089 3089 3087 3087 3790 3790 3790 3790 3087 3087 3094 3094 3790 3790 3094 3094 3788 3788 3788 3788 3094 3094 3093 3093 3788 3788 3093 3093 3091 3091 3089 3089 3790 3790 3090 3090 3090 3090 3790 3790 3791 3791 3090 3090 3791 3791 3086 3086 3792 3792 3083 3083 3791 3791 3791 3791 3083 3083 3084 3084 3791 3791 3084 3084 3086 3086 3181 3181 3180 3180 3726 3726 3726 3726 3180 3180 3079 3079 3726 3726 3079 3079 3792 3792 3792 3792 3079 3079 3081 3081 3792 3792 3081 3081 3083 3083 3172 3172 3177 3177 3793 3793 3793 3793 3177 3177 3179 3179 3176 3176 3175 3175 3794 3794 3794 3794 3175 3175 3173 3173 3638 3638 3168 3168 3639 3639 3639 3639 3168 3168 3167 3167 3639 3639 3167 3167 3165 3165 3157 3157 3163 3163 3637 3637 3637 3637 3163 3163 3162 3162 3637 3637 3162 3162 3638 3638 3638 3638 3162 3162 3160 3160 3638 3638 3160 3160 3159 3159 3795 3795 3152 3152 3153 3153 3148 3148 3146 3146 3796 3796 3796 3796 3146 3146 3145 3145 3796 3796 3145 3145 3150 3150 3149 3149 3148 3148 3797 3797 3797 3797 3148 3148 3796 3796 3797 3797 3796 3796 3795 3795 3795 3795 3796 3796 3150 3150 3795 3795 3150 3150 3152 3152 3144 3144 3143 3143 3798 3798 3798 3798 3143 3143 3141 3141 3798 3798 3141 3141 3149 3149 3138 3138 3137 3137 3799 3799 3799 3799 3137 3137 3136 3136 3799 3799 3136 3136 3144 3144 3139 3139 3724 3724 3140 3140 3124 3124 3129 3129 3800 3800 3800 3800 3129 3129 3131 3131 3134 3134 3723 3723 3131 3131 3125 3125 3124 3124 3801 3801 3125 3125 3801 3801 3127 3127 3127 3127 3801 3801 3802 3802 3127 3127 3802 3802 3128 3128 3128 3128 3802 3802 3076 3076 3076 3076 3802 3802 3803 3803 3076 3076 3803 3803 3077 3077 3804 3804 3122 3122 3803 3803 3803 3803 3122 3122 3121 3121 3803 3803 3121 3121 3077 3077 3123 3123 3805 3805 3116 3116 3116 3116 3805 3805 3806 3806 3116 3116 3806 3806 3117 3117 3117 3117 3806 3806 3119 3119 3119 3119 3806 3806 3187 3187 3187 3187 3806 3806 3807 3807 3187 3187 3807 3807 3188 3188 3183 3183 3185 3185 3722 3722 3722 3722 3185 3185 3186 3186 3722 3722 3186 3186 3189 3189 3068 3068 3067 3067 3808 3808 3808 3808 3067 3067 3722 3722 3808 3808 3722 3722 3807 3807 3807 3807 3722 3722 3189 3189 3807 3807 3189 3189 3188 3188 3641 3641 3002 3002 3642 3642 3642 3642 3002 3002 3004 3004 3642 3642 3004 3004 3005 3005 3008 3008 3007 3007 3641 3641 3641 3641 3007 3007 3006 3006 3641 3641 3006 3006 3002 3002 3010 3010 3011 3011 3809 3809 3809 3809 3011 3011 3001 3001 3809 3809 3001 3001 2999 2999 2992 2992 2991 2991 3810 3810 2991 2991 2912 2912 3810 3810 3810 3810 2912 2912 2911 2911 3810 3810 2911 2911 3809 3809 3809 3809 2911 2911 3009 3009 3809 3809 3009 3009 3010 3010 2997 2997 2996 2996 3811 3811 3811 3811 2996 2996 2995 2995 3812 3812 2985 2985 2997 2997 3013 3013 3012 3012 3720 3720 3720 3720 3012 3012 2990 2990 3720 3720 2990 2990 3813 3813 3813 3813 2990 2990 2988 2988 3813 3813 2988 2988 2986 2986 2908 2908 3814 3814 2909 2909 2909 2909 3814 3814 3719 3719 2909 2909 3719 3719 2978 2978 2978 2978 3719 3719 2977 2977 2971 2971 2970 2970 3815 3815 3815 3815 2970 2970 2981 2981 3815 3815 2981 2981 3816 3816 3816 3816 2981 2981 2980 2980 3816 3816 2980 2980 2979 2979 3817 3817 2984 2984 2983 2983 2983 2983 2982 2982 3817 3817 3817 3817 2982 2982 2974 2974 3817 3817 2974 2974 2973 2973 2965 2965 2960 2960 3818 3818 3818 3818 2960 2960 2962 2962 3818 3818 2962 2962 3817 3817 3817 3817 2962 2962 2964 2964 3817 3817 2964 2964 2984 2984 2958 2958 2956 2956 3819 3819 3819 3819 2956 2956 2968 2968 3819 3819 2968 2968 3718 3718 3718 3718 2968 2968 2967 2967 3718 3718 2967 2967 2966 2966 2958 2958 3820 3820 2959 2959 2959 2959 3820 3820 3071 3071 3071 3071 3820 3820 3072 3072 3072 3072 3820 3820 3821 3821 3072 3072 3821 3821 3073 3073 2944 2944 2943 2943 3822 3822 3822 3822 2943 2943 2941 2941 3822 3822 2941 2941 2940 2940 2935 2935 2937 2937 3823 3823 2937 2937 2938 2938 3823 3823 3823 3823 2938 2938 2947 2947 3823 3823 2947 2947 2946 2946 2948 2948 2950 2950 3824 3824 3824 3824 2950 2950 2951 2951 2953 2953 2952 2952 3825 3825 3825 3825 2952 2952 2948 2948 2929 2929 2928 2928 3826 3826 3826 3826 2928 2928 2954 2954 3826 3826 2954 2954 2953 2953 2926 2926 2924 2924 3827 3827 3827 3827 2924 2924 2923 2923 3827 3827 2923 2923 2932 2932 2922 2922 2927 2927 3828 3828 3828 3828 2927 2927 2926 2926 2919 2919 2917 2917 3829 3829 3829 3829 2917 2917 2915 2915 3829 3829 2915 2915 3830 3830 2915 2915 2914 2914 3830 3830 3830 3830 2914 2914 2920 2920 3830 3830 2920 2920 2922 2922 3768 3768 3831 3831 3338 3338 3338 3338 3831 3831 3832 3832 3338 3338 3832 3832 3769 3769 3769 3769 3832 3832 3833 3833 3769 3769 3833 3833 3770 3770 3770 3770 3833 3833 3834 3834 3770 3770 3834 3834 3771 3771 3262 3262 3835 3835 3263 3263 3263 3263 3835 3835 3836 3836 3263 3263 3836 3836 3321 3321 3837 3837 3838 3838 3839 3839 3839 3839 3838 3838 3840 3840 3839 3839 3840 3840 3841 3841 3841 3841 3840 3840 3842 3842 3841 3841 3842 3842 3780 3780 3780 3780 3842 3842 3843 3843 3780 3780 3843 3843 3779 3779 3779 3779 3843 3843 3728 3728 3779 3779 3728 3728 3355 3355 3355 3355 3728 3728 3346 3346 3306 3306 3319 3319 3844 3844 3844 3844 3319 3319 3320 3320 3844 3844 3320 3320 3845 3845 3845 3845 3320 3320 3323 3323 3845 3845 3323 3323 3836 3836 3836 3836 3323 3323 3322 3322 3836 3836 3322 3322 3321 3321 3387 3387 3846 3846 3729 3729 3729 3729 3846 3846 3772 3772 3729 3729 3772 3772 3385 3385 3385 3385 3772 3772 3386 3386 3847 3847 3730 3730 3848 3848 3848 3848 3730 3730 3396 3396 3848 3848 3396 3396 3398 3398 3772 3772 3849 3849 3773 3773 3773 3773 3849 3849 3776 3776 3773 3773 3776 3776 3774 3774 3774 3774 3776 3776 3374 3374 3774 3774 3374 3374 3372 3372 3850 3850 3851 3851 3852 3852 3852 3852 3851 3851 3853 3853 3849 3849 3837 3837 3776 3776 3776 3776 3837 3837 3839 3839 3776 3776 3839 3839 3775 3775 3775 3775 3839 3839 3841 3841 3775 3775 3841 3841 3778 3778 3778 3778 3841 3841 3780 3780 3778 3778 3780 3780 3777 3777 3777 3777 3780 3780 3359 3359 3777 3777 3359 3359 3357 3357 3318 3318 3854 3854 3299 3299 3299 3299 3854 3854 3855 3855 3299 3299 3855 3855 3300 3300 3300 3300 3855 3855 3301 3301 3313 3313 3255 3255 3856 3856 3856 3856 3255 3255 3254 3254 3318 3318 3317 3317 3854 3854 3854 3854 3317 3317 3316 3316 3854 3854 3316 3316 3844 3844 3844 3844 3316 3316 3307 3307 3844 3844 3307 3307 3306 3306 3635 3635 3634 3634 3857 3857 3857 3857 3634 3634 3858 3858 3857 3857 3858 3858 3859 3859 3715 3715 3860 3860 3861 3861 3861 3861 3860 3860 3862 3862 3863 3863 3864 3864 3865 3865 3865 3865 3864 3864 3866 3866 3865 3865 3866 3866 3867 3867 3867 3867 3866 3866 3868 3868 3867 3867 3868 3868 3869 3869 3869 3869 3868 3868 3870 3870 3869 3869 3870 3870 3871 3871 3872 3872 3873 3873 3847 3847 3847 3847 3873 3873 3874 3874 3847 3847 3874 3874 3730 3730 3730 3730 3874 3874 3846 3846 3730 3730 3846 3846 3395 3395 3395 3395 3846 3846 3387 3387 3858 3858 3875 3875 3859 3859 3859 3859 3875 3875 3876 3876 3859 3859 3876 3876 3877 3877 3877 3877 3876 3876 3878 3878 3877 3877 3878 3878 3879 3879 3879 3879 3878 3878 3880 3880 3879 3879 3880 3880 3873 3873 3873 3873 3880 3880 3881 3881 3873 3873 3881 3881 3874 3874 3874 3874 3881 3881 3882 3882 3874 3874 3882 3882 3846 3846 3846 3846 3882 3882 3883 3883 3846 3846 3883 3883 3772 3772 3772 3772 3883 3883 3850 3850 3772 3772 3850 3850 3849 3849 3849 3849 3850 3850 3852 3852 3849 3849 3852 3852 3837 3837 3837 3837 3852 3852 3853 3853 3837 3837 3853 3853 3838 3838 3875 3875 3884 3884 3876 3876 3876 3876 3884 3884 3885 3885 3876 3876 3885 3885 3878 3878 3878 3878 3885 3885 3886 3886 3878 3878 3886 3886 3880 3880 3880 3880 3886 3886 3887 3887 3880 3880 3887 3887 3881 3881 3881 3881 3887 3887 3888 3888 3881 3881 3888 3888 3882 3882 3882 3882 3888 3888 3889 3889 3882 3882 3889 3889 3883 3883 3883 3883 3889 3889 3890 3890 3883 3883 3890 3890 3850 3850 3850 3850 3890 3890 3891 3891 3850 3850 3891 3891 3851 3851 3884 3884 3892 3892 3885 3885 3885 3885 3892 3892 3893 3893 3885 3885 3893 3893 3886 3886 3886 3886 3893 3893 3894 3894 3886 3886 3894 3894 3887 3887 3887 3887 3894 3894 3895 3895 3887 3887 3895 3895 3888 3888 3888 3888 3895 3895 3896 3896 3888 3888 3896 3896 3889 3889 3889 3889 3896 3896 3897 3897 3889 3889 3897 3897 3890 3890 3890 3890 3897 3897 3856 3856 3890 3890 3856 3856 3891 3891 3891 3891 3856 3856 3254 3254 3891 3891 3254 3254 3302 3302 3714 3714 3709 3709 3898 3898 3898 3898 3709 3709 3711 3711 3898 3898 3711 3711 3899 3899 3899 3899 3711 3711 3312 3312 3899 3899 3312 3312 3298 3298 3714 3714 3713 3713 3709 3709 3709 3709 3713 3713 3900 3900 3709 3709 3900 3900 3710 3710 3900 3900 3901 3901 3710 3710 3710 3710 3901 3901 3296 3296 3710 3710 3296 3296 3295 3295 3295 3295 3294 3294 3710 3710 3710 3710 3294 3294 3261 3261 3710 3710 3261 3261 3711 3711 3711 3711 3261 3261 3260 3260 3711 3711 3260 3260 3312 3312 3708 3708 3707 3707 3902 3902 3902 3902 3707 3707 3903 3903 3902 3902 3903 3903 3904 3904 3904 3904 3903 3903 3905 3905 3905 3905 3903 3903 3906 3906 3905 3905 3906 3906 3907 3907 3270 3270 3269 3269 3908 3908 3908 3908 3269 3269 3258 3258 3870 3870 3909 3909 3871 3871 3871 3871 3909 3909 3910 3910 3871 3871 3910 3910 3911 3911 3911 3911 3910 3910 3912 3912 3911 3911 3912 3912 3913 3913 3913 3913 3912 3912 3908 3908 3913 3913 3908 3908 3705 3705 3705 3705 3908 3908 3258 3258 3705 3705 3258 3258 3259 3259 3273 3273 3272 3272 3906 3906 3906 3906 3272 3272 3293 3293 3906 3906 3293 3293 3907 3907 3907 3907 3293 3293 3253 3253 3907 3907 3253 3253 3252 3252 3305 3305 3304 3304 3901 3901 3901 3901 3304 3304 3303 3303 3901 3901 3303 3303 3296 3296 3252 3252 3305 3305 3907 3907 3907 3907 3305 3305 3901 3901 3907 3907 3901 3901 3905 3905 3905 3905 3901 3901 3900 3900 3905 3905 3900 3900 3904 3904 3904 3904 3900 3900 3713 3713 3904 3904 3713 3713 3902 3902 3902 3902 3713 3713 3712 3712 3902 3902 3712 3712 3708 3708 3298 3298 3297 3297 3899 3899 3899 3899 3297 3297 3315 3315 3899 3899 3315 3315 3314 3314 3892 3892 3706 3706 3893 3893 3893 3893 3706 3706 3708 3708 3893 3893 3708 3708 3894 3894 3894 3894 3708 3708 3712 3712 3894 3894 3712 3712 3895 3895 3895 3895 3712 3712 3714 3714 3895 3895 3714 3714 3896 3896 3896 3896 3714 3714 3898 3898 3896 3896 3898 3898 3897 3897 3897 3897 3898 3898 3899 3899 3897 3897 3899 3899 3856 3856 3856 3856 3899 3899 3314 3314 3856 3856 3314 3314 3313 3313 3914 3914 3915 3915 3916 3916 3916 3916 3915 3915 3917 3917 3916 3916 3917 3917 3918 3918 3915 3915 3919 3919 3917 3917 3917 3917 3919 3919 3920 3920 3917 3917 3920 3920 3918 3918 3918 3918 3920 3920 3921 3921 3918 3918 3921 3921 3922 3922 3922 3922 3921 3921 3923 3923 3922 3922 3923 3923 3924 3924 3924 3924 3923 3923 3925 3925 3924 3924 3925 3925 3926 3926 3927 3927 3697 3697 3928 3928 3928 3928 3697 3697 3696 3696 3928 3928 3696 3696 3929 3929 3929 3929 3696 3696 3930 3930 3929 3929 3930 3930 3931 3931 3932 3932 3933 3933 3934 3934 3934 3934 3933 3933 3935 3935 3934 3934 3935 3935 3936 3936 3936 3936 3935 3935 3937 3937 3936 3936 3937 3937 3938 3938 3938 3938 3937 3937 3939 3939 3938 3938 3939 3939 3940 3940 3941 3941 3942 3942 3943 3943 3943 3943 3942 3942 3931 3931 3943 3943 3931 3931 3944 3944 3944 3944 3931 3931 3930 3930 3944 3944 3930 3930 3945 3945 3945 3945 3930 3930 3696 3696 3945 3945 3696 3696 3946 3946 3946 3946 3696 3696 3698 3698 3946 3946 3698 3698 3947 3947 3948 3948 3290 3290 3247 3247 3948 3948 3247 3247 3949 3949 3949 3949 3247 3247 3246 3246 3949 3949 3246 3246 3271 3271 3267 3267 3266 3266 3950 3950 3950 3950 3266 3266 3265 3265 3950 3950 3265 3265 3951 3951 3265 3265 3264 3264 3951 3951 3951 3951 3264 3264 3292 3292 3951 3951 3292 3292 3948 3948 3948 3948 3292 3292 3291 3291 3948 3948 3291 3291 3290 3290 3949 3949 3927 3927 3948 3948 3948 3948 3927 3927 3928 3928 3948 3948 3928 3928 3951 3951 3951 3951 3928 3928 3929 3929 3951 3951 3929 3929 3950 3950 3950 3950 3929 3929 3931 3931 3950 3950 3931 3931 3952 3952 3952 3952 3931 3931 3942 3942 3952 3952 3942 3942 3953 3953 3953 3953 3942 3942 3941 3941 3953 3953 3941 3941 3954 3954 3955 3955 3257 3257 3289 3289 3955 3955 3289 3289 3956 3956 3249 3249 3248 3248 3690 3690 3690 3690 3248 3248 3957 3957 3690 3690 3957 3957 3954 3954 3248 3248 3245 3245 3957 3957 3957 3957 3245 3245 3244 3244 3957 3957 3244 3244 3955 3955 3955 3955 3244 3244 3256 3256 3955 3955 3256 3256 3257 3257 3289 3289 3288 3288 3956 3956 3956 3956 3288 3288 3287 3287 3956 3956 3287 3287 3268 3268 3954 3954 3957 3957 3953 3953 3953 3953 3957 3957 3955 3955 3953 3953 3955 3955 3952 3952 3952 3952 3955 3955 3956 3956 3952 3952 3956 3956 3950 3950 3950 3950 3956 3956 3268 3268 3950 3950 3268 3268 3267 3267 3563 3563 3693 3693 3736 3736 3736 3736 3693 3693 3958 3958 3736 3736 3958 3958 3926 3926 3926 3926 3958 3958 3940 3940 3926 3926 3940 3940 3924 3924 3924 3924 3940 3940 3939 3939 3924 3924 3939 3939 3922 3922 3922 3922 3939 3939 3937 3937 3922 3922 3937 3937 3918 3918 3918 3918 3937 3937 3935 3935 3918 3918 3935 3935 3916 3916 3916 3916 3935 3935 3933 3933 3916 3916 3933 3933 3914 3914 3914 3914 3933 3933 3932 3932 3914 3914 3932 3932 3704 3704 3702 3702 3704 3704 3959 3959 3959 3959 3704 3704 3932 3932 3959 3959 3932 3932 3960 3960 3960 3960 3932 3932 3934 3934 3960 3960 3934 3934 3961 3961 3961 3961 3934 3934 3936 3936 3961 3961 3936 3936 3962 3962 3962 3962 3936 3936 3938 3938 3962 3962 3938 3938 3963 3963 3963 3963 3938 3938 3940 3940 3963 3963 3940 3940 3964 3964 3964 3964 3940 3940 3958 3958 3964 3964 3958 3958 3965 3965 3965 3965 3958 3958 3693 3693 3965 3965 3693 3693 3966 3966 3966 3966 3693 3693 3695 3695 3966 3966 3695 3695 3967 3967 3579 3579 3578 3578 3740 3740 3740 3740 3578 3578 3739 3739 3740 3740 3739 3739 3968 3968 3968 3968 3739 3739 3738 3738 3284 3284 3692 3692 3285 3285 3286 3286 3285 3285 3691 3691 3691 3691 3285 3285 3692 3692 3691 3691 3692 3692 3969 3969 3969 3969 3692 3692 3970 3970 3969 3969 3970 3970 3971 3971 3971 3971 3970 3970 3972 3972 3971 3971 3972 3972 3973 3973 3973 3973 3972 3972 3974 3974 3973 3973 3974 3974 3975 3975 3975 3975 3974 3974 3976 3976 3975 3975 3976 3976 3977 3977 3977 3977 3976 3976 3978 3978 3977 3977 3978 3978 3979 3979 3979 3979 3978 3978 3980 3980 3979 3979 3980 3980 3981 3981 3981 3981 3980 3980 3982 3982 3981 3981 3982 3982 3983 3983 3983 3983 3982 3982 3984 3984 3985 3985 3283 3283 3986 3986 3986 3986 3283 3283 3282 3282 3986 3986 3282 3282 3281 3281 3281 3281 3280 3280 3986 3986 3986 3986 3280 3280 3691 3691 3986 3986 3691 3691 3987 3987 3987 3987 3691 3691 3969 3969 3987 3987 3969 3969 3988 3988 3988 3988 3969 3969 3971 3971 3988 3988 3971 3971 3989 3989 3989 3989 3971 3971 3973 3973 3989 3989 3973 3973 3990 3990 3990 3990 3973 3973 3975 3975 3990 3990 3975 3975 3991 3991 3991 3991 3975 3975 3977 3977 3991 3991 3977 3977 3992 3992 3992 3992 3977 3977 3979 3979 3992 3992 3979 3979 3993 3993 3993 3993 3979 3979 3981 3981 3993 3993 3981 3981 3994 3994 3994 3994 3981 3981 3983 3983 3348 3348 3995 3995 3782 3782 3782 3782 3995 3995 3996 3996 3782 3782 3996 3996 3781 3781 3781 3781 3996 3996 3997 3997 3781 3781 3997 3997 3737 3737 3737 3737 3997 3997 3998 3998 3737 3737 3998 3998 3738 3738 3738 3738 3998 3998 3999 3999 3738 3738 3999 3999 3968 3968 3348 3348 3347 3347 3995 3995 3995 3995 3347 3347 3728 3728 3995 3995 3728 3728 4000 4000 4000 4000 3728 3728 3843 3843 4000 4000 3843 3843 3835 3835 3835 3835 3843 3843 3842 3842 3835 3835 3842 3842 3836 3836 3836 3836 3842 3842 3840 3840 3836 3836 3840 3840 3845 3845 3845 3845 3840 3840 3838 3838 3845 3845 3838 3838 3844 3844 3844 3844 3838 3838 3853 3853 3844 3844 3853 3853 3854 3854 3854 3854 3853 3853 3851 3851 3854 3854 3851 3851 3855 3855 3855 3855 3851 3851 3891 3891 3855 3855 3891 3891 3301 3301 3301 3301 3891 3891 3302 3302 3278 3278 4001 4001 3279 3279 3279 3279 4001 4001 4002 4002 3279 3279 4002 4002 3324 3324 3324 3324 4002 4002 3325 3325 3309 3309 3308 3308 3633 3633 3633 3633 3308 3308 3329 3329 3633 3633 3329 3329 4003 4003 3329 3329 3328 3328 4003 4003 4003 4003 3328 3328 3327 3327 4003 4003 3327 3327 4002 4002 4002 4002 3327 3327 3326 3326 4002 4002 3326 3326 3325 3325 3278 3278 3277 3277 4001 4001 4001 4001 3277 3277 3276 3276 4001 4001 3276 3276 3985 3985 3985 3985 3276 3276 3275 3275 3985 3985 3275 3275 3283 3283 3251 3251 3250 3250 3692 3692 3692 3692 3250 3250 3690 3690 3692 3692 3690 3690 3970 3970 3970 3970 3690 3690 3954 3954 3970 3970 3954 3954 3972 3972 3972 3972 3954 3954 3941 3941 3972 3972 3941 3941 3974 3974 3974 3974 3941 3941 3943 3943 3974 3974 3943 3943 3976 3976 3976 3976 3943 3943 3944 3944 3976 3976 3944 3944 3978 3978 3978 3978 3944 3944 3945 3945 3978 3978 3945 3945 3980 3980 3980 3980 3945 3945 3946 3946 3980 3980 3946 3946 3982 3982 3982 3982 3946 3946 3947 3947 3982 3982 3947 3947 3984 3984 4004 4004 2839 2839 2840 2840 2979 2979 2975 2975 3816 3816 3816 3816 2975 2975 3719 3719 3816 3816 3719 3719 4005 4005 4005 4005 3719 3719 3814 3814 4005 4005 3814 3814 4004 4004 4004 4004 2840 2840 4005 4005 4005 4005 2840 2840 2830 2830 4005 4005 2830 2830 2829 2829 2849 2849 2848 2848 4006 4006 4006 4006 2848 2848 2847 2847 4006 4006 2847 2847 4007 4007 4007 4007 2847 2847 2846 2846 4007 4007 2846 2846 2853 2853 2853 2853 2852 2852 4007 4007 4007 4007 2852 2852 2851 2851 4007 4007 2851 2851 4008 4008 2842 2842 4009 4009 2854 2854 2854 2854 4009 4009 4008 4008 2854 2854 4008 4008 2850 2850 2850 2850 4008 4008 2851 2851 2859 2859 4010 4010 2860 2860 2860 2860 4010 4010 4009 4009 2860 2860 4009 4009 2841 2841 2841 2841 4009 4009 2842 2842 2859 2859 2858 2858 4010 4010 4010 4010 2858 2858 2857 2857 4010 4010 2857 2857 4011 4011 2857 2857 2884 2884 4011 4011 4011 4011 2884 2884 2883 2883 4011 4011 2883 2883 4012 4012 4013 4013 4014 4014 3786 3786 3786 3786 4014 4014 3789 3789 3786 3786 3789 3789 3787 3787 3787 3787 3789 3789 3098 3098 3787 3787 3098 3098 3096 3096 2922 2922 3828 3828 3830 3830 3830 3830 3828 3828 4015 4015 3830 3830 4015 4015 4016 4016 2919 2919 3829 3829 3783 3783 3783 3783 3829 3829 3830 3830 3783 3783 3830 3830 4017 4017 4017 4017 3830 3830 4016 4016 4017 4017 4016 4016 4018 4018 4019 4019 4020 4020 4021 4021 4021 4021 4020 4020 4022 4022 4021 4021 4022 4022 4023 4023 4023 4023 4022 4022 4024 4024 4023 4023 4024 4024 3785 3785 3785 3785 4024 4024 4013 4013 3785 3785 4013 4013 3784 3784 3784 3784 4013 4013 3786 3786 3784 3784 3786 3786 3727 3727 3727 3727 3786 3786 3102 3102 3727 3727 3102 3102 3103 3103 4025 4025 3688 3688 4026 4026 4026 4026 3688 3688 3689 3689 4026 4026 3689 3689 4027 4027 4027 4027 3689 3689 4028 4028 4027 4027 4028 4028 4029 4029 4029 4029 4028 4028 4030 4030 4029 4029 4030 4030 4031 4031 4031 4031 4030 4030 4032 4032 4031 4031 4032 4032 4033 4033 4034 4034 4035 4035 3683 3683 4036 4036 4037 4037 4038 4038 4038 4038 4037 4037 4039 4039 4038 4038 4039 4039 4040 4040 4032 4032 4036 4036 4033 4033 4033 4033 4036 4036 4038 4038 4033 4033 4038 4038 4041 4041 4041 4041 4038 4038 4040 4040 4041 4041 4040 4040 4042 4042 4025 4025 4026 4026 4043 4043 4043 4043 4026 4026 4027 4027 4043 4043 4027 4027 4044 4044 4044 4044 4027 4027 4029 4029 4044 4044 4029 4029 4045 4045 4045 4045 4029 4029 4031 4031 4045 4045 4031 4031 4046 4046 4046 4046 4031 4031 4033 4033 4046 4046 4033 4033 4047 4047 4047 4047 4033 4033 4041 4041 4047 4047 4041 4041 4048 4048 4048 4048 4041 4041 4042 4042 4048 4048 4042 4042 4049 4049 4050 4050 4051 4051 3650 3650 3680 3680 3682 3682 4052 4052 4052 4052 3682 3682 4053 4053 4052 4052 4053 4053 4054 4054 4054 4054 4053 4053 4055 4055 4054 4054 4055 4055 4056 4056 4056 4056 4055 4055 4057 4057 4056 4056 4057 4057 4058 4058 4058 4058 4057 4057 4059 4059 4058 4058 4059 4059 4060 4060 4060 4060 4059 4059 4061 4061 4060 4060 4061 4061 4062 4062 4062 4062 4061 4061 4063 4063 4062 4062 4063 4063 4064 4064 4064 4064 4063 4063 3734 3734 4064 4064 3734 3734 3735 3735 3735 3735 3734 3734 3559 3559 3735 3735 3559 3559 3557 3557 3650 3650 4051 4051 3651 3651 3651 3651 4051 4051 4065 4065 3651 3651 4065 4065 4066 4066 2935 2935 3823 3823 3717 3717 3717 3717 3823 3823 4067 4067 3717 3717 4067 4067 4068 4068 4068 4068 4067 4067 4069 4069 4068 4068 4069 4069 4070 4070 2965 2965 3818 3818 3718 3718 3718 3718 3818 3818 4071 4071 3718 3718 4071 4071 3819 3819 3819 3819 4071 4071 4072 4072 3819 3819 4072 4072 4073 4073 4073 4073 4072 4072 4074 4074 4073 4073 4074 4074 4075 4075 4075 4075 4074 4074 4076 4076 4075 4075 4076 4076 4077 4077 4077 4077 4076 4076 4078 4078 4077 4077 4078 4078 4079 4079 4079 4079 4078 4078 4080 4080 4079 4079 4080 4080 4081 4081 2944 2944 3822 3822 4082 4082 4082 4082 3822 3822 4083 4083 4082 4082 4083 4083 4084 4084 4084 4084 4083 4083 4085 4085 4084 4084 4085 4085 4086 4086 4086 4086 4085 4085 4087 4087 4086 4086 4087 4087 4088 4088 4088 4088 4087 4087 4089 4089 4088 4088 4089 4089 4090 4090 4091 4091 4070 4070 4090 4090 4090 4090 4070 4070 4069 4069 4090 4090 4069 4069 4088 4088 4088 4088 4069 4069 4067 4067 4088 4088 4067 4067 4086 4086 4086 4086 4067 4067 3823 3823 4086 4086 3823 3823 4084 4084 4084 4084 3823 3823 2946 2946 4084 4084 2946 2946 4082 4082 4082 4082 2946 2946 2945 2945 4082 4082 2945 2945 2944 2944 2958 2958 3819 3819 3820 3820 3820 3820 3819 3819 4073 4073 3820 3820 4073 4073 3821 3821 3821 3821 4073 4073 4075 4075 3821 3821 4075 4075 4092 4092 4092 4092 4075 4075 4077 4077 4092 4092 4077 4077 4093 4093 4093 4093 4077 4077 4079 4079 4093 4093 4079 4079 4094 4094 4094 4094 4079 4079 4081 4081 4094 4094 4081 4081 4095 4095 2948 2948 3824 3824 3825 3825 3825 3825 3824 3824 4096 4096 3825 3825 4096 4096 4097 4097 4097 4097 4096 4096 4098 4098 4097 4097 4098 4098 4099 4099 4099 4099 4098 4098 4100 4100 4099 4099 4100 4100 4101 4101 2829 2829 2849 2849 4005 4005 4005 4005 2849 2849 4006 4006 4005 4005 4006 4006 3816 3816 3816 3816 4006 4006 4007 4007 3816 3816 4007 4007 3815 3815 3815 3815 4007 4007 4008 4008 3815 3815 4008 4008 4102 4102 4102 4102 4008 4008 4009 4009 4102 4102 4009 4009 4103 4103 4103 4103 4009 4009 4010 4010 4103 4103 4010 4010 4104 4104 4104 4104 4010 4010 4011 4011 4104 4104 4011 4011 4105 4105 4105 4105 4011 4011 4012 4012 4105 4105 4012 4012 4106 4106 4106 4106 4012 4012 4107 4107 4106 4106 4107 4107 4108 4108 4108 4108 4107 4107 4109 4109 4108 4108 4109 4109 4110 4110 4110 4110 4109 4109 4111 4111 4110 4110 4111 4111 4112 4112 4112 4112 4111 4111 4113 4113 4112 4112 4113 4113 4114 4114 2883 2883 2882 2882 4012 4012 4012 4012 2882 2882 2872 2872 4012 4012 2872 2872 4107 4107 4107 4107 2872 2872 2871 2871 4107 4107 2871 2871 4109 4109 4109 4109 2871 2871 2870 2870 4109 4109 2870 2870 4111 4111 4111 4111 2870 2870 2869 2869 4111 4111 2869 2869 4113 4113 4113 4113 2869 2869 2861 2861 4113 4113 2861 2861 2862 2862 2971 2971 3815 3815 2973 2973 2973 2973 3815 3815 4102 4102 2973 2973 4102 4102 3817 3817 3817 3817 4102 4102 4103 4103 3817 3817 4103 4103 3818 3818 3818 3818 4103 4103 4104 4104 3818 3818 4104 4104 4071 4071 4071 4071 4104 4104 4105 4105 4071 4071 4105 4105 4072 4072 4072 4072 4105 4105 4106 4106 4072 4072 4106 4106 4074 4074 4074 4074 4106 4106 4108 4108 4074 4074 4108 4108 4076 4076 4076 4076 4108 4108 4110 4110 4076 4076 4110 4110 4078 4078 4078 4078 4110 4110 4112 4112 4078 4078 4112 4112 4080 4080 4080 4080 4112 4112 4114 4114 4080 4080 4114 4114 4081 4081 4081 4081 4114 4114 4115 4115 4081 4081 4115 4115 4095 4095 2953 2953 3825 3825 3826 3826 3826 3826 3825 3825 4097 4097 3826 3826 4097 4097 4116 4116 4116 4116 4097 4097 4099 4099 4116 4116 4099 4099 4117 4117 4117 4117 4099 4099 4101 4101 4117 4117 4101 4101 4118 4118 2931 2931 2929 2929 4119 4119 4119 4119 2929 2929 3826 3826 4119 4119 3826 3826 4120 4120 4120 4120 3826 3826 4116 4116 4120 4120 4116 4116 4121 4121 4121 4121 4116 4116 4117 4117 4121 4121 4117 4117 4122 4122 4122 4122 4117 4117 4118 4118 4122 4122 4118 4118 4123 4123 3679 3679 4123 4123 3677 3677 3677 3677 4123 4123 4118 4118 3677 3677 4118 4118 4124 4124 4124 4124 4118 4118 4101 4101 4124 4124 4101 4101 4125 4125 4125 4125 4101 4101 4100 4100 4125 4125 4100 4100 4091 4091 4091 4091 4100 4100 4098 4098 4091 4091 4098 4098 4070 4070 4070 4070 4098 4098 4096 4096 4070 4070 4096 4096 4068 4068 4068 4068 4096 4096 3824 3824 4068 4068 3824 3824 3717 3717 3717 3717 3824 3824 2951 2951 3717 3717 2951 2951 2933 2933 3678 3678 3677 3677 4126 4126 4126 4126 3677 3677 4124 4124 4126 4126 4124 4124 4127 4127 4127 4127 4124 4124 4125 4125 4127 4127 4125 4125 4128 4128 4128 4128 4125 4125 4091 4091 4128 4128 4091 4091 4129 4129 4129 4129 4091 4091 4090 4090 4129 4129 4090 4090 4115 4115 4115 4115 4090 4090 4089 4089 4115 4115 4089 4089 4095 4095 4095 4095 4089 4089 4087 4087 4095 4095 4087 4087 4094 4094 4094 4094 4087 4087 4085 4085 4094 4094 4085 4085 4093 4093 4093 4093 4085 4085 4083 4083 4093 4093 4083 4083 4092 4092 4092 4092 4083 4083 3822 3822 4092 4092 3822 3822 3821 3821 3821 3821 3822 3822 2940 2940 3821 3821 2940 2940 3073 3073 2864 2864 3676 3676 2863 2863 2867 2867 2866 2866 3668 3668 2868 2868 2867 2867 3676 3676 3676 3676 2867 2867 3668 3668 3676 3676 3668 3668 4130 4130 4130 4130 3668 3668 3667 3667 4130 4130 3667 3667 4131 4131 4132 4132 4019 4019 4133 4133 4133 4133 4019 4019 4021 4021 4133 4133 4021 4021 4018 4018 4018 4018 4021 4021 4023 4023 4018 4018 4023 4023 4017 4017 4017 4017 4023 4023 3785 3785 4017 4017 3785 3785 3783 3783 3783 3783 3785 3785 3113 3113 3783 3783 3113 3113 3112 3112 3671 3671 3673 3673 4134 4134 3673 3673 3675 3675 4134 4134 4134 4134 3675 3675 4135 4135 4134 4134 4135 4135 4136 4136 4136 4136 4135 4135 4137 4137 4136 4136 4137 4137 4138 4138 4138 4138 4137 4137 4139 4139 4138 4138 4139 4139 4140 4140 4140 4140 4139 4139 4141 4141 4140 4140 4141 4141 4142 4142 3670 3670 3672 3672 4143 4143 4143 4143 3672 3672 4144 4144 4143 4143 4144 4144 4145 4145 4145 4145 4144 4144 4146 4146 4145 4145 4146 4146 4147 4147 4147 4147 4146 4146 4148 4148 4147 4147 4148 4148 4149 4149 4149 4149 4148 4148 4150 4150 4149 4149 4150 4150 4151 4151 3671 3671 4134 4134 3672 3672 3672 3672 4134 4134 4136 4136 3672 3672 4136 4136 4144 4144 4144 4144 4136 4136 4138 4138 4144 4144 4138 4138 4146 4146 4146 4146 4138 4138 4140 4140 4146 4146 4140 4140 4148 4148 4148 4148 4140 4140 4142 4142 4148 4148 4142 4142 4150 4150 4015 4015 3674 3674 4016 4016 4016 4016 3674 3674 3673 3673 4016 4016 3673 3673 4018 4018 4018 4018 3673 3673 3671 3671 4018 4018 3671 3671 4133 4133 4133 4133 3671 3671 3670 3670 4133 4133 3670 3670 4132 4132 4132 4132 3670 3670 4143 4143 4132 4132 4143 4143 4152 4152 4152 4152 4143 4143 4145 4145 4152 4152 4145 4145 4153 4153 4153 4153 4145 4145 4147 4147 4153 4153 4147 4147 4154 4154 4154 4154 4147 4147 4149 4149 4154 4154 4149 4149 4155 4155 4155 4155 4149 4149 4151 4151 4155 4155 4151 4151 3661 3661 2866 2866 2865 2865 3668 3668 3668 3668 2865 2865 2873 2873 3668 3668 2873 2873 3669 3669 3669 3669 2873 2873 2856 2856 3669 3669 2856 2856 2855 2855 4156 4156 4131 4131 4157 4157 4157 4157 4131 4131 3667 3667 4157 4157 3667 3667 4158 4158 4158 4158 3667 3667 3669 3669 4158 4158 3669 3669 4159 4159 4159 4159 3669 3669 2855 2855 4160 4160 4161 4161 4162 4162 4162 4162 4161 4161 4163 4163 4162 4162 4163 4163 4164 4164 4164 4164 4163 4163 4165 4165 4164 4164 4165 4165 4166 4166 4166 4166 4165 4165 4167 4167 4168 4168 4169 4169 4170 4170 4171 4171 4172 4172 4173 4173 4173 4173 4172 4172 4169 4169 2855 2855 2877 2877 4159 4159 4159 4159 2877 2877 2876 2876 4159 4159 2876 2876 2875 2875 4174 4174 4156 4156 4175 4175 4175 4175 4156 4156 4157 4157 4175 4175 4157 4157 4176 4176 4176 4176 4157 4157 4158 4158 4176 4176 4158 4158 4177 4177 4177 4177 4158 4158 4159 4159 4177 4177 4159 4159 3666 3666 3666 3666 4159 4159 2875 2875 3666 3666 2875 2875 2874 2874 4178 4178 4167 4167 4179 4179 4179 4179 4167 4167 4165 4165 4179 4179 4165 4165 4180 4180 4180 4180 4165 4165 4163 4163 4180 4180 4163 4163 4181 4181 4181 4181 4163 4163 4161 4161 4181 4181 4161 4161 3663 3663 3663 3663 4161 4161 4160 4160 3663 3663 4160 4160 3664 3664 4182 4182 4174 4174 4183 4183 4183 4183 4174 4174 4175 4175 4183 4183 4175 4175 4184 4184 4184 4184 4175 4175 4176 4176 4184 4184 4176 4176 4185 4185 4185 4185 4176 4176 4177 4177 4185 4185 4177 4177 4186 4186 4186 4186 4177 4177 3666 3666 4186 4186 3666 3666 3662 3662 3662 3662 3666 3666 2893 2893 3662 3662 2893 2893 2892 2892 4187 4187 4188 4188 4189 4189 4190 4190 4191 4191 4192 4192 4192 4192 4191 4191 4193 4193 4194 4194 4193 4193 4195 4195 4195 4195 4193 4193 4191 4191 4195 4195 4191 4191 4196 4196 4196 4196 4191 4191 4190 4190 4196 4196 4190 4190 4197 4197 4197 4197 4190 4190 4198 4198 4197 4197 4198 4198 3658 3658 3658 3658 4198 4198 4199 4199 3658 3658 4199 4199 3656 3656 3656 3656 4199 4199 4200 4200 3661 3661 3660 3660 4155 4155 4155 4155 3660 3660 4201 4201 4155 4155 4201 4201 4154 4154 4154 4154 4201 4201 4202 4202 4154 4154 4202 4202 4153 4153 4153 4153 4202 4202 4203 4203 4153 4153 4203 4203 4152 4152 4152 4152 4203 4203 4204 4204 4152 4152 4204 4204 4132 4132 4132 4132 4204 4204 4205 4205 4132 4132 4205 4205 4019 4019 4019 4019 4205 4205 4206 4206 4019 4019 4206 4206 4020 4020 4020 4020 4206 4206 4207 4207 4020 4020 4207 4207 4022 4022 4022 4022 4207 4207 4035 4035 4022 4022 4035 4035 4024 4024 4024 4024 4035 4035 4034 4034 4024 4024 4034 4034 4013 4013 3685 3685 3684 3684 4208 4208 4208 4208 3684 3684 4209 4209 4208 4208 4209 4209 4210 4210 4210 4210 4209 4209 4211 4211 4210 4210 4211 4211 4212 4212 4212 4212 4211 4211 4213 4213 4212 4212 4213 4213 4214 4214 4214 4214 4213 4213 4215 4215 4214 4214 4215 4215 4216 4216 4215 4215 4217 4217 4216 4216 4216 4216 4217 4217 4218 4218 4216 4216 4218 4218 3748 3748 3748 3748 4218 4218 3751 3751 3748 3748 3751 3751 3749 3749 3749 3749 3751 3751 3498 3498 3749 3749 3498 3498 3496 3496 4219 4219 4050 4050 4220 4220 4220 4220 4050 4050 3650 3650 4220 4220 3650 3650 4221 4221 4221 4221 3650 3650 3652 3652 4221 4221 3652 3652 4222 4222 3516 3516 3515 3515 3746 3746 3746 3746 3515 3515 3745 3745 3746 3746 3745 3745 3747 3747 3747 3747 3745 3745 4223 4223 3747 3747 4223 4223 3655 3655 3655 3655 4223 4223 4222 4222 3526 3526 3742 3742 3743 3743 3743 3743 3742 3742 4224 4224 3743 3743 4224 4224 3744 3744 3744 3744 4224 4224 4225 4225 3744 3744 4225 4225 3745 3745 3745 3745 4225 4225 4226 4226 3745 3745 4226 4226 4223 4223 4039 4039 4066 4066 4040 4040 4040 4040 4066 4066 4065 4065 4040 4040 4065 4065 4042 4042 4042 4042 4065 4065 4051 4051 4042 4042 4051 4051 4049 4049 4049 4049 4051 4051 4050 4050 4049 4049 4050 4050 4227 4227 4227 4227 4050 4050 4219 4219 4227 4227 4219 4219 4228 4228 4228 4228 4219 4219 4229 4229 4228 4228 4229 4229 3741 3741 4222 4222 4223 4223 4221 4221 4221 4221 4223 4223 4226 4226 4221 4221 4226 4226 4220 4220 4220 4220 4226 4226 4225 4225 4220 4220 4225 4225 4219 4219 4219 4219 4225 4225 4224 4224 4219 4219 4224 4224 4229 4229 4229 4229 4224 4224 3742 3742 4229 4229 3742 3742 3741 3741 3741 3741 3742 3742 3531 3531 3741 3741 3531 3531 3533 3533 3683 3683 4035 4035 3684 3684 3684 3684 4035 4035 4207 4207 3684 3684 4207 4207 4209 4209 4209 4209 4207 4207 4206 4206 4209 4209 4206 4206 4211 4211 4211 4211 4206 4206 4205 4205 4211 4211 4205 4205 4213 4213 4213 4213 4205 4205 4204 4204 4213 4213 4204 4204 4215 4215 4215 4215 4204 4204 4203 4203 4215 4215 4203 4203 4217 4217 4217 4217 4203 4203 4202 4202 4217 4217 4202 4202 4218 4218 4218 4218 4202 4202 4201 4201 4218 4218 4201 4201 3751 3751 3751 3751 4201 4201 3660 3660 3751 3751 3660 3660 3750 3750 3750 3750 3660 3660 3659 3659 3750 3750 3659 3659 3752 3752 4230 4230 4231 4231 4232 4232 4232 4232 4231 4231 4233 4233 4232 4232 4233 4233 4234 4234 4234 4234 4233 4233 4235 4235 3489 3489 3490 3490 3753 3753 3753 3753 3490 3490 3752 3752 3753 3753 3752 3752 3754 3754 3754 3754 3752 3752 4236 4236 3754 3754 4236 4236 3756 3756 3756 3756 4236 4236 4237 4237 3756 3756 4237 4237 3755 3755 4166 4166 4182 4182 4164 4164 4164 4164 4182 4182 4183 4183 4164 4164 4183 4183 4162 4162 4162 4162 4183 4183 4184 4184 4162 4162 4184 4184 4160 4160 4160 4160 4184 4184 4185 4185 4160 4160 4185 4185 3664 3664 3664 3664 4185 4185 4186 4186 3664 3664 4186 4186 3665 3665 3665 3665 4186 4186 3662 3662 3665 3665 3662 3662 4238 4238 4238 4238 3662 3662 2890 2890 4238 4238 2890 2890 4239 4239 2890 2890 2894 2894 4239 4239 4239 4239 2894 2894 2879 2879 4239 4239 2879 2879 2878 2878 2878 2878 4240 4240 4239 4239 4239 4239 4240 4240 4241 4241 4239 4239 4241 4241 4238 4238 4238 4238 4241 4241 4242 4242 4238 4238 4242 4242 3665 3665 3665 3665 4242 4242 4243 4243 3665 3665 4243 4243 3663 3663 3663 3663 4243 4243 4244 4244 3663 3663 4244 4244 4181 4181 4181 4181 4244 4244 4245 4245 4181 4181 4245 4245 4180 4180 4180 4180 4245 4245 4168 4168 4180 4180 4168 4168 4179 4179 4179 4179 4168 4168 4170 4170 4179 4179 4170 4170 4178 4178 2878 2878 2897 2897 4240 4240 4240 4240 2897 2897 2896 2896 4240 4240 2896 2896 2895 2895 4169 4169 4168 4168 4173 4173 4173 4173 4168 4168 4245 4245 4173 4173 4245 4245 4171 4171 4171 4171 4245 4245 4244 4244 4171 4171 4244 4244 4246 4246 4246 4246 4244 4244 4243 4243 4246 4246 4243 4243 4247 4247 4247 4247 4243 4243 4242 4242 4247 4247 4242 4242 4248 4248 4248 4248 4242 4242 4241 4241 4248 4248 4241 4241 4249 4249 4249 4249 4241 4241 4240 4240 4249 4249 4240 4240 3649 3649 3649 3649 4240 4240 2895 2895 3649 3649 2895 2895 2889 2889 2888 2888 4250 4250 3649 3649 3649 3649 4250 4250 4251 4251 3649 3649 4251 4251 4249 4249 4249 4249 4251 4251 4252 4252 4249 4249 4252 4252 4248 4248 4253 4253 4254 4254 4255 4255 4188 4188 4187 4187 4256 4256 2888 2888 2887 2887 4250 4250 4250 4250 2887 2887 2886 2886 4250 4250 2886 2886 2885 2885 2885 2885 4257 4257 4250 4250 4250 4250 4257 4257 4258 4258 4250 4250 4258 4258 4251 4251 4251 4251 4258 4258 4259 4259 4251 4251 4259 4259 4252 4252 4252 4252 4259 4259 4260 4260 4252 4252 4260 4260 4248 4248 4248 4248 4260 4260 4261 4261 4248 4248 4261 4261 4247 4247 4247 4247 4261 4261 4262 4262 4247 4247 4262 4262 4246 4246 4246 4246 4262 4262 4187 4187 4246 4246 4187 4187 4171 4171 4171 4171 4187 4187 4189 4189 4171 4171 4189 4189 4172 4172 2885 2885 2898 2898 4257 4257 4257 4257 2898 2898 2881 2881 4257 4257 2881 2881 2880 2880 4256 4256 4187 4187 4263 4263 4263 4263 4187 4187 4262 4262 4263 4263 4262 4262 4264 4264 4264 4264 4262 4262 4261 4261 4264 4264 4261 4261 4265 4265 4265 4265 4261 4261 4260 4260 4265 4265 4260 4260 4266 4266 4266 4266 4260 4260 4259 4259 4266 4266 4259 4259 4267 4267 4267 4267 4259 4259 4258 4258 4267 4267 4258 4258 4268 4268 4268 4268 4258 4258 4257 4257 4268 4268 4257 4257 4269 4269 4269 4269 4257 4257 2880 2880 4269 4269 2880 2880 2901 2901 4270 4270 3645 3645 4271 4271 4271 4271 3645 3645 3644 3644 4271 4271 3644 3644 4272 4272 4273 4273 4270 4270 4274 4274 4274 4274 4270 4270 4271 4271 4274 4274 4271 4271 4275 4275 4275 4275 4271 4271 4272 4272 4275 4275 4272 4272 4276 4276 2901 2901 2900 2900 4269 4269 4269 4269 2900 2900 2899 2899 4269 4269 2899 2899 4277 4277 4277 4277 2899 2899 2834 2834 4277 4277 2834 2834 2833 2833 4278 4278 4279 4279 4280 4280 4280 4280 4279 4279 4281 4281 4280 4280 4281 4281 4282 4282 2862 2862 2863 2863 4113 4113 4113 4113 2863 2863 3676 3676 4113 4113 3676 3676 4114 4114 4114 4114 3676 3676 4130 4130 4114 4114 4130 4130 4115 4115 4115 4115 4130 4130 4131 4131 4115 4115 4131 4131 4129 4129 4129 4129 4131 4131 4156 4156 4129 4129 4156 4156 4128 4128 4128 4128 4156 4156 4174 4174 4128 4128 4174 4174 4127 4127 4127 4127 4174 4174 4182 4182 4127 4127 4182 4182 4126 4126 4126 4126 4182 4182 4166 4166 4126 4126 4166 4166 3678 3678 3678 3678 4166 4166 4167 4167 3678 3678 4167 4167 3679 3679 3679 3679 4167 4167 4178 4178 3679 3679 4178 4178 4283 4283 4283 4283 4178 4178 4170 4170 4283 4283 4170 4170 4284 4284 4284 4284 4170 4170 4169 4169 4284 4284 4169 4169 4285 4285 4285 4285 4169 4169 4172 4172 4285 4285 4172 4172 4286 4286 4286 4286 4172 4172 4189 4189 4286 4286 4189 4189 4287 4287 4287 4287 4189 4189 4188 4188 4287 4287 4188 4188 4288 4288 4288 4288 4188 4188 4256 4256 4288 4288 4256 4256 4289 4289 4289 4289 4256 4256 4290 4290 4289 4289 4290 4290 4291 4291 4291 4291 4290 4290 4292 4292 4291 4291 4292 4292 4293 4293 4293 4293 4292 4292 4294 4294 4293 4293 4294 4294 4295 4295 4295 4295 4294 4294 4296 4296 3657 3657 4297 4297 3658 3658 3658 3658 4297 4297 4298 4298 3658 3658 4298 4298 4197 4197 4197 4197 4298 4298 4299 4299 4197 4197 4299 4299 4196 4196 4196 4196 4299 4299 4300 4300 4196 4196 4300 4300 4195 4195 4195 4195 4300 4300 4301 4301 4195 4195 4301 4301 4194 4194 4302 4302 4303 4303 4304 4304 4305 4305 4306 4306 4307 4307 4307 4307 4306 4306 4308 4308 4307 4307 4308 4308 4309 4309 4309 4309 4308 4308 4310 4310 4309 4309 4310 4310 4311 4311 4311 4311 4310 4310 4312 4312 4311 4311 4312 4312 4313 4313 4313 4313 4312 4312 4314 4314 2833 2833 2832 2832 4315 4315 4315 4315 2832 2832 2831 2831 4315 4315 2831 2831 2818 2818 2818 2818 4316 4316 4315 4315 4315 4315 4316 4316 4317 4317 4315 4315 4317 4317 4318 4318 4318 4318 4317 4317 4319 4319 4318 4318 4319 4319 4320 4320 3123 3123 3122 3122 3805 3805 3805 3805 3122 3122 3804 3804 3805 3805 3804 3804 3806 3806 3806 3806 3804 3804 4321 4321 3806 3806 4321 4321 3807 3807 3807 3807 4321 4321 4322 4322 4323 4323 4324 4324 4325 4325 4325 4325 4324 4324 4326 4326 4325 4325 4326 4326 4327 4327 4327 4327 4326 4326 4328 4328 4327 4327 4328 4328 4329 4329 4329 4329 4328 4328 3643 3643 4329 4329 3643 3643 4330 4330 2818 2818 2817 2817 4316 4316 4316 4316 2817 2817 2816 2816 4316 4316 2816 2816 2815 2815 3646 3646 3647 3647 3644 3644 3644 3644 3647 3647 4331 4331 3644 3644 4331 4331 4272 4272 4272 4272 4331 4331 4332 4332 4272 4272 4332 4332 4276 4276 4276 4276 4332 4332 4320 4320 4276 4276 4320 4320 4324 4324 4324 4324 4320 4320 4319 4319 4324 4324 4319 4319 4326 4326 4326 4326 4319 4319 4317 4317 4326 4326 4317 4317 4328 4328 4328 4328 4317 4317 4316 4316 4328 4328 4316 4316 3643 3643 3643 3643 4316 4316 2815 2815 3643 3643 2815 2815 2824 2824 3124 3124 3800 3800 3801 3801 3801 3801 3800 3800 4333 4333 3801 3801 4333 4333 3802 3802 3802 3802 4333 4333 4334 4334 3802 3802 4334 4334 3803 3803 3803 3803 4334 4334 4335 4335 3803 3803 4335 4335 3804 3804 3804 3804 4335 4335 4336 4336 3804 3804 4336 4336 4321 4321 4321 4321 4336 4336 4337 4337 4321 4321 4337 4337 4322 4322 3131 3131 3723 3723 3800 3800 3800 3800 3723 3723 4338 4338 3800 3800 4338 4338 4333 4333 4333 4333 4338 4338 4339 4339 4333 4333 4339 4339 4334 4334 4334 4334 4339 4339 4340 4340 4334 4334 4340 4340 4335 4335 4335 4335 4340 4340 4341 4341 4335 4335 4341 4341 4336 4336 4336 4336 4341 4341 4342 4342 4336 4336 4342 4342 4337 4337 3005 3005 3070 3070 3642 3642 3642 3642 3070 3070 3721 3721 3642 3642 3721 3721 3808 3808 3808 3808 3721 3721 3069 3069 3808 3808 3069 3069 3068 3068 2823 2823 2822 2822 3643 3643 3643 3643 2822 2822 2821 2821 3643 3643 2821 2821 4330 4330 4330 4330 2821 2821 2828 2828 4330 4330 2828 2828 2827 2827 2827 2827 4343 4343 4330 4330 4330 4330 4343 4343 4344 4344 4330 4330 4344 4344 4329 4329 4329 4329 4344 4344 4345 4345 4329 4329 4345 4345 4327 4327 4327 4327 4345 4345 4346 4346 4327 4327 4346 4346 4325 4325 3138 3138 3799 3799 3724 3724 3724 3724 3799 3799 4347 4347 3724 3724 4347 4347 4348 4348 4348 4348 4347 4347 4349 4349 4348 4348 4349 4349 4350 4350 4350 4350 4349 4349 4351 4351 4350 4350 4351 4351 4352 4352 4352 4352 4351 4351 4273 4273 4352 4352 4273 4273 4353 4353 4353 4353 4273 4273 4274 4274 4353 4353 4274 4274 4282 4282 4282 4282 4274 4274 4275 4275 4282 4282 4275 4275 4280 4280 4280 4280 4275 4275 4276 4276 4280 4280 4276 4276 4278 4278 4278 4278 4276 4276 4324 4324 4278 4278 4324 4324 4279 4279 4279 4279 4324 4324 4323 4323 4279 4279 4323 4323 4281 4281 3144 3144 3798 3798 3799 3799 3799 3799 3798 3798 4354 4354 3799 3799 4354 4354 4347 4347 4347 4347 4354 4354 4355 4355 4347 4347 4355 4355 4349 4349 4349 4349 4355 4355 4356 4356 4349 4349 4356 4356 4351 4351 4351 4351 4356 4356 4357 4357 4351 4351 4357 4357 4273 4273 2827 2827 2826 2826 4343 4343 4343 4343 2826 2826 2825 2825 4343 4343 2825 2825 2845 2845 2845 2845 4358 4358 4343 4343 4343 4343 4358 4358 3640 3640 4343 4343 3640 3640 4344 4344 4344 4344 3640 3640 3642 3642 4344 4344 3642 3642 4345 4345 4345 4345 3642 3642 3808 3808 4345 4345 3808 3808 4346 4346 4346 4346 3808 3808 3807 3807 4346 4346 3807 3807 4325 4325 4325 4325 3807 3807 4322 4322 4325 4325 4322 4322 4323 4323 4323 4323 4322 4322 4337 4337 4323 4323 4337 4337 4281 4281 4281 4281 4337 4337 4342 4342 4281 4281 4342 4342 4282 4282 4282 4282 4342 4342 4341 4341 4282 4282 4341 4341 4353 4353 4353 4353 4341 4341 4340 4340 4353 4353 4340 4340 4352 4352 4352 4352 4340 4340 4339 4339 4352 4352 4339 4339 4350 4350 4350 4350 4339 4339 4338 4338 4350 4350 4338 4338 4348 4348 4348 4348 4338 4338 3723 3723 4348 4348 3723 3723 3724 3724 3724 3724 3723 3723 3133 3133 3724 3724 3133 3133 3140 3140 2994 2994 2992 2992 4359 4359 4359 4359 2992 2992 3810 3810 4359 4359 3810 3810 4360 4360 4360 4360 3810 3810 3809 3809 2845 2845 2844 2844 4358 4358 4358 4358 2844 2844 2843 2843 4358 4358 2843 2843 2837 2837 3008 3008 3641 3641 2999 2999 2999 2999 3641 3641 3640 3640 2999 2999 3640 3640 3809 3809 3809 3809 3640 3640 4358 4358 3809 3809 4358 4358 4360 4360 4360 4360 4358 4358 2837 2837 4360 4360 2837 2837 2836 2836 2836 2836 2835 2835 4360 4360 4360 4360 2835 2835 4361 4361 4360 4360 4361 4361 4359 4359 4359 4359 4361 4361 3811 3811 4359 4359 3811 3811 2994 2994 2994 2994 3811 3811 2995 2995 2908 2908 3014 3014 3814 3814 3814 3814 3014 3014 3720 3720 3814 3814 3720 3720 4004 4004 4004 4004 3720 3720 3813 3813 4004 4004 3813 3813 3812 3812 3812 3812 3813 3813 2986 2986 3812 3812 2986 2986 2985 2985 2835 2835 2820 2820 4361 4361 4361 4361 2820 2820 2819 2819 4361 4361 2819 2819 2838 2838 2997 2997 3811 3811 3812 3812 3812 3812 3811 3811 4361 4361 3812 3812 4361 4361 4004 4004 4004 4004 4361 4361 2838 2838 4004 4004 2838 2838 2839 2839 3149 3149 3797 3797 3798 3798 3798 3798 3797 3797 4362 4362 3798 3798 4362 4362 4354 4354 4354 4354 4362 4362 4363 4363 4354 4354 4363 4363 4355 4355 4355 4355 4363 4363 4364 4364 4355 4355 4364 4364 4356 4356 4356 4356 4364 4364 4365 4365 4356 4356 4365 4365 4357 4357 4357 4357 4365 4365 4366 4366 4357 4357 4366 4366 4273 4273 4273 4273 4366 4366 4367 4367 4273 4273 4367 4367 4270 4270 4270 4270 4367 4367 4368 4368 4270 4270 4368 4368 3645 3645 3645 3645 4368 4368 4255 4255 3645 3645 4255 4255 3646 3646 3646 3646 4255 4255 4254 4254 3646 3646 4254 4254 3648 3648 4253 4253 4255 4255 4369 4369 4369 4369 4255 4255 4368 4368 4369 4369 4368 4368 4370 4370 4370 4370 4368 4368 4367 4367 4370 4370 4367 4367 4371 4371 4371 4371 4367 4367 4366 4366 4371 4371 4366 4366 4372 4372 4372 4372 4366 4366 4365 4365 4372 4372 4365 4365 4373 4373 4373 4373 4365 4365 4364 4364 4373 4373 4364 4364 4374 4374 4374 4374 4364 4364 4363 4363 4374 4374 4363 4363 4375 4375 4375 4375 4363 4363 4362 4362 4375 4375 4362 4362 4376 4376 4376 4376 4362 4362 3797 3797 4376 4376 3797 3797 4377 4377 4377 4377 3797 3797 3795 3795 4377 4377 3795 3795 4378 4378 2833 2833 4315 4315 4277 4277 4277 4277 4315 4315 4318 4318 4277 4277 4318 4318 4269 4269 4269 4269 4318 4318 4320 4320 4269 4269 4320 4320 4268 4268 4268 4268 4320 4320 4332 4332 4268 4268 4332 4332 4267 4267 4267 4267 4332 4332 4331 4331 4267 4267 4331 4331 4266 4266 4266 4266 4331 4331 3647 3647 4266 4266 3647 3647 4265 4265 4265 4265 3647 3647 3648 3648 4265 4265 3648 3648 4264 4264 4264 4264 3648 3648 4254 4254 4264 4264 4254 4254 4263 4263 4263 4263 4254 4254 4253 4253 4263 4263 4253 4253 4256 4256 4256 4256 4253 4253 4369 4369 4256 4256 4369 4369 4290 4290 4290 4290 4369 4369 4370 4370 4290 4290 4370 4370 4292 4292 4292 4292 4370 4370 4371 4371 4292 4292 4371 4371 4294 4294 4294 4294 4371 4371 4372 4372 4294 4294 4372 4372 4296 4296 4296 4296 4372 4372 4373 4373 4296 4296 4373 4373 4379 4379 4379 4379 4373 4373 4374 4374 4379 4379 4374 4374 4380 4380 4380 4380 4374 4374 4375 4375 4380 4380 4375 4375 4381 4381 4381 4381 4375 4375 4376 4376 4381 4381 4376 4376 4382 4382 4382 4382 4376 4376 4377 4377 4382 4382 4377 4377 4383 4383 4383 4383 4377 4377 4378 4378 4383 4383 4378 4378 4384 4384 4384 4384 4378 4378 4385 4385 4384 4384 4385 4385 4386 4386 3171 3171 4387 4387 3725 3725 3725 3725 4387 4387 3639 3639 3725 3725 3639 3639 3164 3164 3164 3164 3639 3639 3165 3165 4141 4141 4388 4388 4142 4142 4142 4142 4388 4388 4389 4389 4142 4142 4389 4389 4150 4150 4150 4150 4389 4389 4390 4390 4150 4150 4390 4390 4151 4151 4151 4151 4390 4390 4391 4391 4151 4151 4391 4391 3661 3661 3661 3661 4391 4391 4392 4392 3661 3661 4392 4392 3659 3659 3659 3659 4392 4392 4235 4235 3659 3659 4235 4235 3752 3752 3752 3752 4235 4235 4233 4233 3752 3752 4233 4233 4236 4236 4236 4236 4233 4233 4231 4231 4236 4236 4231 4231 4237 4237 4237 4237 4231 4231 4230 4230 4237 4237 4230 4230 3755 3755 3755 3755 4230 4230 3733 3733 3755 3755 3733 3733 3591 3591 3591 3591 3733 3733 3592 3592 4388 4388 4200 4200 4389 4389 4389 4389 4200 4200 4199 4199 4389 4389 4199 4199 4390 4390 4390 4390 4199 4199 4198 4198 4390 4390 4198 4198 4391 4391 4391 4391 4198 4198 4190 4190 4391 4391 4190 4190 4392 4392 4392 4392 4190 4190 4192 4192 4392 4392 4192 4192 4235 4235 4235 4235 4192 4192 4193 4193 4235 4235 4193 4193 4234 4234 4234 4234 4193 4193 4194 4194 4234 4234 4194 4194 4232 4232 4232 4232 4194 4194 4301 4301 4232 4232 4301 4301 4230 4230 4230 4230 4301 4301 4393 4393 4230 4230 4393 4393 3733 3733 3733 3733 4393 4393 3758 3758 3733 3733 3758 3758 3593 3593 3593 3593 3758 3758 3586 3586 4394 4394 4305 4305 4395 4395 4395 4395 4305 4305 4307 4307 4395 4395 4307 4307 4396 4396 4396 4396 4307 4307 4309 4309 4396 4396 4309 4309 4397 4397 4397 4397 4309 4309 4311 4311 4397 4397 4311 4311 4398 4398 4398 4398 4311 4311 4313 4313 4398 4398 4313 4313 4399 4399 4399 4399 4313 4313 4314 4314 4399 4399 4314 4314 4400 4400 4297 4297 4401 4401 4298 4298 4298 4298 4401 4401 4402 4402 4298 4298 4402 4402 4299 4299 4299 4299 4402 4402 4403 4403 4299 4299 4403 4403 4300 4300 4300 4300 4403 4403 4404 4404 4300 4300 4404 4404 4301 4301 4301 4301 4404 4404 4405 4405 4301 4301 4405 4405 4393 4393 4393 4393 4405 4405 4406 4406 4393 4393 4406 4406 3758 3758 3758 3758 4406 4406 4407 4407 3758 3758 4407 4407 3757 3757 3757 3757 4407 4407 4408 4408 3757 3757 4408 4408 3474 3474 3474 3474 4408 4408 3759 3759 3474 3474 3759 3759 3423 3423 3423 3423 3759 3759 3424 3424 4409 4409 4394 4394 4410 4410 4410 4410 4394 4394 4395 4395 4410 4410 4395 4395 4411 4411 4411 4411 4395 4395 4396 4396 4411 4411 4396 4396 4412 4412 4412 4412 4396 4396 4397 4397 4412 4412 4397 4397 4413 4413 4413 4413 4397 4397 4398 4398 4413 4413 4398 4398 4414 4414 4414 4414 4398 4398 4399 4399 4414 4414 4399 4399 4415 4415 4415 4415 4399 4399 4400 4400 4415 4415 4400 4400 4416 4416 4401 4401 4409 4409 4402 4402 4402 4402 4409 4409 4410 4410 4402 4402 4410 4410 4403 4403 4403 4403 4410 4410 4411 4411 4403 4403 4411 4411 4404 4404 4404 4404 4411 4411 4412 4412 4404 4404 4412 4412 4405 4405 4405 4405 4412 4412 4413 4413 4405 4405 4413 4413 4406 4406 4406 4406 4413 4413 4414 4414 4406 4406 4414 4414 4407 4407 4407 4407 4414 4414 4415 4415 4407 4407 4415 4415 4408 4408 4408 4408 4415 4415 4416 4416 4408 4408 4416 4416 3759 3759 3759 3759 4416 4416 3761 3761 3759 3759 3761 3761 3760 3760 3760 3760 3761 3761 3418 3418 3760 3760 3418 3418 3420 3420 4417 4417 4418 4418 4419 4419 4420 4420 4419 4419 4421 4421 4306 4306 4422 4422 4308 4308 4308 4308 4422 4422 4423 4423 4308 4308 4423 4423 4310 4310 4310 4310 4423 4423 4424 4424 4310 4310 4424 4424 4312 4312 4312 4312 4424 4424 4425 4425 4312 4312 4425 4425 4314 4314 4314 4314 4425 4425 4426 4426 4314 4314 4426 4426 4400 4400 4400 4400 4426 4426 4427 4427 4400 4400 4427 4427 4416 4416 4416 4416 4427 4427 4428 4428 4416 4416 4428 4428 3761 3761 3761 3761 4428 4428 4429 4429 3761 3761 4429 4429 3762 3762 3762 3762 4429 4429 3763 3763 3762 3762 3763 3763 3731 3731 3731 3731 3763 3763 3454 3454 3731 3731 3454 3454 3453 3453 4422 4422 4430 4430 4423 4423 4423 4423 4430 4430 4431 4431 4423 4423 4431 4431 4424 4424 4424 4424 4431 4431 4432 4432 4424 4424 4432 4432 4425 4425 4425 4425 4432 4432 4433 4433 4425 4425 4433 4433 4426 4426 4426 4426 4433 4433 4434 4434 4426 4426 4434 4434 4427 4427 4427 4427 4434 4434 4435 4435 4427 4427 4435 4435 4428 4428 4428 4428 4435 4435 4436 4436 4428 4428 4436 4436 4429 4429 4429 4429 4436 4436 4437 4437 4429 4429 4437 4437 3763 3763 3763 3763 4437 4437 4438 4438 3763 3763 4438 4438 3764 3764 3764 3764 4438 4438 4439 4439 3764 3764 4439 4439 3765 3765 3765 3765 4439 4439 3767 3767 3765 3765 3767 3767 3766 3766 3766 3766 3767 3767 3407 3407 3766 3766 3407 3407 3415 3415 4440 4440 4441 4441 4442 4442 4442 4442 4441 4441 4443 4443 4442 4442 4443 4443 4444 4444 4444 4444 4443 4443 4420 4420 4444 4444 4420 4420 4445 4445 4445 4445 4420 4420 4421 4421 4445 4445 4421 4421 4446 4446 3171 3171 3176 3176 4387 4387 4387 4387 3176 3176 3794 3794 4387 4387 3794 3794 4447 4447 4447 4447 3794 3794 4448 4448 4447 4447 4448 4448 4449 4449 4449 4449 4448 4448 4450 4450 4449 4449 4450 4450 4451 4451 3173 3173 3172 3172 3794 3794 3794 3794 3172 3172 3793 3793 3794 3794 3793 3793 4448 4448 4448 4448 3793 3793 3686 3686 4448 4448 3686 3686 4450 4450 4450 4450 3686 3686 3688 3688 4450 4450 3688 3688 4451 4451 4451 4451 3688 3688 4025 4025 4452 4452 4453 4453 4454 4454 4454 4454 4453 4453 4455 4455 4456 4456 4457 4457 4458 4458 4458 4458 4457 4457 4459 4459 4458 4458 4459 4459 4460 4460 4460 4460 4459 4459 4461 4461 4460 4460 4461 4461 4462 4462 4462 4462 4461 4461 4463 4463 4462 4462 4463 4463 4464 4464 4464 4464 4463 4463 4465 4465 4464 4464 4465 4465 4466 4466 4466 4466 4465 4465 4467 4467 4466 4466 4467 4467 4468 4468 4468 4468 4467 4467 4469 4469 4468 4468 4469 4469 4455 4455 4455 4455 4469 4469 4470 4470 4455 4455 4470 4470 4454 4454 4471 4471 4472 4472 4473 4473 4473 4473 4472 4472 4474 4474 4473 4473 4474 4474 4475 4475 4475 4475 4474 4474 4476 4476 4475 4475 4476 4476 4477 4477 4477 4477 4476 4476 4478 4478 4477 4477 4478 4478 4479 4479 4479 4479 4478 4478 4480 4480 4453 4453 4471 4471 4455 4455 4455 4455 4471 4471 4473 4473 4455 4455 4473 4473 4468 4468 4468 4468 4473 4473 4475 4475 4468 4468 4475 4475 4466 4466 4466 4466 4475 4475 4477 4477 4466 4466 4477 4477 4464 4464 4464 4464 4477 4477 4479 4479 4464 4464 4479 4479 4462 4462 4462 4462 4479 4479 4480 4480 4462 4462 4480 4480 4460 4460 4460 4460 4480 4480 4481 4481 4460 4460 4481 4481 4458 4458 4458 4458 4481 4481 4482 4482 4458 4458 4482 4482 4456 4456 4419 4419 4420 4420 4417 4417 4417 4417 4420 4420 4443 4443 4417 4417 4443 4443 4483 4483 4483 4483 4443 4443 4441 4441 4483 4483 4441 4441 4484 4484 4484 4484 4441 4441 4440 4440 4484 4484 4440 4440 4485 4485 4485 4485 4440 4440 4486 4486 4485 4485 4486 4486 4487 4487 4487 4487 4486 4486 4488 4488 4487 4487 4488 4488 4489 4489 4489 4489 4488 4488 4490 4490 4489 4489 4490 4490 3863 3863 4472 4472 3636 3636 4474 4474 4474 4474 3636 3636 3635 3635 4474 4474 3635 3635 4476 4476 4476 4476 3635 3635 3857 3857 4476 4476 3857 3857 4478 4478 4478 4478 3857 3857 3859 3859 4478 4478 3859 3859 4480 4480 4480 4480 3859 3859 3877 3877 4480 4480 3877 3877 4481 4481 4481 4481 3877 3877 3879 3879 4481 4481 3879 3879 4482 4482 4482 4482 3879 3879 3873 3873 4482 4482 3873 3873 4456 4456 4456 4456 3873 3873 3872 3872 4456 4456 3872 3872 4457 4457 3534 3534 3699 3699 4491 4491 4491 4491 3699 3699 4492 4492 4491 4491 4492 4492 4493 4493 4493 4493 4492 4492 4494 4494 4493 4493 4494 4494 4495 4495 4495 4495 4494 4494 4496 4496 4495 4495 4496 4496 4497 4497 4497 4497 4496 4496 4498 4498 4497 4497 4498 4498 4499 4499 4499 4499 4498 4498 4500 4500 4499 4499 4500 4500 4501 4501 4501 4501 4500 4500 4502 4502 4501 4501 4502 4502 4503 4503 4503 4503 4502 4502 4504 4504 4503 4503 4504 4504 4505 4505 4505 4505 4504 4504 4506 4506 4505 4505 4506 4506 4507 4507 4507 4507 4506 4506 4508 4508 4507 4507 4508 4508 4509 4509 4509 4509 4508 4508 4510 4510 4509 4509 4510 4510 4511 4511 4511 4511 4510 4510 4512 4512 4511 4511 4512 4512 4513 4513 4513 4513 4512 4512 4514 4514 4513 4513 4514 4514 4515 4515 4515 4515 4514 4514 4516 4516 4515 4515 4516 4516 4517 4517 4517 4517 4516 4516 4518 4518 4517 4517 4518 4518 4519 4519 4519 4519 4518 4518 4520 4520 4519 4519 4520 4520 4521 4521 4303 4303 4302 4302 4522 4522 4522 4522 4302 4302 4523 4523 4522 4522 4523 4523 4524 4524 4524 4524 4523 4523 4525 4525 4524 4524 4525 4525 4526 4526 4526 4526 4525 4525 4527 4527 4526 4526 4527 4527 4528 4528 4528 4528 4527 4527 4529 4529 4528 4528 4529 4529 4530 4530 4530 4530 4529 4529 4531 4531 4530 4530 4531 4531 4532 4532 4532 4532 4531 4531 4533 4533 4532 4532 4533 4533 4534 4534 4534 4534 4533 4533 4535 4535 4534 4534 4535 4535 4536 4536 3681 3681 3680 3680 4537 4537 4537 4537 3680 3680 4538 4538 4537 4537 4538 4538 4539 4539 4539 4539 4538 4538 4540 4540 4539 4539 4540 4540 4541 4541 4541 4541 4540 4540 4536 4536 4541 4541 4536 4536 4542 4542 4542 4542 4536 4536 4535 4535 4542 4542 4535 4535 4543 4543 4543 4543 4535 4535 4533 4533 4543 4543 4533 4533 4544 4544 4544 4544 4533 4533 4531 4531 4544 4544 4531 4531 4545 4545 4545 4545 4531 4531 4529 4529 4545 4545 4529 4529 4546 4546 4546 4546 4529 4529 4527 4527 4546 4546 4527 4527 4386 4386 4386 4386 4527 4527 4525 4525 4386 4386 4525 4525 4384 4384 4384 4384 4525 4525 4523 4523 4384 4384 4523 4523 4383 4383 4383 4383 4523 4523 4302 4302 4383 4383 4302 4302 4382 4382 4382 4382 4302 4302 4304 4304 4382 4382 4304 4304 4381 4381 4381 4381 4304 4304 4547 4547 4381 4381 4547 4547 4380 4380 4380 4380 4547 4547 4548 4548 4380 4380 4548 4548 4379 4379 4379 4379 4548 4548 4549 4549 4379 4379 4549 4549 4296 4296 4296 4296 4549 4549 4550 4550 4296 4296 4550 4550 4295 4295 4295 4295 4550 4550 4551 4551 4295 4295 4551 4551 4293 4293 4293 4293 4551 4551 4552 4552 4293 4293 4552 4552 4291 4291 4291 4291 4552 4552 4553 4553 4291 4291 4553 4553 4289 4289 4289 4289 4553 4553 4554 4554 4289 4289 4554 4554 4288 4288 4288 4288 4554 4554 4555 4555 4288 4288 4555 4555 4287 4287 4287 4287 4555 4555 4556 4556 4287 4287 4556 4556 4286 4286 4286 4286 4556 4556 4557 4557 4286 4286 4557 4557 4285 4285 4285 4285 4557 4557 4558 4558 4285 4285 4558 4558 4284 4284 4284 4284 4558 4558 4559 4559 4284 4284 4559 4559 4283 4283 4283 4283 4559 4559 4560 4560 4283 4283 4560 4560 3679 3679 3679 3679 4560 4560 4561 4561 3679 3679 4561 4561 4123 4123 4123 4123 4561 4561 4562 4562 4123 4123 4562 4562 4122 4122 4122 4122 4562 4562 4563 4563 4122 4122 4563 4563 4121 4121 4121 4121 4563 4563 4564 4564 4121 4121 4564 4564 4120 4120 4120 4120 4564 4564 3827 3827 4120 4120 3827 3827 4119 4119 4119 4119 3827 3827 2932 2932 4119 4119 2932 2932 2931 2931 3863 3863 4490 4490 3864 3864 3864 3864 4490 4490 3716 3716 3864 3864 3716 3716 3866 3866 3866 3866 3716 3716 3715 3715 3866 3866 3715 3715 3868 3868 3868 3868 3715 3715 3861 3861 3868 3868 3861 3861 3870 3870 3870 3870 3861 3861 3862 3862 3870 3870 3862 3862 3909 3909 4385 4385 4521 4521 4386 4386 4386 4386 4521 4521 4520 4520 4386 4386 4520 4520 4546 4546 4546 4546 4520 4520 4518 4518 4546 4546 4518 4518 4545 4545 4545 4545 4518 4518 4516 4516 4545 4545 4516 4516 4544 4544 4544 4544 4516 4516 4514 4514 4544 4544 4514 4514 4543 4543 4543 4543 4514 4514 4512 4512 4543 4543 4512 4512 4542 4542 4542 4542 4512 4512 4510 4510 4542 4542 4510 4510 4541 4541 4541 4541 4510 4510 4508 4508 4541 4541 4508 4508 4539 4539 4539 4539 4508 4508 4506 4506 4539 4539 4506 4506 4537 4537 4537 4537 4506 4506 4504 4504 4537 4537 4504 4504 3681 3681 3681 3681 4504 4504 4502 4502 3681 3681 4502 4502 3682 3682 3682 3682 4502 4502 4500 4500 3682 3682 4500 4500 4053 4053 4053 4053 4500 4500 4498 4498 4053 4053 4498 4498 4055 4055 4055 4055 4498 4498 4496 4496 4055 4055 4496 4496 4057 4057 4057 4057 4496 4496 4494 4494 4057 4057 4494 4494 4059 4059 4059 4059 4494 4494 4492 4492 4059 4059 4492 4492 4061 4061 4061 4061 4492 4492 3699 3699 4061 4061 3699 3699 4063 4063 4063 4063 3699 3699 3701 3701 4063 4063 3701 3701 3734 3734 3734 3734 3701 3701 3550 3550 3734 3734 3550 3550 3548 3548 4418 4418 4417 4417 4452 4452 4452 4452 4417 4417 4483 4483 4452 4452 4483 4483 4453 4453 4453 4453 4483 4483 4484 4484 4453 4453 4484 4484 4471 4471 4471 4471 4484 4484 4485 4485 4471 4471 4485 4485 4472 4472 4472 4472 4485 4485 4487 4487 4472 4472 4487 4487 3636 3636 3636 3636 4487 4487 4489 4489 3636 3636 4489 4489 3634 3634 3634 3634 4489 4489 3863 3863 3634 3634 3863 3863 3858 3858 3858 3858 3863 3863 3865 3865 3858 3858 3865 3865 3875 3875 3875 3875 3865 3865 3867 3867 3875 3875 3867 3867 3884 3884 3884 3884 3867 3867 3869 3869 3884 3884 3869 3869 3892 3892 3892 3892 3869 3869 3871 3871 3892 3892 3871 3871 3706 3706 3706 3706 3871 3871 3911 3911 3706 3706 3911 3911 3707 3707 3707 3707 3911 3911 3913 3913 3707 3707 3913 3913 3903 3903 3903 3903 3913 3913 3705 3705 3903 3903 3705 3705 3906 3906 3906 3906 3705 3705 3274 3274 3906 3906 3274 3274 3273 3273 3153 3153 3155 3155 3795 3795 3795 3795 3155 3155 3158 3158 3795 3795 3158 3158 4378 4378 4378 4378 3158 3158 3637 3637 4378 4378 3637 3637 4385 4385 4385 4385 3637 3637 3639 3639 4385 4385 3639 3639 4521 4521 4521 4521 3639 3639 4387 4387 4521 4521 4387 4387 4519 4519 4519 4519 4387 4387 4447 4447 4519 4519 4447 4447 4517 4517 4517 4517 4447 4447 4449 4449 4517 4517 4449 4449 4515 4515 4515 4515 4449 4449 4451 4451 4515 4515 4451 4451 4513 4513 4513 4513 4451 4451 4025 4025 4513 4513 4025 4025 4511 4511 4511 4511 4025 4025 4043 4043 4511 4511 4043 4043 4509 4509 4509 4509 4043 4043 4044 4044 4509 4509 4044 4044 4507 4507 4507 4507 4044 4044 4045 4045 4507 4507 4045 4045 4505 4505 4505 4505 4045 4045 4046 4046 4505 4505 4046 4046 4503 4503 4503 4503 4046 4046 4047 4047 4503 4503 4047 4047 4501 4501 4501 4501 4047 4047 4048 4048 4501 4501 4048 4048 4499 4499 4499 4499 4048 4048 4049 4049 4499 4499 4049 4049 4497 4497 4497 4497 4049 4049 4227 4227 4497 4497 4227 4227 4495 4495 4495 4495 4227 4227 4228 4228 4495 4495 4228 4228 4493 4493 4493 4493 4228 4228 3741 3741 4493 4493 3741 3741 4491 4491 4491 4491 3741 3741 3535 3535 4491 4491 3535 3535 3534 3534 3398 3398 3401 3401 3848 3848 3848 3848 3401 3401 3771 3771 3848 3848 3771 3771 3847 3847 3847 3847 3771 3771 3834 3834 3847 3847 3834 3834 3872 3872 3872 3872 3834 3834 3833 3833 3872 3872 3833 3833 4457 4457 4457 4457 3833 3833 3832 3832 4457 4457 3832 3832 4459 4459 4459 4459 3832 3832 3831 3831 4459 4459 3831 3831 4461 4461 4461 4461 3831 3831 3768 3768 4461 4461 3768 3768 4463 4463 4463 4463 3768 3768 3767 3767 4463 4463 3767 3767 4465 4465 4465 4465 3767 3767 4439 4439 4465 4465 4439 4439 4467 4467 4467 4467 4439 4439 4438 4438 4467 4467 4438 4438 4469 4469 4469 4469 4438 4438 4437 4437 4469 4469 4437 4437 4470 4470 4470 4470 4437 4437 4436 4436 4470 4470 4436 4436 4454 4454 4454 4454 4436 4436 4435 4435 4454 4454 4435 4435 4452 4452 4452 4452 4435 4435 4434 4434 4452 4452 4434 4434 4418 4418 4418 4418 4434 4434 4433 4433 4418 4418 4433 4433 4419 4419 4419 4419 4433 4433 4432 4432 4419 4419 4432 4432 4421 4421 4421 4421 4432 4432 4431 4431 4421 4421 4431 4431 4446 4446 4446 4446 4431 4431 4430 4430 3179 3179 3182 3182 3793 3793 3793 3793 3182 3182 3726 3726 3793 3793 3726 3726 3686 3686 3686 3686 3726 3726 3792 3792 3686 3686 3792 3792 3687 3687 3687 3687 3792 3792 3791 3791 3687 3687 3791 3791 3689 3689 3689 3689 3791 3791 3790 3790 3689 3689 3790 3790 4028 4028 4028 4028 3790 3790 3788 3788 4028 4028 3788 3788 4030 4030 4030 4030 3788 3788 3789 3789 4030 4030 3789 3789 4032 4032 4032 4032 3789 3789 4014 4014 4032 4032 4014 4014 4036 4036 4036 4036 4014 4014 4013 4013 4036 4036 4013 4013 4037 4037 4037 4037 4013 4013 4034 4034 4037 4037 4034 4034 4039 4039 4039 4039 4034 4034 3683 3683 4039 4039 3683 3683 4066 4066 4066 4066 3683 3683 3685 3685 4066 4066 3685 3685 3651 3651 3651 3651 3685 3685 4208 4208 3651 3651 4208 4208 3652 3652 3652 3652 4208 4208 4210 4210 3652 3652 4210 4210 4222 4222 4222 4222 4210 4210 4212 4212 4222 4222 4212 4212 3655 3655 3655 3655 4212 4212 4214 4214 3655 3655 4214 4214 3653 3653 3653 3653 4214 4214 4216 4216 3653 3653 4216 4216 3503 3503 3503 3503 4216 4216 3748 3748 3503 3503 3748 3748 3606 3606 3606 3606 3748 3748 3502 3502 3262 3262 3311 3311 3835 3835 3835 3835 3311 3311 4565 4565 3835 3835 4565 4565 4000 4000 4000 4000 4565 4565 4566 4566 4000 4000 4566 4566 3995 3995 3995 3995 4566 4566 4567 4567 3995 3995 4567 4567 3996 3996 3996 3996 4567 4567 4568 4568 3996 3996 4568 4568 3997 3997 3997 3997 4568 4568 4569 4569 3997 3997 4569 4569 3998 3998 3998 3998 4569 4569 4570 4570 3998 3998 4570 4570 3999 3999 3999 3999 4570 4570 3967 3967 3999 3999 3967 3967 3968 3968 3968 3968 3967 3967 3695 3695 3968 3968 3695 3695 3740 3740 3740 3740 3695 3695 3574 3574 3740 3740 3574 3574 3572 3572 3311 3311 3310 3310 4565 4565 4565 4565 3310 3310 3633 3633 4565 4565 3633 3633 4566 4566 4566 4566 3633 3633 4003 4003 4566 4566 4003 4003 4567 4567 4567 4567 4003 4003 4002 4002 4567 4567 4002 4002 4568 4568 4568 4568 4002 4002 4001 4001 4568 4568 4001 4001 4569 4569 4569 4569 4001 4001 3985 3985 4569 4569 3985 3985 4570 4570 4570 4570 3985 3985 3986 3986 4570 4570 3986 3986 3967 3967 3967 3967 3986 3986 3987 3987 3967 3967 3987 3987 3966 3966 3966 3966 3987 3987 3988 3988 3966 3966 3988 3988 3965 3965 3965 3965 3988 3988 3989 3989 3965 3965 3989 3989 3964 3964 3964 3964 3989 3989 3990 3990 3964 3964 3990 3990 3963 3963 3963 3963 3990 3990 3991 3991 3963 3963 3991 3991 3962 3962 3962 3962 3991 3991 3992 3992 3962 3962 3992 3992 3961 3961 3961 3961 3992 3992 3993 3993 3961 3961 3993 3993 3960 3960 3960 3960 3993 3993 3994 3994 3960 3960 3994 3994 3959 3959 3959 3959 3994 3994 3983 3983 3959 3959 3983 3983 3702 3702 3702 3702 3983 3983 3984 3984 3703 3703 3702 3702 3715 3715 3715 3715 3702 3702 3984 3984 3715 3715 3984 3984 3860 3860 3860 3860 3984 3984 3947 3947 3860 3860 3947 3947 3862 3862 3862 3862 3947 3947 3698 3698 3862 3862 3698 3698 3909 3909 3909 3909 3698 3698 3697 3697 3909 3909 3697 3697 3910 3910 3910 3910 3697 3697 3927 3927 3910 3910 3927 3927 3912 3912 3912 3912 3927 3927 3949 3949 3912 3912 3949 3949 3908 3908 3908 3908 3949 3949 3271 3271 3908 3908 3271 3271 3270 3270 2926 2926 3827 3827 3828 3828 3828 3828 3827 3827 4564 4564 3828 3828 4564 4564 4015 4015 4015 4015 4564 4564 4563 4563 4015 4015 4563 4563 3674 3674 3674 3674 4563 4563 4562 4562 3674 3674 4562 4562 3675 3675 3675 3675 4562 4562 4561 4561 3675 3675 4561 4561 4135 4135 4135 4135 4561 4561 4560 4560 4135 4135 4560 4560 4137 4137 4137 4137 4560 4560 4559 4559 4137 4137 4559 4559 4139 4139 4139 4139 4559 4559 4558 4558 4139 4139 4558 4558 4141 4141 4141 4141 4558 4558 4557 4557 4141 4141 4557 4557 4388 4388 4388 4388 4557 4557 4556 4556 4388 4388 4556 4556 4200 4200 4200 4200 4556 4556 4555 4555 4200 4200 4555 4555 3656 3656 3656 3656 4555 4555 4554 4554 3656 3656 4554 4554 3657 3657 3657 3657 4554 4554 4553 4553 3657 3657 4553 4553 4297 4297 4297 4297 4553 4553 4552 4552 4297 4297 4552 4552 4401 4401 4401 4401 4552 4552 4551 4551 4401 4401 4551 4551 4409 4409 4409 4409 4551 4551 4550 4550 4409 4409 4550 4550 4394 4394 4394 4394 4550 4550 4549 4549 4394 4394 4549 4549 4305 4305 4305 4305 4549 4549 4548 4548 4305 4305 4548 4548 4306 4306 4306 4306 4548 4548 4547 4547 4306 4306 4547 4547 4422 4422 4422 4422 4547 4547 4304 4304 4422 4422 4304 4304 4430 4430 4430 4430 4304 4304 4303 4303 4430 4430 4303 4303 4446 4446 4446 4446 4303 4303 4522 4522 4446 4446 4522 4522 4445 4445 4445 4445 4522 4522 4524 4524 4445 4445 4524 4524 4444 4444 4444 4444 4524 4524 4526 4526 4444 4444 4526 4526 4442 4442 4442 4442 4526 4526 4528 4528 4442 4442 4528 4528 4440 4440 4440 4440 4528 4528 4530 4530 4440 4440 4530 4530 4486 4486 4486 4486 4530 4530 4532 4532 4486 4486 4532 4532 4488 4488 4488 4488 4532 4532 4534 4534 4488 4488 4534 4534 4490 4490 4490 4490 4534 4534 4536 4536 4490 4490 4536 4536 3716 3716 3716 3716 4536 4536 4540 4540 3716 3716 4540 4540 3703 3703 3703 3703 4540 4540 4538 4538 3703 3703 4538 4538 3704 3704 3704 3704 4538 4538 3680 3680 3704 3704 3680 3680 3914 3914 3914 3914 3680 3680 4052 4052 3914 3914 4052 4052 3915 3915 3915 3915 4052 4052 4054 4054 3915 3915 4054 4054 3919 3919 3919 3919 4054 4054 4056 4056 3919 3919 4056 4056 3920 3920 3920 3920 4056 4056 4058 4058 3920 3920 4058 4058 3921 3921 3921 3921 4058 4058 4060 4060 3921 3921 4060 4060 3923 3923 3923 3923 4060 4060 4062 4062 3923 3923 4062 4062 3925 3925 3925 3925 4062 4062 4064 4064 3925 3925 4064 4064 3926 3926 3926 3926 4064 4064 3735 3735 3926 3926 3735 3735 3736 3736 3736 3736 3735 3735 3555 3555 3736 3736 3555 3555 3554 3554</p>
        </triangles>
      </mesh>
    </geometry>
  </library_geometries>
  <library_materials>
    <material id="fc87a33900454a58a5f9db0a156d22aa" name="defaultmaterial">
      <instance_effect url="#d918f101e57d4971938c60bc94922b3a" />
    </material>
  </library_materials>
  <library_visual_scenes>
    <visual_scene id="scene">
      <node id="node0" name="node0">
        <instance_geometry url="#37f97cb70ae94c08b727e7abed600463">
          <bind_material>
            <technique_common>
              <instance_material symbol="material0" target="#fc87a33900454a58a5f9db0a156d22aa" />
            </technique_common>
          </bind_material>
        </instance_geometry>
      </node>
    </visual_scene>
  </library_visual_scenes>
  <scene>
    <instance_visual_scene url="#scene" />
  </scene>
</COLLADA>
