<COLLADA xmlns="http://www.collada.org/2005/11/COLLADASchema" version="1.4.1">
  <asset>
    <created>2026-09-17T15:28:49.568756</created>
    <modified>2026-09-17T15:28:49.568756</modified>
    <up_axis>Z_UP</up_axis>
  </asset>
  <library_effects>
    <effect id="0690f3c07a104fc7bdfbbaadc7379a0a" name="0690f3c07a104fc7bdfbbaadc7379a0a">
      <profile_COMMON>
        <technique sid="common">
          <phong>
            <emission>
              <color>0.0 0.0 0.0 1.0</color>
            </emission>
            <ambient>
              <color>0.0 0.0 0.0 1.0</color>
            </ambient>
            <diffuse>
              <color>0.7058823529411765 0.7058823529411765 0.7254901960784313 1.0</color>
            </diffuse>
            <specular>
              <color>0.0 0.0 0.0 1.0</color>
            </specular>
            <shininess>
              <float>0.0</float>
            </shininess>
            <reflective>
              <color>0.0 0.0 0.0 1.0</color>
            </reflective>
            <reflectivity>
              <float>0.0</float>
            </reflectivity>
            <transparent>
              <color>0.0 0.0 0.0 1.0</color>
            </transparent>
            <transparency>
              <float>1.0</float>
            </transparency>
          </phong>
        </technique>
        <extra>
          <technique profile="GOOGLEEARTH">
            <double_sided>0</double_sided>
          </technique>
        </extra>
      </profile_COMMON>
    </effect>
  </library_effects>
  <library_geometries>
    <geometry id="aa1f2cfb9d844fae9b23f99e9048a180" name="30a78650775b4e1fa39acbfb0592e73c">
      <mesh>
        <source id="verts-array">
          <float_array count="9183" id="verts-array-array">0.04647468 -0.07843658 -0.03370569 0.04702438 -0.07738595 -0.03340931 0.04730532 -0.07755203 -0.03330272 0.04340632 -0.08179633 -0.0356643 0.04400472 -0.08121195 -0.03527371 0.04418107 -0.08140162 -0.03527072 0.04463688 -0.08165985 -0.03488055 0.04441135 -0.08183582 -0.03504996 0.04439266 -0.08172309 -0.03516723 0.04407046 -0.0821018 -0.03530603 0.04258467 -0.08326106 -0.03642207 0.04252388 -0.08313295 -0.03657821 0.03820999 -0.0842968 -0.0396603 0.0382871 -0.0844566 -0.03971251 0.03412816 -0.085 -0.04300001 0.034203 -0.0850248 -0.04308544 0.03445258 -0.08554195 -0.0433703 0.0344447 -0.08536135 -0.04336132 0.03852869 -0.08484027 -0.039861 0.03885055 -0.08498722 -0.03948939 0.03854819 -0.08496092 -0.03984101 0.04006361 -0.08461145 -0.03846154 0.04056355 -0.08420792 -0.03815451 0.04055347 -0.08434906 -0.03806525 0.04164147 -0.08376627 -0.03718509 0.03852325 -0.08508861 -0.03976672 0.03723586 -0.0854874 -0.04085755 0.03573442 -0.08563911 -0.04216035 0.03440395 -0.08577354 -0.0433148 0.03445398 -0.08557419 -0.0433719 0.04745199 -0.07809304 -0.03306335 0.04737702 -0.07820895 -0.03310817 0.04755035 -0.07770994 -0.03311811 0.04630572 -0.0798652 -0.03374862 0.04615372 -0.08002866 -0.03385172 0.04612334 -0.07994078 -0.03397889 0.04609463 -0.08009221 -0.0338918 0.04244789 -0.08293925 -0.03664404 0.04430897 -0.08155902 -0.03525385 0.04238879 -0.08284522 -0.03664747 0.04232123 -0.08276201 -0.03663091 0.04589989 -0.07968229 -0.03412788 0.04573213 -0.07952505 -0.03414621 0.04608596 -0.07917952 -0.03391526 0.04744561 -0.07763261 -0.0332354 0.04603126 -0.07981197 -0.03408359 0.04809988 -0.07502892 -0.03296907 0.04765299 -0.07618452 -0.0330704 0.04809684 -0.07502837 -0.03296966 0.04794163 -0.075 -0.033 0.03832725 -0.0842766 -0.03956435 0.03905687 -0.0841509 -0.03896739 0.0402969 -0.0837305 -0.0381019 0.04049535 -0.08398852 -0.03819657 0.03848844 -0.08471896 -0.03985671 0.04043692 -0.0838853 -0.03818426 0.03843036 -0.08460886 -0.0398274 0.04036865 -0.08379765 -0.03815105 0.03836073 -0.08451974 -0.03977695 0.03441126 -0.08526754 -0.04332314 0.03437781 -0.08517373 -0.04328496 0.03428248 -0.08506493 -0.04317617 0.03426547 -0.0850455 -0.04315675 0.04019317 -0.08353577 -0.03810445 0.04214566 -0.08247878 -0.03662167 0.04300131 -0.08201557 -0.03597187 0.04821053 -0.07604266 -0.03266152 0.04762675 -0.07762066 -0.03297077 0.04757655 -0.07775637 -0.03299737 0.0484223 -0.07508782 -0.03260627 0.04835099 -0.07507479 -0.03275257 0.04831599 -0.0750684 -0.03282437 0.04812413 -0.07503335 -0.03296433 -0.00896209 -0.08116008 0.04139937 -0.009010202 -0.08388178 0.04359588 -2.520682e-18 -0.08360244 0.04443643 -0.03357666 -0.1090389 -0.03541099 -0.0337852 -0.1143642 -0.03509647 -0.04003424 -0.1128342 -0.02778445 0.02527411 -0.09175615 -0.04554982 0.02550347 -0.09585071 -0.04350647 0.01739452 -0.09696323 -0.04701016 0.02573163 -0.1003936 -0.04216646 0.02595527 -0.1053626 -0.04158719 0.01775107 -0.1065206 -0.04566545 0.04868487 -0.0844659 -0.0166454 0.04869418 -0.08764452 -0.01264065 0.04779416 -0.08868953 -0.01704866 0.04870344 -0.09182003 -0.009415613 0.04871251 -0.09685217 -0.007151169 0.04786364 -0.09793337 -0.01193849 0.04863534 -0.03028729 -0.02802567 0.04757121 -0.0324637 -0.02415103 0.04750107 -0.05144649 -0.02451661 0.04188798 -0.07893452 0.007496695 0.04429393 -0.07982767 0.003956572 0.04418008 -0.0784081 -0.001264862 -2.451834e-18 -0.08087884 0.04221064 0.009010202 -0.08388178 0.04359588 0.0428128 -0.02296712 -0.002015465 0.04024938 -0.02708574 -0.0005280404 0.04000688 -0.02707667 -0.003194552 0.008186297 -0.05061785 0.000437757 0.01625028 -0.04924295 -0.001012478 0.01670826 -0.04727523 8.516722e-05 -0.009397261 -0.08575571 -0.05453541 -0.008521642 -0.08575523 -0.05465867 -0.008616626 -0.08930425 -0.05267214 0.04768983 -0.08052446 -0.02881259 0.04772395 -0.08289216 -0.0249161 0.04620155 -0.083632 -0.02874386 0.04899843 -0.03243328 -0.03250637 0.04898541 -0.02777441 -0.03251167 0.04900005 -0.02809397 -0.03202986 0.04896436 -0.0202397 -0.03252023 0.04895377 -0.01644856 -0.03252454 0.04900006 -0.01750352 -0.03138479 0.04864854 -0.003654813 -0.03255297 0.04868678 -0.003840809 -0.03245883 0.04867006 -0.004219373 -0.0325513 0.04793821 0.003394002 -0.03257312 0.04779447 0.004154796 -0.03257462 0.04782054 0.004537577 -0.03219363 0.04760447 0.005160431 -0.03257662 0.04682428 0.009289691 -0.03258481 0.04648353 0.01047861 -0.03258589 0.04784733 0.006295393 -0.02981691 -0.04883193 -0.008830762 -0.03253978 -0.04886394 -0.01030663 -0.03253648 -0.04900007 -0.0123861 -0.0307666 -0.04896604 -0.01501377 -0.03252597 -0.04896725 -0.01655765 -0.03252504 -0.04900006 -0.01750352 -0.03138479 -0.04896862 -0.01829281 -0.032524 -0.04897594 -0.02760962 -0.03251841 -0.04900005 -0.02809397 -0.03202986 -0.04900002 -0.05827874 -0.03250003 -0.04900005 -0.06384809 -0.03227668 -0.0486296 -0.06374714 -0.02830929 -0.04861408 -0.0734923 -0.03258518 -0.04864983 -0.07485217 -0.03164249 -0.04900006 -0.07456352 -0.02779184 -0.04844175 -0.07492601 -0.03260413 -0.03693151 -0.08554565 -0.04111945 -0.03574057 -0.08565303 -0.04215386 -0.03580834 -0.08637875 -0.04148387 -0.02531697 -0.04195297 0.013 -0.0271874 -0.04068938 0.013 -0.02722301 -0.04074209 0.01010138 9.812544e-18 -0.049 0.01005733 0.004802797 -0.0487639 0.01005979 0.002695119 -0.04892561 0.013 0.009559428 -0.04805859 0.01006538 0.007683072 -0.04839371 0.013 0.0047942 -0.04870177 0.013 0.01422393 -0.04689001 0.010072 0.01261107 -0.04734926 0.013 0.00954601 -0.04799888 0.013 0.02309842 -0.04321405 0.01008964 0.01872472 -0.04528129 0.013 0.01875156 -0.04527019 0.01007987 0.01422002 -0.04687923 0.013 0.01399918 -0.04695757 0.013 0.02757686 -0.04050341 0.013 0.02721253 -0.04072484 0.013 0.02722301 -0.04074209 0.01010138 0.02325595 -0.04312948 0.013 0.02309464 -0.04320608 0.013 0.03108522 -0.03787744 0.01011506 0.03464831 -0.0346483 0.01013062 0.03460345 -0.034603 0.013 0.0326552 -0.03653266 0.013 0.03104624 -0.03782905 0.013 0.02874975 -0.0396794 0.013 0.04071139 -0.02720395 0.013 0.04026405 -0.02792515 0.013 0.0407421 -0.027223 0.01016719 0.03942701 -0.02909487 0.013 0.03787745 -0.03108521 0.01014801 0.03782706 -0.03104384 0.013 0.03621826 -0.03300359 0.013 0.04290607 -0.02366561 0.013 0.04321406 -0.0230984 0.01018808 0.04318821 -0.02308581 0.013 0.04510042 -0.01915624 0.013 0.04527019 -0.01875152 0.01021059 0.04525075 -0.01874443 0.013 0.04683409 -0.01440691 0.013 0.04688999 -0.01422392 0.01023457 0.04723867 -0.01301928 0.013 0.04805858 -0.009559443 0.01025981 0.04800685 -0.009547999 0.013 0.04832164 -0.008125519 0.013 0.04889908 -0.003142586 0.013 0.04876396 -0.004802828 0.01028599 0.04893862 7.696152e-07 0.013 0.0490001 -5.245209e-09 0.01031269 0.04896267 0.001912887 0.013 0.04888562 0.003345276 0.013 0.04876396 0.004802833 0.01033939 0.04828743 0.008326495 0.013 0.04805858 0.009559447 0.01036562 0.04801154 0.009548822 0.013 0.04718317 0.01321896 0.013 0.04688999 0.01422393 0.01039095 0.04556947 0.01801198 0.013 0.04527019 0.01875153 0.01041508 0.04526538 0.01874954 0.013 0.04502212 0.01933953 0.013 0.04321406 0.0230984 0.01043777 0.04318192 0.02308259 0.013 0.04281054 0.02383799 0.013 0.0407421 0.027223 0.01045887 0.04070605 0.02720043 0.013 0.04014987 0.02808904 0.013 0.03787745 0.0310852 0.01047827 0.03783825 0.03105466 0.013 0.03464831 0.0346483 0.01049586 0.03460361 0.03460312 0.013 0.03619773 0.03302613 0.013 0.0370415 0.0320768 0.013 0.0326335 0.03655205 0.013 0.03108522 0.03787744 0.01051156 0.02872631 0.03969638 0.013 0.02722301 0.0407421 0.0105253 0.02719019 0.04069142 0.013 0.02448355 0.04244469 0.013 0.02309842 0.04321405 0.01053704 0.02341422 0.04304377 0.013 0.01420476 0.04689186 0.013 0.0142108 0.04688969 0.013 0.01422151 0.04689002 0.01055978 0.01874899 0.04526305 0.013 0.01875156 0.04527019 0.0105467 0.01889147 0.04521198 0.013 0.009324658 0.04808512 0.013 0.009540001 0.0480586 0.01060382 0.004966575 0.04872678 0.013 0.004756657 0.04876391 0.01068982 0.00460025 0.04874694 0.013 0.002365727 0.04894089 0.01072579 0.002238391 0.04887686 0.013 -2.686037e-18 0.04900001 0.01074055 -3.11951e-18 0.04900001 0.013 -0.005138182 0.04870842 0.013 -0.004599398 0.048739 0.013 -0.004756657 0.04876391 0.01068982 -0.002237906 0.048873 0.013 -0.009540001 0.0480586 0.01060382 -0.01422151 0.04689002 0.01055978 -0.01419272 0.04682801 0.013 -0.01154294 0.04760927 0.013 -0.009452146 0.04799728 0.013 -0.006545752 0.04853665 0.013 -0.02307918 0.0431807 0.013 -0.02228041 0.04364146 0.013 -0.02309842 0.04321405 0.01053704 -0.02099073 0.04427628 0.013 -0.01875156 0.04527019 0.0105467 -0.01872671 0.04520994 0.013 -0.01633373 0.04619677 0.013 -0.0266254 0.04113511 0.013 -0.02722301 0.0407421 0.0105253 -0.0272046 0.04071661 0.013 -0.03069103 0.03819754 0.013 -0.03108522 0.03787744 0.01051156 -0.03106954 0.03785987 0.013 -0.03446459 0.03483104 0.013 -0.03464831 0.0346483 0.01049586 -0.03464609 0.03464612 0.013 -0.03546983 0.03380677 0.013 -0.03787745 0.0310852 0.01047827 -0.03783866 0.03105185 0.013 -0.03873863 0.03000521 0.013 -0.0407421 0.027223 0.01045887 -0.04069642 0.02719122 0.013 -0.04321406 0.0230984 0.01043777 -0.04316131 0.02306923 0.013 -0.0416027 0.0258886 0.013 -0.04527019 0.01875153 0.01041508 -0.04466036 0.02016077 0.013 -0.04404909 0.02146331 0.013 -0.04805858 0.009559447 0.01036562 -0.04782661 0.01065936 0.013 -0.04688999 0.01422393 0.01039095 -0.04648643 0.01549212 0.013 -0.04521934 0.01873163 0.013 -0.04876396 0.004802833 0.01033939 -0.04867028 0.005674193 0.013 -0.04801403 0.009551907 0.013 -0.04876396 -0.004802828 0.01028599 -0.04805858 -0.009559443 0.01025981 -0.04801119 -0.009551322 0.013 -0.04865804 -0.005778199 0.013 -0.04899399 -0.0007727944 0.013 -0.0490001 -5.245209e-09 0.01031269 -0.04896664 -1.182437e-06 0.013 -0.04881641 0.004236768 0.013 -0.04527019 -0.01875152 0.01021059 -0.045977 -0.01694455 0.013 -0.04688999 -0.01422392 0.01023457 -0.0474686 -0.01215442 0.013 -0.04780374 -0.01076146 0.013 -0.04321406 -0.0230984 0.01018808 -0.04400411 -0.02155538 0.013 -0.0452141 -0.01872752 0.013 -0.0407421 -0.027223 0.01016719 -0.04154788 -0.0259765 0.013 -0.04316271 -0.02306986 0.013 -0.03464831 -0.0346483 0.01013062 -0.03777776 -0.03120629 0.013 -0.03787745 -0.03108521 0.01014801 -0.04074018 -0.02722158 0.013 -0.04076817 -0.02718393 0.013 -0.03061056 -0.03826207 0.013 -0.03106683 -0.03785674 0.013 -0.03108522 -0.03787744 0.01011506 -0.0343904 -0.03490429 0.013 -0.03463558 -0.03463663 0.013 -0.02947035 -0.03914711 0.013 -0.02306815 -0.04315754 0.013 -0.02309842 -0.04321405 0.01008964 -0.02089553 -0.04432129 0.013 -0.01875156 -0.04527019 0.01007987 -0.0187269 -0.04521002 0.013 -0.01621719 -0.04623852 0.013 -0.01422393 -0.04689001 0.010072 -0.01485721 -0.0466932 0.013 -0.009559428 -0.04805859 0.01006538 -0.01000704 -0.04796724 0.013 -0.01421637 -0.04686154 0.013 9.63822e-18 -0.049 0.013 -0.004800185 -0.04875165 0.013 -0.004802797 -0.0487639 0.01005979 -0.005050027 -0.04873872 0.013 -0.00955539 -0.04803754 0.013 -0.03440395 -0.08577354 -0.0433148 -0.03243131 -0.0869756 -0.04395732 -0.0385511 -0.08509158 -0.0397412 -0.03892389 -0.08573874 -0.03872029 -0.03885916 -0.08500521 -0.03947905 -0.04418008 -0.08435785 -0.03233906 -0.04407611 -0.08215158 -0.0352878 -0.04253677 -0.08324642 -0.03647085 -0.04199987 -0.08362829 -0.03688348 -0.0405641 -0.08432861 -0.03805903 -0.03960658 -0.08479566 -0.03884301 -0.04608966 -0.08008163 -0.03389907 -0.04573034 -0.08054928 -0.03412486 -0.04620155 -0.083632 -0.02874386 -0.0444167 -0.08182168 -0.03504836 -0.04408886 -0.08213924 -0.03527884 -0.04772395 -0.08289216 -0.0249161 -0.0469898 -0.07891014 -0.03333344 -0.04614621 -0.08000804 -0.03386353 -0.04765705 -0.07813419 -0.03238763 -0.04763152 -0.07763489 -0.03296209 -0.04757922 -0.07773884 -0.03299236 -0.04781725 -0.07726582 -0.03285462 -0.04865799 -0.07773944 -0.02860997 -0.0484223 -0.07508782 -0.03260627 -0.04887476 -0.07030113 -0.03254893 -0.04884053 -0.07138618 -0.03255863 -0.04900006 -0.07124088 -0.03006507 -0.04883103 -0.07168737 -0.03256132 -0.04899212 -0.0638606 -0.03251114 -0.04898971 -0.06555836 -0.03251452 -0.04900005 -0.06762947 -0.0315534 -0.04898808 -0.06670872 -0.03251681 -0.04895758 -0.06767549 -0.03252545 -0.04900005 -0.05826179 -0.0325 -0.04862099 -0.05665064 -0.02846432 -0.049 -0.05819627 -0.03250004 -0.0489985 -0.05652058 -0.03249905 -0.04899868 -0.05652051 -0.03250104 -0.04899835 -0.05610399 -0.03250129 -0.04826754 0.000626678 -0.03256578 -0.04862389 -0.003619542 -0.03255271 -0.04868678 -0.003840809 -0.03245883 -0.04866603 -0.004121696 -0.03255117 -0.04900007 -0.007824978 -0.02879646 -0.04875202 -0.00514636 -0.03254801 -0.04757851 0.005294124 -0.03257693 -0.04759643 0.005182559 -0.03257668 -0.04782054 0.004537577 -0.03219363 -0.04777121 0.004094387 -0.03257424 -0.04870114 0.0002376236 -0.02892757 -0.04820118 0.001417438 -0.03256822 -0.04724488 0.007371286 -0.0325816 -0.04787353 0.007707382 -0.02718649 -0.04661149 0.009909207 -0.03258487 -0.0465093 0.01218503 -0.02993483 -0.04641309 0.01070418 -0.0325859 -0.04586786 0.01288886 -0.03258871 -0.04466738 0.01653754 -0.03252418 -0.04460777 0.01644904 -0.03258963 -0.04531057 0.0144634 -0.03258912 -0.04250759 0.02200809 -0.03149816 -0.04368291 0.01895587 -0.03258991 -0.04475009 0.01774287 -0.02927007 -0.04383514 0.01863197 -0.03259018 -0.04449574 0.01676556 -0.03258971 -0.04112145 0.02418017 -0.03258451 -0.04163124 0.02332125 -0.03258624 -0.04242863 0.02162462 -0.03258767 -0.04261531 0.02277481 -0.02784405 -0.04000688 0.02687427 -0.02972239 -0.03461918 0.03331725 -0.03255713 -0.03590718 0.03191456 -0.03256336 -0.03642429 0.03121676 -0.03256568 -0.0390401 0.02768692 -0.03257743 -0.03923988 0.02735032 -0.03257811 -0.03986731 0.02629321 -0.03258025 -0.03731673 0.03098049 -0.02288954 -0.03404752 0.03454482 -0.02412838 -0.03372641 0.03428951 -0.03255281 -0.03326844 0.03478825 -0.03255059 -0.02663328 0.040656 -0.02620596 -0.02649306 0.04063639 -0.03099657 -0.03047486 0.03778039 -0.02523487 -0.02879018 0.03888337 -0.03252874 -0.0297862 0.03800544 -0.0325336 -0.03019901 0.03764157 -0.03253562 -0.03255649 0.0355636 -0.03254715 -0.02237696 0.04305933 -0.03251092 -0.02466133 0.04179683 -0.03251463 -0.02597862 0.0408673 -0.03251913 -0.02640645 0.04056541 -0.03252059 -0.01376618 0.04679197 -0.03250364 -0.01522818 0.04636196 -0.03250428 -0.01385742 0.04685306 -0.02827896 -0.01759549 0.04537584 -0.03250565 -0.01828615 0.04521565 -0.02772899 -0.01815425 0.04514308 -0.03250597 -0.01933235 0.04465234 -0.03250666 -0.01311755 0.04698273 -0.03250336 -0.009322462 0.04803769 -0.02871048 -0.01040216 0.04778137 -0.03250219 -0.004658704 0.04872982 -0.03250038 -0.00513726 0.04870246 -0.03250042 -0.004716152 0.04875497 -0.02902964 -0.008466953 0.04811993 -0.03250154 -0.009252785 0.04798245 -0.03250181 -0.003765497 0.0487809 -0.03250029 1.724511e-18 0.04899579 -0.02915813 -3.26982e-12 0.04899622 -0.03249991 0.004716152 0.04875497 -0.02902964 0.004652329 0.04868601 -0.03250052 0.002453391 0.04892942 -0.03250004 0.0009814508 0.0489695 -0.03249996 0.005756801 0.04856374 -0.03250076 0.009322462 0.04803769 -0.02871048 0.007450829 0.04837621 -0.03250114 0.01376688 0.04680255 -0.03250362 0.01269088 0.04717892 -0.03250311 0.01385742 0.04685306 -0.02827896 0.01043353 0.04769469 -0.03250226 0.009246122 0.04796601 -0.03250181 0.01498434 0.0463767 -0.03250419 0.01828615 0.04521565 -0.02772899 0.01741808 0.0455254 -0.03250534 0.02255808 0.04314258 -0.02703851 0.01922301 0.04466316 -0.03250699 0.01816331 0.04516939 -0.03250602 0.0224296 0.04312664 -0.03193611 0.02221166 0.04323543 -0.03250972 0.01940204 0.04457762 -0.03250715 0.02675505 0.04040287 -0.03252079 0.02643441 0.04060277 -0.03252001 0.02649306 0.04063639 -0.03099657 0.02362268 0.04235573 -0.03251316 0.02240692 0.04311369 -0.03251019 0.03125409 0.03675951 -0.03254044 0.03085677 0.03715108 -0.03253845 0.03390466 0.03452079 -0.02865103 0.02757473 0.03975303 -0.03252432 0.03404752 0.03454482 -0.02412838 0.03431939 0.03373856 -0.03255581 0.03374446 0.03430518 -0.03255293 0.03988488 0.02630625 -0.03258051 0.03763602 0.02967725 -0.0325713 0.04000688 0.02687427 -0.02972239 0.03749054 0.02989533 -0.03257071 0.0346832 0.03329765 -0.03255752 0.04261531 0.02277481 -0.02784405 0.0410773 0.02421446 -0.03258423 0.04030808 0.02567188 -0.03258224 0.04451094 0.01674337 -0.03258985 0.04435151 0.01714169 -0.03258976 0.04475009 0.01774287 -0.02927007 0.04291169 0.02073891 -0.03258897 0.04250759 0.02200809 -0.03149816 0.04248825 0.02154117 -0.03258788 0.04243974 0.0216331 -0.03258775 0.04462265 0.01646427 -0.03258991 0.04466738 0.01653754 -0.03252418 0.0451345 0.01518548 -0.03259019 0.0465093 0.01218503 -0.02993483 0.04586287 0.01264412 -0.03258787 0.04705695 0.008058289 -0.03258236 0.04870114 0.0002376236 -0.02892757 0.04862718 -0.003094753 -0.03255463 0.04844241 -0.001354595 -0.03255958 0.04891677 -0.01068928 -0.03253216 0.04900007 -0.0123861 -0.0307666 0.04892123 -0.01080612 -0.03253182 0.04893933 -0.01128081 -0.03253041 0.04900005 -0.05044872 -0.03249793 0.0489982 -0.05041346 -0.03250662 0.04899834 -0.03909744 -0.03250647 0.04899802 -0.06444 -0.03250682 0.04899803 -0.06385551 -0.03250681 0.04900005 -0.06384809 -0.03227668 0.04899811 -0.05795442 -0.03250673 0.04893676 -0.06738741 -0.03252829 0.04900005 -0.06762947 -0.0315534 0.04893054 -0.06768627 -0.03253046 0.04885499 -0.07132109 -0.03255694 0.04900006 -0.07124088 -0.03006507 0.04884779 -0.07138374 -0.03255776 0.04900006 -0.07456352 -0.02779184 0.04860873 -0.07346489 -0.03258502 0.04876235 -0.07212752 -0.0325675 0.04865799 -0.07773944 -0.02860997 0.04864983 -0.07485217 -0.03164249 0.04844087 -0.07492617 -0.03260415 0.04765705 -0.07813419 -0.03238763 0.04418008 -0.08435785 -0.03233906 0.04173334 -0.08506261 -0.03566918 0.03892389 -0.08573874 -0.03872029 0.03580834 -0.08637875 -0.04148387 0.03243131 -0.0869756 -0.04395732 0.02697656 -0.08577054 -0.04856646 0.03102026 -0.08577316 -0.04596778 0.03132901 -0.08577336 -0.04576936 0.03232918 -0.08577342 -0.04497098 0.01391904 -0.0857589 -0.05360982 0.01688941 -0.08576139 -0.05284578 0.01703415 -0.08880351 -0.05093488 0.0173101 -0.08576175 -0.05273757 0.01845391 -0.08576281 -0.05231524 0.02215037 -0.08576626 -0.05095042 0.02504683 -0.08801328 -0.04803018 0.02282228 -0.08576685 -0.05061851 0.02488089 -0.08576868 -0.04960164 0.01173799 -0.08575707 -0.05417084 0.008616626 -0.08930425 -0.05267214 0.009307816 -0.08575568 -0.05453495 0.004320694 -0.08943434 -0.05310459 0.005881048 -0.08575372 -0.05504839 0.008520384 -0.08575523 -0.05465294 -0.005486546 -0.08575356 -0.0550859 -0.004722497 -0.08575343 -0.05512074 3.154432e-18 -0.0894786 -0.0532483 1.252676e-12 -0.08575262 -0.05533605 0.004666485 -0.08575349 -0.0551078 -0.01636861 -0.08576086 -0.05302397 -0.01399373 -0.08575896 -0.05359785 -0.01703415 -0.08880351 -0.05093488 -0.01111373 -0.08575665 -0.05429379 -0.02614061 -0.08576985 -0.04902829 -0.02488871 -0.08576872 -0.04961868 -0.02504683 -0.08801328 -0.04803018 -0.02290342 -0.08576693 -0.05055492 -0.0213979 -0.08576556 -0.05126492 -0.01850979 -0.08576287 -0.05227507 -0.01688687 -0.08576135 -0.0528427 -0.03231271 -0.08577324 -0.04494347 -0.03102879 -0.08577305 -0.0459434 -0.0288329 -0.08752249 -0.04613963 -0.03047187 -0.08577297 -0.04637713 -0.02868706 -0.08577169 -0.04746961 -0.02708177 -0.08577053 -0.04845221 -0.02098865 -0.1555 0.04427726 -0.01872667 -0.1555 0.04520982 -0.01858917 -0.1279219 0.04530235 -0.01631444 -0.1555 0.04620432 -0.009470301 -0.1275716 0.04806621 -0.01150562 -0.1555 0.04763008 -0.009548075 -0.1555 0.04799811 -0.02701725 -0.1284653 0.0408109 -0.02720455 -0.1555 0.04071654 -0.02662346 -0.1555 0.04113636 -0.02227835 -0.1555 0.0436425 -0.03068923 -0.1555 0.03819899 -0.03443869 -0.1291615 0.03475615 -0.03446295 -0.1555 0.03483266 -0.03873722 -0.1555 0.03000703 -0.03546825 -0.1555 0.03380843 -0.03464607 -0.1555 0.0346461 -0.04516712 -0.1308287 0.01888284 -0.04465941 -0.1555 0.02016287 -0.04307406 -0.1303921 0.02323621 -0.04404808 -0.1555 0.02146539 -0.04160148 -0.1555 0.02589056 -0.0468249 -0.1312699 0.01433736 -0.0464857 -0.1555 0.01549431 -0.0452193 -0.1555 0.01873162 -0.04802694 -0.1317123 0.009643456 -0.04782611 -0.1555 0.01066161 -0.04684177 -0.1555 0.01421055 -0.04875561 -0.1321538 0.004847494 -0.04867001 -0.1555 0.005676481 -0.04801397 -0.1555 0.009551894 -0.0490001 -0.1325941 -4.791609e-07 -0.04881621 -0.1555 0.004239071 -0.04875892 -0.1555 0.004802319 -0.04875561 -0.1330337 -0.004848443 -0.04899403 -0.1555 -0.0007704833 -0.04896672 -0.1555 -1.184936e-06 -0.04802694 -0.1334725 -0.009644377 -0.04865832 -0.1555 -0.005775908 -0.04872376 -0.1555 -0.004800135 -0.04682998 -0.1555 -0.01420524 -0.04746917 -0.1555 -0.0121522 -0.0468249 -0.133909 -0.01433823 -0.04780424 -0.1555 -0.01075922 -0.04801126 -0.1555 -0.009551335 -0.0459778 -0.1555 -0.01694238 -0.04516712 -0.1343396 -0.01888362 -0.04521407 -0.1555 -0.01872751 -0.04400512 -0.1555 -0.02155331 -0.04307406 -0.1347601 -0.02323688 -0.04154911 -0.1555 -0.02597454 -0.04057018 -0.1351655 -0.02735819 -0.0407693 -0.1555 -0.02718224 -0.03443869 -0.1359118 -0.03475646 -0.03777905 -0.1555 -0.03120472 -0.04074011 -0.1555 -0.02722151 -0.02701725 -0.1365423 -0.04081108 -0.02718741 -0.1555 -0.0406894 -0.02947323 -0.1555 -0.03914494 -0.03061214 -0.1555 -0.0382608 -0.03439185 -0.1555 -0.03490287 -0.03463564 -0.1555 -0.03463669 -0.01858917 -0.1370257 -0.04530259 -0.0208988 -0.1555 -0.04431975 -0.02532006 -0.1555 -0.0419511 -0.01485686 -0.1555 -0.04669334 -0.01000621 -0.1555 -0.04796756 -0.009470301 -0.1373341 -0.04806665 -0.01622054 -0.1555 -0.04623736 -0.01872689 -0.1555 -0.04521001 2.902763e-18 -0.1374423 -0.049 -0.005050088 -0.1555 -0.04873893 -0.009556178 -0.1555 -0.0480376 0.004757251 -0.1374148 -0.04876589 0.003479079 -0.1555 -0.0488762 6.643317e-18 -0.1555 -0.049 0.009470301 -0.1373341 -0.04806665 0.008458118 -0.1555 -0.04826455 0.004796748 -0.1555 -0.04871433 0.01874 -0.1555 -0.0452392 0.0147558 -0.1555 -0.04672537 0.01858917 -0.1370257 -0.04530259 0.01337183 -0.1555 -0.0471401 0.009549428 -0.1555 -0.04801482 0.01945246 -0.1555 -0.04497344 0.02701725 -0.1365423 -0.04081108 0.02394882 -0.1555 -0.04274865 0.02938532 -0.1555 -0.03921098 0.03324075 -0.1555 -0.03600075 0.03443869 -0.1359118 -0.03475646 0.02822648 -0.1555 -0.04005337 0.02719755 -0.1555 -0.04070168 0.04070955 -0.1555 -0.02727164 0.03989204 -0.1555 -0.02845399 0.04057018 -0.1351655 -0.02735819 0.03674648 -0.1555 -0.03241438 0.03460458 -0.1555 -0.03460555 0.04706047 -0.1555 -0.01364931 0.04686426 -0.1555 -0.014215 0.0468249 -0.133909 -0.01433823 0.04540366 -0.1555 -0.01842601 0.04516712 -0.1343396 -0.01888362 0.04525501 -0.1555 -0.01874444 0.04307406 -0.1347601 -0.02323688 0.04328236 -0.1555 -0.02297018 0.04073955 -0.1555 -0.02722148 0.04875561 -0.1330337 -0.004848443 0.04844612 -0.1555 -0.00734667 0.04802694 -0.1334725 -0.009644377 0.04799632 -0.1555 -0.009546716 0.0474421 -0.1555 -0.01225742 0.0490001 -0.1325941 -4.791609e-07 0.04894334 -0.1555 -0.002355582 0.04870018 -0.1555 -0.004796477 0.04873456 -0.1555 0.004798818 0.04882506 -0.1555 0.004135943 0.04875561 -0.1321538 0.004847494 0.04892551 -0.1555 0.002700367 0.04893504 -0.1555 -2.29479e-07 0.04814667 -0.1555 0.009105347 0.04802694 -0.1317123 0.009643456 0.04803767 -0.1555 0.009554369 0.04696336 -0.1555 0.01397978 0.0468249 -0.1312699 0.01433736 0.04687823 -0.1555 0.01421975 0.04527268 -0.1555 0.01874552 0.04516712 -0.1308287 0.01888284 0.0452701 -0.1555 0.01875149 0.03191366 -0.1555 0.03718214 0.03461454 -0.1555 0.0346128 0.03443869 -0.1291615 0.03475615 0.03554557 -0.1555 0.03372711 0.03651832 -0.1555 0.03267124 0.03969103 -0.1555 0.02873369 0.04057018 -0.1299649 0.02735764 0.04069197 -0.1555 0.02719048 0.04307406 -0.1303921 0.02323621 0.04241998 -0.1555 0.02452632 0.04470452 -0.1555 0.02006267 0.02794606 -0.1555 0.04024955 0.02701725 -0.1284653 0.0408109 0.0272033 -0.1555 0.04071032 0.02364968 -0.1555 0.04291485 0.01858917 -0.1279219 0.04530235 0.02086873 -0.1555 0.04433392 0.01000621 -0.1555 0.04796756 0.01485686 -0.1555 0.04669334 0.005050087 -0.1555 0.04873893 0.009556178 -0.1555 0.0480376 0.009470301 -0.1275716 0.04806621 0.01622043 -0.1555 0.04623739 0.01872726 -0.1555 0.04521085 -0.006580047 -0.1555 0.04855612 -0.005145509 -0.1555 0.04872895 -4.422663e-18 -0.1274485 0.04899945 -1.201006e-17 -0.1555 0.049 -0.02255808 0.04314258 -0.02703851 -0.0224296 0.04312664 -0.03193611 -0.02188075 0.04333357 -0.03251011 -0.04871513 0.003146107 -0.02431517 -0.04789892 0.008743742 -0.02434178 -0.04656153 0.0133074 -0.02687788 -0.04482939 0.01846146 -0.02580984 -0.04661161 0.01397503 -0.02362844 -0.04792326 0.009358162 -0.02131838 -0.002365727 0.04894089 0.01072579 1.936858e-19 0.04899755 -0.009208157 -0.005164245 0.04876023 -0.008745993 -0.04867253 -0.01594988 -0.02690657 -0.04865889 -0.02060728 -0.0274552 -0.04771215 -0.0194836 -0.02315177 -0.04868678 -0.0118095 -0.02513462 -0.04776613 -0.0157597 -0.02156707 -0.04628835 -0.01964075 -0.01816898 -0.04900008 -0.004101207 -0.02558075 -0.04870114 -0.008440336 -0.02223449 -0.04782054 -0.01274138 -0.01897026 -0.04640028 -0.01696584 -0.01585389 -0.04449476 -0.02107537 -0.01292744 -0.04900008 -0.001456951 -0.02137615 -0.04871513 -0.006060248 -0.01843769 -0.04787353 -0.0106224 -0.0155682 -0.0465093 -0.015102 -0.01282332 -0.04466738 -0.01945803 -0.01023927 -0.04239525 -0.02364961 -0.007837629 -0.04872825 0.004653926 -0.01890929 -0.04900009 -9.400177e-05 -0.0164459 -0.04872825 -0.004842108 -0.01398304 -0.04792326 -0.009547001 -0.01157573 -0.04661161 -0.01416536 -0.009268994 -0.04482939 -0.01865443 -0.007092695 -0.04261531 -0.0229718 -0.005065194 -0.04000688 -0.02707667 -0.003194552 -0.04766044 -0.02368551 -0.02364012 -0.04617729 -0.02295659 -0.01958559 -0.04431752 -0.0234177 -0.01498753 -0.04216077 -0.02503163 -0.01021516 -0.03973667 -0.02763717 -0.005626983 -0.03342235 -0.03484821 -0.001794671 -0.03375183 -0.03449249 5.864287e-05 -0.04024938 -0.02708574 -0.0005280404 -0.0428128 -0.02296712 -0.002015465 -0.04497478 -0.01863243 -0.003624422 -0.04670343 -0.0141228 -0.005347899 -0.0479679 -0.009481197 -0.007171184 -0.04874003 -0.004751076 -0.009071065 -0.04900009 2.330017e-05 -0.01101314 -0.04874003 0.004797558 -0.0129557 -0.0479679 0.009527231 -0.01485719 -0.04670343 0.01416782 -0.01668352 -0.04497478 0.01867563 -0.01841166 -0.0428128 0.02300757 -0.02002674 -0.04024938 0.02712248 -0.02152121 -0.04397322 -0.02965981 -0.01667799 -0.04145236 -0.03250193 -0.01361228 -0.04168117 -0.02959608 -0.01319992 -0.03885983 -0.03270039 -0.01041369 -0.03915313 -0.03051965 -0.009360707 -0.0323532 -0.03832735 -0.005656217 -0.03271082 -0.03679426 -0.004741184 -0.02497016 -0.04299323 -0.00194949 -0.0253212 -0.04199216 -0.001113739 -0.02135589 -0.04411803 0.0003311909 -0.02405357 -0.04704648 -0.003425023 -0.01625028 -0.04924295 -0.001012478 -0.01670826 -0.04727523 8.516722e-05 -0.009038083 -0.04805241 0.004864051 -0.0130345 -0.04730694 0.002473349 -0.008735493 -0.04833126 0.00315975 -0.008437718 -0.04919249 0.001671031 -0.008186297 -0.05061785 0.000437757 -0.03857888 -0.03521125 -0.01083623 -0.03201061 -0.04012609 -0.006136279 -0.02463389 -0.04420545 -0.002513129 -0.02072614 -0.04587616 -0.001087577 -0.01725067 -0.04589671 0.001528137 -0.01780186 -0.0452747 0.00347772 -0.01347131 -0.04688464 0.004280098 -0.04607091 -0.02671193 -0.02002968 -0.04414167 -0.02633785 -0.01625924 -0.04192002 -0.02705546 -0.01204888 -0.03944874 -0.02879726 -0.007725538 -0.03307128 -0.03561265 -0.003426287 -0.02567502 -0.04125262 -3.074693e-05 -0.02601963 -0.04080835 0.00124561 -0.02199582 -0.04324149 0.002464504 -0.04863534 -0.03028729 -0.02802567 -0.04757121 -0.0324637 -0.02415103 -0.04588732 -0.03460546 -0.02050692 -0.04368252 -0.03669415 -0.01715194 -0.04105749 -0.03871064 -0.0141131 -0.03809402 -0.04063557 -0.01138992 -0.03141941 -0.04413466 -0.006851885 -0.004381481 -0.04895413 0.003579007 -0.004229202 -0.04968363 0.002075817 -9.043811e-20 -0.04916407 0.003721084 1.42751e-20 -0.04984929 0.002212578 0.004381481 -0.04895413 0.003579007 0.004229202 -0.04968363 0.002075817 0.008735493 -0.04833126 0.00315975 0.008437718 -0.04919249 0.001671031 0.0130345 -0.04730694 0.002473349 0.0253212 -0.04199216 -0.001113739 0.01697364 -0.04650135 0.0007328457 0.02497016 -0.04299323 -0.00194949 0.02463389 -0.04420545 -0.002513129 0.02405357 -0.04704648 -0.003425023 0.04766044 -0.02368551 -0.02364012 0.04607091 -0.02671193 -0.02002968 0.04588732 -0.03460546 -0.02050692 0.04771215 -0.0194836 -0.02315177 0.04617729 -0.02295659 -0.01958559 0.04628835 -0.01964075 -0.01816898 0.04776613 -0.0157597 -0.02156707 0.04868678 -0.0118095 -0.02513462 0.04865889 -0.02060728 -0.0274552 0.04867253 -0.01594988 -0.02690657 0.04900007 -0.007824978 -0.02879646 0.03307128 -0.03561265 -0.003426287 0.03271082 -0.03679426 -0.004741184 0.0323532 -0.03832735 -0.005656217 0.03201061 -0.04012609 -0.006136279 0.03141941 -0.04413466 -0.006851885 -0.004536221 -0.04876148 0.005221189 -2.840735e-19 -0.04900016 0.005342321 0.004536221 -0.04876148 0.005221189 0.009038083 -0.04805241 0.004864051 0.01347131 -0.04688464 0.004280098 0.0175299 -0.04548468 0.002453665 0.01725067 -0.04589671 0.001528137 0.02567502 -0.04125262 -3.074693e-05 0.03342235 -0.03484821 -0.001794671 0.02601963 -0.04080835 0.00124561 0.02199582 -0.04324149 0.002464504 0.01780186 -0.0452747 0.00347772 0.03973667 -0.02763717 -0.005626983 0.03944874 -0.02879726 -0.007725538 0.03915313 -0.03051965 -0.009360707 0.03885983 -0.03270039 -0.01041369 0.03857888 -0.03521125 -0.01083623 0.03809402 -0.04063557 -0.01138992 0.04640028 -0.01696584 -0.01585389 0.04782054 -0.01274138 -0.01897026 0.04870114 -0.008440336 -0.02223449 0.04900008 -0.004101207 -0.02558075 0.04261531 -0.0229718 -0.005065194 0.04239525 -0.02364961 -0.007837629 0.04216077 -0.02503163 -0.01021516 0.04192002 -0.02705546 -0.01204888 0.04168117 -0.02959608 -0.01319992 0.04145236 -0.03250193 -0.01361228 0.04105749 -0.03871064 -0.0141131 0.04497478 -0.01863243 -0.003624422 0.04482939 -0.01865443 -0.007092695 0.04466738 -0.01945803 -0.01023927 0.04449476 -0.02107537 -0.01292744 0.04431752 -0.0234177 -0.01498753 0.04414167 -0.02633785 -0.01625924 0.04397322 -0.02965981 -0.01667799 0.04368252 -0.03669415 -0.01715194 2.398704e-19 -0.05108979 0.0009277982 0.0465093 -0.015102 -0.01282332 0.04787353 -0.0106224 -0.0155682 0.04871513 -0.006060248 -0.01843769 0.04900008 -0.001456951 -0.02137615 0.04871513 0.003146107 -0.02431517 0.03731673 -0.03094832 0.0008330618 0.03404752 -0.03451786 0.002065412 0.03375183 -0.03449249 5.864287e-05 0.03047486 -0.03775899 0.003167077 0.02663328 -0.04064025 0.00413575 0.02255808 -0.04313223 0.004968773 0.01828615 -0.04521017 0.005662457 0.01385511 -0.04685165 0.006212628 0.009303964 -0.04803934 0.006614188 0.004672218 -0.04875853 0.00686123 4.125685e-19 -0.049 0.006945532 -0.004672218 -0.04875853 0.00686123 -0.009303964 -0.04803934 0.006614188 -0.01385511 -0.04685165 0.006212628 -0.01828615 -0.04521017 0.005662457 -0.02255808 -0.04313223 0.004968773 -0.02663328 -0.04064025 0.00413575 -0.03047486 -0.03775899 0.003167077 -0.03404752 -0.03451786 0.002065412 -0.03731673 -0.03094832 0.0008330618 0.04787353 0.007707382 -0.02718649 0.04641673 0.01071169 -0.0325861 0.04656153 0.0133074 -0.02687788 0.04789892 0.008743742 -0.02434178 0.04872825 0.004653926 -0.01890929 0.04900009 -9.400177e-05 -0.0164459 0.04872825 -0.004842108 -0.01398304 0.04792326 -0.009547001 -0.01157573 0.04661161 -0.01416536 -0.009268994 0.04482939 0.01846146 -0.02580984 0.04661161 0.01397503 -0.02362844 0.04792326 0.009358162 -0.02131838 0.02663328 0.040656 -0.02620596 0.03047486 0.03778039 -0.02523487 0.04670343 -0.0141228 -0.005347899 0.0479679 -0.009481197 -0.007171184 0.04874003 -0.004751076 -0.009071065 0.04900009 2.330017e-05 -0.01101314 0.04874003 0.004797558 -0.0129557 0.0479679 0.009527231 -0.01485719 0.04670343 0.01416782 -0.01668352 0.04497478 0.01867563 -0.01841166 0.0428128 0.02300757 -0.02002674 0.04024938 0.02712248 -0.02152121 0.03731673 0.03098049 -0.02288954 0.03462978 0.03336238 -0.03255727 -0.01862787 0.04525476 -0.007125659 -0.01414677 0.04687911 -0.007419207 -0.009658337 0.04805183 -0.007928338 0.01862787 0.04525476 -0.007125659 0.01414677 0.04687911 -0.007419207 0.009658337 0.04805183 -0.007928338 0.005164245 0.04876023 -0.008745993 -0.01999104 0.04437796 -0.03250704 0.03415481 -0.1148033 0.03490338 0.0267386 -0.1137565 0.04090529 0.01836926 -0.112942 0.04534724 0.009349575 -0.112418 0.04807804 0.02977312 -0.08668123 0.03442159 0.02595527 -0.08591909 0.03702432 0.02606437 -0.08889686 0.03864708 0.03357666 -0.09363265 0.03406078 0.0299965 -0.09283413 0.03714719 0.02627504 -0.09551868 0.04068018 -2.798339e-18 -0.09709044 0.04897577 0.009192391 -0.09733225 0.04806797 0.01808294 -0.09802105 0.04538085 0.02637579 -0.0990935 0.04100454 0.0337852 -0.100476 0.03507313 0.03368255 -0.09697708 0.03479316 0.03687728 -0.094495 0.03062926 0.03667208 -0.08843265 0.02816606 0.03968289 -0.08939839 0.02454908 0.03949604 -0.08430839 0.02098856 0.04235146 -0.09040824 0.02063299 0.04219929 -0.08532404 0.01727192 0.04463514 -0.0914509 0.0164433 0.04452312 -0.08637349 0.01327981 0.03892389 -0.07698865 0.005117872 0.03873852 -0.07603988 5.922766e-05 0.03220528 -0.07505143 0.004974989 0.03624251 -0.07952338 0.01949705 0.03602443 -0.07724527 0.01373218 0.03266285 -0.07646891 0.01640757 0.03243131 -0.07569356 0.01035647 0.02504683 -0.07458906 0.01443016 0.02482496 -0.07420851 0.008758561 0.01685905 -0.07355982 0.01143288 0.03911378 -0.0780705 0.0107595 0.04440882 -0.08242713 0.009031848 0.04204404 -0.08142284 0.01280253 0.03930542 -0.08045133 0.01629667 0.03335679 -0.08752294 0.03146321 0.03645944 -0.08333782 0.02440823 0.008428146 -0.07297115 0.007868953 0.01669082 -0.07325933 0.006396675 0.0246118 -0.07371451 0.003901484 0.03198811 -0.07430748 0.0003426213 0.03856042 -0.07500286 -0.004326782 0.02450951 -0.0729696 0.001891772 0.0166101 -0.07258435 0.004319418 0.008383831 -0.07234105 0.005748224 -7.231556e-19 -0.0722573 0.006217062 -0.008340995 -0.07137335 0.003966534 -4.830101e-19 -0.07130166 0.004423865 0.008340995 -0.07137335 0.003966534 0.01653207 -0.07158216 0.002571476 0.02441064 -0.07191355 0.0001963444 0.03178317 -0.07234661 -0.003213751 0.03839235 -0.0728552 -0.007725426 0.04786364 -0.09359378 0.007371959 0.04871251 -0.09467866 0.002584494 0.04782925 -0.0885328 0.004585147 0.04870344 -0.08962702 -2.511369e-05 0.04779416 -0.08449484 0.0007629728 0.04869418 -0.08554315 -0.003645203 0.04775889 -0.08166619 -0.003867661 0.04868487 -0.08259809 -0.008064186 0.04772395 -0.07989061 -0.008688699 0.04867565 -0.08064108 -0.01269621 0.04768983 -0.07824852 -0.01312404 0.04866664 -0.07881787 -0.01699436 0.04765705 -0.07654972 -0.0170588 0.04865799 -0.07694643 -0.02083664 0.04762612 -0.07398526 -0.02020452 0.04864983 -0.07427446 -0.02394115 0.04759754 -0.07079726 -0.02246304 0.04864229 -0.07101908 -0.02620443 0.04757182 -0.06729984 -0.02386973 0.0486355 -0.06746458 -0.02764945 0.04754948 -0.06364641 -0.02447073 0.0486296 -0.06374714 -0.02830929 0.04862099 -0.05665064 -0.02846432 0.04900005 -0.05652191 -0.03250061 0.04899812 -0.05651264 -0.03250671 0.04574303 -0.05193742 -0.02084288 0.04577551 -0.05690533 -0.02090413 0.04350546 -0.05702952 -0.017547 0.04361174 -0.06344769 -0.01754207 0.04648894 -0.09251565 0.0120093 0.04641819 -0.087446 0.00903788 0.04634601 -0.08345395 0.005006379 0.04627345 -0.08074075 0.0001569232 0.04620155 -0.07914473 -0.004860586 0.04613136 -0.07768197 -0.009441179 0.04606392 -0.07615416 -0.01347684 0.04600028 -0.07369667 -0.01667248 0.04594149 -0.07057608 -0.01893503 0.04588859 -0.06713587 -0.02031191 0.04584262 -0.06354637 -0.02086195 0.04751686 -0.05677871 -0.02456358 0.04861683 -0.05094912 -0.02843769 0.04900008 -0.0957659 -0.002283359 0.04900008 -0.09072399 -0.004720387 0.04900008 -0.08659426 -0.008142954 0.04900007 -0.08353239 -0.01235482 0.04900007 -0.08139309 -0.01680252 0.04900007 -0.07938797 -0.02096843 0.04900006 -0.0773432 -0.02472333 0.04782925 -0.09291074 -0.01402572 0.04866664 -0.07995746 -0.02494245 0.04867565 -0.08214439 -0.02090877 0.04648894 -0.0990033 -0.01657557 0.04641819 -0.09398966 -0.01847815 0.04463514 -0.1000534 -0.02100916 0.04452312 -0.09504813 -0.02271963 0.04235146 -0.1010736 -0.02519831 0.04219929 -0.09607612 -0.02671113 0.03968289 -0.1020534 -0.02911379 0.03949604 -0.09706298 -0.03042709 0.03335679 -0.1038496 -0.03602671 0.03312895 -0.09887131 -0.03695174 0.03911378 -0.0889285 -0.03546659 0.04188798 -0.0880892 -0.03220456 0.04429393 -0.08721448 -0.02866512 0.04627345 -0.08631346 -0.02486599 0.04775889 -0.08539478 -0.02084175 0.04634601 -0.08972305 -0.02129174 0.04440882 -0.0907367 -0.02531672 0.04204404 -0.09172088 -0.02908676 0.03930542 -0.0926654 -0.03258014 0.03289651 -0.09439536 -0.03867387 0.03266285 -0.09046493 -0.04111312 0.009192391 -0.1172714 -0.0480918 0.01808294 -0.1166416 -0.04540395 0.02637579 -0.1156539 -0.04102741 0.03357666 -0.1090389 -0.03541099 0.0337852 -0.1143642 -0.03509647 0.03986322 -0.1073429 -0.02822645 0.04003424 -0.1128342 -0.02778445 0.04249831 -0.1064182 -0.0241747 0.04263759 -0.1120006 -0.02367451 0.04474325 -0.1054558 -0.01985359 0.04484579 -0.1111334 -0.01930242 0.04655721 -0.1044659 -0.01529534 0.04662197 -0.1102421 -0.01470264 0.04789682 -0.1034578 -0.01054231 0.0479283 -0.1093353 -0.009918201 0.04872127 -0.1024397 -0.005647168 0.04872958 -0.1084201 -0.005000622 0.04900009 -0.1014171 -0.000676505 0.04900009 -0.1075012 -1.284714e-05 0.04872127 -0.1003935 0.004294196 0.04872958 -0.1065814 0.004974959 0.04789682 -0.09937166 0.009189458 0.0479283 -0.1056625 0.009892642 0.04655721 -0.09835522 0.01394272 0.04662197 -0.1047473 0.01467728 0.04474325 -0.09735027 0.01850133 0.04484579 -0.103841 0.01927736 0.04249831 -0.09636498 0.02282291 0.04263759 -0.102951 0.02364983 0.03986322 -0.09540961 0.02687519 0.04003424 -0.1020867 0.02776023 0.03707191 -0.1012581 0.03157705 0.04406894 -0.07712164 -0.005999148 0.04396215 -0.07576209 -0.01014478 0.04386139 -0.07341031 -0.01340006 0.04376829 -0.07035683 -0.01567667 0.04368452 -0.06697369 -0.01703366 -0.02595527 -0.1053626 -0.04158719 -0.01757458 -0.1015583 -0.0459715 -0.01775107 -0.1065206 -0.04566545 -0.00891331 -0.1023003 -0.04828965 -0.009010202 -0.1072588 -0.04816005 2.906852e-18 -0.1025602 -0.04906903 2.902831e-18 -0.1075175 -0.04900115 0.004472414 -0.1024941 -0.04887372 0.004521963 -0.1074517 -0.04879017 0.00891331 -0.1023003 -0.04828965 0.009010202 -0.1072588 -0.04816005 0.01757458 -0.1015583 -0.0459715 -0.02637579 -0.1156539 -0.04102741 -0.01808294 -0.1166416 -0.04540395 -0.009192391 -0.1172714 -0.0480918 2.902763e-18 -0.1174921 -0.049 0.004615132 -0.1174359 -0.04877206 -0.008814462 -0.09767146 -0.04913383 2.952828e-18 -0.09791926 -0.04984513 0.004421864 -0.09785624 -0.04966711 0.008814462 -0.09767146 -0.04913383 -0.02527411 -0.09175615 -0.04554982 -0.01721351 -0.09274188 -0.04874158 -0.00871509 -0.09336837 -0.050664 3.039304e-18 -0.0935872 -0.05130487 0.004371047 -0.09353158 -0.05114474 0.00871509 -0.09336837 -0.050664 0.01721351 -0.09274188 -0.04874158 -0.03266285 -0.09046493 -0.04111312 -0.03911378 -0.0889285 -0.03546659 -0.04263759 -0.102951 0.02364983 -0.04484579 -0.103841 0.01927736 -0.04662197 -0.1047473 0.01467728 -0.0479283 -0.1056625 0.009892642 -0.04872958 -0.1065814 0.004974959 -0.04900009 -0.1075012 -1.284714e-05 -0.04872958 -0.1084201 -0.005000622 -0.0479283 -0.1093353 -0.009918201 -0.04662197 -0.1102421 -0.01470264 -0.04484579 -0.1111334 -0.01930242 -0.04263759 -0.1120006 -0.02367451 -0.04069646 -0.1555 0.02719124 -0.04057018 -0.1299649 0.02735764 -0.04003424 -0.1020867 0.02776023 -2.965621e-18 -0.1122339 0.0490003 -0.009349575 -0.112418 0.04807804 -0.01836926 -0.112942 0.04534724 -0.0267386 -0.1137565 0.04090529 -0.03415481 -0.1148033 0.03490338 -0.04249831 -0.09636498 0.02282291 -0.04474325 -0.09735027 0.01850133 -0.04655721 -0.09835522 0.01394272 -0.04789682 -0.09937166 0.009189458 -0.04872127 -0.1003935 0.004294196 -0.04900009 -0.1014171 -0.000676505 -0.04872127 -0.1024397 -0.005647168 -0.04789682 -0.1034578 -0.01054231 -0.04655721 -0.1044659 -0.01529534 -0.04474325 -0.1054558 -0.01985359 -0.04249831 -0.1064182 -0.0241747 -0.03986322 -0.1073429 -0.02822645 -0.03335679 -0.1038496 -0.03602671 -0.02573163 -0.1003936 -0.04216646 -0.01739452 -0.09696323 -0.04701016 -0.04235146 -0.09040824 0.02063299 -0.04463514 -0.0914509 0.0164433 -0.04648894 -0.09251565 0.0120093 -0.04786364 -0.09359378 0.007371959 -0.04871251 -0.09467866 0.002584494 -0.04900008 -0.0957659 -0.002283359 -0.04871251 -0.09685217 -0.007151169 -0.04786364 -0.09793337 -0.01193849 -0.04648894 -0.0990033 -0.01657557 -0.04463514 -0.1000534 -0.02100916 -0.04235146 -0.1010736 -0.02519831 -0.03968289 -0.1020534 -0.02911379 -0.03312895 -0.09887131 -0.03695174 -0.02550347 -0.09585071 -0.04350647 -0.0337852 -0.100476 0.03507313 -0.03368255 -0.09697708 0.03479316 -0.03707191 -0.1012581 0.03157705 -0.03687728 -0.094495 0.03062926 -0.04219929 -0.08532404 0.01727192 -0.04452312 -0.08637349 0.01327981 -0.04641819 -0.087446 0.00903788 -0.04782925 -0.0885328 0.004585147 -0.04870344 -0.08962702 -2.511369e-05 -0.04900008 -0.09072399 -0.004720387 -0.04870344 -0.09182003 -0.009415613 -0.04782925 -0.09291074 -0.01402572 -0.04641819 -0.09398966 -0.01847815 -0.04452312 -0.09504813 -0.02271963 -0.04219929 -0.09607612 -0.02671113 -0.03949604 -0.09706298 -0.03042709 -0.03289651 -0.09439536 -0.03867387 -0.04204404 -0.08142284 0.01280253 -0.04440882 -0.08242713 0.009031848 -0.04634601 -0.08345395 0.005006379 -0.04779416 -0.08449484 0.0007629728 -0.04869418 -0.08554315 -0.003645203 -0.04900008 -0.08659426 -0.008142954 -0.04869418 -0.08764452 -0.01264065 -0.04779416 -0.08868953 -0.01704866 -0.04634601 -0.08972305 -0.02129174 -0.04440882 -0.0907367 -0.02531672 -0.04204404 -0.09172088 -0.02908676 -0.03930542 -0.0926654 -0.03258014 -0.04734311 -0.07820804 -0.03312899 -0.04768983 -0.08052446 -0.02881259 -0.04866664 -0.07995746 -0.02494245 -0.04867565 -0.08214439 -0.02090877 -0.04900007 -0.07938797 -0.02096843 -0.04900007 -0.08139309 -0.01680252 -0.04866664 -0.07881787 -0.01699436 -0.04867565 -0.08064108 -0.01269621 -0.04768983 -0.07824852 -0.01312404 -0.04772395 -0.07989061 -0.008688699 -0.04613136 -0.07768197 -0.009441179 -0.04620155 -0.07914473 -0.004860586 -0.04406894 -0.07712164 -0.005999148 -0.04418008 -0.0784081 -0.001264862 -0.03892389 -0.07698865 0.005117872 -0.04188798 -0.07893452 0.007496695 -0.04429393 -0.07982767 0.003956572 -0.04627345 -0.08074075 0.0001569232 -0.04775889 -0.08166619 -0.003867661 -0.04868487 -0.08259809 -0.008064186 -0.04900007 -0.08353239 -0.01235482 -0.04868487 -0.0844659 -0.0166454 -0.04775889 -0.08539478 -0.02084175 -0.04627345 -0.08631346 -0.02486599 -0.04429393 -0.08721448 -0.02866512 -0.04188798 -0.0880892 -0.03220456 -0.03911378 -0.0780705 0.0107595 -0.03930542 -0.08045133 0.01629667 -0.03949604 -0.08430839 0.02098856 -0.03968289 -0.08939839 0.02454908 -0.03986322 -0.09540961 0.02687519 -0.03357666 -0.09363265 0.03406078 -0.03335679 -0.08752294 0.03146321 -0.03667208 -0.08843265 0.02816606 -0.03312895 -0.08242417 0.02751455 -0.03645944 -0.08333782 0.02440823 -0.03289651 -0.07865025 0.02239184 -0.03624251 -0.07952338 0.01949705 -0.03277962 -0.077347 0.0194729 -0.03602443 -0.07724527 0.01373218 -0.02977312 -0.08668123 0.03442159 -0.0299965 -0.09283413 0.03714719 -0.02606437 -0.08889686 0.03864708 -0.02173195 -0.08014167 0.03481398 -0.02193686 -0.0852478 0.03925565 -0.01766343 -0.08196183 0.03898944 -0.01775107 -0.08467788 0.04110226 -0.02595527 -0.08591909 0.03702432 -0.02573163 -0.08081477 0.03272998 -0.02954165 -0.08157934 0.0302928 -0.02561791 -0.07876956 0.0301124 -0.02930551 -0.07784326 0.02497086 0.01800343 -0.09438808 0.04501916 0.00914874 -0.09366219 0.04768189 -2.668916e-18 -0.09340737 0.04858134 -0.00914874 -0.09366219 0.04768189 -0.009192391 -0.09733225 0.04806797 -0.01800343 -0.09438808 0.04501916 -0.01808294 -0.09802105 0.04538085 -0.02627504 -0.09551868 0.04068018 -0.02637579 -0.0990935 0.04100454 0.02617109 -0.09211061 0.03986837 0.0179214 -0.09093141 0.04414293 0.009103706 -0.09017456 0.04676382 -2.678417e-18 -0.08990891 0.04764877 -0.009103706 -0.09017456 0.04676382 -0.0179214 -0.09093141 0.04414293 -0.02617109 -0.09211061 0.03986837 -0.01757458 -0.07957048 0.03653466 -0.00891331 -0.07877301 0.03885172 -0.01748483 -0.07754556 0.03376836 -0.02538873 -0.07588176 0.02410842 -0.02550347 -0.07711329 0.02722521 -0.01739452 -0.07592609 0.03072852 -0.008864041 -0.07676144 0.03598939 -2.464082e-18 -0.07849336 0.03963048 0.00896209 -0.08116008 0.04139937 0.01775107 -0.08467788 0.04110226 -0.03266285 -0.07646891 0.01640757 0.02193686 -0.0852478 0.03925565 0.02573163 -0.08081477 0.03272998 0.02173195 -0.08014167 0.03481398 0.02561791 -0.07876956 0.0301124 0.01748483 -0.07754556 0.03376836 0.01739452 -0.07592609 0.03072852 0.008814462 -0.07516592 0.032851 0.008764752 -0.07402656 0.02947764 -2.115388e-18 -0.07377308 0.03015304 -1.98395e-18 -0.07313887 0.02659776 -0.00871509 -0.07337469 0.0259576 -0.008616626 -0.07319443 0.01907042 -0.01703415 -0.07373769 0.01733443 -0.01685905 -0.07355982 0.01143288 -0.02482496 -0.07420851 0.008758561 -0.0246118 -0.07371451 0.003901484 -0.03198811 -0.07430748 0.0003426213 0.01766343 -0.08196183 0.03898944 0.00891331 -0.07877301 0.03885172 -2.381056e-18 -0.07648657 0.03673452 -0.008814462 -0.07516592 0.032851 -0.01730397 -0.07475048 0.0274558 -0.02527411 -0.07510291 0.02084507 -0.03243131 -0.07569356 0.01035647 0.01757458 -0.07957048 0.03653466 0.008864041 -0.07676144 0.03598939 -2.246594e-18 -0.07489958 0.03356162 -0.008764752 -0.07402656 0.02947764 -0.01721351 -0.07404877 0.02403642 -0.02504683 -0.07458906 0.01443016 -0.03220528 -0.07505143 0.004974989 -0.03873852 -0.07603988 5.922766e-05 -0.03856042 -0.07500286 -0.004326782 -0.04396215 -0.07576209 -0.01014478 -0.04386139 -0.07341031 -0.01340006 -0.04606392 -0.07615416 -0.01347684 -0.04600028 -0.07369667 -0.01667248 -0.04765705 -0.07654972 -0.0170588 -0.04762612 -0.07398526 -0.02020452 -0.04865799 -0.07694643 -0.02083664 -0.04864983 -0.07427446 -0.02394115 -0.04900006 -0.0773432 -0.02472333 -0.04376829 -0.07035683 -0.01567667 -0.04594149 -0.07057608 -0.01893503 -0.04759754 -0.07079726 -0.02246304 -0.04864229 -0.07101908 -0.02620443 -0.01783717 -0.08768004 0.04283446 -0.009057467 -0.08689932 0.04539888 -2.646067e-18 -0.08662532 0.04626415 0.009057467 -0.08689932 0.04539888 0.01783717 -0.08768004 0.04283446 -0.03839235 -0.0728552 -0.007725426 -0.03797595 -0.06325815 -0.01185397 -0.04096134 -0.06335126 -0.01453913 -0.04106021 -0.06681476 -0.01406301 -0.04368452 -0.06697369 -0.01703366 -0.04361174 -0.06344769 -0.01754207 -0.04588859 -0.06713587 -0.02031191 -0.04584262 -0.06354637 -0.02086195 -0.04757182 -0.06729984 -0.02386973 -0.04754948 -0.06364641 -0.02447073 -0.0486355 -0.06746458 -0.02764945 -0.04751686 -0.05677871 -0.02456358 -0.04577551 -0.05690533 -0.02090413 -0.04350546 -0.05702952 -0.017547 0.02550347 -0.07711329 0.02722521 0.01730397 -0.07475048 0.0274558 0.00871509 -0.07337469 0.0259576 -1.656985e-18 -0.07300489 0.01964585 -0.008520501 -0.07314716 0.01302058 -0.01669082 -0.07325933 0.006396675 -0.02450951 -0.0729696 0.001891772 -0.03178317 -0.07234661 -0.003213751 -0.03823707 -0.06993253 -0.01005696 -0.04117399 -0.07014146 -0.01271617 0.02954165 -0.08157934 0.0302928 0.03289651 -0.07865025 0.02239184 0.02930551 -0.07784326 0.02497086 0.03277962 -0.077347 0.0194729 0.02538873 -0.07588176 0.02410842 0.02527411 -0.07510291 0.02084507 0.01721351 -0.07404877 0.02403642 0.01703415 -0.07373769 0.01733443 0.008616626 -0.07319443 0.01907042 0.008520501 -0.07314716 0.01302058 -1.445982e-18 -0.07300375 0.01354436 -9.280494e-19 -0.07287163 0.008352742 -0.008428146 -0.07297115 0.007868953 -0.008383831 -0.07234105 0.005748224 -0.0166101 -0.07258435 0.004319418 -0.01653207 -0.07158216 0.002571476 -0.02441064 -0.07191355 0.0001963444 0.03312895 -0.08242417 0.02751455 -0.03809735 -0.0666609 -0.01140191 -0.03159384 -0.06954477 -0.00562159 -0.03142348 -0.06637621 -0.006980171 -0.02422479 -0.06921548 -0.002290136 -0.02405756 -0.06613521 -0.003672826 -0.0163854 -0.06896424 1.963438e-05 -0.01625343 -0.06595176 -0.001385623 -0.008260478 -0.06880645 0.001372881 -0.008188028 -0.06583672 -4.641382e-05 -2.066859e-19 -0.06875247 0.0018163 -2.066696e-19 -0.0657974 0.0003929281 0.008260478 -0.06880645 0.001372881 0.008188028 -0.06583672 -4.641382e-05 0.0163854 -0.06896424 1.963438e-05 0.01625343 -0.06595176 -0.001385623 0.02422479 -0.06921548 -0.002290136 0.02405756 -0.06613521 -0.003672826 0.03159384 -0.06954477 -0.00562159 0.03142348 -0.06637621 -0.006980171 0.03823707 -0.06993253 -0.01005696 0.03809735 -0.0666609 -0.01140191 0.04117399 -0.07014146 -0.01271617 0.04106021 -0.06681476 -0.01406301 -0.03127545 -0.06308641 -0.007403024 -0.02391226 -0.06294146 -0.004081734 -0.01613876 -0.06283128 -0.001786899 -0.008125075 -0.06276219 -0.0004420354 -3.675129e-19 -0.06273855 2.021982e-07 0.008125075 -0.06276219 -0.0004420354 0.01613876 -0.06283128 -0.001786899 0.02391226 -0.06294146 -0.004081734 0.03127545 -0.06308641 -0.007403024 0.03797595 -0.06325815 -0.01185397 0.04096134 -0.06335126 -0.01453913 0.04345404 -0.05241803 -0.0174784 0.04349345 -0.04421518 -0.01746571 0.04074714 -0.05288404 -0.01445067 0.04080067 -0.04543543 -0.01444277 0.03771293 -0.05333086 -0.01175727 0.03777866 -0.04660247 -0.01175149 0.03095473 -0.0541484 -0.007323517 0.03103489 -0.04872983 -0.007312996 0.02359745 -0.05483433 -0.004037396 0.02367613 -0.05050651 -0.004009931 0.01589032 -0.05535569 -0.001771892 0.01595241 -0.05185128 -0.00171821 0.007988687 -0.05568434 -0.0004400268 0.008022774 -0.05269579 -0.0003593052 -1.240152e-19 -0.05579786 1.159935e-06 3.802668e-19 -0.05298653 9.494011e-05 -0.007988687 -0.05568434 -0.0004400268 -0.008022774 -0.05269579 -0.0003593052 -0.01589032 -0.05535569 -0.001771892 -0.01595241 -0.05185128 -0.00171821 -0.02359745 -0.05483433 -0.004037396 -0.02367613 -0.05050651 -0.004009931 -0.03095473 -0.0541484 -0.007323517 -0.03103489 -0.04872983 -0.007312996 -0.03771293 -0.05333086 -0.01175727 -0.03777866 -0.04660247 -0.01175149 -0.04074714 -0.05288404 -0.01445067 -0.04080067 -0.04543543 -0.01444277 -0.04345404 -0.05241803 -0.0174784 -0.04349345 -0.04421518 -0.01746571 -0.04574303 -0.05193742 -0.02084288 -0.04576792 -0.04295354 -0.02082311 -0.04750107 -0.05144649 -0.02451661 -0.04751317 -0.04166191 -0.0244879 -0.04861683 -0.05094912 -0.02843769 -0.04862002 -0.04035102 -0.02839872 -0.04900005 -0.05044872 -0.03249793 -0.04900005 -0.03903088 -0.03244804 -0.04899389 -0.05042223 -0.0325047 -0.04898348 -0.03719897 -0.03251265 -0.04834925 -0.07507448 -0.03277989 -0.04835855 -0.07507617 -0.0327578 -0.04886006 -0.07030019 -0.03271772 0.0484705 -0.07210602 -0.03297127 0.01928685 0.0441589 -0.033 0.01929754 0.04435183 -0.03296674 0.02349262 0.0421341 -0.03296714 -0.04858156 -0.07028849 -0.03296972 -0.04811016 -0.07393721 -0.033 -0.04809445 -0.07502792 -0.03296101 -0.04794856 -0.07496157 -0.033 -0.04794157 -0.07499999 -0.033 -0.04867351 -0.06555711 -0.03296708 -0.04845061 -0.06909867 -0.033 -0.04836761 -0.07027829 -0.033 -0.04868001 -0.03719899 -0.03296641 -0.04849976 -0.05610399 -0.033 -0.04868067 -0.05610399 -0.03296623 -0.0485 -0.05705415 -0.033 -0.04846513 -0.06555629 -0.033 -0.048385 -0.008526882 -0.033 -0.04838699 -0.008842235 -0.033 -0.04856655 -0.008837765 -0.03296903 -0.0484465 -0.01829437 -0.033 -0.04865321 -0.01829367 -0.03296791 -0.04849185 -0.02549738 -0.033 -0.04849487 -0.03719902 -0.033 -0.04792694 -0.000658726 -0.033 -0.04796584 0.0005927033 -0.03297124 -0.04776369 0.0005695618 -0.033 -0.04730921 0.005247156 -0.0329721 -0.04714155 0.005250523 -0.033 -0.0463518 0.009845788 -0.03297268 -0.0461583 0.009799356 -0.033 -0.04594444 0.0107887 -0.033 -0.04505581 0.01438146 -0.03297299 -0.04484935 0.01431471 -0.033 -0.04431857 0.01602373 -0.033 -0.04339322 0.01883442 -0.032973 -0.04318497 0.01874695 -0.033 -0.04225548 0.02097985 -0.033 -0.04137106 0.0231087 -0.0329727 -0.04117101 0.0230026 -0.033 -0.03979802 0.02556349 -0.033 -0.03897948 0.0271797 -0.03297209 -0.03879207 0.02705646 -0.033 -0.03694074 0.02980412 -0.033 -0.03619875 0.0310349 -0.03297121 -0.03602638 0.03089563 -0.033 -0.03366571 0.03371365 -0.033 -0.03306609 0.03458894 -0.03297011 -0.03291335 0.03443813 -0.033 -0.03005007 0.03719534 -0.033 -0.02961331 0.03779496 -0.0329688 -0.02948014 0.0376355 -0.033 -0.02604283 0.04029016 -0.033 -0.02583195 0.04064841 -0.0329676 -0.02572284 0.04048554 -0.033 -0.02176316 0.04311376 -0.03296692 -0.0216603 0.04296602 -0.033 -0.01749943 0.04514503 -0.03296665 -0.01742278 0.04496304 -0.033 -0.008419555 0.04787786 -0.03296636 -0.01237743 0.04674899 -0.033 -0.01304405 0.0467406 -0.03296648 -0.01298223 0.04653979 -0.033 -0.01709687 0.04511663 -0.033 -0.003742297 0.04852037 -0.03296626 -0.007488889 0.04786285 -0.033 -0.008376536 0.0476606 -0.033 0.00097093 0.04848186 -0.033 0.0002648679 0.04849544 -0.033 0.0009749377 0.04866625 -0.03296623 -0.002720157 0.04841341 -0.033 -0.003722052 0.04829773 -0.033 0.001449059 0.04847268 -0.033 0.005722841 0.0483092 -0.03296631 0.005699089 0.04812196 -0.033 0.01037694 0.04745881 -0.03296641 0.01033136 0.0472624 -0.033 0.005872339 0.04810767 -0.033 0.01490142 0.04613806 -0.03296655 0.01499813 0.04591363 -0.033 0.01484005 0.04596088 -0.033 0.01075286 0.0471825 -0.033 0.02741023 0.03931191 -0.033 0.02347099 0.04193949 -0.033 0.02339971 0.0419773 -0.033 0.03110296 0.03625698 -0.033 0.03092955 0.03640045 -0.033 0.03105258 0.03653648 -0.03296937 0.02741177 0.03952965 -0.03296806 0.03426194 0.03302957 -0.033 0.03440346 0.0331579 -0.03297059 0.03458541 0.03269909 -0.033 0.03738189 0.02948957 -0.03297161 0.03721876 0.02936811 -0.033 0.03774831 0.02869826 -0.033 0.03998404 0.0255721 -0.03297237 0.0397997 0.02546003 -0.033 0.04053527 0.0242989 -0.033 0.04222646 0.02141606 -0.03297285 0.04202106 0.02131585 -0.033 0.04296719 0.01941631 -0.033 0.04410964 0.0170505 -0.03297304 0.04389182 0.01696753 -0.033 0.0449936 0.01404963 -0.033 0.04561803 0.01257194 -0.0329729 0.04540658 0.01251116 -0.033 0.04657451 0.008160243 -0.033 0.04677714 0.00799715 -0.03297248 0.04660884 0.007961372 -0.033 0.04760549 0.002187023 -0.033 0.04816212 -0.001378199 -0.0329708 0.04793352 -0.001398733 -0.033 0.0482195 -0.004524847 -0.033 0.04860769 -0.01081063 -0.03296864 0.04838402 -0.01081457 -0.033 0.04846232 -0.01380836 -0.033 0.0486587 -0.0202403 -0.03296773 0.04847674 -0.02024085 -0.033 0.04849564 -0.02867489 -0.033 0.0486804 -0.0390977 -0.03296633 0.04849736 -0.03909746 -0.033 0.04850004 -0.05523303 -0.033 0.04868072 -0.05795424 -0.03296622 0.0484882 -0.05795438 -0.033 0.04865879 -0.06738465 -0.03296785 0.04844721 -0.06738239 -0.033 0.04843786 -0.06953437 -0.033 0.04822938 -0.07208689 -0.033 0.04803785 -0.07443188 -0.033 0.04863043 -0.07211853 -0.03287784 0.04874542 -0.07212753 -0.03273218 0.04894054 -0.06738796 -0.03270024 0.04896455 -0.05795423 -0.03268507 0.0488882 -0.01080636 -0.0327077 0.04894061 -0.02023963 -0.03269914 0.04896411 -0.03909769 -0.03268605 0.04704415 0.008054445 -0.03274354 0.04587914 0.01264855 -0.03274742 0.04843776 -0.001353955 -0.03272786 0.04021844 0.02571272 -0.0327425 0.03760348 0.0296525 -0.03273535 0.04247151 0.02153462 -0.03274702 0.04436352 0.01714751 -0.0327487 0.03460966 0.03334303 -0.03272588 0.03124054 0.03674312 -0.03271452 0.02757902 0.03975598 -0.03270223 0.02363701 0.04237716 -0.0326936 0.01941719 0.04460853 -0.03268987 0.01499461 0.04640576 -0.03268812 0.01044239 0.04773478 -0.03268677 0.005759121 0.04859061 -0.03268588 0.0009811163 0.04895 -0.03268516 -0.003766036 0.04880316 -0.03268544 -0.008472802 0.04815648 -0.03268635 -0.01312592 0.04701204 -0.03268749 -0.0218974 0.04336291 -0.03269155 -0.01760831 0.04540659 -0.03268911 -0.02599001 0.04088205 -0.03269797 -0.02979318 0.03800989 -0.03270917 -0.03326512 0.03478308 -0.03272137 -0.03641433 0.03120702 -0.03273171 -0.039209 0.02732929 -0.03273992 -0.04161208 0.02323603 -0.03274554 -0.04531417 0.01446612 -0.03274831 -0.04364373 0.01894003 -0.03274838 -0.04661658 0.009910712 -0.03274539 -0.04757919 0.005293707 -0.03273996 -0.04884638 -0.008830613 -0.03271127 -0.04823999 0.0006229825 -0.03273193 -0.04893485 -0.01829289 -0.03270085 -0.0489563 -0.06555822 -0.03269307 -0.04896449 -0.05610399 -0.03268518 -0.04896363 -0.03719895 -0.0326868 -0.04817397 -0.07504245 -0.03294073 -0.0487453 -0.07029537 -0.03287096 -0.04884294 -0.06555778 -0.03285915 -0.04885179 -0.05610399 -0.03285535 -0.04885079 -0.03719896 -0.03285614 -0.04882093 -0.01829321 -0.03286289 -0.04873187 -0.008833533 -0.03286788 -0.04812535 0.0006103165 -0.03287772 -0.04746536 0.005274127 -0.03288152 -0.04650438 0.009883204 -0.03288409 -0.04520439 0.01443014 -0.03288547 -0.04353728 0.01889516 -0.0328855 -0.04150991 0.02318203 -0.03288416 -0.03911226 0.02726624 -0.0328815 -0.0363242 0.03113506 -0.03287761 -0.03318281 0.03470274 -0.0328727 -0.02972008 0.03792186 -0.03286688 -0.02592629 0.04078786 -0.03286151 -0.02184368 0.04326322 -0.03285842 -0.01756487 0.04530224 -0.03285725 -0.01309332 0.04690395 -0.03285647 -0.008451638 0.04804569 -0.03285592 -0.003756692 0.04869084 -0.03285548 0.000978664 0.04883733 -0.03285535 0.005744701 0.04847876 -0.03285569 0.01041635 0.04762499 -0.03285612 0.0149575 0.04629908 -0.03285677 0.0193694 0.04450602 -0.03285762 0.02357909 0.04227967 -0.03285941 0.02751129 0.03966426 -0.03286355 0.03116335 0.03665825 -0.03286943 0.03452396 0.03326608 -0.03287484 0.03751048 0.02958409 -0.03287934 0.04011939 0.0256533 -0.03288272 0.04236751 0.02148431 -0.03288486 0.04425559 0.01710629 -0.03288565 0.04576824 0.01261605 -0.03288505 0.04693121 0.008030215 -0.03288322 0.04832296 -0.001363968 -0.03287579 0.04877386 -0.0108081 -0.03286617 0.04882681 -0.02023985 -0.03286207 0.04885133 -0.03909779 -0.03285578 0.04885186 -0.05795416 -0.0328553 0.04882667 -0.06738664 -0.0328626 0.02286483 -0.08539557 -0.05071145 0.02706639 -0.08539849 -0.04859501 0.02707078 -0.08553896 -0.04860274 0.02286888 -0.08553535 -0.05072035 0.01849353 -0.08553132 -0.05242825 0.01849007 -0.08539233 -0.05241807 -0.0344565 -0.08554157 -0.04337476 -0.03443082 -0.08530241 -0.04334544 -0.03109146 -0.08540043 -0.04602956 -0.0343535 -0.08514564 -0.04325718 -0.03433838 -0.08511501 -0.04323993 -0.03101079 -0.08514415 -0.04591669 0.03107707 -0.08554135 -0.04604898 0.03107224 -0.08540041 -0.04604223 0.03092568 -0.08506015 -0.04583697 0.03075472 -0.085 -0.04559454 0.03185018 -0.085 -0.04486024 0.02746732 -0.085 -0.04779809 0.02694194 -0.08505989 -0.04837552 0.02680818 -0.085 -0.04813652 0.02276233 -0.08505949 -0.05048075 0.02264543 -0.085 -0.05027389 0.01840897 -0.08505904 -0.05217886 0.01831851 -0.085 -0.05191671 0.01744978 -0.085 -0.05224655 0.013891 -0.08505861 -0.05349151 0.01381757 -0.085 -0.05319578 0.01184371 -0.085 -0.05371163 0.00928814 -0.08505827 -0.05441438 0.009240429 -0.085 -0.05411045 0.006055079 -0.085 -0.05459845 0.004653487 -0.08505805 -0.05495897 0.004632699 -0.085 -0.0546733 0.0002465641 -0.085 -0.0549041 -1.196076e-05 -0.08505797 -0.05513824 -1.138999e-05 -0.085 -0.05489272 -0.004708427 -0.08505805 -0.05495422 -0.004688581 -0.085 -0.05468626 -0.005531214 -0.085 -0.05464907 -0.00937463 -0.08505827 -0.05440064 -0.009329377 -0.085 -0.05411071 -0.01110121 -0.085 -0.05385957 -0.01396297 -0.08505862 -0.05347442 -0.01389122 -0.085 -0.05318129 -0.01637856 -0.085 -0.05257659 -0.01847051 -0.08505904 -0.05215796 -0.01837294 -0.085 -0.05187351 -0.02139765 -0.085 -0.0508072 -0.02285319 -0.08505949 -0.05043961 -0.02273295 -0.085 -0.05017373 -0.02603126 -0.085 -0.048609 -0.0270159 -0.0850599 -0.04833353 -0.02687632 -0.085 -0.04809114 -0.03428089 -0.08507256 -0.04317431 -0.0342779 -0.08507035 -0.04317089 -0.03094488 -0.08506016 -0.04582426 -0.03420085 -0.08501347 -0.04308295 -0.034198 -0.08501136 -0.04307969 -0.03022901 -0.085 -0.04603661 -0.03078559 -0.085 -0.04560315 -0.03412818 -0.085 -0.043 -0.03106219 -0.08526196 -0.04598869 -0.03441344 -0.08526717 -0.0433256 -0.034412 -0.08526426 -0.04332396 -0.03109638 -0.08554138 -0.04603619 -0.02714514 -0.08553902 -0.0485605 -0.02296022 -0.08553542 -0.05067898 -0.01402608 -0.08552755 -0.05373112 -0.01855537 -0.08553137 -0.05240723 -0.009416449 -0.08552445 -0.05466247 -0.004729229 -0.08552241 -0.05521907 0.00931944 -0.08525278 -0.05461227 0.01393865 -0.08525445 -0.05368643 0.013951 -0.08538926 -0.05373698 0.009327629 -0.08538679 -0.05466404 0.004668945 -0.0852517 -0.05515851 0.004673028 -0.08538518 -0.05521101 -1.200034e-05 -0.08525132 -0.05533833 -1.201077e-05 -0.08538461 -0.05539107 -0.0047241 -0.08525171 -0.05515377 -0.004728223 -0.0853852 -0.05520625 -0.009406231 -0.08525281 -0.0545985 -0.009414497 -0.08538683 -0.05465024 -0.01401082 -0.08525448 -0.05366928 -0.01402326 -0.08538932 -0.05371981 -0.01853529 -0.08525654 -0.05234826 -0.01855191 -0.08539238 -0.05239706 -0.0229354 -0.08525873 -0.05062347 -0.02295624 -0.08539563 -0.05067007 -0.02711571 -0.08526068 -0.04850883 -0.02714074 -0.08539853 -0.04855279 0.009329564 -0.0855244 -0.05467628 0.004674048 -0.08552239 -0.05522385 -1.201334e-05 -0.08552168 -0.05540409 0.03104302 -0.08526195 -0.0460013 0.02704143 -0.08526065 -0.04855099 0.02284406 -0.08525869 -0.05066481 0.01847352 -0.08525651 -0.05236923 0.01395377 -0.08552749 -0.05374831 0.03099162 -0.08514415 -0.04592932 0.02699781 -0.08514345 -0.04847405 0.02280814 -0.08514241 -0.05058398 0.01844512 -0.08514124 -0.05228548 0.01391765 -0.08514014 -0.05360054 0.00930563 -0.08513924 -0.05452495 0.004662112 -0.08513866 -0.05507039 -1.198286e-05 -0.08513846 -0.05524994 -0.004717179 -0.08513867 -0.05506565 -0.009392289 -0.08513926 -0.0545112 -0.01398973 -0.08514015 -0.05358342 -0.01850679 -0.08514126 -0.05226454 -0.0228993 -0.08514243 -0.05054272 -0.02707194 -0.08514348 -0.04843196 -0.02875052 0.03887273 -0.033 -0.02915776 0.03851209 -0.033 -0.03167688 0.0362813 -0.033 -0.03245342 0.03559365 -0.033 -0.02791137 0.03947058 -0.033 -0.02476829 0.04170988 -0.033 -0.02388834 0.04220666 -0.033 -0.02049104 0.04412463 -0.033 0.03970564 0.02641643 -0.033 0.0417022 0.02302008 -0.033 -0.04282256 0.02074697 -0.033 -0.01965444 0.04451915 -0.033 -0.01867601 0.04498057 -0.033 -0.01520707 0.04631607 -0.033 -0.01411892 0.046735 -0.033 -0.01063326 0.04767486 -0.033 -0.009456775 0.04799208 -0.033 -0.00596174 0.04854884 -0.033 -0.004700985 0.0487497 -0.033 -0.03360813 0.03441754 -0.033 -0.03513715 0.03263031 -0.033 -0.03683913 0.03064091 -0.033 -0.03829414 0.02854682 -0.033 -0.03865606 0.02802592 -0.033 -0.03969292 0.02653364 -0.033 -0.04110659 0.02400538 -0.033 -0.0421683 0.02210655 -0.033 -0.003435109 0.04886476 -0.033 -0.001229466 0.04894922 -0.033 -4.903603e-12 0.04899631 -0.033 0.03901915 0.02758422 -0.033 -0.04834883 -0.075 -0.033 -0.04328874 0.01960416 -0.033 -0.04354698 0.01897112 -0.033 -0.04484192 0.0157967 -0.033 0.03875924 0.02797239 -0.033 0.03858746 0.02822893 -0.033 0.03670641 0.03071346 -0.033 0.03554006 0.03225401 -0.033 0.03338249 0.03456695 -0.033 0.03213754 0.03590156 -0.033 0.02975324 0.03797173 -0.033 0.02912165 0.03852009 -0.033 0.0283765 0.03916707 -0.033 0.04458399 0.01633648 -0.033 0.0439487 0.01815178 -0.033 0.04327647 0.01960854 -0.033 0.04233896 0.02164016 -0.033 0.02785731 0.03956553 -0.033 0.0258506 0.04092306 -0.033 0.02381761 0.04229836 -0.033 0.02170958 0.04342411 -0.033 0.01950671 0.04460051 -0.033 0.01736449 0.04547207 -0.033 0.01493758 0.04645945 -0.033 0.047288 0.006782765 -0.033 0.04640814 0.01037102 -0.033 0.04585287 0.01263554 -0.033 0.04579123 0.01288691 -0.033 -0.0475718 0.005266602 -0.033 -0.04803677 0.001862446 -0.033 0.003525621 0.04880544 -0.033 0.004850545 0.04873371 -0.033 0.008231848 0.04818275 -0.033 0.009624805 0.04795578 -0.033 0.01285996 0.04706896 -0.033 0.01432227 0.04666812 -0.033 0.04834883 -0.075 -0.033 0.04847259 -0.07403503 -0.033 -0.04558606 0.0133595 -0.033 -0.0457847 0.01270891 -0.033 -0.04641823 0.010634 -0.033 -0.04720072 0.006993155 -0.033 -0.0472275 0.006868566 -0.033 0.04779076 0.003438661 -0.033 0.04730467 0.006714801 -0.033 0.04846644 -0.002447521 -0.033 0.04830137 -2.747059e-06 -0.033 0.04802113 0.001885975 -0.033 -0.04833256 -0.0003030204 -0.033 -0.0483602 -0.000586202 -0.033 -0.04841235 -0.001120453 -0.033 -0.04849469 -0.002517855 -0.033 -0.04872468 -0.006420588 -0.033 -0.04884326 -0.008432766 -0.033 0.04886423 -0.009971639 -0.033 0.04892729 -0.01309522 -0.033 0.0489277 -0.01328366 -0.033 0.04894031 -0.0191215 -0.033 0.04865707 -0.07259668 -0.033 0.04877077 -0.07171015 -0.033 0.04883244 -0.07028826 -0.033 0.04895405 -0.06748374 -0.033 0.04881721 -0.007642453 -0.033 0.04873838 -0.006474873 -0.033 0.04868194 -0.005639052 -0.033 -0.04846158 -0.07403637 -0.033 -0.04882658 -0.0709167 -0.033 -0.04884008 -0.07028912 -0.033 -0.04890943 -0.06706315 -0.033 -0.04892399 -0.06638594 -0.033 -0.04899416 -0.04891424 -0.033 -0.04899212 -0.05502553 -0.033 -0.04898967 -0.06237751 -0.033 -0.04898935 -0.06334586 -0.033 0.04896566 -0.03085398 -0.033 0.04899422 -0.05503003 -0.033 0.04899425 -0.05715315 -0.033 0.04899419 -0.05095339 -0.033 0.04899416 -0.04404506 -0.033 0.04899136 -0.04274708 -0.033 -0.04893752 -0.01601187 -0.033 -0.04890096 -0.01307178 -0.033 -0.04886191 -0.009931615 -0.033 -0.04894365 -0.01650511 -0.033 -0.04894781 -0.01917014 -0.033 -0.04896598 -0.03083334 -0.033 -0.04898449 -0.0427074 -0.033 0.04896253 -0.06637657 -0.033 0.04899106 -0.06265378 -0.033 0.04899122 -0.06237658 -0.033 0.03546684 -0.085 -0.0430413 0.035517 -0.085 -0.043 0.03184101 -0.085 -0.04602671 -0.035517 -0.085 -0.043 -0.03378461 -0.085 -0.04447489 0.02821831 -0.085 -0.0483983 0.02780226 -0.085 -0.04867066 0.0249183 -0.085 -0.05021702 0.02431445 -0.085 -0.05047666 0.02014423 -0.085 -0.05226967 0.01610891 -0.085 -0.05354314 0.01510532 -0.085 -0.05385984 0.01066045 -0.085 -0.05484003 0.007565632 -0.085 -0.05524613 0.005154135 -0.085 -0.05556256 3.304344e-18 -0.085 -0.05577888 -0.001123831 -0.085 -0.0557293 -0.005415281 -0.085 -0.05553997 -0.03296427 -0.085 -0.0451733 -0.03015541 -0.085 -0.04714791 -0.02913426 -0.085 -0.04786576 -0.02633919 -0.085 -0.04942802 -0.02499825 -0.085 -0.05017751 -0.02236436 -0.085 -0.05132667 -0.02056842 -0.085 -0.05211024 -0.01826379 -0.085 -0.05286587 -0.01582829 -0.085 -0.05366442 -0.01406618 -0.085 -0.05406587 -0.01069671 -0.085 -0.05483352 -0.009797433 -0.085 -0.05495381 0.04234795 0.02130441 -0.03397871 0.04222734 0.01962433 -0.03736696 0.03947738 0.02360457 -0.03973536 -0.004381724 -0.05203054 -0.06486963 -0.002057704 -0.05284273 -0.06493945 -0.009237867 -0.05289711 -0.06441489 -0.001051807 -0.04527928 -0.06496216 -0.001056935 -0.04816392 -0.06496213 -0.005245697 -0.04672372 -0.06481102 0.005936984 -0.0497087 -0.06475864 0.005936984 -0.04285167 -0.06475677 0.007101786 -0.04244704 -0.06463091 -0.004403058 -0.02095958 -0.06486285 -0.001577663 -0.02095958 -0.06498214 -0.005142635 -0.02390494 -0.06475147 3.159147e-12 -0.01052507 -0.06500086 0.002606651 -0.01142914 -0.06488851 -0.001073356 -0.01134562 -0.06499238 -0.0085368 0.008722195 -0.06440657 -0.009633493 0.008618319 -0.06431499 -0.009632188 0.008722031 -0.06428357 0.004300691 0.01491224 -0.06486263 0.003518094 0.01408873 -0.06490995 0.003201226 0.01397238 -0.06492475 -0.001562055 0.04402268 -0.05148665 -0.001187724 0.04372683 -0.05194625 -0.001179308 0.04139204 -0.05492908 -0.04893307 -0.06239555 -0.03409295 -0.04893753 -0.01905205 -0.03324635 -0.04723419 0.00695611 -0.03313012 -0.04107898 0.02330653 -0.03507032 -0.03833101 0.02852639 -0.03326484 -0.03510511 0.03226848 -0.03502461 -0.02792273 0.03947955 -0.03339867 0.04457922 0.01543267 -0.03478788 0.04642716 0.009188095 -0.03473481 0.04780549 0.0003537185 -0.03568996 0.048705 -0.008824131 -0.0343865 0.04869849 -0.01165991 -0.03490425 0.04866919 -0.06646913 -0.03561794 0.0486753 -0.07035057 -0.03428185 0.03854113 -0.08214696 -0.04273995 -0.01390522 -0.0804841 -0.05698445 -0.04697869 -0.05843924 -0.04174071 -0.04726561 -0.05877316 -0.04107233 -0.04821387 -0.05475241 -0.03829976 -0.04734703 -0.0589328 -0.04086586 -0.04752973 -0.05929099 -0.04040259 -0.04760747 -0.05957448 -0.040193 -0.04764505 -0.05985427 -0.04008747 -0.04823013 -0.06246731 -0.03812391 -0.04765 -0.06 -0.04007178 -0.04763175 -0.06027956 -0.04011682 -0.04756749 -0.06058991 -0.04028319 -0.04739384 -0.06101779 -0.04072003 -0.04735268 -0.06106794 -0.0408138 -0.04681796 -0.06253847 -0.04196678 -0.04457499 -0.05805916 -0.04599894 -0.04474398 -0.05802209 -0.04573646 -0.04471968 -0.05433167 -0.04578583 -0.045501 -0.05785599 -0.04456067 -0.04552751 -0.05785017 -0.0445195 -0.04566642 -0.05785645 -0.04428539 -0.04677393 -0.05454005 -0.04218686 -0.0465695 -0.05815225 -0.04260003 -0.046634 -0.05817338 -0.04247967 -0.04678939 -0.05829323 -0.04214653 -0.04479902 -0.06260847 -0.0455336 -0.04478263 -0.06198074 -0.04558558 -0.04455614 -0.06193174 -0.04594097 -0.04228783 -0.06267658 -0.04877783 -0.04443657 -0.06184527 -0.04611308 -0.04396095 -0.06150128 -0.04679773 -0.0436457 -0.06106957 -0.04723455 -0.04360148 -0.06100902 -0.04729583 -0.04341955 -0.06054243 -0.04754558 -0.04335206 -0.06009418 -0.04764172 -0.04335 -0.06 -0.04764596 -0.04341145 -0.05948965 -0.0475733 -0.04222059 -0.05825188 -0.04899645 -0.04357347 -0.05904555 -0.04736727 -0.04365072 -0.05893356 -0.04726584 -0.04392349 -0.05853811 -0.04690765 -0.04217148 -0.05412927 -0.04904944 -0.04443956 -0.05815872 -0.04618784 -0.04686819 -0.06165848 -0.04191768 -0.04680782 -0.06168745 -0.04203437 -0.04654954 -0.06181141 -0.04253358 -0.045938 -0.06210491 -0.0437156 -0.04556101 -0.06214913 -0.0443642 -0.04550223 -0.06213642 -0.04445643 0.04069843 -0.05402776 -0.05059828 0.04345779 -0.05422627 -0.04751485 0.04351094 -0.05922358 -0.04744661 0.04341894 -0.05945992 -0.0475639 0.04335213 -0.05990442 -0.04764471 0.04083286 -0.06271076 -0.05032131 0.04353081 -0.06083662 -0.04739284 0.04355639 -0.06264392 -0.04725104 0.04341276 -0.06051566 -0.04755498 0.04335 -0.06 -0.04764596 0.04443706 -0.05815518 -0.04619246 0.04393983 -0.05852068 -0.04688573 0.04580362 -0.05787745 -0.04404514 0.04549972 -0.0578551 -0.04456268 0.04578235 -0.05443182 -0.04408524 0.04544122 -0.0578508 -0.04466231 0.0445536 -0.05806949 -0.04602996 0.04364528 -0.05893007 -0.04727353 0.04360155 -0.05899085 -0.0473311 0.04755409 -0.05464236 -0.04033888 0.04757046 -0.05942901 -0.04029335 0.04756362 -0.0593967 -0.04031207 0.04735676 -0.0589291 -0.04084358 0.04680873 -0.0582942 -0.04211287 0.04737866 -0.05895446 -0.04079288 0.04655409 -0.05818224 -0.04260651 0.04587245 -0.05788251 -0.04392793 0.04763186 -0.06027869 -0.04011652 0.04765 -0.06 -0.04007178 0.04866398 -0.06243266 -0.03619094 0.04763109 -0.05971545 -0.0401274 0.0486568 -0.05485598 -0.03634196 0.04730532 -0.06116761 -0.04093412 0.0475834 -0.06250416 -0.04013881 0.04704539 -0.06149474 -0.04153251 0.04670954 -0.0617775 -0.04224898 0.04734897 -0.06106897 -0.04082558 0.04757482 -0.06055855 -0.04026393 0.04757825 -0.0605508 -0.04025541 0.04357611 -0.06095976 -0.04733063 0.04365065 -0.06106639 -0.04722749 0.04393778 -0.06147715 -0.0468302 0.04444341 -0.06183493 -0.04610061 0.04462678 -0.06196468 -0.04583602 0.04584404 -0.0625748 -0.04384695 0.04550292 -0.06212955 -0.0444522 0.04559937 -0.0621477 -0.04429986 0.04577704 -0.06213207 -0.04399712 0.0458357 -0.06210977 -0.04388716 0.04656276 -0.06183331 -0.04252415 -0.04826598 -0.07530169 -0.03302988 -0.04827134 -0.07410406 -0.03400067 -0.04781014 -0.07696144 -0.03319425 -0.0469296 -0.0743761 -0.03772587 -0.04695692 -0.07858152 -0.03370904 -0.04708301 -0.07837817 -0.03363047 -0.0469758 -0.07767893 -0.03480877 -0.04748582 -0.0777285 -0.03337944 -0.0475695 -0.07753061 -0.03333166 -0.04641879 -0.07944942 -0.0340444 -0.04508343 -0.07804541 -0.03833207 -0.04597578 -0.07998869 -0.03433322 -0.04283511 -0.08139178 -0.03821332 -0.0428881 -0.08267326 -0.03661772 -0.04379395 -0.08201867 -0.03591357 -0.04418891 -0.08173327 -0.03560655 -0.04504726 -0.08089523 -0.03499489 -0.04514695 -0.0807979 -0.03492385 -0.04262351 -0.08286445 -0.03682339 -0.04009309 -0.08189587 -0.04127518 -0.04030289 -0.08405053 -0.038747 -0.03701435 -0.08237542 -0.04403894 -0.03761294 -0.08481754 -0.04109843 -0.03939492 -0.08430943 -0.03954071 -0.03365534 -0.08282474 -0.04650379 -0.03716227 -0.08485677 -0.04150731 -0.02983494 -0.07966642 -0.05155374 -0.02604954 -0.07992039 -0.05332088 -0.01805718 -0.08033173 -0.05603015 -0.02211394 -0.08014304 -0.05481091 0.007480665 -0.08064141 -0.0579372 -0.001111685 -0.08070437 -0.05830583 -0.009682038 -0.08059812 -0.05767885 0.01592332 -0.08041509 -0.05655571 0.02403387 -0.08003946 -0.05412454 0.02790086 -0.0798013 -0.05250136 0.0316018 -0.07953327 -0.05059771 0.03798275 -0.08474797 -0.04076904 0.04040184 -0.08401043 -0.03866269 0.03937224 -0.08432434 -0.03955919 0.03866896 -0.08453875 -0.04017154 0.04095397 -0.08377029 -0.03819562 0.04146526 -0.08165479 -0.03983141 0.03835621 -0.07892065 -0.04592013 0.03510165 -0.07923851 -0.0484065 0.04373669 -0.08203772 -0.03596397 0.04307044 -0.08257197 -0.03646813 0.04154295 -0.08343681 -0.03771488 0.04402803 -0.0818041 -0.03574351 0.04402024 -0.08114101 -0.03662744 0.04492806 -0.0810824 -0.03506246 0.0451107 -0.08088271 -0.03493765 0.04606516 -0.077869 -0.03666122 0.04752596 -0.07753002 -0.03336497 0.04707028 -0.07845542 -0.03363736 0.04695142 -0.07869682 -0.03370841 0.04640251 -0.07947035 -0.03405483 0.04609999 -0.0798011 -0.03426158 0.04765772 -0.07424483 -0.03595145 0.04804349 -0.0762646 -0.03308028 0.04782313 -0.07692651 -0.03318733 0.0476678 -0.07724196 -0.03328018 0.04871166 -0.006161501 -0.03342334 0.04777799 -0.002310997 -0.03717444 0.04636948 0.00693057 -0.03713053 0.04783307 0.002751718 -0.03381268 0.03962556 0.02538312 -0.03618537 0.03654379 0.02920325 -0.03819311 0.03670618 0.03049664 -0.03419655 0.03331518 0.03407763 -0.03586119 0.02963253 0.03731905 -0.03733965 0.02585497 0.04092259 -0.0339823 0.02168365 0.0434044 -0.03497946 0.01732365 0.0454525 -0.03579765 0.01281353 0.04704345 -0.03643225 0.008192865 0.04815863 -0.03687785 0.003501621 0.04878255 -0.03712861 -0.001219732 0.04890494 -0.03717805 -0.005930599 0.04852236 -0.03702384 -0.01059042 0.04764324 -0.03667168 -0.01515896 0.04628013 -0.03612778 -0.01959645 0.04445055 -0.03539773 -0.02386378 0.04217529 -0.03448658 -0.03156849 0.0356896 -0.03659957 -0.03817768 0.02726514 -0.03718131 -0.04349462 0.01748348 -0.03606094 -0.04554902 0.0112486 -0.03619072 -0.04562204 0.0131987 -0.03337613 -0.04719302 0.004784639 -0.03544056 -0.0471516 0.002294386 -0.03738765 -0.04833805 -0.004293134 -0.03525531 -0.04835331 -0.00173757 -0.03383214 -0.04830823 -0.01001801 -0.03680209 -0.04832298 -0.007066136 -0.03626092 -0.04893344 -0.03055616 -0.03389539 -0.0489312 -0.04245269 -0.03421801 -0.04893162 -0.05496695 -0.03421585 -0.04825574 -0.07045101 -0.03615872 -0.001815684 0.04655279 -0.04672303 -0.001828183 0.04652479 -0.04678427 -0.005836789 0.04618789 -0.04661932 -0.002116221 0.04587961 -0.04819563 -0.005786999 0.04392843 -0.05089267 -0.00215 0.04550001 -0.04893599 -0.001945197 0.0445842 -0.05056985 -0.001871339 0.04444143 -0.05080838 -0.001204045 0.04723234 -0.04507576 -0.001629902 0.04690212 -0.04594002 -0.005884815 0.04774305 -0.04197307 -0.001695447 0.04682211 -0.04613388 0.001580701 0.04695735 -0.04580404 0.001260408 0.0472418 -0.04507346 0.003474411 0.04800222 -0.0420883 0.001066573 0.04734659 -0.04478301 0.0007669481 0.04750855 -0.04433405 0.0005030381 0.04759033 -0.04409483 0.000172977 0.04764303 -0.0439371 -0.001210225 0.04812418 -0.04214269 -4.589088e-12 0.04765001 -0.04391602 -0.0002605838 0.04763415 -0.04396388 -0.0005485205 0.04757885 -0.04412878 -0.0009521581 0.04742767 -0.04456457 -0.001061296 0.04734304 -0.04478606 0.001921515 0.0445355 -0.05065165 0.003416279 0.04417893 -0.0510258 0.001845328 0.04443715 -0.05081058 0.001718302 0.04427319 -0.05107557 0.00215 0.04550001 -0.04893599 0.001909092 0.04648888 -0.04690584 0.003445869 0.04644374 -0.04674407 0.001874653 0.04653801 -0.04679029 0.001852936 0.04656899 -0.04671743 -0.001076427 0.04363887 -0.0520829 -0.0006588269 0.04345344 -0.05236304 0.000490844 0.04340678 -0.05243275 0.003385925 0.04127745 -0.05486292 3.111121e-18 0.04335001 -0.05251718 -0.0002350142 0.04336288 -0.05249806 0.0009122696 0.04355314 -0.05221302 0.001065394 0.04365302 -0.05205962 0.001413986 0.04388038 -0.05171039 -0.001860148 0.04442627 -0.05083292 -0.001748813 0.04427553 -0.05107708 -0.005735922 0.04103411 -0.05472274 -0.01046574 0.008721912 -0.06418998 -0.01383822 0.00777706 -0.06357712 -0.01046574 0.01373664 -0.06417912 -0.0140683 0.01788015 -0.0634879 -0.009712784 0.01373641 -0.06427165 -0.00112574 0.01977007 -0.06498266 -0.001112337 0.01373362 -0.0649547 -0.005423104 0.01373502 -0.0647642 0.002 0.0195944 -0.06496468 0.002 0.01851682 -0.06497134 4.536053e-12 0.01373326 -0.06500385 0.002258808 0.01373253 -0.06496523 0.002923511 0.01826016 -0.06493197 0.002617426 0.01375803 -0.064952 0.004595584 0.01598487 -0.06484128 0.004320694 0.01493328 -0.06486142 0.003223023 0.01817692 -0.0649192 0.003540042 0.01808881 -0.06490569 0.00432721 0.0172473 -0.06485767 0.004345826 0.01717525 -0.06485651 0.004624656 0.01609609 -0.06483915 0.002913866 0.01386687 -0.06493816 0.003262532 0.02471195 -0.06436117 0.003250056 0.02334232 -0.06458755 0.002875762 0.02347418 -0.06460057 0.002252406 0.0235 -0.06462592 0.002135936 0.02349704 -0.06463092 -0.001136195 0.02480667 -0.06443249 0.002 0.0234936 -0.06463674 0.002 0.01974284 -0.06495219 0.005582911 0.02252046 -0.06450636 0.007642221 0.02423031 -0.06399918 0.006391872 0.02223546 -0.0644782 0.008881129 0.01902384 -0.06437507 0.008684998 0.0197646 -0.06439507 0.01624097 0.02215191 -0.06243521 0.008212279 0.02027396 -0.06441221 0.00758618 0.02094858 -0.06443491 0.008746023 0.01274509 -0.06442668 0.009146944 0.01339203 -0.06437474 0.01584849 0.00726753 -0.06312656 0.00955178 0.01484431 -0.0643144 0.009656314 0.01609609 -0.06429598 0.01610547 0.0172868 -0.06301555 0.009347503 0.01726242 -0.06432749 0.007442604 0.008937309 -0.06459329 0.004643159 0.009213293 -0.06483316 0.005653528 0.009517888 -0.06476735 0.006441517 0.01012617 -0.06468783 0.007469204 0.01091948 -0.06458411 0.007748063 0.01113474 -0.06455597 0.002344774 0.008718038 -0.06496375 0.002645425 0.008715445 -0.06495401 0.003154622 0.004268537 -0.0649192 0.001686322 0.00872373 -0.06498507 3.166537e-12 0.003166074 -0.065006 4.763899e-12 0.008723477 -0.06500638 -0.001103745 0.008723313 -0.06496842 -0.0010799 0.002788672 -0.06495876 -0.004605027 0.008722791 -0.06484804 -0.005307731 0.001311148 -0.0647738 -0.005375623 0.008722672 -0.06476151 0.009604187 -0.01385607 -0.06434097 0.009604187 -0.01190627 -0.06433919 0.01542656 -0.01279533 -0.0632823 0.009604187 -0.008818021 -0.06433637 0.003057179 0.008735159 -0.06493647 0.003173555 0.008770252 -0.06492889 0.003726152 0.004468272 -0.06490348 0.007422138 0.005759934 -0.06453799 0.009604187 0.006522501 -0.06432221 0.009604187 0.00143368 -0.06432788 0.003131166 -0.001670887 -0.06490102 0.005928637 0.0001699425 -0.06474728 0.005936984 -0.000687068 -0.06474663 0.007353258 0.0006597586 -0.06458472 0.005936984 -0.007544105 -0.06474709 0.001602186 -0.002207001 -0.06498516 3.153301e-12 -0.001868462 -0.0650041 0.003144957 -0.0007871442 -0.06486787 -0.005245697 -0.003672054 -0.064803 -0.001075009 -0.00223807 -0.06496289 -0.001090913 -0.005103027 -0.06496102 4.994239e-12 -0.00547876 -0.06500252 0.001602186 -0.00603058 -0.06498364 0.009629793 -0.03440202 -0.06435386 0.009629793 -0.03240841 -0.06435271 0.01519586 -0.03288027 -0.06337298 0.009629793 -0.02822401 -0.06435031 -0.009359789 -0.01187799 -0.06437242 -0.005249409 -0.008704415 -0.06477425 -0.005225672 -0.01150761 -0.06480474 -0.004499474 -0.008964514 -0.06485532 -0.001081725 -0.01014989 -0.06496587 -0.005941113 0.001089806 -0.06474609 -0.009494739 -0.0001521014 -0.06431998 -0.01044197 -0.0004831307 -0.06420639 -0.01346046 -0.01244948 -0.06369684 -0.01044197 -0.00690349 -0.06421292 -0.009420714 -0.00725769 -0.06432332 -0.01042276 -0.02095958 -0.06423132 -0.01725754 -0.03310717 -0.06288949 -0.01751112 -0.01321313 -0.06277595 -0.01036698 -0.03440202 -0.06425051 -0.01730452 -0.05304733 -0.06289933 -0.01036698 -0.03245902 -0.06424925 -0.01036698 -0.02822127 -0.0642465 -0.00922925 -0.02728129 -0.06439007 -0.009271093 -0.02095958 -0.06435214 -0.007652225 -0.02597835 -0.06458908 -0.005172915 -0.02095958 -0.06478208 -0.01042276 -0.01590734 -0.0642257 -0.009316056 -0.01590734 -0.06435551 -0.006023246 -0.01590734 -0.06474175 -0.005199266 -0.01590734 -0.06477708 0.009634365 -0.01590734 -0.06433879 0.009634365 -0.02095958 -0.0643436 0.007159962 -0.02095958 -0.06463285 0.007113802 -0.02614461 -0.06458265 0.006883033 -0.02095958 -0.06466521 0.003566681 -0.02321302 -0.06491022 0.003049685 -0.02095958 -0.06487425 0.003045404 -0.0227822 -0.06492638 0.0008400852 -0.02095958 -0.06499474 0.009604187 -0.05691827 -0.06437128 0.009604187 -0.05290199 -0.06436731 0.01523861 -0.0530004 -0.06338274 0.009604187 -0.05182945 -0.06436625 3.556639e-12 -0.02644587 -0.06499981 0.003017519 -0.02893895 -0.064872 0.003031739 -0.03211937 -0.06493603 0.006083337 -0.03147193 -0.06474213 0.007040182 -0.03226248 -0.06463737 -0.004305032 -0.0293918 -0.06487056 -0.001053505 -0.02670441 -0.06497657 -0.001055556 -0.032091 -0.06499223 -0.0003704211 -0.02613983 -0.06499884 0.003545955 -0.038641 -0.064913 3.158974e-12 -0.03987092 -0.06499998 -0.001049061 -0.04023479 -0.06495585 -0.005139949 -0.03217946 -0.06481609 -0.006091536 -0.04198379 -0.06474371 4.977691e-12 -0.04491701 -0.06500006 0.001602186 -0.04436519 -0.0649824 0.001602186 -0.04818877 -0.06498266 3.272894e-12 -0.04852731 -0.06500026 0.003511952 -0.0497348 -0.06491598 0.007117102 -0.05097434 -0.06459067 0.009604187 -0.04157775 -0.06436051 0.009604187 -0.03653969 -0.06435823 -0.001063719 -0.05802455 -0.06499571 4.781858e-12 -0.05356185 -0.06500129 0.007164487 -0.05803077 -0.06465354 0.006116485 -0.0556994 -0.06474717 -0.005136804 -0.03007927 -0.06478548 -0.007837757 -0.03231161 -0.06450921 -0.009197853 -0.03343573 -0.0643701 -0.009194566 -0.04306008 -0.06438745 -0.01044197 -0.04349275 -0.06424424 -0.01044197 -0.04991264 -0.06424817 -0.00922163 -0.05033911 -0.06437331 0.04868613 -0.01754487 -0.03532502 0.04772422 -0.008275976 -0.03878756 0.04767378 -0.01464782 -0.0392464 0.0461404 -0.004951929 -0.04246952 0.04603425 -0.01180126 -0.04295026 0.0440301 -0.001719391 -0.04589346 0.04386044 -0.00903221 -0.046377 0.0414787 0.001389856 -0.04903029 0.04124739 -0.006367912 -0.04949769 0.03855764 0.00434495 -0.0518743 0.03259027 0.0252888 -0.05027132 0.03932538 0.02132779 -0.04294212 0.03917097 0.01860538 -0.04574987 0.04210361 0.01747198 -0.04043077 0.04197793 0.0148966 -0.04311721 0.04448847 0.01341207 -0.03769179 0.04439628 0.01099216 -0.04024099 0.0327776 0.0282744 -0.04726547 0.03296202 0.03077319 -0.04382125 0.03637545 0.02733328 -0.04188741 0.02444697 0.01869139 -0.05978359 0.02427075 0.01405091 -0.06039473 0.03202796 0.0140101 -0.05605372 0.03184617 0.009674573 -0.0566925 0.03870748 0.008307794 -0.05122477 0.04160067 0.005145485 -0.04838654 0.04411956 0.001817773 -0.04526522 0.04619636 -0.001642381 -0.04186781 0.04775081 -0.005200987 -0.03822329 0.03827346 -0.003834953 -0.05230938 0.0315014 0.0007351883 -0.05702886 0.02393655 0.004489819 -0.0606135 0.04866584 -0.02954269 -0.0360097 0.04759098 -0.02759399 -0.03998748 0.04585998 -0.02567794 -0.04372232 0.04358187 -0.02381251 -0.04714994 0.0408676 -0.02201608 -0.05024164 0.03780688 -0.02030679 -0.0529988 0.03093534 -0.01721909 -0.05755521 0.02338784 -0.01467832 -0.06094668 0.007252169 -0.008000975 -0.06459979 0.04625355 0.001470486 -0.0407433 0.04421098 0.005146856 -0.04407722 0.0417253 0.008681992 -0.04714766 0.0388606 0.01204097 -0.04994662 0.03221373 0.01809672 -0.05472593 0.02462704 0.0230669 -0.05843342 0.01637943 0.02673995 -0.06107818 0.02480929 0.02711483 -0.05641819 0.03240174 0.02187627 -0.05277831 0.03901557 0.01549163 -0.04810318 0.04185143 0.01194949 -0.04537369 0.0443035 0.00822104 -0.04238597 0.04631144 0.004343087 -0.03914878 -0.001168534 0.03791995 -0.05825386 0.003355089 0.03780946 -0.05818509 0.007926405 0.04069434 -0.05452748 0.007855388 0.03724734 -0.05783643 0.01240879 0.03965442 -0.0539317 0.01230092 0.03624521 -0.05721704 0.01679973 0.03817385 -0.053083 0.0166601 0.03481887 -0.05633437 0.02106587 0.03627137 -0.05198784 0.02090121 0.03298662 -0.05519474 0.02517363 0.03396986 -0.05065095 0.02499204 0.03077064 -0.05380249 0.02927559 0.03388877 -0.04553558 0.02535239 0.03664797 -0.04702819 0.02122795 0.03902097 -0.04829624 0.01693719 0.04098191 -0.04933562 0.01251498 0.04250747 -0.05014142 0.007996316 0.04357856 -0.05070723 0.03314178 0.03272663 -0.03999944 0.02945728 0.03591692 -0.04160235 0.02552665 0.03874147 -0.0429991 0.02138596 0.04116982 -0.04418647 0.01707119 0.04317577 -0.04516019 0.01261849 0.0447357 -0.04591527 0.008064465 0.04583044 -0.04644553 0.02569473 0.04018782 -0.03862888 0.02153836 0.04265321 -0.03972541 0.01720043 0.04468885 -0.04062493 0.01271834 0.04627107 -0.04132259 0.008130199 0.04738086 -0.04181252 -0.005579745 0.0292429 -0.0628529 -0.005528295 0.0245109 -0.06420997 -0.005477945 0.01949332 -0.06476388 -0.005862449 0.01373515 -0.06474479 0.0120841 0.02803496 -0.06199758 0.007712642 0.02894526 -0.0626419 0.003293109 0.02945615 -0.06300431 -0.001146878 0.02955661 -0.06307574 -0.005631818 0.03362101 -0.06077275 0.01651957 0.03098492 -0.05902199 0.01219236 0.03234899 -0.05992861 0.007783916 0.03330762 -0.06056445 0.003324056 0.03384551 -0.06092225 -0.001157691 0.03395125 -0.06099281 -0.005684036 0.03757487 -0.0580394 -0.0105105 0.04686786 -0.04158582 -0.01042665 0.04532431 -0.04620016 -0.01033973 0.04308331 -0.05044541 -0.01025056 0.04021345 -0.0542518 -0.01015998 0.03678387 -0.05754985 -0.01006882 0.03286424 -0.06027029 -0.009977917 0.0285242 -0.06234387 -0.009888098 0.02383343 -0.06370134 -0.009800198 0.01885954 -0.06426337 -0.01418962 0.02278634 -0.06291419 -0.01431359 0.0274132 -0.06155676 -0.01443906 0.0316941 -0.05949382 -0.01456487 0.03556047 -0.05679366 -0.01468989 0.0389437 -0.05352457 -0.01481296 0.04177522 -0.04975484 -0.01493293 0.04398703 -0.045553 -0.01504864 0.04551181 -0.04098786 -0.01946101 0.04369284 -0.04018527 -0.01931894 0.04219417 -0.04468429 -0.01917165 0.04002224 -0.04882768 -0.01902056 0.03724271 -0.05254787 -0.01886707 0.03392204 -0.05577759 -0.01871259 0.0301274 -0.05844983 -0.01855855 0.02592597 -0.06049755 -0.01840635 0.02138493 -0.06185375 -0.0182574 0.01656953 -0.06244169 -0.01797492 0.00665168 -0.06257817 -0.01788493 -0.07631313 -0.05838149 -0.02583993 -0.0760149 -0.05579035 -0.02513362 -0.05327829 -0.06039076 -0.02521795 -0.05810184 -0.06036638 -0.02899109 -0.05812688 -0.05870208 -0.01737383 -0.05806129 -0.06288993 -0.009278765 -0.05803503 -0.06441452 -0.001059286 -0.05319165 -0.06496946 -0.02120491 -0.03362028 -0.06176635 -0.02149318 -0.01415897 -0.06160504 -0.02202042 0.005256439 -0.06131778 -0.02234155 0.01494416 -0.06112695 -0.02251088 0.01964673 -0.06052342 -0.0226839 0.02408102 -0.05917056 -0.02285901 0.02818348 -0.05714329 -0.02303462 0.03188866 -0.05450707 -0.0232091 0.03513109 -0.05132737 -0.02338087 0.03784535 -0.04766967 -0.02354831 0.03996689 -0.04359969 -0.02370981 0.04143206 -0.03918346 -0.02507643 -0.03422517 -0.06038712 -0.02538503 -0.0152755 -0.06017577 -0.02594944 0.003607908 -0.05979249 -0.0262932 0.01302318 -0.05954323 -0.02647446 0.01759213 -0.05892413 -0.02665967 0.02189993 -0.05757784 -0.02684714 0.025885 -0.05557715 -0.02703512 0.02948388 -0.05298572 -0.0272219 0.03263318 -0.04986718 -0.02740578 0.0352695 -0.0462852 -0.02758502 0.03733046 -0.0423037 -0.02775791 0.03875486 -0.03798692 -0.03139305 0.03431303 -0.04080014 -0.03121117 0.03232233 -0.0446778 -0.03102458 0.02977599 -0.04817036 -0.03083504 0.02673385 -0.05121596 -0.03064429 0.02325701 -0.053753 -0.03045407 0.01940658 -0.05571991 -0.03026612 0.0152437 -0.05705512 -0.03008219 0.01082771 -0.0576882 -0.02973336 0.001724327 -0.0579967 -0.02916064 -0.01655013 -0.05847726 -0.02884749 -0.03491486 -0.05873809 -0.02890551 -0.05342058 -0.05873502 -0.03262487 -0.05815472 -0.05674992 -0.03343691 -0.07938417 -0.0495025 -0.03681599 -0.07907701 -0.04715983 -0.03992498 -0.07874873 -0.04451816 -0.04270485 -0.07840342 -0.0415746 -0.03600372 -0.05375071 -0.05454109 -0.03607851 -0.05818507 -0.05449304 -0.03929999 -0.05821757 -0.05191297 -0.02962224 -0.07583009 -0.05409214 -0.03323222 -0.07562426 -0.05211312 -0.03663009 -0.07539988 -0.04984307 -0.03976744 -0.07515977 -0.04727122 -0.04258279 -0.07490693 -0.04439161 -0.04500018 -0.07464465 -0.04120437 -0.03254252 -0.05357864 -0.0567911 -0.03595301 -0.03651727 -0.05456093 -0.03248668 -0.03568165 -0.05680237 -0.03622668 -0.01951676 -0.0542146 -0.03278803 -0.01796888 -0.05649555 -0.03672721 -0.002664944 -0.05355915 -0.03333916 -0.0003739201 -0.05592223 -0.03703207 0.005709658 -0.05314449 -0.03367484 0.008381406 -0.05555731 -0.03719281 0.009768063 -0.05249518 -0.03385184 0.01262663 -0.05491352 -0.03735707 0.01359189 -0.05120181 -0.0340327 0.01662765 -0.05359542 -0.03752331 0.01712696 -0.04932919 -0.03421575 0.02032758 -0.05167073 -0.03769002 0.02031743 -0.04693407 -0.03439931 0.02366784 -0.04919874 -0.03785566 0.02310751 -0.04407317 -0.03458171 0.02658984 -0.04623869 -0.03801873 0.02544143 -0.04080323 -0.03476126 0.02903507 -0.04284988 -0.03493628 0.03094646 -0.03909188 -0.03923661 -0.05393492 -0.05196533 -0.04213819 -0.03835891 -0.0490813 -0.03919363 -0.03741281 -0.05199255 -0.04231789 -0.02293405 -0.04868726 -0.03942556 -0.02117752 -0.05161626 -0.04264656 -0.007729074 -0.04792483 -0.03984975 -0.005124991 -0.05089581 -0.04284674 -0.0001985036 -0.04744687 -0.04010811 0.002840022 -0.05044222 -0.04295229 0.003445575 -0.04680981 -0.04024433 0.006697381 -0.04979455 -0.04306015 0.00687618 -0.04559567 -0.04038354 0.01033046 -0.04853531 -0.04316931 0.010045 -0.0438627 -0.04052442 0.0136879 -0.04672616 -0.04327878 0.0129023 -0.04166191 -0.0406657 0.01671688 -0.04442107 -0.04338755 0.01539833 -0.03904432 -0.04080608 0.0193645 -0.04167402 -0.04094427 0.02157801 -0.038539 -0.04676133 -0.04036338 -0.042214 -0.04469697 -0.03934574 -0.04581802 -0.04682934 -0.02666227 -0.04182878 -0.04481952 -0.0247684 -0.04542068 -0.04695374 -0.01326332 -0.04106913 -0.04504367 -0.01045085 -0.04464436 -0.04702951 -0.006659125 -0.04059742 -0.04518019 -0.003375342 -0.04415983 -0.04706945 -0.003469979 -0.04001376 -0.04525218 4.527938e-05 -0.04354389 -0.04711028 -0.0004715227 -0.03892689 -0.04532574 0.003263662 -0.04238709 -0.04540018 0.006234656 -0.04074406 -0.04547484 0.008911798 -0.03866265 -0.04820921 -0.04140207 -0.03831644 -0.04823432 -0.02859736 -0.03795748 -0.04828025 -0.01613929 -0.03724292 0.04131474 -0.07858361 -0.04313229 0.03818293 -0.07528555 -0.04863768 0.03139157 -0.07573304 -0.05317079 0.04762958 -0.07055794 -0.03811729 0.04594123 -0.07076331 -0.04172995 0.04600044 -0.07451539 -0.03955653 0.04371175 -0.07096481 -0.04505865 0.04760463 -0.06661564 -0.03950303 0.04588871 -0.06676056 -0.04315641 0.04362779 -0.06690255 -0.0465153 0.0409302 -0.06704003 -0.04954999 0.0377642 -0.06277455 -0.05305754 0.02383009 -0.07610139 -0.05656055 -0.009580387 -0.0765051 -0.05995082 -0.001099595 -0.07658114 -0.06054619 0.007400967 -0.07653614 -0.06019623 0.01576662 -0.07637333 -0.05888235 -0.04893411 -0.06639317 -0.03355441 -0.0482419 -0.06654011 -0.03751973 -0.04684985 -0.066686 -0.04130338 -0.04688734 -0.07065761 -0.03989669 -0.04485647 -0.06682968 -0.04481997 -0.04492403 -0.07086137 -0.04337757 -0.04237207 -0.06696969 -0.04802373 -0.04247112 -0.07106017 -0.04655631 -0.03949548 -0.06710438 -0.05090044 -0.03962333 -0.07125163 -0.04941782 -0.03630919 -0.06723209 -0.05345396 -0.03646004 -0.07143328 -0.05196422 -0.03287887 -0.06735124 -0.05569462 -0.03304498 -0.07160286 -0.05420392 -0.02925504 -0.0674604 -0.05763784 -0.02942765 -0.07175827 -0.05615027 -0.02547807 -0.06755831 -0.05929786 -0.02564817 -0.07189766 -0.05781579 -0.01758757 -0.06771606 -0.06181873 -0.01772736 -0.07212224 -0.06034906 -0.009404906 -0.06781738 -0.06334073 -0.009487397 -0.07226642 -0.06187943 -0.001078723 -0.06785741 -0.06391875 -0.001088534 -0.07232336 -0.06245983 0.007263385 -0.06783374 -0.06357878 0.00732806 -0.07228968 -0.06211862 0.01549611 -0.06774787 -0.06230466 0.01562327 -0.0721675 -0.06083773 0.02347829 -0.06760409 -0.06004858 0.02364366 -0.07196285 -0.05856976 0.03102865 -0.06740895 -0.05673432 0.03119925 -0.07168502 -0.05524485 0.03788379 -0.06717131 -0.0522591 0.03802441 -0.07134681 -0.0507719 0.04104467 -0.07116012 -0.0480736 0.0411737 -0.07503889 -0.04591718 0.04380639 -0.07478108 -0.04288852 0.04390984 -0.07823161 -0.04004353 0.01538796 -0.06305487 -0.06316765 0.007208383 -0.0630968 -0.06444955 -0.001070378 -0.06310838 -0.06479241 -0.009334753 -0.0630888 -0.0642098 -0.0174687 -0.06303938 -0.06267921 -0.0253334 -0.06296259 -0.06014578 -0.02910825 -0.06291499 -0.05847654 -0.03273761 -0.06286196 -0.05652079 -0.03618089 -0.06280408 -0.0542629 -0.03938676 -0.06274204 -0.05168585 0.03088356 -0.06288999 -0.05756745 0.02333765 -0.06298486 -0.06090032 0.007149294 -0.05606035 -0.06463586 0.02314341 -0.05321151 -0.06113832 0.03068319 -0.05349515 -0.05783198 0.03759904 -0.0538384 -0.05333735 0.007105184 -0.03740648 -0.06458707 0.007106405 -0.03231719 -0.06463012 0.02308782 -0.03390173 -0.06113207 0.03062584 -0.03527652 -0.05783889 0.03755177 -0.0369434 -0.05336099 0.04065995 -0.03786461 -0.05062819 0.04342956 -0.03883164 -0.0475475 0.0457647 -0.03983461 -0.04411569 0.0475457 -0.04086362 -0.0403616 0.04865475 -0.04190917 -0.03635198 0.007209875 -0.01302566 -0.06460805 0.007189036 -0.01590734 -0.06456991 0.00601112 -0.0126099 -0.06474177 0.003633997 -0.01590734 -0.06490593 0.003062652 -0.01158728 -0.06486885 0.003067085 -0.01590734 -0.0649206 2.728372e-12 -0.01590734 -0.06499998 -0.001066377 -0.01590734 -0.06495426 -0.01044196 -0.04991264 -0.06414706 -0.01044196 -0.04349275 -0.06414314 -0.005220999 -0.05173723 -0.0647142 0.002815802 -0.0545459 -0.06484788 5.554424e-18 -0.05356185 -0.06490137 0.009604187 -0.05691827 -0.0642704 0.009604187 -0.05182945 -0.06426547 0.009604187 -0.05394698 -0.06426729 2.760926e-18 -0.04852731 -0.06490018 -0.005245699 -0.04672372 -0.06471082 0.006807241 -0.0508678 -0.06458251 2.058648e-18 -0.04491701 -0.06489999 0.001602186 -0.04436519 -0.06488235 0.001602186 -0.04818877 -0.06488264 0.005936987 -0.0497087 -0.06465843 0.005936987 -0.04285167 -0.06465653 0.005936984 -0.04628019 -0.06465738 0.009604185 -0.04157775 -0.06425959 0.009604187 -0.03653969 -0.06425733 -0.005245534 -0.04169035 -0.06470996 3.408261e-18 -0.03987092 -0.06489998 0.004802093 -0.03820531 -0.0647402 -0.005213828 -0.03014292 -0.06463553 -0.01036698 -0.03440202 -0.06414945 -0.007427784 -0.03197276 -0.06451517 -0.000370421 -0.02613983 -0.06489883 -4.395268e-18 -0.02644587 -0.06489981 0.002915586 -0.02885473 -0.0648405 0.009629793 -0.03440202 -0.06425296 0.009629788 -0.02822401 -0.06424936 0.007144234 -0.02616977 -0.06454154 0.0008400852 -0.02095958 -0.06489473 0.00470896 -0.02095958 -0.06474306 0.009634363 -0.02095958 -0.06424264 0.009634365 -0.01590734 -0.06423784 -0.005290404 -0.01590734 -0.06469434 0.004947686 -0.01590734 -0.06472559 3.844678e-18 -0.01590734 -0.06489997 -0.005117988 -0.01590734 -0.06471349 -0.01042276 -0.01590734 -0.0641246 -0.01042276 -0.02095958 -0.06413019 -0.006905463 -0.02095958 -0.0645628 -0.005263666 -0.02095958 -0.0646612 -0.001577664 -0.02095958 -0.06488214 -0.005983959 -0.02460003 -0.06464816 -0.005247087 -0.02399123 -0.06468729 -0.01036697 -0.02822127 -0.06414539 -0.01044197 -0.00690349 -0.06411187 -0.01044197 -0.0004831307 -0.06410525 -0.005220975 -0.008714279 -0.06470476 -0.00525229 -0.008703416 -0.0647012 -4.412403e-18 -0.01052507 -0.06490088 0.004822136 -0.01219753 -0.06473375 0.004848448 -0.01220665 -0.06473103 0.009604187 -0.01385607 -0.06424003 0.009604187 -0.008818021 -0.06423553 0.005936994 -0.007544105 -0.06464684 0.005936988 -0.000687068 -0.06464636 0.005936984 -0.004115587 -0.06464662 0.004926958 -0.001041224 -0.064702 0.001602187 -0.002207001 -0.06488517 0.001602188 -0.00603058 -0.06488375 7.314279e-18 -0.00547876 -0.06490257 -0.005245697 -0.003672054 -0.06470299 1.67652e-18 -0.001868462 -0.06490413 0.004823475 -0.0002100371 -0.06473409 0.004828644 -0.0002082639 -0.06473354 0.009604187 0.00143368 -0.06422689 0.009604187 0.006522501 -0.0642212 0.009604187 0.003978098 -0.06422429 -0.0053238 0.00130553 -0.06469414 -0.005247916 0.001332054 -0.06470287 5.001518e-18 0.003166074 -0.06490601 0.004866495 0.004866789 -0.06472852 0.004802078 0.004844288 -0.06473542 3.845057e-18 0.008723477 -0.06490637 0.001686322 0.00872373 -0.06488505 -0.005276016 0.008722687 -0.06466693 -0.006079763 0.008722568 -0.06463045 -0.01046574 0.008721912 -0.06408876 0.002344481 0.008720646 -0.06486359 0.00305718 0.008735159 -0.0648364 0.002043855 0.008714521 -0.06487507 0.009656314 0.01609609 -0.06419491 0.009516754 0.01535522 -0.06421652 0.009146944 0.01339203 -0.06427381 0.008746024 0.01274509 -0.06432583 0.007748067 0.01113474 -0.06445533 0.006441517 0.01012617 -0.0645874 0.005653531 0.009517888 -0.06466705 0.004817307 0.00926579 -0.06472159 0.002252406 0.0235 -0.06452468 0.004919743 0.02279373 -0.06442773 0.005620257 0.02260826 -0.06440227 0.005920977 0.02252863 -0.06439134 0.008283139 0.02033638 -0.06431262 0.008391782 0.02023555 -0.064309 0.008745761 0.01923069 -0.06427717 0.009434721 0.01727491 -0.06421522 0.009630554 0.01671899 -0.06419761 0.002182805 0.02349939 -0.06452762 0.002135928 0.0234979 -0.06452964 0.002 0.0234936 -0.06453553 0.002 0.01992969 -0.06480182 0.002 0.01851682 -0.0648713 0.002 0.02241848 -0.06467942 0.003540043 0.01808881 -0.06480557 0.002935339 0.01831605 -0.06483436 0.002619729 0.01843467 -0.06484939 0.004624656 0.01609609 -0.06473894 0.004345827 0.01717525 -0.06475642 0.004327212 0.01724728 -0.06475758 0.003736953 0.01794673 -0.06479435 0.003518095 0.01408873 -0.06480984 0.004300691 0.01491224 -0.06476247 0.004320695 0.01493328 -0.06476125 0.004609554 0.0158262 -0.06474043 0.004618061 0.01597823 -0.06473959 0.004619106 0.01599691 -0.0647395 0.003221805 0.01393081 -0.0648251 0.002920242 0.01386871 -0.06483766 0.002258808 0.01373253 -0.06486519 3.844908e-18 0.01373326 -0.06490385 -0.004417676 0.01373469 -0.06475645 -0.005317826 0.01373498 -0.06465545 -0.01046574 0.01373664 -0.06407788 -0.01046574 0.01176491 -0.0640826 0.001861955 0.04657501 -0.035 0.00215 0.04550001 -0.035 0.001075 0.04363805 -0.035 4.377936e-18 0.04335001 -0.035 -0.00215 0.04550001 -0.035 -0.001861955 0.04442501 -0.035 -0.001075 0.04363805 -0.035 0.001861955 0.04442501 -0.035 0.001075 0.04736195 -0.035 -0.001075 0.04736195 -0.035 1.464358e-18 0.04765001 -0.035 -0.001861955 0.04657501 -0.035 -0.04713104 -0.07744987 -0.03333102 -0.04735275 -0.07703499 -0.0332092 -0.04496187 -0.08043987 -0.03460906 -0.04573195 -0.07952497 -0.03414352 -0.04662944 -0.07838847 -0.03360662 -0.0465266 -0.07858089 -0.03366312 -0.03848334 -0.08433978 -0.03942666 -0.04403474 -0.08123415 -0.03524165 -0.0431853 -0.08196188 -0.03582123 -0.04307568 -0.08202959 -0.0359027 -0.04217967 -0.082583 -0.03656858 -0.04023182 -0.08362994 -0.03804912 -0.04096945 -0.08333047 -0.03746798 -0.03619137 -0.08480943 -0.04129589 -0.03824001 -0.08438964 -0.0396251 -0.03836653 -0.08436371 -0.03952192 -0.03565343 -0.08491966 -0.0417346 0.04335 -0.06 -0.035 0.04363805 -0.061075 -0.035 0.044425 -0.06186195 -0.035 0.0455 -0.06215 -0.035 0.046575 -0.06186195 -0.035 0.04736196 -0.061075 -0.035 0.04736196 -0.058925 -0.035 0.04765 -0.06 -0.035 0.046575 -0.05813805 -0.035 0.0455 -0.05785 -0.035 0.044425 -0.05813805 -0.035 0.04363805 -0.058925 -0.035 -0.04736196 -0.061075 -0.035 -0.046575 -0.06186195 -0.035 -0.0455 -0.06215 -0.035 -0.044425 -0.06186195 -0.035 -0.04363805 -0.061075 -0.035 -0.04335 -0.06 -0.035 -0.04363805 -0.058925 -0.035 -0.044425 -0.05813805 -0.035 -0.0455 -0.05785 -0.035 -0.046575 -0.05813805 -0.035 -0.04765 -0.06 -0.035 -0.04736196 -0.058925 -0.035 -0.04057567 -0.08420099 -0.03814488 -0.04253542 -0.0831242 -0.03656959 -0.04245833 -0.0829294 -0.03663528 -0.03857361 -0.08495197 -0.03981973 -0.03855358 -0.08483063 -0.03983964 -0.03851261 -0.08470882 -0.03983497 -0.03845376 -0.08459859 -0.03980503 -0.03634132 -0.08493277 -0.04144511 -0.03626454 -0.08487744 -0.04136574 -0.0383094 -0.08444723 -0.03968886 -0.04037828 -0.08378935 -0.03813972 -0.0423304 -0.08275186 -0.03662105 -0.04030609 -0.08372265 -0.03808985 -0.04418879 -0.08139023 -0.03526313 -0.0473074 -0.07754026 -0.03330072 -0.04744894 -0.07762101 -0.03323378 -0.0475548 -0.07769866 -0.03311609 -0.04590249 -0.0796739 -0.03412484 -0.04431793 -0.08154804 -0.03524712 -0.04603506 -0.07980406 -0.03408122 -0.04440269 -0.08171304 -0.03516044 -0.0461282 -0.07993367 -0.03397631 -0.04239855 -0.08283506 -0.03663824 -0.04044719 -0.08387688 -0.03817366 -0.04050633 -0.08398036 -0.03818657 -0.03838347 -0.08450976 -0.0397539 -0.03980862 -0.1555 -0.009811942 -0.02329065 -0.1555 -0.03374234 0.0145388 -0.1555 0.03833567 -0.03068894 -0.1555 -0.02718803 -0.0363037 -0.1555 -0.01905365 -0.041 -0.1555 -1.697152e-17 -0.03980862 -0.1555 0.009811942 0.0363037 -0.1555 0.01905365 -0.0363037 -0.1555 0.01905365 -0.03068894 -0.1555 0.02718803 -0.004942004 -0.1555 0.04070107 0.02329065 -0.1555 0.03374234 0.03068894 -0.1555 0.02718803 0.03980862 -0.1555 -0.009811942 -0.0145388 -0.1555 0.03833567 -0.02329065 -0.1555 0.03374234 0.03980862 -0.1555 0.009811942 0.041 -0.1555 -7.092786e-18 0.004942004 -0.1555 0.04070107 0.0363037 -0.1555 -0.01905365 0.03068894 -0.1555 -0.02718803 0.02329065 -0.1555 -0.03374234 0.004942004 -0.1555 -0.04070107 -0.004942004 -0.1555 -0.04070107 -0.0145388 -0.1555 -0.03833567 0.0145388 -0.1555 -0.03833567 0.01056974 0.04630908 0.013 -0.02961577 -0.03713699 0.013 -0.02060948 0.04279603 0.013 -0.01056974 0.04630908 0.013 0.02961577 0.037137 0.013 0.0475 -5.245209e-09 0.013 0.04630908 0.01056975 0.013 0.04630908 -0.01056974 0.013 0.03713699 -0.02961577 0.013 0.04279602 -0.02060947 0.013 0.02961577 -0.03713699 0.013 0.02060948 -0.04279602 0.013 7.955487e-18 -0.0475 0.013 -0.04279602 0.02060948 0.013 -3.678657e-18 0.0475 0.013 0.02060948 0.04279603 0.013 0.04279602 0.02060948 0.013 0.01056974 -0.04630907 0.013 -0.01056974 -0.04630907 0.013 0.03713699 0.02961577 0.013 -0.04279602 -0.02060947 0.013 -0.03713699 -0.02961577 0.013 -0.04630908 -0.01056974 0.013 -0.0475 -5.245209e-09 0.013 -0.04630908 0.01056975 0.013 -0.02961577 0.037137 0.013 -0.02060948 -0.04279602 0.013 -0.03713699 0.02961577 0.013 -0.0455 -0.06 -0.035 0.0455 -0.06 -0.035 3.844711e-18 -0.05104448 -0.06490052 3.844678e-18 -0.04239396 -0.06489997 3.844663e-18 -0.02117664 -0.06489972 3.844776e-18 -0.008001944 -0.06490162 3.844986e-18 0.000648836 -0.06490516 3.845008e-18 0.01122847 -0.06490553 0.004900676 0.01973861 -0.06470438 0.004868899 0.0159749 -0.06472158 2.073403e-18 0.04550001 -0.035 0.041 -0.159 2.735005e-18 0.03980862 -0.159 0.009811942 0 -0.159 -9.735942e-18 0.03980862 -0.159 -0.009811942 0.02329065 -0.159 -0.03374234 0.03068894 -0.159 -0.02718803 0.0363037 -0.159 -0.01905365 -0.004942004 -0.159 -0.04070107 0.004942004 -0.159 -0.04070107 0.0145388 -0.159 -0.03833567 -0.03068894 -0.159 -0.02718803 -0.02329065 -0.159 -0.03374234 -0.0145388 -0.159 -0.03833567 -0.041 -0.159 -1.718584e-17 -0.03980862 -0.159 -0.009811942 -0.0363037 -0.159 -0.01905365 -0.03068894 -0.159 0.02718803 -0.0363037 -0.159 0.01905365 -0.03980862 -0.159 0.009811942 -0.004942004 -0.159 0.04070107 -0.0145388 -0.159 0.03833567 -0.02329065 -0.159 0.03374234 0.02329065 -0.159 0.03374234 0.0145388 -0.159 0.03833567 0.004942004 -0.159 0.04070107 0.0363037 -0.159 0.01905365 0.03068894 -0.159 0.02718803 -0.0475 -5.245209e-09 0.0165 -0.04630908 -0.01056974 0.0165 -9.77461e-19 -5.245209e-09 0.0165 -0.03713699 0.02961577 0.0165 -0.04279602 0.02060948 0.0165 -0.04630908 0.01056975 0.0165 -0.01056974 0.04630908 0.0165 -0.02060948 0.04279603 0.0165 -0.02961577 0.037137 0.0165 0.02060948 0.04279603 0.0165 0.01056974 0.04630908 0.0165 -3.885997e-18 0.0475 0.0165 0.04279602 0.02060948 0.0165 0.03713699 0.02961577 0.0165 0.02961577 0.037137 0.0165 0.04630908 -0.01056974 0.0165 0.0475 -5.245209e-09 0.0165 0.04630908 0.01056975 0.0165 0.02961577 -0.03713699 0.0165 0.03713699 -0.02961577 0.0165 0.04279602 -0.02060947 0.0165 7.748147e-18 -0.0475 0.0165 0.01056974 -0.04630907 0.0165 0.02060948 -0.04279602 0.0165 -0.02961577 -0.03713699 0.0165 -0.02060948 -0.04279602 0.0165 -0.01056974 -0.04630907 0.0165 -0.04279602 -0.02060947 0.0165 -0.03713699 -0.02961577 0.0165</float_array>
          <technique_common>
            <accessor count="3061" source="#verts-array-array" stride="3">
              <param type="float" name="X" />
              <param type="float" name="Y" />
              <param type="float" name="Z" />
            </accessor>
          </technique_common>
        </source>
        <source id="normals-array">
          <float_array count="9183" id="normals-array-array">0.8490058 -0.5061883 0.1515344 0.8463555 -0.5052713 0.1684733 0.4035778 0.04128806 -0.9140133 0.7950137 -0.3358011 -0.5051642 0.6107264 -0.7502728 -0.2531878 0.3617487 0.2759027 -0.8905142 0.7634486 -0.4388712 -0.4738547 0.7346506 -0.4795433 -0.4799237 0.7008977 -0.2638055 -0.6626832 0.7327893 -0.474659 -0.4875641 0.7196621 -0.4600761 -0.5200158 0.6818172 -0.2168386 -0.698646 0.5568638 -0.6458899 -0.5222346 0.3664508 0.6824018 -0.6324884 0.5348553 -0.09191479 -0.8399294 0.09546656 0.9750262 -0.2005246 0.6444132 0.05677138 -0.7625672 0.6021495 0.2691165 -0.7516597 0.6292129 0.09558856 -0.7713326 0.645744 -0.4954902 -0.580951 0.669484 -0.2559826 -0.6973264 0.6760437 -0.4555252 -0.5791905 0.6813499 -0.1983699 -0.7045649 0.6929637 -0.4763775 -0.5411707 0.6939883 -0.4702325 -0.545217 0.6457445 -0.4954853 -0.5809546 0.6392524 -0.413026 -0.6486647 0.6268116 -0.3929889 -0.6728053 0.5823989 -0.459957 -0.670262 0.6466967 -0.1446701 -0.7489018 0.8474652 -0.3353313 -0.4115285 0.8258456 -0.3661663 -0.4288371 0.8193673 -0.218521 -0.5299866 0.8129827 -0.40272 -0.420566 0.7814035 -0.4621576 -0.4193076 0.7324738 -0.2806416 -0.62026 0.779301 -0.4623039 -0.4230426 0.5595228 0.1178861 -0.8203884 0.5394146 0.07119012 -0.8390256 0.4162315 0.3554788 -0.8368908 0.3943574 0.3926234 -0.8308605 0.3705454 0.1918183 -0.9087914 0.7428974 -0.6628277 -0.09361041 -0.9464142 -0.303315 -0.1109061 0.5881236 -0.07112725 -0.8056374 0.5557854 -0.01740199 -0.8311437 0.1909707 0.01110828 -0.9815329 -0.9127129 0.2495631 0.3235328 0.1914054 -0.008266331 -0.9814763 0.9704758 -0.2300141 0.07259612 0.5819411 -0.6243413 -0.5210974 -0.8969327 0.02451359 0.4414871 0.3605774 0.5180025 -0.7756658 0.5628251 0.2025143 -0.8013837 0.5542123 0.3391531 -0.7601473 0.4207115 0.4627851 -0.7802768 0.4440357 0.5600707 -0.6993948 0.285145 0.6392664 -0.7141644 0.3091441 0.7408444 -0.5963048 0.5388407 0.4759002 -0.6951041 0.4572424 0.6449964 -0.6122981 0.3482978 0.7975442 -0.4925564 0.2289729 0.9050738 -0.3583475 0.5663065 -0.7710204 -0.2912464 0.5776873 -0.773971 -0.2593188 0.6872696 -0.6926856 -0.2187398 0.9040015 -0.2126255 -0.3709066 0.9204759 -0.2745384 -0.2781238 0.9124689 -0.2788937 -0.299364 0.9367572 -0.1506654 -0.3158891 0.8809266 -0.149694 -0.4489544 0.7631705 -0.1299047 -0.6330052 0.4030912 -0.02679741 -0.9147674 -0.1714346 0.6705946 0.7217431 -0.1838499 0.5627757 0.8059049 0.0006454883 0.5750832 0.8180947 -0.6931866 -0.03314002 -0.7199959 -0.6970491 -0.001850328 -0.7170211 -0.8044792 -0.005980284 -0.5939507 0.4486842 -0.4302114 -0.7833267 0.4894241 -0.2995868 -0.81897 0.3327525 -0.2738481 -0.9023763 0.5152859 -0.1497105 -0.8438408 0.5343746 -0.05476676 -0.8434716 0.3623954 -0.02986688 -0.9315458 0.9831212 -0.1497616 -0.1050909 0.9896775 -0.09782574 -0.1047309 0.9598776 -0.1843801 -0.2112796 0.9926257 -0.05974639 -0.1054728 0.9937686 -0.03544409 -0.1056776 0.9749664 -0.06452749 -0.2127832 0.9849343 -0.008957641 0.1726969 0.942973 -0.0193934 0.3323038 0.9357362 -0.004576313 0.3526709 0.573877 0.7841517 0.2361594 0.7001056 0.6719265 0.2415926 0.5568302 0.8055771 0.2024492 0.0007626662 0.6834964 0.7299535 0.1849945 0.5628106 0.8056185 0.86501 -0.4998602 -0.04355971 0.8141317 -0.5778505 -0.05725745 0.8080871 -0.5886405 -0.02230792 0.1789577 -0.5238903 0.8327743 0.3048476 -0.3963704 0.8660014 0.3964993 -0.6101871 0.6859009 -0.1217156 -0.4839977 -0.8665631 -0.1152689 -0.4550331 -0.8829824 -0.1375792 -0.474677 -0.8693409 0.8993759 -0.3651507 -0.2403912 0.9130244 -0.3435024 -0.219983 0.8431163 -0.4350445 -0.3160555 0.9902981 0.001232256 -0.1389536 0.9938863 0.001619936 -0.1103966 0.9995627 -0.0009612585 0.02955559 0.9963843 0.002687543 -0.08491861 0.9935944 0.004499749 -0.1129154 0.9997896 -0.002589624 0.0203488 0.921751 0.0619659 -0.3827993 0.9827033 0.04464942 -0.1797238 0.9520371 0.02071262 -0.3052806 0.7986712 0.1164343 -0.590396 0.8506545 0.1458204 -0.5050973 0.9706243 0.1695405 -0.1707176 0.9722103 0.1930329 -0.1324592 0.901342 0.244383 -0.3575745 0.8861192 0.2373372 -0.3980751 0.9780106 0.1725127 -0.1171946 -0.9996242 0.02179954 0.01661778 -0.9996316 0.02171796 0.01627634 -0.9999943 0.000956016 0.003252196 -0.9841385 0.007356617 -0.1772491 -0.9941314 0.0007168898 -0.1081771 -0.9996936 -0.003607397 0.02448703 -0.9940887 0.001050798 -0.1085658 -0.9949688 0.001071275 -0.1001791 -0.9998194 -0.002410994 0.01884942 -0.9985954 0.000350318 -0.05298145 -0.9996418 0.002832657 0.02661336 -0.9838616 0.01899357 0.1779202 -0.9498139 -0.08658009 -0.3005951 -0.9838813 -0.1092051 -0.1416042 -0.9999436 -0.008918594 -0.005772212 -0.9480199 -0.1100053 -0.298592 -0.6426312 -0.4135919 -0.644955 -0.620228 -0.3776427 -0.6875342 -0.593273 -0.5278391 -0.6077935 -0.3637449 -0.6332085 0.6831813 -0.402338 -0.5774235 0.7104268 -0.5579849 -0.8294081 -0.02711347 -0.00334782 -0.999991 -0.002589043 0.09959225 -0.9950233 -0.003173259 0.04344462 -0.7152169 0.6975509 0.1979016 -0.980172 -0.009894866 0.1117048 -0.7083309 0.6969859 0.0741756 -0.6955859 0.7146035 0.2956337 -0.9550911 -0.02004411 0.1746729 -0.6939265 0.698538 0.1450719 -0.6844931 0.7144391 0.4719988 -0.8810233 -0.03186077 0.2738867 -0.6638512 0.6959078 0.3843283 -0.9228436 -0.0255225 0.2366116 -0.6651614 0.7082198 0.2152718 -0.6807408 0.7001786 0.3926129 -0.5961837 0.7003 0.3659653 -0.6021532 0.7095639 0.5560086 -0.8304208 -0.03543619 0.3407082 -0.6317026 0.6963259 0.302871 -0.6377737 0.7081764 0.6320096 -0.7744098 -0.02921042 0.7043791 -0.7093132 -0.02692288 0.4878776 -0.5071438 0.7104792 0.4963926 -0.5332241 0.6850303 0.4341677 -0.5535734 0.7106721 0.443128 -0.5742096 0.6884191 0.5970576 -0.3703318 0.7116015 0.5916034 -0.3997756 0.7001321 0.8317815 -0.5544691 -0.02652591 0.5716614 -0.4314809 0.6978735 0.7684696 -0.6394317 -0.02411439 0.5368358 -0.4553687 0.7102441 0.5508342 -0.4800963 0.6827073 0.6275069 -0.3473341 0.6968458 0.8816154 -0.4715456 -0.01997597 0.6325627 -0.3078165 0.7107134 0.6601036 -0.2810206 0.696628 0.9236325 -0.3830193 -0.01411611 0.6617662 -0.2415725 0.709724 0.6788502 -0.2219974 0.699914 0.9558847 -0.2934865 -0.01225286 0.692466 -0.1794616 0.6987734 0.9809506 -0.1942329 -0.003096163 0.6836983 -0.1513 0.7139082 0.7157594 -0.1086564 0.6898422 0.7258584 -0.0380123 0.686793 0.9944814 -0.104377 0.01059235 0.702524 -0.0175106 0.7114446 0.9999705 -0.006109071 0.004647464 0.7175219 0.02414537 0.6961173 0.7147628 0.05306366 0.6973509 0.9950126 0.09974638 -0.0006985334 0.7071188 0.1202239 0.6967992 0.9803603 0.1972068 -0.001799866 0.6834153 0.1542496 0.7135479 0.6910859 0.1919758 0.696811 0.9562343 0.292583 -0.003332241 0.6692553 0.2514252 0.6992015 0.9235133 0.3834583 -0.009106137 0.6530642 0.2692601 0.7078179 0.6517141 0.2934062 0.6994151 0.882523 0.4702245 -0.006485982 0.6301148 0.3097821 0.7120326 0.625866 0.3503642 0.6968046 0.8323199 0.5542475 -0.007300273 0.5943494 0.3719945 0.7129999 0.5866852 0.4127315 0.6967447 0.7744276 0.6326153 -0.00773303 0.5521742 0.4304098 0.7140385 0.7067693 0.707413 -0.006624447 0.4909422 0.4962759 0.7160209 0.52533 0.4879337 0.6971005 0.5448828 0.4627814 0.6992397 0.4786256 0.5348817 0.6962895 0.633835 0.7734441 -0.006121205 0.4217159 0.580772 0.6963186 0.5547009 0.8320339 -0.005154295 0.3797137 0.5861918 0.7156792 0.3669126 0.6150826 0.6978886 0.4694191 0.8829545 -0.006083927 0.3305984 0.6322646 0.7006755 0.2071441 0.6876889 0.6958271 0.2388758 0.664736 0.7078591 0.2894492 0.9571933 0.0003050485 0.2380655 0.6647469 0.7081217 0.3818072 0.9242405 -0.00164775 0.2766943 0.6623446 0.6962327 0.1365026 0.702485 0.6984854 0.1959663 0.980605 0.003335439 0.07373948 0.7109884 0.6993268 0.1085707 0.9940789 0.004416595 0.04212768 0.6999894 0.7129096 0.04716976 0.9988025 0.01298583 0.03285837 0.6981764 0.7151713 0.003750566 0.9999862 0.003682859 0.005203732 0.7164695 0.697599 -0.06566683 0.7081694 0.7029822 -0.03976932 0.700791 0.7122573 -0.105909 0.9943536 0.006654189 -0.04251763 0.6955209 0.7172467 -0.1907379 0.981584 0.01058032 -0.2866133 0.9580138 0.007898198 -0.1884281 0.6758904 0.7125076 -0.1863729 0.7053041 0.6839673 -0.1184725 0.6897256 0.7143129 -0.1194022 0.7146839 0.6891807 -0.3505447 0.6077033 0.7126115 -0.3315746 0.6325581 0.699949 -0.4746641 0.8801548 -0.004640878 -0.3009588 0.6508553 0.6970016 -0.3770246 0.9261873 0.005436389 -0.25698 0.6539516 0.7115536 -0.2605735 0.6851341 0.6802152 -0.3884418 0.6030522 0.696736 -0.5573215 0.8302773 -0.005690017 -0.411485 0.5694988 0.7115836 -0.4485551 0.5598889 0.6966511 -0.6358126 0.7718146 -0.006678518 -0.4684964 0.5251489 0.7104434 -0.4933291 0.5166151 0.6998109 -0.7059031 0.7082189 -0.01126194 -0.5043525 0.4949853 0.7075437 -0.525741 0.485457 0.6985183 -0.7719015 0.6356948 -0.007763741 -0.5306902 0.4563194 0.7142412 -0.5682646 0.4379262 0.6966319 -0.8321622 0.5545002 -0.005969876 -0.5740564 0.3993903 0.7148053 -0.8788914 0.4770178 -0.001973134 -0.6105552 0.3471746 0.7118231 -0.6232244 0.3720322 0.6878833 -0.9242731 0.3816838 -0.006056696 -0.6550411 0.2913445 0.6971654 -0.6435393 0.3178737 0.6962855 -0.9810193 0.1938852 -0.003099806 -0.6997562 0.1575801 0.6967853 -0.9572497 0.289224 -0.004752362 -0.6800065 0.2283728 0.6967331 -0.6515352 0.2548366 0.7145349 -0.9953698 0.09602625 -0.004230347 -0.7086775 0.094657 0.699154 -0.6911904 0.1169744 0.7131429 -0.9950707 -0.09916714 0.0005035238 -0.9817279 -0.1902904 5.07688e-05 -0.6939553 -0.1135747 0.7110041 -0.7149626 -0.09328274 0.6929119 -0.7171009 -0.01271334 0.6968534 -0.9999918 0.003918708 0.0009797468 -0.7035282 0.02819383 0.7101078 -0.7150258 0.0457969 0.6975964 -0.9229548 -0.3847796 -0.009955548 -0.6733225 -0.247284 0.6967693 -0.956438 -0.2918842 -0.005475793 -0.6925712 -0.1837803 0.6975456 -0.6989025 -0.1503124 0.6992434 -0.8805173 -0.4737709 -0.01517854 -0.644531 -0.3146517 0.6968315 -0.6429479 -0.2751061 0.7147969 -0.8288508 -0.5589896 -0.02317214 -0.6121855 -0.3704246 0.6985804 -0.6116299 -0.3398009 0.7144538 -0.7068043 -0.7067585 -0.03033429 -0.5533769 -0.4571033 0.6962978 -0.7723168 -0.6347207 -0.02561808 -0.5673244 -0.4214031 0.7075044 -0.5870975 -0.4067947 0.6998819 -0.4537213 -0.551088 0.7003135 -0.4673544 -0.5261004 0.7104915 -0.6336357 -0.7729208 -0.03315339 -0.5031644 -0.5114752 0.6965764 -0.519851 -0.4761765 0.7092326 -0.4190762 -0.5943509 0.6863834 -0.3422184 -0.6154013 0.7100477 -0.4770674 -0.87847 -0.02640496 -0.3058501 -0.6486827 0.6968977 -0.3839252 -0.9229609 -0.02728601 -0.2651365 -0.646972 0.7149335 -0.2449159 -0.6727547 0.6981528 -0.2898735 -0.9568193 -0.02168128 -0.2071404 -0.6830978 0.7003358 -0.1962209 -0.9804893 -0.01175191 -0.1471315 -0.7021107 0.6967015 -0.1787427 -0.6804568 0.7106543 -0.008624619 -0.7157588 0.6982943 -0.03588164 -0.7049656 0.7083332 -0.09833974 -0.9951464 -0.003608843 -0.07401525 -0.7137979 0.6964297 -0.108346 -0.6961419 0.7096813 -0.5876262 -0.4594364 -0.6660433 -0.5259521 -0.517195 -0.6751917 -0.6355015 -0.497284 -0.5906323 -0.6538883 -0.5322271 -0.53774 -0.6403962 -0.4906601 -0.5908852 -0.7743292 -0.4841958 -0.4073926 -0.736917 -0.451149 -0.5034064 -0.7242289 -0.4866535 -0.4885293 -0.6900878 -0.4904564 -0.5321948 -0.6873844 -0.5195143 -0.5075506 -0.6731843 -0.4473955 -0.5887786 -0.8138657 -0.4449236 -0.3737187 -0.7760835 -0.4264976 -0.4645365 -0.8453814 -0.4311284 -0.3153706 -0.7700241 -0.4593119 -0.4428268 -0.7639038 -0.4605876 -0.4520067 -0.9128427 -0.3431607 -0.2212668 -0.824798 -0.3409399 -0.4510747 -0.813864 -0.4449209 -0.3737255 -0.8887549 -0.3649998 -0.2772902 -0.881543 -0.3519845 -0.3146249 -0.8815439 -0.3519791 -0.3146284 -0.8953519 -0.2434899 -0.3729042 -0.9686663 -0.2000389 -0.1472073 -0.9411051 -0.1659562 -0.2945839 -0.9969213 -0.02920111 -0.0727676 -0.9967502 -0.030773 -0.07444566 -0.9999481 -0.009671181 0.003218064 -0.9371285 -0.08592115 -0.3382421 -0.994115 -0.002302478 -0.1083058 -0.9950658 -0.001213266 -0.09920994 -0.9997756 -0.000703251 0.0211705 -0.9835591 -0.01739733 -0.1797467 -0.9895446 -0.02516095 -0.1420156 -0.9985517 -0.0009116437 -0.05379233 -0.9831474 0.002483808 0.1827976 -0.9990157 0.0007647605 -0.04435065 -0.995749 0.0006411822 0.09210649 -0.9989709 0.0007589535 -0.04534869 -0.9894957 0.0002166253 -0.1445621 -0.9868468 0.08411298 -0.1380519 -0.8695671 0.06366354 -0.4896937 -0.9698978 0.0484 -0.238654 -0.8731117 0.03139474 -0.4865083 -0.9999907 0.002031535 -0.003802285 -0.9010766 0.06341131 -0.4289987 -0.9811395 0.175482 -0.08106388 -0.9764139 0.1564945 -0.1487458 -0.9707254 0.1441493 -0.1921279 -0.9791245 0.1212256 -0.1631548 -0.9940089 0.08383266 -0.07013188 -0.9519126 0.1342742 -0.2753775 -0.9297122 0.1908325 -0.3149892 -0.978812 0.1804158 -0.09683597 -0.970138 0.2361152 -0.0555147 -0.9554992 0.2614239 -0.1366707 -0.9680292 0.2415024 -0.0677947 -0.9032714 0.2710919 -0.3325807 -0.8219444 0.2749973 -0.4987824 -0.8740913 0.2268463 -0.4295406 -0.9412344 0.3331271 -0.05571448 -0.8855083 0.4382351 -0.1543536 -0.888712 0.411124 -0.2028991 -0.9231964 0.3636096 -0.1244847 -0.8908837 0.354493 -0.2840087 -0.8574852 0.3669847 -0.3606126 -0.8376717 0.4904696 -0.2403034 -0.8515803 0.4747162 -0.222386 -0.8749257 0.412598 -0.2535112 -0.8789618 0.4706213 -0.07708251 -0.8287479 0.5529606 -0.08608991 -0.7413305 0.6533106 -0.1536698 -0.726467 0.6534387 -0.2127524 -0.7998511 0.5930451 -0.09238833 -0.7955037 0.5516732 -0.2506601 -0.8450009 0.5019021 -0.1845745 -0.8432048 0.498261 -0.2018456 -0.7717552 0.6350692 -0.03287888 -0.7104151 0.7031977 -0.02869645 -0.735842 0.675871 -0.04165282 -0.7358457 0.6758669 -0.04165428 -0.5630873 0.8262488 -0.01566992 -0.5646067 0.8247177 -0.03255646 -0.6416809 0.7666298 -0.02289739 -0.5959465 0.7667483 -0.238631 -0.6612415 0.750167 0.003037984 -0.6626345 0.7489252 0.005152669 -0.6692459 0.7035025 -0.2391528 -0.496404 0.8675719 0.03003362 -0.5009549 0.8438068 -0.192443 -0.5765056 0.8169261 0.01652351 -0.5765052 0.8169266 0.01651561 -0.2814612 0.9568711 0.07195402 -0.3323825 0.916656 -0.2219544 -0.3005963 0.9537067 -0.009238328 -0.3780936 0.9219797 0.08365823 -0.3919784 0.9198972 -0.01192145 -0.3834103 0.9203251 0.07744812 -0.4155535 0.8958007 -0.1576591 -0.2769699 0.9577811 0.07709158 -0.2033083 0.9790909 -0.00684468 -0.2317077 0.9475167 -0.2202809 -0.05699773 0.9968168 0.05574533 -0.1233276 0.9720286 -0.1998766 -0.1029853 0.9946747 -0.004022262 -0.1686535 0.981242 0.09338151 -0.1716584 0.9810409 0.08995644 -0.05595552 0.9968081 0.0569443 -0.003120616 0.9999939 0.001586158 -0.02068453 0.9831702 -0.1815172 0.1054705 0.9944177 -0.00305529 0.1098297 0.9920538 0.06137315 0.06613867 0.9752045 -0.2111914 0.02717781 0.9982572 -0.05238334 0.1172623 0.9905661 0.07091092 0.2054863 0.9786348 -0.007025593 0.1596739 0.9653002 -0.2066394 0.3293031 0.9413367 0.07378855 0.266443 0.9380483 -0.2215253 0.3013771 0.9534725 -0.007879647 0.2265413 0.9683831 0.1044667 0.2217158 0.9701932 0.0978129 0.3318497 0.9401447 0.07748359 0.3940894 0.9190082 -0.0108356 0.3660452 0.9024299 -0.2272249 0.481262 0.876479 -0.01309417 0.4310121 0.8983598 0.08472444 0.4296242 0.8991809 0.08304701 0.486619 0.8733817 -0.02015728 0.457037 0.8617963 -0.2200553 0.4291318 0.8980694 0.09652593 0.5394322 0.7967317 -0.2724546 0.5282165 0.823465 -0.2071055 0.5761297 0.8171282 -0.01939254 0.5285118 0.8473847 0.05113092 0.5284738 0.847415 0.05102293 0.6985591 0.7092924 -0.09444291 0.6261614 0.7538285 -0.1991591 0.7398897 0.6718091 -0.03515313 0.6246922 0.7808582 0.004491344 0.7107554 0.7030116 -0.02452534 0.7093584 0.6682226 -0.2242525 0.6897779 0.6931666 -0.2091089 0.8114609 0.5405961 -0.2220067 0.8159835 0.5448758 -0.1930837 0.8290115 0.552456 -0.08678895 0.7681129 0.609308 -0.1968409 0.7682123 0.6314722 -0.1053221 0.8789086 0.4703575 -0.07926899 0.8593729 0.4696123 -0.2023427 0.8431072 0.4869891 -0.2280612 0.9045267 0.4162233 -0.09268014 0.9273794 0.3712012 -0.04665943 0.9226416 0.364097 -0.127145 0.8666621 0.3860492 -0.3160108 0.8796879 0.4499851 -0.1538267 0.8726819 0.4608209 -0.1614634 0.8726814 0.4608217 -0.1614635 0.8681227 0.3475523 -0.3543591 0.8209882 0.367826 -0.4366719 0.8910177 0.3007602 -0.3400453 0.9552469 0.2605672 -0.140029 0.9605519 0.275267 -0.03959995 0.9753827 0.1840487 -0.1214688 0.9940554 0.08159666 -0.07208179 0.9413592 0.04534367 -0.3343453 0.991871 0.1051109 -0.07171948 0.9935245 0.0322123 -0.1089557 0.9999112 -0.004547317 0.01252825 0.9944854 0.03763252 -0.09789063 0.9899623 0.01668706 -0.1403429 0.998326 -0.0004960886 -0.05783613 0.9804646 1.781822e-06 -0.1966956 0.9952359 6.662345e-05 -0.0974958 0.9925799 -0.009658369 -0.1212103 0.9914583 -0.001016406 -0.1304204 0.9992122 0.003127175 0.03956227 0.9936821 -0.0005936545 -0.1122294 0.9995794 -0.01861054 -0.02224114 0.9999686 0.002399693 0.007549464 0.9995021 -0.02060334 -0.02389757 0.9731991 -0.05555728 -0.2231523 0.9999382 -0.01075074 0.002834524 0.9905641 -0.1127726 -0.07787868 0.9999431 -0.008829023 -0.005991305 0.9779051 -0.1021682 -0.182382 0.9905637 -0.1127673 -0.07789156 0.9685824 -0.2001266 -0.1476398 0.9835667 -0.1099044 -0.1432393 0.9397789 -0.1036926 -0.3256739 0.9104727 -0.318989 -0.2632213 0.7797202 -0.4832767 -0.3980954 0.7137038 -0.5144576 -0.4753528 0.6443203 -0.5313046 -0.5500606 0.5969581 -0.528063 -0.6039789 0.5197152 -0.5254112 -0.6736759 0.4490243 -0.434291 -0.7808767 0.4654416 -0.5058144 -0.7263029 0.5259205 -0.4429561 -0.7260837 0.5675461 -0.4080924 -0.7150888 0.2125693 -0.5187223 -0.8280951 0.2460003 -0.3608103 -0.8996109 0.269489 -0.4877229 -0.8303626 0.2635111 -0.2678047 -0.9267376 0.3028667 -0.4831344 -0.8214943 0.3526084 -0.3887557 -0.851197 0.4040015 -0.5079158 -0.7607919 0.3896736 -0.4738109 -0.7897201 0.3995728 -0.4442553 -0.8018596 0.1926475 -0.3227121 -0.9266843 0.149642 -0.4664533 -0.8717962 0.1277536 -0.5033776 -0.8545701 0.06660942 -0.4596313 -0.8856084 0.1006384 -0.3326882 -0.9376516 0.1277543 -0.5033806 -0.8545682 -0.09793272 -0.3378106 -0.9361053 -0.04773237 -0.4547565 -0.8893358 -0.0146771 -0.462974 -0.8862503 0.002666008 -0.3867204 -0.9221932 0.04093501 -0.4638204 -0.884983 -0.2619514 -0.3244745 -0.9088992 -0.2013521 -0.5162505 -0.8324318 -0.271002 -0.4944682 -0.8258687 -0.1876682 -0.3277458 -0.9259392 -0.4334807 -0.300426 -0.8496109 -0.3985766 -0.4173917 -0.8166522 -0.3850683 -0.5132012 -0.7670378 -0.3549403 -0.5275573 -0.7718165 -0.3578698 -0.3576774 -0.8625521 -0.2839356 -0.5080941 -0.8131549 -0.2839351 -0.5080957 -0.8131541 -0.5414033 -0.4627615 -0.7019503 -0.5302793 -0.5050443 -0.6809803 -0.4706548 -0.5168873 -0.7150606 -0.5158797 -0.3715574 -0.7718894 -0.472772 -0.4429235 -0.7617778 -0.4499689 -0.5062072 -0.7357189 -0.2956552 -0.6989598 0.651186 -0.269353 -0.7075316 0.6533361 -0.3830622 0.004401543 0.923712 -0.2381066 -0.6947713 0.6786738 -0.1955227 0.003974934 0.9806911 -0.1705297 -0.6950079 0.6984867 -0.1305277 -0.7077718 0.6942778 -0.5536187 0.006172439 0.8327474 -0.4143498 -0.7066724 0.5735228 -0.3890294 -0.6932974 0.6066257 -0.3399883 -0.6960777 0.6323636 -0.4509459 -0.6946283 0.5604813 -0.7047504 0.008129931 0.7094088 -0.4936336 -0.6987409 0.5177712 -0.5681163 -0.6943197 0.4417738 -0.5277082 -0.6981674 0.4838248 -0.5053235 -0.706154 0.4959786 -0.9215948 0.005045865 0.3881206 -0.6566482 -0.6988817 0.2835093 -0.8792242 0.006118621 0.476369 -0.6376811 -0.6987917 0.3241188 -0.6099862 -0.6955838 0.3795788 -0.9553234 0.003782744 0.2955384 -0.6812832 -0.6958712 0.2271925 -0.6584273 -0.7071998 0.2575691 -0.9799285 0.002461203 0.1993342 -0.7008646 -0.6959825 0.1561958 -0.6811351 -0.7073637 0.1889221 -0.9949407 0.001421816 0.1004534 -0.7078447 -0.6998758 0.09555 -0.6967761 -0.7075241 0.1179526 -0.9999997 0.000734088 7.581077e-05 -0.7124733 -0.6999766 0.04913702 -0.703458 -0.7071265 0.07154715 -0.9949437 0.0007730878 -0.1004311 -0.7177312 -0.6962288 -0.01128521 -0.7061467 -0.7076217 0.02506516 -0.9798872 0.001430304 -0.199547 -0.7128452 -0.6961752 -0.08480468 -0.7049719 -0.7076574 -0.04728254 -0.6745999 -0.7076742 -0.2100291 -0.6898016 -0.6990316 -0.1884904 -0.9552015 0.002728168 -0.2959436 -0.7000977 -0.6990465 -0.1455928 -0.6964519 -0.7076066 -0.1193633 -0.6736499 -0.6960534 -0.248406 -0.9212445 0.004210446 -0.3889613 -0.6498289 -0.7074113 -0.2780137 -0.6449281 -0.6957533 -0.31622 -0.8786586 0.005430812 -0.4774196 -0.6128623 -0.6989997 -0.3685095 -0.8149239 0.00796678 -0.5795131 -0.5880522 -0.6986531 -0.4075272 -0.7026496 0.008316209 -0.7114875 -0.5549915 -0.6940215 -0.4586051 -0.5682541 -0.70615 -0.4224209 -0.5545679 0.00779637 -0.832102 -0.3958179 -0.7072103 -0.5858172 -0.4222196 -0.6978424 -0.5785729 -0.4633781 -0.6929767 -0.5523261 -0.5033954 -0.6917034 -0.5178219 -0.5222972 -0.7059446 -0.4783804 -0.3811109 0.006262886 -0.9245081 -0.3095847 -0.6938616 -0.6501641 -0.369992 -0.6937557 -0.6179069 -0.202596 -0.6942696 -0.6906117 -0.1519436 -0.6930024 -0.7047416 -0.1967679 0.004200844 -0.9804411 -0.2473377 -0.6985898 -0.6714137 -0.2679431 -0.7077463 -0.6536832 -0.02290741 0.003315376 -0.9997321 -0.07373149 -0.6950751 -0.7151464 -0.1086987 -0.7074082 -0.6983969 0.09818348 0.001270606 -0.9951675 0.05586578 -0.6978439 -0.7140678 -0.005762501 -0.6974247 -0.7166349 0.2175461 0.00439026 -0.9760402 0.1241203 -0.6963631 -0.7068752 0.08610544 -0.7080123 -0.7009311 0.2470839 -0.7072345 -0.6623963 0.2252668 -0.6969275 -0.6808428 0.3834109 0.006872485 -0.9235523 0.1864317 -0.6971662 -0.6922445 0.157594 -0.7077465 -0.6886647 0.2903207 -0.692908 -0.6599943 0.5534199 0.009110014 -0.8328526 0.3492048 -0.6916944 -0.632151 0.4428416 -0.695987 -0.5652374 0.4866557 -0.6930374 -0.531851 0.703541 0.01162201 -0.7105596 0.4021646 -0.6987183 -0.5916556 0.3769849 -0.7070405 -0.598311 0.6017426 -0.698527 -0.3872543 0.5747881 -0.6977947 -0.4274355 0.8148907 0.009064367 -0.5795437 0.5412322 -0.6937665 -0.4751376 0.5058227 -0.7068695 -0.494448 0.6828294 -0.6993717 -0.211242 0.6680127 -0.7071586 -0.2317018 0.9553366 0.002964953 -0.295505 0.6657659 -0.6954835 -0.2702934 0.9210272 0.004816425 -0.3894686 0.641156 -0.7063599 -0.2999578 0.8787028 0.005516394 -0.4773374 0.6355389 -0.6945055 -0.337272 0.6079632 -0.7058004 -0.3636296 0.9949044 0.001975161 -0.1008034 0.7094204 -0.6965128 -0.1076689 0.9796387 0.001770826 -0.2007606 0.6931242 -0.7062498 -0.1441877 0.6970527 -0.697758 -0.1650794 0.9999991 0.001331752 -0.0002409134 0.7166592 -0.6965757 -0.03437896 0.7026786 -0.7080555 -0.07000223 0.7001968 -0.7075223 0.09558552 0.7105885 -0.699829 0.07282373 0.994934 0.001019642 0.1005246 0.7136487 -0.699982 0.02703149 0.7060975 -0.7081103 0.00249049 0.7055199 -0.6959848 0.133592 0.9799175 0.001226967 0.1993994 0.6869955 -0.7072646 0.1667754 0.6884015 -0.6956746 0.2052809 0.9552678 0.002031406 0.295735 0.6665655 -0.7069467 0.2364673 0.6652855 -0.6992496 0.2616204 0.9212449 0.002268276 0.3889765 0.64974 -0.7065425 0.2804205 0.4672568 -0.6928898 0.5491583 0.4875288 -0.706874 0.5124889 0.7047573 0.007275258 0.7094112 0.5104174 -0.6988301 0.5011094 0.5444636 -0.6967305 0.4670395 0.5819018 -0.6935987 0.4246306 0.8151712 0.005530414 0.5791937 0.594808 -0.7060607 0.3842937 0.8791383 0.002598291 0.4765596 0.6232502 -0.6938932 0.360654 0.6470456 -0.6985368 0.3055787 0.4133817 -0.6933646 0.5902212 0.5551502 0.006495465 0.8317248 0.372846 -0.7069419 0.601015 0.3514151 -0.6963812 0.6257481 0.3815205 0.004553544 0.9243492 0.3006857 -0.6968742 0.6511179 0.1503302 -0.6937139 0.7043876 0.2030713 -0.6961639 0.6885622 0.07376757 -0.6954791 0.7147497 0.1087129 -0.7072982 0.6985061 0.1962767 0.002831405 0.9805445 0.247719 -0.6990238 0.6708212 0.2678057 -0.7075214 0.6539829 -0.107326 -0.699116 0.7069073 -0.06278117 -0.6984745 0.7128758 -3.643815e-06 0.003684007 0.9999932 -0.0003514062 -0.6955556 0.7184722 -0.4818604 0.8761613 -0.01232626 -0.4978684 0.8637385 -0.07799291 -0.4836499 0.8750544 0.01904026 -0.9942367 0.09624902 -0.04721864 -0.9787686 0.1952277 -0.06243573 -0.954077 0.2838328 -0.0957919 -0.918611 0.3901791 -0.06256219 -0.951641 0.3037438 -0.04603347 -0.9773722 0.2095018 -0.02920042 -0.05351653 0.9984828 0.01296576 0.000213595 0.9999989 -0.001466646 -0.1022717 0.9947554 -0.001495054 -0.99161 -0.03815606 0.1235058 -0.9879076 -0.01757589 0.1540446 -0.9660022 -0.0780073 0.2464847 -0.9938091 -0.06249234 0.09185998 -0.9747906 -0.1288635 0.1821467 -0.9455986 -0.1958964 0.2597458 -0.999982 0.003846809 -0.004602069 -0.9947646 -0.07988986 0.06372581 -0.978517 -0.164875 0.1237769 -0.9529174 -0.249042 0.172993 -0.9197255 -0.3314014 0.2104238 -0.9999847 0.005125701 -0.002088626 -0.9950185 -0.0924303 0.03734821 -0.9792781 -0.1903453 0.06915956 -0.9538502 -0.2858903 0.09185098 -0.9200165 -0.3774883 0.1052244 -0.8786972 -0.4644969 0.1101538 -0.9939449 0.108729 -0.01586254 -0.9999866 0.00516954 0.0001986201 -0.994709 -0.1019621 0.01256176 -0.9778864 -0.2083308 0.01834156 -0.9503722 -0.3106404 0.0171799 -0.9134516 -0.4068301 0.009766819 -0.8683374 -0.4959683 -0.002367876 -0.8042652 -0.593898 -0.02103921 -0.9535834 -0.03727416 0.2988133 -0.9276976 -0.1205425 0.3533364 -0.9090457 -0.2631696 0.3230754 -0.8800888 -0.4117698 0.2364091 -0.8159371 -0.5662927 0.1164439 -0.7233151 -0.6871916 0.06769759 -0.7210188 -0.6909901 -0.05161973 -0.8120991 -0.5804419 -0.05985167 -0.8651193 -0.4996124 -0.04422814 -0.9109721 -0.4114377 -0.02913427 -0.9486007 -0.3160651 -0.01610827 -0.9767588 -0.2142425 -0.006517705 -0.9941827 -0.1077004 -0.001198391 -0.9999997 0.0006980267 -0.0002833562 -0.9941971 0.1075305 -0.003052617 -0.9776811 0.2099347 -0.008197317 -0.9517802 0.3064494 -0.01425346 -0.917687 0.3967991 -0.02002738 -0.8761471 0.4814099 -0.02471542 -0.8276704 0.5605345 -0.02761866 -0.8456882 -0.08831091 0.5263199 -0.7849115 -0.1209445 0.6076894 -0.8315981 -0.2150659 0.5120462 -0.759701 -0.2746551 0.5894226 -0.8043101 -0.41215 0.4280393 -0.6776536 -0.3990943 0.6176644 -0.7178144 -0.5439061 0.4346362 -0.5815663 -0.5563849 0.5934783 -0.6046716 -0.6847851 0.4067451 -0.5186553 -0.7594674 0.3926906 -0.4351508 -0.283537 0.854547 -0.3010725 -0.4012457 0.8650764 -0.3647935 -0.6427371 0.6736577 -0.2068547 -0.9770144 0.05151694 -0.2984492 -0.9095786 0.2891278 -0.2198454 -0.9322244 0.2874467 -0.2139079 -0.7705601 0.6004003 -0.1642782 -0.5244043 0.8354716 -0.7017004 -0.1571156 0.6949326 -0.6035031 -0.255438 0.755338 -0.5083211 -0.402142 0.761506 -0.4494919 -0.5505028 0.703494 -0.4102921 -0.8322363 0.3728849 -0.3992337 -0.9148684 0.06023508 -0.3053583 -0.9506928 0.05421673 -0.9037763 -0.06070341 0.4236786 -0.8816231 -0.1659726 0.4418075 -0.8671372 -0.3309783 0.3721914 -0.8196046 -0.5071932 0.2664646 -0.726622 -0.6400372 0.2497456 -0.6054518 -0.7685517 0.2067761 -0.582218 -0.8128219 0.01851409 -0.4941162 -0.8674431 0.05823729 -0.985283 -0.0117097 0.1705295 -0.9441693 -0.0252736 0.3284897 -0.8849468 -0.04164949 0.4638259 -0.8164557 -0.06094695 0.5741825 -0.7454543 -0.08356996 0.6612971 -0.6616647 -0.1104387 0.741622 -0.5499221 -0.1787318 0.815868 -0.1052836 -0.9568672 0.2707776 -0.08198154 -0.8511754 0.5184394 0.00234034 -0.965493 0.2604185 -0.005449579 -0.8294108 0.5586126 0.1099198 -0.9571334 0.26798 0.09668165 -0.8295334 0.5500245 0.2156481 -0.9319252 0.2915671 0.2186263 -0.7735822 0.5947882 0.3070934 -0.9024725 0.3020547 0.583984 -0.6951686 0.4191697 0.4448984 -0.7183911 0.5347706 0.5560303 -0.5591905 0.6149279 0.5005534 -0.4170884 0.7586063 0.4267483 -0.2712001 0.8627494 0.9530679 -0.03798919 0.3003637 0.9031995 -0.06215576 0.4246967 0.8826496 -0.03123389 0.4689926 0.9657616 -0.07846507 0.2472809 0.9275762 -0.1211892 0.3534338 0.9455198 -0.1962757 0.2597462 0.9746088 -0.1293603 0.1827664 0.9936696 -0.06307819 0.09296114 0.9876173 -0.01766507 0.1558847 0.9914285 -0.03841145 0.1248765 0.9999913 0.002868732 -0.003014447 0.726622 -0.6400372 0.2497456 0.7178144 -0.5439061 0.4346362 0.6776536 -0.3990943 0.6176644 0.6140387 -0.2695145 0.7418345 0.5464062 -0.1737063 0.8193084 -0.1044923 -0.9932212 0.05092079 0.000571741 -0.9987434 0.05011372 0.1057919 -0.9932365 0.04784646 0.2083843 -0.976972 0.04584338 0.3084785 -0.9501682 0.04495957 0.4247705 -0.8918214 0.1556425 0.4397447 -0.8266813 0.3510307 0.5942978 -0.7773049 0.206415 0.723818 -0.6867083 0.06722555 0.5771983 -0.8164137 0.01763035 0.4626862 -0.8854262 -0.04406711 0.3968275 -0.9178375 0.01011468 0.8200447 -0.56093 0.1135084 0.8242527 -0.5024031 0.2611486 0.8097683 -0.4094144 0.4203036 0.7667388 -0.2748613 0.5801404 0.7078189 -0.1656167 0.6867048 0.6548203 -0.1066179 0.7482265 0.9528655 -0.2492033 0.1730463 0.9783615 -0.1654241 0.1242727 0.9946413 -0.08077028 0.06453612 0.9999892 0.002836468 -0.003677343 0.8686513 -0.4954154 -0.002903458 0.8791241 -0.4638853 0.1093221 0.880563 -0.4113206 0.2354234 0.8676384 -0.3311839 0.370838 0.8321658 -0.2160532 0.5107065 0.7848154 -0.1240444 0.6071884 0.7429228 -0.07988388 0.6645933 0.9106392 -0.4121979 -0.02879606 0.9135602 -0.4065917 0.009540341 0.9201962 -0.37716 0.10483 0.919908 -0.3311962 0.2099484 0.9092169 -0.2634354 0.3223763 0.8817959 -0.1667934 0.4411531 0.8452629 -0.09057206 0.5266188 0.8099727 -0.05068206 0.5842735 -0.003565799 -0.5726942 0.8197614 0.9538071 -0.2860361 0.091844 0.9791278 -0.1910199 0.06942772 0.9948966 -0.09356479 0.03776773 0.9999914 0.003813665 -0.001645346 0.9942959 0.09637331 -0.04569401 0.7457778 -0.6583925 -0.1016602 0.6903575 -0.7185763 -0.08399226 0.7153017 -0.6965953 -0.05566399 0.6208195 -0.7798387 -0.08021659 0.5504676 -0.8320343 -0.06858856 0.4709324 -0.8797118 -0.06580134 0.3864955 -0.9205665 -0.05637855 0.2968882 -0.9540301 -0.04103571 0.2019705 -0.9791269 -0.02276684 0.1022139 -0.9947374 -0.007057356 -0.0005823666 -0.9999997 -0.0004485098 -0.1030251 -0.9946589 -0.006283304 -0.2021204 -0.9791293 -0.02128864 -0.2964372 -0.954255 -0.03901756 -0.3856499 -0.9210617 -0.05403199 -0.4699662 -0.8804105 -0.06331856 -0.5540928 -0.8292179 -0.0733406 -0.6124487 -0.7849246 -0.09380806 -0.6919588 -0.7160088 -0.09232814 -0.7325592 -0.6686757 -0.1273965 0.9783858 0.1841424 -0.09408921 0.9399155 0.2544725 -0.2276019 0.954077 0.2838328 -0.0957919 0.9787686 0.1952277 -0.06243573 0.994019 0.1079129 -0.01676477 0.999993 0.003747773 0.0001477144 0.9945739 -0.1032712 0.01256568 0.977705 -0.2091777 0.01837719 0.9502811 -0.3109208 0.01714927 0.9188962 0.3892226 -0.06430806 0.9519592 0.3024518 -0.04792254 0.9776312 0.208044 -0.03090285 0.5726266 0.8194933 -0.02301052 0.632862 0.7722365 -0.05600409 0.9481805 -0.3173236 -0.01611059 0.9764179 -0.215783 -0.006770866 0.9940168 -0.1092162 -0.001543349 0.9999998 -0.000429685 -0.0005306398 0.9942553 0.1069904 -0.003072322 0.9776755 0.2099698 -0.007961565 0.9516531 0.3068632 -0.0138308 0.917442 0.3973904 -0.01951912 0.8758378 0.4819971 -0.0242259 0.8272196 0.561204 -0.02752711 0.7719736 0.6348417 -0.03213798 0.7672808 0.6335211 -0.09965498 -0.3914285 0.9201876 -0.006198309 -0.2973419 0.9547635 -0.003800678 -0.20461 0.9788412 -0.002171582 0.3910359 0.9203543 -0.006239773 0.2972517 0.9547937 -0.003245446 0.2045437 0.978857 -0.0009332421 0.1022901 0.994754 -0.00113624 -0.3792843 0.8948339 -0.2354053 0.7008401 0.005425646 0.7132978 0.5522697 0.006449876 0.8336406 0.3815575 0.00394532 0.9243367 0.195077 0.001712927 0.9807864 0.6007257 0.438992 0.6681426 0.5173252 0.4951093 0.6980268 0.5336909 0.3618862 0.7643378 0.6892409 0.2329762 0.6860532 0.6419964 0.2112493 0.7370308 0.5493527 0.1442166 0.8230511 5.281249e-05 0.05480065 0.9984973 0.1965271 0.05442453 0.9789867 0.3828274 0.05282101 0.9223086 0.551763 0.04924408 0.8325459 0.6813991 0.04381263 0.7305996 0.6876803 0.1254272 0.715097 0.7625612 0.1939057 0.6171718 0.7339853 0.3534235 0.5799632 0.7976429 0.3052609 0.5201745 0.7492782 0.4686289 0.4679413 0.850072 0.2586499 0.4587786 0.8097175 0.4062918 0.4234201 0.8991527 0.2063201 0.3859488 0.8698891 0.3315932 0.365156 0.3672145 0.9174637 0.1530159 0.341262 0.9221025 0.182393 0.2130193 0.9687924 0.1267437 0.5727204 0.7252357 0.3821315 0.4064583 0.8869499 0.2193436 0.338288 0.921576 0.1904176 0.2378258 0.9652884 0.107968 0.1606093 0.9846458 0.06839076 0.1330317 0.9879818 0.07870494 0.07881663 0.9959543 0.04316302 0.4965788 0.8357378 0.2344181 0.8119684 0.4894201 0.3180808 0.732361 0.5808883 0.3552692 0.6535772 0.6577092 0.374507 0.6677709 0.3967355 0.6298277 0.6762971 0.5329068 0.5085593 0.04359653 0.986617 0.1571188 0.09240848 0.9794063 0.1795106 0.156017 0.9642149 0.2143555 0.2625242 0.9186183 0.2953328 0.4048716 0.8523038 0.3311454 0.2082177 0.881296 0.4242202 0.131556 0.9093525 0.3946784 0.06268307 0.9233704 0.3787584 0.0008332869 0.927821 0.3730248 -0.07931568 0.8030424 0.59062 0.0007955294 0.8086604 0.5882752 0.08087668 0.803106 0.5903217 0.1676521 0.7855479 0.595657 0.2575013 0.7591962 0.5977576 0.3770224 0.7341998 0.564628 0.5266106 0.646751 0.5517195 0.9723237 0.09932005 0.211476 0.9926917 0.04846183 0.1105199 0.9635638 0.1671543 0.2088164 0.9902608 0.08387693 0.1111228 0.9423409 0.2709366 0.1964357 0.9843061 0.1400953 0.1073074 0.8965914 0.407178 0.1741552 0.9710917 0.2167248 0.1000561 0.8529511 0.4925458 0.1728383 0.9602853 0.2590702 0.1036085 0.8343813 0.5139728 0.1990975 0.9555699 0.2694674 0.1194716 0.8691402 0.4257791 0.2516098 0.9677722 0.2089706 0.1405287 0.909254 0.2885167 0.3000254 0.977124 0.141557 0.1587147 0.9271568 0.1844313 0.3261371 0.9813237 0.09166125 0.1691211 0.9353317 0.1005224 0.3391899 0.9833732 0.05093343 0.174307 0.9375909 0.0353258 0.3459413 0.9838733 0.01866055 0.1778909 0.9831242 0.002626492 0.1829205 0.99431 0.000755749 -0.1065222 0.9699103 4.826463e-05 -0.2434626 0.8667447 -0.005965108 0.4987164 0.8682474 0.005836394 0.4960972 0.7919999 0.008187092 0.6104663 0.7927485 0.05744689 0.6068358 0.9404787 0.1526796 0.303626 0.9222696 0.2510812 0.2938995 0.8798473 0.3935369 0.2664534 0.7946571 0.5660295 0.2193872 0.7130724 0.6712542 0.2023499 0.6810758 0.6945711 0.2317471 0.7360118 0.5981776 0.3169703 0.8138538 0.4150239 0.4066904 0.8498773 0.2656067 0.4551502 0.866003 0.1427068 0.4792427 0.8704415 0.04841525 0.4898853 0.9360685 0.004547161 0.3517885 0.9829836 -0.002085068 0.1836815 0.9999903 0.002725798 0.003448618 0.9999686 0.006521157 0.004511929 0.9999084 0.01290703 0.004086477 0.9997971 0.02000667 0.00233882 0.999937 0.0111707 0.001108966 0.9999813 0.00600711 0.001148358 0.9999073 -0.01336824 -0.002576408 0.9705415 -0.1116525 -0.2135014 0.9683382 -0.2146646 -0.1274369 0.9737676 -0.197595 -0.1128405 0.9453291 -0.08431262 -0.3150307 0.9369933 -0.1486239 -0.3161557 0.9065857 -0.09558773 -0.4110539 0.894759 -0.1720699 -0.4120658 0.8599834 -0.0996695 -0.5004943 0.8455417 -0.1842776 -0.5010997 0.7933551 -0.101548 -0.6002297 0.7774894 -0.1929965 -0.5985504 0.6779098 -0.08571566 -0.7301309 0.6640191 -0.1753641 -0.7268604 0.6919184 -0.4595023 -0.5568721 0.7653824 -0.4372478 -0.4722332 0.8240868 -0.4086111 -0.3923238 0.8825376 -0.357756 -0.3051851 0.9383902 -0.2749113 -0.2093982 0.9179245 -0.2460466 -0.3112486 0.868957 -0.2864217 -0.4035795 0.8153998 -0.3102231 -0.4887584 0.7448048 -0.3294706 -0.5802714 0.6328013 -0.3195244 -0.7053132 0.580406 -0.4560667 -0.6746347 0.2168104 -0.001659839 -0.9762123 0.378551 -0.00644971 -0.925558 0.5501241 -0.008520119 -0.8350394 0.6893513 -0.03492125 -0.723585 0.696496 -0.005681172 -0.7175382 0.8024771 -0.04848743 -0.5947096 0.8057967 -0.009604448 -0.5921144 0.8677481 -0.04770014 -0.49471 0.8707528 -0.009842529 -0.4916225 0.9126431 -0.04646244 -0.4061081 0.9148913 -0.01077017 -0.4035566 0.9494536 -0.04157828 -0.3111417 0.9508831 -0.01062294 -0.3093678 0.977123 -0.03226814 -0.2102126 0.9777753 -0.008930331 -0.2094652 0.9943513 -0.01803022 -0.1045966 0.9944564 -0.005343052 -0.1050136 0.999994 0.001138657 0.003261388 0.9999982 0.0002470765 0.001880692 0.9936271 0.02457563 0.1100053 0.9940832 0.007615789 0.108354 0.9758448 0.05113453 0.2123965 0.9772135 0.01627523 0.2116338 0.9479533 0.07951675 0.3083205 0.9504516 0.02563067 0.3098141 0.9113974 0.1085673 0.3969482 0.9149584 0.03512924 0.4020163 0.8673073 0.1373889 0.4784374 0.8716542 0.04433837 0.4881117 0.8181258 0.1638089 0.5512139 0.8188816 0.04669828 0.5720597 0.7685652 0.04769918 0.6379909 0.5166881 0.8231995 0.2353211 0.5825891 0.7328551 0.3514447 0.7013343 0.5173765 0.4903587 0.762727 0.3328022 0.554518 0.7861606 0.176808 0.5921912 -0.5341137 -0.046983 -0.8441061 -0.3540158 -0.1198953 -0.9275225 -0.3629284 -0.02394171 -0.9315094 -0.1805672 -0.09837976 -0.9786301 -0.1848321 -0.01105327 -0.9827079 -0.02384673 -0.09005977 -0.9956508 -0.02342754 -0.007397515 -0.9996982 0.08873874 -0.0920962 -0.9917881 0.09281091 -0.01004908 -0.995633 0.1984775 -0.09815488 -0.9751781 0.2055869 -0.01447225 -0.9785319 0.3509077 -0.121063 -0.9285513 -0.5496601 -0.007304075 -0.8353565 -0.378273 -0.005999014 -0.9256746 -0.1933225 -0.002671007 -0.9811316 -0.02396274 -0.0006884727 -0.9997126 0.0981266 -7.50853e-06 -0.9951739 -0.1718037 -0.2521403 -0.9523176 -0.02294466 -0.243991 -0.969506 0.08402873 -0.2458003 -0.9656715 0.1879863 -0.2514116 -0.949449 -0.44017 -0.4420536 -0.7815619 -0.3081281 -0.4034434 -0.8615628 -0.1571805 -0.383801 -0.9099401 -0.02123854 -0.3756387 -0.9265228 0.07645044 -0.3772013 -0.9229705 0.1712075 -0.3825918 -0.907916 0.3038451 -0.404899 -0.8624007 -0.5766197 -0.4677597 -0.6698586 -0.6919667 -0.4585227 -0.5576191 -0.871582 0.04289397 0.4883696 -0.9148777 0.03363815 0.4023273 -0.9503724 0.02423918 0.3101691 -0.9771522 0.01516839 0.2119989 -0.9940516 0.006977507 0.1086863 -0.9999977 0.0002113575 0.002117932 -0.9944695 -0.004744089 -0.1049183 -0.9777706 -0.007775005 -0.2095331 -0.9508327 -0.009068222 -0.3095723 -0.9147793 -0.009000881 -0.4038538 -0.8705854 -0.008031089 -0.4919517 -0.5805243 -0.7069873 0.4039313 -0.8156967 0.00742337 0.5784321 -0.8186693 0.04733 0.5723116 -3.995199e-17 0.0008119161 0.9999997 -0.195077 0.001712927 0.9807864 -0.3815575 0.00394532 0.9243367 -0.5522697 0.006449876 0.8336406 -0.6993492 0.006341552 0.714752 -0.8673073 0.1373889 0.4784374 -0.9113974 0.1085673 0.3969482 -0.9479533 0.07951675 0.3083205 -0.9758448 0.05113453 0.2123965 -0.9936271 0.02457563 0.1100053 -0.999994 0.001138657 0.003261388 -0.9943513 -0.01803022 -0.1045966 -0.977123 -0.03226814 -0.2102126 -0.9494536 -0.04157828 -0.3111417 -0.9126431 -0.04646244 -0.4061081 -0.8677481 -0.04770014 -0.49471 -0.7991803 -0.0476827 -0.5991971 -0.6803929 -0.07985561 -0.7284838 -0.5174329 -0.1480488 -0.8428195 -0.3365473 -0.2722212 -0.9014608 -0.850072 0.2586499 0.4587786 -0.8991527 0.2063201 0.3859488 -0.9404787 0.1526796 0.303626 -0.9723237 0.09932005 0.211476 -0.9926917 0.04846183 0.1105199 -0.9999903 0.002725798 0.003448618 -0.9937686 -0.03544409 -0.1056776 -0.9749664 -0.06452749 -0.2127832 -0.9453291 -0.08431262 -0.3150307 -0.9065857 -0.09558773 -0.4110539 -0.8599834 -0.0996695 -0.5004943 -0.7881139 -0.1018342 -0.6070472 -0.6652178 -0.1733747 -0.7262414 -0.4923217 -0.297189 -0.8181064 -0.6817335 0.04338819 0.7303128 -0.6923292 0.1196079 0.7115997 -0.769285 0.04870125 0.6370469 -0.7630034 0.196533 0.6157926 -0.8097175 0.4062918 0.4234201 -0.8698891 0.3315932 0.365156 -0.9222696 0.2510812 0.2938995 -0.9635638 0.1671543 0.2088164 -0.9902608 0.08387693 0.1111228 -0.9999686 0.006521157 0.004511929 -0.9926257 -0.05974639 -0.1054728 -0.9705415 -0.1116525 -0.2135014 -0.9369933 -0.1486239 -0.3161557 -0.894759 -0.1720699 -0.4120658 -0.8455417 -0.1842776 -0.5010997 -0.7706724 -0.1957325 -0.6064263 -0.6348457 -0.3164758 -0.7048503 -0.7260079 0.5913563 0.3510131 -0.8053283 0.5009498 0.3170104 -0.8798473 0.3935369 0.2664534 -0.9423409 0.2709366 0.1964357 -0.9843061 0.1400953 0.1073074 -0.9999084 0.01290703 0.004086477 -0.9896775 -0.09782574 -0.1047309 -0.9598776 -0.1843801 -0.2112796 -0.9179245 -0.2460466 -0.3112486 -0.868957 -0.2864217 -0.4035795 -0.8153998 -0.3102231 -0.4887584 -0.7359261 -0.3349209 -0.5884223 -0.8806408 -0.3693916 -0.2966844 -0.8843794 -0.393859 -0.250496 -0.9683382 -0.2146646 -0.1274369 -0.9737676 -0.197595 -0.1128405 -0.9999813 0.00600711 0.001148358 -0.999937 0.0111707 0.001108966 -0.9555699 0.2694674 0.1194716 -0.9602853 0.2590702 0.1036085 -0.8343813 0.5139728 0.1990975 -0.8529511 0.4925458 0.1728383 -0.6810758 0.6945711 0.2317471 -0.7130724 0.6712542 0.2023499 -0.5380392 0.8096707 0.2344081 -0.5757348 0.7899419 0.2110006 -0.3908133 0.9055782 0.1649032 -0.5845375 0.7797499 0.22429 -0.6686304 0.7038533 0.2398415 -0.7946571 0.5660295 0.2193872 -0.8965914 0.407178 0.1741552 -0.9710917 0.2167248 0.1000561 -0.9997971 0.02000667 0.00233882 -0.9831212 -0.1497616 -0.1050909 -0.9383902 -0.2749113 -0.2093982 -0.8825376 -0.357756 -0.3051851 -0.8240868 -0.4086111 -0.3923238 -0.7638478 -0.4274557 -0.4835474 -0.482448 0.8442643 0.2333704 -0.6466768 0.6657169 0.3723307 -0.7443791 0.4739575 0.4703872 -0.7945471 0.3085587 0.5229592 -0.8164416 0.1653179 0.5532568 -0.6948184 0.2414538 0.6774419 -0.6673756 0.3983922 0.6292006 -0.733453 0.3553084 0.5794847 -0.6047877 0.587131 0.5380603 -0.6756765 0.5342166 0.5080098 -0.5018106 0.7590676 0.4147319 -0.5833669 0.7129661 0.3890532 -0.4201328 0.8571364 0.2980028 -0.4205745 0.8845408 0.2017537 -0.6013821 0.4414331 0.6659403 -0.633033 0.2404381 0.7358388 -0.5323155 0.3636625 0.7644539 -0.4020444 0.7070249 0.581787 -0.4394363 0.4764088 0.7615316 -0.3282667 0.6351524 0.6991583 -0.3511707 0.5234974 0.7762922 -0.5165669 0.4988468 0.6959242 -0.4584011 0.6542734 0.6014937 -0.5424601 0.6223202 0.5643178 -0.4080632 0.7642254 0.4994436 -0.4443888 0.8092901 0.384146 0.3862944 0.1680813 0.9069318 0.1990665 0.1791647 0.963469 0.000188895 0.182868 0.9831375 -0.1986673 0.1789244 0.9635961 -0.196384 0.05423929 0.9790258 -0.3858922 0.1676537 0.9071821 -0.3826164 0.05240312 0.92242 -0.5482264 0.1439206 0.8238535 -0.5514936 0.04855167 0.832765 0.5317399 0.2650622 0.8043598 0.3844742 0.2947108 0.8748286 0.1984237 0.316054 0.9277596 0.000348601 0.3234127 0.9462579 -0.1977709 0.3158793 0.9279585 -0.3839442 0.2943913 0.8751689 -0.5332125 0.2645952 0.8035383 -0.2922966 0.734879 0.6119768 -0.1558876 0.7661338 0.6234886 -0.2725132 0.8192752 0.5045044 -0.2978406 0.9134597 0.2772767 -0.3474551 0.8501457 0.3956353 -0.2358492 0.8897983 0.3906843 -0.1375645 0.8482778 0.5113714 0.0008188141 0.778268 0.6279317 0.1728002 0.6705094 0.7214965 0.3383459 0.5324993 0.775865 -0.3215886 0.9298527 0.1787591 0.4486134 0.5038293 0.7381749 0.4680239 0.6483432 0.6005038 0.3935782 0.6942717 0.6025637 0.4095195 0.7678164 0.4926984 0.2687139 0.8210595 0.5036409 0.2373477 0.8894667 0.3905318 0.1182917 0.9146788 0.3864838 0.09541176 0.9628091 0.2527752 0.0009047074 0.9685074 0.248983 0.001173681 0.9947559 0.1022708 -0.06787624 0.9918221 0.1080822 -0.04454128 0.9988478 0.01786366 -0.09462091 0.9948371 0.03668817 -0.07540321 0.996238 0.04271091 -0.128903 0.9885847 0.07800187 -0.1515578 0.9663402 0.2078865 -0.2449615 0.9256255 0.2884637 0.3261102 0.6357315 0.699641 0.1573908 0.7659333 0.6233573 0.0008376269 0.8586911 0.5124928 -0.1166536 0.9148665 0.3865375 -0.1913544 0.9454926 0.2634904 -0.2254666 0.9627702 0.1491249 -0.256122 0.9599678 0.113417 0.2899604 0.7354468 0.6124059 0.1391263 0.8480771 0.5112818 0.0008660464 0.922976 0.3848566 -0.0936786 0.9629755 0.2527894 -0.1408228 0.9822439 0.1239587 -0.156477 0.9853621 0.06765017 -0.2074841 0.9701105 0.1258413 -0.3336756 0.9250182 0.1816646 -0.3938931 0.8585933 0.3281247 -0.5947527 0.7250351 0.3472656 -0.6990442 0.520999 0.4897931 -0.7360118 0.5981776 0.3169703 -0.8138538 0.4150239 0.4066904 -0.8691402 0.4257791 0.2516098 -0.909254 0.2885167 0.3000254 -0.9677722 0.2089706 0.1405287 -0.977124 0.141557 0.1587147 -0.9999073 -0.01336824 -0.002576408 -0.762727 0.3328022 0.554518 -0.8498773 0.2656067 0.4551502 -0.9271568 0.1844313 0.3261371 -0.9813237 0.09166125 0.1691211 -0.3761288 0.4136824 0.8290923 -0.1927487 0.4427421 0.8756868 0.0004995738 0.4531435 0.8914374 0.1936453 0.4428611 0.8754288 0.3694661 0.4082632 0.834755 -0.5254358 0.6563952 0.5413525 -0.6135459 0.06804314 0.786722 -0.7114314 0.06333925 0.6998953 -0.7036514 0.203641 0.6807386 -0.7861606 0.176808 0.5921912 -0.7926281 0.05840923 0.6069012 -0.866003 0.1427068 0.4792427 -0.8703944 0.04906888 0.4899039 -0.9353317 0.1005224 0.3391899 -0.9375497 0.03580949 0.3460033 -0.9833732 0.05093343 0.174307 -0.9360095 0.004467534 0.3519465 -0.8681804 0.005761595 0.4962153 -0.7913979 0.007250529 0.6112584 0.3432481 0.8516486 0.3960749 0.1930224 0.9451769 0.2634066 0.06993401 0.9917918 0.1070437 0.001529305 0.9999322 0.01154296 -0.03448877 0.9991826 0.02108609 -0.08848978 0.9803411 0.1763544 -0.216031 0.8817423 0.4193579 -0.3682716 0.736267 0.5677032 -0.5907877 0.423673 0.6866375 -0.6699441 0.3499026 0.6547848 0.5392864 0.6255931 0.5637406 0.5114058 0.7534967 0.4131668 0.437752 0.8034667 0.4035027 0.4321653 0.8591115 0.2741542 0.2918197 0.9157819 0.2760161 0.2258072 0.9631884 0.1458743 0.142243 0.9823021 0.1218589 0.09795405 0.9944949 0.03721504 0.04757605 0.9987029 0.01813717 0.0376794 0.9990627 0.02130757 0.001622368 0.9999039 0.01377007 0.00134012 0.9888591 0.1488484 -0.04068155 0.9870003 0.1554845 -0.06101066 0.9235638 0.37856 -0.1297606 0.9097698 0.394311 -0.1661884 0.7854142 0.5962432 -0.2664306 0.7532666 0.6013353 0.6051104 0.5862757 0.5386299 -0.607205 0.2282113 0.7610661 -0.4438331 0.4972843 0.7454667 -0.4776034 0.2554536 0.8406179 -0.3134607 0.5397883 0.7812624 -0.3425713 0.2725406 0.8990921 -0.1996228 0.5665398 0.7994895 -0.2207522 0.2814191 0.9338478 -0.0966412 0.5810336 0.8081215 -0.1079183 0.2848953 0.9524643 0.0005888986 0.5852728 0.8108362 5.071619e-05 0.2853175 0.9584331 0.09796939 0.5802545 0.8085213 0.1082121 0.2841613 0.9526502 0.2012178 0.5650326 0.800156 0.2212887 0.2800575 0.9341301 0.3153333 0.5375922 0.7820227 0.3432739 0.270698 0.8993807 0.4458914 0.4944485 0.7461243 0.4783676 0.2533063 0.8408331 0.5709471 0.4402585 0.6929588 0.6061661 0.2274955 0.7621079 0.6768087 0.3751886 0.6333746 0.7036514 0.203641 0.6807386 -0.4846729 0.07213537 0.8717159 -0.3486228 0.07188398 0.9345025 -0.2253068 0.06896902 0.9718437 -0.1104702 0.06544883 0.9917221 6.634181e-06 0.06394041 0.9979537 0.1103526 0.06585421 0.9917084 0.2250665 0.06906952 0.9718922 0.3483951 0.07119951 0.9346397 0.4845732 0.07064355 0.8718935 0.6136948 0.06659031 0.7867302 0.71146 0.06225488 0.6999635 0.7877799 -0.0025125 0.6159517 0.7702928 -0.0345718 0.6367525 0.7069886 0.0007633796 0.7072246 0.7146258 -0.03183137 0.6987824 0.607759 0.001954119 0.7941191 0.619003 -0.04110946 0.784312 0.4793462 0.001333083 0.8776249 0.4968428 -0.0641184 0.8654687 0.3453903 -0.001182802 0.9384584 0.367733 -0.09810806 0.9247417 0.2245871 -0.006032586 0.9744354 0.2483374 -0.1441033 0.957895 0.1113786 -0.01243762 0.9937002 0.1288413 -0.1925478 0.9727925 0.0005130092 -0.01617293 0.9998691 0.002817379 -0.2169071 0.9761882 -0.111024 -0.01323659 0.9937296 -0.1253621 -0.1976298 0.9722278 -0.2249923 -0.007423114 0.9743323 -0.2484935 -0.1522935 0.9565865 -0.3460502 -0.00302356 0.9382111 -0.3703342 -0.1071136 0.9227021 -0.4799036 -0.0008713994 0.8773208 -0.5002288 -0.07245926 0.8628562 -0.6078826 -2.211565e-05 0.794027 -0.6229677 -0.04736632 0.7808122 -0.7068388 -0.0004934279 0.7073745 -0.7162526 -0.03665508 0.6968777 -0.7881691 -0.003133809 0.6154508 -0.7954583 -0.02753965 0.6053822 -0.8670957 -0.002471105 0.4981355 -0.8718158 -0.01935232 0.4894515 -0.9353819 -0.001626075 0.3536355 -0.9378266 -0.01204871 0.3468949 -0.9828605 -0.0007914293 0.1843491 -0.9836162 -0.005737748 0.1801839 -0.9486819 1.512767e-05 -0.3162319 -0.997457 -0.001073317 -0.071263 -0.9022037 0.001385479 -0.431308 -0.9930459 0.002635025 -0.1176982 -0.812492 -0.1276654 -0.5688218 -0.9045483 -0.1546744 -0.3973263 -0.929617 -0.0408841 -0.3662522 0.3230703 -0.02648176 -0.9460044 0.4315159 0.8970862 0.09502868 0.1565264 0.3384647 -0.9278691 0.1884367 0.3191163 -0.928793 -0.3401729 -0.02030275 -0.9401437 -0.9773113 -0.1064061 0.1831401 -0.2475739 0.00118611 -0.9688683 -0.9786052 -0.1642355 0.1239298 -0.9639077 -0.2520558 0.0857315 -0.3553558 -0.002741524 -0.9347271 -0.994917 -0.01857693 0.09896988 -0.9950739 -0.0700149 0.0701837 -0.3677008 0.0002015113 -0.9299441 -0.9957481 0.0001223207 0.09211804 -0.3707053 -3.315769e-05 -0.9287506 -0.9957237 -0.0002715785 0.09238091 -0.9969243 -0.004088131 0.07826381 -0.994338 0.04996942 0.0937818 -0.9963366 0.006272964 0.08528751 -0.3560691 0.01102111 -0.9343946 -0.9970058 0.00731596 0.07697975 -0.3497754 0.001928152 -0.9368316 -0.9955794 0.001032748 0.09391777 -0.9959762 0.000257321 0.08961776 -0.9906833 0.06426274 0.1200706 -0.3316285 0.03579058 -0.9427309 -0.9883875 0.1347018 0.07032546 -0.3349285 0.05756713 -0.9404834 -0.9814604 0.1713621 0.08585174 -0.3156599 0.07596643 -0.9458266 -0.9751516 0.2107847 0.06818452 -0.9573489 0.27064 0.1011781 -0.3020304 0.0983282 -0.9482137 -0.9531714 0.2960318 0.06188299 -0.9309834 0.3468365 0.1139048 -0.2909122 0.1225779 -0.948865 -0.9215735 0.3836242 0.05945342 -0.8972931 0.4248858 0.1197382 -0.2809511 0.1490427 -0.9480785 -0.879739 0.4716609 0.05996056 -0.8553513 0.503977 0.1199224 -0.2699751 0.1772658 -0.9464092 -0.8277269 0.5577115 0.06185585 -0.8039953 0.58279 0.1180989 -0.256918 0.2070522 -0.9439929 -0.7649727 0.6408197 0.06455178 -0.7427744 0.6599764 0.1127717 -0.2417666 0.2385495 -0.9405547 -0.6919756 0.7186014 0.06915025 -0.6715902 0.7331337 0.1071518 -0.2232145 0.2705965 -0.9364576 -0.6095414 0.7892443 0.07451669 -0.5884411 0.8022983 0.1002725 -0.20098 0.3020147 -0.9318767 -0.517544 0.8517202 0.08198126 -0.1769348 0.3273076 -0.9282046 -0.4705927 0.8772766 0.09448889 -0.143824 0.3394421 -0.9295664 -0.4248015 0.9014167 0.08361541 -0.07024025 0.3558894 -0.9318847 -0.2437181 0.9636909 0.1090933 -0.1080832 0.3489237 -0.9308976 -0.3308564 0.9403399 0.07934036 -0.3384702 0.9352365 0.1037817 -0.03227819 0.3613762 -0.9318612 -0.1391354 0.9833937 0.1165256 -0.2215273 0.9722405 0.07532602 0.01912994 0.9957205 0.09041445 -0.02414056 0.9936785 0.1096371 0.008319587 0.3773643 -0.9260275 -0.03433198 0.9922716 0.119241 -0.11437 0.9906146 0.07484786 0.06893222 0.9920304 0.105471 0.04618291 0.3716457 -0.9272252 0.08190377 0.9927221 0.08828669 0.08216613 0.3595928 -0.9294847 0.1823062 0.9797569 0.08270957 0.1600787 0.982198 0.09829493 0.1208204 0.3528172 -0.9278591 0.353775 0.930277 0.09709732 0.2820986 0.9553012 0.08843106 0.2736764 0.9560374 0.1053264 0.6080556 0.7883096 0.09400165 0.5220883 0.8476196 0.09468288 0.4667035 0.8799065 0.08917562 0.6969313 0.7107963 0.09515982 0.6352539 0.7678617 0.08270898 0.2377406 0.2644266 -0.9346432 0.2154112 0.2942783 -0.9311274 0.7096587 0.7003725 0.07656998 0.2539497 0.2320091 -0.9389789 0.7662465 0.6350675 0.0977531 0.2666219 0.1988635 -0.9430621 0.7825803 0.6186771 0.06933006 0.8258428 0.5540754 0.1048049 0.276396 0.1676471 -0.9463085 0.8430444 0.5340634 0.06365839 0.873484 0.4735904 0.1128616 0.2843481 0.1384727 -0.9486683 0.8935503 0.445059 0.05907939 0.9115795 0.3937245 0.1183379 0.2928805 0.112013 -0.9495652 0.9339791 0.3526623 0.05755243 0.9422659 0.3160902 0.1105527 0.3047903 0.08834446 -0.9483133 0.9639951 0.2587697 0.06125083 0.9695772 0.2286982 0.08727669 0.3314837 0.06533851 -0.9411957 0.9823287 0.1695489 0.07926893 0.9174729 0.1352186 0.3741115 0.3293082 0.03154465 -0.9436954 0.9938492 0.09091906 0.06322571 0.9863733 0.04622266 0.1578963 0.3421393 0.008828126 -0.9396078 0.9972356 0.02608388 0.06957558 0.9953138 0.005234647 0.09655608 0.3603605 0.001009238 -0.9328126 0.9961487 0.002232075 0.08765108 0.9955772 0.0007634263 0.09394374 0.3691345 0.0001255959 -0.929376 0.9958653 0.0001651211 0.09084247 0.9957352 -0.0001046334 0.09225736 0.3659292 -0.0005304356 -0.9306425 0.9962346 -0.00285099 0.0866512 0.3508454 -0.005936559 -0.9364146 0.997149 -0.00433567 0.07533268 0.993138 -0.03645674 0.1111207 0.99494 -0.08126222 0.05908407 0.9853513 -0.1304266 0.1098715 0.6553699 -0.05221908 -0.7535008 0.9183526 -0.087828 -0.3858947 0.9552224 -0.01958595 -0.2952399 0.926551 -0.000474543 -0.3761688 0.9165791 0.02751321 -0.3989057 0.9318356 0.002625044 -0.3628713 0.9258446 0.0001716516 -0.3779045 0.9044389 0.1764564 -0.3883986 0.9158263 0.2656654 -0.3011381 0.9322897 0.09418694 -0.3492344 0.7471419 0.4554169 -0.4841224 0.7258529 0.5176062 -0.4530136 0.8163713 0.4132066 -0.4034827 0.8840718 0.3468479 -0.3132308 0.6898295 0.5967231 -0.4099474 0.6329208 0.6734599 -0.3819201 0.5832727 0.7551665 -0.2991933 0.5048672 0.8292453 -0.239711 0.4167643 0.8832299 -0.2149708 0.3211043 0.9202902 -0.2235129 0.222125 0.9549752 -0.1966795 0.1156719 0.9656831 -0.232543 0.02250916 0.9360549 -0.3511334 -0.06854494 0.9672958 -0.2442141 -0.1761794 0.962377 -0.2068607 -0.2780221 0.9340843 -0.2240316 -0.4675456 0.8568113 -0.2174291 -0.3753049 0.9010244 -0.2174888 -0.5487073 0.7939419 -0.2618712 -0.6215036 0.7239484 -0.2993862 -0.68082 0.6448434 -0.3473632 -0.7329372 0.5654968 -0.3781752 -0.7564166 0.475208 -0.4494566 -0.7723767 0.4030057 -0.4909385 -0.890046 0.3045287 -0.3392349 -0.8077034 0.3555687 -0.4703043 -0.9151394 0.2269442 -0.3331908 -0.9271536 0.1543654 -0.3414052 -0.9604671 0.02726995 -0.2770546 -0.9062427 0.08506207 -0.4141119 -0.9203734 0.002507391 -0.3910325 -0.9233577 -0.004736838 -0.3839117 -0.9273364 0.0002553723 -0.3742287 -0.9390832 0.0006513908 -0.3436894 -0.4840149 -0.04447262 -0.8739289 -0.6721529 -0.03876178 -0.739397 -0.6963068 -0.006058168 -0.7177187 -0.7035734 -0.0001034428 -0.7106226 -0.7020318 0.000460227 -0.7121454 -0.6882606 0.003448043 -0.7254553 -0.6787246 0.02440592 -0.7339872 -0.6545446 0.06640483 -0.7531015 -0.6390385 0.1110995 -0.7611089 -0.6241298 0.1536672 -0.7660603 -0.6076504 0.1997861 -0.7686654 -0.5893277 0.248934 -0.7685862 -0.5683989 0.3008391 -0.7657797 -0.5438936 0.3551687 -0.7602861 -0.5145899 0.4113174 -0.7523398 -0.479479 0.4679565 -0.7423723 -0.438122 0.5237492 -0.7305724 -0.3890414 0.5749459 -0.7197806 -0.3323404 0.6166953 -0.7136083 -0.2699215 0.64911 -0.7111952 -0.203122 0.6747451 -0.7095495 -0.1324367 0.6932965 -0.7083788 -0.05906713 0.7042686 -0.7074721 0.01560933 0.7068588 -0.7071825 0.09004687 0.7005412 -0.7079079 0.1623899 0.6864256 -0.7088367 0.2313794 0.6649011 -0.7101902 0.2965557 0.6365653 -0.7119266 0.356813 0.6005754 -0.7155374 0.4101934 0.5548193 -0.723821 0.4556756 0.5011565 -0.7356642 0.4946101 0.4448241 -0.7466542 0.5271831 0.3882967 -0.7558463 0.5542956 0.3330709 -0.7627714 0.5771775 0.2797579 -0.7672038 0.5969316 0.2288857 -0.7689499 0.6144633 0.1809389 -0.7679166 0.6333323 0.126407 -0.7634864 0.6599533 0.06378854 -0.7485938 0.6821433 0.01752415 -0.7310085 0.689849 0.002062095 -0.7239503 0.7027339 0.000279615 -0.7114527 0.7037433 -0.0007482959 -0.7104539 0.6897478 -0.01394159 -0.7239155 0.3980728 0.2109061 -0.8927803 0.4838438 0.2051073 -0.8507798 0.4928839 -0.1324193 -0.8599597 0.4138312 -0.1749032 -0.8933939 0.3252992 -0.1850846 -0.9273209 0.3140076 0.2173869 -0.9241981 -0.6372985 -0.09509266 -0.7647274 -0.5715003 0.3858819 -0.7242117 -0.5688901 0.2013499 -0.7973847 -0.4887709 0.6043473 -0.6291798 -0.3934996 0.7665615 -0.5074855 -0.4112199 0.7074265 -0.5748443 0.5612017 -0.1578881 -0.8124802 0.5680145 0.2009179 -0.7981175 0.2393551 0.9095989 -0.3396159 0.5540058 -0.09988463 -0.826499 0.6126492 -0.1542194 -0.7751628 0.5255341 -0.1421093 -0.8388199 0.2047652 0.9070506 -0.3678728 0.450884 -0.1077613 -0.8860537 0.17593 0.9027287 -0.3925934 0.4046083 -0.1269938 -0.9056294 0.1364982 0.9095872 -0.392453 0.3529997 -0.1047335 -0.929743 0.2814061 -0.1411751 -0.9491471 0.09771119 0.9142934 -0.3930905 0.2517054 -0.09488219 -0.9631416 0.1951974 -0.1512113 -0.9690372 0.06269334 0.9154338 -0.3975556 0.1507707 -0.09345871 -0.9841411 0.1134733 -0.1447046 -0.9829468 0.0294957 0.9132059 -0.4064295 0.05228689 -0.09982855 -0.9936299 0.01949871 -0.1268974 -0.9917242 -0.002593017 0.9069089 -0.4213188 -0.04140396 -0.1155737 -0.9924356 -0.02955697 0.9105943 -0.4122431 -0.04384811 -0.1062293 -0.9933744 -0.1115197 -0.1370156 -0.9842713 -0.06274893 0.913637 -0.4016591 -0.139664 -0.09786855 -0.9853505 -0.1947328 -0.1495207 -0.9693929 -0.09693724 0.9139147 -0.3941612 -0.2351441 -0.09578216 -0.9672296 -0.2777416 -0.15369 -0.9482821 -0.1327688 0.9128207 -0.3861746 -0.3309161 -0.09677979 -0.9386843 -0.3631498 -0.151517 -0.9193285 -0.1706886 0.9105812 -0.3764404 -0.426451 -0.1004069 -0.8989205 -0.4511508 -0.1457309 -0.8804689 -0.2100824 0.9078503 -0.362868 -0.5195941 -0.1053198 -0.8478972 -0.2595323 0.8980822 -0.3550934 -0.260095 0.8985083 -0.3536006 -0.248887 0.9058096 -0.3428764 -0.2598253 0.8986056 -0.3535516 -0.1578235 0.9606909 -0.228396 -0.5399716 -0.1414183 -0.8297177 -0.6057492 -0.1080343 -0.788287 -0.533889 -0.04846246 -0.8441646 -0.5117975 0.4740947 -0.7164479 -0.4861031 0.5960961 -0.6390408 -0.4845161 0.5980904 -0.6383823 -0.5820836 -0.1843334 -0.7919595 -0.4952024 -0.199937 -0.8454583 -0.4062101 -0.2149374 -0.8881415 -0.2320971 -0.210509 -0.9496404 -0.3180135 -0.2173146 -0.9228444 -0.1467474 -0.194863 -0.9697905 -0.06629255 -0.1424393 -0.9875811 0.1365232 0.4928453 -0.8593398 0.207698 0.4894469 -0.8469376 0.2321509 0.223489 -0.9466566 0.1527535 0.2284348 -0.9615009 0.06749919 0.495071 -0.8662266 0.07557527 0.2317256 -0.969841 -0.0003135638 0.4958485 -0.868409 -0.0003498664 0.2327792 -0.9725296 -0.06828848 0.4950393 -0.8661829 -0.07645468 0.2316038 -0.9698012 -0.1375536 0.4928079 -0.8591969 -0.1539024 0.2283553 -0.9613365 -0.2088367 0.4893978 -0.8466859 -0.2334152 0.2234579 -0.946353 -0.2825938 0.4851818 -0.8274898 -0.315455 0.2173041 -0.9237246 -0.3585255 0.480709 -0.8002365 -0.3996743 0.2108074 -0.8920878 -0.4356628 0.4767031 -0.763513 -0.4850692 0.2050276 -0.8501009 0.1494986 -0.2174737 -0.9645493 0.06274152 -0.1746046 -0.9826376 0.001395337 -0.09677307 -0.9953055 0.5106171 0.4746177 -0.7169437 0.434568 0.4767227 -0.7641244 0.3570844 0.4807703 -0.8008437 0.2812918 0.4852312 -0.8279043 0.2366045 -0.2191626 -0.9465654 0.4108434 0.707079 -0.5755406 0.3488104 0.7086386 -0.6133209 0.2864015 0.7109266 -0.6423065 0.2254282 0.7134276 -0.6634781 0.1663245 0.7157895 -0.6782194 0.1092624 0.7176886 -0.6877389 0.05400009 0.7189121 -0.6930003 -0.0002529093 0.7193713 -0.6946257 -0.05463303 0.7189179 -0.6929446 -0.1100891 0.7176665 -0.6876301 -0.1672452 0.7157426 -0.6780425 -0.2264784 0.7133889 -0.6631619 -0.2875603 0.710885 -0.6418345 -0.3496844 0.7086357 -0.6128265 -0.5127428 0.5941598 0.619733 -0.4972666 0.5728366 0.6516012 -0.5008717 0.5656143 0.6551397 -0.5291889 0.5524239 0.6440395 -0.3962326 0.5760984 0.7149198 -0.4119039 0.6200124 0.6677722 -0.3522016 0.6238569 0.6976794 -0.3375017 0.6489103 0.6819149 0.6629957 0.3897447 0.6391681 0.6926985 0.3677739 0.6204121 -0.7429826 0.313594 0.5913 -0.3070109 0.6510211 0.6942016 -0.288815 0.6690887 0.6847672 -0.2561074 0.6652315 0.7013388 -0.2253839 0.6911356 0.6866831 -0.1851276 0.6865887 0.7030816 -0.1514691 0.7089551 0.6887959 -0.1116724 0.7009892 0.7043745 -0.08304788 0.7179846 0.691087 -0.5783856 0.5173049 0.6307659 -0.5663518 0.5012327 0.6542258 -0.6366917 0.4647116 0.6153591 -0.5522104 0.427709 0.7156317 -0.5599611 0.3890679 0.7314846 -0.6753953 0.4026706 0.6178168 -0.6680014 0.3859377 0.6362595 -0.6983344 0.3519036 0.623292 -0.05242243 0.7210455 0.6909018 -0.02720357 0.7103514 0.7033213 0.005411046 0.7225232 0.6913255 0.6585402 0.4227396 0.6225881 -0.7719172 -0.1950107 0.6050741 -0.718602 0.3132032 0.6208985 -0.7158887 0.2920357 0.6342071 -0.7523695 0.2537617 0.6079023 0.647292 0.4365334 0.6248613 0.652366 0.443813 0.6143685 0.5936572 0.4494601 0.6675004 0.5900377 0.4976649 0.6357556 0.5502993 0.5133313 0.65853 0.533222 0.5516182 0.6413983 0.4929458 0.5677524 0.6592888 0.483974 0.5845905 0.6511705 0.5281309 0.6160373 0.5844449 0.721032 0.2523375 0.6453206 0.7282284 0.3010248 0.6156845 0.7081222 0.3150172 0.6319233 0.6837634 0.3155241 0.6579606 0.4560831 0.6034898 0.6540553 0.3957901 0.5850619 0.7078508 0.3849606 0.6330201 0.671633 0.3355758 0.628383 0.7018003 0.3126072 0.6621208 0.6810821 0.2680653 0.6588854 0.7028592 0.2492802 0.6820236 0.6875341 0.7524093 0.1754804 0.6348912 0.7364784 0.1805892 0.6519103 0.7552927 0.2097827 0.6209059 0.7815456 0.2067802 0.5885818 -0.7631855 0.1251652 0.6339413 -0.7602819 0.1038479 0.6412386 0.03833839 0.7081354 0.705035 0.0791234 0.7196831 0.6897795 0.1141586 0.7006044 0.7043588 0.1560114 0.7083017 0.6884542 0.1879347 0.6856032 0.7032985 0.2174111 0.6898997 0.6904859 0.7827916 -0.1640562 0.600269 0.7860212 -0.1008112 0.6099244 -0.6962602 0.2527028 0.6718355 -0.6874606 0.209901 0.6952262 -0.762794 0.1851753 0.6195606 -0.646503 0.2061341 0.7345357 -0.6228719 0.1338692 0.7707851 0.7243164 0.1074689 0.6810405 0.7665398 0.1588978 0.6222285 0.7606932 0.05368209 0.646888 0.7676741 0.07982584 0.6358493 0.74499 0.09290003 0.6605751 -0.7731439 0.08470238 0.6285492 -0.7640119 0.08691962 0.6393206 -0.753832 0.06481126 0.653863 -0.745157 0.04368012 0.6654571 -0.7453246 0.04392272 0.6652534 -0.760641 0.02049063 0.6488493 0.7418022 0.01365258 0.6704798 0.7481137 0.005595067 0.6635469 0.7475611 0.001614044 0.6641911 0.7441632 0.002174093 0.6679943 0.7811739 -0.1088515 0.6147509 0.7731748 -0.08292398 0.6287483 0.747463 -0.03241315 0.6635122 0.7511738 -0.02156104 0.6597523 0.7540951 0.04098474 0.6554852 0.7255219 0.02906098 0.6875852 0.7374455 0.07682164 0.6710235 -0.7622856 -0.08918805 0.6410665 -0.7772358 -0.05517157 0.6267859 -0.7682031 -0.01651574 0.6399931 -0.7479774 -0.05053916 0.6617973 -0.7032021 -0.007983799 0.7109452 -0.7250865 6.7376e-05 0.6886578 -0.7245065 -0.0003417798 0.6892679 -0.7251611 -0.0002422375 0.6885792 -0.731927 -0.01150976 0.6812858 0.7410999 0.002005638 0.6713918 0.7417731 7.310819e-06 0.6706509 0.742055 -0.0004863181 0.6703388 0.7417711 3.699959e-06 0.6706532 0.7419332 0.0005483283 0.6704735 0.7413911 0.001526377 0.6710715 -0.7588024 0.008039253 0.6512713 -0.7563695 0.009406432 0.6540769 -0.7570939 0.01107749 0.6532121 -0.7587587 0.009176426 0.6513072 -0.7213462 0.001296102 0.6925735 -0.7197999 0.0008110925 0.6941811 -0.7222809 0.001125697 0.6915989 0.7453262 -0.005712149 0.6666755 0.7437138 -0.004583065 0.6684825 0.7422958 -0.0004294214 0.6700722 0.3088289 -0.8794786 -0.3621356 0.323302 -0.904127 -0.2793388 0.2850981 -0.8762943 -0.3883649 -0.3225978 -0.8901891 -0.3217049 -0.3048942 -0.8824887 -0.3581245 0.2556892 -0.8794723 -0.4014369 0.2538078 -0.8716271 -0.419342 0.2103739 -0.8739484 -0.4381291 0.188009 -0.879458 -0.4372713 0.1683382 -0.8676526 -0.4678046 0.1468958 -0.8727831 -0.4654796 0.1232259 -0.8643954 -0.4874791 0.09825267 -0.8563988 -0.5068802 0.0637021 -0.8719322 -0.4854651 0.03904403 -0.8616598 -0.5059823 0.00255764 -0.8619422 -0.507 -0.02799152 -0.8677141 -0.4962749 -0.03580388 -0.8547994 -0.517722 -0.2945521 -0.8777415 -0.3779005 -0.2700986 -0.879707 -0.3913596 -0.2625471 -0.8729528 -0.4111233 -0.2291768 -0.8796953 -0.4166703 -0.2186285 -0.8719732 -0.4380232 -0.190156 -0.877711 -0.4398454 -0.1745064 -0.8698265 -0.4614645 -0.1509509 -0.8753649 -0.4592931 -0.1294592 -0.8664144 -0.4822514 -0.1110425 -0.8727348 -0.4753983 -0.08732683 -0.8661381 -0.4921166 -0.06489489 -0.8720194 -0.4851502 0.8873054 0.4163453 -0.1983573 0.8796621 0.3925102 -0.2685709 0.8352277 0.4545251 -0.3095183 0.1884576 0.6296137 -0.7537044 0.1959456 0.6691572 -0.7168221 -0.1285052 -0.001769412 -0.9917073 -0.2542463 0.6646908 -0.7025276 -0.2539143 -0.6647939 -0.7025501 -0.8500133 -0.0002225594 -0.5267612 -0.1337996 0.2289221 -0.9642055 -0.6188202 0.4646506 -0.633373 -0.159059 0.6799271 -0.7158207 -0.04932025 0.6927882 -0.7194526 0.7746618 0.2780857 -0.5679502 0.4026734 -0.5606599 -0.7235431 0.2392824 0.6495676 -0.7216688 0.2541084 0.6659534 -0.7013808 -0.01542038 0.0005533214 -0.9998809 -0.06633983 0.713749 -0.6972527 -0.1219306 0.1345904 -0.9833709 -0.06662699 0.8029435 -0.5923197 0.5417376 -0.4761515 -0.6926761 0.4339321 -0.6164908 -0.6569947 0.2547692 -0.4998018 -0.827823 0.2801754 0.8908218 -0.3576847 0.2781272 0.8947342 -0.3494223 -0.0350481 0.7379384 -0.6739574 -0.9934131 -0.008885853 -0.114243 -0.994957 0.004996606 -0.1001782 -0.9611049 0.2761739 -0.002319163 -0.8587054 0.462015 -0.221737 -0.7996631 0.5968548 -0.06559986 -0.7513856 0.6334135 -0.1849515 -0.5901323 0.8049825 -0.06121212 0.9194797 0.3254007 -0.2206162 0.9495285 0.2359602 -0.2066843 0.9711084 0.1210808 -0.2056404 0.987378 0.03505584 -0.1544533 0.9855548 0.01780967 -0.1684177 0.9803998 -0.04347353 -0.1921619 0.9765313 -0.09015496 -0.1955986 0.6129649 -0.544395 -0.5726326 -0.1794939 -0.4894387 -0.8533649 -0.3450967 -0.8151764 -0.4651836 -0.2374982 -0.8074051 -0.5400849 -0.9656652 0.001914381 -0.2597829 -0.1164248 -0.7760355 -0.6198502 -0.07455057 -0.7372053 -0.6715434 0.04713039 -0.5250012 -0.8497955 0.09206207 -0.268135 -0.9589725 -0.9665754 -0.0275036 -0.2549029 0.1122895 -0.006599906 -0.9936536 0.07408698 0.3970911 -0.914784 -0.02848957 0.6469247 -0.7620215 -0.2302452 0.7888944 -0.5697656 -0.2333046 0.8233692 -0.5173317 -0.9061081 -0.0567414 -0.4192237 -0.8088916 -0.4659268 -0.3586176 -0.6881076 -0.6336608 -0.3535279 -0.8294962 0.005299847 -0.5584872 -0.688327 -0.6337571 -0.3529275 -0.6964582 -0.6238045 -0.3547026 -0.5989758 -0.7044212 -0.3808134 -0.9075591 0.003846753 -0.4199068 -0.4787456 -0.7850501 -0.3930636 -0.4839571 -0.7815717 -0.393613 -0.3355929 -0.837711 -0.4308336 -0.8280736 -0.07068101 -0.556146 -0.6944884 0.6254223 -0.3557145 -0.8142934 0.4358802 -0.3833206 -0.7429404 -0.06910926 -0.6657803 -0.8295156 0.4244018 -0.3630247 -0.8829947 0.2844381 -0.3733837 -0.8891167 0.296631 -0.3485421 -0.9082524 0.1829179 -0.3763226 -0.9194143 0.09519382 -0.3815959 -0.9282564 0.02885114 -0.3708203 -0.9291088 -0.0284292 -0.368712 -0.9207928 -0.09904928 -0.3772662 -0.7369244 -0.007501022 -0.6759336 -0.9053741 -0.1894527 -0.3800072 -0.8884733 -0.2921993 -0.3538854 -0.876867 -0.3098828 -0.3675281 -0.7470072 0.001882023 -0.6648133 -0.8180474 -0.4553211 -0.351399 -0.434766 0.7979494 -0.417439 -0.4148278 0.8094385 -0.4156047 -0.4148176 0.8094422 -0.4156075 -0.6190181 0.661389 -0.4235343 -0.7467097 0.5560333 -0.3650364 -0.692013 0.6289577 -0.3543024 0.7034395 -0.004295697 -0.7107422 0.7868752 0.002943756 -0.6171052 0.9167088 -0.1862469 -0.3534928 0.9110462 -0.1110292 -0.3970735 0.9178351 -0.03486838 -0.3954276 0.7033548 -0.06315815 -0.7080276 0.922755 0.1629831 -0.3492273 0.7824425 -0.07494663 -0.6181964 0.9152345 0.08193727 -0.3945024 0.9214508 0.01456297 -0.3882221 0.8165529 -0.4669006 -0.3394779 0.8736415 -0.3288005 -0.3586653 0.5759009 -0.7291722 -0.3696566 0.5759233 -0.729159 -0.3696479 0.869011 0.005012121 -0.4947673 0.6994492 -0.6134134 -0.3667354 0.8142343 -0.4576183 -0.3572227 0.8861763 -0.3218545 -0.3333184 0.9074764 -0.2110952 -0.3632154 0.9372635 0.0007527161 -0.348621 -0.08697371 -0.513163 -0.8538731 0.011959 -0.6597325 -0.7514053 0.2333749 -0.8255811 -0.5137626 0.4686583 -0.7905423 -0.394211 0.3757971 -0.8222134 -0.4274829 0.4247855 -0.8106496 -0.4029943 0.5860194 -0.7202861 -0.3711728 -0.05457782 0.3421463 -0.9380603 -0.09050014 0.02615154 -0.995553 0.9825568 -0.01513159 -0.1853462 -0.05227697 -0.4632914 -0.8846627 0.9830435 2.085721e-05 -0.1833727 0.2087319 0.7917701 -0.5740479 0.9401837 -0.04195601 -0.3380744 0.3178406 0.8131879 -0.4875477 0.5149636 0.7339416 -0.4428794 0.07730842 0.7405273 -0.6675648 0.07640792 0.7633248 -0.6414803 0.07235411 0.6525303 -0.7543004 0.9066938 0.1821427 -0.3804346 0.8942266 0.2831281 -0.3466948 0.8808016 0.3006542 -0.3657807 0.8243114 0.4445747 -0.3505197 0.8337834 0.4115709 -0.3679872 0.8737912 -0.05929519 -0.4826727 0.7034521 0.6056637 -0.3719229 0.6955671 0.6091622 -0.3809303 0.5859325 0.7132013 -0.3847428 0.480333 0.7835156 -0.3941871 0.5294402 0.7323904 -0.4281324 -0.762452 -0.2694373 0.5882775 -0.9519101 -0.1712103 -0.2540751 -0.7465575 -0.3520075 0.5645729 -0.8819962 -0.2696531 -0.3864839 -0.6750603 -0.6040182 0.423622 -0.6795287 -0.5849452 0.4428091 -0.8601004 -0.358773 -0.3626419 -0.6942434 -0.4892478 0.5278851 -0.7225514 -0.4321492 0.5395985 -0.6057269 -0.6402801 0.472373 -0.7862215 -0.4253329 -0.4482718 -0.5748312 -0.7164175 0.395367 -0.6994536 -0.5308374 -0.4785146 -0.4781919 -0.8589188 0.1832784 -0.4991421 -0.8548931 0.1414743 -0.5391073 -0.8038956 0.2512273 -0.5612037 -0.7908474 0.244153 -0.581345 -0.7754015 0.2465574 -0.4506097 -0.8798832 0.1508521 -0.6438748 -0.5371363 -0.5448943 -0.4019613 -0.9155495 -0.01400373 -0.5759605 -0.5458395 -0.6085464 -0.3350607 -0.9313457 -0.1425815 -0.3994659 -0.9003733 -0.1724958 -0.5084033 -0.5502042 -0.6624208 -0.3324827 -0.903832 -0.269338 -0.4272151 -0.5159494 -0.7424846 -0.3642788 -0.5133882 -0.7770029 -0.2467945 -0.5028554 -0.8283894 -0.2964229 -0.4999627 -0.8137388 0.09951716 -0.4932791 -0.8641597 -0.01795649 -0.492359 -0.870207 -0.1172304 -0.4917038 -0.8628351 0.2109082 -0.5028903 -0.8382237 0.321652 -0.5094852 -0.7981008 0.3904486 -0.5090942 -0.7670547 0.458017 -0.5150922 -0.7245001 0.2451181 -0.9649497 -0.09375046 0.3767445 -0.9255102 0.03865844 0.3807062 -0.9132202 -0.1452294 0.3667429 -0.9246622 -0.1024664 0.3735118 -0.9198463 0.1198822 0.6755306 -0.5285204 -0.5141251 0.5946456 -0.5042215 -0.6262246 0.5197049 -0.5086178 -0.6864508 0.5106648 -0.8400016 0.1833541 0.4352452 -0.8790438 0.1945345 0.3949725 -0.9050268 0.1578707 0.470628 -0.8404355 0.2686588 0.7312765 -0.5173451 -0.4445096 0.5219762 -0.7666913 0.3737984 0.5314235 -0.7564758 0.3812261 0.8219314 -0.3980536 -0.407409 0.672508 -0.4869388 0.5573363 0.6763914 -0.4938964 0.5464074 0.6605074 -0.5395581 0.5221178 0.5973297 -0.6972745 0.3962392 0.5519665 -0.7449845 0.3746078 0.919282 -0.2229434 -0.3243715 0.7607338 -0.2859896 0.5826612 0.6886991 -0.4442843 0.572979 0.6703991 -0.4932688 0.5543022 0.992712 0.07197448 -0.09665718 0.9683432 0.09349218 -0.2314534 0.9453682 0.2039003 -0.2543692 0.9786031 0.1421678 -0.1487421 0.8373184 0.4919017 -0.2386013 0.7847013 0.5599706 -0.2658511 0.7841167 0.594977 -0.1765317 0.7230763 0.661882 -0.1976685 0.6525097 0.7301998 -0.2025817 0.5690351 0.817635 -0.0875897 0.4821526 0.8707861 -0.09623128 0.3900609 0.9158934 -0.0948255 0.2911052 0.952159 -0.09301103 0.1882079 0.97791 -0.09093892 0.08067762 0.9926825 -0.08984698 -0.0282522 0.9954041 -0.09150097 -0.1378033 0.9863054 -0.09062011 -0.2435312 0.9654974 -0.09223503 -0.3445775 0.9339863 -0.09452979 -0.4390432 0.8926476 -0.1020851 -0.5245742 0.8457012 -0.09803737 -0.6890673 0.6964346 -0.2004123 -0.8124523 0.5259606 -0.2515684 -0.9005099 0.3601855 -0.2436152 -0.9334592 0.2621636 -0.2447939 -0.9374746 0.3218221 -0.1325594 -0.9606424 0.1736347 -0.2168345 -0.9577916 0.1461518 -0.2475375 -0.9810018 0.07456069 -0.1790983 -0.9829882 0.09035948 -0.1599045 -0.9735144 0.02017347 -0.2277338 -0.9768096 0.04650996 -0.2089972 -0.9947103 0.003292371 -0.1026675 -0.9940281 0.001715492 -0.109111 -0.9937179 -0.0007763374 -0.111911 -0.9592953 -0.1127069 -0.2589396 0.7897786 0.4807519 -0.3809558 0.7816363 0.4927239 -0.3824497 -0.1578952 0.9078088 -0.3885259 0.684038 0.6340608 -0.3606367 -0.1556933 0.8302285 -0.5352386 0.5722696 0.7488989 -0.3341526 0.4828026 0.8088473 -0.3356601 0.4188278 0.843757 -0.3356447 0.8291997 0.2671276 -0.4909896 0.8197095 0.3815174 -0.4272246 -0.1461635 0.9611817 -0.2340215 0.7831058 0.4973089 -0.3734022 -0.7957588 0.4268644 -0.4295982 -0.8162305 0.2952752 -0.4965685 0.09411989 0.9688518 -0.229058 -0.7983625 0.1669383 -0.5785749 -0.7778884 0.1422965 -0.6120796 -0.6167923 0.01943819 -0.7868859 -0.3018407 -0.06056373 -0.9514327 -0.03752055 0.9759503 -0.2147399 0.01347371 -0.1005343 -0.9948424 0.4130823 -0.05995104 -0.9087183 0.6664461 0.04511769 -0.7441868 0.7938749 0.2633811 -0.5480812 0.8177749 0.27235 -0.5070204 -0.4071938 0.8539243 -0.3240471 0.1151727 0.8371001 -0.5347884 -0.4211434 0.8480728 -0.3215754 -0.4211657 0.8476683 -0.3226112 -0.5255049 0.7636538 -0.3750699 -0.7428731 0.5652492 -0.3586542 0.113498 0.9152748 -0.3865105 -0.8114616 0.4101913 -0.4162609 -0.8125804 0.4316002 -0.3917071 0.1680182 0.9151653 -0.3663911 0.1055298 0.9260482 -0.3623508 -0.07545873 0.9237325 -0.3755321 0.0918682 0.7394724 -0.6668889 -0.005964937 0.9299257 -0.367699 0.04884695 0.932291 -0.3583957 -0.1526828 0.9180304 -0.3659348 -0.2470278 0.9074178 -0.339956 -0.2628686 0.8957948 -0.3584018 0.4211808 0.8449554 -0.3296319 0.4083766 0.8450596 -0.3451127 -0.1457231 0.7378992 -0.6589913 0.1602464 0.3061009 -0.9384153 -0.2057679 0.001810877 -0.9785991 0.1712872 -0.3110672 -0.9348251 -0.2248061 0.05691015 -0.9727402 -0.09733394 -0.7022629 -0.7052325 -0.02560426 0.05110384 -0.9983651 -0.0254485 -0.7053263 -0.7084259 -0.03226518 -0.7076621 -0.705814 0.7001774 0.02837625 -0.7134048 0.3505929 0.2974583 -0.8880333 -0.01550169 -0.6946581 -0.719173 0.0439744 -0.711737 -0.7010683 0.182895 0.4605365 -0.868594 0.193488 -0.8229733 -0.5341136 0.622669 -0.1047138 -0.7754472 0.6677585 -0.3751489 -0.6429323 0.2356735 0.5574044 -0.7960894 0.3591607 0.6486241 -0.6710368 0.6868903 0.3399889 -0.6423311 0.7047465 0.1710196 -0.6885381 0.7600411 0.03664487 -0.648841 0.2339573 -0.655123 -0.7183856 0.06687424 0.2265313 -0.9717054 -0.03634251 -0.2866299 -0.9573518 -0.0217544 -0.1406906 -0.9898146 0.02373807 -0.6318601 -0.7747189 0.04326154 -0.6348911 -0.7713895 -0.02823147 0.1997656 -0.9794369 0.3567433 -0.1391324 -0.9237837 0.7107908 0.05895608 -0.7009284 -0.1990757 -0.8491884 -0.4891299 0.1626236 0.2052031 -0.9651141 -0.1245378 -0.1320616 -0.983387 -0.3777454 -0.1528429 -0.9132072 -0.1946551 -0.07378439 -0.9780927 0.3020132 0.1829607 -0.9355819 -0.5979601 -0.6297664 -0.4958204 -0.4689769 -0.547535 -0.6930124 -0.5267394 0.3871819 -0.756727 -0.5309013 0.2926074 -0.7953142 0.2416989 0.00612693 -0.970332 -0.177308 0.0585383 -0.9824129 -0.5991609 0.05290596 -0.7988787 0.2642973 0.05826325 -0.9626798 -0.8156042 -0.2648758 -0.5144227 0.1237682 -0.001917683 -0.9923093 -0.149361 0.6807862 -0.7170924 -0.2413187 0.5825492 -0.7761454 -0.3737102 0.5788683 -0.7247428 -0.3498486 0.5767985 -0.7381798 -0.4041625 0.4488321 -0.7969959 0.02156028 0.6995242 -0.7142836 0.002623765 0.6349376 -0.772559 0.2526576 -0.6657855 -0.702064 0.01977388 0.7048986 -0.7090325 0.2199325 -0.6631863 -0.7154115 -0.007845118 0.7018305 -0.7123008 -0.02479445 0.7067471 -0.7070316 0.2053623 -0.6735074 -0.7100804 -0.05176444 0.6979578 -0.7142656 0.1949203 -0.6699601 -0.7163515 -0.07898052 0.7073211 -0.7024663 -0.04778382 0.3036006 -0.9516004 -0.6408056 0.0007015764 -0.7677029 0.230433 0.002222513 -0.9730857 -0.2952376 -0.328081 -0.897328 -0.06201679 0.6653757 -0.7439281 -0.1607659 0.6834053 -0.7121176 0.2678741 -0.6553635 -0.7062168 0.2962289 -0.6619466 -0.6885312 -0.03582266 -0.2843898 -0.9580392 -0.2894236 0.3317642 -0.8978677 0.2600031 -0.6487978 -0.7151642 -0.1667423 0.6727703 -0.720817 -0.1082289 -0.2897372 -0.9509673 -0.1528092 0.6815334 -0.7156546 -0.617427 -0.4644416 -0.6348841 0.4309244 -0.2457138 -0.8682908 -0.2294089 0.6637057 -0.7119454 -0.2057584 0.6863321 -0.6975756 -0.850651 0.0002081176 -0.5257308 -0.2553709 0.6644188 -0.702377 -0.255607 -0.6646078 -0.7021122 -0.2338895 -0.6628793 -0.7112572 0.4826139 -0.6745574 -0.5586198 0.05012179 0.2327698 -0.9712394 -0.6428786 0.0004401024 -0.765968 0.2236646 0.001031937 -0.9746656 -0.4303033 -0.2746424 -0.8598899 -0.1326734 0.000466665 -0.9911597 0.1599168 0.6835439 -0.7121757 -0.07566722 0.0007626942 -0.9971328 0.1782245 0.6705477 -0.7201401 0.212901 0.6793438 -0.7022572 0.1738886 -0.6643945 -0.7268718 0.1446068 -0.678739 -0.7200016 0.2989094 -0.3211937 -0.8986032 -0.1967474 -0.01201418 -0.9803806 0.2991808 0.3290782 -0.8956553 0.1599889 0.6833311 -0.7123638 0.1560155 0.3379019 -0.9281603 -0.2344696 0.001837838 -0.9721217 -0.2481711 0.0001900866 -0.9687162 -0.05840772 0.2326725 -0.9707997 -0.2457968 -0.001715357 -0.9693199 0.6349795 0.0005878492 -0.7725288 0.4178667 -0.2800197 -0.8642779 0.3772535 -0.5671293 -0.7321504 -0.07206362 0.708919 -0.7015987 0.383654 -0.5560091 -0.7373354 -0.07419703 0.7030611 -0.7072481 0.1637674 -0.3197639 -0.933237 -0.09156616 -0.7048276 -0.7034442 -0.05753702 -0.6999789 -0.711842 -0.03052129 -0.7095918 -0.7039517 -0.171251 -0.33302 -0.9272383 -0.1675066 0.3367478 -0.9265757 0.07985421 0.7049535 -0.7047438 -0.4004367 -0.5655679 -0.7209601 0.06675377 0.698841 -0.7121553 -0.4111194 -0.5469172 -0.729289 0.03795081 0.7170845 -0.6959522 -0.4241414 -0.5404533 -0.726646 -0.7760406 0.2812861 -0.5644813 -0.04556396 0.278732 -0.9592874 -0.6433706 0.0007560514 -0.7655545 0.2247935 -0.006572353 -0.9743843 -0.3012382 -0.3246325 -0.8965876 0.452302 0.5413009 -0.7088133 0.4795246 0.5451407 -0.6876611 0.04347864 0.003519557 -0.9990482 0.4898202 0.5160955 -0.7026533 0.4992199 0.5247849 -0.6894783 -0.4809226 0.5207996 -0.7053235 -0.4694908 0.5405039 -0.6981647 -0.01608516 -0.002023688 -0.9998686 -0.004342205 0.8070006 -0.5905346 0.2613343 -0.656316 -0.7077808 0.2207304 -0.663137 -0.7152114 0.2037012 -0.6741631 -0.7099366 -0.07710591 0.007102918 -0.9969976 0.1693862 -0.670657 -0.7221686 -0.23373 0.6630593 -0.7111418 0.4824685 0.6744192 -0.5589122 0.4255989 0.2745588 -0.8622546 -0.2319401 -0.663508 -0.7113093 -0.1555266 -0.6345763 -0.7570498 -0.165893 -0.6839045 -0.7104605 -0.2995883 0.3276848 -0.8960299 -0.0582824 -0.3007852 -0.9519094 -0.0157878 -0.02253377 -0.9996214 0.2337512 0.6586853 -0.7151881 0.09180719 -0.02650997 -0.9954239 0.2684159 0.6486257 -0.7122062 -0.4916196 0.5304081 -0.6906355 -0.5099352 0.5298851 -0.677634 -0.507906 0.5293517 -0.6795721 0.1541691 -0.6805373 -0.7163106 0.2860644 -0.3301559 -0.8995356 0.2865644 0.3260074 -0.9008885 0.1665868 0.6848364 -0.7093997 0.9848081 0.008293434 -0.1734479 0.9537709 0.02917071 -0.2991156 0.9474708 0.01344427 -0.3195596 0.9002457 0.03937651 -0.4335979 0.8869038 0.01629558 -0.4616666 0.8343423 0.04649154 -0.5492827 0.813751 0.01708469 -0.5809624 0.7617332 0.05127085 -0.645859 0.7350112 0.01652283 -0.6778536 0.666562 0.05461307 -0.7434464 0.6957087 0.4445709 -0.5642216 0.8174196 0.4166099 -0.3978208 0.800639 0.3716505 -0.4699501 0.8747268 0.354558 -0.3303658 0.8646665 0.3116806 -0.3939633 0.9153152 0.2950883 -0.2740821 0.9090953 0.2602348 -0.3253052 0.710988 0.5061984 -0.4881182 0.7238947 0.5715509 -0.3864015 0.7819763 0.5061418 -0.3637768 0.4442126 0.1751468 -0.8786346 0.395563 0.05658063 -0.9166943 0.5886588 0.1589029 -0.79261 0.5379127 0.05474189 -0.8412213 0.7120335 0.1421708 -0.6876015 0.7962362 0.1234623 -0.5922541 0.8597852 0.1065491 -0.4994163 0.9161495 0.08597045 -0.3915088 0.9612052 0.06098396 -0.2690085 0.6378194 0.01729101 -0.7699918 0.508629 0.01442484 -0.860865 0.367526 0.01001815 -0.9299593 0.9839519 0.005351107 -0.1783535 0.9410412 0.008896382 -0.3381749 0.8749247 0.01085855 -0.4841372 0.7969529 0.01141437 -0.6039336 0.7148987 0.01105257 -0.6991406 0.6162739 0.01026538 -0.787465 0.485009 0.007123514 -0.8744802 0.3476496 0.004499321 -0.9376137 -0.156145 -0.6803533 -0.7160573 0.9305689 0.1343672 -0.3405685 0.8828483 0.1692732 -0.4380929 0.8278168 0.1995292 -0.5243162 0.7522071 0.2335715 -0.6161402 0.6359553 0.2700567 -0.7229317 0.491332 0.305653 -0.815579 0.3547234 0.329148 -0.8751188 0.5310049 0.4133333 -0.7397225 0.6707536 0.3642473 -0.6460755 0.7806757 0.308758 -0.543336 0.8496114 0.2609308 -0.45834 0.8984486 0.2192578 -0.3804156 0.9401403 0.1725289 -0.2938877 -0.02876065 0.6322455 -0.7742341 0.08233055 0.6301529 -0.7720939 0.1980032 0.731235 -0.6527558 0.190008 0.6197884 -0.7614192 0.303719 0.709079 -0.636366 0.2917647 0.602235 -0.7430924 0.4017523 0.6794191 -0.6139908 0.3866928 0.5786866 -0.7180463 0.4916027 0.6437718 -0.5864168 0.4736905 0.5413713 -0.694647 0.5856611 0.5924754 -0.5531492 0.5738899 0.5093919 -0.6412256 0.657001 0.6182169 -0.4314598 0.5833534 0.6767375 -0.4491382 0.5008569 0.7235249 -0.4750306 0.4096295 0.764916 -0.4970987 0.3097555 0.7993307 -0.5149 0.2018897 0.8249873 -0.5278603 0.726677 0.6224148 -0.2907582 0.6601209 0.6821693 -0.3144606 0.5854416 0.7381571 -0.3352347 0.502206 0.7893703 -0.3531056 0.4102297 0.8344341 -0.3680099 0.3097496 0.8716736 -0.3797897 0.2015624 0.8992574 -0.3882123 0.5792945 0.7871504 -0.2116887 0.495234 0.8402766 -0.220632 0.4031975 0.8864151 -0.2273762 0.3034396 0.9240885 -0.2323464 0.1968648 0.9516818 -0.2356818 -0.1178233 0.35142 -0.9287743 -0.1029676 0.1931945 -0.9757426 -0.08783064 0.05662355 -0.9945248 -0.05986843 -0.6981499 -0.7134441 0.2492444 0.3337962 -0.909097 0.1617868 0.3489435 -0.9230728 0.06994278 0.3532383 -0.9329152 -0.02443273 0.3541092 -0.9348849 -0.1297087 0.4961303 -0.8585047 0.3779474 0.4545463 -0.8065627 0.2738517 0.4795124 -0.8337105 0.1779333 0.491913 -0.8522683 0.07703467 0.499223 -0.8630423 -0.02691191 0.500701 -0.8652019 -0.1385936 0.6257696 -0.7675964 -0.2526758 0.9387895 -0.2341564 -0.2583194 0.8863329 -0.3842981 -0.2585228 0.812946 -0.5218092 -0.2534992 0.7208292 -0.6450918 -0.2433692 0.6115454 -0.7528503 -0.2281345 0.4860965 -0.8436023 -0.2077568 0.3455215 -0.915124 -0.1821818 0.1908785 -0.9645596 -0.158023 0.05592308 -0.9858506 -0.2591494 0.1874339 -0.9474756 -0.2938356 0.3368062 -0.8945514 -0.3212428 0.471367 -0.8213502 -0.341673 0.5907484 -0.7309418 -0.3553519 0.6945992 -0.6255054 -0.3623888 0.7825361 -0.5062723 -0.3626684 0.8535303 -0.3741092 -0.3558791 0.905789 -0.2299921 -0.4517284 0.8635445 -0.2241258 -0.4588158 0.8120284 -0.3606908 -0.4578377 0.7443056 -0.4862035 -0.4491841 0.6616688 -0.6003567 -0.4329137 0.5645518 -0.7027567 -0.4087276 0.4526707 -0.792484 -0.3760933 0.3256146 -0.8674843 -0.3342928 0.1829414 -0.9245436 -0.2925472 0.05648425 -0.9545814 -0.2677958 0.0047076 -0.9634642 -0.2381357 -0.4391274 -0.8662901 -0.3451286 -0.4402249 -0.8289079 -0.3548994 -0.0003543946 -0.9349044 -0.3549357 -0.01624873 -0.9347495 -0.4383645 -0.01496604 -0.8986727 -0.2458263 -0.01741755 -0.9691574 -0.1281978 -0.01921228 -0.9915625 0.2138327 0.6727633 -0.7082833 -0.3053148 0.00230808 -0.9522487 -0.3149893 0.004896322 -0.9490826 -0.3322992 0.006463662 -0.9431519 -0.3607173 0.0563737 -0.93097 -0.4080555 0.1774219 -0.8955513 -0.4547163 0.3122004 -0.8341247 -0.4906049 0.4306223 -0.7575429 -0.5169898 0.5339901 -0.6690113 -0.5347881 0.6234614 -0.5703487 -0.5445373 0.6999492 -0.4621149 -0.5462788 0.7635953 -0.3442408 -0.5395807 0.8136487 -0.2163987 -0.36899 0.003374747 -0.9294272 -0.3797106 0.006414768 -0.9250831 -0.3990779 0.008396413 -0.9168786 -0.4300742 0.05609312 -0.9010492 -0.4808386 0.1708448 -0.8600037 -0.5299565 0.2967211 -0.7944198 -0.5670863 0.4056889 -0.7168191 -0.5941194 0.4998892 -0.6301848 -0.6123756 0.5811406 -0.5359774 -0.6226322 0.6508873 -0.4343672 -0.625052 0.7097674 -0.3248694 -0.6186834 0.7577294 -0.2075499 -0.6954717 0.6517341 -0.302592 -0.6925725 0.5981758 -0.4031489 -0.6824045 0.5355451 -0.4975093 -0.6646908 0.4628162 -0.5865043 -0.6384537 0.3781541 -0.6703553 -0.6020218 0.2792164 -0.7480694 -0.5529005 0.1631098 -0.8171268 -0.5010619 0.05553264 -0.8636279 -0.4687352 0.01043003 -0.8832772 -0.4477751 0.007981045 -0.8941106 -0.4362577 0.003956175 -0.8998131 -0.4369897 0.001099151 -0.8994659 -0.5101869 -0.01409927 -0.859948 -0.4871047 -0.5199123 -0.7017266 -0.5540346 -0.5154935 -0.6536911 -0.6246811 -0.5036019 -0.5967903 -0.6986408 -0.4788308 -0.5316222 -0.5847242 0.0004955354 -0.811232 -0.5862886 -0.01311952 -0.809996 -0.6663606 -0.01193291 -0.7455341 -0.4191048 -0.4407319 -0.7937925 -0.486952 -0.4343312 -0.7577824 -0.5589306 -0.4232962 -0.7130336 -0.6354892 -0.4053511 -0.6571484 -0.7165857 -0.3772132 -0.5866985 -0.8006647 -0.3343372 -0.4971466 -0.508653 0.0008288785 -0.8609712 -0.5837172 0.004798192 -0.8119429 -0.5076825 0.004427589 -0.8615329 -0.595963 0.01094855 -0.8029372 -0.5197627 0.00952593 -0.8542576 -0.6179748 0.01436031 -0.7860667 -0.5416895 0.01246602 -0.8404862 -0.6484712 0.05290098 -0.7593988 -0.5739148 0.05454198 -0.8170967 -0.6949182 0.1433089 -0.704664 -0.6243351 0.1540316 -0.7658198 -0.7369313 0.2375672 -0.632846 -0.6710405 0.2595874 -0.6944919 -0.7668363 0.3153499 -0.5590318 -0.7049862 0.3480948 -0.6179194 -0.7878684 0.3805518 -0.4841938 -0.7291498 0.4230482 -0.537932 -0.8020092 0.4360456 -0.4082224 -0.7454388 0.4871483 -0.4549808 -0.8103785 0.4839853 -0.3302195 -0.754953 0.5424674 -0.3684767 -0.7580551 0.5902879 -0.2773312 -0.6649135 0.0001613416 -0.7469203 -0.7473348 0.005111539 -0.664428 -0.6640592 0.005043842 -0.747663 -0.7579087 0.01277029 -0.6522357 -0.6758821 0.01210661 -0.7369103 -0.7762487 0.01680932 -0.6302027 -0.6967992 0.0159114 -0.7170897 -0.798143 0.0464131 -0.6006776 -0.7238367 0.05032703 -0.6881334 -0.8297364 0.1151414 -0.5461501 -0.7638788 0.1305353 -0.6320204 -0.857001 0.1844347 -0.4811788 -0.7992349 0.2127297 -0.5621117 -0.8756208 0.2399839 -0.419161 -0.8238798 0.2795356 -0.4930334 -0.8884026 0.2856968 -0.3593303 -0.8410036 0.334996 -0.4248418 -0.8969193 0.3242212 -0.3006933 -0.8524732 0.3819651 -0.3569203 -0.8595998 0.4223992 -0.2875189 -0.905965 0.004254505 -0.4233312 -0.8301359 0.004902577 -0.5575396 -0.9112604 0.01111419 -0.4116807 -0.8384807 0.01259598 -0.5447858 -0.9201144 0.01470335 -0.3913736 -0.8526561 0.01660552 -0.5222086 -0.9288175 0.03235909 -0.3691219 -0.8681278 0.04063441 -0.4946746 -0.9411258 0.07365085 -0.3299361 -0.8900317 0.09642714 -0.4455844 -0.9514335 0.1142384 -0.285874 -0.9085721 0.1518809 -0.3891387 -0.9209897 0.1958174 -0.336799 -0.9294116 0.2317045 -0.2872405 -0.9651369 0.002949219 -0.2617289 -0.9672854 0.007773875 -0.2535717 -0.970933 0.0102862 -0.2391303 0.6604663 -0.4940087 -0.5654553 0.5878776 -0.41094 -0.6967985 0.4578077 -0.4280125 -0.7792416 0.929068 -0.1530445 -0.3367641 0.8554235 -0.2096241 -0.4736121 0.8406349 -0.3059977 -0.4468762 0.7725844 -0.2522753 -0.582641 0.9345387 -0.08299272 -0.3460485 0.8643197 -0.1176055 -0.4889994 0.7834697 -0.1458794 -0.6040649 0.6998894 -0.168376 -0.6941213 0.6057401 -0.06970564 -0.7926033 0.3233004 -0.4415252 -0.8369781 -0.1213272 -0.4438471 -0.887851 -0.01465033 -0.444215 -0.8958004 0.09308663 -0.4441188 -0.8911192 0.2050436 -0.4443186 -0.8720884 -0.9935087 -0.06836177 -0.09092389 -0.9638482 -0.06438088 -0.2585571 -0.9025572 -0.1005139 -0.4186735 -0.8952748 -0.1822303 -0.4065404 -0.8259837 -0.1320501 -0.5480089 -0.8159297 -0.2318549 -0.5296243 -0.7430446 -0.1574228 -0.6504635 -0.7317366 -0.2686098 -0.6264267 -0.659941 -0.1774751 -0.7300551 -0.6486396 -0.2952386 -0.701499 -0.5797777 -0.1932935 -0.7915147 -0.5692748 -0.3143856 -0.759663 -0.5037511 -0.2058437 -0.8389655 -0.4944291 -0.3281498 -0.804896 -0.4320968 -0.2158884 -0.8756052 -0.4240673 -0.3380728 -0.8401629 -0.3489063 -0.2259425 -0.9095133 -0.3422491 -0.3478697 -0.8728415 -0.2406754 -0.2356744 -0.9415588 -0.2364737 -0.354151 -0.9047968 -0.1245212 -0.2429725 -0.9620077 -0.1224057 -0.3589129 -0.9253099 -0.01404348 -0.2458135 -0.9692154 -0.01409694 -0.3604934 -0.9326552 0.09560611 -0.2438024 -0.965101 0.09344271 -0.3590788 -0.9286177 0.2097465 -0.2372926 -0.9485244 0.2056794 -0.3546788 -0.9120849 0.332859 -0.2262954 -0.9154208 0.3268247 -0.3462863 -0.8793585 0.4692389 -0.2095511 -0.857848 0.4610085 -0.3309121 -0.8233883 0.6003954 -0.1892551 -0.7769864 0.5914556 -0.3095161 -0.744567 0.6884569 -0.2834517 -0.6675944 0.6741791 -0.3932702 -0.6251569 0.7570675 -0.3586487 -0.5460951 0.7373239 -0.4619222 -0.4929313 0.2166534 -0.09848316 -0.9712684 0.09767251 -0.1091612 -0.9892138 -0.01430143 -0.1103983 -0.9937845 -0.1270168 -0.1080805 -0.9859946 -0.2448128 -0.1028693 -0.9640978 -0.354277 -0.09644981 -0.9301533 -0.4380485 -0.09055677 -0.8943786 -0.5099651 -0.08493468 -0.8559917 -0.5860902 -0.07830186 -0.8064534 -0.6661091 -0.07040465 -0.742524 0.4748549 -0.07961898 -0.8764551 0.337859 -0.08857465 -0.9370196 0.304552 0.6595216 -0.6872258 0.3377829 -0.007846129 -0.9411913 0.4743129 -0.007201621 -0.8803269 0.6045481 -0.006851542 -0.7965392 0.2926562 -0.6613482 -0.6906308 0.5073747 0.5246515 -0.683602 0.3379331 0.001744101 -0.9411685 0.4737447 0.002356083 -0.8806591 0.6040054 0.003131878 -0.7969741 0.7037687 0.003381827 -0.7104211 0.7874585 0.003352202 -0.6163585 0.8680038 0.003116976 -0.4965478 0.9372619 0.002528946 -0.348617 0.9829141 0.001639569 -0.1840573 0.3018977 0.6524015 -0.6951475 0.06695931 -0.7125959 -0.698372 0.2824702 0.6512963 -0.7042895 0.03709006 -0.6981846 -0.7149563 0.2611436 0.6681486 -0.6966932 0.018884 -0.7032137 -0.7107277 -0.002016518 -0.6988516 -0.7152639 -0.03015899 -0.7100757 -0.7034792 0.6189013 0.4640804 -0.6337117 0.6183171 -0.4645689 -0.633924 0.1929721 0.682049 -0.7053871 0.2664948 0.6764316 -0.6866009 0.2415203 0.6752903 -0.6968866 -0.4621123 0.6676639 -0.5836756 -0.6163209 -0.4653658 -0.635282 -0.6736726 -0.004422527 -0.7390167 -0.2349753 -0.6766648 -0.6977904 -0.2473411 0.0002643954 -0.9689284 -0.1807862 -0.686307 -0.704485 -0.2410774 0.6733984 -0.6988679 0.2242152 0.28178 -0.9329135 0.6701965 0.4645089 -0.5788507 -0.4684648 0.6705829 -0.5752037 -0.3631521 0.3176128 -0.8759239 -0.6885499 0.0001953099 -0.7251889 -0.6199569 0.4654777 -0.6316518 -0.4596333 -0.6654104 -0.5881889 0.1910038 -0.6824956 -0.7054908 0.2380694 -0.6744682 -0.6988674 0.282148 -0.6664007 -0.6901468 -0.492544 0.5335674 -0.6875364 0.3415512 0.7443208 -0.5738722 -0.5074129 0.5410693 -0.6706535 -0.02679101 0.4758707 -0.8791071 0.4691623 0.5435338 -0.69603 0.4844135 0.547377 -0.6824383 -0.3454973 0.7463038 -0.5689132 -0.6664371 -0.3378209 -0.6646342 -0.4115269 -0.5626023 -0.7170246 -0.1571343 0.0649321 -0.9854403 0.04772662 0.7145949 -0.6979085 -0.5496261 0.5722324 -0.6086552 -0.549064 -0.5718314 -0.6095388 -0.07442674 -0.7072751 -0.7030096 0.0488389 -0.714618 -0.6978079 0.0007296899 -0.7136296 -0.7005228 -0.05406205 -0.7165232 -0.6954652 0.5462221 -0.5703437 -0.6134733 0.5438934 0.5714944 -0.6144706 -0.06556702 0.7143144 -0.6967467 -0.04286296 0.7043718 -0.7085359 0.1554883 0.05056411 -0.9865428 0.4156785 -0.5660663 -0.711885 0.424356 -0.5565692 -0.7142497 0.6712838 -0.3356938 -0.6608235 0.6167982 0.4648522 -0.6351948 0.6166331 -0.463603 -0.6362671 0.1893308 0.6831343 -0.7053236 0.1546988 0.6807057 -0.7160364 0.2383243 0.6746144 -0.6986394 0.3049587 0.7039007 -0.6415013 0.2875852 0.6628072 -0.6913619 -0.4586796 0.6647792 -0.5896454 -0.6172865 -0.4642768 -0.6351412 -0.3560695 -0.3183132 -0.8785734 -0.4677871 -0.6702093 -0.5761898 -0.6874084 4.697785e-05 -0.7262711 0.270466 -0.6610785 -0.6998738 0.6712014 -0.4646074 -0.5776059 0.2305166 -0.2748733 -0.9334381 -0.2441038 -0.6717234 -0.6994291 -0.2565202 -9.274047e-05 -0.9665389 -0.2385794 0.6750246 -0.6981559 -0.1899336 0.6828382 -0.7054482 -0.1582037 0.6826843 -0.7133819 -0.6189889 0.465969 -0.6322385 -0.4575889 -0.6652765 -0.5899318 -0.6686938 0.0006456848 -0.7435376 0.1555377 -0.6803649 -0.7161785 0.1902658 -0.6828174 -0.7053788 0.2401411 -0.6744617 -0.6981645 0.3030984 -0.6559505 -0.6912744 0.2872014 -0.6675434 -0.6869506 -0.01110007 0.7140891 -0.6999668 0.0175498 0.7083915 -0.7056015 -0.03371661 0.7063026 -0.7071067 -0.05938242 0.7178995 -0.6936094 0.543786 0.5717653 -0.6143136 0.02029436 0.6948934 -0.7188263 -0.0845692 0.7315134 -0.676562 0.03789427 0.7477193 -0.6629328 -0.6892682 0.05801821 -0.7221795 -0.3652655 0.05196122 -0.929452 -0.6296061 0.3122446 -0.7114067 -0.549647 0.3967352 -0.7351798 -0.5136332 0.5237572 -0.6796024 -0.3793587 0.5790243 -0.721677 -0.3111732 0.694437 -0.64879 -0.1565788 0.6856994 -0.7108442 0.01075902 -0.6861948 -0.7273382 -0.2438192 -0.7501764 -0.6146443 -0.1941281 -0.8751862 -0.4431291 -0.3243155 -0.8750342 -0.3593529 -0.6006813 -0.6674763 -0.4400651 -0.6866669 -0.6308956 -0.3611914 -0.3771843 -0.1304493 -0.9169051 -0.8258214 -0.2708366 -0.4946377 -0.8896436 -0.2323634 -0.3931177 0.04650477 -0.6849744 -0.7270814 0.06696995 -0.6730479 -0.7365606 0.5895546 -0.534427 -0.6056511 0.723773 0.04149749 -0.6887892 0.6235437 0.5492389 -0.5563541 0.8886502 0.02438617 -0.4579368 0.3325559 0.5930357 -0.7332907 0.199904 0.4933103 -0.8465715 0.1559652 0.4154497 -0.8961453 0.692743 0.06516695 -0.7182342 0.7125199 0.1731111 -0.6799617 0.6118483 0.2878893 -0.7367235 0.4232168 0.3672303 -0.828269 0.403885 -0.5276326 -0.7473157 0.5440925 -0.4773988 -0.6899665 0.5936732 -0.3191341 -0.7387189 0.5359816 -0.1041083 -0.8377859 0.6516368 -0.03239388 -0.7578391 0.6718803 -0.07016568 -0.7373287 0.2433569 -0.4725831 -0.8470199 0.2141444 -0.6960062 -0.6853594 0.05437576 -0.6995557 -0.7125062 -0.005931371 -0.7125933 -0.7015522 -0.04957947 -0.7172499 -0.6950499 -0.07781892 -0.7051967 -0.7047282 0.5466234 -0.5711372 -0.6123767 0.664841 0.004062501 -0.7469739 -0.6558739 -0.3788871 -0.6528966 -0.7572665 -0.0002068725 -0.6531059 -0.3788058 0.6559766 -0.6528407 -0.001215526 0.7566091 -0.6538663 0.7572918 -0.001531213 -0.6530749 0.6550235 0.3784325 -0.6540131 0.3786237 0.65461 -0.6543163 -0.6557372 0.3789479 -0.6529986 -0.3790278 -0.6556277 -0.6530622 0.3793308 -0.654195 -0.6543218 -0.0014005 -0.7562143 -0.6543225 0.6566972 -0.3780737 -0.6525404 -0.9096771 -0.4123554 0.04950356 0.9560423 -0.2898061 0.04467184 0.8046572 -0.4931453 -0.3306577 -0.7865842 -0.6152306 -0.05269311 -0.8602521 -0.5086318 -0.03549633 0.9161153 0.1860746 0.3551183 -0.09513884 -0.2518016 -0.9630912 -0.756094 -0.6109483 -0.2346573 -0.1491603 -0.6367698 -0.7564888 -0.6812497 -0.6022402 -0.4161797 -0.7005265 -0.6204575 -0.3525552 -0.6321429 -0.5958683 -0.4953143 -0.5317861 -0.4170364 -0.7370781 -0.6173963 -0.3824194 -0.6874425 -0.6369163 -0.3238893 -0.6995952 -0.636945 -0.3239159 -0.6995567 0.4565802 -0.004415225 0.8896713 0.7569757 0.0006347107 -0.6534427 0.6560038 0.3792103 -0.6525784 0.3791154 0.6562798 -0.652356 -0.0004435444 0.7580092 -0.6522437 -0.3784817 0.6565597 -0.6524423 -0.655404 0.3791464 -0.6532179 -0.6528383 -0.3777888 -0.6565651 -0.7554297 0.002597803 -0.6552246 -0.3773412 -0.6537944 -0.6558709 0.001392303 -0.7557415 -0.6548686 0.3770094 -0.6552103 -0.6546475 0.6552166 -0.3770055 -0.6546434 0.652844 0.3773601 -0.656806 0.3770307 0.6536036 -0.6562395 -0.00142411 0.7555554 -0.6550832 -0.377063 0.6550628 -0.6547643 -0.6552151 0.3769803 -0.6546595 -0.7569747 -0.0006366937 -0.6534439 -0.6559996 -0.3790233 -0.6526912 -0.3791292 -0.6558915 -0.6527384 0.0003165749 -0.7574892 -0.6528477 0.3788643 -0.6560007 -0.6527825 0.7554455 -0.002572581 -0.6552064 0.6553751 -0.3792564 -0.6531831 -0.6805015 -0.2131684 -0.7010542 -0.6938882 -0.236062 -0.6802896 -0.5558351 0.12343 -0.8220781 -0.6668515 -0.2418314 -0.7048593 -0.629699 0.1033523 -0.7699334 -0.5556259 0.3423798 -0.7576648 -0.4305345 0.5694448 -0.7002662 0.0877276 0.994431 -0.05840185 -0.2317679 0.8601599 -0.4543221 -0.2095623 0.8311164 -0.5151012 -0.2819498 0.6518349 -0.7039997 -0.3099014 0.4907512 -0.8143245 -0.2753643 0.668043 -0.6912981 -0.3316934 0.3270976 -0.8848654 -0.3320319 0.0882949 -0.9391266 -0.5847553 -0.0681186 -0.8083447 -0.8136148 -0.2526519 -0.5236392 -0.349647 0.1838786 -0.9186597 -0.5339215 0.07437028 -0.842257 -0.5540132 -0.01428001 -0.8323854 -0.7136122 -0.2615731 -0.6498747 -0.7506605 -0.2880923 -0.5945684 -0.411994 0.3631171 -0.8357074 -0.4163775 0.4681035 -0.7794286 -0.5577129 0.206331 -0.80398 -0.2865357 0.74132 -0.6069118 -0.6580785 -0.7352709 -0.1622019 -0.3850192 -0.7352708 -0.5577966 0.2403418 -0.7352708 0.6337292 -0.5073207 -0.7352709 -0.4494468 -0.6001386 -0.7352707 -0.3149771 -0.6777735 -0.7352708 -9.048035e-17 -0.6580785 -0.7352709 0.1622019 0.6001386 -0.7352707 0.3149771 -0.6001386 -0.7352707 0.3149771 -0.5073207 -0.7352709 0.4494468 -0.0816966 -0.7352708 0.6728317 0.3850192 -0.7352708 0.5577966 0.5073207 -0.7352709 0.4494468 0.6580785 -0.7352709 -0.1622019 -0.2403418 -0.7352708 0.6337292 -0.3850192 -0.7352708 0.5577966 0.6580785 -0.7352709 0.1622019 0.6777735 -0.7352708 -9.048035e-17 0.0816966 -0.7352708 0.6728317 0.6001386 -0.7352707 -0.3149771 0.5073207 -0.7352709 -0.4494468 0.3850192 -0.7352708 -0.5577966 0.0816966 -0.7352708 -0.6728317 -0.0816966 -0.7352708 -0.6728317 -0.2403418 -0.7352708 -0.6337292 0.2403418 -0.7352708 -0.6337292 0.1513173 0.6629658 0.733198 -0.4239826 -0.5316574 0.7331979 -0.2950476 0.6126725 0.733198 -0.1513173 0.6629658 0.733198 0.4239827 0.5316573 0.7331979 0.6800153 -5.087838e-08 0.7331979 0.6629658 0.1513176 0.733198 0.6629658 -0.1513177 0.733198 0.5316573 -0.4239825 0.733198 0.6126726 -0.2950476 0.7331979 0.4239826 -0.5316574 0.7331979 0.2950476 -0.6126725 0.733198 5.743571e-17 -0.6800153 0.7331979 -0.6126726 0.2950476 0.7331979 -1.964906e-17 0.6800155 0.7331978 0.2950476 0.6126725 0.733198 0.6126726 0.2950476 0.7331979 0.1513176 -0.6629659 0.733198 -0.1513176 -0.6629659 0.733198 0.5316574 0.4239825 0.733198 -0.6126726 -0.2950476 0.7331979 -0.5316573 -0.4239825 0.733198 -0.6629658 -0.1513177 0.733198 -0.6800153 -5.087838e-08 0.7331979 -0.6629658 0.1513176 0.733198 -0.4239827 0.5316573 0.7331979 -0.2950476 -0.6126725 0.733198 -0.5316574 0.4239825 0.733198 0 0 -1 0 0 -1 0.005487201 0.000231953 -0.9999849 -0.001450797 2.435218e-05 -0.9999989 -0.008037291 -0.003899826 -0.9999601 -0.006382197 -0.003138995 -0.9999747 -0.001495115 -0.0002865402 -0.9999988 -0.01114223 -0.001299172 -0.9999371 0.07693148 0.04473006 -0.9960325 0.08961994 0.00351789 -0.9959698 0 0 -1 0.732324 -0.6809563 2.346304e-16 0.711044 -0.6809563 0.1752567 0 -1 0 0.711044 -0.6809563 -0.1752567 0.4160074 -0.6809563 -0.6026909 0.5481525 -0.6809563 -0.4856206 0.6484406 -0.6809564 -0.3403279 -0.08827195 -0.6809563 -0.7269846 0.08827195 -0.6809563 -0.7269846 0.2596857 -0.6809564 -0.6847348 -0.5481525 -0.6809563 -0.4856206 -0.4160074 -0.6809563 -0.6026909 -0.2596857 -0.6809564 -0.6847348 -0.732324 -0.6809563 -6.51751e-17 -0.711044 -0.6809563 -0.1752567 -0.6484406 -0.6809564 -0.3403279 -0.5481525 -0.6809563 0.4856206 -0.6484406 -0.6809564 0.3403279 -0.711044 -0.6809563 0.1752567 -0.08827195 -0.6809563 0.7269846 -0.2596857 -0.6809564 0.6847348 -0.4160074 -0.6809563 0.6026909 0.4160074 -0.6809563 0.6026909 0.2596857 -0.6809564 0.6847348 0.08827195 -0.6809563 0.7269846 0.6484406 -0.6809564 0.3403279 0.5481525 -0.6809563 0.4856206 -0.7306492 -5.466678e-08 0.682753 -0.7123303 -0.1625848 0.682753 -3.433038e-33 -7.890969e-17 1 -0.5712447 0.4555523 0.682753 -0.6582922 0.3170168 0.6827531 -0.7123304 0.1625848 0.682753 -0.1625844 0.7123305 0.6827529 -0.3170169 0.6582922 0.682753 -0.4555524 0.5712445 0.682753 0.3170169 0.6582922 0.682753 0.1625844 0.7123305 0.6827529 -2.598415e-17 0.7306491 0.6827532 0.6582922 0.3170168 0.6827531 0.5712447 0.4555523 0.682753 0.4555524 0.5712445 0.682753 0.7123303 -0.1625848 0.682753 0.7306492 -5.466678e-08 0.682753 0.7123304 0.1625848 0.682753 0.4555523 -0.5712445 0.6827531 0.5712446 -0.4555524 0.682753 0.6582922 -0.3170168 0.6827531 5.846436e-17 -0.7306492 0.682753 0.1625847 -0.7123304 0.682753 0.3170169 -0.6582922 0.682753 -0.4555523 -0.5712445 0.6827531 -0.3170169 -0.6582922 0.682753 -0.1625847 -0.7123304 0.682753 -0.6582922 -0.3170168 0.6827531 -0.5712446 -0.4555524 0.682753</float_array>
          <technique_common>
            <accessor count="3061" source="#normals-array-array" stride="3">
              <param type="float" name="X" />
              <param type="float" name="Y" />
              <param type="float" name="Z" />
            </accessor>
          </technique_common>
        </source>
        <vertices id="verts-array-vertices">
          <input semantic="POSITION" source="#verts-array" />
        </vertices>
        <triangles count="6118" material="material0">
          <input offset="0" semantic="VERTEX" source="#verts-array-vertices" />
          <input offset="1" semantic="NORMAL" source="#normals-array" />
          <p>0 0 1 1 2 2 3 3 4 4 5 5 6 6 7 7 8 8 9 9 10 10 11 11 12 12 13 13 14 14 14 14 13 13 15 15 16 16 17 17 18 18 19 19 20 20 21 21 21 21 20 20 22 22 21 21 22 22 23 23 23 23 22 22 24 24 19 19 25 25 20 20 20 20 25 25 26 26 20 20 26 26 27 27 28 28 29 29 27 27 27 27 29 29 16 16 27 27 16 16 20 20 20 20 16 16 18 18 20 20 18 18 22 22 30 30 31 31 32 32 33 33 34 34 35 35 35 35 34 34 36 36 6 6 8 8 36 36 8 8 37 37 38 38 38 38 37 37 39 39 38 38 39 39 5 5 5 5 39 39 40 40 5 5 40 40 3 3 41 41 42 42 43 43 0 0 2 2 43 43 43 43 2 2 41 41 41 41 2 2 44 44 41 41 44 44 45 45 45 45 44 44 32 32 45 45 32 32 35 35 35 35 32 32 31 31 35 35 31 31 33 33 46 46 47 47 48 48 48 48 47 47 49 49 36 36 8 8 35 35 35 35 8 8 38 38 35 35 38 38 45 45 45 45 38 38 5 5 45 45 5 5 41 41 41 41 5 5 4 4 41 41 4 4 42 42 12 12 50 50 13 13 13 13 50 50 51 51 13 13 51 51 52 52 53 53 54 54 55 55 55 55 54 54 56 56 55 55 56 56 57 57 57 57 56 56 58 58 54 54 59 59 56 56 56 56 59 59 60 60 56 56 60 60 58 58 58 58 60 60 61 61 58 58 61 61 62 62 51 51 63 63 52 52 52 52 63 63 64 64 52 52 64 64 40 40 40 40 64 64 65 65 40 40 65 65 3 3 66 66 67 67 32 32 32 32 67 67 68 68 32 32 68 68 30 30 69 69 66 66 70 70 70 70 66 66 32 32 70 70 32 32 44 44 70 70 44 44 71 71 10 10 24 24 11 11 11 11 24 24 22 22 11 11 22 22 53 53 53 53 22 22 18 18 53 53 18 18 54 54 54 54 18 18 17 17 54 54 17 17 59 59 1 1 47 47 2 2 2 2 47 47 46 46 2 2 46 46 44 44 44 44 46 46 72 72 44 44 72 72 71 71 7 7 9 9 8 8 8 8 9 9 11 11 8 8 11 11 37 37 37 37 11 11 53 53 37 37 53 53 39 39 39 39 53 53 55 55 39 39 55 55 40 40 40 40 55 55 57 57 40 40 57 57 52 52 52 52 57 57 58 58 52 52 58 58 13 13 13 13 58 58 62 62 13 13 62 62 15 15 73 73 74 74 75 75 76 76 77 77 78 78 79 79 80 80 81 81 82 82 83 83 84 84 85 85 86 86 87 87 88 88 89 89 90 90 91 91 92 92 93 93 94 94 95 95 96 96 97 97 75 75 98 98 99 99 100 100 101 101 102 102 103 103 104 104 105 105 106 106 107 107 108 108 109 109 110 110 111 111 112 112 113 113 114 114 115 115 116 116 117 117 118 118 119 119 120 120 121 121 122 122 122 122 121 121 123 123 124 124 125 125 126 126 127 127 128 128 129 129 130 130 131 131 132 132 133 133 134 134 135 135 136 136 137 137 138 138 139 139 140 140 141 141 140 140 139 139 142 142 143 143 144 144 145 145 146 146 147 147 148 148 149 149 150 150 151 151 152 152 153 153 150 150 150 150 153 153 154 154 150 150 154 154 151 151 155 155 156 156 152 152 152 152 156 156 157 157 152 152 157 157 153 153 158 158 159 159 160 160 160 160 159 159 161 161 160 160 161 161 155 155 155 155 161 161 162 162 155 155 162 162 156 156 163 163 164 164 165 165 165 165 164 164 166 166 165 165 166 166 158 158 158 158 166 166 167 167 158 158 167 167 159 159 168 168 169 169 170 170 170 170 171 171 168 168 168 168 171 171 172 172 168 168 172 172 165 165 165 165 172 172 173 173 165 165 173 173 163 163 174 174 175 175 176 176 176 176 175 175 177 177 176 176 177 177 178 178 178 178 177 177 179 179 178 178 179 179 169 169 169 169 179 179 180 180 169 169 180 180 170 170 174 174 176 176 181 181 181 181 176 176 182 182 181 181 182 182 183 183 183 183 182 182 184 184 184 184 182 182 185 185 184 184 185 185 186 186 187 187 188 188 189 189 189 189 188 188 190 190 189 189 190 190 191 191 191 191 190 190 192 192 192 192 190 190 193 193 193 193 190 190 194 194 193 193 194 194 195 195 195 195 194 194 196 196 195 195 196 196 197 197 197 197 196 196 198 198 198 198 196 196 199 199 198 198 199 199 200 200 200 200 199 199 201 201 200 200 201 201 202 202 202 202 201 201 203 203 203 203 201 201 204 204 203 203 204 204 205 205 205 205 204 204 206 206 205 205 206 206 207 207 207 207 206 206 208 208 208 208 206 206 209 209 208 208 209 209 210 210 210 210 209 209 211 211 211 211 209 209 212 212 211 211 212 212 213 213 213 213 212 212 214 214 214 214 212 212 215 215 214 214 215 215 216 216 217 217 218 218 219 219 217 217 219 219 215 215 215 215 219 219 220 220 215 215 220 220 216 216 218 218 217 217 221 221 221 221 217 217 222 222 221 221 222 222 223 223 223 223 222 222 224 224 223 223 224 224 225 225 225 225 224 224 226 226 226 226 224 224 227 227 226 226 227 227 228 228 229 229 230 230 231 231 231 231 230 230 232 232 231 231 232 232 233 233 233 233 232 232 234 234 229 229 231 231 235 235 235 235 231 231 236 236 235 235 236 236 237 237 237 237 236 236 238 238 237 237 238 238 239 239 239 239 238 238 240 240 239 239 240 240 241 241 241 241 240 240 242 242 241 241 242 242 243 243 244 244 245 245 246 246 246 246 245 245 247 247 248 248 249 249 250 250 250 250 251 251 248 248 248 248 251 251 252 252 248 248 252 252 246 246 246 246 252 252 253 253 246 246 253 253 244 244 254 254 255 255 256 256 256 256 255 255 257 257 256 256 257 257 258 258 258 258 257 257 259 259 258 258 259 259 249 249 249 249 259 259 260 260 249 249 260 260 250 250 254 254 256 256 261 261 261 261 256 256 262 262 261 261 262 262 263 263 263 263 262 262 264 264 264 264 262 262 265 265 264 264 265 265 266 266 266 266 265 265 267 267 267 267 265 265 268 268 267 267 268 268 269 269 269 269 268 268 270 270 270 270 268 268 271 271 270 270 271 271 272 272 272 272 271 271 273 273 273 273 271 271 274 274 273 273 274 274 275 275 276 276 277 277 274 274 274 274 277 277 278 278 274 274 278 278 275 275 279 279 280 280 276 276 276 276 280 280 281 281 276 276 281 281 277 277 282 282 283 283 284 284 284 284 283 283 285 285 284 284 285 285 279 279 279 279 285 285 286 286 279 279 286 286 280 280 287 287 288 288 282 282 282 282 288 288 289 289 282 282 289 289 283 283 290 290 291 291 292 292 292 292 293 293 290 290 290 290 293 293 294 294 290 290 294 294 295 295 295 295 294 294 296 296 295 295 296 296 287 287 287 287 296 296 297 297 287 287 297 297 288 288 298 298 299 299 300 300 300 300 299 299 301 301 300 300 301 301 291 291 291 291 301 301 302 302 291 291 302 302 292 292 303 303 304 304 298 298 298 298 304 304 305 305 298 298 305 305 299 299 306 306 307 307 303 303 303 303 307 307 308 308 303 303 308 308 304 304 309 309 310 310 311 311 311 311 310 310 312 312 311 311 312 312 306 306 306 306 312 312 313 313 306 306 313 313 307 307 314 314 315 315 316 316 316 316 315 315 317 317 316 316 317 317 309 309 309 309 317 317 318 318 309 309 318 318 310 310 148 148 147 147 316 316 316 316 147 147 319 319 316 316 319 319 314 314 146 146 148 148 320 320 320 320 148 148 321 321 320 320 321 321 322 322 322 322 321 321 323 323 322 322 323 323 324 324 324 324 323 323 325 325 325 325 323 323 326 326 325 325 326 326 327 327 328 328 329 329 326 326 326 326 329 329 330 330 326 326 330 330 327 327 151 151 331 331 149 149 149 149 331 331 332 332 149 149 332 332 333 333 333 333 332 332 334 334 333 333 334 334 328 328 328 328 334 334 335 335 328 328 335 335 329 329 144 144 336 336 337 337 143 143 145 145 338 338 338 338 145 145 339 339 338 338 339 339 340 340 341 341 342 342 343 343 343 343 344 344 341 341 341 341 344 344 345 345 341 341 345 345 339 339 339 339 345 345 346 346 339 339 346 346 340 340 347 347 348 348 349 349 349 349 348 348 350 350 349 349 350 350 341 341 341 341 350 350 351 351 341 341 351 351 342 342 352 352 353 353 349 349 349 349 353 353 354 354 349 349 354 354 347 347 355 355 356 356 357 357 356 356 355 355 358 358 358 358 355 355 359 359 358 358 359 359 360 360 361 361 362 362 363 363 363 363 362 362 364 364 365 365 366 366 367 367 367 367 366 366 368 368 367 367 368 368 369 369 370 370 371 371 372 372 372 372 371 371 373 373 372 372 373 373 374 374 374 374 373 373 375 375 376 376 377 377 378 378 378 378 377 377 379 379 378 378 379 379 380 380 380 380 379 379 381 381 382 382 383 383 384 384 384 384 383 383 385 385 384 384 385 385 386 386 386 386 385 385 387 387 388 388 389 389 390 390 390 390 389 389 391 391 390 390 391 391 392 392 392 392 391 391 393 393 394 394 395 395 391 391 391 391 395 395 396 396 391 391 396 396 393 393 397 397 398 398 399 399 399 399 398 398 400 400 399 399 400 400 401 401 402 402 403 403 397 397 397 397 403 403 404 404 397 397 404 404 398 398 405 405 406 406 402 402 407 407 408 408 406 406 406 406 408 408 409 409 406 406 409 409 410 410 410 410 411 411 406 406 406 406 411 411 412 412 406 406 412 412 402 402 406 406 413 413 407 407 407 407 413 413 414 414 407 407 414 414 415 415 415 415 414 414 416 416 417 417 418 418 419 419 419 419 418 418 420 420 420 420 421 421 419 419 419 419 421 421 422 422 419 419 422 422 414 414 414 414 422 422 423 423 414 414 423 423 416 416 424 424 425 425 418 418 425 425 426 426 418 418 418 418 426 426 427 427 418 418 427 427 420 420 428 428 429 429 430 430 430 430 429 429 431 431 430 430 431 431 432 432 432 432 431 431 433 433 432 432 433 433 434 434 428 428 430 430 435 435 435 435 430 430 436 436 435 435 436 436 437 437 438 438 439 439 440 440 440 440 439 439 441 441 440 440 441 441 436 436 436 436 441 441 442 442 436 436 442 442 437 437 438 438 440 440 443 443 443 443 440 440 444 444 443 443 444 444 445 445 446 446 447 447 448 448 446 446 448 448 444 444 444 444 448 448 449 449 444 444 449 449 445 445 447 447 446 446 450 450 450 450 446 446 451 451 450 450 451 451 452 452 453 453 454 454 455 455 455 455 454 454 456 456 455 455 456 456 451 451 451 451 456 456 457 457 451 451 457 457 452 452 453 453 455 455 458 458 458 458 455 455 459 459 458 458 459 459 460 460 461 461 462 462 459 459 459 459 462 462 463 463 459 459 463 463 460 460 464 464 465 465 466 466 467 467 468 468 469 469 469 469 468 468 470 470 469 469 470 470 464 464 464 464 470 470 471 471 464 464 471 471 465 465 472 472 473 473 474 474 474 474 473 473 469 469 469 469 473 473 475 475 469 469 475 475 467 467 476 476 477 477 474 474 474 474 477 477 478 478 474 474 478 478 472 472 479 479 480 480 481 481 481 481 480 480 482 482 481 481 482 482 483 483 484 484 485 485 481 481 481 481 485 485 486 486 481 481 486 486 479 479 487 487 488 488 489 489 489 489 488 488 490 490 489 489 490 490 491 491 491 491 490 490 492 492 491 491 492 492 493 493 494 494 495 495 496 496 496 496 495 495 497 497 496 496 497 497 498 498 124 124 126 126 499 499 500 500 501 501 502 502 503 503 504 504 505 505 505 505 504 504 506 506 507 507 508 508 509 509 510 510 511 511 512 512 512 512 511 511 513 513 510 510 512 512 514 514 514 514 512 512 515 515 514 514 515 515 516 516 516 516 515 515 517 517 517 517 515 515 518 518 517 517 518 518 519 519 520 520 521 521 518 518 518 518 521 521 522 522 518 518 522 522 519 519 67 67 66 66 523 523 523 523 66 66 524 524 524 524 66 66 69 69 524 524 69 69 525 525 526 526 30 30 68 68 108 108 110 110 526 526 36 36 34 34 110 110 110 110 34 34 33 33 110 110 33 33 526 526 526 526 33 33 31 31 526 526 31 31 30 30 36 36 110 110 6 6 6 6 110 110 527 527 6 6 527 527 7 7 528 528 10 10 527 527 527 527 10 10 9 9 527 527 9 9 7 7 529 529 19 19 21 21 21 21 23 23 528 528 528 528 23 23 24 24 528 528 24 24 10 10 530 530 26 26 529 529 529 529 26 26 25 25 529 529 25 25 19 19 531 531 28 28 530 530 530 530 28 28 27 27 530 530 27 27 26 26 532 532 533 533 531 531 533 533 534 534 531 531 531 531 534 534 535 535 531 531 535 535 28 28 536 536 537 537 538 538 538 538 537 537 539 539 539 539 540 540 538 538 538 538 540 540 541 541 538 538 541 541 542 542 542 542 541 541 543 543 542 542 543 543 544 544 536 536 538 538 545 545 545 545 538 538 546 546 545 545 546 546 547 547 548 548 549 549 546 546 546 546 549 549 550 550 546 546 550 550 547 547 106 106 551 551 107 107 107 107 551 551 552 552 107 107 552 552 553 553 553 553 552 552 554 554 553 553 554 554 548 548 548 548 554 554 555 555 548 548 555 555 549 549 556 556 557 557 558 558 558 558 557 557 107 107 107 107 557 557 559 559 107 107 559 559 105 105 560 560 561 561 562 562 562 562 561 561 563 563 564 564 565 565 558 558 558 558 565 565 566 566 558 558 566 566 556 556 567 567 568 568 569 569 568 568 570 570 569 569 569 569 570 570 571 571 569 569 571 571 562 562 562 562 571 571 572 572 562 562 572 572 560 560 573 573 574 574 575 575 575 575 574 574 576 576 575 575 576 576 577 577 577 577 576 576 578 578 577 577 578 578 579 579 580 580 581 581 582 582 580 580 582 582 575 575 575 575 582 582 583 583 575 575 583 583 573 573 581 581 580 580 584 584 584 584 580 580 585 585 584 584 585 585 586 586 587 587 588 588 585 585 585 585 588 588 589 589 585 585 589 589 586 586 590 590 591 591 592 592 592 592 591 591 593 593 592 592 593 593 594 594 595 595 596 596 590 590 590 590 596 596 597 597 590 590 597 597 591 591 598 598 599 599 595 595 595 595 599 599 600 600 595 595 600 600 596 596 601 601 602 602 598 598 598 598 602 602 603 603 598 598 603 603 599 599 604 604 605 605 601 601 601 601 605 605 606 606 601 601 606 606 602 602 607 607 608 608 604 604 604 604 608 608 609 609 604 604 609 609 605 605 610 610 611 611 607 607 607 607 611 611 612 612 607 607 612 612 608 608 613 613 614 614 615 615 615 615 614 614 616 616 615 615 616 616 610 610 610 610 616 616 617 617 610 610 617 617 611 611 613 613 615 615 618 618 618 618 615 615 619 619 618 618 619 619 620 620 620 620 619 619 621 621 621 621 619 619 622 622 621 621 622 622 623 623 623 623 622 622 624 624 623 623 624 624 625 625 626 626 627 627 624 624 624 624 627 627 628 628 624 624 628 628 625 625 629 629 630 630 631 631 631 631 632 632 629 629 629 629 632 632 633 633 629 629 633 633 626 626 626 626 633 633 634 634 626 626 634 634 627 627 635 635 636 636 629 629 629 629 636 636 637 637 629 629 637 637 630 630 638 638 635 635 639 639 639 639 635 635 640 640 638 638 641 641 635 635 635 635 641 641 642 642 635 635 642 642 636 636 643 643 644 644 640 640 640 640 644 644 645 645 640 640 645 645 639 639 646 646 647 647 643 643 643 643 647 647 648 648 643 643 648 648 644 644 649 649 650 650 646 646 646 646 650 650 651 651 646 646 651 651 647 647 652 652 653 653 654 654 654 654 653 653 655 655 654 654 655 655 649 649 649 649 655 655 656 656 649 649 656 656 650 650 652 652 654 654 657 657 657 657 654 654 658 658 657 657 658 658 659 659 660 660 658 658 661 661 661 661 658 658 662 662 660 660 663 663 658 658 658 658 663 663 664 664 658 658 664 664 659 659 665 665 666 666 667 667 667 667 666 666 668 668 667 667 668 668 662 662 662 662 668 668 669 669 662 662 669 669 661 661 670 670 671 671 672 672 672 672 671 671 673 673 672 672 673 673 674 674 674 674 673 673 675 675 674 674 675 675 676 676 676 676 675 675 677 677 676 676 677 677 667 667 667 667 677 677 678 678 667 667 678 678 665 665 679 679 680 680 681 681 681 681 680 680 682 682 681 681 682 682 672 672 672 672 682 682 683 683 672 672 683 683 670 670 684 684 685 685 679 679 679 679 685 685 686 686 679 679 686 686 680 680 687 687 688 688 689 689 689 689 688 688 690 690 689 689 690 690 684 684 684 684 690 690 691 691 684 684 691 691 685 685 687 687 689 689 692 692 692 692 689 689 693 693 692 692 693 693 694 694 694 694 693 693 695 695 695 695 693 693 696 696 695 695 696 696 697 697 697 697 696 696 698 698 698 698 696 696 699 699 698 698 699 699 700 700 701 701 702 702 703 703 703 703 702 702 704 704 704 704 705 705 703 703 703 703 705 705 706 706 703 703 706 706 707 707 707 707 706 706 708 708 707 707 708 708 709 709 709 709 708 708 710 710 709 709 710 710 699 699 699 699 710 710 711 711 699 699 711 711 700 700 701 701 703 703 712 712 712 712 703 703 713 713 712 712 713 713 714 714 714 714 713 713 715 715 715 715 713 713 716 716 715 715 716 716 717 717 718 718 719 719 716 716 720 720 721 721 722 722 722 722 721 721 718 718 719 719 723 723 716 716 716 716 723 723 724 724 716 716 724 724 717 717 579 579 725 725 577 577 577 577 725 725 726 726 577 577 726 726 727 727 727 727 726 726 728 728 727 727 728 728 720 720 417 417 729 729 418 418 418 418 729 729 730 730 418 418 730 730 424 424 424 424 730 730 731 731 732 732 733 733 389 389 389 389 733 733 734 734 389 389 734 734 391 391 391 391 734 734 399 399 391 391 399 399 394 394 394 394 399 399 401 401 394 394 401 401 395 395 402 402 397 397 405 405 405 405 397 397 399 399 405 405 399 399 735 735 735 735 399 399 734 734 735 735 734 734 736 736 736 736 734 734 733 733 736 736 733 733 737 737 738 738 739 739 740 740 128 128 130 130 129 129 129 129 130 130 132 132 129 129 132 132 741 741 741 741 132 132 742 742 741 741 742 742 743 743 381 381 127 127 380 380 380 380 127 127 129 129 380 380 129 129 744 744 744 744 129 129 741 741 744 744 741 741 745 745 745 745 741 741 743 743 745 745 743 743 746 746 387 387 376 376 386 386 386 386 376 376 378 378 386 386 378 378 747 747 747 747 378 378 380 380 747 747 380 380 748 748 748 748 380 380 744 744 748 748 744 744 749 749 749 749 744 744 745 745 749 749 745 745 750 750 750 750 745 745 746 746 750 750 746 746 751 751 388 388 382 382 389 389 389 389 382 382 384 384 389 389 384 384 732 732 732 732 384 384 386 386 732 732 386 386 752 752 752 752 386 386 747 747 752 752 747 747 753 753 753 753 747 747 748 748 753 753 748 748 754 754 754 754 748 748 749 749 754 754 749 749 755 755 755 755 749 749 750 750 755 755 750 750 756 756 756 756 750 750 751 751 756 756 751 751 757 757 737 737 733 733 758 758 758 758 733 733 732 732 758 758 732 732 759 759 759 759 732 732 752 752 759 759 752 752 760 760 760 760 752 752 753 753 760 760 753 753 761 761 761 761 753 753 754 754 761 761 754 754 762 762 762 762 754 754 755 755 762 762 755 755 763 763 763 763 755 755 756 756 763 763 756 756 764 764 764 764 756 756 757 757 764 764 757 757 765 765 742 742 766 766 743 743 743 743 766 766 767 767 743 743 767 767 746 746 746 746 767 767 768 768 746 746 768 768 751 751 751 751 768 768 769 769 751 751 769 769 757 757 757 757 769 769 770 770 757 757 770 770 765 765 765 765 770 770 771 771 765 765 771 771 772 772 765 765 773 773 764 764 764 764 773 773 774 774 764 764 774 774 763 763 763 763 774 774 775 775 763 763 775 775 762 762 762 762 775 775 776 776 762 762 776 776 761 761 761 761 776 776 777 777 761 761 777 777 760 760 760 760 777 777 778 778 760 760 778 778 759 759 759 759 778 778 779 779 759 759 779 779 758 758 758 758 779 779 780 780 758 758 780 780 737 737 737 737 780 780 781 781 737 737 781 781 736 736 736 736 781 781 782 782 736 736 782 782 735 735 735 735 782 782 783 783 735 735 783 783 405 405 405 405 783 783 784 784 405 405 784 784 406 406 406 406 784 784 785 785 406 406 785 785 413 413 786 786 787 787 788 788 788 788 787 787 789 789 788 788 789 789 790 790 790 790 789 789 791 791 790 790 791 791 792 792 792 792 791 791 793 793 792 792 793 793 794 794 794 794 793 793 795 795 796 796 797 797 798 798 799 799 800 800 801 801 801 801 800 800 798 798 801 801 798 798 802 802 802 802 798 798 797 797 802 802 797 797 803 803 787 787 804 804 789 789 789 789 804 804 805 805 789 789 805 805 791 791 791 791 805 805 806 806 791 791 806 806 793 793 793 793 806 806 807 807 793 793 807 807 795 795 795 795 807 807 808 808 795 795 808 808 809 809 809 809 808 808 810 810 766 766 811 811 767 767 767 767 811 811 812 812 767 767 812 812 768 768 768 768 812 812 813 813 768 768 813 813 769 769 769 769 813 813 814 814 769 769 814 814 770 770 770 770 814 814 815 815 770 770 815 815 771 771 771 771 815 815 816 816 771 771 816 816 817 817 817 817 816 816 818 818 811 811 786 786 812 812 812 812 786 786 788 788 812 812 788 788 813 813 813 813 788 788 790 790 813 813 790 790 814 814 814 814 790 790 792 792 814 814 792 792 815 815 815 815 792 792 794 794 815 815 794 794 816 816 816 816 794 794 795 795 816 816 795 795 818 818 818 818 795 795 809 809 131 131 133 133 132 132 132 132 133 133 135 135 132 132 135 135 742 742 742 742 135 135 819 819 742 742 819 819 766 766 766 766 819 819 820 820 766 766 820 820 811 811 811 811 820 820 821 821 811 811 821 821 786 786 786 786 821 821 822 822 786 786 822 822 787 787 787 787 822 822 823 823 787 787 823 823 804 804 804 804 823 823 824 824 804 804 824 824 805 805 805 805 824 824 825 825 805 805 825 825 806 806 806 806 825 825 796 796 806 806 796 796 807 807 807 807 796 796 798 798 807 807 798 798 808 808 808 808 798 798 800 800 808 808 800 800 810 810 810 810 800 800 799 799 826 826 827 827 828 828 828 828 827 827 829 829 828 828 829 829 830 830 830 830 829 829 831 831 830 830 831 831 832 832 832 832 831 831 833 833 832 832 833 833 834 834 835 835 836 836 837 837 837 837 836 836 104 104 837 837 104 104 838 838 838 838 104 104 103 103 838 838 103 103 839 839 840 840 841 841 842 842 843 843 844 844 841 841 845 845 844 844 846 846 846 846 844 844 843 843 846 846 843 843 847 847 842 842 92 92 840 840 840 840 92 92 848 848 840 840 848 848 849 849 849 849 848 848 504 504 849 849 504 504 850 850 850 850 504 504 503 503 92 92 91 91 848 848 848 848 91 91 116 116 848 848 116 116 504 504 504 504 116 116 115 115 504 504 115 115 506 506 851 851 835 835 852 852 852 852 835 835 837 837 852 852 837 837 853 853 853 853 837 837 838 838 853 853 838 838 854 854 854 854 838 838 839 839 854 854 839 839 855 855 856 856 826 826 857 857 857 857 826 826 828 828 857 857 828 828 858 858 858 858 828 828 830 830 858 858 830 830 859 859 859 859 830 830 832 832 859 859 832 832 860 860 860 860 832 832 834 834 860 860 834 834 861 861 861 861 834 834 862 862 861 861 862 862 863 863 864 864 865 865 863 863 863 863 865 865 866 866 863 863 866 866 861 861 861 861 866 866 867 867 861 861 867 867 860 860 868 868 851 851 869 869 869 869 851 851 852 852 869 869 852 852 870 870 870 870 852 852 853 853 870 870 853 853 871 871 871 871 853 853 854 854 871 871 854 854 872 872 872 872 854 854 855 855 872 872 855 855 873 873 874 874 845 845 875 875 875 875 845 845 846 846 875 875 846 846 876 876 876 876 846 846 847 847 876 876 847 847 877 877 878 878 868 868 879 879 879 879 868 868 869 869 879 879 869 869 880 880 880 880 869 869 870 870 880 880 870 870 881 881 881 881 870 870 871 871 881 881 871 871 882 882 882 882 871 871 872 872 882 882 872 872 883 883 883 883 872 872 873 873 883 883 873 873 884 884 885 885 878 878 886 886 886 886 878 878 879 879 886 886 879 879 887 887 887 887 879 879 880 880 887 887 880 880 888 888 888 888 880 880 881 881 888 888 881 881 889 889 889 889 881 881 882 882 889 889 882 882 890 890 890 890 882 882 883 883 890 890 883 883 891 891 891 891 883 883 884 884 891 891 884 884 892 892 885 885 99 99 878 878 878 878 99 99 101 101 878 878 101 101 868 868 868 868 101 101 864 864 868 868 864 864 851 851 851 851 864 864 863 863 851 851 863 863 835 835 835 835 863 863 862 862 835 835 862 862 836 836 836 836 862 862 834 834 836 836 834 834 104 104 104 104 834 834 833 833 104 104 833 833 102 102 102 102 833 833 831 831 102 102 831 831 893 893 893 893 831 831 829 829 893 893 829 829 803 803 803 803 829 829 827 827 803 803 827 827 802 802 802 802 827 827 826 826 802 802 826 826 801 801 801 801 826 826 856 856 801 801 856 856 799 799 894 894 874 874 895 895 895 895 874 874 875 875 895 895 875 875 896 896 896 896 875 875 876 876 896 896 876 876 897 897 897 897 876 876 877 877 897 897 877 877 898 898 899 899 900 900 901 901 901 901 900 900 902 902 100 100 899 899 101 101 101 101 899 899 901 901 101 101 901 901 864 864 864 864 901 901 902 902 864 864 902 902 865 865 865 865 902 902 903 903 865 865 903 903 866 866 866 866 903 903 904 904 866 866 904 904 867 867 867 867 904 904 905 905 867 867 905 905 860 860 860 860 905 905 906 906 860 860 906 906 859 859 859 859 906 906 907 907 859 859 907 907 858 858 858 858 907 907 908 908 858 858 908 908 857 857 857 857 908 908 909 909 857 857 909 909 856 856 856 856 909 909 910 910 856 856 910 910 799 799 799 799 910 910 911 911 799 799 911 911 810 810 810 810 911 911 912 912 810 810 912 912 809 809 809 809 912 912 913 913 809 809 913 913 818 818 818 818 913 913 914 914 818 818 914 914 817 817 817 817 914 914 915 915 817 817 915 915 771 771 771 771 915 915 916 916 771 771 916 916 772 772 772 772 916 916 917 917 772 772 917 917 765 765 765 765 917 917 918 918 765 765 918 918 773 773 503 503 119 119 850 850 850 850 119 119 118 118 850 850 118 118 500 500 500 500 118 118 117 117 500 500 117 117 501 501 502 502 120 120 500 500 500 500 120 120 122 122 500 500 122 122 126 126 126 126 122 122 123 123 126 126 123 123 499 499 841 841 840 840 843 843 843 843 840 840 849 849 843 843 849 849 847 847 847 847 849 849 850 850 847 847 850 850 877 877 877 877 850 850 500 500 877 877 500 500 898 898 898 898 500 500 126 126 898 898 126 126 919 919 919 919 126 126 125 125 919 919 125 125 497 497 497 497 125 125 920 920 497 497 920 920 498 498 494 494 487 487 495 495 495 495 487 487 489 489 495 495 489 489 497 497 497 497 489 489 921 921 497 497 921 921 919 919 919 919 921 921 922 922 919 919 922 922 898 898 898 898 922 922 923 923 898 898 923 923 897 897 897 897 923 923 924 924 897 897 924 924 896 896 896 896 924 924 925 925 896 896 925 925 895 895 895 895 925 925 926 926 895 895 926 926 894 894 894 894 926 926 927 927 493 493 485 485 491 491 491 491 485 485 484 484 491 491 484 484 489 489 489 489 484 484 928 928 489 489 928 928 921 921 921 921 928 928 929 929 921 921 929 929 922 922 922 922 929 929 930 930 922 922 930 930 923 923 466 466 462 462 464 464 464 464 462 462 461 461 464 464 461 461 469 469 469 469 461 461 931 931 469 469 931 931 474 474 474 474 931 931 932 932 474 474 932 932 476 476 933 933 927 927 934 934 934 934 927 927 926 926 934 934 926 926 935 935 935 935 926 926 925 925 935 935 925 925 936 936 936 936 925 925 924 924 936 936 924 924 937 937 937 937 924 924 923 923 937 937 923 923 938 938 938 938 923 923 930 930 938 938 930 930 939 939 939 939 930 930 929 929 939 939 929 929 940 940 940 940 929 929 928 928 940 940 928 928 941 941 941 941 928 928 484 484 941 941 484 484 942 942 942 942 484 484 481 481 942 942 481 481 943 943 943 943 481 481 483 483 943 943 483 483 476 476 476 476 483 483 944 944 476 476 944 944 477 477 885 885 185 185 99 99 99 99 185 185 182 182 99 99 182 182 100 100 100 100 182 182 176 176 100 100 176 176 899 899 899 899 176 176 178 178 899 899 178 178 900 900 900 900 178 178 169 169 900 900 169 169 902 902 902 902 169 169 168 168 902 902 168 168 903 903 903 903 168 168 165 165 903 903 165 165 904 904 904 904 165 165 158 158 904 904 158 158 905 905 905 905 158 158 160 160 905 905 160 160 906 906 906 906 160 160 155 155 906 906 155 155 907 907 907 907 155 155 152 152 907 907 152 152 908 908 908 908 152 152 150 150 908 908 150 150 909 909 909 909 150 150 149 149 909 909 149 149 910 910 910 910 149 149 333 333 910 910 333 333 911 911 911 911 333 333 328 328 911 911 328 328 912 912 912 912 328 328 326 326 912 912 326 326 913 913 913 913 326 326 323 323 913 913 323 323 914 914 914 914 323 323 321 321 914 914 321 321 915 915 915 915 321 321 148 148 915 915 148 148 916 916 916 916 148 148 316 316 916 916 316 316 917 917 917 917 316 316 309 309 917 917 309 309 918 918 918 918 309 309 311 311 918 918 311 311 773 773 773 773 311 311 306 306 773 773 306 306 774 774 774 774 306 306 303 303 774 774 303 303 775 775 775 775 303 303 298 298 775 775 298 298 776 776 776 776 298 298 300 300 776 776 300 300 777 777 777 777 300 300 291 291 777 777 291 291 778 778 778 778 291 291 290 290 778 778 290 290 779 779 779 779 290 290 295 295 779 779 295 295 780 780 780 780 295 295 287 287 780 780 287 287 781 781 781 781 287 287 282 282 781 781 282 282 782 782 782 782 282 282 284 284 782 782 284 284 783 783 783 783 284 284 279 279 783 783 279 279 784 784 784 784 279 279 276 276 784 784 276 276 785 785 785 785 276 276 274 274 785 785 274 274 413 413 413 413 274 274 271 271 413 413 271 271 414 414 414 414 271 271 268 268 414 414 268 268 419 419 419 419 268 268 265 265 419 419 265 265 417 417 417 417 265 265 262 262 417 417 262 262 729 729 729 729 262 262 256 256 729 729 256 256 945 945 945 945 256 256 258 258 945 945 258 258 946 946 946 946 258 258 249 249 946 946 249 249 947 947 947 947 249 249 248 248 947 947 248 248 740 740 740 740 248 248 246 246 740 740 246 246 738 738 738 738 246 246 247 247 188 188 933 933 190 190 190 190 933 933 934 934 190 190 934 934 194 194 194 194 934 934 935 935 194 194 935 935 196 196 196 196 935 935 936 936 196 196 936 936 199 199 199 199 936 936 937 937 199 199 937 937 201 201 201 201 937 937 938 938 201 201 938 938 204 204 204 204 938 938 939 939 204 204 939 939 206 206 206 206 939 939 940 940 206 206 940 940 209 209 209 209 940 940 941 941 209 209 941 941 212 212 212 212 941 941 942 942 212 212 942 942 215 215 215 215 942 942 943 943 215 215 943 943 217 217 217 217 943 943 476 476 217 217 476 476 222 222 222 222 476 476 932 932 222 222 932 932 224 224 224 224 932 932 931 931 224 224 931 931 227 227 227 227 931 931 461 461 227 227 461 461 948 948 948 948 461 461 459 459 948 948 459 459 949 949 949 949 459 459 455 455 949 949 455 455 950 950 950 950 455 455 451 451 950 950 451 451 951 951 951 951 451 451 446 446 951 951 446 446 739 739 739 739 446 446 444 444 739 739 444 444 740 740 740 740 444 444 440 440 740 740 440 440 947 947 947 947 440 440 436 436 947 947 436 436 946 946 946 946 436 436 430 430 946 946 430 430 945 945 945 945 430 430 432 432 945 945 432 432 729 729 729 729 432 432 434 434 729 729 434 434 730 730 730 730 434 434 952 952 730 730 952 952 731 731 247 247 243 243 738 738 738 738 243 243 242 242 738 738 242 242 739 739 739 739 242 242 240 240 739 739 240 240 951 951 951 951 240 240 238 238 951 951 238 238 950 950 950 950 238 238 236 236 950 950 236 236 949 949 949 949 236 236 231 231 949 949 231 231 948 948 948 948 231 231 233 233 948 948 233 233 227 227 227 227 233 233 234 234 227 227 234 234 228 228 707 707 953 953 703 703 703 703 953 953 954 954 703 703 954 954 713 713 713 713 954 954 955 955 713 713 955 955 716 716 716 716 955 955 956 956 957 957 958 958 959 959 960 960 961 961 962 962 963 963 956 956 964 964 964 964 956 956 955 955 964 964 955 955 965 965 965 965 955 955 954 954 965 965 954 954 966 966 966 966 954 954 953 953 966 966 953 953 967 967 962 962 968 968 960 960 960 960 968 968 969 969 960 960 969 969 970 970 970 970 969 969 971 971 970 970 971 971 972 972 972 972 971 971 973 973 972 972 973 973 974 974 974 974 973 973 975 975 974 974 975 975 976 976 977 977 978 978 979 979 980 980 981 981 982 982 982 982 981 981 983 983 982 982 983 983 984 984 984 984 983 983 985 985 984 984 985 985 986 986 980 980 987 987 981 981 981 981 987 987 977 977 981 981 977 977 983 983 983 983 977 977 979 979 983 983 979 979 985 985 988 988 95 95 989 989 989 989 95 95 94 94 989 989 94 94 990 990 961 961 960 960 991 991 991 991 960 960 970 970 991 991 970 970 992 992 992 992 970 970 972 972 992 992 972 972 990 990 990 990 972 972 974 974 990 990 974 974 989 989 989 989 974 974 976 976 989 989 976 976 988 988 993 993 986 986 994 994 994 994 986 986 985 985 994 994 985 985 995 995 995 995 985 985 979 979 995 995 979 979 996 996 996 996 979 979 978 978 996 996 978 978 997 997 996 996 998 998 995 995 995 995 998 998 999 999 995 995 999 999 994 994 994 994 999 999 1000 1000 994 994 1000 1000 993 993 993 993 1000 1000 1001 1001 1002 1002 1001 1001 1003 1003 1003 1003 1001 1001 1000 1000 1003 1003 1000 1000 1004 1004 1004 1004 1000 1000 999 999 1004 1004 999 999 1005 1005 1005 1005 999 999 998 998 1005 1005 998 998 1006 1006 1006 1006 998 998 996 996 1006 1006 996 996 1007 1007 1007 1007 996 996 997 997 1007 1007 997 997 1008 1008 1009 1009 1010 1010 1011 1011 1011 1011 1010 1010 1012 1012 1011 1011 1012 1012 1013 1013 1013 1013 1012 1012 1014 1014 1013 1013 1014 1014 1015 1015 1015 1015 1014 1014 1016 1016 1015 1015 1016 1016 1017 1017 1017 1017 1016 1016 1018 1018 1017 1017 1018 1018 1019 1019 1019 1019 1018 1018 1020 1020 1019 1019 1020 1020 1021 1021 1021 1021 1020 1020 1022 1022 1021 1021 1022 1022 1023 1023 1023 1023 1022 1022 1024 1024 1023 1023 1024 1024 1025 1025 1025 1025 1024 1024 1026 1026 1025 1025 1026 1026 1027 1027 1027 1027 1026 1026 1028 1028 1027 1027 1028 1028 1029 1029 1029 1029 1028 1028 1030 1030 1029 1029 1030 1030 1031 1031 1031 1031 1030 1030 1032 1032 1031 1031 1032 1032 507 507 507 507 1032 1032 1033 1033 507 507 1033 1033 508 508 93 93 1034 1034 1035 1035 1035 1035 1034 1034 1036 1036 1035 1035 1036 1036 1037 1037 93 93 92 92 1034 1034 1034 1034 92 92 842 842 1034 1034 842 842 892 892 892 892 842 842 841 841 892 892 841 841 891 891 891 891 841 841 844 844 891 891 844 844 890 890 890 890 844 844 845 845 890 890 845 845 889 889 889 889 845 845 874 874 889 889 874 874 888 888 888 888 874 874 894 894 888 888 894 894 887 887 887 887 894 894 927 927 887 887 927 927 886 886 886 886 927 927 933 933 886 886 933 933 885 885 885 885 933 933 188 188 885 885 188 188 185 185 185 185 188 188 187 187 185 185 187 187 186 186 1038 1038 1009 1009 1039 1039 1039 1039 1009 1009 1011 1011 1039 1039 1011 1011 1040 1040 1040 1040 1011 1011 1013 1013 1040 1040 1013 1013 1041 1041 1041 1041 1013 1013 1015 1015 1041 1041 1015 1015 1042 1042 1042 1042 1015 1015 1017 1017 1042 1042 1017 1017 1043 1043 1043 1043 1017 1017 1019 1019 1043 1043 1019 1019 1044 1044 1044 1044 1019 1019 1021 1021 1044 1044 1021 1021 1045 1045 1045 1045 1021 1021 1023 1023 1045 1045 1023 1023 1046 1046 1046 1046 1023 1023 1025 1025 1046 1046 1025 1025 1047 1047 1047 1047 1025 1025 1027 1027 1047 1047 1027 1027 1048 1048 1048 1048 1027 1027 1029 1029 1048 1048 1029 1029 1049 1049 1049 1049 1029 1029 1031 1031 1049 1049 1031 1031 1050 1050 1050 1050 1031 1031 507 507 1050 1050 507 507 113 113 113 113 507 507 509 509 113 113 509 509 111 111 1010 1010 1051 1051 1012 1012 1012 1012 1051 1051 1052 1052 1012 1012 1052 1052 1014 1014 1014 1014 1052 1052 1053 1053 1014 1014 1053 1053 1016 1016 1016 1016 1053 1053 1054 1054 1016 1016 1054 1054 1018 1018 1018 1018 1054 1054 1055 1055 1018 1018 1055 1055 1020 1020 1020 1020 1055 1055 1056 1056 1020 1020 1056 1056 1022 1022 1022 1022 1056 1056 1057 1057 1022 1022 1057 1057 1024 1024 1024 1024 1057 1057 520 520 1024 1024 520 520 1026 1026 1026 1026 520 520 518 518 1026 1026 518 518 1028 1028 1028 1028 518 518 515 515 1028 1028 515 515 1030 1030 1030 1030 515 515 512 512 1030 1030 512 512 1032 1032 1032 1032 512 512 513 513 1032 1032 513 513 1033 1033 86 86 88 88 1058 1058 68 68 67 67 526 526 526 526 67 67 523 523 526 526 523 523 108 108 108 108 523 523 1059 1059 108 108 1059 1059 109 109 109 109 1059 1059 1060 1060 88 88 90 90 1058 1058 1058 1058 90 90 1061 1061 1058 1058 1061 1061 1062 1062 1062 1062 1061 1061 1063 1063 1062 1062 1063 1063 1064 1064 1064 1064 1063 1063 1065 1065 1064 1064 1065 1065 1066 1066 1066 1066 1065 1065 1067 1067 1066 1066 1067 1067 1068 1068 1068 1068 1067 1067 1069 1069 1068 1068 1069 1069 1070 1070 1071 1071 528 528 1072 1072 1072 1072 528 528 527 527 1072 1072 527 527 1073 1073 1073 1073 527 527 110 110 1073 1073 110 110 1074 1074 1074 1074 110 110 109 109 1074 1074 109 109 1075 1075 1075 1075 109 109 1060 1060 1075 1075 1060 1060 85 85 85 85 87 87 1075 1075 1075 1075 87 87 1076 1076 1075 1075 1076 1076 1074 1074 1074 1074 1076 1076 1077 1077 1074 1074 1077 1077 1073 1073 1073 1073 1077 1077 1078 1078 1073 1073 1078 1078 1072 1072 1072 1072 1078 1078 1079 1079 1072 1072 1079 1079 1071 1071 1071 1071 1079 1079 1080 1080 1071 1071 1080 1080 1081 1081 21 21 528 528 529 529 529 529 528 528 1071 1071 529 529 1071 1071 530 530 530 530 1071 1071 1081 1081 530 530 1081 1081 531 531 86 86 1058 1058 87 87 87 87 1058 1058 1062 1062 87 87 1062 1062 1076 1076 1076 1076 1062 1062 1064 1064 1076 1076 1064 1064 1077 1077 1077 1077 1064 1064 1066 1066 1077 1077 1066 1066 1078 1078 1078 1078 1066 1066 1068 1068 1078 1078 1068 1068 1079 1079 1079 1079 1068 1068 1070 1070 1079 1079 1070 1070 1080 1080 1082 1082 84 84 1083 1083 1083 1083 84 84 83 83 1083 1083 83 83 1084 1084 1084 1084 83 83 1085 1085 1084 1084 1085 1085 1086 1086 1086 1086 1085 1085 1087 1087 1086 1086 1087 1087 1088 1088 1088 1088 1087 1087 1089 1089 1088 1088 1089 1089 1090 1090 1090 1090 1089 1089 1091 1091 1090 1090 1091 1091 1092 1092 1092 1092 1091 1091 1093 1093 1092 1092 1093 1093 1094 1094 1094 1094 1093 1093 1095 1095 1094 1094 1095 1095 1096 1096 1096 1096 1095 1095 1097 1097 1096 1096 1097 1097 1098 1098 1098 1098 1097 1097 1099 1099 1098 1098 1099 1099 1100 1100 1100 1100 1099 1099 1101 1101 1100 1100 1101 1101 1102 1102 1102 1102 1101 1101 1103 1103 1102 1102 1103 1103 1104 1104 1104 1104 1103 1103 1105 1105 1104 1104 1105 1105 1106 1106 1106 1106 1105 1105 1107 1107 1106 1106 1107 1107 1108 1108 1108 1108 1107 1107 1109 1109 1108 1108 1109 1109 1110 1110 1110 1110 1109 1109 1111 1111 1110 1110 1111 1111 1112 1112 1112 1112 1111 1111 1113 1113 1051 1051 89 89 1052 1052 1052 1052 89 89 88 88 1052 1052 88 88 1053 1053 1053 1053 88 88 86 86 1053 1053 86 86 1054 1054 1054 1054 86 86 85 85 1054 1054 85 85 1055 1055 1055 1055 85 85 1060 1060 1055 1055 1060 1060 1056 1056 1056 1056 1060 1060 1059 1059 1056 1056 1059 1059 1057 1057 1057 1057 1059 1059 523 523 1057 1057 523 523 520 520 520 520 523 523 524 524 520 520 524 524 521 521 521 521 524 524 525 525 975 975 1038 1038 976 976 976 976 1038 1038 1039 1039 976 976 1039 1039 988 988 988 988 1039 1039 1040 1040 988 988 1040 1040 95 95 95 95 1040 1040 1041 1041 95 95 1041 1041 96 96 96 96 1041 1041 1042 1042 96 96 1042 1042 1114 1114 1114 1114 1042 1042 1043 1043 1114 1114 1043 1043 1115 1115 1115 1115 1043 1043 1044 1044 1115 1115 1044 1044 1116 1116 1116 1116 1044 1044 1045 1045 1116 1116 1045 1045 1117 1117 1117 1117 1045 1045 1046 1046 1117 1117 1046 1046 1118 1118 1118 1118 1046 1046 1047 1047 1118 1118 1047 1047 1037 1037 1037 1037 1047 1047 1048 1048 1037 1037 1048 1048 1035 1035 1035 1035 1048 1048 1049 1049 1035 1035 1049 1049 93 93 93 93 1049 1049 1050 1050 93 93 1050 1050 91 91 91 91 1050 1050 113 113 91 91 113 113 116 116 116 116 113 113 112 112 116 116 112 112 114 114 1119 1119 1120 1120 1121 1121 1121 1121 1120 1120 1122 1122 1121 1121 1122 1122 1123 1123 1123 1123 1122 1122 1124 1124 1123 1123 1124 1124 1125 1125 1125 1125 1124 1124 1126 1126 1125 1125 1126 1126 1127 1127 1127 1127 1126 1126 1128 1128 1127 1127 1128 1128 1129 1129 1129 1129 1128 1128 1130 1130 77 77 76 76 1131 1131 1131 1131 76 76 1119 1119 1131 1131 1119 1119 1132 1132 1132 1132 1119 1119 1121 1121 1132 1132 1121 1121 1133 1133 1133 1133 1121 1121 1123 1123 1133 1133 1123 1123 1134 1134 1134 1134 1123 1123 1125 1125 1134 1134 1125 1125 1135 1135 1135 1135 1125 1125 1127 1127 1135 1135 1127 1127 1082 1082 1082 1082 1127 1127 1129 1129 1082 1082 1129 1129 84 84 84 84 1129 1129 1130 1130 84 84 1130 1130 82 82 1120 1120 1136 1136 1122 1122 1122 1122 1136 1136 1137 1137 1122 1122 1137 1137 1124 1124 1124 1124 1137 1137 1138 1138 1124 1124 1138 1138 1126 1126 1126 1126 1138 1138 1139 1139 1126 1126 1139 1139 1128 1128 1128 1128 1139 1139 81 81 1128 1128 81 81 1130 1130 1130 1130 81 81 80 80 1130 1130 80 80 82 82 1140 1140 558 558 1141 1141 1141 1141 558 558 107 107 1141 1141 107 107 1142 1142 1142 1142 107 107 553 553 1142 1142 553 553 1143 1143 1143 1143 553 553 548 548 1143 1143 548 548 1144 1144 1144 1144 548 548 546 546 1144 1144 546 546 1145 1145 1145 1145 546 546 538 538 1145 1145 538 538 1146 1146 1146 1146 538 538 542 542 1146 1146 542 542 79 79 1140 1140 1147 1147 337 337 336 336 567 567 337 337 337 337 567 567 569 569 337 337 569 569 1140 1140 1140 1140 569 569 562 562 1140 1140 562 562 558 558 558 558 562 562 563 563 558 558 563 563 564 564 144 144 337 337 145 145 145 145 337 337 1147 1147 145 145 1147 1147 339 339 339 339 1147 1147 1148 1148 339 339 1148 1148 341 341 592 592 1149 1149 590 590 590 590 1149 1149 1150 1150 590 590 1150 1150 595 595 595 595 1150 1150 1151 1151 595 595 1151 1151 598 598 598 598 1151 1151 1152 1152 598 598 1152 1152 601 601 601 601 1152 1152 1153 1153 601 601 1153 1153 604 604 604 604 1153 1153 1154 1154 604 604 1154 1154 607 607 607 607 1154 1154 1155 1155 607 607 1155 1155 610 610 610 610 1155 1155 1156 1156 610 610 1156 1156 615 615 615 615 1156 1156 1157 1157 615 615 1157 1157 619 619 619 619 1157 1157 1158 1158 619 619 1158 1158 622 622 622 622 1158 1158 1159 1159 622 622 1159 1159 624 624 624 624 1159 1159 78 78 624 624 78 78 626 626 626 626 78 78 77 77 626 626 77 77 629 629 629 629 77 77 1131 1131 629 629 1131 1131 635 635 635 635 1131 1131 1132 1132 635 635 1132 1132 640 640 640 640 1132 1132 1133 1133 640 640 1133 1133 643 643 643 643 1133 1133 1134 1134 643 643 1134 1134 646 646 646 646 1134 1134 1135 1135 646 646 1135 1135 649 649 649 649 1135 1135 1082 1082 649 649 1082 1082 654 654 654 654 1082 1082 1083 1083 654 654 1083 1083 658 658 658 658 1083 1083 1084 1084 658 658 1084 1084 662 662 662 662 1084 1084 1086 1086 662 662 1086 1086 667 667 667 667 1086 1086 1088 1088 667 667 1088 1088 676 676 676 676 1088 1088 1090 1090 676 676 1090 1090 674 674 674 674 1090 1090 1092 1092 674 674 1092 1092 672 672 672 672 1092 1092 1094 1094 672 672 1094 1094 681 681 681 681 1094 1094 1096 1096 681 681 1096 1096 679 679 679 679 1096 1096 1098 1098 679 679 1098 1098 684 684 684 684 1098 1098 1100 1100 684 684 1100 1100 689 689 689 689 1100 1100 1102 1102 689 689 1102 1102 693 693 693 693 1102 1102 1104 1104 693 693 1104 1104 696 696 696 696 1104 1104 1106 1106 696 696 1106 1106 699 699 699 699 1106 1106 1108 1108 699 699 1108 1108 709 709 709 709 1108 1108 1110 1110 709 709 1110 1110 707 707 707 707 1110 1110 1112 1112 707 707 1112 1112 953 953 953 953 1112 1112 1113 1113 953 953 1113 1113 967 967 1160 1160 587 587 1161 1161 1161 1161 587 587 585 585 1161 1161 585 585 1162 1162 720 720 722 722 727 727 727 727 722 722 1163 1163 727 727 1163 1163 577 577 577 577 1163 1163 1164 1164 577 577 1164 1164 575 575 575 575 1164 1164 1165 1165 575 575 1165 1165 580 580 580 580 1165 1165 1166 1166 580 580 1166 1166 585 585 585 585 1166 1166 1167 1167 585 585 1167 1167 1162 1162 1149 1149 1168 1168 1150 1150 1150 1150 1168 1168 1169 1169 1150 1150 1169 1169 1151 1151 1151 1151 1169 1169 1170 1170 1151 1151 1170 1170 1152 1152 1152 1152 1170 1170 1171 1171 1152 1152 1171 1171 1153 1153 1153 1153 1171 1171 1172 1172 1153 1153 1172 1172 1154 1154 1154 1154 1172 1172 1173 1173 1154 1154 1173 1173 1155 1155 1155 1155 1173 1173 1174 1174 1155 1155 1174 1174 1156 1156 1156 1156 1174 1174 1175 1175 1156 1156 1175 1175 1157 1157 1157 1157 1175 1175 1176 1176 1157 1157 1176 1176 1158 1158 1158 1158 1176 1176 1177 1177 1158 1158 1177 1177 1159 1159 1159 1159 1177 1177 1178 1178 1159 1159 1178 1178 78 78 78 78 1178 1178 1179 1179 78 78 1179 1179 76 76 76 76 1179 1179 1180 1180 76 76 1180 1180 1119 1119 1119 1119 1180 1180 1181 1181 1119 1119 1181 1181 1120 1120 1120 1120 1181 1181 1182 1182 1120 1120 1182 1182 1136 1136 1168 1168 1183 1183 1169 1169 1169 1169 1183 1183 1184 1184 1169 1169 1184 1184 1170 1170 1170 1170 1184 1184 1185 1185 1170 1170 1185 1185 1171 1171 1171 1171 1185 1185 1186 1186 1171 1171 1186 1186 1172 1172 1172 1172 1186 1186 1187 1187 1172 1172 1187 1187 1173 1173 1173 1173 1187 1187 1188 1188 1173 1173 1188 1188 1174 1174 1174 1174 1188 1188 1189 1189 1174 1174 1189 1189 1175 1175 1175 1175 1189 1189 1190 1190 1175 1175 1190 1190 1176 1176 1176 1176 1190 1190 1191 1191 1176 1176 1191 1191 1177 1177 1177 1177 1191 1191 1192 1192 1177 1177 1192 1192 1178 1178 1178 1178 1192 1192 1193 1193 1178 1178 1193 1193 1179 1179 1179 1179 1193 1193 1194 1194 1179 1179 1194 1194 1180 1180 1180 1180 1194 1194 1195 1195 1180 1180 1195 1195 1181 1181 1181 1181 1195 1195 1196 1196 1181 1181 1196 1196 1182 1182 1197 1197 1198 1198 1199 1199 1199 1199 1198 1198 1200 1200 1183 1183 1201 1201 1184 1184 1184 1184 1201 1201 1202 1202 1184 1184 1202 1202 1185 1185 1185 1185 1202 1202 1203 1203 1185 1185 1203 1203 1186 1186 1186 1186 1203 1203 1204 1204 1186 1186 1204 1204 1187 1187 1187 1187 1204 1204 1205 1205 1187 1187 1205 1205 1188 1188 1188 1188 1205 1205 1206 1206 1188 1188 1206 1206 1189 1189 1189 1189 1206 1206 1207 1207 1189 1189 1207 1207 1190 1190 1190 1190 1207 1207 1208 1208 1190 1190 1208 1208 1191 1191 1191 1191 1208 1208 1209 1209 1191 1191 1209 1209 1192 1192 1192 1192 1209 1209 1210 1210 1192 1192 1210 1210 1193 1193 1193 1193 1210 1210 1211 1211 1193 1193 1211 1211 1194 1194 1194 1194 1211 1211 1212 1212 1194 1194 1212 1212 1195 1195 1195 1195 1212 1212 1213 1213 1195 1195 1213 1213 1196 1196 1201 1201 1214 1214 1202 1202 1202 1202 1214 1214 1215 1215 1202 1202 1215 1215 1203 1203 1203 1203 1215 1215 1216 1216 1203 1203 1216 1216 1204 1204 1204 1204 1216 1216 1217 1217 1204 1204 1217 1217 1205 1205 1205 1205 1217 1217 1218 1218 1205 1205 1218 1218 1206 1206 1206 1206 1218 1218 1219 1219 1206 1206 1219 1219 1207 1207 1207 1207 1219 1219 1220 1220 1207 1207 1220 1220 1208 1208 1208 1208 1220 1220 1221 1221 1208 1208 1221 1221 1209 1209 1209 1209 1221 1221 1222 1222 1209 1209 1222 1222 1210 1210 1210 1210 1222 1222 1223 1223 1210 1210 1223 1223 1211 1211 1211 1211 1223 1223 1224 1224 1211 1211 1224 1224 1212 1212 1212 1212 1224 1224 1225 1225 1212 1212 1225 1225 1213 1213 1226 1226 353 353 1227 1227 1227 1227 353 353 352 352 1227 1227 352 352 1228 1228 1228 1228 352 352 1229 1229 1228 1228 1229 1229 1230 1230 1230 1230 1229 1229 1231 1231 1230 1230 1231 1231 1232 1232 1232 1232 1231 1231 1233 1233 1232 1232 1233 1233 1234 1234 1234 1234 1233 1233 1235 1235 1234 1234 1235 1235 1236 1236 1236 1236 1235 1235 1237 1237 1236 1236 1237 1237 1238 1238 1238 1238 1237 1237 1239 1239 1238 1238 1239 1239 1240 1240 1214 1214 1241 1241 1215 1215 1215 1215 1241 1241 1242 1242 1215 1215 1242 1242 1216 1216 1216 1216 1242 1242 1243 1243 1216 1216 1243 1243 1217 1217 1217 1217 1243 1243 1244 1244 1217 1217 1244 1244 1218 1218 1218 1218 1244 1244 1245 1245 1218 1218 1245 1245 1219 1219 1219 1219 1245 1245 1246 1246 1219 1219 1246 1246 1220 1220 1220 1220 1246 1246 1247 1247 1220 1220 1247 1247 1221 1221 1221 1221 1247 1247 1248 1248 1221 1221 1248 1248 1222 1222 1222 1222 1248 1248 1249 1249 1222 1222 1249 1249 1223 1223 1223 1223 1249 1249 1250 1250 1223 1223 1250 1250 1224 1224 1224 1224 1250 1250 1251 1251 1224 1224 1251 1251 1225 1225 79 79 81 81 1146 1146 1146 1146 81 81 1139 1139 1146 1146 1139 1139 1145 1145 1145 1145 1139 1139 1138 1138 1145 1145 1138 1138 1144 1144 1144 1144 1138 1138 1137 1137 1144 1144 1137 1137 1143 1143 1143 1143 1137 1137 1136 1136 1143 1143 1136 1136 1142 1142 1142 1142 1136 1136 1182 1182 1142 1142 1182 1182 1141 1141 1141 1141 1182 1182 1196 1196 1141 1141 1196 1196 1140 1140 1140 1140 1196 1196 1213 1213 1140 1140 1213 1213 1147 1147 1147 1147 1213 1213 1225 1225 1147 1147 1225 1225 1148 1148 1148 1148 1225 1225 1251 1251 1148 1148 1251 1251 341 341 341 341 1251 1251 1250 1250 341 341 1250 1250 349 349 349 349 1250 1250 1249 1249 349 349 1249 1249 352 352 352 352 1249 1249 1248 1248 352 352 1248 1248 1229 1229 1229 1229 1248 1248 1247 1247 1229 1229 1247 1247 1231 1231 1231 1231 1247 1247 1246 1246 1231 1231 1246 1246 1233 1233 1233 1233 1246 1246 1245 1245 1233 1233 1245 1245 1235 1235 1235 1235 1245 1245 1244 1244 1235 1235 1244 1244 1237 1237 1237 1237 1244 1244 1243 1243 1237 1237 1243 1243 1239 1239 1239 1239 1243 1243 1242 1242 1239 1239 1242 1242 1240 1240 1240 1240 1242 1242 1241 1241 1240 1240 1241 1241 1252 1252 1252 1252 1241 1241 1214 1214 1252 1252 1214 1214 1253 1253 1253 1253 1214 1214 1201 1201 1253 1253 1201 1201 1254 1254 1254 1254 1201 1201 1183 1183 1254 1254 1183 1183 1255 1255 1255 1255 1183 1183 1168 1168 1255 1255 1168 1168 1256 1256 1256 1256 1168 1168 1149 1149 1256 1256 1149 1149 1162 1162 1162 1162 1149 1149 592 592 1162 1162 592 592 1161 1161 1161 1161 592 592 594 594 1161 1161 594 594 1160 1160 1198 1198 1257 1257 1200 1200 1200 1200 1257 1257 1258 1258 1200 1200 1258 1258 1259 1259 1259 1259 1258 1258 1260 1260 1259 1259 1260 1260 1261 1261 1261 1261 1260 1260 1262 1262 1261 1261 1262 1262 1263 1263 1263 1263 1262 1262 1264 1264 1263 1263 1264 1264 1265 1265 1266 1266 1267 1267 1268 1268 1269 1269 1270 1270 1271 1271 1271 1271 1270 1270 1272 1272 1271 1271 1272 1272 74 74 1268 1268 1273 1273 1266 1266 1266 1266 1273 1273 1274 1274 1266 1266 1274 1274 1275 1275 1275 1275 1274 1274 1276 1276 1275 1275 1276 1276 1277 1277 544 544 532 532 542 542 542 542 532 532 531 531 542 542 531 531 79 79 79 79 531 531 1081 1081 79 79 1081 1081 80 80 80 80 1081 1081 1080 1080 80 80 1080 1080 82 82 82 82 1080 1080 1070 1070 82 82 1070 1070 83 83 83 83 1070 1070 1069 1069 83 83 1069 1069 1085 1085 1085 1085 1069 1069 1067 1067 1085 1085 1067 1067 1087 1087 1087 1087 1067 1067 1065 1065 1087 1087 1065 1065 1089 1089 1089 1089 1065 1065 1063 1063 1089 1089 1063 1063 1091 1091 1091 1091 1063 1063 1061 1061 1091 1091 1061 1061 1093 1093 1093 1093 1061 1061 90 90 1093 1093 90 90 1095 1095 1095 1095 90 90 89 89 1095 1095 89 89 1097 1097 1097 1097 89 89 1051 1051 1097 1097 1051 1051 1099 1099 1099 1099 1051 1051 1010 1010 1099 1099 1010 1010 1101 1101 1101 1101 1010 1010 1009 1009 1101 1101 1009 1009 1103 1103 1103 1103 1009 1009 1038 1038 1103 1103 1038 1038 1105 1105 1105 1105 1038 1038 975 975 1105 1105 975 975 1107 1107 1107 1107 975 975 973 973 1107 1107 973 973 1109 1109 1109 1109 973 973 971 971 1109 1109 971 971 1111 1111 1111 1111 971 971 969 969 1111 1111 969 969 1113 1113 1113 1113 969 969 968 968 1113 1113 968 968 967 967 967 967 968 968 962 962 967 967 962 962 966 966 966 966 962 962 1278 1278 966 966 1278 1278 965 965 965 965 1278 1278 1279 1279 965 965 1279 1279 964 964 964 964 1279 1279 1280 1280 964 964 1280 1280 963 963 963 963 1280 1280 1281 1281 963 963 1281 1281 1282 1282 1282 1282 1281 1281 1283 1283 1282 1282 1283 1283 1284 1284 1284 1284 1283 1283 1285 1285 1284 1284 1285 1285 1286 1286 961 961 1287 1287 962 962 962 962 1287 1287 1288 1288 962 962 1288 1288 1278 1278 1278 1278 1288 1288 1289 1289 1278 1278 1289 1289 1279 1279 1279 1279 1289 1289 1290 1290 1279 1279 1290 1290 1280 1280 1280 1280 1290 1290 1291 1291 1280 1280 1291 1291 1281 1281 1281 1281 1291 1291 1292 1292 1281 1281 1292 1292 1283 1283 1283 1283 1292 1292 1293 1293 1283 1283 1293 1293 1285 1285 74 74 73 73 1271 1271 1271 1271 73 73 1294 1294 1271 1271 1294 1294 1269 1269 75 75 97 97 73 73 73 73 97 97 1295 1295 73 73 1295 1295 1294 1294 1294 1294 1295 1295 1296 1296 1294 1294 1296 1296 1269 1269 1297 1297 1298 1298 1299 1299 1299 1299 1298 1298 1296 1296 1299 1299 1296 1296 1300 1300 1300 1300 1296 1296 1295 1295 1300 1300 1295 1295 1301 1301 1301 1301 1295 1295 97 97 1301 1301 97 97 1302 1302 1302 1302 97 97 98 98 1302 1302 98 98 1303 1303 1297 1297 1277 1277 1298 1298 1298 1298 1277 1277 1276 1276 1298 1298 1276 1276 1296 1296 1296 1296 1276 1276 1274 1274 1296 1296 1274 1274 1269 1269 1269 1269 1274 1274 1273 1273 1269 1269 1273 1273 1270 1270 1270 1270 1273 1273 1268 1268 1270 1270 1268 1268 1272 1272 1198 1198 1267 1267 1257 1257 1257 1257 1267 1267 1266 1266 1257 1257 1266 1266 1258 1258 1258 1258 1266 1266 1275 1275 1258 1258 1275 1275 1260 1260 1260 1260 1275 1275 1277 1277 1260 1260 1277 1277 1262 1262 1262 1262 1277 1277 1297 1297 1262 1262 1297 1297 1264 1264 1264 1264 1297 1297 1304 1304 1264 1264 1304 1304 1265 1265 1305 1305 1306 1306 1307 1307 1307 1307 1306 1306 1308 1308 1307 1307 1308 1308 1309 1309 1309 1309 1308 1308 1310 1310 1309 1309 1310 1310 1311 1311 1311 1311 1310 1310 1312 1312 1311 1311 1312 1312 1313 1313 1313 1313 1312 1312 1314 1314 1313 1313 1314 1314 1315 1315 1315 1315 1314 1314 1316 1316 1315 1315 1316 1316 1317 1317 1317 1317 1316 1316 1318 1318 1317 1317 1318 1318 1319 1319 1319 1319 1318 1318 1320 1320 1319 1319 1320 1320 1321 1321 1303 1303 1322 1322 1302 1302 1302 1302 1322 1322 1323 1323 1302 1302 1323 1323 1301 1301 1301 1301 1323 1323 1324 1324 1301 1301 1324 1324 1300 1300 1300 1300 1324 1324 1325 1325 1300 1300 1325 1325 1299 1299 1299 1299 1325 1325 1326 1326 1299 1299 1326 1326 1297 1297 1297 1297 1326 1326 1327 1327 1297 1297 1327 1327 1304 1304 1304 1304 1327 1327 1328 1328 1304 1304 1328 1328 1265 1265 718 718 716 716 722 722 722 722 716 716 956 956 722 722 956 956 1163 1163 1163 1163 956 956 963 963 1163 1163 963 963 1164 1164 1164 1164 963 963 1282 1282 1164 1164 1282 1282 1165 1165 1165 1165 1282 1282 1284 1284 1165 1165 1284 1284 1166 1166 1166 1166 1284 1284 1286 1286 1166 1166 1286 1286 1167 1167 1322 1322 1329 1329 1323 1323 1323 1323 1329 1329 1330 1330 1323 1323 1330 1330 1324 1324 1324 1324 1330 1330 1331 1331 1324 1324 1331 1331 1325 1325 1325 1325 1331 1331 1332 1332 1325 1325 1332 1332 1326 1326 1326 1326 1332 1332 1333 1333 1326 1326 1333 1333 1327 1327 1327 1327 1333 1333 1334 1334 1327 1327 1334 1334 1328 1328 1328 1328 1334 1334 1335 1335 1328 1328 1335 1335 1336 1336 1336 1336 1335 1335 1337 1337 1336 1336 1337 1337 1338 1338 1338 1338 1337 1337 1339 1339 1338 1338 1339 1339 1340 1340 1340 1340 1339 1339 1341 1341 1340 1340 1341 1341 1342 1342 1342 1342 1341 1341 1343 1343 1342 1342 1343 1343 1344 1344 1344 1344 1343 1343 1345 1345 1344 1344 1345 1345 1346 1346 1346 1346 1345 1345 141 141 1346 1346 141 141 359 359 359 359 141 141 140 140 359 359 140 140 360 360 360 360 140 140 142 142 1339 1339 1347 1347 1341 1341 1341 1341 1347 1347 1348 1348 1341 1341 1348 1348 1343 1343 1343 1343 1348 1348 1349 1349 1343 1343 1349 1349 1345 1345 1345 1345 1349 1349 1350 1350 1345 1345 1350 1350 141 141 141 141 1350 1350 363 363 141 141 363 363 139 139 139 139 363 363 364 364 1268 1268 1351 1351 1272 1272 1272 1272 1351 1351 1352 1352 1272 1272 1352 1352 74 74 74 74 1352 1352 1353 1353 74 74 1353 1353 75 75 75 75 1353 1353 1354 1354 75 75 1354 1354 98 98 98 98 1354 1354 1355 1355 98 98 1355 1355 1303 1303 1303 1303 1355 1355 1305 1305 1303 1303 1305 1305 1322 1322 1322 1322 1305 1305 1307 1307 1322 1322 1307 1307 1329 1329 1329 1329 1307 1307 1309 1309 1329 1329 1309 1309 1330 1330 1330 1330 1309 1309 1311 1311 1330 1330 1311 1311 1331 1331 1331 1331 1311 1311 1313 1313 1331 1331 1313 1313 1332 1332 1332 1332 1313 1313 1315 1315 1332 1332 1315 1315 1333 1333 1333 1333 1315 1315 1317 1317 1333 1333 1317 1317 1334 1334 1334 1334 1317 1317 1319 1319 1334 1334 1319 1319 1335 1335 1335 1335 1319 1319 1321 1321 1335 1335 1321 1321 1337 1337 1337 1337 1321 1321 1356 1356 1337 1337 1356 1356 1339 1339 1357 1357 1358 1358 1359 1359 1360 1360 1361 1361 1362 1362 1362 1362 1361 1361 1363 1363 1362 1362 1363 1363 1364 1364 1364 1364 1363 1363 1365 1365 1364 1364 1365 1365 1366 1366 1366 1366 1365 1365 138 138 1366 1366 138 138 367 367 367 367 138 138 137 137 367 367 137 137 365 365 365 365 137 137 136 136 370 370 136 136 371 371 371 371 136 136 138 138 371 371 138 138 1367 1367 1367 1367 138 138 1365 1365 1367 1367 1365 1365 1368 1368 1368 1368 1365 1365 1363 1363 1368 1368 1363 1363 1369 1369 1369 1369 1363 1363 1361 1361 1369 1369 1361 1361 1358 1358 1358 1358 1361 1361 1360 1360 1358 1358 1360 1360 1359 1359 1308 1308 1370 1370 1310 1310 1310 1310 1370 1370 1371 1371 1310 1310 1371 1371 1312 1312 1312 1312 1371 1371 1372 1372 1312 1312 1372 1372 1314 1314 1314 1314 1372 1372 1373 1373 1314 1314 1373 1373 1316 1316 1316 1316 1373 1373 1374 1374 1316 1316 1374 1374 1318 1318 1318 1318 1374 1374 1375 1375 1318 1318 1375 1375 1320 1320 1320 1320 1375 1375 1376 1376 1320 1320 1376 1376 1321 1321 1321 1321 1376 1376 1377 1377 1321 1321 1377 1377 1356 1356 1356 1356 1377 1377 1378 1378 1356 1356 1378 1378 1339 1339 1339 1339 1378 1378 1379 1379 1339 1339 1379 1379 1347 1347 1380 1380 1381 1381 1382 1382 1382 1382 1381 1381 1383 1383 1382 1382 1383 1383 1384 1384 1384 1384 1383 1383 1385 1385 1384 1384 1385 1385 1386 1386 1386 1386 1385 1385 1387 1387 1386 1386 1387 1387 1388 1388 1388 1388 1387 1387 1389 1389 1388 1388 1389 1389 1390 1390 1390 1390 1389 1389 1391 1391 1390 1390 1391 1391 1392 1392 1392 1392 1391 1391 1393 1393 1392 1392 1393 1393 1394 1394 1394 1394 1393 1393 1395 1395 1394 1394 1395 1395 1396 1396 958 958 957 957 1380 1380 1380 1380 957 957 1397 1397 1380 1380 1397 1397 1381 1381 1381 1381 1397 1397 980 980 1381 1381 980 980 1383 1383 1383 1383 980 980 982 982 1383 1383 982 982 1385 1385 1385 1385 982 982 984 984 1385 1385 984 984 1387 1387 1387 1387 984 984 986 986 1387 1387 986 986 1389 1389 1389 1389 986 986 993 993 1389 1389 993 993 1391 1391 1391 1391 993 993 1001 1001 1391 1391 1001 1001 1393 1393 1393 1393 1001 1001 1002 1002 1393 1393 1002 1002 1395 1395 1398 1398 1399 1399 1400 1400 1400 1400 1399 1399 1401 1401 1400 1400 1401 1401 1402 1402 1402 1402 1401 1401 1403 1403 1402 1402 1403 1403 1404 1404 1404 1404 1403 1403 1405 1405 1404 1404 1405 1405 1406 1406 1406 1406 1405 1405 1407 1407 1406 1406 1407 1407 1408 1408 1408 1408 1407 1407 1409 1409 1408 1408 1409 1409 1410 1410 1410 1410 1409 1409 1411 1411 1410 1410 1411 1411 1412 1412 1412 1412 1411 1411 1413 1413 1412 1412 1413 1413 1414 1414 1414 1414 1413 1413 1415 1415 1414 1414 1415 1415 1416 1416 1416 1416 1415 1415 1417 1417 1416 1416 1417 1417 1418 1418 1399 1399 1396 1396 1401 1401 1401 1401 1396 1396 1395 1395 1401 1401 1395 1395 1403 1403 1403 1403 1395 1395 1002 1002 1403 1403 1002 1002 1405 1405 1405 1405 1002 1002 1003 1003 1405 1405 1003 1003 1407 1407 1407 1407 1003 1003 1004 1004 1407 1407 1004 1004 1409 1409 1409 1409 1004 1004 1005 1005 1409 1409 1005 1005 1411 1411 1411 1411 1005 1005 1006 1006 1411 1411 1006 1006 1413 1413 1413 1413 1006 1006 1007 1007 1413 1413 1007 1007 1415 1415 1415 1415 1007 1007 1008 1008 1415 1415 1008 1008 1417 1417 1417 1417 1008 1008 1419 1419 1417 1417 1419 1419 1418 1418 1418 1418 1419 1419 1420 1420 1359 1359 1398 1398 1357 1357 1357 1357 1398 1398 1400 1400 1357 1357 1400 1400 1421 1421 1421 1421 1400 1400 1402 1402 1421 1421 1402 1402 1422 1422 1422 1422 1402 1402 1404 1404 1422 1422 1404 1404 1423 1423 1423 1423 1404 1404 1406 1406 1423 1423 1406 1406 1424 1424 1424 1424 1406 1406 1408 1408 1424 1424 1408 1408 1425 1425 1425 1425 1408 1408 1410 1410 1425 1425 1410 1410 1426 1426 1426 1426 1410 1410 1412 1412 1426 1426 1412 1412 1427 1427 1427 1427 1412 1412 1414 1414 1427 1427 1414 1414 1428 1428 1428 1428 1414 1414 1416 1416 1428 1428 1416 1416 1429 1429 1429 1429 1416 1416 1418 1418 1429 1429 1418 1418 1430 1430 1430 1430 1418 1418 1420 1420 1430 1430 1420 1420 1431 1431 1432 1432 1433 1433 1434 1434 1434 1434 1433 1433 1435 1435 1434 1434 1435 1435 1436 1436 1436 1436 1435 1435 1437 1437 1436 1436 1437 1437 1438 1438 1438 1438 1437 1437 1439 1439 1438 1438 1439 1439 1440 1440 1440 1440 1439 1439 1441 1441 1440 1440 1441 1441 1442 1442 1442 1442 1441 1441 1443 1443 1442 1442 1443 1443 1444 1444 1444 1444 1443 1443 1445 1445 1444 1444 1445 1445 1446 1446 1446 1446 1445 1445 1447 1447 1446 1446 1447 1447 1448 1448 1448 1448 1447 1447 1449 1449 1448 1448 1449 1449 1450 1450 1450 1450 1449 1449 1451 1451 1450 1450 1451 1451 1452 1452 1452 1452 1451 1451 1453 1453 1452 1452 1453 1453 1454 1454 1454 1454 1453 1453 1455 1455 1454 1454 1455 1455 1456 1456 1456 1456 1455 1455 1457 1457 1456 1456 1457 1457 1458 1458 1458 1458 1457 1457 1459 1459 1458 1458 1459 1459 1460 1460 1460 1460 1459 1459 1461 1461 1460 1460 1461 1461 1462 1462 1462 1462 1461 1461 1463 1463 1462 1462 1463 1463 1464 1464 1464 1464 1463 1463 1465 1465 1464 1464 1465 1465 1466 1466 1466 1466 1465 1465 1467 1467 1466 1466 1467 1467 1468 1468 1468 1468 1467 1467 1469 1469 1468 1468 1469 1469 1470 1470 1470 1470 1469 1469 1471 1471 1431 1431 1434 1434 1430 1430 1430 1430 1434 1434 1436 1436 1430 1430 1436 1436 1429 1429 1429 1429 1436 1436 1438 1438 1429 1429 1438 1438 1428 1428 1428 1428 1438 1438 1440 1440 1428 1428 1440 1440 1427 1427 1427 1427 1440 1440 1442 1442 1427 1427 1442 1442 1426 1426 1426 1426 1442 1442 1444 1444 1426 1426 1444 1444 1425 1425 1425 1425 1444 1444 1446 1446 1425 1425 1446 1446 1424 1424 1424 1424 1446 1446 1448 1448 1424 1424 1448 1448 1423 1423 1423 1423 1448 1448 1450 1450 1423 1423 1450 1450 1422 1422 1422 1422 1450 1450 1452 1452 1422 1422 1452 1452 1421 1421 1421 1421 1452 1452 1454 1454 1421 1421 1454 1454 1357 1357 1357 1357 1454 1454 1456 1456 1357 1357 1456 1456 1358 1358 1358 1358 1456 1456 1458 1458 1358 1358 1458 1458 1369 1369 1369 1369 1458 1458 1460 1460 1369 1369 1460 1460 1368 1368 1368 1368 1460 1460 1462 1462 1368 1368 1462 1462 1367 1367 1367 1367 1462 1462 1464 1464 1367 1367 1464 1464 371 371 371 371 1464 1464 1466 1466 371 371 1466 1466 373 373 373 373 1466 1466 1468 1468 373 373 1468 1468 375 375 375 375 1468 1468 1470 1470 1355 1355 959 959 1305 1305 1305 1305 959 959 958 958 1305 1305 958 958 1306 1306 1306 1306 958 958 1380 1380 1306 1306 1380 1380 1308 1308 1308 1308 1380 1380 1382 1382 1308 1308 1382 1382 1370 1370 1370 1370 1382 1382 1384 1384 1370 1370 1384 1384 1371 1371 1371 1371 1384 1384 1386 1386 1371 1371 1386 1386 1372 1372 1372 1372 1386 1386 1388 1388 1372 1372 1388 1388 1373 1373 1373 1373 1388 1388 1390 1390 1373 1373 1390 1390 1374 1374 1374 1374 1390 1390 1392 1392 1374 1374 1392 1392 1375 1375 1375 1375 1392 1392 1394 1394 1375 1375 1394 1394 1376 1376 1376 1376 1394 1394 1396 1396 1376 1376 1396 1396 1377 1377 1377 1377 1396 1396 1399 1399 1377 1377 1399 1399 1378 1378 1378 1378 1399 1399 1398 1398 1378 1378 1398 1398 1379 1379 1379 1379 1398 1398 1359 1359 1379 1379 1359 1359 1347 1347 1347 1347 1359 1359 1360 1360 1347 1347 1360 1360 1348 1348 1348 1348 1360 1360 1362 1362 1348 1348 1362 1362 1349 1349 1349 1349 1362 1362 1364 1364 1349 1349 1364 1364 1350 1350 1350 1350 1364 1364 1366 1366 1350 1350 1366 1366 363 363 363 363 1366 1366 367 367 363 363 367 367 361 361 361 361 367 367 369 369 357 357 1226 1226 355 355 355 355 1226 1226 1227 1227 355 355 1227 1227 359 359 359 359 1227 1227 1228 1228 359 359 1228 1228 1346 1346 1346 1346 1228 1228 1230 1230 1346 1346 1230 1230 1344 1344 1344 1344 1230 1230 1232 1232 1344 1344 1232 1232 1342 1342 1342 1342 1232 1232 1234 1234 1342 1342 1234 1234 1340 1340 1340 1340 1234 1234 1236 1236 1340 1340 1236 1236 1338 1338 1338 1338 1236 1236 1238 1238 1338 1338 1238 1238 1336 1336 1336 1336 1238 1238 1240 1240 1336 1336 1240 1240 1328 1328 1328 1328 1240 1240 1252 1252 1328 1328 1252 1252 1265 1265 1265 1265 1252 1252 1253 1253 1265 1265 1253 1253 1263 1263 1263 1263 1253 1253 1254 1254 1263 1263 1254 1254 1261 1261 1261 1261 1254 1254 1255 1255 1261 1261 1255 1255 1259 1259 1259 1259 1255 1255 1256 1256 1259 1259 1256 1256 1200 1200 1200 1200 1256 1256 1162 1162 1200 1200 1162 1162 1199 1199 1199 1199 1162 1162 1167 1167 1199 1199 1167 1167 1197 1197 1197 1197 1167 1167 1286 1286 1197 1197 1286 1286 1198 1198 1198 1198 1286 1286 1285 1285 1198 1198 1285 1285 1267 1267 1267 1267 1285 1285 1293 1293 1267 1267 1293 1293 1268 1268 1268 1268 1293 1293 1292 1292 1268 1268 1292 1292 1351 1351 1351 1351 1292 1292 1291 1291 1351 1351 1291 1291 1352 1352 1352 1352 1291 1291 1290 1290 1352 1352 1290 1290 1353 1353 1353 1353 1290 1290 1289 1289 1353 1353 1289 1289 1354 1354 1354 1354 1289 1289 1288 1288 1354 1354 1288 1288 1355 1355 1355 1355 1288 1288 1287 1287 1355 1355 1287 1287 959 959 959 959 1287 1287 961 961 959 959 961 961 957 957 957 957 961 961 991 991 957 957 991 991 1397 1397 1397 1397 991 991 992 992 1397 1397 992 992 980 980 980 980 992 992 990 990 980 980 990 990 987 987 987 987 990 990 94 94 987 987 94 94 977 977 977 977 94 94 96 96 977 977 96 96 978 978 978 978 96 96 1114 1114 978 978 1114 1114 997 997 997 997 1114 1114 1115 1115 997 997 1115 1115 1008 1008 1008 1008 1115 1115 1116 1116 1008 1008 1116 1116 1419 1419 1419 1419 1116 1116 1117 1117 1419 1419 1117 1117 1420 1420 1420 1420 1117 1117 1118 1118 1420 1420 1118 1118 1431 1431 1431 1431 1118 1118 1037 1037 1431 1431 1037 1037 1434 1434 1434 1434 1037 1037 1036 1036 1434 1434 1036 1036 1432 1432 1432 1432 1036 1036 1034 1034 1432 1432 1034 1034 1433 1433 1433 1433 1034 1034 892 892 1433 1433 892 892 1435 1435 1435 1435 892 892 884 884 1435 1435 884 884 1437 1437 1437 1437 884 884 873 873 1437 1437 873 873 1439 1439 1439 1439 873 873 855 855 1439 1439 855 855 1441 1441 1441 1441 855 855 839 839 1441 1441 839 839 1443 1443 1443 1443 839 839 103 103 1443 1443 103 103 1445 1445 1445 1445 103 103 102 102 1445 1445 102 102 1447 1447 1447 1447 102 102 893 893 1447 1447 893 893 1449 1449 1449 1449 893 893 803 803 1449 1449 803 803 1451 1451 1451 1451 803 803 797 797 1451 1451 797 797 1453 1453 1453 1453 797 797 796 796 1453 1453 796 796 1455 1455 1455 1455 796 796 825 825 1455 1455 825 825 1457 1457 1457 1457 825 825 824 824 1457 1457 824 824 1459 1459 1459 1459 824 824 823 823 1459 1459 823 823 1461 1461 1461 1461 823 823 822 822 1461 1461 822 822 1463 1463 1463 1463 822 822 821 821 1463 1463 821 821 1465 1465 1465 1465 821 821 820 820 1465 1465 820 820 1467 1467 1467 1467 820 820 819 819 1467 1467 819 819 1469 1469 1469 1469 819 819 135 135 1469 1469 135 135 1471 1471 1471 1471 135 135 134 134 1472 1472 1473 1473 1474 1474 46 46 48 48 1475 1475 1476 1476 1477 1477 1478 1478 1479 1479 1480 1480 1481 1481 1481 1481 1480 1480 1482 1482 1481 1481 1482 1482 1483 1483 1484 1484 1485 1485 1479 1479 1479 1479 1485 1485 1486 1486 1479 1479 1486 1486 1480 1480 1487 1487 1488 1488 1489 1489 1489 1489 1488 1488 1490 1490 1489 1489 1490 1490 1484 1484 1484 1484 1490 1490 1491 1491 1484 1484 1491 1491 1485 1485 1492 1492 1493 1493 1494 1494 1494 1494 1493 1493 1495 1495 1494 1494 1495 1495 1496 1496 1496 1496 1495 1495 1497 1497 1496 1496 1497 1497 1487 1487 1487 1487 1497 1497 1498 1498 1487 1487 1498 1498 1488 1488 1492 1492 1494 1494 1499 1499 1499 1499 1494 1494 1500 1500 1499 1499 1500 1500 1501 1501 1501 1501 1500 1500 1502 1502 1501 1501 1502 1502 1503 1503 1503 1503 1502 1502 1504 1504 1503 1503 1504 1504 1505 1505 1505 1505 1504 1504 1506 1506 1506 1506 1504 1504 1507 1507 1506 1506 1507 1507 1508 1508 1508 1508 1507 1507 1509 1509 1509 1509 1507 1507 1510 1510 1509 1509 1510 1510 1511 1511 1511 1511 1510 1510 1512 1512 1512 1512 1510 1510 1513 1513 1512 1512 1513 1513 1514 1514 1514 1514 1513 1513 1515 1515 1515 1515 1513 1513 1516 1516 1515 1515 1516 1516 1517 1517 1517 1517 1516 1516 1518 1518 1518 1518 1516 1516 1519 1519 1518 1518 1519 1519 1520 1520 1520 1520 1519 1519 1521 1521 1521 1521 1519 1519 1522 1522 1521 1521 1522 1522 1523 1523 1523 1523 1522 1522 1524 1524 1524 1524 1522 1522 1525 1525 1524 1524 1525 1525 1526 1526 1526 1526 1525 1525 1527 1527 1527 1527 1525 1525 1528 1528 1527 1527 1528 1528 1529 1529 1529 1529 1528 1528 1530 1530 1529 1529 1530 1530 1531 1531 1531 1531 1530 1530 1532 1532 1531 1531 1532 1532 1533 1533 1534 1534 1535 1535 1536 1536 1536 1536 1535 1535 1537 1537 1536 1536 1537 1537 1532 1532 1532 1532 1537 1537 1538 1538 1532 1532 1538 1538 1533 1533 1539 1539 1540 1540 1534 1534 1534 1534 1540 1540 1541 1541 1534 1534 1541 1541 1535 1535 1542 1542 1543 1543 1544 1544 1544 1544 1543 1543 1545 1545 1544 1544 1545 1545 1539 1539 1539 1539 1545 1545 1546 1546 1539 1539 1546 1546 1540 1540 1542 1542 1544 1544 1547 1547 1547 1547 1544 1544 1548 1548 1547 1547 1548 1548 1549 1549 1550 1550 1551 1551 1548 1548 1548 1548 1551 1551 1552 1552 1548 1548 1552 1552 1549 1549 1477 1477 1476 1476 1553 1553 1476 1476 1554 1554 1553 1553 1553 1553 1554 1554 1555 1555 1553 1553 1555 1555 1550 1550 1550 1550 1555 1555 1556 1556 1550 1550 1556 1556 1551 1551 1557 1557 1558 1558 1478 1478 1478 1478 1558 1558 1559 1559 1478 1478 1559 1559 1476 1476 1560 1560 1561 1561 1562 1562 1562 1562 1561 1561 1557 1557 1562 1562 1557 1557 1563 1563 1563 1563 1557 1557 1478 1478 1560 1560 1562 1562 1564 1564 1564 1564 1562 1562 1565 1565 1564 1564 1565 1565 1566 1566 1566 1566 1565 1565 1567 1567 1566 1566 1567 1567 1568 1568 1568 1568 1567 1567 1569 1569 1569 1569 1567 1567 1570 1570 1569 1569 1570 1570 1571 1571 1571 1571 1570 1570 1572 1572 1572 1572 1570 1570 1573 1573 1572 1572 1573 1573 1574 1574 1574 1574 1573 1573 1575 1575 1575 1575 1573 1573 1576 1576 1575 1575 1576 1576 1577 1577 1577 1577 1576 1576 1578 1578 1578 1578 1576 1576 1579 1579 1578 1578 1579 1579 1580 1580 1580 1580 1579 1579 1581 1581 1581 1581 1579 1579 1582 1582 1581 1581 1582 1582 1583 1583 1583 1583 1582 1582 1584 1584 1584 1584 1582 1582 1585 1585 1584 1584 1585 1585 1586 1586 1586 1586 1585 1585 1587 1587 1587 1587 1585 1585 1588 1588 1587 1587 1588 1588 1589 1589 1589 1589 1588 1588 1590 1590 1590 1590 1588 1588 1591 1591 1590 1590 1591 1591 1592 1592 1592 1592 1591 1591 1593 1593 1593 1593 1591 1591 1594 1594 1593 1593 1594 1594 1595 1595 1595 1595 1594 1594 1596 1596 1596 1596 1594 1594 1597 1597 1596 1596 1597 1597 1598 1598 1598 1598 1597 1597 1599 1599 1598 1598 1599 1599 1600 1600 1600 1600 1599 1599 1601 1601 1601 1601 1599 1599 1475 1475 1601 1601 1475 1475 1602 1602 1602 1602 1475 1475 1603 1603 1603 1603 1475 1475 48 48 1603 1603 48 48 49 49 1604 1604 71 71 72 72 69 69 70 70 525 525 525 525 70 70 521 521 521 521 70 70 1605 1605 521 521 1605 1605 522 522 514 514 516 516 1606 1606 1606 1606 516 516 517 517 1606 1606 517 517 1605 1605 1605 1605 517 517 519 519 1605 1605 519 519 522 522 1607 1607 513 513 511 511 1607 1607 511 511 1606 1606 1606 1606 511 511 510 510 1606 1606 510 510 514 514 505 505 506 506 1608 1608 1608 1608 506 506 115 115 1608 1608 115 115 1609 1609 111 111 1610 1610 112 112 112 112 1610 1610 1609 1609 112 112 1609 1609 114 114 114 114 1609 1609 115 115 111 111 509 509 1610 1610 1610 1610 509 509 508 508 1610 1610 508 508 1607 1607 1607 1607 508 508 1033 1033 1607 1607 1033 1033 513 513 1611 1611 1612 1612 920 920 920 920 125 125 1611 1611 1611 1611 125 125 124 124 1611 1611 124 124 499 499 499 499 123 123 1611 1611 1611 1611 123 123 121 121 1611 1611 121 121 1613 1613 1614 1614 1615 1615 479 479 479 479 1615 1615 480 480 493 493 1616 1616 485 485 485 485 1616 1616 1614 1614 485 485 1614 1614 486 486 486 486 1614 1614 479 479 493 493 492 492 1616 1616 1616 1616 492 492 490 490 1616 1616 490 490 1617 1617 1617 1617 490 490 488 488 1617 1617 488 488 487 487 487 487 494 494 1617 1617 1617 1617 494 494 496 496 1617 1617 496 496 1612 1612 1612 1612 496 496 498 498 1612 1612 498 498 920 920 477 477 1618 1618 478 478 478 478 1618 1618 1619 1619 478 478 1619 1619 472 472 1620 1620 1621 1621 468 468 468 468 1621 1621 470 470 468 468 467 467 1620 1620 1620 1620 467 467 475 475 1620 1620 475 475 1619 1619 1619 1619 475 475 473 473 1619 1619 473 473 472 472 463 463 462 462 1622 1622 463 463 1622 1622 460 460 460 460 1622 1622 1623 1623 460 460 1623 1623 458 458 457 457 1624 1624 452 452 452 452 1624 1624 1625 1625 452 452 1625 1625 450 450 457 457 456 456 1624 1624 1624 1624 456 456 454 454 1624 1624 454 454 1623 1623 1623 1623 454 454 453 453 1623 1623 453 453 458 458 462 462 466 466 1622 1622 1622 1622 466 466 465 465 1622 1622 465 465 1621 1621 1621 1621 465 465 471 471 1621 1621 471 471 470 470 477 477 944 944 1618 1618 1618 1618 944 944 483 483 1618 1618 483 483 1615 1615 1615 1615 483 483 482 482 1615 1615 482 482 480 480 121 121 120 120 1613 1613 1613 1613 120 120 502 502 1613 1613 502 502 501 501 501 501 117 117 1613 1613 1613 1613 117 117 119 119 1613 1613 119 119 1608 1608 1608 1608 119 119 503 503 1608 1608 503 503 505 505 1626 1626 1627 1627 445 445 445 445 1627 1627 443 443 442 442 1628 1628 437 437 437 437 1628 1628 1629 1629 437 437 1629 1629 435 435 442 442 441 441 1628 1628 1628 1628 441 441 439 439 1628 1628 439 439 1627 1627 1627 1627 439 439 438 438 1627 1627 438 438 443 443 731 731 952 952 1630 1630 1630 1630 952 952 434 434 1630 1630 434 434 1631 1631 1631 1631 434 434 433 433 427 427 1632 1632 420 420 420 420 1632 1632 1633 1633 420 420 1633 1633 421 421 427 427 426 426 1632 1632 1632 1632 426 426 425 425 1632 1632 425 425 1630 1630 1630 1630 425 425 424 424 1630 1630 424 424 731 731 433 433 431 431 1631 1631 1631 1631 431 431 429 429 1631 1631 429 429 1629 1629 1629 1629 429 429 428 428 1629 1629 428 428 435 435 415 415 1634 1634 407 407 407 407 1634 1634 1635 1635 407 407 1635 1635 408 408 1636 1636 1637 1637 412 412 412 412 1637 1637 402 402 412 412 411 411 1636 1636 1636 1636 411 411 410 410 1636 1636 410 410 1635 1635 1635 1635 410 410 409 409 1635 1635 409 409 408 408 1638 1638 395 395 1639 1639 1639 1639 395 395 401 401 1639 1639 401 401 400 400 390 390 1640 1640 388 388 388 388 1640 1640 1641 1641 388 388 1641 1641 382 382 390 390 392 392 1640 1640 1640 1640 392 392 393 393 1640 1640 393 393 1638 1638 1638 1638 393 393 396 396 1638 1638 396 396 395 395 400 400 398 398 1639 1639 1639 1639 398 398 404 404 1639 1639 404 404 1637 1637 1637 1637 404 404 403 403 1637 1637 403 403 402 402 415 415 416 416 1634 1634 1634 1634 416 416 423 423 1634 1634 423 423 1633 1633 1633 1633 423 423 422 422 1633 1633 422 422 421 421 128 128 127 127 1642 1642 1642 1642 127 127 381 381 376 376 1643 1643 377 377 377 377 1643 1643 1642 1642 377 377 1642 1642 379 379 379 379 1642 1642 381 381 128 128 1642 1642 130 130 130 130 1642 1642 1644 1644 130 130 1644 1644 131 131 362 362 361 361 1474 1474 1474 1474 361 361 369 369 1474 1474 369 369 1645 1645 1645 1645 369 369 368 368 1645 1645 368 368 366 366 372 372 374 374 1646 1646 366 366 365 365 1645 1645 1645 1645 365 365 136 136 1645 1645 136 136 1646 1646 1646 1646 136 136 370 370 1646 1646 370 370 372 372 374 374 375 375 1646 1646 1646 1646 375 375 1470 1470 1646 1646 1470 1470 1647 1647 1470 1470 1471 1471 1647 1647 1647 1647 1471 1471 134 134 1647 1647 134 134 1644 1644 1644 1644 134 134 133 133 1644 1644 133 133 131 131 376 376 387 387 1643 1643 1643 1643 387 387 385 385 1643 1643 385 385 1641 1641 1641 1641 385 385 383 383 1641 1641 383 383 382 382 1648 1648 1472 1472 1649 1649 1649 1649 1472 1472 1474 1474 1649 1649 1474 1474 1650 1650 1650 1650 1474 1474 1645 1645 1650 1650 1645 1645 1651 1651 1651 1651 1645 1645 1646 1646 1651 1651 1646 1646 1652 1652 1652 1652 1646 1646 1647 1647 1652 1652 1647 1647 1653 1653 1653 1653 1647 1647 1644 1644 1653 1653 1644 1644 1654 1654 1654 1654 1644 1644 1642 1642 1654 1654 1642 1642 1655 1655 1655 1655 1642 1642 1643 1643 1655 1655 1643 1643 1656 1656 1656 1656 1643 1643 1641 1641 1656 1656 1641 1641 1657 1657 1657 1657 1641 1641 1640 1640 1657 1657 1640 1640 1658 1658 1658 1658 1640 1640 1638 1638 1658 1658 1638 1638 1659 1659 1659 1659 1638 1638 1639 1639 1659 1659 1639 1639 1660 1660 1660 1660 1639 1639 1637 1637 1660 1660 1637 1637 1661 1661 1661 1661 1637 1637 1636 1636 1661 1661 1636 1636 1662 1662 1662 1662 1636 1636 1635 1635 1662 1662 1635 1635 1663 1663 1663 1663 1635 1635 1634 1634 1663 1663 1634 1634 1664 1664 1664 1664 1634 1634 1633 1633 1664 1664 1633 1633 1665 1665 1665 1665 1633 1633 1632 1632 1665 1665 1632 1632 1666 1666 1666 1666 1632 1632 1630 1630 1666 1666 1630 1630 1667 1667 1667 1667 1630 1630 1631 1631 1667 1667 1631 1631 1668 1668 1668 1668 1631 1631 1629 1629 1668 1668 1629 1629 1669 1669 1669 1669 1629 1629 1628 1628 1669 1669 1628 1628 1670 1670 1670 1670 1628 1628 1627 1627 1670 1670 1627 1627 1671 1671 1671 1671 1627 1627 1626 1626 1671 1671 1626 1626 1672 1672 1672 1672 1626 1626 1625 1625 1672 1672 1625 1625 1673 1673 1673 1673 1625 1625 1624 1624 1673 1673 1624 1624 1674 1674 1674 1674 1624 1624 1623 1623 1674 1674 1623 1623 1675 1675 1675 1675 1623 1623 1622 1622 1675 1675 1622 1622 1676 1676 1676 1676 1622 1622 1621 1621 1676 1676 1621 1621 1677 1677 1677 1677 1621 1621 1620 1620 1677 1677 1620 1620 1678 1678 1678 1678 1620 1620 1619 1619 1678 1678 1619 1619 1679 1679 1679 1679 1619 1619 1618 1618 1679 1679 1618 1618 1680 1680 1680 1680 1618 1618 1615 1615 1680 1680 1615 1615 1681 1681 1681 1681 1615 1615 1614 1614 1681 1681 1614 1614 1682 1682 1682 1682 1614 1614 1616 1616 1682 1682 1616 1616 1683 1683 1683 1683 1616 1616 1617 1617 1683 1683 1617 1617 1684 1684 1684 1684 1617 1617 1612 1612 1684 1684 1612 1612 1685 1685 1685 1685 1612 1612 1611 1611 1685 1685 1611 1611 1686 1686 1686 1686 1611 1611 1613 1613 1686 1686 1613 1613 1687 1687 1687 1687 1613 1613 1608 1608 1687 1687 1608 1608 1688 1688 1688 1688 1608 1608 1609 1609 1688 1688 1609 1609 1689 1689 1689 1689 1609 1609 1610 1610 1689 1689 1610 1610 1690 1690 1690 1690 1610 1610 1607 1607 1690 1690 1607 1607 1691 1691 1691 1691 1607 1607 1606 1606 1691 1691 1606 1606 1604 1604 1604 1604 1606 1606 1605 1605 1604 1604 1605 1605 71 71 71 71 1605 1605 70 70 360 360 142 142 1473 1473 1473 1473 142 142 139 139 1473 1473 139 139 1474 1474 1474 1474 139 139 364 364 1474 1474 364 364 362 362 445 445 449 449 1626 1626 1626 1626 449 449 448 448 1626 1626 448 448 1625 1625 1625 1625 448 448 447 447 1625 1625 447 447 450 450 1481 1481 1648 1648 1479 1479 1479 1479 1648 1648 1649 1649 1479 1479 1649 1649 1484 1484 1484 1484 1649 1649 1650 1650 1484 1484 1650 1650 1489 1489 1489 1489 1650 1650 1651 1651 1489 1489 1651 1651 1487 1487 1487 1487 1651 1651 1652 1652 1487 1487 1652 1652 1496 1496 1496 1496 1652 1652 1653 1653 1496 1496 1653 1653 1494 1494 1494 1494 1653 1653 1654 1654 1494 1494 1654 1654 1500 1500 1500 1500 1654 1654 1655 1655 1500 1500 1655 1655 1502 1502 1502 1502 1655 1655 1656 1656 1502 1502 1656 1656 1504 1504 1504 1504 1656 1656 1657 1657 1504 1504 1657 1657 1507 1507 1507 1507 1657 1657 1658 1658 1507 1507 1658 1658 1510 1510 1510 1510 1658 1658 1659 1659 1510 1510 1659 1659 1513 1513 1513 1513 1659 1659 1660 1660 1513 1513 1660 1660 1516 1516 1516 1516 1660 1660 1661 1661 1516 1516 1661 1661 1519 1519 1519 1519 1661 1661 1662 1662 1519 1519 1662 1662 1522 1522 1522 1522 1662 1662 1663 1663 1522 1522 1663 1663 1525 1525 1525 1525 1663 1663 1664 1664 1525 1525 1664 1664 1528 1528 1528 1528 1664 1664 1665 1665 1528 1528 1665 1665 1530 1530 1530 1530 1665 1665 1666 1666 1530 1530 1666 1666 1532 1532 1532 1532 1666 1666 1667 1667 1532 1532 1667 1667 1536 1536 1536 1536 1667 1667 1668 1668 1536 1536 1668 1668 1534 1534 1534 1534 1668 1668 1669 1669 1534 1534 1669 1669 1539 1539 1539 1539 1669 1669 1670 1670 1539 1539 1670 1670 1544 1544 1544 1544 1670 1670 1671 1671 1544 1544 1671 1671 1548 1548 1548 1548 1671 1671 1672 1672 1548 1548 1672 1672 1550 1550 1550 1550 1672 1672 1673 1673 1550 1550 1673 1673 1553 1553 1553 1553 1673 1673 1674 1674 1553 1553 1674 1674 1477 1477 1477 1477 1674 1674 1675 1675 1477 1477 1675 1675 1478 1478 1478 1478 1675 1675 1676 1676 1478 1478 1676 1676 1563 1563 1563 1563 1676 1676 1677 1677 1563 1563 1677 1677 1562 1562 1562 1562 1677 1677 1678 1678 1562 1562 1678 1678 1565 1565 1565 1565 1678 1678 1679 1679 1565 1565 1679 1679 1567 1567 1567 1567 1679 1679 1680 1680 1567 1567 1680 1680 1570 1570 1570 1570 1680 1680 1681 1681 1570 1570 1681 1681 1573 1573 1573 1573 1681 1681 1682 1682 1573 1573 1682 1682 1576 1576 1576 1576 1682 1682 1683 1683 1576 1576 1683 1683 1579 1579 1579 1579 1683 1683 1684 1684 1579 1579 1684 1684 1582 1582 1582 1582 1684 1684 1685 1685 1582 1582 1685 1685 1585 1585 1585 1585 1685 1685 1686 1686 1585 1585 1686 1686 1588 1588 1588 1588 1686 1686 1687 1687 1588 1588 1687 1687 1591 1591 1591 1591 1687 1687 1688 1688 1591 1591 1688 1688 1594 1594 1594 1594 1688 1688 1689 1689 1594 1594 1689 1689 1597 1597 1597 1597 1689 1689 1690 1690 1597 1597 1690 1690 1599 1599 1599 1599 1690 1690 1691 1691 1599 1599 1691 1691 1475 1475 1475 1475 1691 1691 1604 1604 1475 1475 1604 1604 46 46 46 46 1604 1604 72 72 1692 1692 1693 1693 1694 1694 1695 1695 1696 1696 1697 1697 1698 1698 1699 1699 1700 1700 1701 1701 1702 1702 1703 1703 534 534 533 533 1704 1704 534 534 1704 1704 535 535 28 28 535 535 29 29 29 29 535 535 1704 1704 29 29 1704 1704 16 16 16 16 1704 1704 1705 1705 16 16 1705 1705 17 17 1706 1706 1707 1707 1708 1708 1708 1708 14 14 15 15 1708 1708 15 15 1706 1706 1706 1706 15 15 62 62 1706 1706 62 62 61 61 1707 1707 1706 1706 1709 1709 1709 1709 1706 1706 1710 1710 1709 1709 1710 1710 1711 1711 1711 1711 1710 1710 1712 1712 1711 1711 1712 1712 1713 1713 1713 1713 1712 1712 1714 1714 1713 1713 1714 1714 1715 1715 1715 1715 1714 1714 1716 1716 1716 1716 1714 1714 1717 1717 1716 1716 1717 1717 1718 1718 1718 1718 1717 1717 1719 1719 1719 1719 1717 1717 1720 1720 1719 1719 1720 1720 1721 1721 1721 1721 1720 1720 1722 1722 1722 1722 1720 1720 1723 1723 1722 1722 1723 1723 1724 1724 1724 1724 1723 1723 1725 1725 1725 1725 1723 1723 1726 1726 1725 1725 1726 1726 1727 1727 1727 1727 1726 1726 1728 1728 1727 1727 1728 1728 1729 1729 1729 1729 1728 1728 1730 1730 1730 1730 1728 1728 1731 1731 1730 1730 1731 1731 1732 1732 1732 1732 1731 1731 1733 1733 1733 1733 1731 1731 1734 1734 1733 1733 1734 1734 1735 1735 1735 1735 1734 1734 1736 1736 1736 1736 1734 1734 1737 1737 1736 1736 1737 1737 1738 1738 1738 1738 1737 1737 1739 1739 1739 1739 1737 1737 1740 1740 1739 1739 1740 1740 1741 1741 1741 1741 1740 1740 1742 1742 1742 1742 1740 1740 1743 1743 1742 1742 1743 1743 1744 1744 1745 1745 1746 1746 1747 1747 1747 1747 1746 1746 1748 1748 1747 1747 1748 1748 1749 1749 1744 1744 1743 1743 1750 1750 1750 1750 1743 1743 1747 1747 1750 1750 1747 1747 1751 1751 1751 1751 1747 1747 1749 1749 1751 1751 1749 1749 1752 1752 1753 1753 1754 1754 1755 1755 336 336 1698 1698 567 567 567 567 1698 1698 1756 1756 567 567 1756 1756 568 568 560 560 1757 1757 561 561 561 561 1757 1757 1758 1758 560 560 572 572 1757 1757 1757 1757 572 572 571 571 1757 1757 571 571 1756 1756 1756 1756 571 571 570 570 1756 1756 570 570 568 568 1759 1759 556 556 1760 1760 1760 1760 556 556 566 566 1761 1761 1762 1762 106 106 106 106 1762 1762 551 551 106 106 105 105 1761 1761 1761 1761 105 105 559 559 1761 1761 559 559 1759 1759 1759 1759 559 559 557 557 1759 1759 557 557 556 556 566 566 565 565 1760 1760 1760 1760 565 565 564 564 1760 1760 564 564 1758 1758 1758 1758 564 564 563 563 1758 1758 563 563 561 561 1763 1763 1764 1764 1765 1765 1763 1763 1766 1766 1767 1767 1767 1767 1766 1766 1768 1768 1767 1767 1768 1768 1769 1769 1769 1769 1768 1768 1770 1770 1769 1769 1770 1770 1771 1771 1771 1771 1770 1770 1772 1772 1771 1771 1772 1772 1773 1773 1773 1773 1772 1772 1774 1774 1773 1773 1774 1774 1775 1775 1775 1775 1774 1774 1776 1776 1775 1775 1776 1776 1777 1777 1777 1777 1776 1776 1778 1778 1777 1777 1778 1778 1779 1779 1779 1779 1778 1778 1780 1780 1779 1779 1780 1780 1781 1781 1781 1781 1780 1780 1782 1782 1781 1781 1782 1782 1753 1753 1753 1753 1782 1782 1700 1700 1753 1753 1700 1700 1754 1754 1754 1754 1700 1700 1699 1699 1766 1766 1783 1783 1768 1768 1768 1768 1783 1783 1784 1784 1768 1768 1784 1784 1770 1770 1770 1770 1784 1784 1785 1785 1770 1770 1785 1785 1772 1772 1772 1772 1785 1785 1762 1762 1772 1772 1762 1762 1774 1774 1774 1774 1762 1762 1761 1761 1774 1774 1761 1761 1776 1776 1776 1776 1761 1761 1759 1759 1776 1776 1759 1759 1778 1778 1778 1778 1759 1759 1760 1760 1778 1778 1760 1760 1780 1780 1780 1780 1760 1760 1758 1758 1780 1780 1758 1758 1782 1782 1782 1782 1758 1758 1757 1757 1782 1782 1757 1757 1700 1700 1700 1700 1757 1757 1756 1756 1700 1700 1756 1756 1698 1698 59 59 17 17 1786 1786 1786 1786 17 17 1705 1705 1786 1786 1705 1705 1787 1787 1787 1787 1693 1693 1788 1788 1788 1788 1693 1693 1692 1692 1788 1788 1692 1692 1789 1789 1790 1790 536 536 545 545 1763 1763 1765 1765 1766 1766 1766 1766 1765 1765 1790 1790 1766 1766 1790 1790 1783 1783 1783 1783 1790 1790 545 545 1783 1783 545 545 547 547 544 544 543 543 1695 1695 1695 1695 543 543 541 541 1695 1695 541 541 1696 1696 1787 1787 1705 1705 1693 1693 1693 1693 1705 1705 1704 1704 1693 1693 1704 1704 1694 1694 1694 1694 1704 1704 533 533 1694 1694 533 533 532 532 1764 1764 1789 1789 1697 1697 1697 1697 1789 1789 1692 1692 1697 1697 1692 1692 1695 1695 1695 1695 1692 1692 1694 1694 1695 1695 1694 1694 544 544 544 544 1694 1694 532 532 541 541 540 540 1696 1696 1696 1696 540 540 539 539 1696 1696 539 539 537 537 1764 1764 1697 1697 1765 1765 1765 1765 1697 1697 1696 1696 1765 1765 1696 1696 1790 1790 1790 1790 1696 1696 537 537 1790 1790 537 537 536 536 61 61 60 60 1706 1706 1706 1706 60 60 1791 1791 1706 1706 1791 1791 1710 1710 1710 1710 1791 1791 1792 1792 1710 1710 1792 1792 1712 1712 1712 1712 1792 1792 1793 1793 1712 1712 1793 1793 1714 1714 1714 1714 1793 1793 1794 1794 1714 1714 1794 1794 1717 1717 1717 1717 1794 1794 1795 1795 1717 1717 1795 1795 1720 1720 1720 1720 1795 1795 1796 1796 1720 1720 1796 1796 1723 1723 1723 1723 1796 1796 1797 1797 1723 1723 1797 1797 1726 1726 1726 1726 1797 1797 1798 1798 1726 1726 1798 1798 1728 1728 1728 1728 1798 1798 1799 1799 1728 1728 1799 1799 1731 1731 1731 1731 1799 1799 1800 1800 1731 1731 1800 1800 1734 1734 1734 1734 1800 1800 1801 1801 1734 1734 1801 1801 1737 1737 1737 1737 1801 1801 1802 1802 1737 1737 1802 1802 1740 1740 1740 1740 1802 1802 1803 1803 1740 1740 1803 1803 1743 1743 1743 1743 1803 1803 1804 1804 1743 1743 1804 1804 1747 1747 1747 1747 1804 1804 1703 1703 1747 1747 1703 1703 1745 1745 1745 1745 1703 1703 1702 1702 547 547 550 550 1783 1783 1783 1783 550 550 549 549 1783 1783 549 549 1784 1784 1784 1784 549 549 555 555 1784 1784 555 555 1785 1785 1785 1785 555 555 554 554 1785 1785 554 554 1762 1762 1762 1762 554 554 552 552 1762 1762 552 552 551 551 60 60 59 59 1791 1791 1791 1791 59 59 1786 1786 1791 1791 1786 1786 1792 1792 1792 1792 1786 1786 1787 1787 1792 1792 1787 1787 1793 1793 1793 1793 1787 1787 1788 1788 1793 1793 1788 1788 1794 1794 1794 1794 1788 1788 1789 1789 1794 1794 1789 1789 1795 1795 1795 1795 1789 1789 1764 1764 1795 1795 1764 1764 1796 1796 1796 1796 1764 1764 1763 1763 1796 1796 1763 1763 1797 1797 1797 1797 1763 1763 1767 1767 1797 1797 1767 1767 1798 1798 1798 1798 1767 1767 1769 1769 1798 1798 1769 1769 1799 1799 1799 1799 1769 1769 1771 1771 1799 1799 1771 1771 1800 1800 1800 1800 1771 1771 1773 1773 1800 1800 1773 1773 1801 1801 1801 1801 1773 1773 1775 1775 1801 1801 1775 1775 1802 1802 1802 1802 1775 1775 1777 1777 1802 1802 1777 1777 1803 1803 1803 1803 1777 1777 1779 1779 1803 1803 1779 1779 1804 1804 1804 1804 1779 1779 1781 1781 1804 1804 1781 1781 1703 1703 1703 1703 1781 1781 1753 1753 1703 1703 1753 1753 1701 1701 1701 1701 1753 1753 1755 1755 1526 1526 1805 1805 1806 1806 1526 1526 1806 1806 1524 1524 1524 1524 1806 1806 1807 1807 1524 1524 1807 1807 1523 1523 1523 1523 1807 1807 1808 1808 1523 1523 1808 1808 1521 1521 1805 1805 1526 1526 1809 1809 1809 1809 1526 1526 1527 1527 1809 1809 1527 1527 1810 1810 1810 1810 1527 1527 1529 1529 1810 1810 1529 1529 1811 1811 1811 1811 1529 1529 1531 1531 1811 1811 1531 1531 1812 1812 1813 1813 1572 1572 1814 1814 1814 1814 1572 1572 1574 1574 1511 1511 1512 1512 1815 1815 1812 1812 1531 1531 1816 1816 1816 1816 1531 1531 1533 1533 1816 1816 1533 1533 1817 1817 1817 1817 1533 1533 1538 1538 1817 1817 1538 1538 1818 1818 1818 1818 1538 1538 1537 1537 1818 1818 1537 1537 1819 1819 1819 1819 1537 1537 1535 1535 1819 1819 1535 1535 1820 1820 1820 1820 1535 1535 1541 1541 1820 1820 1541 1541 1821 1821 1821 1821 1541 1541 1540 1540 1821 1821 1540 1540 1822 1822 1822 1822 1540 1540 1546 1546 1822 1822 1546 1546 1823 1823 1808 1808 1824 1824 1521 1521 1521 1521 1824 1824 1825 1825 1521 1521 1825 1825 1520 1520 1520 1520 1825 1825 1826 1826 1520 1520 1826 1826 1518 1518 1518 1518 1826 1826 1827 1827 1518 1518 1827 1827 1517 1517 1517 1517 1827 1827 1828 1828 1517 1517 1828 1828 1515 1515 1515 1515 1828 1828 1829 1829 1515 1515 1829 1829 1514 1514 1514 1514 1829 1829 1830 1830 1514 1514 1830 1830 1512 1512 1512 1512 1830 1830 1831 1831 1512 1512 1831 1831 1815 1815 1823 1823 1546 1546 1832 1832 1832 1832 1546 1546 1545 1545 1832 1832 1545 1545 1833 1833 1833 1833 1545 1545 1543 1543 1833 1833 1543 1543 1834 1834 1835 1835 1569 1569 1813 1813 1813 1813 1569 1569 1571 1571 1813 1813 1571 1571 1572 1572 1836 1836 1483 1483 1482 1482 1815 1815 1837 1837 1511 1511 1511 1511 1837 1837 1838 1838 1511 1511 1838 1838 1509 1509 1509 1509 1838 1838 1839 1839 1509 1509 1839 1839 1508 1508 1835 1835 1840 1840 1569 1569 1569 1569 1840 1840 1841 1841 1569 1569 1841 1841 1568 1568 1568 1568 1841 1841 1842 1842 1568 1568 1842 1842 1566 1566 1566 1566 1842 1842 1843 1843 1566 1566 1843 1843 1564 1564 1564 1564 1843 1843 1844 1844 1564 1564 1844 1844 1560 1560 1560 1560 1844 1844 1845 1845 1560 1560 1845 1845 1561 1561 1561 1561 1845 1845 1846 1846 1561 1561 1846 1846 1557 1557 1557 1557 1846 1846 1847 1847 1557 1557 1847 1847 1848 1848 1578 1578 1849 1849 1577 1577 1577 1577 1849 1849 1850 1850 1577 1577 1850 1850 1575 1575 1575 1575 1850 1850 1851 1851 1575 1575 1851 1851 1574 1574 1574 1574 1851 1851 1852 1852 1574 1574 1852 1852 1814 1814 1848 1848 1853 1853 1557 1557 1557 1557 1853 1853 1854 1854 1557 1557 1854 1854 1558 1558 1558 1558 1854 1854 1855 1855 1558 1558 1855 1855 1559 1559 1559 1559 1855 1855 1856 1856 1559 1559 1856 1856 1476 1476 1856 1856 1857 1857 1476 1476 1476 1476 1857 1857 1858 1858 1476 1476 1858 1858 1554 1554 1554 1554 1858 1858 1859 1859 1554 1554 1859 1859 1555 1555 1583 1583 1860 1860 1581 1581 1581 1581 1860 1860 1861 1861 1581 1581 1861 1861 1580 1580 1580 1580 1861 1861 1862 1862 1580 1580 1862 1862 1578 1578 1578 1578 1862 1862 1863 1863 1578 1578 1863 1863 1849 1849 1503 1503 1864 1864 1501 1501 1501 1501 1864 1864 1865 1865 1501 1501 1865 1865 1499 1499 1543 1543 1542 1542 1834 1834 1834 1834 1542 1542 1547 1547 1834 1834 1547 1547 1866 1866 1866 1866 1547 1547 1549 1549 1866 1866 1549 1549 1867 1867 1867 1867 1549 1549 1552 1552 1867 1867 1552 1552 1868 1868 1868 1868 1552 1552 1551 1551 1868 1868 1551 1551 1869 1869 1869 1869 1551 1551 1556 1556 1869 1869 1556 1556 1870 1870 1870 1870 1556 1556 1555 1555 1870 1870 1555 1555 1871 1871 1871 1871 1555 1555 1859 1859 49 49 1872 1872 1603 1603 1603 1603 1872 1872 1873 1873 1603 1603 1873 1873 1602 1602 1839 1839 1874 1874 1508 1508 1508 1508 1874 1874 1875 1875 1508 1508 1875 1875 1506 1506 1506 1506 1875 1875 1876 1876 1506 1506 1876 1876 1505 1505 1505 1505 1876 1876 1877 1877 1505 1505 1877 1877 1503 1503 1503 1503 1877 1877 1878 1878 1503 1503 1878 1878 1864 1864 1584 1584 1879 1879 1583 1583 1583 1583 1879 1879 1880 1880 1583 1583 1880 1880 1860 1860 1587 1587 1881 1881 1586 1586 1586 1586 1881 1881 1882 1882 1586 1586 1882 1882 1584 1584 1584 1584 1882 1882 1883 1883 1584 1584 1883 1883 1879 1879 1865 1865 1884 1884 1499 1499 1499 1499 1884 1884 1885 1885 1499 1499 1885 1885 1886 1886 1886 1886 1887 1887 1499 1499 1499 1499 1887 1887 1888 1888 1499 1499 1888 1888 1492 1492 1492 1492 1888 1888 1889 1889 1492 1492 1889 1889 1493 1493 1890 1890 1589 1589 1891 1891 1891 1891 1589 1589 1590 1590 1891 1891 1590 1590 1892 1892 1892 1892 1590 1590 1893 1893 1873 1873 1894 1894 1602 1602 1602 1602 1894 1894 1895 1895 1602 1602 1895 1895 1601 1601 1601 1601 1895 1895 1896 1896 1601 1601 1896 1896 1600 1600 1600 1600 1896 1896 1897 1897 1890 1890 1898 1898 1589 1589 1589 1589 1898 1898 1899 1899 1589 1589 1899 1899 1587 1587 1587 1587 1899 1899 1900 1900 1587 1587 1900 1900 1881 1881 1836 1836 1482 1482 1901 1901 1901 1901 1482 1482 1480 1480 1901 1901 1480 1480 1902 1902 1902 1902 1480 1480 1486 1486 1902 1902 1486 1486 1903 1903 1903 1903 1486 1486 1485 1485 1903 1903 1485 1485 1904 1904 1904 1904 1485 1485 1491 1491 1904 1904 1491 1491 1905 1905 1498 1498 1906 1906 1488 1488 1488 1488 1906 1906 1907 1907 1488 1488 1907 1907 1490 1490 1490 1490 1907 1907 1908 1908 1490 1490 1908 1908 1491 1491 1491 1491 1908 1908 1909 1909 1491 1491 1909 1909 1905 1905 1590 1590 1592 1592 1893 1893 1893 1893 1592 1592 1593 1593 1893 1893 1593 1593 1910 1910 1910 1910 1593 1593 1595 1595 1911 1911 1596 1596 1912 1912 1912 1912 1596 1596 1598 1598 1911 1911 1913 1913 1596 1596 1596 1596 1913 1913 1914 1914 1596 1596 1914 1914 1595 1595 1595 1595 1914 1914 1915 1915 1595 1595 1915 1915 1910 1910 1916 1916 1495 1495 1917 1917 1917 1917 1495 1495 1493 1493 1917 1917 1493 1493 1918 1918 1918 1918 1493 1493 1889 1889 1916 1916 1919 1919 1495 1495 1495 1495 1919 1919 1920 1920 1495 1495 1920 1920 1497 1497 1497 1497 1920 1920 1921 1921 1497 1497 1921 1921 1498 1498 1498 1498 1921 1921 1922 1922 1498 1498 1922 1922 1906 1906 1897 1897 1923 1923 1600 1600 1600 1600 1923 1923 1924 1924 1600 1600 1924 1924 1598 1598 1598 1598 1924 1924 1925 1925 1598 1598 1925 1925 1912 1912 1926 1926 1927 1927 14 14 1926 1926 14 14 1928 1928 1752 1752 1929 1929 1930 1930 1752 1752 1930 1930 1751 1751 14 14 1708 1708 1928 1928 1928 1928 1708 1708 1707 1707 1928 1928 1707 1707 1931 1931 1931 1931 1707 1707 1709 1709 1931 1931 1709 1709 1932 1932 1932 1932 1709 1709 1711 1711 1932 1932 1711 1711 1933 1933 1933 1933 1711 1711 1713 1713 1933 1933 1713 1713 1934 1934 1934 1934 1713 1713 1935 1935 1935 1935 1713 1713 1715 1715 1935 1935 1715 1715 1936 1936 1936 1936 1715 1715 1716 1716 1936 1936 1716 1716 1937 1937 1937 1937 1716 1716 1718 1718 1937 1937 1718 1718 1938 1938 1718 1718 1719 1719 1938 1938 1938 1938 1719 1719 1721 1721 1938 1938 1721 1721 1939 1939 1939 1939 1721 1721 1722 1722 1939 1939 1722 1722 1940 1940 1940 1940 1722 1722 1724 1724 1940 1940 1724 1724 1941 1941 1941 1941 1724 1724 1725 1725 1941 1941 1725 1725 1942 1942 1942 1942 1725 1725 1727 1727 1942 1942 1727 1727 1943 1943 1930 1930 1944 1944 1751 1751 1751 1751 1944 1944 1945 1945 1751 1751 1945 1945 1750 1750 1750 1750 1945 1945 1946 1946 1750 1750 1946 1946 1744 1744 1744 1744 1946 1946 1947 1947 1744 1744 1947 1947 1742 1742 1742 1742 1947 1947 1948 1948 1742 1742 1948 1948 1741 1741 1741 1741 1948 1948 1949 1949 1741 1741 1949 1949 1739 1739 1739 1739 1949 1949 1950 1950 1739 1739 1950 1950 1738 1738 1738 1738 1950 1950 1951 1951 1738 1738 1951 1951 1736 1736 1736 1736 1951 1951 1952 1952 1736 1736 1952 1952 1735 1735 1735 1735 1952 1952 1953 1953 1735 1735 1953 1953 1733 1733 1733 1733 1953 1953 1954 1954 1733 1733 1954 1954 1732 1732 1732 1732 1954 1954 1955 1955 1732 1732 1955 1955 1730 1730 1730 1730 1955 1955 1943 1943 1730 1730 1943 1943 1729 1729 1729 1729 1943 1943 1727 1727 1956 1956 1957 1957 1958 1958 1959 1959 1960 1960 1961 1961 1962 1962 1963 1963 1964 1964 1965 1965 1966 1966 1967 1967 1968 1968 1969 1969 1970 1970 1971 1971 1972 1972 1973 1973 1974 1974 1975 1975 1976 1976 1977 1977 1978 1978 1979 1979 1980 1980 1981 1981 1982 1982 1909 1909 1908 1908 1983 1983 1919 1919 1916 1916 1984 1984 1877 1877 1985 1985 1878 1878 1831 1831 1830 1830 1986 1986 1827 1827 1987 1987 1828 1828 1826 1826 1825 1825 1988 1988 1805 1805 1809 1809 1989 1989 1863 1863 1862 1862 1990 1990 1860 1860 1991 1991 1861 1861 1882 1882 1881 1881 1992 1992 1898 1898 1890 1890 1993 1993 1891 1891 1892 1892 1994 1994 1924 1924 1923 1923 1995 1995 1897 1897 1896 1896 1996 1996 1927 1927 1926 1926 1997 1997 1954 1954 1953 1953 1998 1998 1999 1999 2000 2000 2001 2001 2001 2001 2000 2000 2002 2002 2001 2001 2002 2002 2003 2003 2003 2003 2004 2004 2001 2001 2001 2001 2004 2004 2005 2005 2001 2001 2005 2005 2006 2006 2005 2005 2007 2007 2006 2006 2006 2006 2007 2007 2008 2008 2006 2006 2008 2008 2009 2009 2009 2009 2010 2010 2006 2006 2006 2006 2010 2010 2011 2011 2006 2006 2011 2011 2012 2012 2013 2013 2014 2014 2015 2015 2015 2015 2014 2014 2016 2016 2015 2015 2016 2016 2017 2017 2017 2017 2018 2018 2019 2019 2018 2018 2020 2020 2019 2019 2019 2019 2020 2020 2021 2021 2019 2019 2021 2021 2022 2022 2023 2023 2024 2024 2025 2025 2023 2023 2025 2025 2026 2026 2025 2025 2027 2027 2026 2026 2026 2026 2027 2027 2028 2028 2026 2026 2028 2028 2029 2029 2029 2029 2030 2030 2026 2026 2026 2026 2030 2030 2031 2031 2026 2026 2031 2031 2032 2032 2033 2033 2034 2034 2035 2035 2035 2035 2034 2034 2036 2036 2037 2037 2038 2038 2039 2039 2039 2039 2038 2038 2040 2040 2011 2011 2041 2041 2012 2012 2012 2012 2041 2041 2042 2042 2012 2012 2042 2042 2043 2043 2043 2043 2044 2044 2012 2012 2012 2012 2044 2044 2045 2045 2012 2012 2045 2045 2023 2023 2023 2023 2045 2045 2046 2046 2023 2023 2046 2046 2024 2024 2047 2047 2048 2048 2049 2049 2050 2050 2051 2051 2052 2052 2053 2053 2054 2054 2055 2055 2055 2055 2054 2054 2052 2052 2055 2055 2052 2052 2056 2056 2056 2056 2052 2052 2051 2051 2057 2057 2058 2058 2048 2048 2059 2059 2060 2060 2061 2061 2061 2061 2060 2060 2062 2062 2061 2061 2062 2062 2048 2048 2048 2048 2062 2062 2063 2063 2048 2048 2063 2063 2057 2057 2058 2058 2064 2064 2048 2048 2048 2048 2064 2064 2065 2065 2048 2048 2065 2065 2049 2049 2066 2066 2067 2067 2068 2068 2069 2069 2070 2070 2061 2061 2066 2066 2068 2068 2061 2061 2061 2061 2068 2068 2071 2071 2061 2061 2071 2071 2069 2069 2070 2070 2072 2072 2061 2061 2061 2061 2072 2072 2073 2073 2061 2061 2073 2073 2059 2059 2074 2074 2075 2075 2076 2076 2067 2067 2066 2066 2077 2077 2077 2077 2066 2066 2078 2078 2077 2077 2078 2078 2075 2075 2079 2079 2080 2080 2081 2081 2081 2081 2080 2080 2082 2082 2079 2079 2083 2083 2080 2080 2080 2080 2083 2083 2084 2084 2080 2080 2084 2084 2076 2076 2076 2076 2084 2084 2085 2085 2076 2076 2085 2085 2074 2074 2053 2053 2086 2086 2054 2054 2054 2054 2086 2086 2087 2087 2054 2054 2087 2087 2088 2088 2088 2088 2089 2089 2054 2054 2054 2054 2089 2089 2090 2090 2054 2054 2090 2090 2091 2091 2091 2091 2090 2090 2092 2092 2091 2091 2092 2092 2093 2093 2093 2093 2094 2094 2091 2091 2091 2091 2094 2094 2095 2095 2091 2091 2095 2095 2080 2080 2080 2080 2095 2095 2096 2096 2080 2080 2096 2096 2082 2082 2097 2097 2098 2098 2099 2099 2099 2099 2098 2098 2100 2100 2101 2101 2102 2102 2103 2103 2103 2103 2102 2102 2104 2104 2103 2103 2104 2104 2105 2105 2101 2101 2103 2103 2106 2106 2106 2106 2103 2103 2107 2107 2106 2106 2107 2107 2108 2108 2109 2109 2110 2110 2111 2111 2111 2111 2112 2112 2109 2109 2109 2109 2112 2112 2113 2113 2109 2109 2113 2113 2107 2107 2107 2107 2113 2113 2114 2114 2107 2107 2114 2114 2108 2108 2110 2110 2109 2109 2115 2115 2115 2115 2109 2109 2116 2116 2115 2115 2116 2116 2117 2117 2118 2118 2119 2119 2116 2116 2116 2116 2119 2119 2120 2120 2116 2116 2120 2120 2117 2117 2121 2121 1929 1929 2118 2118 2118 2118 1929 1929 2122 2122 2118 2118 2122 2122 2119 2119 1945 1945 1944 1944 2121 2121 2121 2121 1944 1944 1930 1930 2121 2121 1930 1930 1929 1929 1946 1946 2123 2123 1947 1947 1947 1947 2123 2123 2124 2124 1947 1947 2124 2124 1948 1948 1948 1948 2124 2124 1949 1949 2125 2125 1951 1951 2126 2126 2126 2126 1951 1951 1950 1950 1998 1998 1953 1953 2125 2125 2125 2125 1953 1953 1952 1952 2125 2125 1952 1952 1951 1951 2127 2127 1939 1939 1940 1940 2127 2127 1940 1940 2128 2128 1940 1940 1941 1941 2128 2128 2128 2128 1941 1941 1942 1942 2128 2128 1942 1942 2129 2129 2129 2129 1942 1942 1943 1943 2129 2129 1943 1943 1955 1955 2130 2130 1937 1937 2127 2127 2127 2127 1937 1937 1938 1938 2127 2127 1938 1938 1939 1939 1933 1933 1934 1934 2131 2131 2131 2131 1934 1934 1935 1935 2131 2131 1935 1935 2130 2130 2130 2130 1935 1935 1936 1936 2130 2130 1936 1936 1937 1937 1932 1932 2132 2132 1931 1931 1931 1931 2132 2132 2133 2133 1931 1931 2133 2133 1928 1928 1927 1927 1997 1997 2134 2134 2135 2135 2136 2136 1997 1997 1997 1997 2136 2136 2137 2137 1997 1997 2137 2137 2134 2134 2138 2138 2135 2135 2139 2139 2139 2139 2135 2135 1997 1997 2139 2139 1997 1997 2140 2140 2140 2140 1997 1997 1926 1926 2140 2140 1926 1926 2141 2141 2142 2142 2143 2143 2139 2139 2139 2139 2143 2143 2144 2144 2139 2139 2144 2144 2138 2138 2145 2145 2146 2146 2147 2147 2147 2147 2146 2146 2148 2148 2149 2149 2150 2150 2151 2151 2151 2151 2152 2152 2149 2149 2149 2149 2152 2152 2153 2153 2149 2149 2153 2153 2154 2154 1894 1894 1873 1873 2155 2155 2155 2155 1873 1873 1872 1872 1872 1872 2156 2156 2155 2155 2155 2155 2156 2156 2157 2157 2155 2155 2157 2157 2158 2158 2075 2075 2078 2078 2076 2076 2076 2076 2078 2078 1912 1912 2076 2076 1912 1912 1925 1925 1914 1914 1913 1913 2078 2078 2078 2078 1913 1913 1911 1911 2078 2078 1911 1911 1912 1912 1898 1898 1993 1993 1899 1899 1899 1899 2159 2159 1900 1900 1900 1900 2159 2159 2160 2160 1900 1900 2160 2160 1881 1881 2161 2161 1880 1880 2162 2162 2162 2162 1880 1880 1879 1879 2162 2162 1879 1879 1883 1883 1814 1814 1852 1852 1956 1956 1956 1956 1852 1852 1851 1851 1956 1956 1851 1851 1957 1957 1957 1957 1851 1851 1850 1850 1957 1957 1850 1850 1990 1990 1990 1990 1850 1850 1849 1849 1990 1990 1849 1849 1863 1863 2163 2163 1813 1813 1814 1814 1813 1813 2163 2163 1835 1835 1835 1835 2163 2163 2164 2164 1835 1835 2164 2164 1840 1840 1840 1840 2165 2165 1841 1841 1841 1841 2165 2165 1842 1842 1842 1842 2165 2165 1843 1843 1843 1843 2165 2165 2166 2166 1843 1843 2166 2166 1844 1844 1844 1844 2166 2166 1845 1845 1845 1845 2166 2166 2167 2167 1845 1845 2167 2167 1846 1846 1854 1854 1853 1853 2168 2168 2168 2168 1853 1853 1848 1848 2168 2168 1848 1848 1847 1847 1854 1854 2168 2168 1855 1855 1855 1855 2168 2168 2169 2169 1855 1855 2169 2169 1856 1856 1856 1856 2169 2169 1857 1857 1857 1857 2169 2169 2170 2170 1857 1857 2170 2170 1858 1858 1858 1858 2170 2170 1859 1859 1859 1859 2170 2170 2171 2171 1859 1859 2171 2171 1871 1871 2172 2172 1869 1869 2171 2171 2171 2171 1869 1869 1870 1870 2171 2171 1870 1870 1871 1871 2173 2173 1867 1867 2172 2172 2172 2172 1867 1867 1868 1868 2172 2172 1868 1868 1869 1869 1832 1832 1833 1833 2174 2174 2174 2174 1833 1833 1834 1834 2174 2174 1834 1834 2173 2173 2173 2173 1834 1834 1866 1866 2173 2173 1866 1866 1867 1867 1821 1821 1822 1822 2175 2175 2175 2175 1822 1822 1823 1823 2176 2176 1820 1820 1821 1821 1817 1817 1818 1818 2177 2177 2177 2177 1818 1818 1819 1819 2178 2178 1816 1816 1817 1817 1810 1810 1811 1811 2179 2179 2179 2179 1811 1811 1812 1812 1825 1825 1824 1824 2180 2180 1824 1824 1808 1808 2180 2180 2180 2180 1808 1808 1807 1807 2180 2180 1807 1807 1806 1806 1828 1828 1987 1987 1829 1829 1829 1829 1987 1987 2181 2181 1829 1829 2181 2181 1830 1830 1874 1874 1839 1839 2182 2182 2182 2182 1839 1839 1838 1838 2182 2182 1838 1838 1837 1837 2183 2183 1876 1876 2184 2184 2184 2184 1876 1876 1875 1875 2184 2184 1875 1875 1874 1874 1878 1878 1985 1985 1864 1864 1864 1864 1985 1985 2185 2185 1864 1864 2185 2185 1865 1865 1865 1865 2185 2185 1884 1884 1884 1884 2185 2185 2186 2186 1884 1884 2186 2186 1885 1885 2187 2187 1887 1887 2188 2188 2188 2188 1887 1887 1886 1886 2188 2188 1886 1886 1885 1885 2189 2189 1918 1918 2190 2190 2190 2190 1918 1918 1889 1889 2190 2190 1889 1889 2187 2187 2187 2187 1889 1889 1888 1888 2187 2187 1888 1888 1887 1887 1919 1919 1984 1984 1920 1920 1920 1920 1984 1984 2191 2191 1920 1920 2191 2191 1921 1921 1921 1921 2191 2191 2192 2192 1921 1921 2192 2192 1922 1922 1922 1922 2192 2192 1906 1906 1906 1906 2192 2192 2193 2193 1906 1906 2193 2193 1907 1907 2194 2194 1903 1903 1904 1904 2097 2097 1836 1836 2098 2098 2098 2098 1836 1836 1901 1901 2098 2098 1901 1901 1902 1902 2195 2195 2196 2196 2197 2197 2197 2197 2196 2196 2198 2198 2197 2197 2198 2198 2199 2199 2198 2198 2200 2200 2199 2199 2199 2199 2200 2200 2201 2201 2199 2199 2201 2201 2202 2202 2203 2203 2204 2204 2205 2205 2205 2205 2204 2204 2197 2197 2197 2197 2204 2204 2206 2206 2197 2197 2206 2206 2195 2195 2207 2207 2208 2208 2209 2209 2209 2209 2208 2208 2210 2210 2209 2209 2210 2210 2211 2211 2211 2211 2212 2212 2209 2209 2209 2209 2212 2212 2213 2213 2209 2209 2213 2213 2214 2214 2213 2213 2215 2215 2214 2214 2214 2214 2215 2215 2216 2216 2214 2214 2216 2216 2217 2217 2217 2217 2218 2218 2214 2214 2214 2214 2218 2218 2219 2219 2214 2214 2219 2219 2203 2203 2220 2220 2221 2221 2222 2222 2222 2222 2221 2221 2223 2223 2224 2224 2225 2225 2226 2226 2226 2226 2225 2225 2227 2227 2226 2226 2227 2227 2228 2228 1981 1981 2229 2229 1982 1982 1982 1982 2229 2229 2230 2230 2231 2231 2232 2232 2233 2233 2233 2233 2232 2232 1982 1982 2233 2233 1982 1982 2234 2234 2234 2234 1982 1982 2230 2230 2231 2231 2235 2235 2232 2232 2232 2232 2235 2235 2236 2236 2232 2232 2236 2236 2237 2237 2202 2202 2238 2238 2199 2199 2199 2199 2238 2238 2239 2239 2199 2199 2239 2239 2240 2240 1976 1976 1975 1975 2241 2241 2241 2241 1975 1975 2242 2242 2241 2241 2242 2242 2243 2243 2243 2243 2242 2242 2244 2244 2243 2243 2244 2244 2245 2245 2246 2246 2247 2247 2248 2248 2246 2246 2249 2249 2247 2247 2247 2247 2249 2249 2250 2250 2247 2247 2250 2250 2251 2251 2251 2251 2250 2250 2252 2252 2252 2252 2250 2250 2253 2253 2252 2252 2253 2253 2254 2254 2255 2255 2256 2256 1977 1977 2257 2257 2258 2258 2259 2259 2259 2259 2260 2260 2257 2257 2257 2257 2260 2260 2261 2261 2257 2257 2261 2261 2255 2255 2255 2255 1977 1977 2257 2257 2257 2257 1977 1977 1979 1979 2257 2257 1979 1979 2253 2253 2253 2253 1979 1979 2262 2262 2253 2253 2262 2262 2254 2254 2263 2263 2264 2264 2265 2265 2265 2265 2266 2266 2263 2263 2263 2263 2266 2266 2267 2267 2263 2263 2267 2267 2268 2268 2268 2268 2267 2267 2269 2269 2268 2268 2269 2269 2246 2246 2246 2246 2269 2269 2270 2270 2246 2246 2270 2270 2249 2249 2264 2264 2263 2263 2271 2271 2271 2271 2263 2263 2272 2272 2271 2271 2272 2272 2273 2273 2274 2274 2275 2275 2276 2276 2276 2276 2275 2275 2277 2277 2276 2276 2277 2277 2272 2272 2272 2272 2277 2277 2278 2278 2272 2272 2278 2278 2273 2273 2279 2279 2280 2280 2281 2281 2282 2282 2283 2283 2284 2284 2284 2284 2283 2283 2285 2285 2284 2284 2285 2285 2274 2274 2286 2286 2287 2287 2288 2288 2288 2288 2289 2289 2286 2286 2286 2286 2289 2289 2290 2290 2286 2286 2290 2290 2281 2281 2281 2281 2290 2290 2291 2291 2281 2281 2291 2291 2279 2279 2292 2292 2293 2293 2294 2294 2292 2292 2294 2294 2295 2295 2295 2295 2294 2294 2296 2296 2295 2295 2296 2296 2297 2297 2297 2297 2296 2296 2298 2298 2298 2298 2296 2296 2299 2299 2298 2298 2299 2299 2300 2300 2300 2300 2299 2299 2301 2301 2300 2300 2301 2301 2302 2302 2303 2303 2304 2304 2305 2305 2305 2305 2304 2304 2306 2306 2293 2293 2307 2307 2294 2294 2294 2294 2307 2307 2308 2308 2294 2294 2308 2308 2309 2309 2309 2309 2308 2308 2287 2287 2309 2309 2287 2287 2310 2310 2310 2310 2287 2287 2286 2286 2310 2310 2286 2286 2311 2311 2311 2311 2286 2286 2281 2281 2311 2311 2281 2281 2312 2312 2313 2313 2314 2314 2315 2315 2315 2315 2314 2314 2316 2316 2315 2315 2316 2316 2317 2317 2318 2318 2319 2319 2313 2313 2313 2313 2319 2319 2320 2320 2313 2313 2320 2320 2314 2314 2321 2321 2322 2322 2323 2323 2323 2323 2322 2322 2319 2319 2323 2323 2319 2319 2324 2324 2324 2324 2319 2319 2318 2318 2324 2324 2318 2318 2325 2325 2326 2326 2327 2327 2328 2328 2328 2328 2327 2327 2329 2329 2330 2330 2331 2331 2332 2332 2332 2332 2331 2331 2333 2333 2332 2332 2333 2333 1973 1973 1973 1973 2333 2333 2334 2334 1973 1973 2334 2334 1971 1971 2302 2302 2301 2301 1974 1974 1974 1974 2301 2301 2335 2335 1974 1974 2335 2335 1975 1975 1975 1975 2335 2335 2336 2336 1975 1975 2336 2336 2242 2242 2242 2242 2336 2336 2337 2337 2242 2242 2337 2337 2338 2338 2338 2338 2337 2337 2339 2339 2338 2338 2339 2339 2330 2330 2330 2330 2339 2339 2340 2340 2330 2330 2340 2340 2331 2331 2341 2341 2342 2342 2343 2343 2344 2344 2345 2345 2346 2346 2346 2346 2345 2345 2342 2342 2346 2346 2342 2342 2347 2347 2347 2347 2342 2342 2341 2341 2347 2347 2341 2341 2348 2348 2348 2348 2341 2341 2349 2349 2348 2348 2349 2349 2350 2350 2350 2350 2349 2349 1970 1970 1970 1970 2349 2349 2351 2351 1970 1970 2351 2351 1968 1968 2352 2352 2338 2338 2353 2353 2353 2353 2338 2338 2330 2330 2353 2353 2330 2330 2354 2354 2354 2354 2330 2330 2332 2332 2354 2354 2332 2332 2355 2355 2355 2355 2332 2332 1973 1973 2356 2356 2328 2328 2357 2357 2357 2357 2328 2328 2329 2329 2357 2357 2329 2329 2358 2358 2358 2358 2329 2329 2359 2359 2358 2358 2359 2359 2360 2360 2360 2360 2359 2359 2361 2361 2360 2360 2361 2361 2362 2362 2362 2362 2361 2361 2363 2363 2362 2362 2363 2363 2364 2364 2365 2365 2366 2366 2367 2367 2367 2367 2366 2366 2368 2368 2369 2369 2370 2370 2371 2371 2371 2371 2370 2370 2372 2372 2371 2371 2372 2372 2373 2373 2374 2374 2375 2375 2376 2376 2376 2376 2375 2375 2377 2377 2378 2378 2379 2379 2376 2376 2376 2376 2379 2379 2380 2380 2376 2376 2380 2380 2381 2381 2381 2381 2380 2380 2382 2382 2383 2383 2384 2384 2385 2385 1963 1963 1962 1962 2386 2386 1962 1962 2383 2383 2386 2386 2386 2386 2383 2383 2385 2385 2386 2386 2385 2385 2387 2387 2387 2387 2385 2385 2388 2388 2385 2385 1965 1965 2388 2388 2388 2388 1965 1965 1967 1967 2388 2388 1967 1967 2368 2368 2368 2368 1967 1967 2389 2389 2368 2368 2389 2389 2367 2367 2367 2367 2389 2389 2390 2390 2391 2391 2392 2392 2393 2393 2393 2393 2392 2392 2394 2394 2374 2374 2376 2376 2395 2395 2395 2395 2376 2376 2381 2381 2395 2395 2381 2381 2396 2396 2396 2396 2381 2381 2382 2382 2396 2396 2382 2382 2397 2397 2397 2397 2382 2382 2398 2398 2397 2397 2398 2398 2344 2344 2344 2344 2398 2398 2399 2399 2344 2344 2399 2399 2345 2345 2345 2345 2399 2399 2400 2400 2345 2345 2400 2400 1961 1961 1961 1961 2400 2400 2401 2401 1961 1961 2401 2401 1959 1959 1892 1892 1893 1893 1994 1994 1994 1994 1893 1893 2402 2402 1994 1994 2402 2402 2403 2403 2403 2403 2402 2402 2404 2404 2403 2403 2404 2404 2405 2405 2405 2405 2404 2404 2406 2406 2405 2405 2406 2406 2407 2407 2407 2407 2406 2406 2408 2408 2407 2407 2408 2408 2409 2409 2409 2409 2408 2408 2410 2410 2409 2409 2410 2410 2411 2411 2412 2412 2413 2413 2414 2414 2414 2414 2413 2413 2415 2415 2414 2414 2415 2415 2416 2416 2416 2416 2415 2415 2417 2417 2416 2416 2417 2417 2418 2418 2418 2418 2417 2417 1991 1991 2418 2418 1991 1991 2161 2161 2161 2161 1991 1991 1860 1860 2161 2161 1860 1860 1880 1880 1861 1861 1991 1991 1862 1862 1862 1862 1991 1991 2417 2417 1862 1862 2417 2417 1990 1990 1990 1990 2417 2417 2415 2415 1990 1990 2415 2415 1957 1957 1957 1957 2415 2415 2413 2413 1957 1957 2413 2413 1958 1958 2419 2419 2420 2420 2421 2421 2274 2274 2276 2276 2284 2284 2284 2284 2276 2276 2422 2422 2284 2284 2422 2422 2423 2423 2423 2423 2422 2422 2424 2424 2423 2423 2424 2424 2425 2425 2425 2425 2424 2424 2426 2426 2425 2425 2426 2426 2411 2411 2411 2411 2426 2426 2427 2427 2411 2411 2427 2427 2409 2409 2409 2409 2427 2427 2428 2428 2409 2409 2428 2428 2407 2407 2407 2407 2428 2428 2429 2429 2407 2407 2429 2429 2405 2405 2405 2405 2429 2429 2430 2430 2405 2405 2430 2430 2403 2403 2403 2403 2430 2430 1993 1993 2403 2403 1993 1993 1994 1994 1994 1994 1993 1993 1890 1890 1994 1994 1890 1890 1891 1891 2410 2410 2431 2431 2411 2411 2411 2411 2431 2431 2432 2432 2411 2411 2432 2432 2425 2425 2425 2425 2432 2432 2433 2433 2425 2425 2433 2433 2423 2423 2423 2423 2433 2433 2281 2281 2423 2423 2281 2281 2284 2284 2284 2284 2281 2281 2280 2280 2284 2284 2280 2280 2282 2282 1893 1893 1910 1910 2402 2402 2402 2402 1910 1910 2434 2434 2402 2402 2434 2434 2404 2404 2404 2404 2434 2434 2435 2435 2404 2404 2435 2435 2406 2406 2406 2406 2435 2435 2436 2436 2406 2406 2436 2436 2408 2408 2408 2408 2436 2436 2437 2437 2408 2408 2437 2437 2410 2410 2410 2410 2437 2437 2438 2438 2410 2410 2438 2438 2431 2431 2431 2431 2438 2438 2439 2439 2431 2431 2439 2439 2432 2432 2432 2432 2439 2439 2440 2440 2432 2432 2440 2440 2433 2433 2433 2433 2440 2440 2441 2441 2433 2433 2441 2441 2281 2281 2281 2281 2441 2441 2305 2305 2281 2281 2305 2305 2312 2312 2312 2312 2305 2305 2306 2306 2312 2312 2306 2306 2316 2316 2316 2316 2306 2306 2442 2442 2316 2316 2442 2442 2317 2317 1899 1899 1993 1993 2159 2159 2159 2159 1993 1993 2430 2430 2159 2159 2430 2430 2160 2160 2160 2160 2430 2430 2429 2429 2160 2160 2429 2429 2443 2443 2443 2443 2429 2429 2428 2428 2443 2443 2428 2428 2444 2444 2444 2444 2428 2428 2427 2427 2444 2444 2427 2427 2445 2445 2445 2445 2427 2427 2426 2426 2445 2445 2426 2426 2446 2446 2446 2446 2426 2426 2424 2424 2446 2446 2424 2424 2447 2447 2447 2447 2424 2424 2422 2422 2447 2447 2422 2422 2448 2448 2448 2448 2422 2422 2276 2276 2448 2448 2276 2276 2449 2449 2450 2450 2412 2412 2451 2451 2451 2451 2412 2412 2414 2414 2451 2451 2414 2414 2452 2452 2452 2452 2414 2414 2416 2416 2452 2452 2416 2416 2453 2453 2453 2453 2416 2416 2418 2418 2453 2453 2418 2418 2454 2454 2454 2454 2418 2418 2161 2161 2454 2454 2161 2161 2455 2455 2455 2455 2161 2161 2162 2162 2455 2455 2162 2162 1992 1992 1992 1992 2162 2162 1883 1883 1992 1992 1883 1883 1882 1882 2239 2239 1980 1980 2240 2240 2240 2240 1980 1980 1982 1982 2240 2240 1982 1982 2456 2456 2456 2456 1982 1982 2232 2232 2456 2456 2232 2232 2457 2457 2457 2457 2232 2232 2458 2458 2457 2457 2458 2458 2459 2459 2459 2459 2458 2458 2460 2460 2459 2459 2460 2460 2461 2461 2461 2461 2460 2460 2462 2462 2461 2461 2462 2462 2463 2463 2463 2463 2462 2462 2464 2464 2463 2463 2464 2464 2465 2465 2465 2465 2464 2464 2466 2466 2465 2465 2466 2466 2467 2467 2467 2467 2466 2466 2419 2419 2420 2420 2419 2419 2468 2468 2468 2468 2419 2419 2466 2466 2468 2468 2466 2466 2469 2469 2469 2469 2466 2466 2464 2464 2469 2469 2464 2464 2470 2470 2470 2470 2464 2464 2462 2462 2470 2470 2462 2462 2471 2471 2471 2471 2462 2462 2460 2460 2471 2471 2460 2460 2472 2472 2472 2472 2460 2460 2458 2458 2472 2472 2458 2458 2473 2473 2473 2473 2458 2458 2232 2232 2473 2473 2232 2232 2221 2221 2221 2221 2232 2232 2237 2237 2221 2221 2237 2237 2223 2223 2163 2163 2421 2421 2164 2164 2164 2164 2421 2421 2420 2420 2164 2164 2420 2420 2474 2474 2474 2474 2420 2420 2468 2468 2474 2474 2468 2468 2475 2475 2475 2475 2468 2468 2469 2469 2475 2475 2469 2469 2476 2476 2476 2476 2469 2469 2470 2470 2476 2476 2470 2470 2477 2477 2477 2477 2470 2470 2471 2471 2477 2477 2471 2471 2478 2478 2478 2478 2471 2471 2472 2472 2478 2478 2472 2472 2479 2479 2479 2479 2472 2472 2473 2473 2479 2479 2473 2473 2480 2480 2480 2480 2473 2473 2221 2221 2480 2480 2221 2221 2226 2226 2226 2226 2221 2221 2220 2220 2226 2226 2220 2220 2224 2224 1840 1840 2164 2164 2165 2165 2165 2165 2164 2164 2474 2474 2165 2165 2474 2474 2166 2166 2166 2166 2474 2474 2475 2475 2166 2166 2475 2475 2167 2167 2167 2167 2475 2475 2476 2476 2167 2167 2476 2476 2481 2481 2481 2481 2476 2476 2477 2477 2481 2481 2477 2477 2482 2482 2482 2482 2477 2477 2478 2478 2482 2482 2478 2478 2483 2483 2483 2483 2478 2478 2479 2479 2483 2483 2479 2479 2484 2484 2484 2484 2479 2479 2480 2480 2484 2484 2480 2480 2485 2485 2485 2485 2480 2480 2226 2226 2485 2485 2226 2226 2209 2209 2209 2209 2226 2226 2228 2228 2209 2209 2228 2228 2207 2207 1846 1846 2167 2167 1847 1847 1847 1847 2167 2167 2481 2481 1847 1847 2481 2481 2168 2168 2168 2168 2481 2481 2482 2482 2168 2168 2482 2482 2169 2169 2169 2169 2482 2482 2483 2483 2169 2169 2483 2483 2170 2170 2170 2170 2483 2483 2484 2484 2170 2170 2484 2484 2171 2171 2171 2171 2484 2484 2485 2485 2171 2171 2485 2485 2172 2172 2172 2172 2485 2485 2209 2209 2172 2172 2209 2209 2173 2173 2173 2173 2209 2209 2214 2214 2173 2173 2214 2214 2174 2174 2486 2486 2268 2268 2487 2487 2487 2487 2268 2268 2246 2246 2487 2487 2246 2246 2488 2488 2488 2488 2246 2246 2248 2248 2488 2488 2248 2248 2489 2489 2449 2449 2276 2276 2490 2490 2490 2490 2276 2276 2272 2272 2490 2490 2272 2272 2491 2491 2491 2491 2272 2272 2263 2263 2491 2491 2263 2263 2492 2492 2492 2492 2263 2263 2268 2268 2492 2492 2268 2268 2493 2493 2493 2493 2268 2268 2486 2486 2493 2493 2486 2486 2494 2494 1881 1881 2160 2160 1992 1992 1992 1992 2160 2160 2443 2443 1992 1992 2443 2443 2455 2455 2455 2455 2443 2443 2444 2444 2455 2455 2444 2444 2454 2454 2454 2454 2444 2444 2445 2445 2454 2454 2445 2445 2453 2453 2453 2453 2445 2445 2446 2446 2453 2453 2446 2446 2452 2452 2452 2452 2446 2446 2447 2447 2452 2452 2447 2447 2451 2451 2451 2451 2447 2447 2448 2448 2451 2451 2448 2448 2450 2450 2450 2450 2448 2448 2449 2449 2450 2450 2449 2449 2495 2495 2495 2495 2449 2449 2490 2490 2495 2495 2490 2490 2496 2496 2496 2496 2490 2490 2491 2491 2496 2496 2491 2491 2497 2497 2497 2497 2491 2491 2492 2492 2497 2497 2492 2492 2498 2498 2498 2498 2492 2492 2493 2493 2498 2498 2493 2493 2499 2499 2499 2499 2493 2493 2494 2494 2499 2499 2494 2494 2500 2500 1814 1814 1956 1956 2163 2163 2163 2163 1956 1956 1958 1958 2163 2163 1958 1958 2421 2421 2421 2421 1958 1958 2413 2413 2421 2421 2413 2413 2419 2419 2419 2419 2413 2413 2412 2412 2419 2419 2412 2412 2467 2467 2467 2467 2412 2412 2450 2450 2467 2467 2450 2450 2465 2465 2465 2465 2450 2450 2495 2495 2465 2465 2495 2495 2463 2463 2463 2463 2495 2495 2496 2496 2463 2463 2496 2496 2461 2461 2461 2461 2496 2496 2497 2497 2461 2461 2497 2497 2459 2459 2459 2459 2497 2497 2498 2498 2459 2459 2498 2498 2457 2457 2457 2457 2498 2498 2499 2499 2457 2457 2499 2499 2456 2456 2456 2456 2499 2499 2500 2500 2456 2456 2500 2500 2240 2240 2203 2203 2205 2205 2214 2214 2214 2214 2205 2205 2175 2175 2214 2214 2175 2175 2174 2174 2174 2174 2175 2175 1823 1823 2174 2174 1823 1823 1832 1832 1821 1821 2175 2175 2176 2176 2176 2176 2175 2175 2205 2205 2176 2176 2205 2205 2501 2501 2501 2501 2205 2205 2197 2197 2501 2501 2197 2197 2502 2502 2502 2502 2197 2197 2199 2199 2502 2502 2199 2199 2503 2503 2503 2503 2199 2199 2240 2240 2503 2503 2240 2240 2504 2504 2504 2504 2240 2240 2500 2500 2504 2504 2500 2500 2505 2505 2505 2505 2500 2500 2494 2494 2505 2505 2494 2494 2506 2506 2506 2506 2494 2494 2486 2486 2506 2506 2486 2486 2507 2507 2507 2507 2486 2486 2487 2487 2507 2507 2487 2487 2508 2508 2508 2508 2487 2487 2488 2488 2508 2508 2488 2488 2509 2509 2509 2509 2488 2488 2489 2489 2509 2509 2489 2489 2245 2245 2245 2245 2244 2244 2509 2509 2509 2509 2244 2244 2510 2510 2509 2509 2510 2510 2508 2508 2508 2508 2510 2510 2511 2511 2508 2508 2511 2511 2507 2507 2507 2507 2511 2511 2512 2512 2507 2507 2512 2512 2506 2506 2506 2506 2512 2512 2513 2513 2506 2506 2513 2513 2505 2505 2505 2505 2513 2513 2514 2514 2505 2505 2514 2514 2504 2504 2504 2504 2514 2514 2515 2515 2504 2504 2515 2515 2503 2503 2503 2503 2515 2515 2516 2516 2503 2503 2516 2516 2502 2502 2502 2502 2516 2516 2517 2517 2502 2502 2517 2517 2501 2501 2501 2501 2517 2517 2177 2177 2501 2501 2177 2177 2176 2176 2176 2176 2177 2177 1819 1819 2176 2176 1819 1819 1820 1820 1817 1817 2177 2177 2178 2178 2178 2178 2177 2177 2517 2517 2178 2178 2517 2517 2518 2518 2518 2518 2517 2517 2516 2516 2518 2518 2516 2516 2519 2519 2519 2519 2516 2516 2515 2515 2519 2519 2515 2515 2520 2520 2520 2520 2515 2515 2514 2514 2520 2520 2514 2514 2521 2521 2521 2521 2514 2514 2513 2513 2521 2521 2513 2513 2522 2522 2522 2522 2513 2513 2512 2512 2522 2522 2512 2512 2523 2523 2523 2523 2512 2512 2511 2511 2523 2523 2511 2511 2524 2524 2524 2524 2511 2511 2510 2510 2524 2524 2510 2510 2525 2525 2525 2525 2510 2510 2244 2244 2525 2525 2244 2244 2526 2526 2526 2526 2244 2244 2242 2242 2526 2526 2242 2242 2527 2527 2527 2527 2242 2242 2338 2338 2527 2527 2338 2338 2343 2343 2343 2343 2338 2338 2352 2352 2343 2343 2352 2352 2341 2341 1955 1955 1954 1954 2129 2129 2129 2129 1954 1954 1998 1998 2129 2129 1998 1998 2528 2528 2528 2528 1998 1998 2125 2125 2528 2528 2125 2125 2529 2529 2529 2529 2125 2125 2126 2126 2530 2530 2531 2531 2532 2532 2531 2531 2345 2345 2533 2533 2533 2533 2345 2345 1961 1961 2533 2533 1961 1961 2534 2534 2534 2534 1961 1961 1960 1960 2534 2534 1960 1960 2391 2391 2391 2391 1960 1960 2535 2535 2391 2391 2535 2535 2392 2392 2531 2531 2530 2530 2345 2345 2345 2345 2530 2530 2536 2536 2345 2345 2536 2536 2342 2342 2342 2342 2536 2536 2537 2537 2342 2342 2537 2537 2343 2343 2343 2343 2537 2537 2538 2538 2343 2343 2538 2538 2527 2527 2527 2527 2538 2538 2539 2539 2527 2527 2539 2539 2526 2526 2526 2526 2539 2539 2540 2540 2526 2526 2540 2540 2525 2525 2525 2525 2540 2540 2541 2541 2525 2525 2541 2541 2524 2524 2524 2524 2541 2541 2542 2542 2524 2524 2542 2542 2523 2523 2523 2523 2542 2542 2543 2543 2523 2523 2543 2543 2522 2522 2522 2522 2543 2543 2544 2544 2522 2522 2544 2544 2521 2521 2521 2521 2544 2544 2545 2545 2521 2521 2545 2545 2520 2520 2520 2520 2545 2545 2546 2546 2520 2520 2546 2546 2519 2519 2519 2519 2546 2546 2547 2547 2519 2519 2547 2547 2518 2518 2518 2518 2547 2547 2179 2179 2518 2518 2179 2179 2178 2178 2178 2178 2179 2179 1812 1812 2178 2178 1812 1812 1816 1816 2530 2530 2548 2548 2536 2536 2536 2536 2548 2548 2549 2549 2536 2536 2549 2549 2537 2537 2537 2537 2549 2549 2550 2550 2537 2537 2550 2550 2538 2538 2538 2538 2550 2550 2551 2551 2538 2538 2551 2551 2539 2539 2539 2539 2551 2551 2552 2552 2539 2539 2552 2552 2540 2540 2540 2540 2552 2552 2553 2553 2540 2540 2553 2553 2541 2541 2541 2541 2553 2553 2554 2554 2541 2541 2554 2554 2542 2542 2542 2542 2554 2554 2555 2555 2542 2542 2555 2555 2543 2543 2543 2543 2555 2555 2556 2556 2543 2543 2556 2556 2544 2544 2544 2544 2556 2556 2557 2557 2544 2544 2557 2557 2545 2545 2545 2545 2557 2557 2558 2558 2545 2545 2558 2558 2546 2546 2546 2546 2558 2558 2559 2559 2546 2546 2559 2559 2547 2547 2547 2547 2559 2559 1989 1989 2547 2547 1989 1989 2179 2179 2179 2179 1989 1989 1809 1809 2179 2179 1809 1809 1810 1810 1805 1805 1989 1989 1806 1806 1806 1806 1989 1989 2559 2559 1806 1806 2559 2559 2180 2180 2180 2180 2559 2559 2558 2558 2180 2180 2558 2558 2560 2560 2560 2560 2558 2558 2557 2557 2560 2560 2557 2557 2561 2561 2561 2561 2557 2557 2556 2556 2561 2561 2556 2556 2562 2562 2562 2562 2556 2556 2555 2555 2562 2562 2555 2555 2563 2563 2563 2563 2555 2555 2554 2554 2563 2563 2554 2554 2564 2564 2564 2564 2554 2554 2553 2553 2564 2564 2553 2553 2565 2565 2565 2565 2553 2553 2552 2552 2565 2565 2552 2552 2566 2566 2566 2566 2552 2552 2551 2551 2566 2566 2551 2551 2567 2567 2567 2567 2551 2551 2550 2550 2567 2567 2550 2550 2568 2568 2568 2568 2550 2550 2549 2549 2568 2568 2549 2549 2569 2569 2569 2569 2549 2549 2548 2548 2569 2569 2548 2548 2570 2570 2570 2570 2548 2548 2530 2530 2570 2570 2530 2530 2571 2571 2571 2571 2530 2530 2532 2532 2571 2571 2532 2532 2572 2572 1946 1946 1945 1945 2123 2123 2123 2123 1945 1945 2121 2121 2123 2123 2121 2121 2573 2573 2573 2573 2121 2121 2118 2118 2573 2573 2118 2118 2574 2574 2574 2574 2118 2118 2116 2116 2574 2574 2116 2116 2575 2575 2575 2575 2116 2116 2109 2109 2575 2575 2109 2109 2576 2576 2576 2576 2109 2109 2107 2107 2577 2577 2578 2578 2579 2579 1950 1950 1949 1949 2126 2126 2126 2126 1949 1949 2124 2124 2126 2126 2124 2124 2529 2529 2529 2529 2124 2124 2123 2123 2529 2529 2123 2123 2580 2580 2580 2580 2123 2123 2573 2573 2580 2580 2573 2573 2581 2581 2581 2581 2573 2573 2574 2574 2581 2581 2574 2574 2582 2582 2582 2582 2574 2574 2575 2575 2582 2582 2575 2575 2583 2583 2583 2583 2575 2575 2576 2576 2583 2583 2576 2576 2584 2584 2584 2584 2576 2576 2107 2107 2584 2584 2107 2107 2585 2585 2585 2585 2107 2107 2103 2103 2585 2585 2103 2103 2100 2100 2100 2100 2103 2103 2105 2105 2100 2100 2105 2105 2099 2099 1908 1908 1907 1907 1983 1983 1983 1983 1907 1907 2193 2193 1983 1983 2193 2193 2006 2006 2578 2578 2577 2577 2586 2586 2586 2586 2577 2577 2587 2587 2586 2586 2587 2587 2588 2588 2588 2588 2587 2587 2589 2589 2588 2588 2589 2589 2590 2590 2590 2590 2589 2589 2591 2591 2590 2590 2591 2591 2592 2592 2592 2592 2591 2591 2593 2593 2592 2592 2593 2593 2594 2594 2594 2594 2593 2593 2595 2595 2594 2594 2595 2595 2596 2596 2596 2596 2595 2595 2597 2597 2596 2596 2597 2597 2598 2598 2598 2598 2597 2597 2599 2599 2598 2598 2599 2599 2600 2600 2600 2600 2599 2599 2601 2601 2600 2600 2601 2601 2602 2602 2602 2602 2601 2601 2603 2603 2602 2602 2603 2603 2604 2604 2604 2604 2603 2603 2605 2605 2604 2604 2605 2605 2606 2606 2606 2606 2605 2605 2181 2181 2606 2606 2181 2181 2607 2607 2607 2607 2181 2181 1987 1987 2607 2607 1987 1987 1988 1988 1988 1988 1987 1987 1827 1827 1988 1988 1827 1827 1826 1826 2036 2036 2037 2037 2035 2035 2035 2035 2037 2037 2039 2039 2035 2035 2039 2039 2608 2608 2608 2608 2039 2039 2609 2609 2608 2608 2609 2609 2610 2610 2610 2610 2609 2609 2611 2611 2610 2610 2611 2611 2612 2612 2612 2612 2611 2611 2613 2613 2612 2612 2613 2613 2614 2614 2614 2614 2613 2613 2615 2615 2614 2614 2615 2615 2616 2616 2616 2616 2615 2615 2617 2617 2616 2616 2617 2617 2618 2618 2618 2618 2617 2617 2619 2619 2618 2618 2619 2619 2620 2620 2620 2620 2619 2619 2621 2621 2620 2620 2621 2621 2622 2622 2622 2622 2621 2621 2623 2623 2622 2622 2623 2623 2624 2624 2624 2624 2623 2623 2625 2625 2624 2624 2625 2625 2626 2626 2626 2626 2625 2625 2182 2182 2626 2626 2182 2182 2627 2627 2627 2627 2182 2182 1837 1837 2627 2627 1837 1837 1986 1986 1986 1986 1837 1837 1815 1815 1986 1986 1815 1815 1831 1831 1830 1830 2181 2181 1986 1986 1986 1986 2181 2181 2605 2605 1986 1986 2605 2605 2627 2627 2627 2627 2605 2605 2603 2603 2627 2627 2603 2603 2626 2626 2626 2626 2603 2603 2601 2601 2626 2626 2601 2601 2624 2624 2624 2624 2601 2601 2599 2599 2624 2624 2599 2599 2622 2622 2622 2622 2599 2599 2597 2597 2622 2622 2597 2597 2620 2620 2620 2620 2597 2597 2595 2595 2620 2620 2595 2595 2618 2618 2618 2618 2595 2595 2593 2593 2618 2618 2593 2593 2616 2616 2616 2616 2593 2593 2591 2591 2616 2616 2591 2591 2614 2614 2614 2614 2591 2591 2589 2589 2614 2614 2589 2589 2612 2612 2612 2612 2589 2589 2587 2587 2612 2612 2587 2587 2610 2610 2610 2610 2587 2587 2577 2577 2610 2610 2577 2577 2608 2608 2608 2608 2577 2577 2579 2579 2608 2608 2579 2579 2035 2035 2017 2017 2019 2019 2015 2015 2015 2015 2019 2019 2628 2628 2015 2015 2628 2628 2629 2629 2629 2629 2628 2628 2630 2630 2629 2629 2630 2630 2631 2631 2631 2631 2630 2630 2632 2632 2631 2631 2632 2632 2633 2633 2633 2633 2632 2632 2634 2634 2633 2633 2634 2634 2635 2635 2635 2635 2634 2634 2636 2636 2635 2635 2636 2636 2637 2637 2637 2637 2636 2636 2638 2638 2637 2637 2638 2638 2639 2639 2639 2639 2638 2638 2186 2186 2639 2639 2186 2186 2640 2640 2640 2640 2186 2186 2185 2185 2640 2640 2185 2185 2641 2641 2641 2641 2185 2185 1985 1985 2641 2641 1985 1985 2183 2183 2183 2183 1985 1985 1877 1877 2183 2183 1877 1877 1876 1876 2006 2006 2193 2193 2001 2001 2001 2001 2193 2193 2192 2192 2001 2001 2192 2192 2642 2642 2642 2642 2192 2192 2191 2191 2642 2642 2191 2191 2643 2643 2643 2643 2191 2191 1984 1984 2643 2643 1984 1984 2644 2644 2644 2644 1984 1984 1916 1916 2644 2644 1916 1916 2189 2189 2189 2189 1916 1916 1917 1917 2189 2189 1917 1917 1918 1918 1885 1885 2186 2186 2188 2188 2188 2188 2186 2186 2638 2638 2188 2188 2638 2638 2187 2187 2187 2187 2638 2638 2636 2636 2187 2187 2636 2636 2190 2190 2190 2190 2636 2636 2634 2634 2190 2190 2634 2634 2189 2189 2189 2189 2634 2634 2632 2632 2189 2189 2632 2632 2644 2644 2644 2644 2632 2632 2630 2630 2644 2644 2630 2630 2643 2643 2643 2643 2630 2630 2628 2628 2643 2643 2628 2628 2642 2642 2642 2642 2628 2628 2019 2019 2642 2642 2019 2019 2001 2001 2001 2001 2019 2019 2022 2022 2001 2001 2022 2022 1999 1999 1874 1874 2182 2182 2184 2184 2184 2184 2182 2182 2625 2625 2184 2184 2625 2625 2183 2183 2183 2183 2625 2625 2623 2623 2183 2183 2623 2623 2641 2641 2641 2641 2623 2623 2621 2621 2641 2641 2621 2621 2640 2640 2640 2640 2621 2621 2619 2619 2640 2640 2619 2619 2639 2639 2639 2639 2619 2619 2617 2617 2639 2639 2617 2617 2637 2637 2637 2637 2617 2617 2615 2615 2637 2637 2615 2615 2635 2635 2635 2635 2615 2615 2613 2613 2635 2635 2613 2613 2633 2633 2633 2633 2613 2613 2611 2611 2633 2633 2611 2611 2631 2631 2631 2631 2611 2611 2609 2609 2631 2631 2609 2609 2629 2629 2629 2629 2609 2609 2039 2039 2629 2629 2039 2039 2015 2015 2015 2015 2039 2039 2040 2040 2015 2015 2040 2040 2013 2013 1825 1825 2180 2180 1988 1988 1988 1988 2180 2180 2560 2560 1988 1988 2560 2560 2607 2607 2607 2607 2560 2560 2561 2561 2607 2607 2561 2561 2606 2606 2606 2606 2561 2561 2562 2562 2606 2606 2562 2562 2604 2604 2604 2604 2562 2562 2563 2563 2604 2604 2563 2563 2602 2602 2602 2602 2563 2563 2564 2564 2602 2602 2564 2564 2600 2600 2600 2600 2564 2564 2565 2565 2600 2600 2565 2565 2598 2598 2598 2598 2565 2565 2566 2566 2598 2598 2566 2566 2596 2596 2596 2596 2566 2566 2567 2567 2596 2596 2567 2567 2594 2594 2594 2594 2567 2567 2568 2568 2594 2594 2568 2568 2592 2592 2592 2592 2568 2568 2569 2569 2592 2592 2569 2569 2590 2590 2590 2590 2569 2569 2570 2570 2590 2590 2570 2570 2588 2588 2588 2588 2570 2570 2571 2571 2588 2588 2571 2571 2586 2586 2586 2586 2571 2571 2572 2572 2586 2586 2572 2572 2578 2578 2145 2145 2142 2142 2146 2146 2146 2146 2142 2142 2139 2139 2146 2146 2139 2139 2645 2645 2645 2645 2139 2139 2140 2140 2645 2645 2140 2140 2646 2646 2646 2646 2140 2140 2141 2141 2646 2646 2141 2141 2647 2647 1896 1896 1895 1895 1996 1996 1996 1996 1895 1895 1894 1894 1996 1996 1894 1894 2648 2648 2648 2648 1894 1894 2155 2155 2648 2648 2155 2155 2649 2649 2649 2649 2155 2155 2650 2650 2649 2649 2650 2650 2651 2651 1923 1923 1897 1897 1995 1995 1995 1995 1897 1897 1996 1996 1995 1995 1996 1996 2652 2652 2652 2652 1996 1996 2648 2648 2652 2652 2648 2648 2653 2653 2653 2653 2648 2648 2649 2649 2653 2653 2649 2649 2654 2654 2654 2654 2649 2649 2651 2651 2654 2654 2651 2651 2655 2655 1925 1925 1924 1924 2076 2076 2076 2076 1924 1924 1995 1995 2076 2076 1995 1995 2080 2080 2080 2080 1995 1995 2652 2652 2080 2080 2652 2652 2091 2091 2091 2091 2652 2652 2653 2653 2091 2091 2653 2653 2054 2054 2054 2054 2653 2653 2654 2654 2054 2054 2654 2654 2052 2052 2052 2052 2654 2654 2655 2655 2052 2052 2655 2655 2656 2656 1926 1926 1928 1928 2141 2141 2141 2141 1928 1928 2133 2133 2141 2141 2133 2133 2647 2647 2647 2647 2133 2133 2132 2132 2647 2647 2132 2132 2657 2657 2528 2528 2658 2658 2129 2129 2129 2129 2658 2658 2659 2659 2129 2129 2659 2659 2128 2128 2128 2128 2659 2659 2660 2660 2128 2128 2660 2660 2127 2127 2127 2127 2660 2660 2661 2661 2127 2127 2661 2661 2130 2130 2130 2130 2661 2661 2657 2657 2130 2130 2657 2657 2131 2131 2131 2131 2657 2657 2132 2132 2131 2131 2132 2132 1933 1933 1933 1933 2132 2132 1932 1932 1905 1905 2662 2662 1904 1904 1904 1904 2662 2662 2663 2663 1904 1904 2663 2663 2194 2194 2194 2194 2663 2663 2664 2664 2194 2194 2664 2664 2665 2665 2665 2665 2664 2664 2666 2666 2665 2665 2666 2666 2667 2667 2667 2667 2666 2666 2668 2668 2667 2667 2668 2668 2669 2669 2669 2669 2668 2668 2670 2670 2669 2669 2670 2670 2671 2671 2671 2671 2670 2670 2672 2672 2671 2671 2672 2672 2673 2673 2673 2673 2672 2672 2674 2674 2673 2673 2674 2674 2675 2675 2675 2675 2674 2674 2676 2676 2675 2675 2676 2676 2677 2677 2677 2677 2676 2676 2678 2678 2677 2677 2678 2678 2679 2679 2679 2679 2678 2678 2680 2680 2679 2679 2680 2680 2681 2681 2681 2681 2680 2680 2682 2682 2681 2681 2682 2682 2683 2683 2683 2683 2682 2682 2684 2684 2683 2683 2684 2684 2685 2685 2685 2685 2684 2684 2686 2686 2685 2685 2686 2686 2687 2687 2687 2687 2686 2686 2688 2688 2687 2687 2688 2688 2689 2689 2689 2689 2688 2688 2690 2690 2689 2689 2690 2690 2691 2691 2691 2691 2690 2690 2692 2692 2691 2691 2692 2692 2693 2693 2693 2693 2692 2692 2694 2694 2693 2693 2694 2694 2695 2695 2695 2695 2694 2694 2696 2696 2695 2695 2696 2696 2697 2697 2697 2697 2696 2696 2698 2698 2697 2697 2698 2698 2699 2699 2699 2699 2698 2698 2149 2149 2699 2699 2149 2149 2148 2148 2148 2148 2149 2149 2154 2154 2700 2700 2701 2701 2393 2393 2393 2393 2701 2701 2702 2702 2393 2393 2702 2702 2391 2391 2391 2391 2702 2702 2703 2703 2391 2391 2703 2703 2534 2534 2534 2534 2703 2703 2704 2704 2534 2534 2704 2704 2533 2533 2533 2533 2704 2704 2705 2705 2533 2533 2705 2705 2531 2531 2531 2531 2705 2705 2706 2706 2531 2531 2706 2706 2532 2532 2532 2532 2706 2706 2707 2707 2532 2532 2707 2707 2572 2572 2572 2572 2707 2707 2708 2708 2572 2572 2708 2708 2578 2578 2578 2578 2708 2708 2709 2709 2578 2578 2709 2709 2579 2579 2579 2579 2709 2709 2026 2026 2579 2579 2026 2026 2035 2035 2035 2035 2026 2026 2032 2032 2035 2035 2032 2032 2033 2033 2158 2158 2150 2150 2155 2155 2155 2155 2150 2150 2149 2149 2155 2155 2149 2149 2650 2650 2650 2650 2149 2149 2698 2698 2650 2650 2698 2698 2651 2651 2651 2651 2698 2698 2696 2696 2651 2651 2696 2696 2655 2655 2655 2655 2696 2696 2694 2694 2655 2655 2694 2694 2656 2656 2656 2656 2694 2694 2692 2692 2656 2656 2692 2692 2710 2710 2710 2710 2692 2692 2690 2690 2710 2710 2690 2690 2711 2711 2711 2711 2690 2690 2688 2688 2711 2711 2688 2688 2700 2700 2700 2700 2688 2688 2686 2686 2700 2700 2686 2686 2701 2701 2701 2701 2686 2686 2684 2684 2701 2701 2684 2684 2702 2702 2702 2702 2684 2684 2682 2682 2702 2702 2682 2682 2703 2703 2703 2703 2682 2682 2680 2680 2703 2703 2680 2680 2704 2704 2704 2704 2680 2680 2678 2678 2704 2704 2678 2678 2705 2705 2705 2705 2678 2678 2676 2676 2705 2705 2676 2676 2706 2706 2706 2706 2676 2676 2674 2674 2706 2706 2674 2674 2707 2707 2707 2707 2674 2674 2672 2672 2707 2707 2672 2672 2708 2708 2708 2708 2672 2672 2670 2670 2708 2708 2670 2670 2709 2709 2709 2709 2670 2670 2668 2668 2709 2709 2668 2668 2026 2026 2026 2026 2668 2668 2666 2666 2026 2026 2666 2666 2023 2023 2023 2023 2666 2666 2664 2664 2023 2023 2664 2664 2012 2012 2012 2012 2664 2664 2663 2663 2012 2012 2663 2663 2006 2006 2006 2006 2663 2663 2662 2662 2006 2006 2662 2662 1983 1983 1983 1983 2662 2662 1905 1905 1983 1983 1905 1905 1909 1909 2148 2148 2146 2146 2699 2699 2699 2699 2146 2146 2645 2645 2699 2699 2645 2645 2697 2697 2697 2697 2645 2645 2646 2646 2697 2697 2646 2646 2695 2695 2695 2695 2646 2646 2647 2647 2695 2695 2647 2647 2693 2693 2693 2693 2647 2647 2657 2657 2693 2693 2657 2657 2691 2691 2691 2691 2657 2657 2661 2661 2691 2691 2661 2661 2689 2689 2689 2689 2661 2661 2660 2660 2689 2689 2660 2660 2687 2687 2687 2687 2660 2660 2659 2659 2687 2687 2659 2659 2685 2685 2685 2685 2659 2659 2658 2658 2685 2685 2658 2658 2683 2683 2683 2683 2658 2658 2528 2528 2683 2683 2528 2528 2681 2681 2681 2681 2528 2528 2529 2529 2681 2681 2529 2529 2679 2679 2679 2679 2529 2529 2580 2580 2679 2679 2580 2580 2677 2677 2677 2677 2580 2580 2581 2581 2677 2677 2581 2581 2675 2675 2675 2675 2581 2581 2582 2582 2675 2675 2582 2582 2673 2673 2673 2673 2582 2582 2583 2583 2673 2673 2583 2583 2671 2671 2671 2671 2583 2583 2584 2584 2671 2671 2584 2584 2669 2669 2669 2669 2584 2584 2585 2585 2669 2669 2585 2585 2667 2667 2667 2667 2585 2585 2100 2100 2667 2667 2100 2100 2665 2665 2665 2665 2100 2100 2098 2098 2665 2665 2098 2098 2194 2194 2194 2194 2098 2098 1902 1902 2194 2194 1902 1902 1903 1903 2394 2394 2712 2712 2393 2393 2393 2393 2712 2712 2365 2365 2393 2393 2365 2365 2700 2700 2700 2700 2365 2365 2367 2367 2700 2700 2367 2367 2711 2711 2711 2711 2367 2367 2713 2713 2711 2711 2713 2713 2710 2710 2710 2710 2713 2713 2714 2714 2710 2710 2714 2714 2656 2656 2656 2656 2714 2714 2715 2715 2656 2656 2715 2715 2052 2052 2052 2052 2715 2715 2047 2047 2052 2052 2047 2047 2050 2050 2050 2050 2047 2047 2049 2049 2377 2377 2369 2369 2376 2376 2376 2376 2369 2369 2371 2371 2376 2376 2371 2371 2378 2378 2378 2378 2371 2371 2373 2373 2378 2378 2373 2373 2716 2716 2716 2716 2373 2373 2717 2717 2716 2716 2717 2717 2390 2390 2390 2390 2717 2717 2326 2326 2390 2390 2326 2326 2367 2367 2367 2367 2326 2326 2328 2328 2367 2367 2328 2328 2713 2713 2713 2713 2328 2328 2718 2718 2713 2713 2718 2718 2714 2714 2714 2714 2718 2718 2719 2719 2714 2714 2719 2719 2715 2715 2715 2715 2719 2719 2720 2720 2715 2715 2720 2720 2047 2047 2047 2047 2720 2720 2721 2721 2047 2047 2721 2721 2048 2048 2048 2048 2721 2721 2722 2722 2048 2048 2722 2722 2061 2061 2061 2061 2722 2722 2723 2723 2061 2061 2723 2723 2066 2066 2066 2066 2723 2723 2724 2724 2066 2066 2724 2724 2078 2078 2078 2078 2724 2724 2725 2725 2078 2078 2725 2725 1914 1914 1914 1914 2725 2725 1915 1915 1910 1910 1915 1915 2434 2434 2434 2434 1915 1915 2725 2725 2434 2434 2725 2725 2435 2435 2435 2435 2725 2725 2724 2724 2435 2435 2724 2724 2436 2436 2436 2436 2724 2724 2723 2723 2436 2436 2723 2723 2437 2437 2437 2437 2723 2723 2722 2722 2437 2437 2722 2722 2438 2438 2438 2438 2722 2722 2721 2721 2438 2438 2721 2721 2439 2439 2439 2439 2721 2721 2720 2720 2439 2439 2720 2720 2440 2440 2440 2440 2720 2720 2719 2719 2440 2440 2719 2719 2441 2441 2441 2441 2719 2719 2718 2718 2441 2441 2718 2718 2305 2305 2305 2305 2718 2718 2328 2328 2305 2305 2328 2328 2303 2303 2303 2303 2328 2328 2356 2356 2303 2303 2356 2356 2726 2726 2726 2726 2356 2356 2727 2727 2726 2726 2727 2727 2728 2728 2728 2728 2727 2727 2729 2729 2728 2728 2729 2729 2730 2730 2730 2730 2729 2729 2731 2731 2730 2730 2731 2731 1972 1972 1972 1972 2731 2731 2732 2732 1972 1972 2732 2732 1973 1973 1973 1973 2732 2732 2733 2733 1973 1973 2733 2733 2355 2355 2734 2734 2400 2400 2735 2735 2735 2735 2400 2400 2399 2399 2400 2400 2734 2734 2401 2401 2401 2401 2734 2734 2736 2736 2394 2394 2392 2392 2737 2737 2737 2737 2392 2392 2738 2738 2394 2394 2737 2737 2712 2712 2712 2712 2737 2737 2739 2739 2712 2712 2739 2739 2365 2365 2392 2392 2535 2535 2738 2738 2738 2738 2535 2535 1960 1960 2738 2738 1960 1960 2736 2736 2736 2736 1960 1960 1959 1959 2736 2736 1959 1959 2401 2401 2740 2740 2368 2368 2366 2366 2740 2740 2366 2366 2741 2741 2741 2741 2366 2366 2365 2365 2741 2741 2365 2365 2739 2739 2742 2742 2743 2743 1963 1963 1963 1963 2743 2743 1964 1964 1963 1963 2386 2386 2742 2742 2742 2742 2386 2386 2387 2387 2742 2742 2387 2387 2744 2744 2744 2744 2387 2387 2388 2388 2744 2744 2388 2388 2740 2740 2740 2740 2388 2388 2368 2368 2745 2745 2746 2746 2384 2384 1964 1964 2743 2743 1962 1962 1962 1962 2743 2743 2745 2745 1962 1962 2745 2745 2383 2383 2383 2383 2745 2745 2384 2384 2747 2747 2385 2385 2746 2746 2746 2746 2385 2385 2384 2384 2748 2748 1965 1965 2747 2747 2747 2747 1965 1965 2385 2385 2749 2749 1966 1966 2750 2750 2750 2750 1966 1966 1965 1965 2750 2750 1965 1965 2748 2748 1966 1966 2749 2749 1967 1967 1967 1967 2749 2749 2751 2751 1967 1967 2751 2751 2389 2389 2752 2752 2390 2390 2751 2751 2751 2751 2390 2390 2389 2389 2735 2735 2399 2399 2398 2398 2735 2735 2398 2398 2753 2753 2398 2398 2382 2382 2753 2753 2753 2753 2382 2382 2380 2380 2753 2753 2380 2380 2754 2754 2390 2390 2752 2752 2716 2716 2716 2716 2752 2752 2755 2755 2716 2716 2755 2755 2378 2378 2378 2378 2755 2755 2754 2754 2378 2378 2754 2754 2379 2379 2379 2379 2754 2754 2380 2380 2374 2374 2395 2395 2756 2756 2344 2344 2757 2757 2397 2397 2397 2397 2757 2757 2758 2758 2756 2756 2395 2395 2758 2758 2758 2758 2395 2395 2396 2396 2758 2758 2396 2396 2397 2397 2374 2374 2756 2756 2375 2375 2375 2375 2756 2756 2759 2759 2375 2375 2759 2759 2377 2377 2369 2369 2377 2377 2759 2759 2759 2759 2760 2760 2369 2369 2369 2369 2760 2760 2761 2761 2369 2369 2761 2761 2370 2370 2372 2372 2370 2370 2373 2373 2373 2373 2370 2370 2761 2761 2373 2373 2761 2761 2717 2717 2717 2717 2761 2761 2762 2762 2717 2717 2762 2762 2326 2326 2326 2326 2762 2762 2327 2327 2327 2327 2762 2762 2763 2763 2327 2327 2763 2763 2329 2329 2764 2764 2765 2765 2363 2363 2363 2363 2765 2765 2364 2364 2329 2329 2763 2763 2359 2359 2359 2359 2763 2763 2764 2764 2359 2359 2764 2764 2361 2361 2361 2361 2764 2764 2363 2363 2364 2364 2765 2765 2362 2362 2362 2362 2765 2765 2766 2766 2362 2362 2766 2766 2360 2360 2360 2360 2766 2766 2358 2358 2358 2358 2766 2766 2767 2767 2358 2358 2767 2767 2357 2357 2768 2768 2356 2356 2767 2767 2767 2767 2356 2356 2357 2357 2354 2354 2355 2355 2769 2769 2731 2731 2770 2770 2771 2771 2356 2356 2768 2768 2727 2727 2727 2727 2768 2768 2770 2770 2727 2727 2770 2770 2729 2729 2729 2729 2770 2770 2731 2731 2769 2769 2355 2355 2772 2772 2772 2772 2355 2355 2733 2733 2772 2772 2733 2733 2771 2771 2771 2771 2733 2733 2732 2732 2771 2771 2732 2732 2731 2731 2354 2354 2769 2769 2353 2353 2353 2353 2769 2769 2773 2773 2353 2353 2773 2773 2352 2352 2774 2774 2341 2341 2773 2773 2773 2773 2341 2341 2352 2352 2341 2341 2774 2774 2349 2349 2349 2349 2774 2774 2775 2775 2349 2349 2775 2775 2351 2351 2351 2351 2775 2775 2776 2776 2351 2351 2776 2776 1968 1968 1968 1968 2776 2776 2777 2777 1968 1968 2777 2777 1969 1969 2778 2778 2350 2350 1970 1970 1969 1969 2777 2777 1970 1970 1970 1970 2777 2777 2779 2779 1970 1970 2779 2779 2778 2778 2350 2350 2778 2778 2348 2348 2348 2348 2778 2778 2780 2780 2348 2348 2780 2780 2347 2347 2347 2347 2780 2780 2346 2346 2346 2346 2780 2780 2757 2757 2346 2346 2757 2757 2344 2344 2781 2781 2339 2339 2782 2782 2782 2782 2339 2339 2337 2337 2783 2783 2331 2331 2784 2784 2784 2784 2331 2331 2340 2340 2784 2784 2340 2340 2781 2781 2781 2781 2340 2340 2339 2339 1972 1972 1971 1971 2785 2785 2785 2785 1971 1971 2334 2334 2785 2785 2334 2334 2783 2783 2783 2783 2334 2334 2333 2333 2783 2783 2333 2333 2331 2331 1972 1972 2785 2785 2730 2730 2730 2730 2785 2785 2786 2786 2730 2730 2786 2786 2728 2728 2728 2728 2786 2786 2787 2787 2728 2728 2787 2787 2726 2726 2726 2726 2787 2787 2788 2788 2726 2726 2788 2788 2303 2303 2303 2303 2788 2788 2304 2304 2304 2304 2788 2788 2789 2789 2304 2304 2789 2789 2306 2306 2306 2306 2789 2789 2442 2442 2442 2442 2789 2789 2790 2790 2442 2442 2790 2790 2317 2317 2791 2791 2315 2315 2792 2792 2792 2792 2315 2315 2317 2317 2792 2792 2317 2317 2790 2790 2315 2315 2791 2791 2793 2793 2315 2315 2793 2793 2313 2313 2313 2313 2793 2793 2794 2794 2313 2313 2794 2794 2318 2318 2795 2795 2325 2325 2794 2794 2794 2794 2325 2325 2318 2318 2325 2325 2795 2795 2324 2324 2324 2324 2795 2795 2796 2796 2324 2324 2796 2796 2323 2323 2323 2323 2796 2796 2797 2797 2323 2323 2797 2797 2321 2321 2321 2321 2797 2797 2322 2322 2322 2322 2797 2797 2798 2798 2322 2322 2798 2798 2319 2319 2319 2319 2798 2798 2320 2320 2320 2320 2798 2798 2799 2799 2320 2320 2799 2799 2314 2314 2314 2314 2799 2799 2800 2800 2314 2314 2800 2800 2316 2316 2316 2316 2800 2800 2801 2801 2316 2316 2801 2801 2312 2312 2802 2802 2311 2311 2803 2803 2803 2803 2311 2311 2312 2312 2803 2803 2312 2312 2801 2801 2335 2335 2301 2301 2804 2804 2804 2804 2301 2301 2805 2805 2805 2805 2301 2301 2299 2299 2805 2805 2299 2299 2806 2806 2335 2335 2804 2804 2336 2336 2336 2336 2804 2804 2782 2782 2336 2336 2782 2782 2337 2337 2311 2311 2802 2802 2310 2310 2310 2310 2802 2802 2807 2807 2310 2310 2807 2807 2309 2309 2309 2309 2807 2807 2808 2808 2309 2309 2808 2808 2294 2294 2294 2294 2808 2808 2806 2806 2294 2294 2806 2806 2296 2296 2296 2296 2806 2806 2299 2299 2809 2809 2810 2810 2295 2295 2811 2811 2302 2302 2812 2812 2812 2812 2302 2302 1974 1974 2812 2812 1974 1974 2813 2813 2813 2813 1974 1974 1976 1976 2813 2813 1976 1976 2241 2241 2295 2295 2297 2297 2809 2809 2809 2809 2297 2297 2298 2298 2809 2809 2298 2298 2811 2811 2811 2811 2298 2298 2300 2300 2811 2811 2300 2300 2302 2302 2814 2814 2815 2815 2307 2307 2292 2292 2295 2295 2810 2810 2307 2307 2293 2293 2814 2814 2814 2814 2293 2293 2292 2292 2814 2814 2292 2292 2816 2816 2816 2816 2292 2292 2810 2810 2817 2817 2283 2283 2818 2818 2818 2818 2283 2283 2282 2282 2818 2818 2282 2282 2819 2819 2819 2819 2282 2282 2280 2280 2819 2819 2280 2280 2820 2820 2820 2820 2280 2280 2279 2279 2820 2820 2279 2279 2821 2821 2279 2279 2291 2291 2821 2821 2821 2821 2291 2291 2290 2290 2821 2821 2290 2290 2822 2822 2822 2822 2290 2290 2289 2289 2822 2822 2289 2289 2823 2823 2823 2823 2289 2289 2288 2288 2823 2823 2288 2288 2824 2824 2824 2824 2288 2288 2287 2287 2824 2824 2287 2287 2815 2815 2815 2815 2287 2287 2308 2308 2815 2815 2308 2308 2307 2307 2266 2266 2265 2265 2825 2825 2825 2825 2265 2265 2264 2264 2825 2825 2264 2264 2826 2826 2826 2826 2264 2264 2271 2271 2826 2826 2271 2271 2827 2827 2827 2827 2271 2271 2828 2828 2271 2271 2273 2273 2828 2828 2828 2828 2273 2273 2278 2278 2828 2828 2278 2278 2829 2829 2829 2829 2278 2278 2277 2277 2829 2829 2277 2277 2830 2830 2830 2830 2277 2277 2275 2275 2830 2830 2275 2275 2831 2831 2831 2831 2275 2275 2274 2274 2831 2831 2274 2274 2832 2832 2832 2832 2274 2274 2285 2285 2832 2832 2285 2285 2833 2833 2833 2833 2285 2285 2283 2283 2833 2833 2283 2283 2817 2817 2825 2825 2834 2834 2266 2266 2266 2266 2834 2834 2267 2267 2834 2834 2835 2835 2267 2267 2267 2267 2835 2835 2836 2836 2267 2267 2836 2836 2269 2269 2837 2837 2838 2838 2250 2250 2250 2250 2249 2249 2837 2837 2837 2837 2249 2249 2270 2270 2837 2837 2270 2270 2839 2839 2839 2839 2270 2270 2269 2269 2839 2839 2269 2269 2836 2836 2840 2840 2258 2258 2257 2257 2840 2840 2257 2257 2841 2841 2841 2841 2257 2257 2253 2253 2841 2841 2253 2253 2842 2842 2842 2842 2253 2253 2250 2250 2842 2842 2250 2250 2838 2838 2261 2261 2260 2260 2843 2843 2843 2843 2260 2260 2844 2844 2844 2844 2260 2260 2845 2845 2845 2845 2260 2260 2259 2259 2845 2845 2259 2259 2846 2846 2846 2846 2259 2259 2258 2258 2846 2846 2258 2258 2840 2840 1978 1978 1977 1977 2847 2847 2847 2847 1977 1977 2848 2848 2848 2848 1977 1977 2849 2849 2849 2849 1977 1977 2256 2256 2849 2849 2256 2256 2850 2850 2850 2850 2256 2256 2255 2255 2850 2850 2255 2255 2851 2851 2851 2851 2255 2255 2852 2852 2852 2852 2255 2255 2261 2261 2852 2852 2261 2261 2843 2843 1978 1978 2847 2847 1979 1979 1979 1979 2847 2847 2853 2853 1979 1979 2853 2853 2262 2262 2262 2262 2853 2853 2854 2854 2262 2262 2854 2854 2254 2254 2254 2254 2854 2854 2855 2855 2254 2254 2855 2855 2252 2252 2252 2252 2855 2855 2251 2251 2251 2251 2855 2855 2856 2856 2251 2251 2856 2856 2247 2247 2247 2247 2856 2856 2857 2857 2247 2247 2857 2857 2248 2248 2248 2248 2857 2857 2858 2858 2248 2248 2858 2858 2489 2489 2489 2489 2858 2858 2245 2245 2245 2245 2858 2858 2859 2859 2245 2245 2859 2859 2243 2243 2813 2813 2241 2241 2860 2860 2860 2860 2241 2241 2243 2243 2860 2860 2243 2243 2859 2859 2207 2207 2228 2228 2861 2861 2225 2225 2224 2224 2862 2862 2237 2237 2236 2236 2863 2863 2231 2231 2233 2233 2864 2864 2200 2200 2865 2865 2201 2201 2201 2201 2865 2865 2866 2866 2201 2201 2866 2866 2202 2202 2229 2229 1981 1981 2867 2867 1981 1981 1980 1980 2867 2867 2867 2867 1980 1980 2239 2239 2867 2867 2239 2239 2866 2866 2866 2866 2239 2239 2238 2238 2866 2866 2238 2238 2202 2202 2233 2233 2234 2234 2864 2864 2864 2864 2234 2234 2230 2230 2864 2864 2230 2230 2867 2867 2867 2867 2230 2230 2229 2229 2863 2863 2236 2236 2864 2864 2864 2864 2236 2236 2235 2235 2864 2864 2235 2235 2231 2231 2862 2862 2224 2224 2868 2868 2224 2224 2220 2220 2868 2868 2868 2868 2220 2220 2222 2222 2868 2868 2222 2222 2863 2863 2863 2863 2222 2222 2223 2223 2863 2863 2223 2223 2237 2237 2861 2861 2228 2228 2862 2862 2862 2862 2228 2228 2227 2227 2862 2862 2227 2227 2225 2225 2212 2212 2211 2211 2869 2869 2869 2869 2211 2211 2210 2210 2869 2869 2210 2210 2861 2861 2861 2861 2210 2210 2208 2208 2861 2861 2208 2208 2207 2207 2218 2218 2217 2217 2870 2870 2870 2870 2217 2217 2216 2216 2870 2870 2216 2216 2871 2871 2871 2871 2216 2216 2215 2215 2871 2871 2215 2215 2869 2869 2869 2869 2215 2215 2213 2213 2869 2869 2213 2213 2212 2212 2206 2206 2204 2204 2872 2872 2872 2872 2204 2204 2203 2203 2872 2872 2203 2203 2870 2870 2870 2870 2203 2203 2219 2219 2870 2870 2219 2219 2218 2218 2200 2200 2198 2198 2865 2865 2865 2865 2198 2198 2196 2196 2865 2865 2196 2196 2872 2872 2872 2872 2196 2196 2195 2195 2872 2872 2195 2195 2206 2206 2873 2873 2874 2874 2099 2099 2099 2099 2874 2874 2097 2097 2097 2097 2874 2874 1483 1483 2097 2097 1483 1483 1836 1836 2875 2875 2876 2876 2108 2108 2099 2099 2105 2105 2873 2873 2873 2873 2105 2105 2104 2104 2873 2873 2104 2104 2877 2877 2877 2877 2104 2104 2102 2102 2877 2877 2102 2102 2878 2878 2878 2878 2102 2102 2101 2101 2878 2878 2101 2101 2876 2876 2876 2876 2101 2101 2106 2106 2876 2876 2106 2106 2108 2108 2117 2117 2120 2120 2879 2879 2108 2108 2114 2114 2875 2875 2875 2875 2114 2114 2113 2113 2875 2875 2113 2113 2880 2880 2880 2880 2113 2113 2112 2112 2880 2880 2112 2112 2881 2881 2881 2881 2112 2112 2111 2111 2881 2881 2111 2111 2882 2882 2882 2882 2111 2111 2883 2883 2879 2879 2884 2884 2117 2117 2117 2117 2884 2884 2885 2885 2117 2117 2885 2885 2115 2115 2115 2115 2885 2885 2883 2883 2115 2115 2883 2883 2110 2110 2110 2110 2883 2883 2111 2111 2886 2886 2887 2887 2120 2120 2120 2120 2887 2887 2888 2888 2120 2120 2888 2888 2879 2879 2120 2120 2119 2119 2886 2886 2886 2886 2119 2119 2122 2122 2886 2886 2122 2122 2889 2889 2889 2889 2122 2122 1929 1929 2889 2889 1929 1929 1752 1752 2890 2890 2053 2053 2055 2055 2891 2891 2892 2892 2089 2089 2089 2089 2088 2088 2891 2891 2891 2891 2088 2088 2087 2087 2891 2891 2087 2087 2890 2890 2890 2890 2087 2087 2086 2086 2890 2890 2086 2086 2053 2053 2094 2094 2093 2093 2893 2893 2893 2893 2093 2093 2092 2092 2893 2893 2092 2092 2892 2892 2892 2892 2092 2092 2090 2090 2892 2892 2090 2090 2089 2089 2081 2081 2082 2082 2894 2894 2894 2894 2082 2082 2096 2096 2894 2894 2096 2096 2893 2893 2893 2893 2096 2096 2095 2095 2893 2893 2095 2095 2094 2094 2085 2085 2084 2084 2895 2895 2895 2895 2084 2084 2083 2083 2895 2895 2083 2083 2894 2894 2894 2894 2083 2083 2079 2079 2894 2894 2079 2079 2081 2081 2071 2071 2068 2068 2896 2896 2068 2068 2067 2067 2896 2896 2896 2896 2067 2067 2077 2077 2896 2896 2077 2077 2897 2897 2897 2897 2077 2077 2075 2075 2897 2897 2075 2075 2895 2895 2895 2895 2075 2075 2074 2074 2895 2895 2074 2074 2085 2085 2898 2898 2070 2070 2896 2896 2896 2896 2070 2070 2069 2069 2896 2896 2069 2069 2071 2071 2060 2060 2059 2059 2899 2899 2899 2899 2059 2059 2073 2073 2899 2899 2073 2073 2898 2898 2898 2898 2073 2073 2072 2072 2898 2898 2072 2072 2070 2070 2060 2060 2899 2899 2062 2062 2062 2062 2899 2899 2900 2900 2062 2062 2900 2900 2063 2063 2901 2901 2058 2058 2900 2900 2900 2900 2058 2058 2057 2057 2900 2900 2057 2057 2063 2063 2055 2055 2056 2056 2890 2890 2890 2890 2056 2056 2051 2051 2890 2890 2051 2051 2050 2050 2050 2050 2049 2049 2890 2890 2890 2890 2049 2049 2065 2065 2890 2890 2065 2065 2901 2901 2901 2901 2065 2065 2064 2064 2901 2901 2064 2064 2058 2058 2902 2902 2011 2011 2010 2010 2011 2011 2902 2902 2041 2041 2041 2041 2902 2902 2903 2903 2041 2041 2903 2903 2042 2042 2046 2046 2045 2045 2904 2904 2904 2904 2045 2045 2044 2044 2904 2904 2044 2044 2903 2903 2903 2903 2044 2044 2043 2043 2903 2903 2043 2043 2042 2042 2046 2046 2904 2904 2024 2024 2024 2024 2904 2904 2905 2905 2024 2024 2905 2905 2025 2025 2906 2906 2028 2028 2905 2905 2905 2905 2028 2028 2027 2027 2905 2905 2027 2027 2025 2025 2032 2032 2031 2031 2907 2907 2907 2907 2031 2031 2030 2030 2907 2907 2030 2030 2906 2906 2906 2906 2030 2030 2029 2029 2906 2906 2029 2029 2028 2028 2908 2908 2037 2037 2907 2907 2907 2907 2037 2037 2036 2036 2036 2036 2034 2034 2907 2907 2907 2907 2034 2034 2033 2033 2907 2907 2033 2033 2032 2032 2014 2014 2909 2909 2016 2016 2016 2016 2909 2909 2910 2910 2016 2016 2910 2910 2017 2017 2014 2014 2013 2013 2909 2909 2909 2909 2013 2013 2040 2040 2909 2909 2040 2040 2908 2908 2908 2908 2040 2040 2038 2038 2908 2908 2038 2038 2037 2037 2911 2911 2020 2020 2910 2910 2910 2910 2020 2020 2018 2018 2910 2910 2018 2018 2017 2017 1999 1999 2022 2022 2911 2911 2911 2911 2022 2022 2021 2021 2911 2911 2021 2021 2020 2020 2010 2010 2009 2009 2902 2902 2902 2902 2009 2009 2008 2008 2902 2902 2008 2008 2912 2912 2912 2912 2008 2008 2007 2007 2912 2912 2007 2007 2913 2913 2913 2913 2007 2007 2005 2005 2913 2913 2005 2005 2004 2004 2004 2004 2003 2003 2913 2913 2913 2913 2003 2003 2002 2002 2913 2913 2002 2002 2911 2911 2911 2911 2002 2002 2000 2000 2911 2911 2000 2000 1999 1999 2914 2914 2915 2915 2916 2916 336 336 2917 2917 1698 1698 336 336 144 144 2917 2917 2917 2917 144 144 143 143 2917 2917 143 143 338 338 2918 2918 1699 1699 1698 1698 1699 1699 2918 2918 1754 1754 1754 1754 2918 2918 2919 2919 1754 1754 2919 2919 1755 1755 1755 1755 2919 2919 2920 2920 1755 1755 2920 2920 1701 1701 1745 1745 1702 1702 2921 2921 1749 1749 1748 1748 2922 2922 2922 2922 1748 1748 1746 1746 1752 1752 1749 1749 2889 2889 2889 2889 1749 1749 2922 2922 2889 2889 2922 2922 2886 2886 2886 2886 2922 2922 2923 2923 2886 2886 2923 2923 2887 2887 2924 2924 2925 2925 2885 2885 2885 2885 2925 2925 2883 2883 2885 2885 2884 2884 2926 2926 2926 2926 2884 2884 2879 2879 2926 2926 2879 2879 2923 2923 2923 2923 2879 2879 2888 2888 2923 2923 2888 2888 2887 2887 2875 2875 2880 2880 2927 2927 2927 2927 2880 2880 2881 2881 2927 2927 2881 2881 2925 2925 2925 2925 2881 2881 2882 2882 2925 2925 2882 2882 2883 2883 2878 2878 2928 2928 2877 2877 2877 2877 2928 2928 2873 2873 1481 1481 1483 1483 2874 2874 2929 2929 2930 2930 1472 1472 2930 2930 356 356 358 358 1472 1472 2930 2930 1473 1473 1473 1473 2930 2930 358 358 1473 1473 358 358 360 360 2931 2931 2932 2932 2933 2933 2933 2933 2932 2932 2934 2934 2933 2933 2934 2934 2935 2935 353 353 1226 1226 2930 2930 2930 2930 1226 1226 357 357 2930 2930 357 357 356 356 347 347 354 354 2935 2935 2935 2935 354 354 353 353 338 338 340 340 2917 2917 2917 2917 340 340 346 346 2917 2917 346 346 2914 2914 2914 2914 346 346 345 345 2914 2914 345 345 2915 2915 2915 2915 345 345 344 344 2915 2915 344 344 343 343 2936 2936 2937 2937 2916 2916 2916 2916 2937 2937 2938 2938 2916 2916 2938 2938 2914 2914 2885 2885 2926 2926 2924 2924 2924 2924 2926 2926 2923 2923 2924 2924 2923 2923 2939 2939 2939 2939 2923 2923 2922 2922 2939 2939 2922 2922 2921 2921 2921 2921 2922 2922 1746 1746 2921 2921 1746 1746 1745 1745 2937 2937 2920 2920 2938 2938 2938 2938 2920 2920 2919 2919 2938 2938 2919 2919 2914 2914 2914 2914 2919 2919 2918 2918 2914 2914 2918 2918 2917 2917 2917 2917 2918 2918 1698 1698 1472 1472 1648 1648 2929 2929 2929 2929 1648 1648 1481 1481 2929 2929 1481 1481 2928 2928 2928 2928 1481 1481 2874 2874 2928 2928 2874 2874 2873 2873 353 353 2930 2930 2935 2935 2935 2935 2930 2930 2929 2929 2935 2935 2929 2929 2933 2933 2933 2933 2929 2929 2928 2928 2933 2933 2928 2928 2931 2931 2931 2931 2928 2928 2878 2878 2931 2931 2878 2878 2876 2876 342 342 351 351 2934 2934 2934 2934 351 351 350 350 2934 2934 350 350 2935 2935 2935 2935 350 350 348 348 2935 2935 348 348 347 347 2936 2936 2916 2916 2932 2932 2932 2932 2916 2916 2915 2915 2932 2932 2915 2915 2934 2934 2934 2934 2915 2915 343 343 2934 2934 343 343 342 342 1702 1702 1701 1701 2921 2921 2921 2921 1701 1701 2920 2920 2921 2921 2920 2920 2939 2939 2939 2939 2920 2920 2937 2937 2939 2939 2937 2937 2924 2924 2924 2924 2937 2937 2936 2936 2924 2924 2936 2936 2925 2925 2925 2925 2936 2936 2932 2932 2925 2925 2932 2932 2927 2927 2927 2927 2932 2932 2931 2931 2927 2927 2931 2931 2875 2875 2875 2875 2931 2931 2876 2876 616 616 614 614 2940 2940 631 631 630 630 2941 2941 724 724 723 723 2942 2942 627 627 2943 2943 628 628 628 628 2943 2943 2944 2944 606 606 2945 2945 602 602 602 602 2945 2945 2946 2946 602 602 2946 2946 603 603 603 603 2946 2946 599 599 621 621 623 623 2944 2944 2944 2944 623 623 625 625 2944 2944 625 625 628 628 606 606 605 605 2945 2945 2945 2945 605 605 609 609 2945 2945 609 609 608 608 711 711 710 710 2947 2947 594 594 593 593 2948 2948 2948 2948 593 593 591 591 591 591 597 597 2948 2948 2948 2948 597 597 596 596 2948 2948 596 596 2946 2946 2946 2946 596 596 600 600 2946 2946 600 600 599 599 589 589 588 588 2949 2949 2949 2949 588 588 587 587 2949 2949 587 587 2948 2948 2948 2948 587 587 1160 1160 2948 2948 1160 1160 594 594 726 726 725 725 2950 2950 712 712 2951 2951 701 701 701 701 2951 2951 2952 2952 701 701 2952 2952 702 702 702 702 2952 2952 704 704 614 614 613 613 2940 2940 2940 2940 613 613 618 618 2940 2940 618 618 2944 2944 2944 2944 618 618 620 620 2944 2944 620 620 621 621 608 608 612 612 2945 2945 2945 2945 612 612 611 611 2945 2945 611 611 2940 2940 2940 2940 611 611 617 617 2940 2940 617 617 616 616 670 670 683 683 2953 2953 2954 2954 574 574 573 573 573 573 583 583 2954 2954 2954 2954 583 583 582 582 2954 2954 582 582 2955 2955 725 725 579 579 2950 2950 2950 2950 579 579 578 578 2950 2950 578 578 2954 2954 2954 2954 578 578 576 576 2954 2954 576 576 574 574 710 710 708 708 2947 2947 2947 2947 708 708 706 706 2947 2947 706 706 2952 2952 2952 2952 706 706 705 705 2952 2952 705 705 704 704 2956 2956 694 694 695 695 694 694 2956 2956 692 692 692 692 2956 2956 2957 2957 692 692 2957 2957 687 687 685 685 691 691 2957 2957 582 582 581 581 2955 2955 2955 2955 581 581 584 584 2955 2955 584 584 2949 2949 2949 2949 584 584 586 586 2949 2949 586 586 589 589 726 726 2950 2950 728 728 728 728 2950 2950 2958 2958 728 728 2958 2958 720 720 695 695 697 697 2956 2956 2956 2956 697 697 698 698 2956 2956 698 698 2947 2947 2947 2947 698 698 700 700 2947 2947 700 700 711 711 691 691 690 690 2957 2957 2957 2957 690 690 688 688 2957 2957 688 688 687 687 678 678 677 677 2959 2959 723 723 719 719 2942 2942 2942 2942 719 719 718 718 2942 2942 718 718 2958 2958 2958 2958 718 718 721 721 2958 2958 721 721 720 720 712 712 714 714 2951 2951 2951 2951 714 714 715 715 2951 2951 715 715 2942 2942 2942 2942 715 715 717 717 2942 2942 717 717 724 724 683 683 682 682 2953 2953 2953 2953 682 682 680 680 2953 2953 680 680 2957 2957 2957 2957 680 680 686 686 2957 2957 686 686 685 685 677 677 675 675 2959 2959 2959 2959 675 675 673 673 2959 2959 673 673 2953 2953 2953 2953 673 673 671 671 2953 2953 671 671 670 670 669 669 2960 2960 661 661 661 661 2960 2960 2961 2961 661 661 2961 2961 660 660 660 660 2961 2961 663 663 669 669 668 668 2960 2960 2960 2960 668 668 666 666 2960 2960 666 666 2959 2959 2959 2959 666 666 665 665 2959 2959 665 665 678 678 647 647 651 651 2962 2962 2962 2962 651 651 650 650 647 647 2962 2962 648 648 648 648 2962 2962 2963 2963 648 648 2963 2963 644 644 630 630 637 637 2941 2941 2941 2941 637 637 636 636 2941 2941 636 636 2964 2964 2964 2964 636 636 642 642 2964 2964 642 642 641 641 652 652 657 657 2965 2965 2965 2965 657 657 659 659 2965 2965 659 659 2961 2961 2961 2961 659 659 664 664 2961 2961 664 664 663 663 650 650 656 656 2962 2962 2962 2962 656 656 655 655 2962 2962 655 655 2965 2965 2965 2965 655 655 653 653 2965 2965 653 653 652 652 641 641 638 638 2964 2964 2964 2964 638 638 639 639 2964 2964 639 639 2963 2963 2963 2963 639 639 645 645 2963 2963 645 645 644 644 627 627 634 634 2943 2943 2943 2943 634 634 633 633 2943 2943 633 633 2941 2941 2941 2941 633 633 632 632 2941 2941 632 632 631 631 229 229 235 235 2966 2966 315 315 314 314 2967 2967 259 259 257 257 2968 2968 2969 2969 251 251 250 250 2970 2970 223 223 225 225 195 195 197 197 2971 2971 2971 2971 197 197 198 198 2971 2971 198 198 2972 2972 2972 2972 198 198 200 200 189 189 191 191 2973 2973 2973 2973 191 191 192 192 2973 2973 192 192 2971 2971 2971 2971 192 192 193 193 2971 2971 193 193 195 195 180 180 179 179 2974 2974 2974 2974 179 179 177 177 177 177 175 175 2974 2974 2974 2974 175 175 174 174 2974 2974 174 174 2975 2975 2975 2975 174 174 181 181 2975 2975 181 181 183 183 2976 2976 171 171 2974 2974 2974 2974 171 171 170 170 2974 2974 170 170 180 180 2977 2977 167 167 166 166 163 163 173 173 2976 2976 2976 2976 173 173 172 172 2976 2976 172 172 171 171 151 151 154 154 2978 2978 277 277 281 281 2979 2979 235 235 237 237 2966 2966 2966 2966 237 237 239 239 2966 2966 239 239 2980 2980 2980 2980 239 239 241 241 228 228 234 234 2981 2981 2981 2981 234 234 232 232 2981 2981 232 232 2966 2966 2966 2966 232 232 230 230 2966 2966 230 230 229 229 2982 2982 207 207 208 208 183 183 184 184 2975 2975 2975 2975 184 184 186 186 2975 2975 186 186 2973 2973 2973 2973 186 186 187 187 2973 2973 187 187 189 189 2977 2977 166 166 2976 2976 2976 2976 166 166 164 164 2976 2976 164 164 163 163 2983 2983 157 157 156 156 156 156 162 162 2983 2983 2983 2983 162 162 161 161 2983 2983 161 161 2977 2977 2977 2977 161 161 159 159 2977 2977 159 159 167 167 327 327 330 330 2984 2984 2984 2984 330 330 329 329 2984 2984 329 329 335 335 2969 2969 250 250 2968 2968 2968 2968 250 250 260 260 2968 2968 260 260 259 259 244 244 253 253 2969 2969 2969 2969 253 253 252 252 2969 2969 252 252 251 251 2970 2970 225 225 2981 2981 2981 2981 225 225 226 226 2981 2981 226 226 228 228 214 214 216 216 2985 2985 2985 2985 216 216 220 220 220 220 219 219 2985 2985 2985 2985 219 219 218 218 2985 2985 218 218 2970 2970 2970 2970 218 218 221 221 2970 2970 221 221 223 223 208 208 210 210 2982 2982 2982 2982 210 210 211 211 2982 2982 211 211 2985 2985 2985 2985 211 211 213 213 2985 2985 213 213 214 214 2978 2978 154 154 2983 2983 2983 2983 154 154 153 153 2983 2983 153 153 157 157 335 335 334 334 2984 2984 2984 2984 334 334 332 332 2984 2984 332 332 2978 2978 2978 2978 332 332 331 331 2978 2978 331 331 151 151 315 315 2967 2967 317 317 305 305 304 304 2986 2986 2986 2986 304 304 308 308 2986 2986 308 308 2987 2987 2987 2987 308 308 307 307 2987 2987 307 307 313 313 241 241 243 243 2980 2980 2980 2980 243 243 247 247 2980 2980 247 247 2969 2969 2969 2969 247 247 245 245 2969 2969 245 245 244 244 200 200 202 202 2972 2972 2972 2972 202 202 203 203 2972 2972 203 203 2982 2982 2982 2982 203 203 205 205 2982 2982 205 205 207 207 313 313 312 312 2987 2987 2987 2987 312 312 310 310 2987 2987 310 310 2967 2967 2967 2967 310 310 318 318 2967 2967 318 318 317 317 292 292 302 302 2988 2988 2988 2988 302 302 301 301 2988 2988 301 301 2986 2986 2986 2986 301 301 299 299 2986 2986 299 299 305 305 297 297 296 296 2989 2989 2989 2989 296 296 294 294 2989 2989 294 294 2988 2988 2988 2988 294 294 293 293 2988 2988 293 293 292 292 281 281 280 280 2979 2979 2979 2979 280 280 286 286 2979 2979 286 286 2990 2990 2990 2990 286 286 285 285 263 263 264 264 2991 2991 2991 2991 264 264 266 266 320 320 322 322 2992 2992 2992 2992 322 322 324 324 2992 2992 324 324 2984 2984 2984 2984 324 324 325 325 2984 2984 325 325 327 327 314 314 319 319 2967 2967 2967 2967 319 319 147 147 2967 2967 147 147 2992 2992 2992 2992 147 147 146 146 2992 2992 146 146 320 320 285 285 283 283 2990 2990 2990 2990 283 283 289 289 2990 2990 289 289 2989 2989 2989 2989 289 289 288 288 2989 2989 288 288 297 297 272 272 273 273 2993 2993 2993 2993 273 273 275 275 2993 2993 275 275 2979 2979 2979 2979 275 275 278 278 2979 2979 278 278 277 277 266 266 267 267 2991 2991 2991 2991 267 267 269 269 2991 2991 269 269 2993 2993 2993 2993 269 269 270 270 2993 2993 270 270 272 272 257 257 255 255 2968 2968 2968 2968 255 255 254 254 2968 2968 254 254 2991 2991 2991 2991 254 254 261 261 2991 2991 261 261 263 263 2903 2903 2902 2902 2994 2994 2994 2994 2902 2902 2912 2912 2994 2994 2912 2912 2913 2913 2906 2906 2905 2905 2994 2994 2994 2994 2905 2905 2904 2904 2994 2994 2904 2904 2903 2903 2909 2909 2908 2908 2994 2994 2994 2994 2908 2908 2907 2907 2994 2994 2907 2907 2906 2906 2913 2913 2911 2911 2994 2994 2994 2994 2911 2911 2910 2910 2994 2994 2910 2910 2909 2909 2892 2892 2891 2891 2995 2995 2995 2995 2891 2891 2890 2890 2995 2995 2890 2890 2901 2901 2895 2895 2894 2894 2995 2995 2995 2995 2894 2894 2893 2893 2995 2995 2893 2893 2892 2892 2898 2898 2896 2896 2995 2995 2995 2995 2896 2896 2897 2897 2995 2995 2897 2897 2895 2895 2901 2901 2900 2900 2995 2995 2995 2995 2900 2900 2899 2899 2995 2995 2899 2899 2898 2898 2996 2996 2742 2742 2744 2744 2996 2996 2744 2744 2738 2738 2744 2744 2740 2740 2741 2741 2738 2738 2744 2744 2737 2737 2737 2737 2744 2744 2741 2741 2737 2737 2741 2741 2739 2739 2997 2997 2745 2745 2743 2743 2734 2734 2735 2735 2743 2743 2743 2743 2735 2735 2753 2753 2743 2743 2753 2753 2997 2997 2997 2997 2753 2753 2754 2754 2996 2996 2738 2738 2736 2736 2734 2734 2743 2743 2736 2736 2736 2736 2743 2743 2742 2742 2736 2736 2742 2742 2996 2996 2997 2997 2754 2754 2755 2755 2750 2750 2748 2748 2747 2747 2752 2752 2751 2751 2755 2755 2755 2755 2751 2751 2749 2749 2750 2750 2747 2747 2749 2749 2749 2749 2747 2747 2746 2746 2749 2749 2746 2746 2755 2755 2755 2755 2746 2746 2745 2745 2755 2755 2745 2745 2997 2997 2778 2778 2779 2779 2756 2756 2779 2779 2777 2777 2998 2998 2756 2756 2779 2779 2759 2759 2759 2759 2779 2779 2998 2998 2759 2759 2998 2998 2760 2760 2774 2774 2773 2773 2775 2775 2775 2775 2773 2773 2769 2769 2775 2775 2769 2769 2776 2776 2776 2776 2769 2769 2772 2772 2776 2776 2772 2772 2777 2777 2777 2777 2772 2772 2771 2771 2777 2777 2771 2771 2998 2998 2778 2778 2756 2756 2780 2780 2780 2780 2756 2756 2758 2758 2780 2780 2758 2758 2757 2757 2764 2764 2763 2763 2762 2762 2768 2768 2767 2767 2770 2770 2770 2770 2767 2767 2766 2766 2770 2770 2766 2766 2771 2771 2771 2771 2766 2766 2765 2765 2762 2762 2761 2761 2764 2764 2764 2764 2761 2761 2760 2760 2764 2764 2760 2760 2765 2765 2765 2765 2760 2760 2998 2998 2765 2765 2998 2998 2771 2771 2790 2790 2789 2789 2788 2788 2791 2791 2792 2792 2793 2793 2793 2793 2792 2792 2790 2790 2793 2793 2790 2790 2787 2787 2787 2787 2790 2790 2788 2788 2999 2999 2796 2796 2795 2795 2794 2794 2793 2793 2795 2795 2795 2795 2793 2793 2787 2787 2795 2795 2787 2787 2999 2999 2999 2999 2787 2787 2786 2786 2999 2999 2786 2786 2785 2785 2797 2797 2804 2804 2805 2805 2798 2798 2797 2797 3000 3000 3000 3000 2797 2797 2805 2805 3000 3000 2805 2805 2806 2806 2999 2999 2785 2785 2783 2783 2999 2999 2783 2783 2796 2796 2796 2796 2783 2783 2797 2797 2797 2797 2783 2783 2784 2784 2797 2797 2784 2784 2804 2804 2804 2804 2784 2784 2781 2781 2804 2804 2781 2781 2782 2782 2803 2803 2801 2801 2800 2800 3000 3000 2806 2806 2808 2808 2802 2802 2803 2803 2807 2807 2807 2807 2803 2803 2800 2800 2807 2807 2800 2800 2808 2808 2808 2808 2800 2800 2799 2799 2808 2808 2799 2799 3000 3000 3000 3000 2799 2799 2798 2798 3001 3001 2809 2809 2811 2811 2860 2860 2859 2859 2858 2858 2856 2856 3001 3001 2857 2857 2857 2857 3001 3001 2811 2811 2857 2857 2811 2811 2858 2858 2858 2858 2811 2811 2812 2812 2858 2858 2812 2812 2860 2860 2860 2860 2812 2812 2813 2813 2829 2829 2830 2830 2831 2831 2822 2822 2823 2823 2824 2824 2836 2836 2835 2835 2839 2839 2839 2839 2835 2835 2837 2837 3002 3002 3003 3003 2843 2843 2843 2843 2844 2844 3002 3002 3002 3002 2844 2844 2845 2845 3002 3002 2845 2845 2846 2846 2846 2846 2840 2840 3002 3002 3002 3002 2840 2840 2841 2841 3002 3002 2841 2841 2837 2837 2837 2837 2841 2841 2842 2842 2837 2837 2842 2842 2838 2838 2810 2810 2855 2855 2816 2816 2816 2816 2855 2855 2814 2814 2810 2810 2809 2809 2855 2855 2855 2855 2809 2809 3001 3001 2855 2855 3001 3001 2856 2856 2814 2814 2855 2855 2815 2815 2815 2815 2855 2855 2854 2854 2815 2815 2854 2854 2824 2824 2854 2854 2853 2853 2824 2824 2824 2824 2853 2853 2847 2847 2824 2824 2847 2847 2848 2848 2849 2849 2850 2850 3003 3003 2850 2850 2851 2851 3003 3003 3003 3003 2851 2851 2852 2852 3003 3003 2852 2852 2843 2843 2819 2819 2820 2820 3003 3003 2848 2848 2849 2849 2824 2824 2824 2824 2849 2849 3003 3003 2824 2824 3003 3003 2822 2822 2822 2822 3003 3003 2820 2820 2822 2822 2820 2820 2821 2821 2833 2833 2817 2817 3003 3003 3003 3003 2817 2817 2818 2818 3003 3003 2818 2818 2819 2819 2827 2827 2828 2828 2829 2829 2835 2835 2834 2834 2837 2837 2837 2837 2834 2834 2825 2825 2837 2837 2825 2825 3002 3002 3002 3002 2825 2825 2826 2826 3002 3002 2826 2826 2827 2827 2827 2827 2829 2829 3002 3002 3002 3002 2829 2829 2831 2831 3002 3002 2831 2831 3003 3003 3003 3003 2831 2831 2832 2832 3003 3003 2832 2832 2833 2833 2867 2867 2866 2866 3004 3004 3004 3004 2866 2866 2865 2865 3004 3004 2865 2865 2872 2872 2868 2868 2863 2863 3004 3004 3004 3004 2863 2863 2864 2864 3004 3004 2864 2864 2867 2867 2869 2869 2861 2861 3004 3004 3004 3004 2861 2861 2862 2862 3004 3004 2862 2862 2868 2868 2872 2872 2870 2870 3004 3004 3004 3004 2870 2870 2871 2871 3004 3004 2871 2871 2869 2869 3005 3005 3006 3006 3007 3007 3005 3005 3007 3007 3008 3008 3009 3009 3010 3010 3007 3007 3007 3007 3010 3010 3011 3011 3007 3007 3011 3011 3008 3008 3012 3012 3013 3013 3007 3007 3007 3007 3013 3013 3014 3014 3007 3007 3014 3014 3009 3009 3015 3015 3016 3016 3007 3007 3007 3007 3016 3016 3017 3017 3007 3007 3017 3017 3012 3012 3018 3018 3019 3019 3007 3007 3007 3007 3019 3019 3020 3020 3007 3007 3020 3020 3015 3015 3021 3021 3022 3022 3007 3007 3007 3007 3022 3022 3023 3023 3007 3007 3023 3023 3018 3018 3024 3024 3025 3025 3007 3007 3007 3007 3025 3025 3026 3026 3007 3007 3026 3026 3021 3021 3027 3027 3028 3028 3007 3007 3007 3007 3028 3028 3029 3029 3007 3007 3029 3029 3024 3024 3006 3006 3030 3030 3007 3007 3007 3007 3030 3030 3031 3031 3007 3007 3031 3031 3027 3027 3032 3032 3033 3033 3034 3034 3035 3035 3036 3036 3034 3034 3034 3034 3036 3036 3037 3037 3034 3034 3037 3037 3032 3032 3038 3038 3039 3039 3034 3034 3034 3034 3039 3039 3040 3040 3034 3034 3040 3040 3035 3035 3041 3041 3042 3042 3034 3034 3034 3034 3042 3042 3043 3043 3034 3034 3043 3043 3038 3038 3044 3044 3045 3045 3034 3034 3034 3034 3045 3045 3046 3046 3034 3034 3046 3046 3041 3041 3047 3047 3048 3048 3034 3034 3034 3034 3048 3048 3049 3049 3034 3034 3049 3049 3044 3044 3050 3050 3051 3051 3034 3034 3034 3034 3051 3051 3052 3052 3034 3034 3052 3052 3047 3047 3053 3053 3054 3054 3034 3034 3034 3034 3054 3054 3055 3055 3034 3034 3055 3055 3050 3050 3056 3056 3057 3057 3034 3034 3034 3034 3057 3057 3058 3058 3034 3034 3058 3058 3053 3053 3033 3033 3059 3059 3034 3034 3034 3034 3059 3059 3060 3060 3034 3034 3060 3060 3056 3056 2957 2957 3008 3008 2953 2953 2953 2953 3008 3008 3011 3011 2953 2953 3011 3011 2959 2959 2959 2959 3011 3011 3010 3010 2959 2959 3010 3010 2960 2960 2960 2960 3010 3010 3009 3009 2960 2960 3009 3009 2961 2961 2961 2961 3009 3009 3014 3014 2961 2961 3014 3014 2965 2965 2965 2965 3014 3014 3013 3013 2965 2965 3013 3013 2962 2962 2962 2962 3013 3013 3012 3012 2962 2962 3012 3012 2963 2963 2963 2963 3012 3012 3017 3017 2963 2963 3017 3017 2964 2964 2964 2964 3017 3017 3016 3016 2964 2964 3016 3016 2941 2941 2941 2941 3016 3016 3015 3015 2941 2941 3015 3015 2943 2943 2943 2943 3015 3015 3020 3020 2943 2943 3020 3020 2944 2944 2944 2944 3020 3020 3019 3019 2944 2944 3019 3019 2940 2940 2940 2940 3019 3019 3018 3018 2940 2940 3018 3018 2945 2945 2945 2945 3018 3018 3023 3023 2945 2945 3023 3023 2946 2946 2946 2946 3023 3023 3022 3022 2946 2946 3022 3022 2948 2948 2948 2948 3022 3022 3021 3021 2948 2948 3021 3021 2949 2949 2949 2949 3021 3021 3026 3026 2949 2949 3026 3026 2955 2955 2955 2955 3026 3026 3025 3025 2955 2955 3025 3025 2954 2954 2954 2954 3025 3025 3024 3024 2954 2954 3024 3024 2950 2950 2950 2950 3024 3024 3029 3029 2950 2950 3029 3029 2958 2958 2958 2958 3029 3029 3028 3028 2958 2958 3028 3028 2942 2942 2942 2942 3028 3028 3027 3027 2942 2942 3027 3027 2951 2951 2951 2951 3027 3027 3031 3031 2951 2951 3031 3031 2952 2952 2952 2952 3031 3031 3030 3030 2952 2952 3030 3030 2947 2947 2947 2947 3030 3030 3006 3006 2947 2947 3006 3006 2956 2956 2956 2956 3006 3006 3005 3005 2956 2956 3005 3005 2957 2957 2957 2957 3005 3005 3008 3008 2989 2989 3037 3037 2990 2990 2990 2990 3037 3037 3036 3036 2990 2990 3036 3036 2979 2979 2979 2979 3036 3036 3035 3035 2979 2979 3035 3035 2993 2993 2993 2993 3035 3035 3040 3040 2993 2993 3040 3040 2991 2991 2991 2991 3040 3040 3039 3039 2991 2991 3039 3039 2968 2968 2968 2968 3039 3039 3038 3038 2968 2968 3038 3038 2969 2969 2969 2969 3038 3038 3043 3043 2969 2969 3043 3043 2980 2980 2980 2980 3043 3043 3042 3042 2980 2980 3042 3042 2966 2966 2966 2966 3042 3042 3041 3041 2966 2966 3041 3041 2981 2981 2981 2981 3041 3041 3046 3046 2981 2981 3046 3046 2970 2970 2970 2970 3046 3046 3045 3045 2970 2970 3045 3045 2985 2985 2985 2985 3045 3045 3044 3044 2985 2985 3044 3044 2982 2982 2982 2982 3044 3044 3049 3049 2982 2982 3049 3049 2972 2972 2972 2972 3049 3049 3048 3048 2972 2972 3048 3048 2971 2971 2971 2971 3048 3048 3047 3047 2971 2971 3047 3047 2973 2973 2973 2973 3047 3047 3052 3052 2973 2973 3052 3052 2975 2975 2975 2975 3052 3052 3051 3051 2975 2975 3051 3051 2974 2974 2974 2974 3051 3051 3050 3050 2974 2974 3050 3050 2976 2976 2976 2976 3050 3050 3055 3055 2976 2976 3055 3055 2977 2977 2977 2977 3055 3055 3054 3054 2977 2977 3054 3054 2983 2983 2983 2983 3054 3054 3053 3053 2983 2983 3053 3053 2978 2978 2978 2978 3053 3053 3058 3058 2978 2978 3058 3058 2984 2984 2984 2984 3058 3058 3057 3057 2984 2984 3057 3057 2992 2992 2992 2992 3057 3057 3056 3056 2992 2992 3056 3056 2967 2967 2967 2967 3056 3056 3060 3060 2967 2967 3060 3060 2987 2987 2987 2987 3060 3060 3059 3059 2987 2987 3059 3059 2986 2986 2986 2986 3059 3059 3033 3033 2986 2986 3033 3033 2988 2988 2988 2988 3033 3033 3032 3032 2988 2988 3032 3032 2989 2989 2989 2989 3032 3032 3037 3037 2150 2150 1 1 0 0 1872 1872 49 49 2156 2156 2156 2156 49 49 47 47 2156 2156 47 47 2157 2157 2157 2157 47 47 1 1 2157 2157 1 1 2158 2158 2158 2158 1 1 2150 2150 43 43 2152 2152 0 0 0 0 2152 2152 2151 2151 0 0 2151 2151 2150 2150 4 4 2148 2148 42 42 42 42 2148 2148 2154 2154 42 42 2154 2154 43 43 43 43 2154 2154 2153 2153 43 43 2153 2153 2152 2152 2142 2142 2145 2145 4 4 4 4 2145 2145 2147 2147 4 4 2147 2147 2148 2148 4 4 3 3 2142 2142 2142 2142 3 3 65 65 2142 2142 65 65 2143 2143 2143 2143 65 65 64 64 2143 2143 64 64 2144 2144 2144 2144 64 64 63 63 12 12 14 14 1927 1927 1927 1927 2134 2134 12 12 12 12 2134 2134 2137 2137 12 12 2137 2137 50 50 50 50 2137 2137 2136 2136 50 50 2136 2136 51 51 51 51 2136 2136 2135 2135 51 51 2135 2135 63 63 63 63 2135 2135 2138 2138 63 63 2138 2138 2144 2144</p>
        </triangles>
      </mesh>
    </geometry>
  </library_geometries>
  <library_materials>
    <material id="b8f21c58147a4aabae5cd7a3a47d5a2a" name="defaultmaterial">
      <instance_effect url="#0690f3c07a104fc7bdfbbaadc7379a0a" />
    </material>
  </library_materials>
  <library_visual_scenes>
    <visual_scene id="scene">
      <node id="node0" name="node0">
        <instance_geometry url="#aa1f2cfb9d844fae9b23f99e9048a180">
          <bind_material>
            <technique_common>
              <instance_material symbol="material0" target="#b8f21c58147a4aabae5cd7a3a47d5a2a" />
            </technique_common>
          </bind_material>
        </instance_geometry>
      </node>
    </visual_scene>
  </library_visual_scenes>
  <scene>
    <instance_visual_scene url="#scene" />
  </scene>
</COLLADA>
