<COLLADA xmlns="http://www.collada.org/2005/11/COLLADASchema" version="1.4.1">
  <asset>
    <created>2026-09-17T15:28:49.653821</created>
    <modified>2026-09-17T15:28:49.653821</modified>
    <up_axis>Z_UP</up_axis>
  </asset>
  <library_effects>
    <effect id="6abaedab7f8c4a0dae2d32d3ee13f76d" name="6abaedab7f8c4a0dae2d32d3ee13f76d">
      <profile_COMMON>
        <technique sid="common">
          <phong>
            <emission>
              <color>0.0 0.0 0.0 1.0</color>
            </emission>
            <ambient>
              <color>0.0 0.0 0.0 1.0</color>
            </ambient>
            <diffuse>
              <color>0.7058823529411765 0.7058823529411765 0.7254901960784313 1.0</color>
            </diffuse>
            <specular>
              <color>0.0 0.0 0.0 1.0</color>
            </specular>
            <shininess>
              <float>0.0</float>
            </shininess>
            <reflective>
              <color>0.0 0.0 0.0 1.0</color>
            </reflective>
            <reflectivity>
              <float>0.0</float>
            </reflectivity>
            <transparent>
              <color>0.0 0.0 0.0 1.0</color>
            </transparent>
            <transparency>
              <float>1.0</float>
            </transparency>
          </phong>
        </technique>
        <extra>
          <technique profile="GOOGLEEARTH">
            <double_sided>0</double_sided>
          </technique>
        </extra>
      </profile_COMMON>
    </effect>
  </library_effects>
  <library_geometries>
    <geometry id="d5b9d5d296ec422cb568f68160f7c54f" name="cfde075c0a0848079f22f9f4e0f8d3ce">
      <mesh>
        <source id="verts-array">
          <float_array count="10167" id="verts-array-array">0.0179426 -0.03517012 0.08742217 0.01839123 -0.03489394 0.0871717 0.01849604 -0.03495226 0.08727952 0.0223593 -0.0329989 0.08331717 0.02249609 -0.03295405 0.08337793 0.02173636 -0.03315653 0.08465753 0.02232092 -0.033 0.08330014 0.02198516 -0.03303579 0.08389819 0.02152601 -0.03320484 0.08450833 0.0162483 -0.03681468 0.08846409 0.01630932 -0.03684625 0.088632 0.01362864 -0.03862593 0.08887833 0.01365373 -0.03866438 0.08899608 0.01364972 -0.03865822 0.08907732 0.01615844 -0.03689953 0.08916255 0.01363651 -0.03863792 0.0893449 0.01361541 -0.03860556 0.08944257 0.01635401 -0.03675999 0.08909682 0.016348 -0.03684452 0.08880459 0.01364984 -0.03865841 0.08907486 0.02191127 -0.03309692 0.08478285 0.0220584 -0.03298163 0.08490498 0.0209827 -0.03357792 0.08593261 0.02112381 -0.03348113 0.08610634 0.01991942 -0.03425968 0.08687822 0.02005277 -0.03418918 0.0870996 0.02012758 -0.03405772 0.08730379 0.01888542 -0.03502162 0.08786871 0.01876152 -0.03506111 0.08760406 0.02080263 -0.03361575 0.08663639 0.02120408 -0.03335292 0.08623949 0.01904514 -0.0344914 0.08680662 0.01956272 -0.03417277 0.08651764 0.01858914 -0.03500849 0.08737069 0.0186793 -0.03504592 0.08748032 0.01974607 -0.03425178 0.08667412 0.02080844 -0.03360844 0.0857648 0.02061146 -0.03359425 0.0855947 0.02089872 -0.03343579 0.08534189 0.02114067 -0.03334671 0.08502038 0.01588843 -0.03643922 0.0880494 0.01589746 -0.03643394 0.08804855 0.01598166 -0.03655391 0.08810423 0.01614845 -0.03627884 0.08797169 0.01607735 -0.03666103 0.08819218 0.01341796 -0.03830304 0.0883866 0.01322033 -0.038 0.08830014 0.01331437 -0.03814421 0.08834128 0.01341415 -0.03829719 0.08838493 0.01362786 -0.03862473 0.08887468 0.01357778 -0.038548 0.08863974 0.01616878 -0.03675096 0.08831399 0.01350435 -0.03843545 0.08852343 0.01350165 -0.03843131 0.08851915 0.02249288 -0.03270353 0.08446334 0.02230197 -0.03279402 0.08474116 0.02213848 -0.03287152 0.08497906 0.021417 -0.03321351 0.08602899 0.02267591 -0.0328951 0.0834578 0.02269026 -0.0328904 0.08346418 0.02281321 -0.03275905 0.08351879 0.0229428 -0.03262062 0.08357635 0.01892228 -0.03492434 0.08805949 0.01832355 -0.03535483 0.08843489 0.01743922 -0.03598576 0.08873209 0.0213538 -0.03340447 0.08500782 0.02102195 -0.03353121 0.08554288 0.0210507 -0.03355049 0.08557072 0.0219484 -0.03336382 0.08454977 0.02185608 -0.03358845 0.08443017 0.02256637 -0.0333064 0.08337177 0.02258065 -0.03326292 0.08337843 0.0225925 -0.03322684 0.08338397 0.02259158 -0.03321391 0.08338354 0.02116544 -0.03370593 0.08559271 0.02194225 -0.03331147 0.08455867 0.02258649 -0.03314248 0.08338116 0.0193707 -0.03498275 0.08710515 0.02030914 -0.03430982 0.08642697 0.02029903 -0.03426863 0.08644804 0.0211738 -0.03375301 0.08557631 0.02135192 -0.03378865 0.08518141 0.0173368 -0.03645166 0.0880039 0.01736556 -0.03650424 0.08796141 0.01835989 -0.03565809 0.08765271 0.01934157 -0.03490943 0.08714504 0.02028072 -0.03422537 0.08646113 0.0211468 -0.03365775 0.08560069 0.02192353 -0.03325921 0.0845594 0.02256794 -0.03310544 0.0833725 0.01929213 -0.03483644 0.08715154 0.01920137 -0.03483644 0.08703583 0.0187214 -0.03518054 0.08742943 0.018318 -0.03561833 0.08761194 0.01825394 -0.03555195 0.08755776 0.01730417 -0.03642574 0.08795462 0.01727767 -0.03632762 0.08782576 0.01722787 -0.03636719 0.08783943 0.01517732 -0.038 0.08830014 0.01521049 -0.03804295 0.08828977 0.01558861 -0.03766963 0.08828944 0.01621256 -0.037186 0.08812595 0.01620479 -0.03718005 0.08812028 0.01956533 -0.0345755 0.08673737 0.01929097 -0.0348209 0.08710697 0.02020171 -0.03415545 0.08642256 0.02011266 -0.0341831 0.08628854 0.021715 -0.03326653 0.08442544 0.021817 -0.03315526 0.08451599 0.02185657 -0.0331778 0.08453606 0.02241291 -0.033 0.08330014 0.02245387 -0.03300978 0.08331925 0.02248786 -0.0330179 0.08333512 0.02249729 -0.03302564 0.08333953 0.02189368 -0.03321308 0.08455142 0.02253798 -0.03305905 0.08335852 0.02254939 -0.03306841 0.08336385 0.02111928 -0.03361334 0.08559901 0.02108598 -0.03357684 0.08558828 0.02025549 -0.03418379 0.0864647 0.02022578 -0.03414737 0.08645885 0.01931855 -0.03487151 0.08715275 0.0165461 -0.03718302 0.08790135 0.01735519 -0.03656541 0.08771899 0.01869478 -0.03554283 0.08741704 0.01933661 -0.03509246 0.08694275 0.02098965 -0.03393251 0.08572122 0.02113806 -0.03387358 0.08550008 0.01528804 -0.03814337 0.08818492 0.01526824 -0.03811773 0.08822967 0.01526113 -0.03810852 0.08824575 0.01524176 -0.03808345 0.0882659 0.0152224 -0.03805837 0.08828604 0.01175213 -0.0402405 0.08822859 7.557576e-06 -0.04338 0.08821099 1.843173e-05 -0.04338054 0.08821099 -0.004099224 -0.04316299 0.08824714 0.01318051 -0.03962674 0.08819228 0.01179212 -0.0403033 0.0881957 0.008084891 -0.04210982 0.08820485 0.008101075 -0.04208449 0.08823495 0.007803541 -0.04224692 0.08820554 0.008075952 -0.04207375 0.08827475 0.01121055 -0.0405867 0.08819714 -0.008046987 -0.04200622 0.08820429 -0.005657943 -0.04273775 0.08820791 -0.004251502 -0.04316841 0.08821004 -0.004103617 -0.04317576 0.08821007 -0.01524176 -0.03808345 0.0882659 -0.01526113 -0.03810852 0.08824575 -0.01175371 -0.04026778 0.0881956 -0.01526824 -0.03811773 0.08822967 -0.01528804 -0.03814337 0.08818492 2.914337e-06 -0.0432104 0.08830014 -0.0018751 -0.04330018 0.08830014 -0.002059576 -0.04342072 0.08824787 -0.008020777 -0.04196306 0.08830014 -0.009707317 -0.04149782 0.08820178 -0.01170034 -0.04014671 0.08830014 -0.01120415 -0.04059811 0.08819725 -0.01317617 -0.0394182 0.08830014 -0.01517732 -0.038 0.08830014 -0.01357728 -0.03930726 0.0882543 -0.0151936 -0.03802107 0.08829505 -0.01521049 -0.03804295 0.08828977 -0.004092353 -0.04312283 0.08827621 -0.004038732 -0.04284893 0.08830014 -0.007826568 -0.04205892 0.08830014 0.0116699 -0.04011348 0.08830014 0.009966245 -0.04124744 0.08829362 0.009621518 -0.04134777 0.08830014 0.00805727 -0.04201764 0.08827888 0.008000475 -0.04184355 0.08830014 0.004185004 -0.04301048 0.08830014 0.006106968 -0.04270905 0.08826198 0.004073249 -0.04301072 0.0882092 0.00565852 -0.04268612 0.08820765 0.004081735 -0.04301541 0.08830014 0.001828053 -0.04347043 0.0882114 -0.0152224 -0.03805837 0.08828604 0.03539116 0.0007232049 0.08186051 0.03548678 0.001421437 0.08460672 0.03367854 -0.007281164 0.08649299 0.03320641 0.01684312 0.09361078 0.03368543 0.01602615 0.1004037 0.03528628 0.01257994 0.1009186 0.03166925 0.01920436 0.09992659 -0.0111499 0.0352571 0.07907996 -0.01147614 0.0352084 0.08281749 -0.005761064 0.03692561 0.08259571 -0.01666874 0.03242945 0.07965954 -0.01709187 0.03233958 0.08334061 -0.02935858 0.006228516 0.02904252 -0.02917688 0.003329178 0.02906746 -0.02615885 0.005078999 0.03184826 -0.01183124 0.008878196 0.03980881 -0.01169346 0.007891416 0.04014951 -0.007853778 0.008710249 0.04091774 -0.02907054 0.002010996 0.02943584 -0.02895474 0.0008945073 0.03010461 -0.02594249 0.002974661 0.03265456 -0.04068165 -0.007185823 0.007412357 -0.04063653 -0.01029195 0.007561138 -0.03967087 -0.007692202 0.01156287 -0.03820318 -0.007452821 0.01622294 -0.03812731 -0.009275355 0.01761079 -0.03416149 -0.00385666 0.02425838 -0.04031628 -0.01665948 -0.008654343 -0.04038054 -0.01216283 -0.008673133 -0.0379102 -0.01605906 -0.01633214 -0.01928814 -0.01278733 -0.03669336 -0.02274199 -0.01206182 -0.0346427 -0.01569121 0.001262768 -0.03841019 -0.03337805 -0.00922794 0.0813884 -0.03533331 -0.0003157376 0.07921252 -0.03535447 -0.003336733 0.0742247 -0.02683452 -0.02522678 0.08503822 -0.03052463 -0.01763028 0.08336922 -0.030376 -0.02071457 0.07870704 0.009962683 0.01517509 -0.04028463 0.01190819 0.01516194 -0.03975388 0.008146127 0.008692584 -0.04072036 0.03505975 -0.009429022 0.04020158 0.03274563 -0.006887601 0.04071477 0.03208733 -0.007172292 0.04383178 0.03086014 -0.003808088 0.03577463 0.03337077 -0.00627636 0.03438498 0.03392398 -0.005421448 0.0272427 0.03988959 -0.02170067 0.04280278 0.03946644 -0.01830666 0.0430202 0.03880104 -0.01756036 0.04920585 0.007853778 0.008710249 0.04091774 0.008029892 0.01070966 0.04067414 0.004033956 0.01111578 0.04129224 0.02473549 -0.002235476 0.05056913 0.02534565 -0.002559945 0.04850736 0.0194147 0.0007128948 0.04837473 0.01004389 0.02662965 0.06054325 0.01008585 0.02908527 0.06295671 0.01530616 0.02656247 0.06374808 -0.03724809 0.004339255 0.1268001 -0.03684577 0.006659418 0.1268001 -0.03673026 0.007261041 0.1145196 0.03370277 -0.01644285 0.1268001 0.03279048 -0.01807531 0.1268001 0.03238542 -0.01792226 0.1158881 0.03235128 0.018 -0.02599292 0.03419396 0.018 -0.02343503 0.03423129 0.01512601 -0.02346192 -0.01792441 -0.03564381 0.0886123 -0.01744648 -0.03598206 0.08875159 -0.01769888 -0.03450472 0.09146256 -0.006894221 -0.04170654 0.08950885 -0.006019708 -0.04189944 0.08951277 -0.006115353 -0.04051314 0.09193894 0.003550139 -0.04226382 0.0895199 0.005995224 -0.04176988 0.08950985 0.006115353 -0.04051314 0.09193894 0.01769888 -0.03450472 0.09146256 0.03172482 -0.03245888 0.06585017 0.03269674 -0.03244098 0.06388839 0.03500054 -0.02624847 0.06280826 0.03927107 -0.03241324 -0.002165752 0.03919017 -0.0324083 -0.00317608 0.03998288 -0.03041448 -0.0007546562 0.03497218 -0.03233898 -0.02045687 0.03494794 -0.03233863 -0.02051827 0.03771846 -0.02863826 -0.01537287 0.03265195 -0.03229185 -0.02460802 0.03249286 -0.03228846 -0.02487311 0.03387934 -0.03107388 -0.0230576 -0.03846657 -0.0324375 0.04011194 -0.03821739 -0.03243805 0.04216457 -0.0383796 -0.03210846 0.04219234 -0.02394758 -0.03259277 0.08143187 -0.0229428 -0.03262062 0.08357635 -0.02681014 -0.03252514 0.07548083 -0.02654391 -0.03252957 0.07600909 -0.0267797 -0.03206955 0.07591938 -0.02575419 -0.0325427 0.07757607 -0.03108661 -0.02903412 0.06939121 -0.03151075 -0.03244701 0.06615373 -0.03105435 -0.0324546 0.06705934 -0.03404559 -0.02104088 0.06750656 -0.03500054 -0.02624847 0.06280826 -0.03175317 -0.03244647 0.06567336 -0.03432347 -0.03244236 0.06037837 -0.03405091 -0.03244131 0.06112029 -0.03313601 -0.03244337 0.06293321 -0.03265896 -0.03244444 0.06387851 -0.03583027 -0.03244553 0.05573507 -0.03538841 -0.03244648 0.05747946 -0.03565069 -0.02882413 0.05991869 -0.03497846 -0.03244489 0.05859538 -0.03776312 -0.03243906 0.04590654 -0.03715 -0.03244152 0.04941176 -0.03733561 -0.03175341 0.04971948 -0.03709226 -0.03244175 0.04974186 -0.03642643 -0.03083666 0.05559362 -0.0365208 -0.03244405 0.05300896 -0.03626137 -0.0324446 0.05403315 -0.03899566 -0.03243506 0.03074822 -0.03898805 -0.03243497 0.0311306 -0.03891946 -0.0320031 0.0361173 -0.03873541 -0.03243636 0.03603968 -0.03856945 -0.03243728 0.03926451 -0.03943098 -0.03171259 0.02120291 -0.03919293 -0.03243763 0.02083134 -0.03950666 -0.03243145 0.002731895 -0.03951725 -0.03244184 0.004527545 -0.03988289 -0.0312705 0.003423823 -0.03936721 -0.03243989 0.01206995 -0.03932152 -0.03240276 -0.002864616 -0.03940367 -0.03240593 -0.001993032 -0.03998288 -0.03041448 -0.0007546562 -0.0394838 -0.03240902 -0.001142995 -0.03950391 -0.03242875 0.002266398 -0.03897794 -0.03238952 -0.006509589 -0.04007671 -0.02825728 -0.004293935 -0.03894081 -0.03238912 -0.006715061 -0.03760159 -0.03237471 -0.01320286 -0.03808447 -0.03237989 -0.01145402 -0.04016387 -0.02506217 -0.00693685 -0.03809572 -0.03238001 -0.01139172 -0.03851667 -0.03238455 -0.009062247 -0.0376738 -0.03081312 -0.01432978 -0.03668233 -0.03236425 -0.01634442 -0.03686438 -0.0323668 -0.01587288 -0.03533881 -0.03234537 -0.0198244 -0.03771846 -0.02863826 -0.01537287 -0.03505039 -0.03234038 -0.02038512 -0.03387934 -0.03107388 -0.0230576 -0.03383727 -0.03231936 -0.02274358 -0.0350078 -0.03233964 -0.02046791 -0.0377611 -0.02628004 -0.01604484 -0.03248903 -0.03228862 -0.02486786 -0.03269309 -0.03229357 -0.02456658 -0.03355138 -0.03231441 -0.02329938 -0.03127074 -0.03225904 -0.02666657 -0.03395789 -0.02540546 -0.02335251 -0.02977949 -0.03223547 -0.02835894 -0.02881588 -0.02911906 -0.02952337 -0.02877795 -0.03221965 -0.02949555 -0.02257809 -0.03220322 -0.03455563 -0.02528543 -0.03220665 -0.03263673 -0.02633317 -0.03221035 -0.03169818 -0.02872504 -0.03221881 -0.02955559 -0.01754742 -0.03220309 -0.03748208 -0.01844113 -0.03220286 -0.03698812 -0.01921546 -0.02657947 -0.03666291 -0.01914787 -0.03220268 -0.03659751 -0.0226581 -0.02549193 -0.03460616 -0.0216427 -0.03220203 -0.03521861 -0.02251215 -0.03220313 -0.03460236 -0.01554517 -0.03220348 -0.03831343 -0.01559359 -0.02749323 -0.03837582 -0.01405891 -0.03220377 -0.03893054 -0.01182569 -0.02822149 -0.03972754 -0.01339957 -0.0322039 -0.0392043 -0.00792983 -0.03220336 -0.040663 -0.009005073 -0.03220376 -0.04047909 -0.007946846 -0.02875355 -0.04070467 -0.009513499 -0.03220378 -0.0403316 -0.01179326 -0.03220385 -0.03967027 -0.004821528 -0.03220218 -0.04119463 -0.003992711 -0.0290793 -0.04129586 -0.004522807 -0.03220207 -0.04124573 -0.003987059 -0.03220206 -0.04127607 -3.991828e-18 -0.02918982 -0.04149425 -2.829266e-15 -0.03220201 -0.04150186 0.003992711 -0.0290793 -0.04129586 0.003969837 -0.03220274 -0.04111254 0.004692043 -0.03220287 -0.04104172 0.007946846 -0.02875355 -0.04070467 0.007797635 -0.03220344 -0.04073715 0.01182569 -0.02822149 -0.03972754 0.009375357 -0.03220359 -0.04026161 0.007933825 -0.03220345 -0.04069611 0.01556044 -0.03220412 -0.03835367 0.01535044 -0.03220419 -0.03846067 0.01559359 -0.02749323 -0.03837582 0.0139651 -0.03220405 -0.03887823 0.0117545 -0.03220383 -0.03954452 0.0183008 -0.03220323 -0.0369574 0.01921546 -0.02657947 -0.03666291 0.01912051 -0.03220297 -0.03653975 0.02132473 -0.03220225 -0.03541666 0.0226581 -0.02549193 -0.03460616 0.02235992 -0.03220416 -0.03462844 0.02881588 -0.02911906 -0.02952337 0.02869471 -0.03222938 -0.02941939 0.02860794 -0.0322281 -0.02951724 0.0276417 -0.0322139 -0.03060676 0.02623964 -0.03221131 -0.03167433 0.0225316 -0.03220448 -0.03449771 0.02964076 -0.03224329 -0.02835265 0.03395789 -0.02540546 -0.02335251 0.03200365 -0.03227803 -0.02568829 0.0377611 -0.02628004 -0.01604484 0.03464337 -0.03233428 -0.02128968 0.03379475 -0.0323162 -0.02270377 0.03655875 -0.03236162 -0.01643829 0.03757323 -0.03237461 -0.01312468 0.03719437 -0.03237069 -0.01482836 0.0376738 -0.03081312 -0.01432978 0.03672946 -0.03236406 -0.01600591 0.03794737 -0.03237848 -0.0114422 0.04016387 -0.02506217 -0.00693685 0.03846418 -0.03238381 -0.009118112 0.04007671 -0.02825728 -0.004293935 0.03885515 -0.03238785 -0.007359968 0.03889617 -0.03239036 -0.006847681 0.03988289 -0.0312705 0.003423823 0.03943098 -0.03171259 0.02120291 0.03936913 -0.03243323 0.01196958 0.03921072 -0.03243532 0.02084183 0.03953716 -0.032431 0.002559086 0.0395405 -0.03243096 0.002371995 0.03955762 -0.03243073 0.001412889 0.03891946 -0.0320031 0.0361173 0.03891308 -0.03243658 0.03078586 0.03915048 -0.03243612 0.02421558 0.03813367 -0.03243874 0.04215156 0.03839452 -0.0324379 0.04021756 0.0383796 -0.03210846 0.04219234 0.03863735 -0.03243712 0.03841718 0.03872327 -0.03243696 0.03603911 0.03712977 -0.03244197 0.04959471 0.03733561 -0.03175341 0.04971948 0.03710981 -0.03244204 0.04974274 0.03556158 -0.03244622 0.05690306 0.03581582 -0.03244554 0.05573904 0.03642643 -0.03083666 0.05559362 0.03614775 -0.03244464 0.05421931 0.03708449 -0.03244212 0.04993044 0.03286827 -0.03243782 0.06354217 0.03306997 -0.03243845 0.06304497 0.03565069 -0.02882413 0.05991869 0.03416581 -0.03244187 0.0603437 0.03482997 -0.03244394 0.0587065 0.0267797 -0.03206955 0.07591938 0.02962532 -0.03249754 0.07008795 0.03108661 -0.02903412 0.06939121 0.024021 -0.03260076 0.08140005 0.02665058 -0.02832451 0.08051317 0.02673266 -0.03255082 0.07592665 0.02677682 -0.03255001 0.07583752 0.02240105 -0.03175686 0.0863146 0.02683452 -0.02522678 0.08503822 0.02281133 -0.02934669 0.09074163 0.01207606 -0.03825703 0.09183365 0.01185236 -0.03946553 0.08946097 0.007067195 -0.04155332 0.08950545 0.007929053 -0.04137921 0.08950191 0.01036583 -0.04019062 0.08947648 0.001825678 -0.0426122 0.089527 1.44081e-18 -0.04125593 0.09192879 -1.339557e-14 -0.04267712 0.08952816 -0.003770426 -0.04239557 0.08952289 -0.003588745 -0.04240998 0.08952316 -0.0002327583 -0.04267612 0.08952808 -0.01188871 -0.0395569 0.08946281 -0.01046554 -0.04034101 0.08947949 -0.01207606 -0.03825703 0.09183365 -0.01031323 -0.04042492 0.08948127 -0.007114083 -0.04162413 0.08950707 -0.01632346 -0.03677688 0.0890789 -0.01577054 -0.03716822 0.08924005 -0.01361541 -0.03860556 0.08944257 -0.02085975 -0.03356394 0.08662917 -0.0201328 -0.03406479 0.08724506 -0.02281133 -0.02934669 0.09074163 -0.01958451 -0.03444256 0.08770959 -0.01893921 -0.0349095 0.08806048 -0.02240105 -0.03175686 0.0863146 -0.02230272 -0.03279937 0.08473664 -0.0221896 -0.03283097 0.0849417 -0.02208883 -0.03285911 0.08512437 -0.02122735 -0.03334679 0.08619984 -0.02093346 -0.03351316 0.08656673 0.01112172 0.018 0.03998221 0.008176279 0.018 0.04063535 0.008188432 0.01501813 0.04068398 0.006841674 0.018 0.0409313 0.01196779 0.018 0.03973731 0.01218135 0.01501878 0.03967265 0.004107033 0.018 0.041242 0.01217694 0.018 0.03966212 0.01605378 0.01502042 0.0382691 0.01606496 0.018 0.03826431 0.02444234 0.018 0.03353879 0.02328873 0.01502626 0.03435006 0.02782768 0.018 0.03078716 0.02657905 0.01503012 0.03187151 0.02956835 0.018 0.02903947 0.02960826 0.0150345 0.02907921 0.02372354 0.018 0.03405116 0.02327571 0.018 0.03432909 0.01976848 0.01502297 0.03648905 0.01998902 0.018 0.03636874 0.01976307 0.018 0.03647789 0.03472804 0.018 0.02264178 0.03416292 0.018 0.02356143 0.0347644 0.01504466 0.02266412 0.03366287 0.018 0.0242709 0.03090752 0.018 0.02769489 0.03855491 0.01505652 0.01535488 0.0383321 0.018 0.01590297 0.03644984 0.018 0.01983973 0.04096215 0.018 0.006659878 0.04080713 0.018 0.007373927 0.04083841 0.01507013 0.007380722 0.04003607 0.018 0.01092543 0.03989557 0.0150631 0.01142786 0.03979971 0.018 0.01175742 0.03852934 0.018 0.01534582 0.04143492 0.018 0.002323365 0.04136775 0.01507742 0.003310485 0.04144398 0.018 -0.000732215 0.0414934 0.0150848 -0.000732066 0.04144796 0.018 -0.00207478 0.03986848 0.018 -0.01152164 0.04051777 0.018 -0.008733125 0.04056811 0.01509939 -0.008744853 0.04085772 0.018 -0.00727311 0.04139522 0.018 -0.002945753 0.03842574 0.018 -0.01567511 0.03811493 0.01511329 -0.01641628 0.03809968 0.018 -0.01640952 0.03490199 0.018 -0.02245219 0.03530092 0.018 -0.02181965 0.03739948 0.018 -0.01798657 0.02944466 0.018 -0.0292448 0.02906562 0.01513709 -0.0296215 0.02904894 0.018 -0.02960308 0.02281213 0.01514614 -0.03466773 0.02537908 0.018 -0.0328351 0.02618498 0.018 -0.03219602 0.01934889 0.0151498 -0.03671314 0.02179325 0.018 -0.03531702 0.02278596 0.018 -0.03462993 0.01382306 0.01515548 -0.03912985 0.01393542 0.018 -0.03908724 0.01568132 0.018 -0.03836046 0.0127954 0.018 -0.03947027 0.0118566 0.018 -0.03971535 0.00984363 0.018 -0.04024082 0.008678202 0.018 -0.04054506 0.00799 0.01519775 -0.04072066 0.007777087 0.018 -0.04068859 0.005996014 0.01522945 -0.04106076 0.005689269 0.018 -0.04102115 0.004384082 0.018 -0.04122905 0.003991828 0.01526262 -0.04130435 0.003668217 0.018 -0.04127327 0.001989228 0.01528876 -0.04145089 0.001745777 0.018 -0.04139201 -0.002864842 0.018 -0.04137711 -0.001754409 0.018 -0.04142469 -0.001989228 0.01528876 -0.04145089 -2.454549e-17 0.018 -0.04149985 4.015381e-19 0.01529936 -0.04149985 -0.005996014 0.01522945 -0.04106076 -0.005688637 0.018 -0.04102223 -0.0036676 0.018 -0.04127623 -0.007040783 0.018 -0.04085229 -0.00799 0.01519775 -0.04072066 -0.007777832 0.018 -0.04069002 -0.009962683 0.01517509 -0.04028463 -0.00984411 0.018 -0.04023512 -0.01190819 0.01516194 -0.03975388 -0.01186494 0.018 -0.03974971 -0.01129731 0.018 -0.03991519 -0.01382306 0.01515548 -0.03912985 -0.01379628 0.018 -0.03908099 -0.01241848 0.018 -0.03958835 -0.02388903 0.018 -0.03393468 -0.02278685 0.018 -0.03462753 -0.02281213 0.01514614 -0.03466773 -0.02022616 0.018 -0.0362372 -0.01570383 0.01515288 -0.03841399 -0.01639684 0.018 -0.03812335 -0.01569214 0.018 -0.03838286 -0.03103166 0.018 -0.02755508 -0.02902864 0.018 -0.02958501 -0.02906562 0.01513709 -0.0296215 -0.02796817 0.018 -0.03065971 -0.02459485 0.018 -0.03342663 -0.0337733 0.018 -0.02411644 -0.03423129 0.01512601 -0.02346192 -0.03421746 0.018 -0.02345267 -0.03807525 0.018 -0.01640043 -0.03767454 0.018 -0.0174031 -0.03811493 0.01511329 -0.01641628 -0.03729835 0.018 -0.01819535 -0.03517883 0.018 -0.02201595 -0.04121915 0.018 -0.004820229 -0.0405483 0.018 -0.008741455 -0.04056811 0.01509939 -0.008744853 -0.04047769 0.018 -0.009154202 -0.03929306 0.018 -0.0133532 -0.04149788 0.018 0.0004101676 -0.04144913 0.018 -0.0007301735 -0.0414934 0.0150848 -0.000732066 -0.04131146 0.018 -0.003951119 -0.04048982 0.018 0.009100987 -0.0407833 0.018 0.007371372 -0.04083841 0.01507013 0.007380722 -0.04122556 0.018 0.004764831 -0.03855491 0.01505652 0.01535488 -0.03902125 0.018 0.01412777 -0.03989557 0.0150631 0.01142786 -0.04028893 0.018 0.009952663 -0.03519389 0.018 0.02199101 -0.03732335 0.018 0.0181437 -0.0385104 0.018 0.01533606 -0.0347644 0.01504466 0.02266412 -0.03471945 0.018 0.02273295 -0.02921409 0.018 0.02947506 -0.02958932 0.018 0.02906201 -0.02960826 0.0150345 0.02907921 -0.03214519 0.018 0.02624857 -0.02164919 0.018 0.03540605 -0.02325659 0.018 0.03430321 -0.02328873 0.01502626 0.03435006 -0.02524074 0.018 0.03294189 -0.02593206 0.018 0.03240027 -0.01974125 0.018 0.03643879 -0.01976848 0.01502297 0.03648905 -0.01781588 0.018 0.03748096 -0.01605378 0.01502042 0.0382691 -0.01603179 0.018 0.03821611 -0.01375154 0.018 0.03915571 -0.01218135 0.01501878 0.03967265 -0.01289646 0.018 0.03944571 -0.008188432 0.01501813 0.04068398 -0.008692674 0.018 0.04057892 -0.01217218 0.018 0.03964096 0.002508702 0.018 0.0414236 8.385985e-17 0.018 0.04149986 1.04342e-17 0.01501819 0.04150014 -0.004112306 0.018 0.04128111 -0.00411459 0.01501809 0.04129511 -0.004389484 0.018 0.04126637 -0.008183266 0.018 0.04066031 4.446641e-18 -0.03749138 0.1167538 0.007096474 -0.03678817 0.1167344 0.003922484 -0.03729417 0.1268001 0.01416827 -0.03465758 0.1268001 0.01218053 -0.03546662 0.1268001 0.01393129 -0.03469861 0.1166631 0.00819096 -0.03659461 0.1268001 0.007226021 -0.03675275 0.1268001 0.01605065 -0.03389142 0.1268001 0.02025533 -0.03129308 0.1165268 0.01983887 -0.03182245 0.1268001 0.02828645 -0.02399322 0.116192 0.02636193 -0.02667022 0.1268001 0.02583805 -0.02669194 0.1163207 0.02322987 -0.02943845 0.1268001 0.02059058 -0.03129397 0.1268001 0.0316644 -0.02009034 0.1268001 0.03089129 -0.02117163 0.1268001 0.03047564 -0.02106105 0.1160474 0.02925349 -0.02346228 0.1268001 0.02870424 -0.02407163 0.1268001 0.03399819 -0.01460555 0.1157159 0.03438559 -0.01481087 0.1268001 0.03537136 -0.01245482 0.1268001 0.03529913 -0.01114155 0.1155326 0.03567521 -0.0114108 0.1268001 0.03653008 -0.008473465 0.1268001 0.03627591 -0.007562097 0.1153404 0.0366303 -0.0078973 0.1268001 0.03718373 0.003533866 0.1147353 0.03749987 -4.066288e-05 0.1268001 0.03722351 -0.0001907846 0.1149399 0.03746347 -0.000659841 0.1268001 0.0372461 -0.004356952 0.1268001 0.03673026 0.007261041 0.1145196 0.03727519 0.004099937 0.1268001 0.03733548 0.002988835 0.1268001 0.03381583 0.01620861 0.1268001 0.03478853 0.01385401 0.1268001 0.03476913 0.01399921 0.120844 0.03539792 0.01237886 0.1268001 0.03599028 0.0103091 0.1268001 0.02614295 0.02660946 0.1132956 0.02674299 0.02626603 0.1268001 0.02864036 0.02389188 0.1134669 0.02930367 0.0234004 0.1268001 0.03129788 0.02057893 0.1206662 0.03138529 0.02045946 0.1268001 0.03180235 0.01987024 0.1268001 0.02047194 0.03124667 0.113012 0.02343219 0.02927754 0.1268001 0.0265435 0.02648928 0.1268001 0.01448428 0.03452699 0.1268001 0.01627523 0.03378376 0.1268001 0.01406897 0.03468125 0.1128148 0.0199026 0.03178293 0.1268001 0.0210127 0.03099495 0.1268001 0.01241673 0.035385 0.1268001 0.007163034 0.03678985 0.1127049 0.008253906 0.0365803 0.1268001 -0.00359768 0.03732187 0.11268 1.353984e-18 0.0375 0.1268001 6.86505e-18 0.03750005 0.1126722 0.00417018 0.03726687 0.1268001 0.007392898 0.03672506 0.1268001 -0.007163034 0.03678985 0.1127049 -0.003943537 0.03729155 0.1268001 -0.003717418 0.0373035 0.1268001 -0.01448518 0.03452828 0.1268001 -0.01220225 0.03545957 0.1268001 -0.01406897 0.03468125 0.1128148 -0.00821782 0.03658842 0.1268001 -0.00739288 0.03672412 0.1268001 -0.02325131 0.02942145 0.1268001 -0.02101434 0.03099693 0.1268001 -0.02047194 0.03124667 0.113012 -0.01986462 0.03180667 0.1268001 -0.01607158 0.03388112 0.1268001 -0.02926957 0.02344304 0.1268001 -0.02673458 0.02625838 0.1268001 -0.02614295 0.02660946 0.1132956 -0.02638103 0.02665104 0.1268001 -0.03088112 0.02093975 0.1136555 -0.03139434 0.02046575 0.1268001 -0.03653434 0.008455342 0.1268001 -0.03599547 0.01031035 0.1268001 -0.03583533 0.01092982 0.1142944 -0.03537836 0.01243465 0.1268001 -0.03452018 0.01445092 0.1140712 -0.03478595 0.0138527 0.1268001 -0.03284691 0.01778263 0.1138581 -0.03371202 0.01642334 0.1268001 -0.03167617 0.02007084 0.1268001 -0.03749989 2.699885e-05 0.1268001 -0.03732698 0.002988153 0.1268001 -0.03718373 0.003533866 0.1147353 -0.03664071 -0.007899228 0.1268001 -0.03727374 -0.004113606 0.1268001 -0.0374347 -0.0005598315 0.1212024 -0.03657456 -0.007828449 0.1213709 -0.03567463 -0.01141082 0.1268001 -0.03658453 -0.008235231 0.1268001 -0.03529913 -0.01114155 0.1155326 -0.03238542 -0.01792226 0.1158881 -0.03380938 -0.01622251 0.1268001 -0.03399819 -0.01460555 0.1157159 -0.03439192 -0.01481376 0.1268001 -0.03539383 -0.01239082 0.1268001 -0.02929925 -0.02340512 0.1268001 -0.03088493 -0.02116739 0.1268001 -0.03047564 -0.02106105 0.1160474 -0.03179463 -0.01988362 0.1268001 -0.03278974 -0.01807534 0.1268001 -0.02025533 -0.03129308 0.1165268 -0.02342376 -0.02928439 0.1268001 -0.02583805 -0.02669194 0.1163207 -0.02625115 -0.02675206 0.1268001 -0.02653708 -0.02649597 0.1268001 -0.01416807 -0.03465811 0.1268001 -0.01627124 -0.03378606 0.1268001 -0.01393129 -0.03469861 0.1166631 -0.01990082 -0.03178375 0.1268001 -0.02059065 -0.03129435 0.1268001 -0.01241133 -0.03538652 0.1268001 -0.007096474 -0.03678817 0.1167344 -0.008260987 -0.03657886 0.1268001 9.854249e-18 -0.0375 0.1268001 -0.004172738 -0.03726701 0.1268001 -0.007225887 -0.03675309 0.1268001 0.005064621 0.03271178 0.06535421 4.68152e-18 0.03320763 0.06529252 4.798589e-18 0.0341416 0.06677769 0.005003756 0.03056853 0.06260909 0.004979338 0.02806876 0.06019068 0.004995782 0.02525048 0.05813723 3.435399e-18 0.01924002 0.05522118 3.683866e-18 0.02259065 0.05642334 0.005057505 0.02215152 0.05648698 3.195129e-18 0.01568826 0.05450281 0.005168923 0.01880994 0.05527819 0.01019646 0.02078897 0.05681993 0.01007803 0.02385216 0.05848566 0.01531394 0.02146473 0.05927277 0.01525977 0.02417639 0.06134201 0.02067784 0.02069963 0.06265936 0.02070998 0.02299582 0.06505599 0.02631922 0.01839419 0.06686936 0.02632446 0.01620181 0.06448405 0.02075531 0.01807541 0.06056932 0.01547945 0.01846125 0.05757234 0.0104074 0.01747673 0.05558155 0.005334452 0.01526422 0.05454841 2.966773e-18 0.01197595 0.05429982 0.03608284 0.001298158 0.06717242 0.03472864 0.005106653 0.06584642 0.03448122 0.009486039 0.0703875 0.03520296 -0.000431608 0.06206784 0.03654941 -0.004090604 0.06324121 0.03678095 -0.008198581 0.06437606 0.03368474 -0.003934899 0.05820625 0.03321134 -0.0005255206 0.05947588 0.01313671 0.00308809 0.04829707 0.01358759 0.002997737 0.04637619 0.006867373 0.004497791 0.04637886 0.01137287 0.006301303 0.0413568 0.01169346 0.007891416 0.04014951 0.01183124 0.008878196 0.03980881 0.01195022 0.01004676 0.0396546 0.01597578 0.01207297 0.03825857 0.01501875 0.005255003 0.04079816 0.0154292 0.006768495 0.03908366 0.01560558 0.007799479 0.03851679 0.0157579 0.009138893 0.0382441 0.02883015 5.197231e-05 0.03101243 0.02594249 0.002974661 0.03265456 0.02569191 0.001733265 0.03422772 0.02615885 0.005078999 0.03184826 0.02289609 0.006641193 0.03432118 0.02269395 0.004831371 0.0349217 0.02245984 0.003673029 0.03610866 0.02510866 0.0005239344 0.03820053 0.021915 0.002352956 0.0392145 0.02065363 0.0006759221 0.04437265 0.02917688 0.003329178 0.02906746 0.02907054 0.002010996 0.02943584 0.02895474 0.0008945073 0.03010461 0.03019412 -0.004527716 0.04118688 0.02742216 -0.002363652 0.0416124 0.02671077 -0.002830421 0.04414173 0.02375798 -0.0009666776 0.04426748 0.02600651 -0.002838867 0.04635974 0.02001414 0.000534232 0.04637002 0.02805094 0.0009248397 0.05683873 0.02841038 -0.0008815125 0.05640512 0.02277284 0.003096578 0.05548065 0.02319472 0.00131509 0.05495405 0.01747061 0.004391735 0.05442789 0.01789128 0.002846767 0.05346255 0.01199255 0.005047576 0.05322532 0.01234022 0.003896429 0.05186992 0.006199871 0.005231818 0.05180111 0.006403692 0.004615275 0.05013043 2.384221e-18 0.005072284 0.05012439 2.302734e-18 0.005004651 0.04826061 2.224346e-18 0.005001585 0.04637934 0.006626009 0.004525087 0.04826532 0.01272126 0.003236957 0.05018417 0.01835462 0.001661811 0.0520592 0.02366149 -0.0002363781 0.05388965 0.02880896 -0.002633247 0.05571314 0.03425907 -0.007390449 0.05667368 0.029248 -0.004177363 0.05450838 0.02417459 -0.00145405 0.05239734 0.01886198 0.0009439565 0.05032411 0.0308208 -0.006670614 0.04869459 0.03025263 -0.006255536 0.0509194 0.02972879 -0.00541713 0.05288547 0.03494101 -0.01015794 0.05350345 0.03458617 -0.008910826 0.05529316 0.03669598 -0.01174783 0.05574938 0.03642495 -0.01025925 0.05723118 0.03769375 -0.01358596 0.05781952 0.03594307 -0.006889845 0.05899309 0.03724754 -0.01034034 0.05982114 0.03532442 -0.01104079 0.05136055 0.03698786 -0.01297728 0.0538623 0.03794294 -0.0150204 0.05623116 0.03799028 -0.01728806 0.0583845 0.03751613 -0.01419951 0.06061975 0.03573724 -0.01153594 0.0489288 0.03730123 -0.01385969 0.05161583 0.03821021 -0.01620756 0.05424116 0.03825599 -0.01864838 0.05669351 0.03748449 -0.02118815 0.0589077 0.03693724 -0.01827519 0.06136471 0.03917456 -0.02103174 0.04934309 0.03884756 -0.02057423 0.05214437 0.03812842 -0.02350862 0.05494221 0.037794 -0.02246309 0.05712118 0.03854156 -0.01977102 0.0546051 0.03849607 -0.01706262 0.05188511 0.03763667 -0.01437081 0.04906373 0.03837181 -0.01513314 0.04324271 0.0366488 -0.01224752 0.04345522 0.03711945 -0.01213822 0.03965317 0.02809846 -0.001535604 0.03705034 0.03144982 -0.002834036 0.02977345 0.02869744 -0.0004425426 0.03210907 0.03404649 -0.004895646 0.02561728 0.03804564 -0.01054338 0.01947826 0.03416149 -0.00385666 0.02425838 0.03812731 -0.009275355 0.01761079 0.03426836 -0.002411285 0.02325204 0.03820318 -0.007452821 0.01622294 0.03436649 -0.0006656196 0.02269374 0.03961535 -0.01019162 0.0124537 0.03955485 -0.01222213 0.01404517 0.03948969 -0.0136199 0.01618352 0.03942023 -0.01422234 0.01872157 0.04058662 -0.01307324 0.008571705 0.04053222 -0.01532603 0.01037255 0.04047364 -0.01686606 0.01278927 0.04041116 -0.01751092 0.015653 0.04012829 -0.01799756 0.02795558 0.03609995 -0.008187014 0.02454254 0.0356118 -0.008924654 0.03289597 0.03795859 -0.01111358 0.02169931 0.03756509 -0.01173781 0.0313227 0.03910591 -0.0147598 0.02966636 0.03874931 -0.0150833 0.03906588 0.0410962 -0.0160512 0.004663153 0.04103754 -0.01853692 0.00667542 0.04097438 -0.02022878 0.009373536 0.04090703 -0.02092423 0.01256665 0.0406022 -0.02139078 0.02624195 0.04025616 -0.0216654 0.03785077 0.04116764 -0.01907193 0.0007747692 0.04109734 -0.02179581 0.002998231 0.04102165 -0.02364428 0.005977934 0.04094096 -0.02439448 0.009500859 0.040576 -0.02485722 0.02454989 0.04016229 -0.02514148 0.03726598 0.0397248 -0.02520436 0.04259597 0.03052463 -0.01763028 0.08336922 0.030376 -0.02071457 0.07870704 0.03337805 -0.00922794 0.0813884 0.03329718 -0.01228704 0.0765695 0.03533331 -0.0003157376 0.07921252 0.03535447 -0.003336733 0.0742247 0.03595076 0.004235841 0.0780906 0.03603489 0.001238897 0.07301657 0.03571252 0.008579638 0.07688873 0.03581487 0.005583723 0.07172565 0.03442179 0.01251739 0.07563971 0.03053966 -0.02458584 0.07411733 0.03349875 -0.01629248 0.07198856 0.03559742 -0.007477846 0.06965546 0.03629941 -0.002968861 0.06845398 0.03106618 -0.032471 0.06717961 0.03404559 -0.02104088 0.06750656 0.03610929 -0.01254479 0.06544022 0.005157515 0.03445983 0.06838764 0.01036522 0.03288547 0.06870571 0.01019569 0.03118278 0.06568982 0.01565742 0.03022313 0.06943907 0.0154423 0.02858929 0.06645843 0.02105648 0.02648215 0.07065772 0.02084008 0.02493338 0.06773201 0.02656577 0.02168883 0.07235163 0.02640312 0.02023196 0.06949992 0.03216331 0.01594764 0.07444588 0.03211698 0.01458082 0.07168496 0.04020481 -0.02315923 -0.007841812 0.03887495 -0.02464797 0.04947119 0.03827282 -0.00521963 0.01544832 0.03967087 -0.007692202 0.01156287 0.04063653 -0.01029195 0.007561138 0.04115001 -0.01297668 0.003532132 0.04123216 -0.01569869 -0.000475915 0.0402439 -0.02109704 -0.008424746 0.03445528 0.001264518 0.02262514 0.03833581 -0.002734036 0.01534299 0.03972107 -0.004904538 0.01143639 0.04068165 -0.007185823 0.007412357 0.04119867 -0.009540418 0.003361782 0.04129051 -0.01192673 -0.0006664264 0.04031628 -0.01665948 -0.008654343 0.03784008 -0.02120323 -0.01630993 0.01191001 0.001003573 -0.03975146 0.01570383 0.01515288 -0.03841399 0.01565364 -0.01339675 -0.03839979 0.01928814 -0.01278733 -0.03669336 0.02274199 -0.01206182 -0.0346427 0.02898092 -0.01029581 -0.02958827 0.03413857 -0.008170436 -0.02342487 0.03802172 -0.00576433 -0.01638025 0.04048273 -0.003161954 -0.008714186 0.04142464 -0.0004509299 -0.0007098335 0.04131047 0.0009158341 0.003327867 0.04078531 0.002266198 0.007391436 0.03983644 0.00357675 0.01143074 0.03848064 0.004825129 0.01535085 0.03465955 0.007126536 0.0226509 0.02949456 0.009143396 0.02906194 0.02646828 0.01002653 0.03185424 0.02318522 0.01081457 0.03433406 0.01967608 0.01149906 0.03647541 0.01187193 -0.0138823 -0.03974512 0.007978312 -0.01423693 -0.04071665 0.008053869 0.0007026662 -0.04071943 0.004008678 -0.01445398 -0.04130378 0.004134127 0.0003542782 -0.04130399 -2.470122e-18 -0.0145276 -0.04150061 -6.609446e-19 0.0001797699 -0.04149984 0.004316889 0.008025038 -0.04130426 1.555762e-18 0.007654328 -0.04149985 -0.03329718 -0.01228704 0.0765695 -0.02665058 -0.02832451 0.08051317 -0.03053966 -0.02458584 0.07411733 -0.02950038 -0.03248043 0.07014278 -0.03349875 -0.01629248 0.07198856 -0.03595076 0.004235841 0.0780906 -0.03603489 0.001238897 0.07301657 -0.03216331 0.01594764 0.07444588 -0.03211698 0.01458082 0.07168496 -0.03442179 0.01251739 0.07563971 -0.03448122 0.009486039 0.0703875 -0.03571252 0.008579638 0.07688873 -0.03212488 0.01284507 0.06910995 -0.03219368 0.01076284 0.06673814 -0.03472864 0.005106653 0.06584642 -0.005157515 0.03445983 0.06838764 -0.002575068 0.03484508 0.06834002 4.912319e-18 0.03497183 0.06833036 -0.005064621 0.03271178 0.06535421 -0.00510734 0.03363763 0.06683729 -0.01008585 0.02908527 0.06295671 -0.005003756 0.03056853 0.06260909 -0.004986716 0.02936082 0.06135665 4.439346e-18 0.03104832 0.06254407 4.315228e-18 0.02983285 0.06129049 -0.01004389 0.02662965 0.06054325 -0.004979338 0.02806876 0.06019068 -0.004982177 0.02669707 0.05911595 -0.01007803 0.02385216 0.05848566 4.561608e-18 0.03217489 0.0638797 -0.005029909 0.03168713 0.06394321 -0.01019569 0.03118278 0.06568982 -0.03233005 0.008358322 0.06458165 -0.03254067 0.005656434 0.06265058 -0.03520296 -0.000431608 0.06206784 -0.03629941 -0.002968861 0.06845398 -0.03559742 -0.007477846 0.06965546 -0.03678095 -0.008198581 0.06437606 -0.03610929 -0.01254479 0.06544022 -0.03751613 -0.01419951 0.06061975 -0.03693724 -0.01827519 0.06136471 -0.03581487 0.005583723 0.07172565 -0.03608284 0.001298158 0.06717242 -0.03654941 -0.004090604 0.06324121 -0.03594307 -0.006889845 0.05899309 -0.03724754 -0.01034034 0.05982114 -0.03368474 -0.003934899 0.05820625 -0.03321134 -0.0005255206 0.05947588 -0.03283221 0.00268464 0.06094989 -0.004995782 0.02525048 0.05813723 -0.005020708 0.02373371 0.05725931 -0.01019646 0.02078897 0.05681993 4.189743e-18 0.02853332 0.06012381 4.063378e-18 0.02715452 0.05904889 3.936618e-18 0.02570128 0.0580706 -0.004316889 0.008025038 -0.04130426 -0.003991828 0.01526262 -0.04130435 -0.004134127 0.0003542782 -0.04130399 -0.004008678 -0.01445398 -0.04130378 -0.008053869 0.0007026662 -0.04071943 -0.008146127 0.008692584 -0.04072036 -0.007978312 -0.01423693 -0.04071665 -0.01187193 -0.0138823 -0.03974512 -0.01565364 -0.01339675 -0.03839979 -0.0402439 -0.02109704 -0.008424746 -0.04020481 -0.02315923 -0.007841812 -0.03784008 -0.02120323 -0.01630993 -0.03402763 -0.01966207 -0.0233749 -0.02887958 -0.02284563 -0.02954236 -0.02254596 -0.03220318 -0.0345784 -0.0413423 -0.008104297 -0.0006795245 -0.04129051 -0.01192673 -0.0006664264 -0.04123216 -0.01569869 -0.000475915 -0.04142464 -0.0004509299 -0.0007098335 -0.04048273 -0.003161954 -0.008714186 -0.03802172 -0.00576433 -0.01638025 -0.03413857 -0.008170436 -0.02342487 -0.02898092 -0.01029581 -0.02958827 0.01796589 0.018 -0.03740947 -0.04094096 -0.02439448 0.009500859 -0.04102165 -0.02364428 0.005977934 -0.04109734 -0.02179581 0.002998231 -0.04116764 -0.01907193 0.0007747692 -0.0397248 -0.02520436 0.04259597 -0.03880104 -0.01756036 0.04920585 -0.03763667 -0.01437081 0.04906373 -0.03837181 -0.01513314 0.04324271 -0.0366488 -0.01224752 0.04345522 -0.03711945 -0.01213822 0.03965317 -0.0384885 -0.02424604 0.05238533 -0.03812842 -0.02350862 0.05494221 -0.03884756 -0.02057423 0.05214437 -0.03854156 -0.01977102 0.0546051 -0.03849607 -0.01706262 0.05188511 -0.03821021 -0.01620756 0.05424116 -0.03730123 -0.01385969 0.05161583 -0.03698786 -0.01297728 0.0538623 -0.03532442 -0.01104079 0.05136055 -0.03494101 -0.01015794 0.05350345 -0.02972879 -0.00541713 0.05288547 -0.029248 -0.004177363 0.05450838 -0.02366149 -0.0002363781 0.05388965 -0.02319472 0.00131509 0.05495405 -0.01747061 0.004391735 0.05442789 -0.01709125 0.006186943 0.05483246 -0.01139326 0.008378408 0.05446065 -0.01113958 0.01025739 0.0545139 -0.005558509 0.01155475 0.05432765 -0.01071904 0.01395289 0.05480446 -0.005334452 0.01526422 0.05454841 -0.0104074 0.01747673 0.05558155 -0.005168923 0.01880994 0.05527819 -0.005057505 0.02215152 0.05648698 3.809952e-18 0.02417838 0.05719379 0.0264292 0.01368216 0.06236428 0.02095405 0.015154 0.0588121 0.01576708 0.01520055 0.05627137 0.01071904 0.01395289 0.05480446 0.005558509 0.01155475 0.05432765 2.855239e-18 0.01009361 0.05429926 -0.005693865 0.0096724 0.05431635 -0.00584551 0.007875602 0.05402566 -0.01167724 0.006579709 0.0541331 -0.01199255 0.005047576 0.05322532 -0.01789128 0.002846767 0.05346255 -0.01835462 0.001661811 0.0520592 -0.02417459 -0.00145405 0.05239734 -0.02473549 -0.002235476 0.05056913 -0.03025263 -0.006255536 0.0509194 -0.0308208 -0.006670614 0.04869459 -0.03573724 -0.01153594 0.0489288 0.02664384 0.01086307 0.06052888 0.0212857 0.0119676 0.05741146 0.01618762 0.0117186 0.0553977 0.01113958 0.01025739 0.0545139 0.005693865 0.0096724 0.05431635 2.737184e-18 0.008298801 0.05401708 -0.006013995 0.006356266 0.05314094 -0.01234022 0.003896429 0.05186992 -0.01886198 0.0009439565 0.05032411 -0.02534565 -0.002559945 0.04850736 0.03212488 0.01284507 0.06910995 0.03219368 0.01076284 0.06673814 0.03233005 0.008358322 0.06458165 0.02697876 0.007774282 0.05899297 0.02176193 0.008550541 0.05638674 0.01675187 0.008054822 0.05496867 0.01139326 0.008378408 0.05446065 0.00584551 0.007875602 0.05402566 2.610884e-18 0.006785424 0.05313551 -0.006199871 0.005231818 0.05180111 -0.01272126 0.003236957 0.05018417 -0.0194147 0.0007128948 0.04837473 -0.02600651 -0.002838867 0.04635974 -0.03208733 -0.007172292 0.04383178 -0.03961535 -0.01019162 0.0124537 -0.04058662 -0.01307324 0.008571705 -0.03955485 -0.01222213 0.01404517 -0.04053222 -0.01532603 0.01037255 -0.03948969 -0.0136199 0.01618352 -0.04047364 -0.01686606 0.01278927 -0.03942023 -0.01422234 0.01872157 -0.04041116 -0.01751092 0.015653 -0.04012829 -0.01799756 0.02795558 -0.0406022 -0.02139078 0.02624195 -0.04025616 -0.0216654 0.03785077 -0.04016229 -0.02514148 0.03726598 -0.03274563 -0.006887601 0.04071477 -0.03019412 -0.004527716 0.04118688 -0.03086014 -0.003808088 0.03577463 -0.03505975 -0.009429022 0.04020158 -0.0356118 -0.008924654 0.03289597 -0.03337077 -0.00627636 0.03438498 -0.03392398 -0.005421448 0.0272427 -0.03144982 -0.002834036 0.02977345 -0.03404649 -0.004895646 0.02561728 -0.03804564 -0.01054338 0.01947826 -0.03795859 -0.01111358 0.02169931 -0.03887495 -0.02464797 0.04947119 -0.03917456 -0.02103174 0.04934309 -0.03988959 -0.02170067 0.04280278 -0.03946644 -0.01830666 0.0430202 -0.03980702 -0.01828045 0.03845482 -0.03874931 -0.0150833 0.03906588 -0.03910591 -0.0147598 0.02966636 -0.03756509 -0.01173781 0.0313227 -0.03609995 -0.008187014 0.02454254 -0.02883015 5.197231e-05 0.03101243 0.03283221 0.00268464 0.06094989 0.02744433 0.004448595 0.05776522 0.02239439 0.004941793 0.05574442 0.01709125 0.006186943 0.05483246 0.01167724 0.006579709 0.0541331 0.006013995 0.006356266 0.05314094 2.489225e-18 0.005671971 0.05179571 -0.006403692 0.004615275 0.05013043 -0.01313671 0.00308809 0.04829707 -0.02001414 0.000534232 0.04637002 -0.02671077 -0.002830421 0.04414173 -0.02742216 -0.002363652 0.0416124 -0.02809846 -0.001535604 0.03705034 -0.02869744 -0.0004425426 0.03210907 -0.04124184 -0.006058012 0.003352022 -0.04119867 -0.009540418 0.003361782 -0.04115001 -0.01297668 0.003532132 -0.0410962 -0.0160512 0.004663153 -0.04103754 -0.01853692 0.00667542 -0.04097438 -0.02022878 0.009373536 -0.04090703 -0.02092423 0.01256665 -0.040576 -0.02485722 0.02454989 0.02887958 -0.02284563 -0.02954236 0.03402763 -0.01966207 -0.0233749 0.0379102 -0.01605906 -0.01633214 0.04038054 -0.01216283 -0.008673133 0.0413423 -0.008104297 -0.0006795245 0.04124184 -0.006058012 0.003352022 0.04072168 -0.004038077 0.007407291 0.03976563 -0.002079981 0.0114369 0.03839173 -0.0002163084 0.0153484 0.03453412 0.003217682 0.02263687 0.02935858 0.006228516 0.02904252 0.02633582 0.007547101 0.03183459 0.02306145 0.008723994 0.03431569 0.019418 0.00799921 0.03645997 -0.03445528 0.001264518 0.02262514 -0.03453412 0.003217682 0.02263687 -0.03839173 -0.0002163084 0.0153484 -0.03848064 0.004825129 0.01535085 -0.03983644 0.00357675 0.01143074 -0.03465955 0.007126536 0.0226509 -0.03426836 -0.002411285 0.02325204 -0.03436649 -0.0006656196 0.02269374 -0.03827282 -0.00521963 0.01544832 -0.03833581 -0.002734036 0.01534299 -0.03972107 -0.004904538 0.01143639 -0.03976563 -0.002079981 0.0114369 -0.04072168 -0.004038077 0.007407291 -0.04078531 0.002266198 0.007391436 -0.04131047 0.0009158341 0.003327867 -0.02445029 -0.0004100976 0.0419879 -0.02510866 0.0005239344 0.03820053 -0.02569191 0.001733265 0.03422772 -0.02130009 0.001318139 0.04231054 -0.01854239 0.003934578 0.04008239 -0.021915 0.002352956 0.0392145 -0.01902863 0.005357038 0.03773223 -0.02245984 0.003673029 0.03610866 -0.02269395 0.004831371 0.0349217 -0.006626009 0.004525087 0.04826532 -0.006867373 0.004497791 0.04637886 -0.01358759 0.002997737 0.04637619 -0.01406888 0.003254144 0.04452091 -0.02065363 0.0006759221 0.04437265 -0.007125096 0.004834797 0.04459425 -0.007385795 0.005729284 0.04305678 -0.01455563 0.004045131 0.04279076 -0.003706363 0.006158235 0.0431168 -0.003573777 0.005234912 0.04460841 2.166574e-18 0.006302695 0.04313553 -0.01560558 0.007799479 0.03851679 -0.0157579 0.009138893 0.0382441 -0.019418 0.00799921 0.03645997 -0.01137287 0.006301303 0.0413568 -0.007633884 0.007061056 0.04175442 -0.003944381 0.009211265 0.04138211 -0.00383254 0.007524007 0.04199164 2.282532e-18 0.009381213 0.04153794 2.203911e-18 0.007680476 0.04207031 0.00383254 0.007524007 0.04199164 0.007385795 0.005729284 0.04305678 -0.01501875 0.005255003 0.04079816 -0.0154292 0.006768495 0.03908366 -0.01923757 0.006445217 0.03688201 -0.02289609 0.006641193 0.03432118 -0.02306145 0.008723994 0.03431569 -0.02633582 0.007547101 0.03183459 -0.02646828 0.01002653 0.03185424 -0.02949456 0.009143396 0.02906194 -0.02318522 0.01081457 0.03433406 -0.01967608 0.01149906 0.03647541 -0.01597578 0.01207297 0.03825857 -0.01195022 0.01004676 0.0396546 -0.008029892 0.01070966 0.04067414 -0.004033956 0.01111578 0.04129224 2.391889e-18 0.0112537 0.0415002 0.003944381 0.009211265 0.04138211 0.007633884 0.007061056 0.04175442 0.01923757 0.006445217 0.03688201 0.01902863 0.005357038 0.03773223 0.01854239 0.003934578 0.04008239 0.01455563 0.004045131 0.04279076 0.01406888 0.003254144 0.04452091 0.007125096 0.004834797 0.04459425 2.172665e-18 0.005369193 0.04461231 0.02243503 -0.0322043 -0.03457125 -0.02828645 -0.02399322 0.116192 -0.02925916 -0.02070156 0.1048753 -0.02469914 -0.02651568 0.1054197 -0.03627591 -0.007562097 0.1153404 -0.03526929 -0.006643687 0.1033361 -0.03282193 -0.01399729 0.1041695 -0.02870378 -0.02407144 0.1268001 -0.03691957 -0.003900598 0.115142 -0.03652353 0.001090897 0.1024247 -0.03604884 -0.002806723 0.1028868 -0.03612904 0.001649517 0.09628252 -0.03468699 -0.006348589 0.09748425 -0.03746237 -0.0006599088 0.1268001 -0.03722351 -0.0001907846 0.1149399 -0.03668586 0.005014452 0.1019548 -0.02945614 0.02219739 0.09948236 -0.03166925 0.01920436 0.09992659 -0.03368543 0.01602615 0.1004037 -0.03617722 0.006068319 0.08956388 -0.03576774 0.001820068 0.09035758 -0.03528628 0.01257994 0.1009186 -0.03629998 0.008878235 0.1014494 -0.03471139 0.01399623 0.08781247 -0.03587282 0.01017834 0.08870811 -0.02449614 0.02751893 0.09872198 -0.02861402 0.02285545 0.09241199 -0.03320641 0.01684312 0.09361078 -0.03275746 0.01742356 0.08695286 -0.02779622 0.02334305 0.08544116 -0.02255204 0.02836134 0.08421769 -0.02210696 0.02849545 0.08063073 -0.02170157 0.02829322 0.0771373 -0.02708578 0.02335552 0.07861926 -0.02679678 0.02273871 0.07539969 -0.0322572 0.01692341 0.07737439 -0.03445043 0.01347461 0.07849982 -0.03571315 0.009542871 0.07967641 -0.01628143 0.03217692 0.07607393 -0.02134753 0.02761211 0.07380289 -0.02656577 0.02168883 0.07235163 -0.02640312 0.02023196 0.06949992 -0.02631922 0.01839419 0.06686936 -0.02632446 0.01620181 0.06448405 -0.0264292 0.01368216 0.06236428 -0.02664384 0.01086307 0.06052888 -0.02697876 0.007774282 0.05899297 -0.02744433 0.004448595 0.05776522 -0.02805094 0.0009248397 0.05683873 -0.02725943 -0.02294003 0.0896471 -0.03091454 -0.01549894 0.08820742 -0.03367854 -0.007281164 0.08649299 -0.03548678 0.001421437 0.08460672 -0.03601041 0.005860286 0.08363324 -0.03574282 0.01012324 0.08258711 -0.03451148 0.01403201 0.08149638 -0.03239197 0.017486 0.08045217 0.03284691 0.01778263 0.1138581 0.03452018 0.01445092 0.1140712 0.03583533 0.01092982 0.1142944 0.03658746 0.00822247 0.1268001 0.03684808 0.006660176 0.1268001 0.02706049 0.02497774 0.09907853 0.02449614 0.02751893 0.09872198 0.01892686 0.03181254 0.09816204 0.01288573 0.03495567 0.09781229 0.006523785 0.03686391 0.09764937 6.279452e-18 0.03749987 0.0976143 -0.003271902 0.03734095 0.09762122 -0.006523785 0.03686391 0.09764937 -0.01288573 0.03495567 0.09781229 -0.01892686 0.03181254 0.09816204 0.03691957 -0.003900598 0.115142 0.03526929 -0.006643687 0.1033361 0.03652353 0.001090897 0.1024247 0.02925916 -0.02070156 0.1048753 0.03282193 -0.01399729 0.1041695 0.03629998 0.008878235 0.1014494 0.03668586 0.005014452 0.1019548 0.01709187 0.03233958 0.08334061 0.02351464 0.02799587 0.091436 0.02255204 0.02836134 0.08421769 0.02861402 0.02285545 0.09241199 0.03088112 0.02093975 0.1136555 0.02945614 0.02219739 0.09948236 0.01147614 0.0352084 0.08281749 0.005761064 0.03692561 0.08259571 5.653003e-18 0.03749032 0.08255864 -0.002883058 0.03734992 0.08256438 -0.03748449 -0.02118815 0.0589077 -0.03799028 -0.01728806 0.0583845 -0.03769375 -0.01358596 0.05781952 -0.03642495 -0.01025925 0.05723118 -0.03425907 -0.007390449 0.05667368 -0.02841038 -0.0008815125 0.05640512 -0.02239439 0.004941793 0.05574442 -0.02176193 0.008550541 0.05638674 -0.0212857 0.0119676 0.05741146 -0.02095405 0.015154 0.0588121 -0.02075531 0.01807541 0.06056932 -0.02067784 0.02069963 0.06265936 -0.02070998 0.02299582 0.06505599 -0.02084008 0.02493338 0.06773201 -0.02105648 0.02648215 0.07065772 -0.01594072 0.03143025 0.07265566 -0.01085053 0.03495938 0.07543779 -0.005584213 0.03694464 0.07883371 -0.002792859 0.03736064 0.0787987 5.496888e-18 0.03749811 0.0787922 0.005584213 0.03694464 0.07883371 0.0111499 0.0352571 0.07907996 0.01666874 0.03242945 0.07965954 0.02210696 0.02849545 0.08063073 0.02779622 0.02334305 0.08544116 -0.037794 -0.02246309 0.05712118 -0.03825599 -0.01864838 0.05669351 -0.03794294 -0.0150204 0.05623116 -0.03669598 -0.01174783 0.05574938 -0.03458617 -0.008910826 0.05529316 -0.02880896 -0.002633247 0.05571314 -0.02277284 0.003096578 0.05548065 -0.01675187 0.008054822 0.05496867 -0.01618762 0.0117186 0.0553977 -0.01576708 0.01520055 0.05627137 -0.01547945 0.01846125 0.05757234 -0.01531394 0.02146473 0.05927277 -0.01525977 0.02417639 0.06134201 -0.01530616 0.02656247 0.06374808 -0.0154423 0.02858929 0.06645843 -0.01565742 0.03022313 0.06943907 -0.01058624 0.03415659 0.07196736 -0.005421728 0.03661506 0.07516582 -0.002709961 0.03702225 0.07512651 5.323959e-18 0.03715662 0.075119 0.005421728 0.03661506 0.07516582 0.01085053 0.03495938 0.07543779 0.01628143 0.03217692 0.07607393 0.02170157 0.02829322 0.0771373 0.02708578 0.02335552 0.07861926 0.03617722 0.006068319 0.08956388 0.03601041 0.005860286 0.08363324 0.03587282 0.01017834 0.08870811 0.03574282 0.01012324 0.08258711 0.03471139 0.01399623 0.08781247 0.03451148 0.01403201 0.08149638 0.03275746 0.01742356 0.08695286 0.03239197 0.017486 0.08045217 0.02679678 0.02273871 0.07539969 0.02134753 0.02761211 0.07380289 0.01594072 0.03143025 0.07265566 0.01058624 0.03415659 0.07196736 0.005278023 0.03577386 0.07167099 5.127784e-18 0.03630135 0.07161878 -0.002636615 0.03617061 0.07162737 -0.005278023 0.03577386 0.07167099 -0.01036522 0.03288547 0.06870571 0.0359649 0.005229418 0.08080685 0.03571315 0.009542871 0.07967641 0.03445043 0.01347461 0.07849982 0.0322572 0.01692341 0.07737439 -0.0321342 -0.01393217 0.09857651 -0.02854384 -0.02082672 0.09949247 -0.02402708 -0.02678765 0.100187 -0.01929663 -0.03123497 0.1057876 -0.01872962 -0.03160917 0.1006422 -0.01323715 -0.03470078 0.1059879 -0.01282597 -0.03513551 0.1008736 -0.006729946 -0.03680793 0.1060564 -0.006512603 -0.03726906 0.1009362 2.050554e-18 -0.03751011 0.1060592 1.835644e-18 -0.03797629 0.1009277 0.006729946 -0.03680793 0.1060564 0.006512603 -0.03726906 0.1009362 0.01323715 -0.03470078 0.1059879 0.01282597 -0.03513551 0.1008736 0.01929663 -0.03123497 0.1057876 0.01872962 -0.03160917 0.1006422 0.02469914 -0.02651568 0.1054197 0.02402708 -0.02678765 0.100187 0.02854384 -0.02082672 0.09949247 0.0321342 -0.01393217 0.09857651 0.03468699 -0.006348589 0.09748425 0.03612904 0.001649517 0.09628252 0.03576774 0.001820068 0.09035758 0.03413579 -0.006521231 0.09189415 0.03091454 -0.01549894 0.08820742 0.03147473 -0.01441201 0.09328894 0.02725943 -0.02294003 0.0896471 0.02785323 -0.0215693 0.09445673 0.02337557 -0.02774235 0.09533988 0.01817846 -0.03272176 0.09591573 0.01242556 -0.03635199 0.09620532 0.006300699 -0.03854019 0.09628008 1.762196e-18 -0.03926259 0.09626692 -0.006300699 -0.03854019 0.09628008 -0.01242556 -0.03635199 0.09620532 -0.01817846 -0.03272176 0.09591573 -0.02337557 -0.02774235 0.09533988 -0.02785323 -0.0215693 0.09445673 -0.03147473 -0.01441201 0.09328894 -0.03413579 -0.006521231 0.09189415 -0.007152272 -0.04174534 0.08913511 -0.003604449 -0.04252318 0.08892585 -0.003592304 -0.04243999 0.08870696 -1.753008e-05 -0.04269933 0.08870939 -0.01050156 -0.04041371 0.08889356 -0.01046351 -0.04033355 0.08868542 -0.007120893 -0.04164291 0.08869891 -0.01365729 -0.03866982 0.08907855 -0.01365693 -0.03866927 0.08907617 -0.01051302 -0.04043816 0.08910964 -0.01345716 -0.03836313 0.08842777 -0.01341159 -0.03829327 0.08839713 -0.01032513 -0.04004291 0.08838688 0.01037938 -0.0402142 0.08851068 0.01049037 -0.0404483 0.08910991 0.007186593 -0.04089705 0.08830014 0.01014094 -0.03970876 0.08830014 0.0103029 -0.0400529 0.08838691 0.01039361 -0.03960713 0.08830014 0.006993121 -0.04134266 0.08838961 0.006880904 -0.04096983 0.08830014 0.003537963 -0.04211844 0.0883912 0.003482708 -0.04172996 0.08830014 0.003799475 -0.04170347 0.08830014 -1.730793e-05 -0.04237285 0.08839168 -1.601567e-05 -0.04198368 0.08830014 0.0002561539 -0.04199986 0.08830014 -0.003156273 -0.041797 0.08830014 -0.003545205 -0.04211738 0.0883912 -0.003486916 -0.04172789 0.08830014 -0.006585901 -0.04108011 0.08830014 -0.00702584 -0.04133262 0.08838959 -0.006909589 -0.04095834 0.08830014 -0.01331054 -0.03813838 0.08832921 -0.01327752 -0.03808778 0.08830702 -0.009994646 -0.03979773 0.08830014 -0.01016265 -0.0397041 0.08830014 -0.01322025 -0.038 0.08830014 -0.01360065 -0.03858305 0.08870585 -0.0136261 -0.03862203 0.08887328 -0.007146051 -0.04172503 0.08891379 -0.003606999 -0.04254064 0.0891502 -1.75869e-05 -0.04278283 0.08892948 0.01044078 -0.04034371 0.08868555 0.007087728 -0.0416531 0.08869901 0.0104788 -0.04042388 0.08889376 0.007112758 -0.04173524 0.08891395 0.007118937 -0.04175552 0.0891353 0.003599626 -0.04254172 0.08915021 0.007045858 -0.04151572 0.08851781 0.003584963 -0.04244107 0.08870697 0.003597082 -0.04252426 0.08892586 0.003564242 -0.04229883 0.08852202 -0.01350216 -0.0384321 0.08851498 -0.01040192 -0.0402041 0.0885106 -0.007078824 -0.04150558 0.08851776 -0.003571539 -0.04229776 0.08852202 -1.743226e-05 -0.04255556 0.08852331 -1.759817e-05 -0.04279938 0.08915473 -0.03491753 -0.03266452 0.0585757 -0.03914954 -0.03283381 -0.001976999 -0.0392544 -0.03284544 0.002727745 -0.03943534 -0.0326613 0.002730159 -0.03933135 -0.03263661 -0.001989068 -0.03884967 -0.03262647 -0.006702514 -0.03866891 -0.03282902 -0.006676989 0.03495396 -0.03259358 -0.02044323 0.02658928 -0.03286862 0.07518619 0.02622491 -0.033 0.07500848 -0.02281237 -0.03275995 0.08351842 -0.02677233 -0.03271053 0.07521373 -0.03094476 -0.03266828 0.06700286 -0.02232096 -0.033 0.08330014 -0.0223593 -0.0329989 0.08331716 -0.02572747 -0.033 0.07595808 -0.02249274 -0.03295515 0.08337644 -0.0262361 -0.033 0.07495312 -0.03270473 -0.03296202 0.06271543 -0.03040211 -0.033 0.066722 -0.03058179 -0.03296314 0.06681523 -0.02642043 -0.03296784 0.07504248 -0.02249609 -0.03295405 0.08337792 -0.03452955 -0.03296272 0.05844324 -0.03277699 -0.033 0.06202975 -0.03248588 -0.033 0.06260491 -0.03647545 -0.033 0.04896536 -0.03641389 -0.033 0.04928642 -0.03665959 -0.03296238 0.04932839 -0.03553472 -0.033 0.05387101 -0.03579102 -0.03296258 0.05392811 -0.03543058 -0.033 0.05441407 -0.03428846 -0.033 0.05840261 -0.03757265 -0.033 0.04163342 -0.03797626 -0.03296207 0.04006746 -0.03769253 -0.033 0.04004196 -0.03809311 -0.033 0.03472392 -0.03847817 -0.03296188 0.03073409 -0.03820289 -0.033 0.03072658 -0.03840296 -0.033 0.02344123 -0.03887051 -0.03296224 0.01206103 -0.03860911 -0.033 0.01205631 -0.03902425 -0.03296237 0.002724668 -0.03877814 -0.033 0.002721367 -0.03878979 -0.033 0.002077943 -0.03891286 -0.03295963 -0.001961263 -0.03860959 -0.033 -0.001942264 -0.03853941 -0.033 -0.003508182 -0.0384313 -0.0329585 -0.006643416 -0.03812728 -0.033 -0.006600888 -0.03785076 -0.033 -0.008675994 -0.03758828 -0.03295781 -0.01127663 -0.03728636 -0.033 -0.01120843 -0.03681741 -0.033 -0.01331257 -0.03633919 -0.03295679 -0.0157949 -0.03604314 -0.033 -0.01569686 -0.03547643 -0.033 -0.01744197 -0.03460283 -0.03295489 -0.02017583 -0.03431918 -0.033 -0.0200436 -0.03381002 -0.033 -0.02118826 -0.03231062 -0.03295152 -0.02431764 -0.03206389 -0.033 -0.02415738 -0.02944737 -0.03294585 -0.02805488 -0.02920897 -0.033 -0.0278357 -0.02968223 -0.033 -0.02735846 -0.0318752 -0.033 -0.02447821 -0.02651029 -0.033 -0.0305571 -0.02604182 -0.03294459 -0.03135534 -0.02582618 -0.033 -0.03110083 -0.02294858 -0.033 -0.03338791 -0.0222914 -0.03294406 -0.0341949 -0.02210521 -0.033 -0.03391361 -0.019118 -0.033 -0.03577565 -0.01823248 -0.03294405 -0.03657722 -0.01807777 -0.033 -0.03627196 -0.01500824 -0.033 -0.03773646 -0.01389499 -0.03294419 -0.03848635 -0.01377561 -0.033 -0.03816187 -0.01074432 -0.033 -0.03920804 -0.009401023 -0.03294415 -0.03986509 -0.009319488 -0.033 -0.03952585 -0.006391397 -0.033 -0.04017898 -0.004763396 -0.03294404 -0.04070801 -0.004721706 -0.033 -0.04035628 -0.001900125 -0.033 -0.04065587 -3.665515e-05 -0.03294399 -0.04099593 -3.694499e-05 -0.033 -0.04063916 0.002604075 -0.033 -0.04061547 0.004650536 -0.03294404 -0.04072151 0.004608375 -0.033 -0.04036763 0.007036681 -0.033 -0.04006736 0.009293572 -0.03294414 -0.03989112 0.009209485 -0.033 -0.03954205 0.0114641 -0.033 -0.03899695 0.01382258 -0.03294419 -0.0385132 0.01369854 -0.033 -0.0381773 0.01573863 -0.033 -0.03742893 0.01813339 -0.03294405 -0.03662775 0.01797255 -0.033 -0.03631051 0.01976609 -0.033 -0.03541255 0.02222358 -0.03294406 -0.0342401 0.02202792 -0.033 -0.03394459 0.02353906 -0.033 -0.03296383 0.02599331 -0.03294458 -0.03139678 0.02576894 -0.033 -0.03113194 0.02690896 -0.033 -0.03019539 0.02938925 -0.03294582 -0.02811864 0.02915745 -0.033 -0.02790524 0.03228204 -0.03295146 -0.02436152 0.03203244 -0.033 -0.02419892 0.03180628 -0.033 -0.02458032 0.02957593 -0.033 -0.02747901 0.03376098 -0.033 -0.02128394 0.03456392 -0.03295484 -0.02025865 0.03427979 -0.033 -0.02012533 0.03544651 -0.033 -0.01751976 0.03631366 -0.03295677 -0.01587165 0.03601537 -0.033 -0.01577233 0.0368242 -0.033 -0.01328771 0.0375704 -0.0329578 -0.01135542 0.03726663 -0.033 -0.0112865 0.0378781 -0.033 -0.008520709 0.03841247 -0.03295847 -0.006776126 0.03811058 -0.033 -0.006733479 0.03855966 -0.033 -0.003281103 0.03890082 -0.03295956 -0.002141656 0.03861218 -0.033 -0.002122568 0.03879157 -0.033 0.001834935 0.03902655 -0.03296235 0.002552589 0.03878038 -0.033 0.00254943 0.03865538 -0.033 0.01052707 0.03887231 -0.03296225 0.01196062 0.03862647 -0.033 0.01195618 0.03830372 -0.033 0.0279101 0.03847706 -0.03296189 0.03077467 0.03819597 -0.033 0.03076659 0.03794797 -0.033 0.03734089 0.03796569 -0.03296207 0.0401811 0.03766455 -0.033 0.04015248 0.03727517 -0.033 0.04401522 0.03662881 -0.03296239 0.04950882 0.03635354 -0.033 0.04946192 0.03580197 -0.033 0.05272165 0.03574599 -0.03296259 0.05412589 0.0354721 -0.033 0.05406237 0.03479828 -0.033 0.05680113 0.0344781 -0.03296272 0.05859292 0.03419435 -0.033 0.05849409 0.03343043 -0.033 0.06063556 0.03264818 -0.03296204 0.06282721 0.03240149 -0.033 0.06270261 0.03138495 -0.033 0.06474473 0.03053447 -0.03296318 0.06690653 0.03033511 -0.033 0.06680343 0.02711559 -0.033 0.07311676 0.02639609 -0.03296787 0.07509222 0.03486551 -0.03266448 0.05872708 0.036146 -0.03266327 0.05421774 0.03301593 -0.03265836 0.06301333 0.03089736 -0.03266861 0.06709405 0.037034 -0.03266152 0.04957795 0.03837597 -0.03265863 0.04021952 0.03888956 -0.03265697 0.03078596 0.0394377 -0.03266115 0.002557857 0.03931941 -0.03263601 -0.002170684 0.03928375 -0.03266023 0.01196804 0.03798413 -0.03262021 -0.01144982 0.03883076 -0.03262628 -0.006836133 0.03671857 -0.03261094 -0.01600711 0.0326485 -0.03256316 -0.02460216 0.02971905 -0.03251235 -0.02842051 0.02628422 -0.03250124 -0.03173819 0.02247224 -0.03249652 -0.0346141 0.0183369 -0.03249645 -0.03702813 0.01397831 -0.03249773 -0.03893431 0.009398649 -0.03249729 -0.04032767 0.004703245 -0.03249637 -0.04116754 -0.009465081 -0.03276706 -0.04012802 -0.009507309 -0.03249731 -0.04030135 -0.004795947 -0.03276661 -0.04097685 -0.00481738 -0.03249639 -0.04115388 -3.690732e-05 -0.0327664 -0.04126683 -3.707327e-05 -0.03249594 -0.04144511 0.004682318 -0.03276661 -0.04099046 0.009356901 -0.03276706 -0.04015423 0.01391642 -0.03276727 -0.03876695 0.0182561 -0.03276665 -0.03686917 0.0223735 -0.03276668 -0.0344656 0.02616829 -0.03276898 -0.03160214 0.02958654 -0.03277437 -0.02829921 0.03249604 -0.03279887 -0.02450206 0.0347886 -0.03281341 -0.02036497 0.03654516 -0.03282166 -0.0159491 0.037806 -0.03282606 -0.01140918 0.03865006 -0.03282893 -0.006810205 0.03913761 -0.03283353 -0.002158077 0.03925676 -0.03284537 0.00255554 0.03910276 -0.03284494 0.01196477 0.03870841 -0.0328434 0.030781 0.03819564 -0.03284419 0.04020263 0.03685564 -0.03284555 0.04954752 0.03596976 -0.03284637 0.05417728 0.03469472 -0.03284694 0.05866794 0.03285431 -0.03284406 0.06293153 0.03073705 -0.03284888 0.06701121 -0.02633328 -0.03250135 -0.03169626 -0.02254081 -0.03249656 -0.0345684 -0.02244177 -0.0327667 -0.03442009 -0.01835585 -0.03276663 -0.03681831 -0.01843708 -0.03249641 -0.03697705 -0.01398931 -0.03276727 -0.0387399 -0.01405152 -0.03249773 -0.03890716 -0.03674429 -0.03261115 -0.0159296 -0.03499324 -0.03259402 -0.02035938 -0.03482768 -0.03281362 -0.02028156 -0.03782393 -0.03282611 -0.01133003 -0.03800211 -0.03262033 -0.01137039 -0.03657077 -0.03282176 -0.0158719 -0.03252477 -0.03279911 -0.02445774 -0.03267741 -0.03256365 -0.02455761 -0.02964504 -0.0327745 -0.02823496 -0.02977784 -0.03251262 -0.02835596 -0.02621713 -0.03276903 -0.03156039 -0.03688646 -0.0328455 0.049367 -0.03601502 -0.03284633 0.05397861 -0.03619142 -0.03266319 0.05401839 -0.02269026 -0.0328904 0.08346417 -0.02661369 -0.03286847 0.07513653 -0.03078444 -0.03284872 0.06691998 -0.032911 -0.032844 0.06281959 -0.0330727 -0.03265822 0.06290124 -0.03474648 -0.03284695 0.05851731 -0.03706484 -0.03266143 0.04939736 -0.03820624 -0.03284418 0.04008871 -0.03838659 -0.03265862 0.04010537 -0.03870952 -0.0328434 0.03074039 -0.03889067 -0.03265696 0.03074533 -0.03910097 -0.03284493 0.01206519 -0.03928196 -0.0326602 0.01206846 -0.03184209 -0.033 -0.02533803 -0.03209352 -0.033 -0.02500591 -0.02476536 -0.033 0.07837486 -0.02241291 -0.033 0.08330014 -0.03421187 -0.033 -0.02129327 0.02814727 -0.033 0.07162023 -0.03402025 -0.033 -0.02172414 -0.0357933 -0.033 -0.01773748 -0.03605242 -0.033 -0.01694095 -0.03088187 -0.033 0.0664244 -0.0322101 -0.033 0.0638293 -0.03297533 -0.033 0.06219546 -0.03410542 -0.033 0.05978259 -0.03871457 -0.033 0.02324801 -0.03851739 -0.033 0.02986207 -0.03833171 -0.033 0.03609023 -0.03804213 -0.033 0.03927659 -0.03766706 -0.033 0.04340358 -0.03681397 -0.033 0.04862564 -0.03636698 -0.033 0.05136184 -0.03594735 -0.033 0.05326152 -0.03536775 -0.033 0.0558854 -0.03474036 -0.033 0.05782235 -0.03893162 -0.033 0.01099308 -0.03909604 -0.033 0.00171016 -0.03908993 -0.033 0.00155828 -0.03890002 -0.033 -0.003159793 -0.03887961 -0.033 -0.003666865 -0.03833008 -0.033 -0.007840486 -0.03820148 -0.033 -0.008817123 -0.03739297 -0.033 -0.01243629 -0.03711922 -0.033 -0.0136617 0.03858048 -0.033 0.02927212 0.03892765 -0.033 0.01208208 0.03064312 -0.033 0.06682976 0.0316121 -0.033 0.06496993 0.03272461 -0.033 0.06272153 0.03378594 -0.033 0.06057658 0.03451432 -0.033 0.05848736 0.03515011 -0.033 0.05666374 0.03578563 -0.033 0.05401035 0.03618243 -0.033 0.0523537 0.03668107 -0.033 0.04941756 0.03751373 -0.033 0.04451461 0.03797785 -0.033 0.04014772 0.038218 -0.033 0.03788814 0.0385159 -0.033 0.03080721 -0.02985023 -0.033 -0.02796899 -0.02885594 -0.033 -0.02899735 -0.02715289 -0.033 -0.03075876 -0.02540868 -0.033 -0.0321814 -0.02364389 -0.033 -0.03362085 -0.0215994 -0.033 -0.03492878 -0.01978993 -0.033 -0.03608637 -0.01748152 -0.033 -0.0372193 -0.01568499 -0.033 -0.03810102 -0.0131516 -0.033 -0.03900985 -0.01140818 -0.033 -0.0396353 -0.008616432 -0.033 -0.04029575 -0.006982635 -0.033 -0.04068226 -0.003990711 -0.033 -0.04104105 -0.002499136 -0.033 -0.04121992 0.0006767387 -0.033 -0.04123975 0.002003209 -0.033 -0.04124805 0.005376815 -0.033 -0.04088373 0.006542071 -0.033 -0.04075791 0.009975418 -0.033 -0.03998509 0.01099491 -0.033 -0.03975561 0.01443315 -0.033 -0.03856279 0.01529132 -0.033 -0.03826506 0.0187317 -0.033 -0.0366209 0.01941834 -0.033 -0.03629276 0.02274841 -0.033 -0.03421754 0.02321524 -0.033 -0.03392662 0.02645605 -0.033 -0.03135921 0.02671933 -0.033 -0.03115064 0.02931122 -0.033 -0.02859999 0.0297704 -0.033 -0.02801185 0.03194803 -0.033 -0.0252226 0.03252224 -0.033 -0.02424403 0.03414685 -0.033 -0.02147536 0.03474686 -0.033 -0.02010653 0.03584317 -0.033 -0.01760546 0.03643788 -0.033 -0.01574093 0.03721718 -0.033 -0.01329768 0.03766164 -0.033 -0.01124236 0.03826305 -0.033 -0.008461239 0.038488 -0.033 -0.006630467 0.03893671 -0.033 -0.00297858 0.0389671 -0.033 -0.001959892 0.03909035 -0.033 0.002172215 0.03908163 -0.033 0.002719013 0.03895048 -0.033 0.01095167 -0.02659745 -0.03977986 0.06886312 -0.02210497 -0.04528996 0.06982029 -0.02152739 -0.04164837 0.07494276 -0.03042423 -0.03332265 0.0675984 -0.03092512 -0.03544361 0.06502187 -0.006142469 -0.05766026 0.06387822 -4.505492e-07 -0.05825589 0.06385958 -4.387883e-07 -0.05691237 0.06764603 0.01098255 -0.0585505 -0.01146534 0.01450247 -0.05745309 -0.01068333 0.01425935 -0.05752889 0.01539071 0.02742869 -0.04615099 -0.0243844 0.02738785 -0.04774645 -0.02217363 0.02137866 -0.05168571 -0.02624831 0.02725765 -0.05025862 -0.01426615 0.02730228 -0.04983262 -0.01707594 0.03239428 -0.04492513 -0.01249604 0.03244251 -0.04413462 -0.01493448 -0.02751703 -0.03321396 -0.03047738 -0.02761241 -0.03416003 -0.03056266 -0.02892911 -0.03321971 -0.0291746 0.02984779 -0.03321342 -0.02808455 0.03238457 -0.0332286 -0.02482711 0.027578 -0.03696898 -0.03010707 0.03273574 -0.0332307 -0.02437617 0.03447583 -0.03323748 -0.02086081 0.03266157 -0.03545183 -0.0236734 0.035937 -0.03324316 -0.01790892 0.03655025 -0.03324489 -0.01578407 0.03660568 -0.0346008 -0.0149 0.03807983 -0.03324917 -0.01048424 0.03849591 -0.03325199 -0.007268028 0.03651397 -0.03755523 -0.01145911 0.03919201 -0.03326446 0.007400883 0.03903363 -0.03375558 0.00704482 0.0391366 -0.03364806 0.002749441 0.005628956 -0.04521947 0.08488611 -0.005617553 -0.04828026 0.08081635 -0.03257845 -0.04336216 0.04398112 -0.03255588 -0.04339341 0.04397386 -0.03225845 -0.04337149 0.04621478 -0.0353442 -0.0396755 0.04023723 -0.03552823 -0.03925112 0.04078829 -0.03808175 -0.03435601 0.03696878 -0.03520294 -0.04042971 0.03611757 -0.03491376 -0.04049843 0.03962863 -0.03505396 -0.04023039 0.03982686 -0.03558457 -0.03901805 0.04147761 -0.03558495 -0.03901647 0.04148227 -0.03704654 -0.03435486 0.04623941 -0.03548252 -0.0390832 0.04208937 -0.03455934 -0.04042985 0.04344314 -0.03411523 -0.0405045 0.0462223 -0.03483874 -0.04000799 0.04313673 -0.03517526 -0.03949989 0.04276769 -0.03310506 -0.04332607 0.0387364 -0.03394294 -0.04212925 0.03888883 -0.03440971 -0.04136178 0.03919778 -0.03478447 -0.04074561 0.03944583 -0.03173409 -0.04509908 0.03894079 -0.03334061 -0.04327171 0.03573039 -0.03104332 -0.04587326 0.0394547 -0.03090363 -0.04602983 0.03955863 -0.03192033 -0.04486552 0.03889518 -0.0327972 -0.04376582 0.0386804 -0.0328206 -0.0437324 0.03868466 -0.03028834 -0.04650268 0.04192403 -0.03023563 -0.04664954 0.04104539 -0.02624099 -0.05075387 0.03476489 -0.03037615 -0.04654213 0.04051232 -0.03043609 -0.04649631 0.04028495 -0.03121455 -0.0459536 0.03537399 -0.0316257 -0.04468182 0.04367471 -0.03084012 -0.04573715 0.04303168 -0.03015794 -0.04606964 0.04620807 -0.03247132 -0.04351054 0.04394667 -0.0303711 -0.0463786 0.04220875 -0.02529098 -0.05087736 0.04619728 -0.03059824 -0.04606795 0.04260729 -0.03448549 -0.04054154 0.04348016 -0.03409687 -0.04112931 0.04367494 -0.03364065 -0.04181933 0.0439036 -0.03329752 -0.0423177 0.04392865 0.03089391 -0.04603126 0.03962304 0.03073145 -0.04620856 0.03976966 0.0262402 -0.05075451 0.03476481 0.03044005 -0.04648094 0.04038741 0.03030084 -0.04661106 0.04068253 0.02529021 -0.050878 0.04619728 0.0302214 -0.04663035 0.04140662 0.03025757 -0.04655325 0.04177032 0.03290599 -0.04359508 0.03873605 0.03250395 -0.04414972 0.03870685 0.03334003 -0.04327252 0.03573029 0.03121389 -0.04595435 0.0353739 0.03172459 -0.04575285 0.01978069 0.03202559 -0.04473292 0.03887482 0.03153028 -0.04533678 0.03904872 0.03114724 -0.04575479 0.03939441 0.03512347 -0.04009861 0.03991926 0.03491011 -0.040498 0.03964496 0.03520243 -0.04043056 0.03611745 0.03468039 -0.04092801 0.03934963 0.03449505 -0.04122391 0.03924724 0.03367024 -0.04254076 0.03879153 0.03310139 -0.04332551 0.03875023 0.03411472 -0.04050536 0.0462223 0.03448545 -0.04054321 0.04348274 0.03704619 -0.03435579 0.04623941 0.03475868 -0.04012858 0.04321511 0.03509723 -0.03961483 0.0428835 0.03538545 -0.03921362 0.04230917 0.0354619 -0.0391072 0.04215685 0.03555887 -0.03903199 0.04164432 0.03558303 -0.03901325 0.0415166 0.03808141 -0.03435693 0.03696864 0.03555617 -0.03917295 0.04093783 0.03529862 -0.03977075 0.04014444 0.03320844 -0.04245263 0.04396565 0.03331657 -0.04229826 0.04397261 0.03400417 -0.04126639 0.04370368 0.03442988 -0.04062754 0.04353717 0.03056167 -0.04611261 0.04262874 0.03059144 -0.04607264 0.04266404 0.03015729 -0.0460704 0.04620807 0.03078012 -0.04581931 0.04288774 0.03120978 -0.04524243 0.04339714 0.03153934 -0.04479358 0.04356831 0.03217651 -0.04392578 0.04389922 0.03225787 -0.04337231 0.04621477 0.03236817 -0.04365217 0.04391155 0.03255304 -0.04338825 0.04392346 -0.0005117034 -0.04821419 -0.03973663 -0.003767969 -0.04768693 -0.03973532 -0.0002415624 -0.04809542 -0.03979595 -5.522977e-07 -0.04782943 -0.03991307 -5.387568e-07 -0.04810509 -0.0397912 -0.0008943093 -0.04838242 -0.03965263 -0.001549164 -0.0490619 -0.03928806 -0.001672033 -0.04918939 -0.03921965 0.0009949163 -0.04845682 -0.03961457 0.003766869 -0.04768701 -0.03973542 0.001722407 -0.04932161 -0.03913893 0.001877889 -0.04950643 -0.03903727 0.0008132102 -0.04836225 -0.03966211 0.0003458217 -0.048119 -0.03978437 0.0001725864 -0.04811204 -0.03978778 0.002688565 -0.05254331 -0.03692295 0.003755353 -0.05299166 -0.03639792 0.002651409 -0.05270324 -0.03678536 0.002567852 -0.05306287 -0.03647597 0.002577779 -0.0515748 -0.03765163 0.002515518 -0.05103051 -0.03806114 0.003761223 -0.05047993 -0.03826927 0.002319377 -0.05056169 -0.0383614 0.002265773 -0.05043356 -0.03844346 -5.496985e-07 -0.05533695 -0.03432873 0.0004029435 -0.05527165 -0.0344023 0.003749267 -0.05517796 -0.03416389 0.0005222126 -0.05523232 -0.03444283 0.001290018 -0.05497918 -0.03470378 0.001671946 -0.0546652 -0.03501435 0.00203831 -0.05436401 -0.03531227 0.002400823 -0.05378179 -0.03585748 -0.00375645 -0.05299157 -0.03639781 -0.002615331 -0.05306903 -0.03648335 -0.002454757 -0.05351273 -0.03608833 -0.001498224 -0.05485331 -0.03483109 -0.003750362 -0.05517786 -0.03416379 -0.001870516 -0.05446023 -0.03521216 -0.002261108 -0.05404783 -0.03561196 -0.0008364885 -0.05512587 -0.03455201 -0.0005392953 -0.05524827 -0.03442667 -5.544563e-07 -0.05526164 -0.03441273 -0.002210113 -0.05015492 -0.03864226 -0.003762321 -0.05047984 -0.03826916 -0.002324417 -0.05056134 -0.03836204 -0.002653981 -0.05173314 -0.0375541 -0.002645156 -0.05243485 -0.03699471 -0.002637967 -0.05300648 -0.03653903 -0.02135811 -0.03375623 0.08523104 -0.02186273 -0.03356837 0.08445454 -0.02128669 -0.03495106 0.08354156 -0.02256637 -0.0333064 0.08337177 -0.02116651 -0.03382757 0.08552589 -0.01641465 -0.03971535 0.08433542 -0.0193295 -0.03509796 0.08695301 -0.01734358 -0.03657422 0.08773368 -0.01879614 -0.0354668 0.08736736 -0.01557859 -0.03791983 0.08817879 -0.01655656 -0.03717424 0.08793216 -0.01112938 -0.04624749 0.08066971 -0.01114953 -0.04315942 0.08475388 -4.124495e-07 -0.04589472 0.08488493 0.01641391 -0.03971595 0.08433551 0.01114874 -0.04315982 0.08475392 0.02128601 -0.03495185 0.08354171 0.02264003 -0.03330608 0.08322585 0.02564504 -0.03329322 0.07727323 0.02511885 -0.03329547 0.07831556 0.02127093 -0.03813409 0.07940213 0.03056704 -0.03327216 0.06752324 0.03042372 -0.03332366 0.06759861 0.03086023 -0.03327091 0.06694247 0.03092461 -0.03544458 0.06502204 0.03203642 -0.03326587 0.06461256 0.03293695 -0.03326202 0.0628287 0.03153709 -0.0375036 0.06207658 0.0329479 -0.03326197 0.06280701 0.03226823 -0.03922937 0.05812013 0.03458798 -0.03326377 0.05850665 0.03345091 -0.03326252 0.06148811 0.03622203 -0.03326444 0.0524793 0.03591257 -0.03326458 0.05404283 0.03610169 -0.03394311 0.05251376 0.03556438 -0.03326474 0.05580202 0.03312508 -0.04023919 0.05286873 0.03550494 -0.03326477 0.05610235 0.03496144 -0.03326418 0.05752742 0.03682356 -0.03326417 0.0494401 0.03732252 -0.03326394 0.04691919 0.03739377 -0.03326393 0.04623944 0.03803193 -0.0332638 0.0401513 0.03867567 -0.03326387 0.03081228 0.03858072 -0.03411843 0.02435262 0.03858361 -0.03326368 0.03488822 0.03835101 -0.03326373 0.03710723 0.03919078 -0.03326496 0.00800628 0.03909865 -0.03326477 0.012085 0.03881431 -0.03326417 0.02467386 0.03920791 -0.03325796 -0.0003890711 0.03920156 -0.03326056 0.002721613 0.03920116 -0.03326072 0.002919218 0.03641625 -0.03933105 -0.00722787 0.03857673 -0.03325254 -0.006643238 0.03918126 -0.03325664 -0.001970353 0.03921067 -0.03325683 -0.00174305 0.0392102 -0.03325703 -0.001512648 0.03631297 -0.03977879 -0.002472149 0.03655085 -0.03324489 -0.015782 0.03720773 -0.03324673 -0.01350597 0.03785006 -0.03324853 -0.01128034 0.03483285 -0.03323887 -0.02013953 0.03257858 -0.03973192 -0.0210045 0.03262088 -0.03770313 -0.02249924 0.02901486 -0.03320843 -0.02915409 0.02761159 -0.03416054 -0.03056342 0.0287676 -0.03320695 -0.02947161 0.02755421 -0.0332057 -0.03051512 0.02151432 -0.03320123 -0.03510641 0.02283288 -0.03320153 -0.03433296 0.02156206 -0.03725595 -0.03518254 0.02371982 -0.03320174 -0.0338127 0.02650638 -0.03320462 -0.03141625 0.01877233 -0.03320059 -0.03671479 0.01479078 -0.03958837 -0.03861359 0.01713735 -0.0332002 -0.03767383 0.01002474 -0.03320073 -0.04019336 0.01119331 -0.03320064 -0.03977941 0.01120402 -0.04043527 -0.03984308 0.01445968 -0.0332004 -0.03862235 0.0147708 -0.03320038 -0.03851214 0.009701737 -0.03320075 -0.04030778 0.00752276 -0.04105329 -0.04073183 0.007521935 -0.03320074 -0.040627 0.00538119 -0.03320073 -0.04094052 0.003777463 -0.04143133 -0.04126979 0.003768236 -0.03320072 -0.04117674 0.001870074 -0.03320071 -0.04145473 -5.53862e-07 -0.04155948 -0.04145043 0.000680487 -0.03320072 -0.04143974 -0.003778566 -0.04143125 -0.04126969 -0.002875043 -0.03320073 -0.04139498 2.912934e-07 -0.03320072 -0.04143117 -0.008649178 -0.03320072 -0.04040772 -0.007514902 -0.03320072 -0.04060166 -0.007523849 -0.04105315 -0.04073162 -0.004001474 -0.03320073 -0.04120238 -0.003776866 -0.03320073 -0.04124078 -0.01059333 -0.03320071 -0.0400753 -0.01120509 -0.04043505 -0.03984277 -0.01121461 -0.03320067 -0.03983968 -0.01317684 -0.03320054 -0.03909551 -0.01479181 -0.03958809 -0.03861317 -0.01476136 -0.03320043 -0.03849457 -0.021563 -0.03725555 -0.03518194 -0.0179336 -0.03320022 -0.0372915 -0.01758404 -0.03320024 -0.03742407 -0.02466211 -0.03320235 -0.03311129 -0.02163998 -0.03320139 -0.03498884 -0.02149398 -0.03320134 -0.03507954 -0.02551696 -0.03320583 -0.03232262 -0.0321966 -0.03323031 -0.02490182 -0.03187433 -0.03322934 -0.02535811 -0.02757883 -0.03696845 -0.03010631 -0.0296455 -0.03322262 -0.02851367 -0.02898989 -0.03321995 -0.02911854 -0.0325961 -0.03323151 -0.02433622 -0.03266225 -0.03545117 -0.02367252 -0.03361401 -0.03323458 -0.02289507 -0.03429909 -0.03323703 -0.02134212 -0.03649249 -0.03324488 -0.01637005 -0.03621696 -0.0332439 -0.01699463 -0.03257925 -0.03973121 -0.02100365 -0.03661506 -0.03324522 -0.01588826 -0.0389802 -0.03325626 -0.003161924 -0.03855604 -0.03325196 -0.007180439 -0.03651447 -0.0375544 -0.01145823 -0.0384835 -0.03325123 -0.007867755 -0.03721934 -0.03324687 -0.01351288 -0.03660619 -0.03460001 -0.01489906 -0.03748775 -0.0332476 -0.01245779 -0.03836158 -0.03325 -0.009022819 -0.03641676 -0.03933019 -0.007227065 -0.03913966 -0.03325787 -0.00165117 -0.03924289 -0.03326 0.001559502 -0.03926693 -0.03325916 -0.0004453677 -0.03913693 -0.03364713 0.002750231 -0.03921482 -0.03325864 -0.0009390878 -0.03631347 -0.03977793 -0.002471404 -0.03912972 -0.03326393 0.01099659 -0.03917323 -0.03326242 0.007368429 -0.03903395 -0.03375465 0.007045528 -0.03922583 -0.03326059 0.002982361 -0.03878908 -0.03326346 0.02849569 -0.03886617 -0.03326374 0.02468824 -0.03858105 -0.03411751 0.02435299 -0.03910986 -0.03326463 0.01265216 -0.03823372 -0.0332638 0.03929529 -0.03834591 -0.03326373 0.03711359 -0.03871859 -0.0332635 0.02986638 -0.03637132 -0.03326459 0.05237055 -0.03694739 -0.03326435 0.04864935 -0.03732183 -0.03326419 0.04623064 -0.03815326 -0.03326384 0.04085994 -0.03483861 -0.03326442 0.05785977 -0.03492599 -0.03326443 0.05754682 -0.03226874 -0.03922847 0.05812004 -0.0356198 -0.03326451 0.05506201 -0.0315376 -0.03750266 0.06207645 -0.03348335 -0.03326456 0.06147295 -0.03428419 -0.03326436 0.05984536 -0.0310129 -0.03326518 0.06649377 -0.03193846 -0.03326495 0.06461271 -0.03309817 -0.03326466 0.06225577 -0.02566598 -0.03329094 0.07718057 -0.02769444 -0.03328082 0.07312892 -0.02594171 -0.03589657 0.07376982 -0.03040249 -0.03326731 0.06771981 0.03620453 -0.03987464 0.002391307 0.03572774 -0.04020272 0.02194598 0.02919768 -0.04591503 0.05315929 0.02836882 -0.04505632 0.05862712 0.02766372 -0.04354394 0.0628204 0.02707539 -0.04170934 0.06605522 0.02659684 -0.03978074 0.06886328 0.03033565 -0.03327315 0.0679816 0.03218831 -0.04547489 -0.001839297 0.0322938 -0.04539458 -0.007225411 0.03248934 -0.04298243 -0.01718809 0.0273457 -0.04898624 -0.01972504 0.0300635 -0.04545778 -0.01978494 0.03014903 -0.04207283 -0.02377276 0.02750625 -0.04204413 -0.02794336 0.02669964 -0.05059309 0.01793062 0.02711691 -0.05037804 -0.005505519 0.02721185 -0.05031642 -0.01135181 0.02746817 -0.0442376 -0.02632001 0.02141213 -0.04999497 -0.02860484 0.02775884 -0.03328418 0.073086 0.02594111 -0.03589749 0.07377002 0.02152671 -0.04164913 0.0749429 0.02210427 -0.04529069 0.0698204 0.01705948 -0.04969447 0.07045376 0.02252963 -0.04705999 0.06682899 0.01740504 -0.05134131 0.06733128 0.02305454 -0.04870977 0.06336465 0.01783263 -0.05284998 0.06370252 0.02368537 -0.05005032 0.05899432 0.01834749 -0.05406337 0.05921762 0.02442846 -0.05079609 0.05337363 0.01895489 -0.05473464 0.05350884 0.01966009 -0.0547786 0.04619013 0.02043817 -0.05467653 0.03430644 0.02081463 -0.05456462 0.0164541 0.02115659 -0.05441993 -0.008485945 0.0212344 -0.05437867 -0.01471389 0.02127194 -0.05432965 -0.01781957 0.02130852 -0.05388757 -0.02081432 0.0145578 -0.05743143 -0.01719958 0.01102505 -0.05853731 -0.01808648 0.01458449 -0.05739119 -0.02044986 0.0214445 -0.04796473 -0.03066768 0.01468417 -0.05289068 -0.03173877 0.01470718 -0.05077294 -0.03389736 0.01112213 -0.05394187 -0.03286149 0.0111398 -0.05179254 -0.03505476 0.007467127 -0.05470887 -0.03367287 0.007479136 -0.05253657 -0.03589144 0.02754287 -0.03960858 -0.02921789 0.02147571 -0.04563539 -0.03239708 0.02150573 -0.04304756 -0.03375395 0.01472938 -0.04834154 -0.03570628 0.01475073 -0.04563908 -0.03712459 0.01115685 -0.04932417 -0.03689244 0.01117325 -0.04658012 -0.03833285 0.007490717 -0.05004128 -0.03775005 0.007501858 -0.0472669 -0.03920648 -0.003702295 -0.0598366 -0.01236631 -5.426032e-07 -0.0600015 -0.01247949 -5.226628e-07 -0.06 0.03379616 0.003701215 -0.05983669 -0.01236637 -4.647532e-07 -0.05933175 0.05930423 -0.006332548 -0.05874777 0.05932061 -0.01250777 -0.05698469 0.05931325 -0.02691111 -0.04846426 0.05327641 -0.02442922 -0.05079544 0.05337361 -0.0236861 -0.05004966 0.05899427 -0.02109001 -0.05218683 0.05912347 -0.01783343 -0.05284946 0.06370248 -4.815482e-07 -0.05994906 0.05357967 -0.006557196 -0.05936571 0.05358524 -0.01293884 -0.05761614 0.05357271 -0.01895573 -0.05473414 0.05350883 -0.02707601 -0.04170848 0.06605509 -0.02836945 -0.04505552 0.05862705 -0.02611835 -0.04766689 0.05882891 -0.02305527 -0.04870908 0.0633646 -5.01082e-07 -0.06 0.04618508 -0.006818384 -0.05940895 0.0461851 -0.01343973 -0.05765116 0.04618633 -0.01966096 -0.0547781 0.04619013 -0.02177098 -0.05289068 0.05345092 -0.01834831 -0.05406286 0.05921759 -0.01214277 -0.0558542 0.06385566 -0.005984987 -0.05630089 0.06765454 -4.293226e-07 -0.05541115 0.07089325 0.02134411 -0.05299668 -0.02363813 0.0146105 -0.05693883 -0.0235844 0.0146358 -0.05601586 -0.02654019 0.01106553 -0.05804543 -0.02457482 0.01108497 -0.05711127 -0.02757864 0.007428684 -0.05885231 -0.0252896 0.007441887 -0.05791023 -0.02832851 0.003729783 -0.05934544 -0.02572149 0.003736475 -0.05839866 -0.02878188 -5.468216e-07 -0.05951248 -0.02586626 -5.478097e-07 -0.05856415 -0.02893396 -0.003730872 -0.05934535 -0.0257214 -0.003737566 -0.05839857 -0.02878179 -0.007429759 -0.05885212 -0.02528943 -0.007442964 -0.05791004 -0.02832833 -0.01106659 -0.05804515 -0.02457456 -0.01108603 -0.05711099 -0.02757837 -0.01461152 -0.05693847 -0.02358407 -0.01463683 -0.0560155 -0.02653985 -0.02130946 -0.05388705 -0.02081382 -0.02134504 -0.05299616 -0.02363762 -0.0273031 -0.04983196 -0.01707533 -0.02734651 -0.04898559 -0.0197244 0.01466037 -0.05465239 -0.02927236 0.01110384 -0.05572909 -0.03035514 0.007454706 -0.05651458 -0.03113741 0.003742972 -0.0569949 -0.03161061 -5.48769e-07 -0.05715767 -0.03176941 -0.003744065 -0.0569948 -0.03161052 -0.007455785 -0.0565144 -0.03113723 -0.0111049 -0.05572882 -0.03035487 -0.01466139 -0.05465204 -0.02927199 -0.02137959 -0.0516852 -0.02624779 -0.02738867 -0.04774581 -0.02217296 -0.007480218 -0.05253639 -0.03589125 -0.007491801 -0.05004111 -0.03774984 -0.01114086 -0.05179228 -0.03505446 -0.01115791 -0.04932392 -0.03689215 -0.01470821 -0.05077261 -0.03389697 -0.01473041 -0.04834121 -0.03570588 -0.02144543 -0.04796425 -0.03066713 -0.02147665 -0.04563493 -0.0323965 -0.02746899 -0.044237 -0.0263193 -0.02750707 -0.04204354 -0.02794263 -0.02754369 -0.03960801 -0.02921714 -0.02153547 -0.04024146 -0.03469875 -0.02150667 -0.04304712 -0.03375337 -0.01477224 -0.04270791 -0.03811102 -0.01475176 -0.04563877 -0.03712419 -0.01119005 -0.04360355 -0.03933412 -0.01117432 -0.04657988 -0.03833255 -0.007513631 -0.0442572 -0.04021846 -0.007502944 -0.04726673 -0.03920627 -0.003773386 -0.04465708 -0.04075389 -5.530974e-07 -0.04479269 -0.04093377 0.003772285 -0.04465716 -0.04075399 0.007512544 -0.04425735 -0.04021867 0.01118898 -0.04360378 -0.03933443 0.0147712 -0.04270821 -0.03811142 0.02153453 -0.04024188 -0.03469934 0.03269222 -0.03323044 -0.02443206 -0.02043908 -0.05467603 0.03430649 -0.01399272 -0.057589 0.03400224 -0.007106867 -0.05938861 0.0338411 -0.02919832 -0.04591426 0.05315925 -0.03312559 -0.04023831 0.05286868 -0.03634253 -0.03326459 0.05247364 -0.03610205 -0.03394215 0.05251371 -0.007246507 -0.05937046 0.01475882 -0.01426035 -0.05752854 0.01539083 -0.02081554 -0.05456411 0.01645429 -0.02670044 -0.05059244 0.01793086 -0.03172526 -0.04575208 0.01978098 -0.03572825 -0.04020187 0.02194632 -0.03006425 -0.04545708 -0.01978421 -0.03249002 -0.04298167 -0.0171873 -0.03262156 -0.03770244 -0.02249837 -0.03014978 -0.04207216 -0.02377199 -0.02742951 -0.04615036 -0.02438371 -0.02141307 -0.04999447 -0.0286043 -0.0146852 -0.05289033 -0.0317384 -0.01112319 -0.0539416 -0.0328612 -0.007468208 -0.05470869 -0.03367268 -0.03451508 -0.0332378 -0.02085249 -0.03244318 -0.04413386 -0.01493372 -0.03239495 -0.04492436 -0.01249531 0.01104555 -0.05850094 -0.02138941 0.007401182 -0.05934303 -0.01872559 0.007415111 -0.05930983 -0.022067 0.003715845 -0.05983502 -0.01911111 0.003722904 -0.05980399 -0.02247609 -5.447635e-07 -0.06000154 -0.01924014 -5.458059e-07 -0.05997131 -0.02261314 -0.00371693 -0.05983493 -0.01911102 -0.003723992 -0.05980389 -0.02247602 -0.007402253 -0.05934284 -0.01872544 -0.007416185 -0.05930964 -0.02206685 -0.0110261 -0.05853703 -0.01808626 -0.0110466 -0.05850066 -0.02138917 -0.01455882 -0.05743107 -0.01719928 -0.01458551 -0.05739082 -0.02044955 -0.02123533 -0.05437814 -0.01471347 -0.02127287 -0.05432912 -0.01781911 -0.02721266 -0.05031576 -0.01135126 -0.02725847 -0.05025796 -0.01426557 -0.03229447 -0.04539381 -0.007224755 -0.007373382 -0.05934916 -0.01202767 -0.01098359 -0.05855022 -0.01146513 -0.01450349 -0.05745273 -0.01068306 -0.02115752 -0.05441941 -0.008485572 -0.02711772 -0.05037738 -0.005505027 -0.03218898 -0.04547412 -0.001838716 -0.03620503 -0.03987378 0.002391962 -4.114556e-07 -0.04894603 0.08082003 -0.005688416 -0.05153796 0.07629038 -0.01126814 -0.04955663 0.07614804 -0.0115959 -0.052879 0.07078791 -0.01706025 -0.04969392 0.07045369 -0.01740583 -0.05134077 0.06733122 -0.02253035 -0.04705928 0.06682889 -0.02766434 -0.04354312 0.06282031 -0.03611379 -0.03326457 0.05329284 -0.01659412 -0.04624034 0.0757263 -0.01639295 -0.04284487 0.08022773 -0.02127161 -0.03813331 0.07940198 -0.0226391 -0.03330604 0.0832265 -0.02508655 -0.03329383 0.07833793 -0.03047323 -0.03326696 0.06757852 -0.03081854 -0.03326524 0.06688879 0.01639221 -0.04284547 0.08022782 0.01659337 -0.04624093 0.07572639 0.01126734 -0.04955702 0.07614808 0.01159508 -0.05287937 0.07078794 0.005857279 -0.05478557 0.07089391 0.01183923 -0.05444202 0.06758534 0.005984116 -0.05630107 0.06765454 0.01214191 -0.05585456 0.06385567 0.006141576 -0.05766043 0.06387821 0.01250689 -0.05698504 0.05931326 0.006331628 -0.05874794 0.0593206 0.01293792 -0.05761648 0.05357272 0.006556245 -0.05936588 0.05358524 0.01343878 -0.0576515 0.04618633 0.006817395 -0.05940912 0.0461851 0.01399174 -0.05758935 0.03400221 0.007105837 -0.05938879 0.03384108 0.007245458 -0.05937064 0.01475876 0.007372315 -0.05934935 -0.0120278 0.01112859 -0.04624789 0.08066975 0.005616736 -0.04828046 0.08081635 0.005687588 -0.05153815 0.07629038 -4.166857e-07 -0.05218697 0.07629559 -0.005858131 -0.05478539 0.07089391 -0.01184007 -0.05444166 0.06758532 -0.03918424 -0.03301965 0.001558906 -0.03900643 -0.03301871 -0.003167437 -0.0369254 -0.03301958 0.0486444 0.01002164 -0.03313191 -0.04017602 0.03819369 -0.03308332 0.04016857 0.03686556 -0.03308352 0.04944912 0.03688937 -0.03312838 0.04945319 0.03598917 -0.03308365 0.05405722 0.0347233 -0.0330837 0.05855923 0.03474613 -0.03312865 0.05856705 0.03916592 -0.03308019 -0.001970576 0.03924565 -0.03308394 0.002721382 0.03928145 -0.03317711 0.002721896 -0.03929644 -0.03317681 0.001560135 -0.0349357 -0.03315928 0.05788659 -0.03103152 -0.03322313 0.0665032 -0.0310315 -0.03317665 0.0665032 -0.03320766 -0.03317429 0.0623097 -0.02258649 -0.03314248 0.08338116 -0.02256794 -0.03310544 0.0833725 -0.03102106 -0.03312866 0.06649772 -0.03099969 -0.0330837 0.06648651 -0.03319674 -0.03312684 0.06230425 -0.033175 -0.0330825 0.0622934 -0.03496896 -0.03312869 0.05789608 -0.03494599 -0.03308372 0.05788868 -0.03617807 -0.03312856 0.05331095 -0.03615445 -0.03308363 0.05330593 -0.03702439 -0.03312831 0.04866122 -0.03700057 -0.03308348 0.04865718 -0.03827107 -0.03308332 0.03929633 -0.02258065 -0.03326292 0.08337843 -0.0225925 -0.03322684 0.08338397 -0.02259158 -0.03321391 0.08338354 -0.03615694 -0.0331688 0.05330514 -0.03830705 -0.0331759 0.03929936 -0.03703609 -0.0331762 0.04866321 -0.03876473 -0.03317555 0.02986853 -0.03904033 -0.03314531 -0.003168898 -0.03914842 -0.03317667 0.01099687 -0.03850087 -0.03315678 -0.007868381 -0.03762675 -0.03316292 -0.01249314 -0.03621925 -0.03315628 -0.01699758 -0.03433875 -0.03313677 -0.02135788 -0.03201925 -0.03314672 -0.02546056 -0.02899537 -0.03312799 -0.02912818 -0.025527 -0.03312274 -0.03232993 -0.02168679 -0.03310176 -0.035065 -0.0175756 -0.0331313 -0.03740984 -0.01320373 -0.03310413 -0.03916252 -0.008655588 -0.03310919 -0.0404575 -0.004006942 -0.03311937 -0.0412183 0.000678824 -0.03305883 -0.04143447 0.0006794948 -0.03312854 -0.04143225 -0.004011658 -0.03305884 -0.04123814 -0.008660793 -0.03305885 -0.04049233 -0.01321867 -0.03305876 -0.03920114 -0.01757078 -0.03305865 -0.03740339 -0.02171027 -0.03305888 -0.03510302 -0.02554036 -0.03305967 -0.03234282 -0.0290076 -0.03306123 -0.02914284 -0.03198458 -0.03306858 -0.02543684 -0.03437172 -0.03307261 -0.02137193 -0.03623054 -0.03307518 -0.01700366 -0.03758884 -0.0330767 -0.01248375 -0.03852057 -0.0330778 -0.007869812 -0.03908133 -0.03307946 -0.003173428 -0.03926056 -0.03308379 0.00155974 -0.03911251 -0.03308371 0.01099624 -0.03872855 -0.03308314 0.02986761 0.005401263 -0.03305885 -0.04107353 0.005394642 -0.0331015 -0.04102924 0.02659035 -0.03312935 -0.03151405 0.02283593 -0.03312231 -0.03434321 0.02284265 -0.03305904 -0.03435752 0.01881282 -0.03305867 -0.03677835 0.01879572 -0.03311088 -0.03675072 0.01449728 -0.03305871 -0.0387332 0.01448349 -0.03310354 -0.03869352 0.0100208 -0.03305884 -0.04016685 0.03663977 -0.03307567 -0.01580632 0.0366018 -0.03313966 -0.01579566 0.03493634 -0.03307345 -0.02019219 0.03489512 -0.03313054 -0.0201716 0.032697 -0.03306989 -0.02435185 0.03917072 -0.03317193 -0.001970278 0.03870047 -0.03307812 -0.006658958 0.03865516 -0.03313839 -0.006653162 0.0378701 -0.033077 -0.01128845 0.03785649 -0.03315853 -0.01128376 0.03271186 -0.0331538 -0.02436122 0.02990802 -0.03306426 -0.02812819 0.02988033 -0.03312135 -0.02810744 0.02656121 -0.03306003 -0.03148074 0.03870365 -0.03308315 0.03081278 0.03821777 -0.03312808 0.04017081 0.03909339 -0.03308367 0.01208501 0.03872785 -0.03312783 0.03081345 0.03911752 -0.03312861 0.01208544 0.03873982 -0.03317557 0.03081378 0.03912932 -0.03317658 0.01208564 0.03293256 -0.03317522 0.06282654 0.03293334 -0.03312687 0.06282686 0.03291167 -0.03308252 0.06281587 0.03471081 -0.03315566 0.05855369 0.03598429 -0.03316337 0.05405683 0.03601271 -0.03312858 0.05406258 0.03822964 -0.0331759 0.04017192 0.03686847 -0.03316839 0.04944909 0.03081347 -0.03322362 0.06691904 0.03081355 -0.03317708 0.06691908 0.03080317 -0.03312899 0.06691364 0.03078183 -0.03308393 0.06690246 0.005392101 -0.0330141 -0.04100624 0.0006776655 -0.0330141 -0.04136656 0.0144729 -0.03301407 -0.03866987 0.01000386 -0.0330141 -0.04010108 0.0228043 -0.03301415 -0.03430137 0.01878129 -0.03301406 -0.03671826 0.0298549 -0.03301533 -0.02808248 0.02651617 -0.03301437 -0.03142926 0.03486966 -0.03301739 -0.02016172 0.03263592 -0.03301659 -0.0243135 0.03779746 -0.03301817 -0.01127227 0.03656939 -0.03301787 -0.0157834 0.0390907 -0.03301886 -0.001966091 0.03862642 -0.03301841 -0.006648736 0.03916929 -0.03301968 0.00272028 0.03862751 -0.03301951 0.03081067 0.0390171 -0.03301962 0.01208366 0.03382922 -0.03301954 0.06069596 0.0328439 -0.03301937 0.06278151 0.0346511 -0.03301962 0.05853453 0.03591478 -0.03301962 0.05404028 0.03811781 -0.03301954 0.04016148 0.03755665 -0.03301954 0.04481605 0.03679039 -0.03301959 0.04943625 0.03071418 -0.03301968 0.06686702 0.03075106 -0.03304644 0.06688634 0.03288078 -0.03304568 0.06280021 0.03469044 -0.03304631 0.05854799 0.03595532 -0.03304629 0.05404951 0.03683135 -0.03304622 0.04944326 -0.03310701 -0.03301937 0.06225948 -0.03093211 -0.03301963 0.06645107 -0.03607983 -0.03301961 0.05329007 -0.03487336 -0.03301963 0.05786528 -0.02249729 -0.03302564 0.08333953 -0.02248786 -0.0330179 0.08333512 -0.02245387 -0.03300978 0.08331925 -0.03767633 -0.03301954 0.0439807 -0.03819514 -0.03301954 0.03928993 -0.03865241 -0.03301951 0.0298657 -0.03751669 -0.0330181 -0.01246588 -0.03844684 -0.03301834 -0.007858099 -0.03430638 -0.0330172 -0.02133928 -0.03616099 -0.03301777 -0.01697879 -0.02895779 -0.03301464 -0.02909523 -0.03192542 -0.0330163 -0.02539636 -0.02167387 -0.03301411 -0.03504568 -0.02549721 -0.03301429 -0.03228992 -0.01319641 -0.03301408 -0.03913702 -0.01754132 -0.03301406 -0.0373423 -0.004004844 -0.0330141 -0.04117057 -0.008646131 -0.0330141 -0.04042602 -0.03903621 -0.03301963 0.01099491 -0.02254939 -0.03306841 0.08336385 -0.03096894 -0.03304632 0.06647038 -0.033144 -0.03304566 0.06227794 -0.03491294 -0.03304633 0.05787803 -0.03612049 -0.03304628 0.05329871 -0.03696635 -0.03304619 0.04865136 -0.0382365 -0.03304611 0.03929342 -0.03869387 -0.03304601 0.02986674 -0.0390778 -0.03304632 0.01099563 -0.021586 -0.03315376 0.08448677 -0.02175742 -0.03317825 0.08448695 -0.02153165 -0.03316513 0.08457452 -0.02160168 -0.0332206 0.08476893 -0.02112386 -0.0333589 0.08502137 -0.02139208 -0.03334206 0.08502722 -0.02063308 -0.03359211 0.08555917 -0.02099222 -0.03357379 0.08551998 -0.02026851 -0.03376534 0.08595865 -0.02056664 -0.03382041 0.08604441 -0.02013904 -0.03412939 0.08639514 -0.01901626 -0.03451179 0.0868254 -0.01961286 -0.0345096 0.08682671 -0.01862852 -0.03474292 0.08709377 -0.01927906 -0.0347508 0.0871005 -0.01452346 -0.03725222 0.08824428 -0.01602659 -0.03731865 0.0882535 -0.01452692 -0.03725014 0.08824366 -0.0158537 -0.03645103 0.08800271 -0.01724068 -0.03635056 0.08799218 -0.01607643 -0.03631689 0.08796226 -0.01729136 -0.03631014 0.08798128 -0.0167812 -0.03589242 0.08783428 -0.01755947 -0.03609636 0.08792357 -0.01715848 -0.03565766 0.08768304 -0.01841047 -0.0348786 0.08718117 -0.02115307 -0.03346359 0.08607237 -0.01471606 -0.03751175 0.08835752 -0.0161424 -0.0367642 0.0883141 -0.01622283 -0.03682963 0.08846465 -0.01461753 -0.03737826 0.08827969 -0.01605011 -0.03667246 0.08819261 -0.01735098 -0.03582511 0.08786774 -0.01850399 -0.03494174 0.08727005 -0.02177017 -0.03314284 0.0846025 -0.02083477 -0.03359175 0.08573161 -0.02074236 -0.03358145 0.08565722 -0.02209507 -0.03296664 0.08484715 -0.0162846 -0.03686253 0.08863364 -0.01632372 -0.03686157 0.08880767 -0.01752413 -0.03592913 0.08812397 -0.01889696 -0.03501338 0.08786041 -0.02194647 -0.03308277 0.08472653 -0.02101047 -0.03356109 0.085899 -0.02007383 -0.03417474 0.08708119 -0.019939 -0.03424555 0.08685932 -0.01877161 -0.03505258 0.08759461 -0.01976416 -0.03423718 0.08665514 -0.01859768 -0.03499874 0.08736095 0.003812666 -0.02773921 0.1268001 -0.003812666 -0.02773921 0.1268001 -0.0263833 -0.009376629 0.1268001 -0.02486079 0.01288182 0.1268001 -0.02287516 -0.01614705 0.1268001 -0.01115523 -0.02568192 0.1268001 -0.01767046 -0.02171992 0.1268001 -0.02741435 0.005696768 0.1268001 -0.02793473 -0.001910788 0.1268001 -0.007554309 0.02696168 0.1268001 -0.01454835 0.02392374 0.1268001 6.706508e-18 0.028 0.1268001 0.007554309 0.02696168 0.1268001 -0.02046341 0.01911149 0.1268001 0.02046341 0.01911149 0.1268001 0.02486079 0.01288182 0.1268001 0.01767046 -0.02171992 0.1268001 0.01454835 0.02392374 0.1268001 0.0263833 -0.009376629 0.1268001 0.02287516 -0.01614705 0.1268001 0.01115523 -0.02568192 0.1268001 0.02741435 0.005696768 0.1268001 0.02793473 -0.001910788 0.1268001 -0.0248671 0.018 -0.02806916 -0.03722658 0.018 -0.00452012 0.008974337 0.018 0.03641032 0.0248671 0.018 0.02806915 -0.03722658 0.018 0.004520124 -0.03506311 0.018 -0.01329768 -0.008974337 0.018 -0.03641032 7.217672e-18 0.018 0.0375 0.01742712 0.018 0.0332046 -0.008974337 0.018 0.03641032 -0.01742712 0.018 0.0332046 -0.01742712 0.018 -0.0332046 -0.0308619 0.018 -0.02130243 0.03722658 0.018 -0.00452012 -0.0248671 0.018 0.02806915 -4.926044e-19 0.018 -0.03749999 0.0248671 0.018 -0.02806916 0.01742712 0.018 -0.0332046 0.0308619 0.018 -0.02130243 0.03506311 0.018 -0.01329768 0.03722658 0.018 0.004520124 -0.0308619 0.018 0.02130243 -0.03506311 0.018 0.01329768 0.008974337 0.018 -0.03641032 0.03506311 0.018 0.01329768 0.0308619 0.018 0.02130243 -0.01931125 -0.03487702 0.08715726 -0.01928486 -0.03484197 0.0871561 -0.02021554 -0.03415463 0.08646772 -0.02193769 -0.03331328 0.08456571 -0.01735521 -0.03651219 0.08796415 -0.01732646 -0.03645971 0.08800664 -0.01935202 -0.03495289 0.08713314 -0.0193634 -0.03498815 0.08710962 -0.02116132 -0.03370837 0.08559742 -0.02194386 -0.03336561 0.08455677 -0.02116969 -0.03375542 0.08558099 -0.02104663 -0.03355294 0.08557554 -0.0201843 -0.03412565 0.0864541 -0.01928065 -0.0348126 0.0871323 -0.01933426 -0.03491491 0.08714953 -0.02024521 -0.03419104 0.08647351 -0.02181251 -0.03315707 0.08452318 -0.02185205 -0.03317963 0.08454324 -0.02108189 -0.03357932 0.08559308 -0.02111517 -0.03361581 0.08560377 -0.02188913 -0.03321492 0.08455856 -0.01726511 -0.03637297 0.08802509 -0.01728661 -0.03640101 0.08802538 -0.01730745 -0.03643039 0.0880193 -0.02027042 -0.03423258 0.08646989 -0.02114268 -0.03366021 0.08560544 -0.02191897 -0.03326104 0.0845665 -0.03436195 -0.035 0.04022514 -0.033575 -0.035 0.03943819 -0.0325 -0.035 0.04130014 -0.0325 -0.035 0.03915014 -0.031425 -0.035 0.03943819 -0.033575 -0.035 0.04316209 -0.03436195 -0.035 0.04237514 -0.03465 -0.035 0.04130014 -0.03063804 -0.035 0.04237514 -0.031425 -0.035 0.04316209 -0.0325 -0.035 0.04345014 -0.03063804 -0.035 0.04022514 -0.03035 -0.035 0.04130014 0.03063804 -0.035 0.04022514 0.031425 -0.035 0.03943819 0.0325 -0.035 0.04130014 0.0325 -0.035 0.03915014 0.033575 -0.035 0.03943819 0.031425 -0.035 0.04316209 0.03063804 -0.035 0.04237514 0.03035 -0.035 0.04130014 0.03436195 -0.035 0.04237514 0.033575 -0.035 0.04316209 0.0325 -0.035 0.04345014 0.03436195 -0.035 0.04022514 0.03465 -0.035 0.04130014 -0.001861955 -0.035 -0.03777486 -0.001075 -0.035 -0.03856181 -8.082396e-18 -0.035 -0.03669986 -8.171774e-18 -0.035 -0.03884986 0.001075 -0.035 -0.03856181 -0.001075 -0.035 -0.0348379 -0.001861955 -0.035 -0.03562486 -0.00215 -0.035 -0.03669986 0.001861955 -0.035 -0.03562486 0.001075 -0.035 -0.0348379 -6.774927e-18 -0.035 -0.03454986 0.001861955 -0.035 -0.03777486 0.00215 -0.035 -0.03669986 -0.0331062 -0.04226286 0.03926042 -0.03249641 -0.04330849 0.03920082 -0.03046948 -0.04621645 0.04064208 -0.03042223 -0.04627017 0.04074753 -0.03035004 -0.04630445 0.04130014 -0.03065327 -0.0460075 0.040232 -0.03101779 -0.04553398 0.03980397 -0.0307048 -0.04594892 0.04011703 -0.03219719 -0.04382157 0.03917158 -0.03171352 -0.04454453 0.0393548 -0.03143448 -0.04496163 0.03946051 -0.03131649 -0.04513799 0.03950521 -0.03242569 -0.04342975 0.03919391 -0.03408713 -0.04031104 0.03984977 -0.03369899 -0.04109588 0.03959365 -0.03354188 -0.04141355 0.03948999 -0.0332092 -0.04208623 0.03927049 -0.0345407 -0.03919848 0.04062282 -0.03443366 -0.03946102 0.04044039 -0.03432116 -0.039737 0.04024863 -0.03422268 -0.03997856 0.04008079 -0.03434389 -0.03921908 0.04236418 -0.03446676 -0.03899891 0.0421687 -0.03453191 -0.03890357 0.04196411 -0.03460681 -0.03879398 0.04172894 -0.03463937 -0.03879901 0.04140559 -0.03464998 -0.03880065 0.04130014 -0.03460239 -0.03901178 0.04085021 -0.03413532 -0.03959282 0.04269603 -0.03405399 -0.03974524 0.04275798 -0.03280786 -0.04204433 0.04336728 -0.03341124 -0.04094968 0.04324748 -0.03345833 -0.04086144 0.04321162 -0.03355661 -0.04067726 0.04313677 -0.03147379 -0.04437015 0.04317122 -0.03214911 -0.04321376 0.04337277 -0.0324012 -0.04278208 0.04344802 -0.03249704 -0.04260822 0.04342899 -0.03040371 -0.04617061 0.04177771 -0.03065664 -0.04573105 0.04236691 -0.03071 -0.0456383 0.04249123 -0.03085515 -0.04539805 0.04262883 -0.03140589 -0.04448641 0.04315095 -0.03142677 -0.04445067 0.04315718 0.030649 -0.04574163 0.04236682 0.03060166 -0.04582008 0.04230963 0.0314471 -0.04441103 0.04311849 0.03140165 -0.04448758 0.04309648 0.0311536 -0.04490533 0.04297638 0.03079657 -0.04549704 0.04254509 0.03291434 -0.04186404 0.04340996 0.0327389 -0.04217441 0.0434072 0.03250024 -0.04259661 0.04340345 0.03202004 -0.04344613 0.0433959 0.03398619 -0.03987539 0.04281536 0.0338656 -0.04009805 0.04296081 0.03354898 -0.04068584 0.0431103 0.03337688 -0.04100534 0.04319156 0.03448772 -0.03897351 0.04207881 0.03438476 -0.03913945 0.04233462 0.03435537 -0.03919372 0.04237007 0.03425711 -0.03937517 0.0424886 0.03464999 -0.03880065 0.04130014 0.03464667 -0.03877958 0.04141916 0.03462698 -0.03879399 0.04154173 0.03457592 -0.03883136 0.04185966 0.03462464 -0.03893472 0.04097087 0.03437564 -0.03963374 0.0402492 0.03376414 -0.04100287 0.03956104 0.03378497 -0.04095625 0.03958447 0.03428344 -0.03984018 0.04014543 0.0343574 -0.03967459 0.04022866 0.03250458 -0.0432955 0.03920379 0.03280416 -0.04281299 0.03917177 0.03316726 -0.04212834 0.03931901 0.03355755 -0.04139243 0.03947727 0.03175271 -0.04450649 0.03928417 0.03077433 -0.04585252 0.04007822 0.03100863 -0.04555838 0.03975144 0.03108249 -0.04545397 0.03970506 0.03144811 -0.04493709 0.03947545 0.03037925 -0.04622041 0.04165356 0.03035001 -0.04630445 0.04130014 0.0303689 -0.04631234 0.0410157 0.03051516 -0.04616743 0.04051885 0.03055469 -0.04612825 0.04038455 0.03065867 -0.04599772 0.04023954 0.001311794 -0.05429191 -0.03506075 0.001069554 -0.05456436 -0.03484443 0.001688072 -0.05017069 -0.03772831 0.001701701 -0.0502254 -0.03769797 0.001967896 -0.05129407 -0.0371054 0.002150076 -0.05202544 -0.03669986 0.002122436 -0.0523884 -0.03645737 0.002094996 -0.05274873 -0.03621665 0.0005813104 -0.04806945 -0.03876977 0.001009433 -0.0486041 -0.03853583 0.001048826 -0.0486533 -0.0385143 0.001428078 -0.04912692 -0.03830707 -0.001044756 -0.04862771 -0.03852221 -0.0008711941 -0.04832105 -0.03866544 -0.0007041149 -0.04816324 -0.03873129 -0.0004079877 -0.04799914 -0.03879784 -0.0002327965 -0.04790206 -0.03883722 1.469908e-07 -0.04789088 -0.03884166 0.0001510335 -0.04788363 -0.03884454 -0.001172067 -0.04885265 -0.03841715 -0.001764554 -0.0498995 -0.03792821 -0.002149996 -0.05202544 -0.03669986 -0.002055106 -0.05101763 -0.03731528 -0.00205013 -0.05096478 -0.03734754 -0.001844396 -0.05019733 -0.03776586 -0.001881383 -0.05315777 -0.03590061 -0.001797155 -0.05351283 -0.03565 -0.001713318 -0.05386625 -0.03540054 -0.001493282 -0.0541005 -0.03521375 -5.509468e-08 -0.05488739 -0.03457601 -0.0003299137 -0.05488821 -0.03457531 -0.0006714736 -0.05475269 -0.03468862 -0.001004955 -0.05462038 -0.03479923 -0.001065107 -0.05455634 -0.0348503 0.0003388862 -0.05488655 -0.03457673 0.0004165757 -0.0548545 -0.03460349 0.001040339 -0.05459722 -0.03481834 0.001916211 -0.05343635 -0.03572485 0.001857402 -0.0535656 -0.03562768 0.001752415 -0.05379634 -0.03545421 -0.03039249 -0.04625953 0.0418124 -0.03038104 -0.04635017 0.04184779 -0.03089646 -0.04559837 0.04283087 -0.0347509 -0.03912299 0.04167678 -0.03470083 -0.0391948 0.04190427 -0.03477086 -0.03925212 0.04190444 -0.03477734 -0.03911762 0.0414479 -0.0348452 -0.03917903 0.04145771 -0.03488089 -0.03938513 0.04100311 -0.03476887 -0.03929166 0.04097388 -0.03469012 -0.03922595 0.04095334 -0.03472454 -0.03904884 0.04143807 -0.03464719 -0.03912113 0.04090286 -0.0346451 -0.03911604 0.04090041 -0.03466273 -0.03890598 0.04142001 -0.03039841 -0.04621264 0.04179411 -0.03088281 -0.04550748 0.04274125 -0.03464104 -0.04008218 0.04283962 -0.03450548 -0.04005498 0.0427499 -0.03387596 -0.04111182 0.04328542 -0.03550627 -0.03912446 0.0414846 -0.03544319 -0.03932691 0.04084963 -0.03536168 -0.03939956 0.04090843 -0.03517689 -0.03943782 0.04096975 -0.03517386 -0.03943845 0.04097076 -0.03520934 -0.03927416 0.04148567 -0.03086581 -0.04546038 0.04270304 -0.03151997 -0.04441983 0.04322053 -0.03221674 -0.04327241 0.04343996 -0.03289651 -0.04209751 0.04342448 -0.03354349 -0.04092186 0.04319538 -0.03455013 -0.0389348 0.04195888 -0.03434448 -0.03929187 0.04241143 -0.03408682 -0.03977489 0.0427557 -0.03499892 -0.03941564 0.04099522 -0.03501756 -0.03926212 0.04147495 -0.0350033 -0.03941677 0.04099492 -0.03511368 -0.03927747 0.0414813 -0.03509253 -0.03943984 0.04098896 -0.0351257 -0.03944842 0.04098674 -0.03491839 -0.0396436 0.04245 -0.03512082 -0.03934607 0.04198276 -0.03503166 -0.03934703 0.04195279 -0.03476068 -0.03962152 0.04237162 -0.03538028 -0.03921949 0.04148837 -0.03527626 -0.03930006 0.04205284 -0.0353869 -0.03921577 0.04212344 -0.03474771 -0.04007334 0.04295384 -0.03481688 -0.04003679 0.04307237 -0.03240393 -0.04342466 0.04360453 -0.03246811 -0.04349102 0.04378165 -0.0332276 -0.04229979 0.04365809 -0.03327378 -0.04232059 0.04376388 -0.03404652 -0.04115479 0.04349671 -0.03164767 -0.04463676 0.04352752 -0.03088127 -0.04567727 0.04293104 -0.03033453 -0.0464267 0.04188605 -0.03162661 -0.0445633 0.04338273 -0.0330781 -0.04221464 0.04349162 -0.03298735 -0.04215745 0.04344478 -0.03228627 -0.04332613 0.043477 -0.03316071 -0.04226364 0.04356445 -0.03235017 -0.04337801 0.04353242 -0.03156361 -0.04446952 0.04326438 -0.0315998 -0.04451804 0.04331898 -0.03397401 -0.04114476 0.04338191 -0.03384431 -0.04035652 0.04299677 -0.03412633 -0.03981864 0.04273017 -0.0343758 -0.03934392 0.04238367 -0.03456961 -0.038998 0.04193991 -0.03499144 -0.03926684 0.04170115 -0.03492643 -0.0392285 0.04146691 -0.03490086 -0.03923333 0.04168894 -0.0348195 -0.03918409 0.04168079 -0.03490927 -0.03939247 0.04100121 -0.03453059 -0.039505 0.04233389 -0.03460161 -0.03955249 0.04233506 -0.03485188 -0.03929872 0.04191258 -0.03467941 -0.03959217 0.04234756 -0.03494036 -0.03933109 0.04192891 -0.0336478 -0.04099231 0.04319073 -0.03376265 -0.04105859 0.04321983 -0.03395054 -0.04043522 0.04297781 -0.03436081 -0.03999339 0.04270114 -0.0342295 -0.03990935 0.04269746 -0.03464384 -0.03913083 0.0419111 -0.03446865 -0.0394526 0.04234286 -0.0304569 -0.04632542 0.04060221 -0.03104791 -0.04565582 0.03969375 -0.03106825 -0.04574658 0.0396136 -0.0326439 -0.04359069 0.0390711 -0.03257655 -0.04353926 0.03911503 -0.03328201 -0.0423811 0.03924529 -0.0348772 -0.03978968 0.04054483 -0.03346334 -0.0424858 0.03915665 -0.03413456 -0.04133708 0.03953469 -0.03424249 -0.0413706 0.03945897 -0.03043857 -0.04641454 0.04057156 -0.03250625 -0.04348601 0.0391414 -0.03319263 -0.04232221 0.03925263 -0.03450132 -0.03953326 0.0404676 -0.03380327 -0.04115292 0.03957233 -0.03430634 -0.04003806 0.04010364 -0.03102921 -0.04560886 0.03972675 -0.03176533 -0.04460957 0.03927305 -0.03070449 -0.04600869 0.0401123 -0.03034378 -0.04640346 0.04120659 -0.03045953 -0.04627991 0.04061563 -0.03192165 -0.04482735 0.03900173 -0.03275385 -0.04367602 0.03893651 -0.03270421 -0.0436372 0.0390106 -0.03188346 -0.04475264 0.03913423 -0.03467658 -0.04026066 0.04014273 -0.03474941 -0.04027892 0.04011519 -0.03481875 -0.04028888 0.04007874 -0.03502425 -0.04025512 0.03988341 -0.03439198 -0.04137641 0.03925671 -0.03493821 -0.04028484 0.03998669 -0.03433014 -0.0413831 0.03936217 -0.03279037 -0.04370521 0.03885329 -0.03458991 -0.03963339 0.04052463 -0.03390327 -0.04122104 0.03959103 -0.03440375 -0.04012325 0.04015066 -0.0347193 -0.03972514 0.04055462 -0.03181088 -0.04465904 0.03923704 -0.03106387 -0.04582623 0.03952026 -0.03337464 -0.04243728 0.03921343 -0.0340172 -0.04128508 0.03957975 -0.03453139 -0.040202 0.0401669 0.03535919 -0.03933868 0.04104581 0.035384 -0.03933297 0.0410393 0.03536911 -0.03921323 0.04162415 0.03546811 -0.0392548 0.04098973 0.03533668 -0.03927926 0.04226132 0.03464407 -0.03898884 0.04099315 0.03465207 -0.03889884 0.04154584 0.03453124 -0.03906175 0.04205314 0.03406454 -0.03993696 0.04279726 0.03347083 -0.04105682 0.04323331 0.0328212 -0.04223074 0.04343688 0.0321343 -0.04341103 0.04342713 0.03144155 -0.044546 0.04317814 0.03079957 -0.04556527 0.04262161 0.03054323 -0.04597669 0.04219738 0.03037287 -0.04626245 0.04166681 0.03030437 -0.04647722 0.04174048 0.03155561 -0.04476284 0.04347855 0.03153908 -0.04468869 0.04333816 0.03237074 -0.04362931 0.04376673 0.03231198 -0.04356201 0.04359291 0.03307701 -0.04239492 0.04358092 0.0337961 -0.04124319 0.04333043 0.03389024 -0.04127659 0.04342696 0.03314067 -0.04243135 0.04367384 0.03444023 -0.04016602 0.04282543 0.03450828 -0.04018446 0.04286688 0.03457107 -0.0401941 0.04291673 0.03501391 -0.03935575 0.0411073 0.03501832 -0.03935688 0.04110715 0.03510408 -0.03927227 0.04159293 0.03508244 -0.03939826 0.04209767 0.03499608 -0.03939785 0.04206339 0.03510524 -0.03937911 0.04110407 0.03519936 -0.03926872 0.04160392 0.03395938 -0.04128815 0.04354101 0.03318419 -0.04245309 0.04377829 0.03473886 -0.04015543 0.04315151 0.03467321 -0.04018812 0.04303197 0.03514227 -0.03938858 0.04110275 0.03519218 -0.0393771 0.04108965 0.03519526 -0.03937639 0.04108884 0.03471463 -0.0390426 0.04155116 0.03429908 -0.04010575 0.04277421 0.03455088 -0.03964557 0.04242669 0.03470681 -0.0397126 0.04246625 0.03432164 -0.03944613 0.04247228 0.03441768 -0.03954997 0.04243234 0.03461032 -0.03918882 0.04201841 0.0346688 -0.03925003 0.04200982 0.03476772 -0.0391118 0.04155636 0.03481997 -0.03934994 0.04201806 0.03473939 -0.03930499 0.04200933 0.03488108 -0.03925647 0.04179342 0.03479979 -0.03920826 0.04178548 0.03483579 -0.03917357 0.04156338 0.03493116 -0.0392505 0.04134703 0.03491711 -0.03922329 0.04157207 0.03502193 -0.03928369 0.04135274 0.03500818 -0.039257 0.0415821 0.03490703 -0.03938158 0.04203632 0.03485007 -0.03920203 0.04133753 0.03478706 -0.03923109 0.0410842 0.03466373 -0.03904361 0.0410157 0.03466562 -0.03904888 0.04101787 0.0347053 -0.03915941 0.04106338 0.03478279 -0.03922734 0.04108311 0.03081375 -0.04561215 0.04265826 0.03036578 -0.04630927 0.04168156 0.03082248 -0.04570281 0.0427432 0.03035206 -0.04639978 0.04171009 0.0308038 -0.04578222 0.04283736 0.03416895 -0.04002451 0.04276745 0.03368644 -0.04119062 0.04326355 0.03357415 -0.0411257 0.0432319 0.03299775 -0.04234627 0.04350779 0.03290995 -0.04228982 0.04345952 0.03226154 -0.04351558 0.04352137 0.03220093 -0.04346418 0.04346553 0.03148209 -0.04459533 0.04322204 0.03549362 -0.0391172 0.04163972 0.0352317 -0.03935726 0.04217868 0.03484891 -0.03928532 0.04109996 0.03489437 -0.03932518 0.04111154 0.03451152 -0.03937648 0.04052944 0.03491386 -0.03969332 0.04064743 0.03050341 -0.04627954 0.0404774 0.03035444 -0.04640529 0.04106649 0.03078098 -0.04597461 0.03998835 0.03185103 -0.0444858 0.03924371 0.03110729 -0.04550849 0.03965692 0.03258609 -0.04335728 0.0391428 0.03326849 -0.04218481 0.03927953 0.03386708 -0.04102102 0.03962196 0.03432174 -0.03987129 0.04015088 0.0343566 -0.03991403 0.04018274 0.03507964 -0.03971561 0.0406002 0.0349995 -0.04016387 0.04007944 0.03508881 -0.04013043 0.03997764 0.03279261 -0.0435096 0.03901465 0.0336279 -0.04238662 0.03911102 0.03354704 -0.04235028 0.03918922 0.0343158 -0.04124146 0.03951741 0.03420417 -0.04120839 0.03959236 0.0348758 -0.04017069 0.04016975 0.0344068 -0.0412525 0.03942056 0.03197839 -0.04462964 0.03910426 0.03202182 -0.04470369 0.03896829 0.03288436 -0.04357674 0.03885531 0.0304553 -0.04645111 0.04039787 0.03115463 -0.04572587 0.0394404 0.03115468 -0.04564669 0.03953896 0.03048804 -0.04636879 0.04043985 0.0339149 -0.04105584 0.03963626 0.03440012 -0.03995811 0.0402106 0.03453857 -0.03942685 0.0405631 0.03462423 -0.03953142 0.04062108 0.03468369 -0.03958161 0.0406415 0.03475332 -0.03962703 0.0406536 0.03483106 -0.03966504 0.04065584 0.03451314 -0.04004464 0.04024713 0.03458092 -0.04008355 0.04025235 0.03465383 -0.04011701 0.04024723 0.03408355 -0.04115584 0.03963552 0.03396756 -0.04109058 0.03964394 0.03345499 -0.04230145 0.03924505 0.03335962 -0.04224455 0.03927493 0.03272916 -0.04346291 0.03907512 0.03265885 -0.04341105 0.03911814 0.03189958 -0.04453564 0.03920823 0.03472924 -0.04014338 0.04023135 0.03445246 -0.0400022 0.04023267 0.03457588 -0.03947908 0.04059427 0.03112891 -0.04555567 0.03962284 0.03369153 -0.04240806 0.03901765 -0.001735692 -0.05013077 -0.03827381 -0.001730449 -0.05011136 -0.03823948 -0.00209626 -0.05120881 -0.03759412 -0.001711841 -0.05004248 -0.0381176 -0.001707583 -0.05002671 -0.03808971 -0.002056771 -0.05114682 -0.0374957 0.00195505 -0.05349024 -0.03576425 0.002025248 -0.05358765 -0.03583547 0.001431379 -0.05443311 -0.03507146 -0.001986618 -0.0502 -0.03855796 -0.001875164 -0.05019433 -0.0384714 -0.002402907 -0.05239912 -0.03695868 -0.002343304 -0.05348748 -0.03610381 -0.002499339 -0.05242676 -0.03699006 -0.002102186 -0.0501802 -0.03860711 -0.001702022 -0.05434224 -0.03525572 -0.001812957 -0.05442977 -0.03523727 -0.002188182 -0.05340841 -0.03607662 -0.002012119 -0.0502013 -0.03857777 -0.0008182324 -0.05508723 -0.03458583 -0.0007705343 -0.05499429 -0.03463629 0.001613659 -0.05462703 -0.03504597 0.0005041312 -0.05517275 -0.03449817 0.0004749174 -0.05507912 -0.03455281 0.001516394 -0.05453783 -0.035074 0.00211142 -0.05364907 -0.03585905 0.00219759 -0.0537105 -0.03588264 0.002252313 -0.05372969 -0.03587586 -0.001568347 -0.05418237 -0.03522199 -0.0007082947 -0.05483619 -0.03466649 0.0004364333 -0.05492122 -0.03459159 0.0009655374 -0.05471186 -0.0347749 0.001396199 -0.05437855 -0.03505908 0.0004482264 -0.05497486 -0.03458475 -0.002046152 -0.05108131 -0.03740101 -0.001733499 -0.04996884 -0.03801624 -0.002025706 -0.05324502 -0.03595757 -0.002160154 -0.05218926 -0.03670485 -0.001789727 -0.05016175 -0.03836042 -0.002243522 -0.05230747 -0.03684951 -0.002191257 -0.05224959 -0.03677905 -0.00206714 -0.05330207 -0.03600523 -0.001843762 -0.05019273 -0.03844701 -0.002164992 -0.05126069 -0.03768718 -0.002315509 -0.05235858 -0.03691092 -0.002121857 -0.05335746 -0.03604573 -0.001606732 -0.05423731 -0.03524096 -0.0007272418 -0.05488997 -0.03466275 -0.001165694 -0.04914398 -0.03890784 0.0018182 -0.05023263 -0.03787518 0.002093879 -0.05135142 -0.03723942 0.002152689 -0.05244923 -0.03652859 -0.0003255487 -0.04829681 -0.03896885 -0.0003396472 -0.04823266 -0.0389097 -0.0007695251 -0.04855063 -0.03879775 -0.001188053 -0.04890764 -0.03851315 0.0005347761 -0.04842056 -0.03892797 0.0005519931 -0.0483624 -0.03886637 0.0001080059 -0.04815795 -0.03893247 0.0001149224 -0.04808551 -0.03889129 0.0006026133 -0.04824095 -0.03878298 0.001008108 -0.04865612 -0.03861949 -0.000475211 -0.04828416 -0.03968866 0.0001544575 -0.0481978 -0.03973125 0.0007522135 -0.0484288 -0.03961614 0.0006678807 -0.04850793 -0.03951177 -0.0007928826 -0.04872968 -0.03919271 -0.001200291 -0.04916006 -0.0389851 -0.001244363 -0.04916607 -0.03905742 -0.000337832 -0.04844008 -0.03931892 -0.0003591506 -0.04843418 -0.0394132 -0.0001206565 -0.04836958 -0.03944115 0.002421122 -0.05158585 -0.03762886 0.002316076 -0.05156523 -0.03757803 0.002490778 -0.05268786 -0.03678037 0.002312625 -0.05261683 -0.03671414 0.002223995 -0.05152783 -0.03750721 0.002095857 -0.05046551 -0.03839584 0.0009656718 -0.04890971 -0.03901845 0.0005378745 -0.04854227 -0.03917786 0.0005594902 -0.04855536 -0.03927049 0.0001006135 -0.04836626 -0.03924391 0.0001056237 -0.04837725 -0.03934371 0.00058992 -0.04855291 -0.03935969 0.0001131104 -0.04836856 -0.03944159 0.0001328928 -0.04830231 -0.03961174 -0.0007656096 -0.04871541 -0.0391053 -0.0003232002 -0.04842817 -0.03922203 0.00141871 -0.04940118 -0.03893249 0.00152817 -0.0493915 -0.03904341 0.001644114 -0.0493557 -0.03911629 -0.0004147693 -0.04837741 -0.03957568 -0.001350825 -0.04915013 -0.03917722 -0.001464128 -0.04910647 -0.03925665 -0.0001073497 -0.04836721 -0.03924358 0.0001227016 -0.0480136 -0.03886452 -0.0003789045 -0.0480986 -0.03883488 0.000938364 -0.04884743 -0.03885514 0.001298684 -0.04923929 -0.03850962 0.0009568772 -0.04875616 -0.03871714 0.001338213 -0.0491528 -0.03840476 9.845865e-05 -0.04833569 -0.03914815 0.0005265122 -0.04851395 -0.03908682 9.920205e-05 -0.04828789 -0.03906198 0.0005257388 -0.04847232 -0.03900224 0.000102558 -0.048227 -0.03898941 -0.0001151899 -0.04815914 -0.03893213 -0.000105835 -0.0482889 -0.0390617 -0.0003579755 -0.04816541 -0.03886537 -0.0008230715 -0.04844142 -0.03870606 -0.001483688 -0.0494253 -0.03827903 -0.001451669 -0.04950682 -0.03838533 -0.001142186 -0.04899986 -0.03861535 -0.0007527795 -0.04860297 -0.0388613 -0.001130952 -0.04908439 -0.03875199 -0.0007496878 -0.04868825 -0.03901812 -0.000745632 -0.04864988 -0.03893557 -0.0003163062 -0.04839861 -0.03912809 -0.0003173219 -0.04835359 -0.03904237 0.002110228 -0.05141543 -0.03732988 0.002187305 -0.05250864 -0.03659683 0.001808273 -0.05030436 -0.03797935 0.001831858 -0.05037146 -0.03809617 0.001294639 -0.04931889 -0.0386439 0.001335649 -0.04937657 -0.03879251 0.001372676 -0.04939335 -0.03886504 0.001984386 -0.05045693 -0.03831707 0.001892264 -0.05042475 -0.03821349 0.002153684 -0.05147622 -0.03742185 0.002241154 -0.05256581 -0.03666021 -6.014183e-21 0.028 0.1303001 -0.007554309 0.02696168 0.1303001 5.416753e-18 7.978582e-18 0.1303001 0.007554309 0.02696168 0.1303001 0.02486079 0.01288182 0.1303001 0.02046341 0.01911149 0.1303001 0.01454835 0.02392374 0.1303001 0.0263833 -0.009376629 0.1303001 0.02793473 -0.001910788 0.1303001 0.02741435 0.005696768 0.1303001 0.01115523 -0.02568192 0.1303001 0.01767046 -0.02171992 0.1303001 0.02287516 -0.01614705 0.1303001 -0.01115523 -0.02568192 0.1303001 -0.003812666 -0.02773921 0.1303001 0.003812666 -0.02773921 0.1303001 -0.0263833 -0.009376629 0.1303001 -0.02287516 -0.01614705 0.1303001 -0.01767046 -0.02171992 0.1303001 -0.02486079 0.01288182 0.1303001 -0.02741435 0.005696768 0.1303001 -0.02793473 -0.001910788 0.1303001 -0.01454835 0.02392374 0.1303001 -0.02046341 0.01911149 0.1303001 -9.470115e-18 0.0215 -0.03749999 -0.008974337 0.0215 -0.03641032 1.273661e-18 0.0215 -1.758627e-09 0.008974337 0.0215 -0.03641032 0.0308619 0.0215 -0.02130243 0.0248671 0.0215 -0.02806916 0.01742712 0.0215 -0.0332046 0.03722658 0.0215 0.004520124 0.03722658 0.0215 -0.00452012 0.03506311 0.0215 -0.01329768 0.0248671 0.0215 0.02806915 0.0308619 0.0215 0.02130243 0.03506311 0.0215 0.01329768 7.425012e-18 0.0215 0.0375 0.008974337 0.0215 0.03641032 0.01742712 0.0215 0.0332046 -0.0248671 0.0215 0.02806915 -0.01742712 0.0215 0.0332046 -0.008974337 0.0215 0.03641032 -0.03722658 0.0215 0.004520124 -0.03506311 0.0215 0.01329768 -0.0308619 0.0215 0.02130243 -0.0308619 0.0215 -0.02130243 -0.03506311 0.0215 -0.01329768 -0.03722658 0.0215 -0.00452012 -0.01742712 0.0215 -0.0332046 -0.0248671 0.0215 -0.02806916</float_array>
          <technique_common>
            <accessor count="3389" source="#verts-array-array" stride="3">
              <param type="float" name="X" />
              <param type="float" name="Y" />
              <param type="float" name="Z" />
            </accessor>
          </technique_common>
        </source>
        <source id="normals-array">
          <float_array count="10167" id="normals-array-array">0.04477852 0.9285214 -0.3685687 0.4543629 -0.608007 0.6510621 0.166038 -0.7541079 -0.6354153 0.1520802 -0.9880105 0.02658778 0.2808847 -0.9568628 0.07427943 0.2876297 -0.9562026 -0.05427451 0.7975699 -0.01822163 0.6029512 0.5989386 -0.6966926 0.3948317 0.8373659 -0.2378887 0.492166 0.444921 -0.789063 -0.4235858 0.5213845 -0.8257519 -0.2151556 0.4697659 -0.8048613 -0.3626544 0.5161537 -0.8460258 -0.1335126 0.4986389 -0.8621573 0.08968861 0.5735761 -0.7662868 0.2895083 0.4945901 -0.8382757 0.229509 0.4806399 -0.7842487 0.392351 0.6176332 -0.7392193 0.2684847 0.5824613 -0.8112718 0.05076257 0.5173727 -0.8496659 0.1019482 0.4513096 -0.8903079 0.06059282 0.6271192 -0.7528617 0.199802 0.4465115 -0.8921399 -0.06865735 0.6228739 -0.7685691 0.146047 0.4493856 -0.8744103 -0.1829184 0.61061 -0.7868477 0.08958845 0.6887647 -0.6695202 0.2781115 0.609767 -0.7901549 0.06196323 0.4775231 -0.844292 -0.2431928 0.7103578 -0.6360332 0.3014191 0.7146773 -0.6287132 0.3065225 0.7451019 -0.4733767 0.4698273 0.6900507 -0.6016832 0.4022529 0.2441667 -0.7760066 -0.5815466 0.3552514 -0.8241045 -0.4411895 0.2377316 -0.8652767 -0.4413388 0.2640851 -0.9285058 -0.2610287 0.5438616 -0.3495643 0.762902 0.8875178 -0.252493 0.3854342 0.8375638 -0.121782 0.5325937 0.5802635 -0.7842091 0.219796 0.5568736 -0.8161522 0.1542315 0.11357 -0.4600477 -0.8806009 0.4898273 -0.8404035 0.2319294 0.2310302 -0.6010906 -0.7650589 0.209052 -0.4146151 -0.8856588 0.3901044 -0.9143894 0.1082154 0.08457494 -0.2231969 -0.9710974 0.08521966 -0.2211937 -0.9714993 0.4724625 -0.8039836 -0.3610948 0.408183 -0.7133743 -0.5696347 0.3446369 -0.7106874 -0.6133097 0.3146149 -0.5770999 -0.75364 0.3151427 -0.5747711 -0.7551975 0.7564041 -0.5590828 0.3395279 0.7428091 -0.600953 0.2951104 0.7230019 -0.6253889 0.2935251 0.7189798 -0.6235276 0.3070526 0.2807723 -0.9569097 0.07410022 0.4815829 -0.8556825 0.1894341 0.6377691 -0.7196132 0.274604 0.7357994 -0.595671 0.3221416 0.6741885 -0.6812729 0.2851965 0.6378987 -0.7303078 0.244409 0.6193458 -0.743544 0.2520972 -0.1365079 0.9703176 0.1996229 0.07407498 0.8839894 0.4616011 0.1660813 0.8232091 0.5429031 0.8393224 -0.2449737 0.4853099 0.7612826 -0.5333507 0.3687625 0.8016068 -0.4438564 0.4005222 0.8400093 -0.3401743 0.4226887 0.8808433 -0.1271122 0.4560236 0.8808928 0.07810628 0.4668268 0.7428814 0.0429169 0.6680459 0.8148738 0.146094 0.5609254 0.8397719 0.2926429 0.4573218 0.6861587 -0.4352327 0.5828882 0.7317181 -0.4186702 0.5378698 0.6732017 -0.06901456 0.7362312 0.7957135 -0.2748415 0.5397241 0.7444956 -0.5519681 0.3755763 0.08402703 0.209214 0.974253 0.5897237 -0.6057637 0.5341126 0.3602947 0.02756131 0.9324313 0.5434148 -0.03294882 0.8388175 0.5826744 0.1464426 0.799403 0.6505178 0.2816261 0.7053463 0.721324 0.4037587 0.5627349 0.7636785 0.4827937 0.4286086 -0.01592353 0.6703407 0.7418826 -0.1004809 0.8056912 0.5837511 0.1857735 0.3344114 0.9239357 -0.1467333 0.564529 0.8122662 -0.08246004 0.4775182 0.8747438 -0.3751732 0.694591 0.6138309 -0.144236 0.5086487 0.8488065 -0.1382718 0.4733759 0.8699403 0.04722429 -0.0128083 0.9988022 0.1447219 -0.1464505 0.9785744 0.3008144 -0.2302518 0.92547 -0.08726529 0.3421633 0.9355795 -0.02578972 0.3586683 0.9331088 -0.1225133 0.7824662 0.610522 -0.3962518 0.8663189 0.3040988 -0.4920558 0.857503 0.1502321 -0.1124088 0.8436657 0.5249689 -0.08982877 0.9743715 0.2062306 -0.172396 0.9775619 0.1210468 0.3956625 0.8029932 0.4457052 0.09211755 0.9881848 0.1224956 0.1410259 0.977317 0.1579972 0.3472564 0.908518 0.2323962 0.5104027 0.8008148 0.3133443 0.5753583 0.6301005 0.521475 0.5095013 0.8004176 0.3158165 0.6491844 0.6592697 0.3793721 0.5159843 0.4997062 0.6957398 0.3525758 0.6793403 0.6435737 0.4590441 0.3512993 0.8160069 -0.05329906 0.7996771 0.59806 0.3962997 0.1993528 0.896217 0.613329 -0.7143499 0.3369448 0.6200459 -0.7207549 0.3099282 0.4952561 -0.1508287 0.8555537 0.692843 -0.646071 0.3202512 0.7433793 -0.5171091 0.4242468 0.7458423 -0.5635647 0.3551255 0.5422061 -0.6586245 0.5217531 0.5017408 -0.6351391 0.5872431 0.4186985 -0.5421512 0.7285352 0.3437538 -0.4035989 0.847904 0.2627811 -0.2688817 0.926633 0.2202045 -0.35168 0.9098523 -0.04910226 -0.881095 0.4703834 -0.02096364 -0.6521193 0.7578264 -0.09636037 -0.783922 0.613336 0.3043334 -0.4816747 0.8218093 0.302639 -0.5717557 0.7625648 0.3784107 -0.7739822 0.5076977 0.3896165 -0.797214 0.4611386 0.2152738 -0.680674 0.7002429 0.2249367 -0.4994889 0.8366088 0.3783481 -0.7738427 0.507957 -0.2826676 -0.8217684 0.4947683 -0.2097674 -0.68159 0.7010226 -0.1529498 -0.7180762 0.6789499 -0.04425372 -0.8888657 0.4560257 -0.3157473 -0.4081942 0.8565519 -0.4154117 -0.5451743 0.7281608 -0.3944874 -0.6522977 0.6472151 -0.4699295 -0.6544276 0.5923604 -0.4862915 -0.7036727 0.5180398 0.001704104 -0.23151 0.972831 0.003854678 -0.2181864 0.9758995 -0.08397517 -0.9898064 -0.1150285 -0.1876448 -0.4625671 0.8664994 -0.2631346 -0.5667363 0.7807497 -0.153256 -0.2819641 0.9471055 -0.3854982 -0.6379964 0.6665972 -0.1239982 -0.2548031 0.9590098 -0.06467547 -0.0439681 0.9969373 -0.5764306 -0.8132353 -0.07985009 -0.1430569 -0.1378744 0.980064 -0.1537008 -0.1938376 0.9689185 -0.07627886 -0.3523136 0.9327683 -0.008727235 -0.04184455 0.999086 -0.1986065 -0.6417643 0.7407388 0.1152821 -0.1832784 0.9762782 0.4001834 -0.8595323 0.3178954 0.04331354 -0.1155484 0.992357 0.02582003 -0.08960395 0.9956427 0.01689227 -0.05523223 0.9983306 0.09963903 -0.7633075 0.6383054 0.3064812 -0.9517553 -0.01520397 0.1560619 -0.9555519 0.2501304 0.1354971 -0.6582074 0.7405427 0.08422679 -0.7061929 0.7029918 0.06121516 -0.6032193 0.7952227 0.3274094 -0.6097187 0.7218352 0.9870508 -0.158758 0.02294637 0.9872908 -0.1583863 -0.01306148 0.9666306 -0.2561669 -0.001949044 0.8483175 0.5293801 -0.01068004 0.8802074 0.4745089 -0.008733525 0.9390548 0.3437151 -0.006007496 0.8242081 0.5660044 -0.01788727 -0.3766845 0.9241525 -0.06364712 -0.3744823 0.9270223 -0.01981647 -0.2180363 0.9759195 -0.006423272 -0.5271368 0.8462373 -0.07751895 -0.5270991 0.8490735 -0.03522254 -0.7210333 -0.03810395 0.6918519 -0.7442656 0.03997259 0.6666865 -0.665598 0.07385193 0.7426474 -0.3169304 0.1763899 0.9319022 -0.3081759 0.4281306 0.849548 -0.2009725 0.2784384 0.9391923 -0.7733566 0.1874541 0.6056241 -0.7845815 0.3310933 0.5242224 -0.7078152 0.3523192 0.6122653 -0.9828293 -0.008828669 0.1843059 -0.9860765 0.0172422 0.1653963 -0.9639778 0.03174247 0.2640819 -0.9349634 0.1406935 0.3256512 -0.9357561 0.2325252 0.2651274 -0.8719512 0.2958878 0.390066 -0.9783936 -0.01985862 -0.2057949 -0.9780547 -0.013329 -0.2079215 -0.9201921 -0.01286618 -0.3912556 -0.471634 0.003622061 -0.8817869 -0.5683013 0.0007812871 -0.8228202 -0.3833697 0.002387783 -0.9235919 -0.965305 -0.2460153 0.08753736 -0.9858254 -0.156855 0.05953837 -0.9798305 -0.1463539 0.1360617 -0.8652344 -0.4536813 0.2134073 -0.9269403 -0.348461 0.1391282 -0.91515 -0.3214942 0.243191 0.2432131 0.006930549 -0.9699481 0.2824681 0.003342414 -0.9592709 0.2024011 -0.002280287 -0.9793 0.76864 0.6252758 0.1349919 0.7205028 0.672523 0.1690815 0.690441 0.7062667 0.1564562 0.7067088 0.6844446 0.1791599 0.763033 0.6319177 0.1358698 0.822525 0.5383587 0.1833646 0.9955431 0.02948755 0.0895788 0.9735053 0.2158333 0.07552134 0.9711433 0.226585 0.07443109 0.2009725 0.2784384 0.9391923 0.2084616 0.04326642 0.9770731 0.09760282 0.02365761 0.9949442 0.5374197 0.8394169 -0.08098955 0.5406253 0.8402388 0.04151045 0.4180849 0.9080102 0.02687955 0.3099915 0.6179084 -0.7225611 0.3361519 0.7007131 -0.6292877 0.4828671 0.6542373 -0.5820764 -0.7169827 0.08095552 0.6923742 -0.697022 0.1208672 0.7067896 -0.9839351 0.1781572 -0.01147411 0.659351 -0.3208608 0.6799298 0.6292468 -0.3516487 0.6931029 0.8734121 -0.4802343 -0.08078513 0.5661726 0.6691755 -0.4813032 0.5691246 0.7127436 -0.4099924 0.8239199 -0.01382564 -0.5665377 -0.6238765 -0.7483137 0.225399 -0.6123447 -0.7505625 0.2483746 -0.6219157 -0.7224159 0.3022186 -0.2553823 -0.8883882 0.3815052 -0.2020752 -0.9086962 0.36529 -0.2167749 -0.8627389 0.4568262 0.1702141 -0.83182 0.5283017 0.1818013 -0.8536978 0.4880044 0.2103643 -0.8715974 0.4427921 0.6253693 -0.7233817 0.2926296 0.8027832 -0.4429885 0.3991244 0.8461821 -0.3328163 0.4161839 0.8929102 -0.2049876 0.4008634 0.9961032 -0.03725195 -0.07994247 0.9925845 -0.07101597 -0.0986548 0.978083 -0.199705 -0.0589198 0.9213478 -0.1333208 -0.3651626 0.9222533 -0.122856 -0.3665451 0.9404348 -0.1338812 -0.3125033 0.8514101 -0.1120675 -0.5123883 0.8501692 -0.05278539 -0.5238568 0.8503486 -0.09998399 -0.5166337 -0.912313 -0.3942615 0.1106476 -0.9123139 -0.3942596 0.1106471 -0.9425061 -0.3150585 0.1114468 -0.7325643 -0.5979394 0.3252967 -0.7291782 -0.6100848 0.309993 -0.782098 -0.490838 0.3839281 -0.7757391 -0.4986323 0.3867747 -0.8474203 -0.3606918 0.3895899 -0.8052922 -0.4561149 0.3787661 -0.8754454 -0.2791871 0.3945249 -0.8200911 -0.3962094 0.4128786 -0.8190247 -0.4019832 0.4093996 -0.9127508 -0.1967266 0.3580289 -0.8912545 -0.2085228 0.4027204 -0.8376726 -0.3487827 0.4203037 -0.8354921 -0.4333007 0.33794 -0.7761358 -0.5454437 0.3163926 -0.856509 -0.2825494 0.4319237 -0.8565096 -0.2825472 0.4319241 -0.8905645 -0.3812182 0.2481281 -0.8610806 -0.4489362 0.2387393 -0.9088234 -0.2338647 0.3454668 -0.8999653 -0.283711 0.3310144 -0.884485 -0.4483057 0.1292605 -0.924625 -0.3449502 0.1614866 -0.9498156 -0.2637932 0.1681174 -0.925294 -0.3397054 0.1686157 -0.9343988 -0.2599613 0.2435548 -0.9103058 -0.3756822 0.1737994 -0.9199861 -0.3152778 0.2328638 -0.9488556 -0.3148084 0.02384624 -0.9609604 -0.2749297 0.03112651 -0.9567629 -0.2863613 0.05100947 -0.8906701 -0.4522423 0.04673014 -0.9288557 -0.3642387 0.0675081 -0.9685883 -0.2477471 0.02140333 -0.9338372 -0.3571864 0.01913069 -0.9538226 -0.3002803 -0.007364847 -0.929787 -0.3678682 0.01300651 -0.9740747 -0.2262234 -0.001232857 -0.9442605 -0.3287142 0.0178638 -0.9569858 -0.2743736 -0.09432548 -0.9606516 -0.262251 -0.09150401 -0.9823684 -0.180512 -0.04865998 -0.9321072 -0.3593606 -0.04512369 -0.9538227 -0.3002798 -0.007364949 -0.9472848 -0.2926941 -0.1303139 -0.984118 -0.1446492 -0.1028994 -0.9490881 -0.2638973 -0.1720172 -0.9286417 -0.2831614 -0.2396755 -0.9397011 -0.2560156 -0.2267551 -0.9830484 -0.1117892 -0.1453239 -0.9473667 -0.2703549 -0.1714778 -0.9483647 -0.2663964 -0.1721552 -0.9492897 -0.176791 -0.2599884 -0.9028883 -0.2454619 -0.3529039 -0.9135982 -0.2613343 -0.3115167 -0.8851449 -0.2445301 -0.3958833 -0.941881 -0.1314761 -0.3091508 -0.8810902 -0.1312603 -0.4543686 -0.8583749 -0.08246918 -0.506351 -0.837554 -0.3146581 -0.4466471 -0.8813003 -0.1643996 -0.4430378 -0.9297926 -0.06869441 -0.3616168 -0.8241122 -0.08753803 -0.5596214 -0.8241162 -0.08753966 -0.5596153 -0.8077522 -0.3634028 -0.4641925 -0.7586191 -0.2423183 -0.6047965 -0.8335522 -0.0207739 -0.55205 -0.7538299 -0.00540084 -0.6570474 -0.706681 -0.002868696 -0.7075265 -0.7500921 -0.01349453 -0.6611956 -0.5885752 -0.01534852 -0.8082968 -0.5977925 -0.1079803 -0.7943452 -0.6671887 -0.008242861 -0.7448431 -0.6903881 -0.1951977 -0.6966076 -0.4027126 -0.180545 -0.8973439 -0.4835545 -0.02782043 -0.8748721 -0.4733061 -0.008393806 -0.880858 -0.4864359 -0.02411831 -0.8733833 -0.5750373 -0.008032615 -0.8180878 -0.5131772 -0.1560146 -0.8439838 -0.5780317 -0.02549356 -0.815616 -0.39498 -0.1002436 -0.9132042 -0.3865381 -0.006775968 -0.9222486 -0.3768555 -0.03953295 -0.925428 -0.2914476 -0.001605034 -0.9565854 -0.3160736 -0.1461653 -0.9374077 -0.1717176 -0.1289369 -0.9766721 -0.2096949 -0.1288852 -0.9692351 -0.1955516 -0.0001586056 -0.9806934 -0.2728199 -0.04987126 -0.9607717 -0.2832128 -0.1201896 -0.9514962 -0.1647885 -0.06685958 -0.9840602 -0.09661425 -0.0002864241 -0.9953219 -0.101463 -0.1084394 -0.9889116 -0.0569217 -0.1211131 -0.9910053 -0.001079792 7.947066e-05 -0.9999994 0.006411957 -0.09425762 -0.9955272 0.1047048 -0.02134436 -0.9942743 0.09616402 0.1728166 -0.9802484 0.1046992 0.1829333 -0.9775344 0.1955598 -0.01036514 -0.980637 0.183525 -0.1640076 -0.9692369 0.2921097 -0.01615865 -0.9562483 0.2805907 0.1047954 -0.9540895 0.2866382 0.1147506 -0.9511418 0.4243821 -0.1702161 -0.8893404 0.3877563 -0.2708989 -0.8810555 0.3859139 -0.009753695 -0.9224832 0.2948238 0.08641109 -0.9516365 0.2887541 0.08182268 -0.9539005 0.4479844 0.121973 -0.885682 0.4686622 -0.008732848 -0.8833343 0.4507609 0.1183725 -0.8847613 0.5144262 -0.1669024 -0.8411357 0.5792822 -0.01099131 -0.8150529 0.6037868 0.08349686 -0.7927608 0.7081047 -0.01405668 -0.7059675 0.739849 0.1574844 -0.6540811 0.7228861 -0.05586458 -0.6887052 0.6563881 -0.3160707 -0.6850212 0.59868 0.1547837 -0.7858907 0.6073993 0.09020853 -0.7892582 0.7442153 0.1695359 -0.6460659 0.8329245 -0.02246158 -0.5529306 0.7718705 -0.2293038 -0.5929888 0.9297996 -0.06943436 -0.3614576 0.8344113 -0.3276945 -0.4431412 0.8366632 -0.2509518 -0.4868448 0.9248255 -0.1095597 -0.3642725 0.9471729 -0.2179429 -0.2352965 0.8749781 -0.4133811 -0.2520504 0.9477147 -0.1793372 -0.2639602 0.9250037 -0.102836 -0.3657772 0.9775962 -0.01318166 -0.2100762 0.9827976 -0.1135132 -0.1456834 0.9639896 -0.1821983 -0.193721 0.98293 -0.152456 -0.1029842 0.9320563 -0.3159582 -0.1773173 0.9652542 -0.2492395 -0.07851178 0.974839 -0.2229024 0.001842738 0.9715039 -0.2361197 0.0206813 0.9455275 -0.3251109 0.016751 0.9263207 -0.3763103 0.01790273 0.9376503 -0.3471949 0.01635762 0.9449019 -0.3273289 0.004033799 0.9269682 -0.3748706 -0.01421228 0.9542754 -0.2955339 0.04492487 0.9748744 -0.2205437 0.03131088 0.918278 -0.3951621 0.0247483 0.9120513 -0.3899301 0.1269529 0.9260699 -0.3561349 0.1247495 0.9095616 -0.4002008 0.1119687 0.8943096 -0.4436183 0.05842312 0.8938714 -0.4465345 0.04001114 0.9244465 -0.3587131 0.1293201 0.953576 -0.2526784 0.1638489 0.9263379 -0.3554251 0.1247843 0.7996352 -0.557119 0.2240581 0.9013037 -0.3711383 0.223401 0.9397996 -0.2574592 0.224703 0.9633611 -0.1696603 0.2077275 0.914046 -0.3695857 0.1671118 0.8565192 -0.3263929 0.3998032 0.8885916 -0.2737783 0.368036 0.9084525 -0.240215 0.3420686 0.9111037 -0.1570779 0.381073 0.9242913 -0.07087343 0.37505 0.9353916 -0.187644 0.2997202 0.7779217 -0.4960019 0.3857719 0.8769451 -0.2681545 0.3988238 0.7342629 -0.5764774 0.3585134 0.8568902 -0.4089281 0.3138742 0.8165954 -0.4618408 0.3462298 0.818714 -0.4101164 0.4018855 0.7845939 -0.5554487 0.2754798 0.8654471 -0.4556158 0.2083639 0.7719171 -0.6074277 0.1875517 0.4288505 -0.8202966 0.3784187 0.4230017 -0.8050274 0.4159333 0.1768336 -0.8658236 0.4680591 0.356884 -0.898541 0.2554561 0.370553 -0.7861425 0.4946417 0.08486239 -0.9291725 0.3597733 -0.001726927 -0.8787571 0.4772662 0.01456114 -0.9111159 0.411893 -0.1323886 -0.8957198 0.4244517 -0.08016635 -0.8928058 0.4432507 -0.04295719 -0.9142218 0.4029308 -0.4621273 -0.8245647 0.3263916 -0.4564529 -0.8211985 0.3424673 -0.431454 -0.8116363 0.3938197 -0.3715295 -0.8553157 0.3611105 -0.3255521 -0.8519323 0.410155 -0.5976047 -0.7509274 0.281028 -0.5730241 -0.7878204 0.2257928 -0.509536 -0.7980416 0.3217184 -0.7025299 -0.6567465 0.2741091 -0.6914911 -0.6690642 0.2723842 -0.7725614 -0.6050325 0.1925736 -0.6748432 -0.6874059 0.2684395 -0.6580441 -0.698978 0.2800139 -0.7850571 -0.5515926 0.281835 -0.7216162 -0.6246157 0.2985386 -0.7226235 -0.6213388 0.3029083 -0.7298522 -0.6120129 0.3045585 -0.7166908 -0.6348288 0.2886983 -0.711315 -0.6253141 0.3209566 0.179336 0.6996163 0.6916471 0.1517895 0.7130213 0.6845148 0.2048546 -0.004787031 0.9787807 0.11592 0.6975478 0.7070994 0.2190099 0.7005258 0.6791894 0.2963984 -0.009051087 0.9550215 0.0795848 0.7092432 0.7004572 0.2393678 0.708205 0.6641903 0.3868497 -0.006416988 0.9221205 0.2775407 0.6958133 0.6624311 0.4424409 0.692079 0.5703268 0.561368 -0.006539927 0.8275404 0.4928138 0.6867423 0.5343403 0.6365652 0.003829558 0.7712134 0.4927427 0.7096745 0.5035541 0.7236675 -0.008755146 0.6900932 0.3974811 0.7007062 0.592469 0.3700935 0.7091211 0.6001483 0.4768953 -0.006987737 0.8789324 0.3480821 0.695255 0.6288556 0.3069352 0.7085768 0.6353815 0.5980904 0.7121938 0.367516 0.5934299 0.7002186 0.3969066 0.8381034 -0.01767447 0.545225 0.5754772 0.6867535 0.4440672 0.5514449 0.6855737 0.4752865 0.92056 -0.005971423 0.3905555 0.6628746 0.6896827 0.2914361 0.6632151 0.6680761 0.3373722 0.7116294 0.6939315 0.1097393 0.6872236 0.7109591 0.1492011 0.9842716 -0.00103945 0.1766588 0.69241 0.7000808 0.1745142 0.9611961 -0.005154296 0.275818 0.6805216 0.7002052 0.2158774 0.6634893 0.7103589 0.2348876 0.7215098 0.6914777 0.03580956 0.9965952 0.003757943 0.08236403 0.7037924 0.7103601 0.008045138 0.9994532 -0.004858113 -0.03270718 0.714201 0.6994282 -0.02677943 0.7044409 0.6735519 -0.2238099 0.6825217 0.7133781 -0.1589208 0.9774204 -0.01317357 -0.210893 0.7177155 0.6871513 -0.1127279 0.7259938 0.6834279 -0.07654559 0.6772468 0.6909363 -0.2528712 0.9195534 -0.01426419 -0.3927061 0.6444018 0.7091471 -0.2861061 0.5950229 0.7001345 -0.3946638 0.6300222 0.6869789 -0.3621216 0.6458815 0.687943 -0.331016 0.5235554 0.6900739 -0.4996876 0.7035027 -0.01053575 -0.7106144 0.4725212 0.7101676 -0.5219058 0.565544 -0.00816935 -0.8246777 0.448328 0.682372 -0.5773824 0.4646077 0.6775521 -0.5701428 0.464426 0.0003480709 -0.8856118 0.375833 0.6972866 -0.6103614 0.3991738 0.7127782 -0.5767213 0.3368068 0.0007884143 -0.9415735 0.2519736 0.6993136 -0.6689318 0.2758613 0.707882 -0.6502335 0.2068512 0.7020441 -0.6814299 0.1782874 0.7142047 -0.6768496 0.1762987 0.7161159 -0.6753494 0.1454239 0.7037302 -0.6954248 0.1895522 0.01087996 -0.9818104 0.1113984 0.7162516 -0.6888934 0.1468601 0.0128458 -0.9890739 0.1094645 0.7181638 -0.6872105 0.07539007 0.7039259 -0.7062611 0.09506621 0.009799619 -0.9954227 0.04485293 0.714733 -0.6979577 0.04791126 0.01183608 -0.9987815 0.0377465 0.7134135 -0.6997259 -0.06595588 0.697034 -0.7139982 -0.03006495 0.7118137 -0.7017246 -0.05070106 0.004744726 -0.9987026 0.009399864 0.6969508 -0.7170573 0.003411025 0.003815952 -0.9999869 -0.1441733 0.009609415 -0.9895058 -0.08694815 0.7168072 -0.691829 -0.07942983 0.7113519 -0.6983333 -0.1206456 0.7053323 -0.6985348 -0.1929857 0.01081693 -0.9811419 -0.1501374 0.7164956 -0.6812436 -0.2381472 0.007289791 -0.9712017 -0.1500324 0.7162872 -0.6814858 -0.2927048 -0.01104175 -0.9561391 -0.1973357 0.7091112 -0.6769195 -0.1799623 0.7039511 -0.6870709 -0.3381313 -0.02557489 -0.9407514 -0.2397528 0.7102465 -0.6618674 -0.2266068 0.6988193 -0.6784548 -0.404127 0.6995512 -0.5893296 -0.3731751 0.7129643 -0.5936516 -0.550231 -0.01372109 -0.8348997 -0.349799 0.6822271 -0.6420334 -0.3941476 -0.01228696 -0.918965 -0.2895733 0.6939042 -0.6592756 -0.2429152 0.7112235 -0.6596615 -0.5656495 0.6733222 -0.4761069 -0.498736 0.7134932 -0.4921279 -0.7006332 -0.01246678 -0.7134127 -0.478611 0.6870598 -0.5466995 -0.4523875 0.6835282 -0.5728305 -0.5754106 0.6909683 -0.4375676 -0.8231408 -0.01414858 -0.567661 -0.585973 0.7091506 -0.3920983 -0.6517348 0.7123208 -0.2604626 -0.6522234 0.7001752 -0.2904467 -0.9190595 -0.01446217 -0.3938534 -0.6427301 0.6869828 -0.3390466 -0.6249076 0.6878151 -0.3693249 -0.7305601 0.6772759 -0.08705948 -0.6945611 0.7095528 -0.1188265 -0.9764565 -0.01101237 -0.215433 -0.7024553 0.6903032 -0.1733151 -0.7117258 0.6672547 -0.2195848 -0.7219601 0.6917463 0.01614354 -0.7010736 0.712459 -0.02996631 -0.9997478 -0.0115331 -0.01926935 -0.7274937 0.6824889 -0.07043962 -0.7005468 0.6976871 0.1498895 -0.690461 0.7138196 0.1171546 -0.9868938 -0.005947752 0.1612611 -0.7265561 0.6831485 0.07365052 -0.9205824 -0.01055085 0.3904059 -0.6744117 0.6971084 0.2433283 -0.9610739 -0.003503569 0.2762691 -0.6932124 0.6981878 0.1788585 -0.6266076 0.6921361 0.3582047 -0.6575233 0.6713385 0.3420055 -0.6459201 0.7128878 0.2730902 -0.8392845 -0.01828168 0.543385 -0.5891094 0.6998506 0.4039297 -0.5031038 0.6945546 0.5142767 -0.5211216 0.7101512 0.4734105 -0.7170621 -0.01556447 0.6968355 -0.5689248 0.6808228 0.4613078 -0.3677513 0.6852726 0.6286179 -0.3962028 0.7138286 0.5774705 -0.5700424 -0.008195843 0.8215744 -0.4339366 0.6937489 0.5748143 -0.4673201 0.6824664 0.5620067 -0.344935 0.7090627 0.6150203 -0.4808469 -0.003640551 0.876797 -0.3077805 0.6972652 0.6473734 -0.3869225 -0.007916564 0.9220783 -0.2667909 0.7138801 0.6474549 -0.2470573 0.6990422 0.671046 -0.2914784 -0.009683685 0.9565284 -0.2109477 0.7006528 0.681606 -0.1971813 -0.005996433 0.9803487 -0.1505664 0.6967486 0.7013353 -0.1830225 0.7110084 0.6789476 0.04733576 0.6963248 0.7161642 -0.0055969 0.6964019 0.7176301 0.0001634762 0.0003085006 0.9999999 -0.03677855 0.7084502 0.7048019 -0.09860733 -0.001648605 0.9951251 -0.07581646 0.6963693 0.7136677 -0.1110962 0.709968 0.6954157 -0.0005158143 -0.9999759 -0.006924454 0.1986477 -0.980031 -0.008854911 0.07669725 -0.7163554 0.6935074 0.2672424 -0.6565924 0.7053141 0.231133 -0.6871286 0.6887901 0.3856926 -0.9223833 -0.02122167 0.1629192 -0.7044597 0.6907922 0.1142835 -0.6973123 0.707598 0.3154012 -0.6533461 0.6882303 0.5580491 -0.8287653 -0.04158557 0.3826072 -0.6183185 0.6865085 0.769317 -0.6350663 -0.06958558 0.5146714 -0.518834 0.6825867 0.6913529 -0.7201597 -0.05832046 0.4541368 -0.5706399 0.6842001 0.4104894 -0.5838803 0.7004158 0.6189881 -0.3920249 0.6805661 0.5858617 -0.4188859 0.6937584 0.8244686 -0.5608073 -0.075807 0.5709171 -0.4580053 0.6813845 0.5341296 -0.4814527 0.6949165 0.9142964 -0.3970101 -0.08028103 0.6650258 -0.2782474 0.6930506 0.6911382 -0.244467 0.6801205 0.9470796 -0.3115551 -0.07729011 0.6919493 -0.2013821 0.6932902 0.7130189 -0.1660204 0.6812057 0.9728256 -0.2211424 -0.06860246 0.7086894 -0.1235314 0.6946217 0.9977248 0.06099069 -0.02872931 0.7254357 -0.004414721 0.6882758 0.9983376 -0.03814599 -0.04320796 0.7137894 -0.04196619 0.699102 0.7243909 -0.08669319 0.6839167 0.9843304 0.1759355 -0.01184822 0.7174037 0.07710615 0.6923775 0.7096288 0.03850723 0.7035227 0.6508484 0.3231029 0.6870232 0.6514765 0.2691284 0.7093294 0.9264666 0.3762163 -0.01099687 0.6860326 0.2311971 0.6898603 0.6809304 0.2010731 0.7042041 0.6888205 0.7245483 -0.02358082 0.5305479 0.4751852 0.7019387 0.7673292 0.6408657 -0.02229319 0.5637532 0.4521552 0.6911859 0.8417155 0.539799 -0.01149188 0.5772682 0.4085958 0.706973 0.6181742 0.377976 0.6891987 0.5555675 0.8312304 -0.02001839 0.4527731 0.564885 0.6898561 0.5129772 0.51126 0.6895416 0.2711922 0.6534922 0.7066843 0.3175702 0.649706 0.6906745 0.3857366 0.9225239 -0.01252531 0.3826825 0.6146002 0.6897975 0.4108878 0.5788595 0.7043386 0.2368461 0.6813534 0.692576 0.1972459 0.9803291 -0.007001332 0.1613643 0.7020691 0.6935853 -0.09871784 0.9951151 -0.0008175024 0.001281413 0.7188002 0.6952155 0.02260414 0.9997415 -0.002466635 0.0794112 0.715193 0.6944011 0.1171289 0.6966825 0.707753 -0.2203195 0.9754169 -0.004611891 -0.07717621 0.7145446 0.69532 -0.03730613 0.7058195 0.7074087 -0.2672368 0.6550886 0.7067131 -0.2318588 0.6844155 0.691243 -0.3855084 0.9226105 -0.01315775 -0.1613442 0.7034167 0.6922232 -0.1146663 0.6970467 0.7077976 -0.4557704 0.566617 0.6864535 -0.4087567 0.5803788 0.7043284 -0.5580123 0.8295365 -0.02217085 -0.3806262 0.6156734 0.6899782 -0.3141245 0.6512968 0.6907519 -0.5645377 0.4545282 0.6889857 -0.5294461 0.4767253 0.7017263 -0.7037701 0.709803 -0.02978715 -0.5088506 0.5189511 0.6868485 -0.81253 0.5822969 -0.02693033 -0.5786772 0.4129761 0.7032663 -0.7009791 0.1615218 0.6946503 -0.6785188 0.1971082 0.7076444 -0.9557592 0.2940173 -0.008845073 -0.6783693 0.2400235 0.6944089 -0.9154258 0.4023403 -0.01085867 -0.6536225 0.2777662 0.7040054 -0.8721638 0.4889415 -0.01632273 -0.6531794 0.3170869 0.6876137 -0.6134658 0.3857737 0.6890852 -0.7226743 0.002192214 0.6911852 -0.7091499 0.04140718 0.7038408 -0.9977415 0.06297723 -0.02336328 -0.7082613 -0.1084158 0.6975758 -0.7313782 -0.09565137 0.6752308 -0.9996402 0.008535716 -0.02543014 -0.977585 -0.2082149 -0.03121237 -0.6901852 -0.201138 0.6951171 -0.7075169 -0.1619191 0.6878969 -0.9460466 -0.313997 -0.08001072 -0.8734426 -0.4801728 -0.08082191 -0.6609765 -0.3171434 0.6800957 -0.9143014 -0.3969969 -0.08028964 -0.6663748 -0.2755549 0.6928305 -0.6921565 -0.2417662 0.6800503 -0.572698 -0.4556472 0.6814709 -0.5874459 -0.4162718 0.6939921 -0.8244567 -0.5608187 -0.07585231 -0.6212864 -0.388654 0.6804052 -0.6315207 -0.3475333 0.6931105 -0.5576635 -0.8287669 -0.04644223 -0.4571187 -0.5684943 0.6840005 -0.689323 -0.7218639 -0.06120768 -0.4789138 -0.534716 0.6962187 -0.5174109 -0.5156179 0.6829525 -0.2715448 -0.6548978 0.7052463 -0.320649 -0.6518739 0.6872006 -0.3877491 -0.9213913 -0.02624411 -0.3844657 -0.618051 0.6857106 -0.4130146 -0.5821606 0.7003628 -0.2371335 -0.6832181 0.6906379 -0.1985273 -0.9800171 -0.01238311 -0.162677 -0.7028212 0.6925161 -0.001205722 -0.7191757 0.6948272 -0.07942881 -0.7161449 0.6934173 -0.117295 -0.6968436 0.7075669 0.1847865 0.813545 -0.5513606 8.911109e-05 0.8280206 -0.5606977 0.00684118 0.8621306 -0.50664 0.1718879 0.7323481 -0.6588784 0.1556381 0.6375571 -0.7545182 0.1360565 0.5297013 -0.8372008 2.552238e-17 0.272832 -0.9620617 3.326417e-17 0.3900456 -0.9207955 0.1101832 0.4074781 -0.9065436 1.10852e-17 0.1312 -0.9913559 0.08156699 0.2776473 -0.9572141 0.2368175 0.4146342 -0.878633 0.2771075 0.5227152 -0.8062135 0.4175842 0.5109229 -0.7513862 0.4543866 0.5876725 -0.6694578 0.5674055 0.5569042 -0.6065548 0.593884 0.6078382 -0.5271001 0.6716924 0.5720562 -0.470724 0.6482755 0.53337 -0.543374 0.5333399 0.4987087 -0.6832555 0.3706656 0.4225092 -0.8270991 0.1885325 0.2936908 -0.9371239 0.05250474 0.1379498 -0.9890466 0.0003560766 0.03014154 -0.9995456 0.9802343 0.1639609 -0.1107139 0.8749685 0.3421934 -0.3425403 0.8945724 0.3668727 -0.2552345 0.8454266 0.3177721 -0.4292725 0.9782187 0.1677314 -0.1222883 0.9878901 -0.00523712 0.1550669 0.6098416 0.3844136 -0.6930508 0.6355688 0.3535454 -0.6863366 0.2848297 0.9585693 0.004125643 0.2878542 0.9508295 0.1142948 0.1454026 0.9837892 0.1049614 0.2419856 0.6257858 0.7415087 0.298371 0.4241205 0.8550418 0.3051303 0.1822581 0.9347072 0.3032298 0.03918332 0.9521115 0.3860845 -0.02274801 0.9221829 0.3604881 0.6995927 0.6169428 0.4166449 0.5229334 0.7436045 0.4243902 0.26212 0.8667099 0.4028316 0.05357902 0.9137045 0.7760622 0.4741695 0.4158015 0.7139174 0.3496183 0.6067034 0.6756218 0.6193948 0.3998565 0.6679169 0.07412062 0.7405357 0.5845325 0.07616103 0.8077879 0.6220806 0.350524 0.7001062 0.5991374 0.6209686 0.5054032 0.5759239 0.7531738 0.3178693 0.525054 0.7485187 0.4050161 0.4313624 0.853299 0.2929288 0.7438297 0.04095364 0.6671134 0.770453 0.1896272 0.6086409 0.7805933 0.3351944 0.5275594 0.6473342 0.7294804 0.2209452 0.5903455 0.7600813 0.2716038 0.5648602 0.7931741 0.227613 0.4869637 0.8321381 0.2653536 0.5422082 0.8296202 0.1331939 0.4210432 0.8984148 0.1247933 0.4224353 0.2952062 -0.8569724 0.4301087 0.3537779 -0.8305707 0.2930194 0.2628085 -0.9192776 0.3852975 0.4725937 -0.7925913 0.252864 0.4131419 -0.8748563 0.3445562 0.6727227 -0.6547711 0.2153459 0.6567255 -0.7227294 0.2623863 0.8533547 -0.4504877 0.1280828 0.863257 -0.4882439 0.142096 0.9729574 -0.1821058 -0.0002857405 0.9816549 -0.1906664 -0.0004073644 0.9998143 -0.01926436 -0.0002016187 0.9947948 0.1018982 0.1438669 0.9895047 -0.01351879 0.2832926 0.9463811 -0.1552678 0.3965213 0.832242 -0.3874844 0.4742018 0.678195 -0.5614127 0.5086955 0.514224 -0.6905089 0.6535771 0.4882078 -0.5783512 0.5873085 0.6606251 -0.467593 0.5200669 0.7937647 -0.3153855 0.4169158 0.9014622 -0.1163922 0.6514608 0.7562413 0.06080991 0.6421735 0.7637696 -0.06533882 0.6249107 0.7370042 -0.2575101 0.7470856 0.6324248 -0.2046996 0.7198007 0.5905385 -0.364899 0.876299 0.4364074 -0.2040801 0.8519356 0.3896104 -0.3498706 0.9789596 0.1986905 -0.0464788 0.8243571 0.3349827 -0.4563134 0.9774558 0.1834775 -0.1044806 0.7624354 0.6440348 -0.06254167 0.8854214 0.4537568 -0.1006665 0.9772148 0.2120599 -0.009049356 0.9811601 -0.003597452 0.193163 0.9796524 0.001723594 0.2006944 0.7781256 0.6275306 0.02694247 0.8894923 0.4568203 -0.01089337 0.9755609 0.2182868 0.02513693 0.9884246 -0.004340529 0.1516506 0.9427474 -0.1308689 0.3067585 0.9297712 -0.1152776 0.3496235 0.9930469 0.01329612 0.116966 0.9929706 -0.005351816 0.1182398 0.9687318 -0.1538545 0.1946473 0.9590869 -0.1481019 0.2412844 0.991157 -0.001804361 0.1326824 0.9733952 0.2218792 0.05719544 0.8914328 0.4516546 0.03681892 0.9081228 0.4101584 0.0841613 0.8142288 0.5715937 0.1015487 0.8400806 0.5350921 0.08911217 0.6605916 0.7125206 0.2365018 0.7365447 0.6622824 0.1374189 0.7305527 0.621449 0.2830087 0.8531988 0.4396221 0.2806851 0.9265244 0.3297688 0.1811215 0.8713524 0.2973371 0.3903019 0.9359207 0.2326394 0.2644453 0.8668218 0.1751655 0.4668372 0.9351224 0.1407687 0.3251619 0.8468917 0.04890199 0.5295121 0.969624 0.0982322 0.2240082 0.9701824 0.1615335 0.1807016 0.965182 0.2295643 0.1253952 0.9527845 0.2959916 0.06775411 0.9887097 0.0570644 0.1385524 0.9893255 0.0938616 0.1114681 0.9880931 0.1322468 0.07863046 0.9842183 0.1708641 0.04604211 0.9786037 0.2023037 0.03752449 0.8626556 0.4940825 0.108203 0.8154077 0.5701809 0.1000203 0.9073079 0.4089156 0.09787898 0.8686709 0.490774 0.06746626 0.9348758 0.3512925 0.05099927 0.9250813 0.3741998 0.06480117 0.9982251 0.01299366 0.05811851 0.9985319 0.02430135 0.04840912 0.9986736 0.0342746 0.03842139 0.9985031 0.04565307 0.03012281 0.9983159 0.05042639 0.02868012 0.997086 0.05447431 0.05340474 0.998705 -0.03966776 -0.03185504 0.9982219 -0.05616401 -0.01996784 0.9971063 -0.07598083 -0.002453656 0.9957937 -0.09019168 0.01613372 0.9947579 -0.0989848 0.02566513 0.9921679 -0.1121984 0.05490335 0.9862666 -0.1283724 0.1039165 0.9278925 -0.3469003 0.1366591 0.9159825 -0.3211809 0.2404557 0.9660716 -0.2434206 0.0863249 0.9571893 -0.2259331 0.1809498 0.9854579 -0.1556943 0.06805851 0.979685 -0.1466439 0.136795 0.9993596 -0.03073696 0.01831917 0.9981716 -0.02760292 0.05377275 0.9829104 0.1699041 -0.07085066 0.9816318 0.1666941 -0.09280173 0.9063108 0.3852834 -0.1736588 0.8943473 -0.2979653 0.3337059 0.9391784 -0.2066802 0.2742758 0.9669819 -0.130864 0.2186792 0.9946659 -0.01865781 0.1014475 0.7781521 -0.499348 0.3809605 0.9134611 -0.1946197 0.3573682 0.947053 -0.1153904 0.2996258 0.1918965 0.8815823 -0.4312638 0.3699669 0.830288 -0.4168288 0.3561242 0.7715193 -0.527194 0.5188204 0.7600714 -0.3913015 0.5042817 0.711591 -0.489222 0.6285274 0.6899656 -0.3590277 0.6142374 0.6522211 -0.4442072 0.7046624 0.6334973 -0.319581 0.6905784 0.6057753 -0.3951427 0.7936729 0.5534903 -0.2524515 0.7829929 0.5352596 -0.3168901 0.9822848 -0.08157332 -0.1687082 0.9783153 -0.1439213 0.148949 0.9247074 0.04522593 0.3779826 0.9641464 0.03176838 0.2634624 0.9862017 0.01722198 0.16465 0.9976295 -0.000675798 0.06881019 0.9988266 -0.02258262 -0.04284278 0.9798267 -0.0455454 -0.1945902 0.8262434 -0.02731057 0.5626508 0.9126567 -0.013177 0.4085145 0.9576819 -0.009544449 0.2876703 0.9829751 -0.008699926 0.1835325 0.9967164 -0.0108992 0.08023498 0.9990268 -0.01502349 -0.04146936 0.9784587 -0.01989753 -0.2054817 0.9220715 -0.02363982 -0.386297 0.2898884 -0.001003486 -0.9570599 0.3887056 0.008395312 -0.9213238 0.3809212 -0.002146732 -0.924605 0.4688415 -0.002964892 -0.8832773 0.5722353 -0.004012383 -0.8200796 0.7025835 -0.00566802 -0.7115787 0.8263947 -0.007204015 -0.5630452 0.919249 -0.008194014 -0.3935913 0.9777707 -0.008398152 -0.2095087 0.9990921 -0.007689093 -0.04190261 0.9967382 -0.006850989 0.08041149 0.9835228 -0.006793674 0.1806567 0.9598071 -0.008257082 0.280539 0.9167328 -0.01147439 0.399336 0.8331851 -0.01958002 0.5526475 0.7257943 -0.02646502 0.6874025 0.6365957 -0.02796887 0.7706904 0.5582141 -0.02817339 0.8292184 0.4745781 -0.02686256 0.8798034 0.2892291 -0.001507284 -0.9572587 0.1945883 -0.001035996 -0.9808845 0.1960924 -0.001290633 -0.9805846 0.09778213 -0.0006397268 -0.9952076 0.09769541 -0.001194464 -0.9952156 -2.583235e-05 -0.0004243645 -0.9999999 -0.0001570619 -0.0001636529 -1 0.0996299 -0.002252977 -0.995022 -0.0001864069 -0.002363113 -0.9999972 -0.9568229 -0.226507 0.1821662 -0.8585712 -0.4126801 0.3042213 -0.8928415 -0.2997905 0.3360948 -0.8067778 -0.4298577 0.4053787 -0.9390138 -0.205782 0.2755121 -0.9995386 -0.02754914 0.01278859 -0.9983162 -0.02671537 0.05148815 -0.7948416 0.5527075 -0.2504821 -0.7829929 0.5352596 -0.3168901 -0.906157 0.3862664 -0.1722723 -0.8953959 0.3656645 -0.2540782 -0.9825432 0.1715922 -0.07186713 -0.7653281 0.5137234 -0.3877643 -0.750758 0.4850963 -0.4483793 -0.8770797 0.3409282 -0.3383773 -0.2045837 0.8822988 -0.4239038 -0.105525 0.8775616 -0.4677072 0.02403737 0.9058605 -0.4228935 -0.1803646 0.8137095 -0.5525808 -0.1865835 0.8490517 -0.4942649 -0.3408466 0.6995344 -0.6280726 -0.167134 0.7321726 -0.6602951 -0.1603495 0.6864605 -0.7092672 0.0001242465 0.7424815 -0.6698666 0.001412798 0.6945325 -0.71946 -0.315064 0.6170713 -0.7210809 -0.1504494 0.6369678 -0.7560668 -0.1420694 0.5848452 -0.7986065 -0.2826489 0.5223171 -0.8045461 0.001355177 0.7871235 -0.6167939 -0.1752232 0.7747201 -0.6075407 -0.3605283 0.7700946 -0.5262828 -0.7254949 0.4571044 -0.5145023 -0.7029575 0.424625 -0.5705649 -0.8494728 0.3183425 -0.4207779 -0.9949678 -0.01789163 0.09858507 -0.9674146 -0.1296876 0.2174628 -0.9884472 -0.004334464 0.1515037 -0.9479216 -0.1128141 0.2978549 -0.9806242 0.003160165 0.195873 -0.9330727 -0.1136578 0.3412584 -0.9810872 0.1682841 -0.09564707 -0.9796235 0.1647367 -0.1148893 -0.9772657 0.1677937 -0.129603 -0.8252006 0.3314312 -0.4573809 -0.9765036 0.1854511 -0.1097659 -0.5946182 0.374391 -0.7115199 -0.627875 0.3628486 -0.6885593 -0.6645003 0.3930077 -0.6355976 -0.1303161 0.5285895 -0.8388152 -0.1203807 0.470382 -0.8742135 -0.2389067 0.4125358 -0.8790551 0.0001571082 0.6429894 -0.7658751 0.001471003 0.5884622 -0.8085234 0.000190127 0.5304673 -0.8477054 -0.09968489 -0.001431042 -0.995018 -0.09757495 0.0131386 -0.9951415 -0.09729552 -0.001266713 -0.9952547 -0.09783159 -0.0007672601 -0.9952027 -0.217041 0.0005682583 -0.9761623 -0.2195667 -0.003266575 -0.975592 -0.1945907 -0.00133803 -0.9808836 -0.2893195 -0.0008795817 -0.9572322 -0.3810176 -0.002626482 -0.924564 -0.9797966 -0.04555324 -0.1947398 -0.9822808 -0.08157055 -0.1687324 -0.9219687 -0.02359887 -0.3865448 -0.8281021 -0.01118948 -0.5604657 -0.7049711 -0.008678924 -0.7091829 -0.4536254 -0.618885 -0.641253 -0.9990728 -0.01226247 -0.04126874 -0.9990207 -0.01497062 -0.04163453 -0.9988193 -0.02266754 -0.04296772 -0.9990875 -0.007560861 -0.04203488 -0.9777214 -0.008351049 -0.2097406 -0.9192077 -0.008266835 -0.3936862 -0.8263893 -0.007384305 -0.5630507 -0.7026245 -0.005932651 -0.7115361 0.3028076 0.6883512 -0.6591511 -0.9958471 -0.08965684 0.01581849 -0.9971142 -0.07587623 -0.002476934 -0.9982242 -0.05611921 -0.01997696 -0.9986998 -0.03962054 -0.03207641 -0.9862906 -0.1261173 0.1064205 -0.9715509 0.2240606 0.07671874 -0.8923908 0.4489425 0.04570827 -0.9092995 0.4089861 0.07684216 -0.8118651 0.57627 0.09374397 -0.8427058 0.5299212 0.09502841 -0.9752199 -0.1479683 0.1644735 -0.9686217 -0.1489603 0.1989544 -0.9927055 0.00396819 0.1204994 -0.991157 -0.001804361 0.1326824 -0.9733952 0.2218792 0.05719544 -0.9755609 0.2182868 0.02513693 -0.8894923 0.4568203 -0.01089337 -0.8854214 0.4537568 -0.1006665 -0.7576062 0.6493015 -0.06663646 -0.7441653 0.6347413 -0.208138 -0.6265521 0.7351724 -0.2587547 -0.5875073 0.6590707 -0.4695328 -0.4726723 0.6769314 -0.5642205 -0.3809924 0.4702407 -0.7960644 -0.2481141 0.4109882 -0.8772275 -0.1655539 0.1737454 -0.9707752 -0.07706345 0.1122203 -0.9906906 -0.08415466 0.07064641 -0.9939452 -0.02728572 0.03908964 -0.9988631 -0.1323425 0.1619827 -0.9778789 -0.05250474 0.1379498 -0.9890466 -0.1885325 0.2936908 -0.9371239 -0.08156699 0.2776473 -0.9572141 -0.1038742 0.3918077 -0.9141646 0.001528376 0.4698624 -0.8827383 0.6192283 0.4898205 -0.6137036 0.4893637 0.4318948 -0.7576213 0.3114929 0.3209559 -0.8944045 0.1323425 0.1619827 -0.9778789 0.02787317 0.03773998 -0.9988988 0.000762912 0.07499496 -0.9971836 -0.02490777 0.08213951 -0.9963095 -0.05653279 0.3343968 -0.9407352 -0.1373551 0.3611526 -0.9223353 -0.2126315 0.6558026 -0.7243693 -0.3418845 0.6715371 -0.6573834 -0.3956862 0.8316225 -0.3896619 -0.520362 0.7927598 -0.3174197 -0.5390989 0.8382053 -0.08236668 -0.6448766 0.7614055 -0.066301 -0.6501445 0.7573805 0.06071999 -0.7725744 0.634044 0.03342253 0.5889683 0.4339491 -0.6817657 0.4322056 0.3546893 -0.8290922 0.2383316 0.2063219 -0.9490149 0.08321686 0.06742504 -0.9942479 0.02746999 0.08260367 -0.9962038 0.0005889619 0.3279671 -0.944689 -0.09814397 0.6444047 -0.7583603 -0.2610575 0.8529394 -0.4520436 -0.417644 0.9009302 -0.1178907 -0.5406018 0.8401396 0.04376253 0.7653281 0.5137234 -0.3877643 0.750758 0.4850963 -0.4483793 0.7194519 0.4484926 -0.5303237 0.5456673 0.3912007 -0.7410865 0.3580462 0.2659283 -0.8950335 0.1726982 0.1253464 -0.9769665 0.08085592 0.1131955 -0.9902773 0.0589279 0.3350834 -0.9403439 0.000285671 0.6416408 -0.7670052 -0.1272736 0.8630341 -0.4888493 -0.2833276 0.946181 -0.1564192 -0.4197271 0.9072398 0.02729629 -0.5484191 0.8284044 0.1139415 -0.6849045 0.7104339 0.1618316 -0.9694706 0.09835448 0.2246177 -0.9885978 0.05733749 0.1392366 -0.9700236 0.1618156 0.1813008 -0.9892074 0.09441747 0.1120445 -0.9650091 0.2299646 0.1259907 -0.9879444 0.1331197 0.0790251 -0.9519018 0.2991033 0.06648414 -0.9839425 0.1725762 0.04554737 -0.9788338 0.2016581 0.03490465 -0.9983159 0.05042639 0.02868012 -0.9976866 0.04124077 0.05404351 -0.9923053 -0.1111188 0.05461505 -0.7193654 0.6710379 0.1795035 -0.6495064 0.7241458 0.2318495 -0.7083169 0.6825504 0.1800333 -0.7712706 0.6206012 0.1414067 -0.8160112 0.5693819 0.09964944 -0.7640975 0.630591 0.136051 -0.8180642 0.5488926 0.1717205 -0.7623733 0.6231528 0.1745494 -0.8536305 0.4411461 0.2769568 -0.9258558 0.329979 0.1841328 -0.9028459 0.4199577 0.09222114 -0.9803061 -0.1404902 0.1387895 -0.9936577 0.01357055 0.1116256 -0.9952913 0.02774853 0.09287173 -0.9736781 0.2133405 0.08022939 -0.9757768 0.2112666 0.05679834 -0.9195152 0.3868716 0.06944231 -0.9337985 0.3545488 0.04811919 -0.8733215 0.4821013 0.06991415 -0.8537833 0.5170884 0.06061059 -0.7665486 0.49464 0.4095539 0.6691183 0.4030239 -0.6243816 0.4743301 0.3269377 -0.8173877 0.2917028 0.2076798 -0.9336908 0.1697175 0.1749343 -0.9698422 0.1412885 0.3626593 -0.9211492 0.09981171 0.6448516 -0.7577625 -8.984778e-06 0.8664271 -0.4993036 -0.142186 0.9728545 -0.1825847 -0.2856695 0.9583186 0.004279189 -0.4254933 0.8967716 0.1214748 -0.5666957 0.7828714 0.2568432 -0.592231 0.757978 0.2733711 -0.6487315 0.7240386 0.2343405 -0.7149858 0.6390724 0.2835169 -0.9965757 -0.01108139 0.08193968 -0.9966747 -0.01098243 0.0807397 -0.9975899 -0.0006728312 0.06938227 -0.9981923 0.01323143 0.05862597 -0.9985011 0.0248004 0.04878943 -0.9986393 0.03508866 0.03857865 -0.9984826 0.04605786 0.030185 -0.9948425 -0.09818665 0.02545164 0.7041869 -0.01035944 -0.7099391 0.8282062 -0.01132705 -0.560309 0.920294 -0.01298082 -0.3910121 0.9781188 -0.01337886 -0.2076165 0.9990777 -0.01224896 -0.04115551 0.9966143 -0.0109544 0.08148633 0.9828115 -0.0110606 0.1842801 0.957758 -0.01368651 0.2872496 0.9128908 -0.01899908 0.4077615 0.8272343 -0.03248483 0.5609172 0.7208513 -0.03871499 0.6920076 0.632049 -0.03995951 0.7738975 0.5540216 -0.0407607 0.8315039 0.497436 0.06748156 0.8648721 -0.827619 -0.02735726 0.5606231 -0.8286544 -0.03127066 0.5588865 -0.9127869 -0.01832112 0.4080251 -0.9160131 -0.01256415 0.4009516 -0.9595448 -0.009460496 0.2813969 -0.833426 -0.01991369 0.5522721 -0.8672914 0.1741598 0.466341 -0.8475309 0.0477359 0.528595 -0.9245678 0.04516643 0.3783311 -0.9124981 -0.0131645 0.4088692 -0.9574644 -0.009684166 0.2883888 -0.9575865 -0.01349046 0.2878299 -0.9826827 -0.01109211 0.1849641 -0.9834173 -0.007315749 0.1812096 -0.996725 -0.005639452 0.08066863 -0.5115581 0.7895949 0.3388928 -0.5847197 0.7527776 0.3023717 -0.6694124 0.627262 0.398032 -0.4363405 0.8091496 0.3935528 -0.435646 0.7530938 0.4930135 -0.5145765 0.7648701 0.3875367 -0.5156424 0.6008009 0.6108611 -0.5976014 0.6294484 0.4966561 -0.6235876 0.3440063 0.7019959 -0.1444387 0.9894224 -0.01344642 -0.1525262 0.9820554 0.1109188 -0.2891409 0.9505852 0.1130723 -0.2886062 0.8967224 0.3355523 -0.4224221 0.8561783 0.2975203 -0.1648749 0.9155567 0.3668407 -0.1580797 0.7601441 0.6302315 -0.3009906 0.7982926 0.5216642 -0.06614914 0.7464692 0.6621238 -0.05702067 0.904431 0.4227921 0.01254318 0.7366403 0.6761684 -0.4258894 0.2548392 0.8681447 -0.4018262 0.04777392 0.9144689 -0.4960421 0.06170287 0.8661033 -0.2513367 0.6370548 0.7286913 -0.1637555 0.5534738 0.8166094 -0.0869333 0.1933643 0.977268 -0.07289998 0.4897829 0.8687913 2.225334e-17 0.1632952 0.9865772 0.002346816 0.4615228 0.8871252 0.06909975 0.4709534 0.8794476 0.1489028 0.763356 0.6285822 -0.3524435 0.7081715 0.6117816 -0.418605 0.533101 0.7352368 -0.5308346 0.3115993 0.788112 -0.5838427 0.0712304 0.808736 -0.5548662 -0.04094621 0.8309314 -0.6323018 -0.04032118 0.7736722 -0.6370959 -0.01943537 0.7705395 -0.7263383 -0.02676193 0.6868162 -0.5584597 -0.02851153 0.8290415 -0.4745781 -0.02686256 0.8798034 -0.3860845 -0.02274801 0.9221829 -0.3058836 0.03615828 0.9513821 -0.2083502 0.0447684 0.9770292 -0.09854667 0.02449297 0.994831 -4.97411e-18 0.01333275 0.9999111 0.0869333 0.1933643 0.977268 0.1690524 0.5485772 0.8188311 0.5294193 0.3186915 0.7862257 0.5156352 0.5913939 0.6199788 0.4270889 0.753935 0.4991765 0.3007327 0.8058821 0.5100137 0.2852044 0.8962687 0.3396481 0.1419208 0.9192723 0.3671471 0.009981723 0.924204 0.3817688 0.6037934 0.08349618 -0.7927559 -0.7693888 -0.6349481 -0.06986994 -0.8288545 -0.5487685 -0.108873 -0.7188241 -0.6910548 -0.07573084 -0.9717082 -0.2235006 -0.07635882 -0.9582722 -0.264704 -0.1079175 -0.9081883 -0.4014038 -0.1186126 -0.5361955 -0.4791746 0.6949001 -0.9896756 -0.1313133 -0.05743697 -0.9936988 -0.0872394 -0.07037019 -0.9805146 -0.1717995 -0.09526858 -0.9904365 -0.1173788 -0.0725099 -0.9598345 -0.2628356 -0.09815905 -0.7081387 -0.03867475 0.7050134 -0.9983207 -0.03934881 -0.04251358 -0.9988074 0.0217153 -0.04372871 -0.7725679 0.6344914 -0.02365515 -0.8228019 0.5682168 -0.01125778 -0.8771399 0.4801829 0.007071635 -0.9993304 -0.01543573 -0.03317251 -0.9877345 -0.148796 -0.04733167 -0.9392061 0.3433514 0.001272806 -0.9829749 0.1831755 -0.01438735 -0.9200789 0.3912022 -0.02038732 -0.9825015 0.1852537 -0.01928563 -0.6728248 0.7391852 -0.03019988 -0.7588221 0.6505493 -0.03121867 -0.843136 0.5376121 -0.009743252 -0.8249959 0.5640897 -0.03441773 -0.7382869 0.6717146 -0.06108976 -0.6459705 0.7619196 -0.04690978 -0.6450667 0.7596627 -0.08247092 -0.6421892 0.7479889 -0.1676473 -0.7257236 0.6753044 -0.1314884 -0.7151821 0.6585806 -0.2340644 -0.8057832 0.5653389 -0.176367 -0.9099465 0.3976492 -0.1177813 -0.9831648 0.1745185 -0.0541322 -0.5296204 0.8303055 -0.1734789 -0.6378619 0.7230547 -0.265187 -0.7046624 0.6334973 -0.319581 -0.6905784 0.6057753 -0.3951427 -0.6716924 0.5720562 -0.470724 -0.6482755 0.53337 -0.543374 -0.6192283 0.4898205 -0.6137036 -0.5826596 0.4411284 -0.6825785 -0.5356669 0.3868322 -0.7506143 -0.4743301 0.3269377 -0.8173877 -0.4329099 0.2990172 -0.8503986 -0.8657749 -0.4907708 0.09786629 -0.9270291 -0.3734759 0.03365645 -0.9656539 -0.2598296 -0.001029505 -0.9872837 -0.158815 -0.006983211 -0.9995945 -0.02288752 -0.01694146 -0.9825653 0.1826704 -0.03459719 -0.9112969 0.4074313 -0.05947902 -0.8084948 0.5821152 -0.08647557 0.8728149 0.4879727 -0.008760572 0.9165395 0.3999441 -0.0001841908 0.9555612 0.2947928 0.0001976377 0.7021361 0.1577928 0.6943388 0.6979605 0.1164352 0.7066073 0.7305266 0.6816496 -0.04104469 0.6636623 0.7470219 -0.03886699 0.5387046 0.8419905 -0.02914331 0.3769934 0.9260732 -0.01626094 0.1935724 0.9810742 -0.004807644 0.02431499 0.9997043 -0.0003149625 -0.09711015 0.9952729 -0.001251923 -0.2174295 0.9760616 -0.005310678 -0.3778412 0.9257413 -0.01546066 -0.5412042 0.8403853 -0.02916413 0.9891816 -0.1343672 -0.05886534 0.9629161 -0.2469571 -0.1086495 0.9916561 -0.1060763 -0.07325276 0.8299661 -0.5476094 -0.1062083 0.9088906 -0.399756 -0.1187985 0.9838757 0.1780883 -0.01652488 0.9989455 0.02231716 -0.04012291 0.5268839 0.8491356 -0.03690768 0.659328 0.7503119 -0.04815323 0.6479634 0.7601941 -0.04741707 0.7588901 0.6495553 -0.04651609 0.8226182 0.5682017 -0.02112187 0.7835171 0.6205759 -0.03140778 0.3740861 0.9271739 -0.02020424 0.1940388 0.9809795 -0.005301708 0.02469585 0.9996949 0.0005619324 -0.09737627 0.9952474 -0.0006828934 -0.9427366 -0.1311169 0.3066856 -0.9814456 -0.002814501 0.1917199 -0.9790021 0.1992702 -0.04296862 -0.8555889 0.3910352 -0.3392038 -0.6641006 0.4900988 -0.5646003 -0.4403349 0.3549451 -0.8246934 -0.2996155 0.2141672 -0.9297112 -0.3580462 0.2659283 -0.8950335 -0.4322056 0.3546893 -0.8290922 -0.4893637 0.4318948 -0.7576213 -0.5333399 0.4987087 -0.6832555 -0.5674055 0.5569042 -0.6065548 -0.593884 0.6078382 -0.5271001 -0.6142374 0.6522211 -0.4442072 -0.6285274 0.6899656 -0.3590277 -0.5272672 0.800414 -0.2851785 -0.379791 0.9090458 -0.1714486 -0.2204387 0.9740296 -0.0517025 -0.09835309 0.9940518 -0.04677294 0.02502548 0.9986503 -0.04551212 0.1959039 0.9793051 -0.05082418 0.3766845 0.9241525 -0.06364712 0.5271368 0.8462373 -0.07751895 0.6450667 0.7596627 -0.08247092 0.7340558 0.6774954 -0.04649831 -0.9592795 -0.1454986 0.2421013 -0.9884246 -0.004340529 0.1516506 -0.9772148 0.2120599 -0.009049356 -0.876299 0.4364074 -0.2040801 -0.7191999 0.590351 -0.3663839 -0.5125874 0.5132646 -0.6883412 -0.2898328 0.2617415 -0.9205913 -0.1769414 0.1306525 -0.975511 -0.2383316 0.2063219 -0.9490149 -0.3114929 0.3209559 -0.8944045 -0.3706656 0.4225092 -0.8270991 -0.4175842 0.5109229 -0.7513862 -0.4543866 0.5876725 -0.6694578 -0.4828671 0.6542373 -0.5820764 -0.5042817 0.711591 -0.489222 -0.5188204 0.7600714 -0.3913015 -0.3779146 0.8767155 -0.2975744 -0.2220172 0.960535 -0.1675733 -0.09878294 0.9811907 -0.1658517 0.02515018 0.9859487 -0.1651444 0.1973455 0.9659573 -0.1672762 0.379791 0.9090458 -0.1714486 0.5296204 0.8303055 -0.1734789 0.6421892 0.7479889 -0.1676473 0.7232724 0.6772557 -0.1349135 0.9992375 -0.0143076 -0.03632858 0.9994878 -0.0265192 -0.01791192 0.983377 0.1803592 -0.02098315 0.9831716 0.1794092 -0.03443827 0.9200264 0.3914899 -0.01694524 0.9128998 0.4035268 -0.0614825 0.8200573 0.5719693 -0.01890063 0.8097161 0.5794311 -0.09284132 0.7151821 0.6585806 -0.2340644 0.6378619 0.7230547 -0.265187 0.5272672 0.800414 -0.2851785 0.3779146 0.8767155 -0.2975744 0.1953401 0.9323748 -0.30417 0.02475156 0.9516867 -0.3060716 -0.09704685 0.9470696 -0.3060084 -0.2195394 0.9271172 -0.303737 -0.3722365 0.8302389 -0.4149016 0.9995006 -0.03153979 -0.001946464 0.9835697 0.17257 -0.05301241 0.9111266 0.3950523 -0.1173972 0.803617 0.5682117 -0.1770175 -0.9113728 -0.4002169 -0.0960519 -0.8402526 -0.5379484 -0.06772822 -0.7395457 -0.6729363 -0.01512921 -0.5807615 -0.8134731 -0.03126616 -0.6008129 -0.7977119 0.05176495 -0.4071695 -0.9133183 0.007920797 -0.4226748 -0.8987318 0.1167354 -0.209336 -0.9771999 0.03547975 -0.2166511 -0.9626343 0.1624731 -0.001074666 -0.998978 0.04518723 -0.00143491 -0.9838801 0.1788234 0.2069991 -0.9776911 0.03565728 0.2134809 -0.9631242 0.1637612 0.4053621 -0.9141204 0.008093267 0.4201282 -0.8996338 0.1189595 0.5802284 -0.8138499 -0.0313596 0.5999385 -0.7982218 0.05399821 0.7211008 -0.6888661 -0.0740079 0.7402825 -0.6721591 -0.01356178 0.8418303 -0.5355967 -0.06676733 0.9130595 -0.3965524 -0.09522856 0.9619434 -0.256246 -0.09488408 0.9884171 -0.1367932 -0.06572061 0.9866219 -0.1542562 -0.05274637 0.9630865 -0.2616623 -0.06322357 0.9281778 -0.3707849 0.03169316 0.9201212 -0.3887548 -0.04739996 0.8670988 -0.4889934 0.0950004 0.8556754 -0.5175124 0.0007026687 0.7585106 -0.646958 0.07814792 0.6167893 -0.7678832 0.172992 0.4298382 -0.8638478 0.26269 0.2157896 -0.9213673 0.3232911 -0.001772977 -0.9392059 0.34335 -0.219655 -0.920839 0.3221914 -0.4328338 -0.8628624 0.2610044 -0.6177398 -0.7673846 0.1718091 -0.757763 -0.6478609 0.07791996 -0.8542112 -0.5199252 0.0009611264 -0.9185966 -0.3923489 -0.04735747 -0.9618136 -0.2661418 -0.06390017 -0.3012077 -0.9479614 0.1031651 -0.1421996 -0.9652308 -0.219337 -0.1272758 -0.8631816 -0.4885882 -0.0003709154 -0.8741842 -0.4855943 -0.4141267 -0.8722738 -0.2600719 -0.3687735 -0.7732747 -0.5158027 -0.2527499 -0.829066 -0.4987655 -0.5308337 -0.8468315 -0.03304473 -0.5091136 -0.8204835 -0.2600197 -0.4318968 -0.8992889 0.06888186 -0.2781416 -0.4820876 -0.8308001 -0.1633653 -0.3067932 -0.9376512 -0.1774698 -0.3746178 -0.9100363 0.2926008 -0.6163525 -0.7310912 0.4078196 -0.8769532 0.2542365 0.3245503 -0.9372203 0.1276138 0.3708152 -0.9219176 0.112089 0.1746466 -0.3750651 -0.9103981 0.4569414 -0.8806325 0.1252637 0.1197129 -0.4027543 -0.9074458 0.2301306 -0.9665901 0.1128871 0.05887898 -0.4196841 -0.9057586 0.08281538 -0.9900285 0.1139529 0.1812734 -0.9749389 0.1289731 -0.002349794 -0.4253204 -0.9050398 -0.05894415 -0.991565 0.1154318 0.03333668 -0.9911795 0.1282647 -0.1044109 -0.9861161 0.1291254 -0.06437613 -0.4186035 -0.9058846 -0.2032804 -0.972514 0.1135501 -0.2493915 -0.9598114 0.128709 -0.1251288 -0.4004613 -0.9077299 -0.3498888 -0.9300542 0.1121471 -0.1601041 -0.306933 -0.9381678 -0.08980834 -0.1899866 -0.9776705 -0.400976 -0.9076443 0.1240972 -0.4742206 -0.8731789 0.1125761 -0.3031061 -0.9524944 0.0296846 -0.4423362 -0.7551752 -0.4837862 -0.4974835 -0.8249331 -0.2683199 -0.2834114 -0.9299576 -0.2342153 -0.137471 -0.9835467 0.1172075 -0.0004145241 -0.9766349 -0.2149049 0.3680711 -0.7736053 -0.5158087 0.2519702 -0.8293769 -0.4986431 0.4150985 -0.8722132 -0.2587225 0.2825215 -0.9302749 -0.2340304 0.2599754 -0.9473921 0.186711 0.1598852 -0.9520129 0.2609753 0.2010713 -0.6615425 -0.7224486 0.1265289 -0.8632969 -0.4885784 0.141366 -0.9653583 -0.219315 0.1011733 -0.6895957 -0.7170925 -0.3631815 -0.6279222 -0.6883407 -0.2925322 -0.6163572 -0.7311147 -0.2016886 -0.6612803 -0.7225165 -0.1017714 -0.6895004 -0.7170996 -0.0002960872 -0.6985261 -0.7155845 -0.002928505 -0.994055 0.1088393 -0.8040597 -0.519947 0.2883455 -0.6114219 -0.7903075 -0.03971702 -0.5922287 -0.8057662 -0.00246558 -0.8559738 -0.5169956 -0.004933394 -0.8583028 -0.5086238 -0.06795768 -0.8391882 -0.5288565 -0.1267833 -0.6141789 -0.7842675 -0.08780018 0.8407864 -0.3949156 -0.370297 0.4009159 -0.8953069 0.1941444 0.8997439 0.08364943 0.4283266 -0.6461007 -0.7136981 0.2705345 -0.6494326 -0.6901365 0.3192945 -0.7091462 -0.6076342 0.3576204 -0.7322072 -0.05981619 0.6784501 -0.1659204 -0.9859501 0.01931018 -0.8915138 0.04817242 0.4504249 -0.2795074 -0.9571442 0.07583215 -0.8945535 0.07740983 0.4402064 -0.2823734 -0.9498062 0.1346607 -0.8868874 0.08970739 0.4531925 -0.2818145 -0.9486378 0.1437597 -0.2594144 -0.9574819 0.1262242 -0.2796778 -0.9569755 0.07731909 -0.2943208 -0.9501291 0.103102 -0.9129848 0.09221658 0.3974353 -0.8895962 0.076759 0.4502518 -0.9846443 0.07915119 0.1555976 -0.9793506 0.07483914 0.187807 -0.3035606 -0.9514219 0.05145235 -0.9799253 0.07083012 0.1863588 -0.2985067 -0.9520118 0.06758128 -0.9621975 0.08560867 0.258548 -0.9386179 0.07972016 0.3356205 -0.9850215 0.1039919 0.1375437 -0.3022632 -0.9528048 0.02828537 -0.9949914 0.06614262 0.07494894 -0.992545 0.109681 0.0531459 -0.3026926 -0.9530285 0.01067532 -0.9972603 0.06871648 0.02738677 -0.996385 0.08229119 0.02109552 -0.3025389 -0.9531207 0.005585 -0.9972772 0.0716857 0.01729946 -0.3086949 -0.9511611 -4.279974e-05 -0.9969605 0.07578878 0.01805099 -0.9960484 0.08586866 -0.02267671 -0.3097366 -0.9506328 -0.01898959 -0.9968181 0.06601109 -0.04467986 -0.9903856 0.09429955 -0.1012123 -0.3117966 -0.9491285 -0.04402237 -0.9890009 0.0671436 -0.131791 -0.9789448 0.09935027 -0.1783163 -0.3104084 -0.9479606 -0.07083248 -0.9738153 0.06767574 -0.2170338 -0.9583895 0.1046317 -0.2655969 -0.3070791 -0.9461289 -0.1026772 -0.9488551 0.06878007 -0.3081288 -0.9237665 0.1105436 -0.3666544 -0.3018593 -0.9427533 -0.1417642 -0.9113441 0.07152787 -0.4053834 -0.8700061 0.1110413 -0.480374 -0.2966306 -0.9353124 -0.1928757 -0.8591067 0.08165163 -0.5052412 -0.2742517 -0.9287794 -0.2493089 -0.7076252 0.08280864 -0.7017188 -0.7775269 0.1105879 -0.6190495 -0.8051362 0.09642971 -0.5851983 -0.6849994 0.1096937 -0.7202383 -0.2402655 -0.928268 -0.2838856 -0.6200976 0.08224321 -0.7802019 -0.5942702 0.1111329 -0.7965503 -0.2056122 -0.9278599 -0.3111263 -0.5271955 0.08210472 -0.8457681 -0.4985088 0.1129476 -0.8594951 -0.1678002 -0.9282812 -0.3318692 -0.4291992 0.08096642 -0.8995735 -0.3965364 0.1150992 -0.910775 -0.1278643 -0.9287726 -0.3478968 -0.3251972 0.0799504 -0.9422604 -0.2882055 0.1168213 -0.9504159 -0.08637091 -0.9289345 -0.3600288 -0.2170195 0.07929544 -0.9729413 -0.1752336 0.1193159 -0.9772701 -0.04344499 -0.9291681 -0.3670957 -0.105263 0.0782721 -0.9913593 -0.05874803 0.1210819 -0.9909025 0.0002061365 -0.9292828 -0.369369 0.008940748 0.07778038 -0.9969304 0.0589288 0.1214043 -0.9908524 0.04368259 -0.9293518 -0.366602 0.1223473 0.07779565 -0.9894337 0.175 0.1220882 -0.9769695 0.08620893 -0.9297226 -0.3580277 0.2342984 0.07708743 -0.9691036 0.2887596 0.1220245 -0.9495936 0.1274234 -0.9297702 -0.3453848 0.3433603 0.07723016 -0.9360231 0.3974044 0.1211172 -0.9096155 0.166939 -0.9293953 -0.3291743 0.4463228 0.0779333 -0.891472 0.4995305 0.1208765 -0.8578218 0.2040884 -0.9292495 -0.3079662 0.5427425 0.07820055 -0.8362507 0.5960147 0.1202359 -0.7939206 0.238781 -0.9293577 -0.2815634 0.632793 0.07908666 -0.7702716 0.6865081 0.1179558 -0.7174908 0.2762847 -0.9277668 -0.2508298 0.7109798 0.08509356 -0.698045 0.2959924 -0.9353456 -0.1936934 0.8573331 0.08074077 -0.5083904 0.7969346 0.09969752 -0.5957816 0.7786865 0.1101249 -0.617673 0.8689126 0.1112296 -0.4823059 0.3017727 -0.9426398 -0.1427004 0.910348 0.0713999 -0.4076379 0.9229559 0.1107842 -0.3686181 0.3066698 -0.9462022 -0.1032235 0.9486653 0.06826845 -0.308826 0.9580247 0.1044417 -0.2669844 0.3100631 -0.9480485 -0.07116773 0.9742099 0.06727983 -0.2153798 0.9788447 0.09804915 -0.1795812 0.3123238 -0.9489357 -0.04444008 0.989375 0.06763523 -0.128696 0.9905254 0.09144785 -0.1024535 0.3132896 -0.949451 -0.01980903 0.9965648 0.069411 -0.04517405 0.9958404 0.08730401 -0.02607481 0.3091254 -0.9510209 -0.000829257 0.9970008 0.07579797 0.01562092 0.9968327 0.07777395 0.01660741 0.3068092 -0.951753 0.005851373 0.9968961 0.07610116 0.02016775 0.9965062 0.08070903 0.02148305 0.3013693 -0.9534397 0.01136844 0.9970231 0.06730874 0.03760933 0.9925884 0.1085479 0.05464112 0.2985439 -0.9539379 0.02956271 0.993023 0.06233116 0.1001007 0.9813007 0.131849 0.1402312 0.2963754 -0.9537803 0.049647 0.9837764 0.06688687 0.1664638 0.9779817 0.08870707 0.188899 0.2936966 -0.953328 0.07005748 0.968918 0.06610435 0.2383864 0.9566939 0.1014126 0.2728595 0.2828405 -0.9538502 0.1008514 0.9400721 0.06168214 0.3353503 0.9110149 0.1214963 0.3940692 0.2745774 -0.9525301 0.1315053 0.8931355 0.06819885 0.4445873 0.8862542 0.07738924 0.4566886 0.2742403 -0.9514258 0.1399331 0.8879088 0.08121279 0.452794 0.8925569 0.0661687 0.4460537 0.2643818 -0.9558579 0.1282106 0.8884452 -0.3087347 0.3396292 0.8965772 -0.393185 0.2038501 0.7887101 -0.50656 0.3483293 0.6400247 -0.6989019 0.319225 0.814975 -0.5655608 0.1263204 0.8995485 -0.4237534 0.106045 0.9030742 -0.4281969 0.033232 0.8266964 -0.5626335 0.004082387 0.9599563 -0.2708775 -0.07147907 0.8427981 -0.5380112 0.01533884 0.9326793 -0.2922367 -0.2114405 0.8659644 -0.4892615 -0.1035797 0.8686518 -0.3801655 -0.3176764 0.7910222 -0.3516287 -0.5006407 0.7396188 -0.1351794 -0.6593107 0.6193032 -0.1780701 -0.7646924 0.5653894 -0.2101143 -0.7976131 0.4466154 -0.1737556 -0.8776923 0.3122829 -0.2093604 -0.9266324 0.255601 -0.1895074 -0.9480269 0.1072893 -0.103757 -0.988799 -0.1676696 -0.7050611 -0.6890397 -0.2346648 -0.3508902 -0.9065365 -0.08514548 -0.7044607 -0.7046172 -0.1229125 -0.3642821 -0.923142 -0.0008246424 -0.7041726 -0.7100284 -0.002362744 -0.3750452 -0.9270035 0.08333539 -0.7044631 -0.7048312 0.1658892 -0.7050193 -0.6895133 0.2456075 -0.7053477 -0.6649523 0.3216349 -0.7045982 -0.6325286 0.3931712 -0.7045821 -0.5907457 0.4589193 -0.7073339 -0.537654 0.5218345 -0.7132891 -0.4678755 0.5568513 -0.7440425 -0.3692118 0.5831465 -0.7630806 -0.2786541 0.5995836 -0.7740886 -0.2031903 0.6094849 -0.7801579 -0.1410029 0.614182 -0.784123 -0.08905925 0.611902 -0.7898676 -0.04104923 0.5925502 -0.8055231 -0.004091328 0.591727 -0.8060621 0.01109417 0.5949897 -0.8034198 0.02244674 0.5930136 -0.8030673 0.05846136 0.5841152 -0.8057861 0.09756115 0.5762083 -0.8058191 0.136527 0.5582453 -0.8054708 0.1989446 0.5380813 -0.8032841 0.255349 0.5207196 -0.8113012 0.2657847 -0.6260844 -0.3073522 -0.7166261 -0.5355374 -0.3201298 -0.7814836 -0.3942657 -0.704642 -0.5899442 -0.323093 -0.70457 -0.6318164 -0.4421638 -0.3206567 -0.8376577 -0.2472048 -0.7053483 -0.6643595 -0.3400014 -0.3414578 -0.8762452 -0.8111863 -0.5150491 -0.2769499 -0.7953107 -0.4644388 -0.3895864 -0.5834738 -0.7634889 -0.2768446 -0.6096176 -0.7802713 -0.1397964 -0.8293606 -0.526645 -0.1865637 -0.5997909 -0.774311 -0.2017261 -0.5574913 -0.7446222 -0.3670711 -0.7720482 -0.3718555 -0.5154271 -0.5218413 -0.7136582 -0.4673047 -0.7079038 -0.3190921 -0.630121 -0.4597279 -0.7074489 -0.5368112 -0.5843097 -0.8057647 0.09656846 -0.5766372 -0.8058221 0.134686 -0.8248765 -0.5286425 0.2002893 -0.4807341 -0.8577766 0.1819724 -0.4934515 -0.836065 0.2397936 -0.5210025 -0.8111794 0.265602 -0.5390559 -0.8031043 0.2538546 -0.7641659 -0.5260694 0.3732311 -0.5589986 -0.8054782 0.1967877 -0.8242207 -0.5485794 0.1404315 -0.5930501 -0.8030789 0.05793007 -0.8368815 -0.5398882 0.09027831 -0.5949775 -0.8034349 0.02222924 -0.8193448 -0.5727446 0.02525525 -0.59175 -0.8060447 0.01112783 -0.8402303 -0.541983 0.01635286 -0.06332001 0.9968413 -0.04793835 -0.1284554 0.9887788 -0.07626015 -0.05611793 0.9980262 0.0281871 -0.08313266 0.9919897 0.09510689 -0.07406273 0.9967094 -0.03293931 0.05431288 0.9981513 0.02727881 -0.1369025 0.9873905 -0.07948459 -0.1843733 0.9797528 -0.07804462 -0.07283649 0.9970624 -0.02369495 -0.1472368 0.9862263 0.07535907 -0.1151866 0.9915476 0.05971123 -0.05951132 0.9978384 0.0278728 -0.6976816 0.6592587 0.2803897 -0.1314141 0.991324 0.002673404 -0.07161396 0.9974301 0.002135015 -0.3926914 0.9194722 0.0190898 -0.06297931 0.9979984 0.005723615 -0.1301651 0.9913839 0.01466559 -0.08462405 0.9963184 0.01372821 -0.1482717 0.9885771 0.02703176 -0.07011412 0.9974187 0.01548784 -0.3006504 0.9504299 0.07932389 -0.06633103 0.9975663 0.02148506 -0.09265545 0.995697 0.001547428 -0.1128572 0.9936108 0.0009045343 -0.1024175 0.9947337 -0.003935966 -0.08665928 0.9962319 -0.00348819 -0.1350081 0.9907214 -0.01561506 -0.07633398 0.9970316 -0.01005076 -0.1687851 0.9850713 -0.03385496 -0.0689221 0.9975032 -0.01539702 -0.2170012 0.974005 -0.0649976 0.1207548 0.9926791 0.002552383 0.1077169 0.9941792 0.002175576 0.10638 0.9927797 0.05542433 0.1050638 0.9929559 0.05477416 0.06451412 0.9974061 0.03192183 0.1121758 0.9927933 0.04216807 0.06386391 0.9976882 0.02323065 0.3057025 0.9482337 0.08601687 0.07137339 0.9973032 0.01709506 0.1755978 0.983893 0.03346686 0.08618935 0.9961737 0.01447072 0.1204857 0.9926014 0.01502256 0.06859833 0.9976177 0.007290744 0.3374446 0.9411643 0.01846419 0.08630329 0.9962623 0.003630827 -0.3906307 0.8655322 -0.313467 -0.0371133 0.9986666 -0.03588374 -0.4458108 0.7536841 -0.4829214 -0.03212014 0.9987079 -0.03938012 -0.3534435 0.7966464 -0.4903388 -0.02732685 0.9987135 -0.04271585 -0.2740176 0.8257425 -0.4930149 -0.02255794 0.9986884 -0.04596273 -0.1969486 0.8567184 -0.4767021 -0.01756171 0.9986467 -0.04895322 -0.1373416 0.8638705 -0.4846287 -0.012101 0.9986176 -0.05115168 -0.07121909 0.8934528 -0.4434748 -0.006416844 0.9985468 -0.0535089 -0.01641007 0.9207968 -0.3896973 -0.0003459512 0.9984673 -0.05534291 0.02558407 0.9413765 -0.3363863 0.006103867 0.9983825 -0.05652467 0.0536283 0.9602241 -0.2740323 0.01289866 0.9982734 -0.05730425 0.07306161 0.9707423 -0.2287388 0.02007853 0.9981219 -0.05787502 0.08692412 0.9774546 -0.1924231 0.02758641 0.9979513 -0.05772444 0.09360548 0.9832601 -0.1563251 0.03687971 0.9975658 -0.05918037 0.09288279 0.9883373 -0.1206735 0.04794376 0.9970149 -0.06051949 0.08723991 0.9921421 -0.08968442 0.2310461 0.9454174 -0.2297902 0.05450806 0.9976061 -0.04255585 0.3391525 0.9069527 -0.2498247 0.0534084 0.9980809 -0.0313392 0.3756585 0.904499 -0.2018968 0.05877083 0.997939 -0.02576133 0.3576777 0.9234783 -0.1387606 0.06122503 0.9979329 -0.0195284 0.2731815 0.9590878 -0.07431312 0.06343763 0.9978915 -0.01371818 0.2201876 0.9746615 -0.03939974 0.06503139 0.9978512 -0.007990558 0.1675438 0.9857286 -0.01637946 0.07554039 0.9971402 -0.002253135 0.1364331 0.9906472 -0.002029659 0.1101646 0.9939118 0.001755238 0.1132029 0.9935702 0.001847848 -0.76841 -0.4547922 0.4502334 -0.6723129 -0.5793501 0.4608133 -0.6918813 -0.5460937 0.4723154 -0.7815239 -0.4548978 0.4269525 -0.8231611 -0.3629271 0.4366803 -0.1831738 -0.9398331 0.2883767 -1.318435e-05 -0.9591961 0.2827418 -1.343436e-05 -0.9258953 0.3777803 0.2570823 -0.9663895 6.761555e-05 0.3570646 -0.9340797 8.904417e-05 0.33506 -0.9421939 0.002311206 0.7335384 -0.5260949 -0.4302854 0.7189458 -0.5995368 -0.3516712 0.5971579 -0.6899569 -0.4090989 0.6524405 -0.7559853 -0.05298619 0.6863067 -0.7107848 -0.154169 0.7977259 -0.5938579 -0.1047193 0.8262841 -0.5285596 -0.194626 -0.6589403 -0.01936471 -0.7519459 -0.6652773 0.003270298 -0.7465892 -0.6780448 0.008467907 -0.7349718 0.7585091 -0.2724562 -0.5919726 0.7978137 0.02361787 -0.6024412 0.7189889 -0.1780895 -0.6718178 0.8404922 0.07512676 -0.53659 0.8427573 -0.3336078 -0.4224523 0.8422167 -0.2222791 -0.4911853 0.8851673 0.3066084 -0.3499572 0.9169818 -0.2980733 -0.2651351 0.9300572 -0.25272 -0.2666949 0.9650009 0.1889604 -0.1818441 0.8861511 -0.4491424 -0.1140494 0.9119783 -0.3605327 -0.1957339 0.9731868 -0.2297684 0.0106746 0.9273145 -0.374032 0.01370365 0.9538303 -0.3003459 0.0003523464 0.1939821 -0.7924334 0.5782908 -0.1940826 -0.7920948 0.5787209 -0.8169923 -0.5763005 0.0200338 -0.8091685 -0.5874109 0.01395207 -0.8079783 -0.5748117 0.1294704 -0.8571481 -0.5064225 0.09398588 -0.8364933 -0.5341587 0.1222839 -0.9373271 -0.344128 0.05471591 -0.8697857 -0.4917472 0.04071172 -0.8507767 -0.5132599 0.1128858 -0.854223 -0.5123081 0.08856328 -0.8567654 -0.5065631 0.0966798 -0.8714298 -0.4810413 0.09596587 -0.9335667 -0.3321978 0.1345279 -0.8711873 -0.4813423 0.09665512 -0.8495464 -0.5236772 0.06350678 -0.8637892 -0.4836517 0.1412417 -0.8568771 -0.5109505 0.06849303 -0.870154 -0.4793962 0.1140666 -0.805091 -0.5763278 0.1402667 -0.8084871 -0.5708389 0.1431487 -0.8359659 -0.5422956 0.08412201 -0.8369326 -0.5350692 0.1150859 -0.7732735 -0.628551 0.08349691 -0.8074595 -0.5892405 0.02837118 -0.7704181 -0.6320651 0.08336396 -0.7841121 -0.6099637 0.1145098 -0.7875087 -0.6042785 0.1211507 -0.7946662 -0.5924907 0.1321379 -0.8019777 -0.5797419 0.1439832 -0.7694196 -0.6370942 0.04587424 -0.7344705 -0.6747783 0.07230038 -0.628145 -0.7777517 0.02315688 -0.7865796 -0.6117369 0.08408553 -0.7557072 -0.6492884 0.08562302 -0.7422461 -0.6697271 0.02315886 -0.8008735 -0.5976018 0.03838913 -0.7819045 -0.6217732 0.04498293 -0.7444448 -0.6598066 0.1022606 -0.8074891 -0.5896621 0.01612654 -0.7602871 -0.6466611 0.06158646 -0.6364224 -0.7688768 0.06160327 -0.7683229 -0.6381717 0.04916145 -0.834232 -0.5513202 0.01014444 -0.8313633 -0.5556529 -0.009217655 -0.8318626 -0.5547876 0.01467514 -0.8237498 -0.5669407 0.003812865 0.7586095 -0.6478494 0.06930257 0.7421199 -0.6691517 0.03865379 0.6282182 -0.7776846 0.02342041 0.7844677 -0.6120224 0.1001947 0.7314187 -0.6796414 0.05580601 0.6355818 -0.7691402 0.06677637 0.7440945 -0.6647777 0.06628658 0.7741385 -0.6308438 0.05239942 0.7977883 -0.585802 0.1427229 0.7903882 -0.5993826 0.126598 0.8091034 -0.5868651 0.03067566 0.7379046 -0.6743655 0.0269806 0.7528595 -0.6581074 0.009862063 0.7848529 -0.6065731 0.1267873 0.7776596 -0.6214438 0.09514823 0.7800124 -0.6115713 0.1325189 0.8517309 -0.5127266 0.1080088 0.838807 -0.5309114 0.1205646 0.8693419 -0.4926688 0.03901289 0.8164836 -0.5543529 0.1613922 0.8061235 -0.5663342 0.1715532 0.8087646 -0.5694838 0.1469284 0.7980243 -0.5839214 0.1489734 0.8650025 -0.4824603 0.1378503 0.8508228 -0.5252391 0.01498335 0.9223573 -0.3629938 0.1322596 0.8568662 -0.5080162 0.08774856 0.8656603 -0.4880244 0.1116443 0.8554353 -0.5130328 0.07090718 0.8728534 -0.4773606 0.1012608 0.8609437 -0.5019541 0.08257165 0.8708443 -0.4815125 0.09887297 0.934888 -0.3476184 0.07173469 0.8375205 -0.533232 0.1192601 0.8595722 -0.504028 0.08421061 0.8237058 -0.5668221 0.01488145 0.8225552 -0.5675001 0.03669563 0.8317765 -0.5550107 -0.01053182 0.8400682 -0.5414224 0.0338707 0.7543415 -0.6534042 0.06349703 0.7761015 -0.6280593 0.05663891 0.7430207 -0.6609147 0.1054138 0.7909011 -0.6110053 0.03388311 0.7910065 -0.61033 0.04249688 0.8005298 -0.5984294 0.03216104 0.8075366 -0.5891148 0.02877971 0.8085651 -0.5738738 0.129967 0.818575 -0.5741581 0.01665725 0.8185749 -0.5741581 0.01666243 1.383636e-06 -0.4467832 -0.8946423 -0.1240278 -0.3834682 -0.9151881 -0.01858013 -0.4303687 -0.9024619 -0.0008791774 -0.3489791 -0.9371301 -0.0019018 -0.478605 -0.8780283 -0.01510476 -0.4290462 -0.9031563 -0.01239345 -0.4638184 -0.8858436 -0.02272582 -0.4852164 -0.8740987 0.01378062 -0.4418591 -0.8969786 0.1233026 -0.3847387 -0.9147528 0.02418508 -0.4660881 -0.8844077 0.03124222 -0.5086999 -0.8603769 0.001192562 -0.4472594 -0.8944035 0.01547716 -0.4285783 -0.9033721 -0.001912284 -0.4786046 -0.8780285 0.01268022 -0.6186942 -0.7855296 0.1501103 -0.6515835 -0.7435764 0.001883939 -0.6524186 -0.7578564 -0.005243734 -0.6530063 -0.7573343 0.0257935 -0.6005517 -0.7991698 -0.01177982 -0.5757245 -0.8175589 0.1404255 -0.5223128 -0.8411124 -0.0184637 -0.5447015 -0.8384267 -0.01142997 -0.531705 -0.8468525 -0.0005347341 -0.7924917 -0.6098824 0.03029306 -0.800214 -0.5989489 0.1310609 -0.766976 -0.6281487 0.02127645 -0.7481296 -0.6632114 0.03030271 -0.7472115 -0.6638951 0.02018026 -0.7153916 -0.6984323 0.02170868 -0.6987452 -0.7150412 0.006640863 -0.6748721 -0.7379048 -0.1496071 -0.6535151 -0.741981 0.02125468 -0.6604889 -0.750535 -0.03827623 -0.674598 -0.7371923 -0.03126548 -0.7347168 -0.6776531 -0.1305612 -0.7663982 -0.6289575 -0.02728048 -0.7062272 -0.7074595 -0.03878049 -0.6864748 -0.7261188 -0.0209438 -0.7340909 -0.6787281 -0.03277754 -0.8040124 -0.5937084 0.0005356398 -0.7223486 -0.6915289 0.001797264 -0.5345192 -0.8451544 -0.1448667 -0.5249068 -0.838741 0.01937598 -0.5712202 -0.8205681 0.01426534 -0.5974824 -0.8017551 -0.02355731 -0.6233513 -0.781587 0.007232276 -0.6463628 -0.7629959 -0.7732163 -0.4994055 0.3908078 -0.7664528 -0.5256952 0.3690455 -0.7156568 -0.5748278 0.3967472 -0.8001437 -0.4392287 0.4084706 -0.7544027 -0.4948797 0.4312431 -0.5829785 -0.666368 0.4648546 -0.6857205 -0.6515841 0.3243848 -0.6336449 -0.7140979 0.2975876 -0.5662271 -0.3324461 0.7542324 -0.4803777 -0.5066955 0.7158889 -0.6246278 -0.7167593 0.309994 -0.3973791 -0.7357517 0.5484153 -0.4754348 -0.7055012 0.5255757 -0.005450742 -0.8031018 0.5958169 0.5905948 -0.6650308 0.4570906 0.4039264 -0.7450403 0.5308093 0.7076485 -0.5757595 0.4095541 0.8004977 -0.4391456 0.4078659 0.8067821 -0.4176152 0.4179714 0.8051744 -0.4327072 0.405535 0.7049648 -0.5533535 0.4436492 0.8865951 -0.1177338 0.4473118 0.6808258 -0.6549376 0.3279223 0.8576491 0.2040801 0.4720056 0.8145366 -0.3768772 0.4410145 0.8897155 -0.002618198 0.456508 0.8828694 -0.1501593 0.444965 0.8317576 -0.4037283 0.3810285 0.907377 -0.1407453 0.3960526 0.8468731 -0.4488622 0.285182 0.7585831 -0.5845462 0.2878498 0.8695069 -0.3530388 0.3454293 0.91615 -0.3585702 0.1791554 0.9058189 -0.3838771 0.1792501 0.9344853 -0.2986892 0.193706 0.8549991 -0.4870322 0.1782586 0.8551651 -0.4825898 0.1892079 0.8853669 0.3802656 0.2674389 0.8884981 -0.3500541 0.2967041 0.9187015 -0.3560741 0.1708763 0.9233044 0.3594723 0.1352354 0.986484 0.1088468 0.1224813 0.7520032 -0.6540583 0.08184647 0.8836649 -0.4674879 0.02431972 0.9348069 -0.3544681 0.02209924 0.9079265 0.4163768 0.04795686 0.9307378 -0.3578184 0.07545245 0.9961152 0.08733383 0.01128268 0.9468748 -0.3209861 0.01989812 0.9174842 -0.3972702 0.01997686 0.9793747 -0.2011183 -0.01940467 0.8939253 -0.4482137 0.001456878 0.893922 -0.4482203 0.001453698 0.8902806 -0.4476977 -0.08346942 0.8856012 -0.4499932 -0.1149633 0.9868248 -0.1053411 -0.122801 0.999703 0.002193725 -0.02427115 0.9999316 0.01169759 6.889256e-05 0.867006 -0.4982303 -0.008197767 0.9168886 -0.2982529 -0.2652554 0.9333107 -0.2608298 -0.2467771 0.9453957 -0.1780477 -0.2729944 0.8256022 -0.3944434 -0.4034792 0.8566539 -0.3559196 -0.3734506 0.85284 -0.2902845 -0.4340494 0.7529933 -0.2768074 -0.5969747 0.6812471 -0.04280829 -0.7308008 0.6453682 0.4997296 -0.5777285 0.6852116 0.0347807 -0.7275131 0.5053208 -0.1126067 -0.8555528 0.5052081 -0.05406944 -0.8613021 0.5490853 -0.07634856 -0.8322717 0.5417647 0.4156681 -0.7305553 0.5773482 -0.4639303 -0.6718912 0.4824254 -0.2307546 -0.8449959 0.4001049 -0.07387753 -0.9134868 0.3841146 0.4615815 -0.7996239 0.3311517 0.1277577 -0.9348885 0.32487 -0.04098341 -0.9448703 0.2970107 -0.07753127 -0.9517214 0.3155945 -0.3172943 -0.8942731 0.3168129 -0.316021 -0.8942932 0.193606 0.4044578 -0.8938292 0.1943133 -0.07772204 -0.9778556 0.1621042 -0.0506033 -0.9854753 0.1352287 -0.353643 -0.9255538 0.1034613 -0.07949852 -0.9914513 0.115531 0.05256229 -0.9919122 0.06862678 0.5529641 -0.830374 -0.0002813913 -0.08472327 -0.9964045 -0.01258065 0.05277774 -0.998527 -0.1022759 -0.08163685 -0.9914006 -0.0668967 0.4611161 -0.8848146 -0.01257197 0.05274057 -0.9985291 -0.1636091 -0.2400107 -0.956884 -0.1620686 -0.2103902 -0.9640901 -0.1960708 -0.07820181 -0.9774665 -0.1658088 -0.0963583 -0.981439 -0.1677083 -0.09879402 -0.9808739 -0.2306355 0.58328 -0.77884 -0.296188 -0.07889113 -0.951866 -0.2949229 0.4109628 -0.8626297 -0.3340762 -0.3112845 -0.8896601 -0.4000599 -0.07596053 -0.9133357 -0.3537024 -0.2072369 -0.9121115 -0.5546151 -0.07533067 -0.8286902 -0.4268082 0.363467 -0.8280861 -0.3518135 0.125253 -0.9276524 -0.5664339 0.414372 -0.7123542 -0.4955676 -0.3432989 -0.7978462 -0.4955685 -0.3432949 -0.7978474 -0.6707896 -0.1431234 -0.7277066 -0.643554 -0.6071535 -0.4660502 -0.6402509 -0.6199878 -0.4535349 -0.7216324 -0.1792382 -0.6686706 -0.7326576 0.3232373 -0.5989412 -0.6853505 -0.08130468 -0.7236603 -0.7943559 -0.3323092 -0.5084971 -0.8344204 -0.2158169 -0.507115 -0.7699331 0.4665172 -0.4353904 -0.8671076 -0.3184647 -0.3830204 -0.9313132 0.2450241 -0.2694789 -0.9055865 -0.1461126 -0.3982012 -0.8605295 -0.3583888 -0.3620035 -0.9487571 0.1075677 -0.297135 -0.9086005 -0.4061541 -0.0973855 -0.9508881 -0.2913576 -0.1045107 -0.9119071 -0.3606896 -0.1957766 -0.9592841 -0.2635629 -0.101531 -0.7937623 -0.5735896 -0.2023271 -0.9220667 -0.2699466 -0.2773479 -0.7761912 -0.6016145 -0.1886455 -0.9722659 0.1660087 -0.1647429 -0.890922 -0.4464901 -0.08309404 -0.9089277 -0.4056632 -0.09637355 -0.9200608 -0.3916249 0.01086991 -0.986999 0.1271137 -0.09836153 -0.9435142 -0.3312683 0.006506902 -0.9979401 0.04044892 -0.04979471 -0.867108 -0.4980489 -0.00842668 -0.9695716 -0.2445363 0.01152596 -0.9489344 -0.3152042 0.01303126 -0.9346843 -0.3552506 0.01273483 -0.9192245 -0.3935278 0.01273297 -0.9687346 -0.2458702 0.03318246 -0.9824056 -0.1856915 0.01994647 -0.9247174 -0.3800541 0.02136622 -0.9790439 -0.2027753 0.01884612 -0.8905197 -0.4526356 0.04577942 -0.9002747 -0.4329764 0.04513155 -0.9124909 -0.4072358 0.03897818 -0.9798482 0.005340151 0.1996722 -0.8581394 -0.4959403 0.1328154 -0.9273215 -0.3526632 0.1253136 -0.9826657 0.1151968 0.1452508 -0.8089751 -0.542705 0.2258994 -0.8089723 -0.5427092 0.2258994 -0.8481816 -0.4500493 0.2793627 -0.8504346 -0.4708855 0.23458 -0.8276152 -0.4047709 0.3888619 -0.8402228 -0.3940908 0.3724488 -0.8580369 0.3837675 0.341314 -0.8293285 -0.3817595 0.4080121 -0.8293444 -0.3817142 0.4080223 -0.7236122 -0.5914569 0.3557585 -0.8085218 -0.415595 0.4166212 -0.8168349 -0.4078082 0.4080113 -0.7790631 -0.4553745 0.4309231 -0.8179657 -0.4187748 0.3944107 0.8604545 -0.5094149 0.01069939 0.8603113 -0.5095473 0.01503517 0.7623435 -0.6252402 0.1670543 0.7634873 -0.5868843 0.269544 0.7576983 -0.5335854 0.3757391 0.7577605 -0.4846363 0.4369515 0.7617469 -0.4581375 0.4580958 0.9017471 0.1640014 0.3999447 0.7545679 -0.6561915 0.006316063 0.7647217 -0.6441626 -0.01597391 0.8518377 -0.444741 -0.2767272 0.7071268 -0.6608352 -0.2515322 0.7947199 -0.5266462 -0.3017684 0.816024 -0.3605102 -0.4518155 0.742291 -0.3592687 -0.5656236 0.6279306 -0.7782415 0.006578357 0.6294004 -0.7770752 0.003057042 0.6315844 -0.7753056 -0.001572548 0.7345424 -0.452198 -0.5059293 0.6089712 -0.6111228 -0.505651 0.8930131 0.03159499 0.4489203 0.7752148 -0.464413 0.4282085 0.6927333 -0.5500871 0.4663955 0.6685377 -0.5761949 0.4701667 0.5392645 -0.6962208 0.4737831 0.6625907 -0.6160189 0.4260214 0.5332291 -0.7399648 0.410023 0.6569284 -0.6653721 0.3545773 0.5244805 -0.7854263 0.3286727 0.6541532 -0.7157665 0.2444624 0.5169122 -0.8283674 0.2158917 0.6477995 -0.7498774 0.1343118 0.5074822 -0.8554034 0.1036664 0.496668 -0.8670765 0.03871912 0.4883869 -0.8725171 0.01386146 0.4871748 -0.8732992 0.003027272 0.4894341 -0.8720397 0.001030844 0.4918107 -0.8706943 -0.003707476 0.5121275 -0.8565291 -0.06390142 0.5474501 -0.8169682 -0.1812772 0.3591649 -0.9332637 -0.00440179 0.2590467 -0.9658533 -0.004709632 0.3767548 -0.92367 -0.06992608 0.6131522 -0.5234801 -0.5916189 0.4628933 -0.6812472 -0.5671261 0.46635 -0.5840616 -0.6643717 0.3417187 -0.7215467 -0.6021617 0.3442962 -0.6189254 -0.7059684 0.2341796 -0.7459547 -0.6234674 0.2358849 -0.6400452 -0.7312321 0.7374873 -0.2730306 -0.6177109 0.6099382 -0.4267185 -0.6677475 0.5990119 -0.3200169 -0.7340122 0.462688 -0.4748754 -0.7486075 0.4516883 -0.3537871 -0.8190313 0.3408904 -0.502405 -0.7945961 0.3313731 -0.3727869 -0.8667305 0.233193 -0.5189943 -0.8223539 0.2260437 -0.3841208 -0.8951846 -0.08908868 -0.9960222 0.001745411 1.095344e-05 -1 -8.041301e-06 -3.680652e-05 -1 0.0001502041 0.08813404 -0.9961086 1.79102e-05 -1.304342e-05 -0.9856254 0.1689455 -0.1796528 -0.9681512 0.1743793 -0.3557671 -0.9148986 0.1907626 -0.7095432 -0.6895163 0.1453124 -0.6499601 -0.7482322 0.1330433 -0.6509507 -0.7166401 0.2503802 -0.593385 -0.7671559 0.2436516 -0.5222469 -0.7854674 0.3321131 -1.287477e-05 -0.9983464 0.05748369 -0.1759405 -0.9824073 0.0626159 -0.3478217 -0.9342743 0.07843205 -0.4908023 -0.8654564 0.1004906 -0.7577723 -0.4846171 0.4369524 -0.7715857 -0.5738706 0.2744595 -0.7153072 -0.6444995 0.2701037 -0.6546849 -0.6656809 0.3581292 -1.254181e-05 -0.9999936 0.003569795 -0.172323 -0.9850139 0.00724427 -0.3397332 -0.9403301 0.01899214 -0.4952063 -0.8680142 0.03636 -0.5808278 -0.8059825 0.1141543 -0.4995045 -0.8391322 0.2152962 -0.3630465 -0.8805381 0.3047127 -0.1870853 -0.9049795 0.3821141 0.0007078561 -0.884174 0.4671571 0.5769152 -0.7594066 -0.3007833 0.4075326 -0.891138 -0.1994749 0.4338275 -0.8368968 -0.3337626 0.297168 -0.9316626 -0.2090359 0.3182437 -0.8802836 -0.3518832 0.2024222 -0.955452 -0.2147947 0.2174318 -0.9061416 -0.3628097 0.1029461 -0.9704193 -0.218377 0.1107602 -0.9225275 -0.3696961 1.257646e-05 -0.975588 -0.219609 1.694864e-06 -0.9282023 -0.3720759 -0.1029348 -0.9704173 -0.2183912 -0.1107672 -0.9225208 -0.3697106 -0.2024326 -0.9554439 -0.214821 -0.217454 -0.9061264 -0.3628342 -0.2971967 -0.9316459 -0.2090697 -0.3182784 -0.8802589 -0.3519135 -0.4075538 -0.8911179 -0.1995216 -0.4338623 -0.8368633 -0.3338011 -0.5475356 -0.8169022 -0.1813162 -0.5769835 -0.7593445 -0.300809 -0.6864011 -0.7106934 -0.1541703 -0.7086076 -0.6594492 -0.2510021 0.4521999 -0.765951 -0.456984 0.3331069 -0.8092256 -0.4839356 0.2280605 -0.8352924 -0.500275 0.1162989 -0.8518907 -0.5106435 -9.269404e-06 -0.8576492 -0.5142351 -0.1163225 -0.8518794 -0.5106569 -0.2280931 -0.8352704 -0.5002968 -0.3331456 -0.8091946 -0.4839609 -0.4522449 -0.7659088 -0.45701 -0.5972086 -0.689902 -0.4091176 -0.7189585 -0.5995148 -0.3516828 -0.2359349 -0.6400142 -0.7312431 -0.233251 -0.5189638 -0.8223567 -0.3443397 -0.6188871 -0.7059808 -0.3409349 -0.5023674 -0.7946008 -0.4664087 -0.5840086 -0.6643771 -0.4627563 -0.4748201 -0.7486004 -0.6131706 -0.5234357 -0.5916392 -0.609942 -0.4266783 -0.6677697 -0.7344738 -0.4522279 -0.5060022 -0.7410444 -0.3596395 -0.5670208 -0.7386683 -0.2709765 -0.6172041 -0.5791898 -0.2009069 -0.7900478 -0.5990029 -0.3199787 -0.7340362 -0.4326539 -0.2192889 -0.8744844 -0.4517659 -0.3537331 -0.8190119 -0.3153198 -0.2293486 -0.9208543 -0.3314207 -0.3727502 -0.8667281 -0.2142436 -0.2352765 -0.9480214 -0.2261089 -0.3840932 -0.89518 -0.1085949 -0.2389715 -0.9649351 -5.502359e-05 -0.2402503 -0.970711 0.1084983 -0.238984 -0.9649429 0.2141696 -0.2353003 -0.9480323 0.3152693 -0.2293827 -0.9208631 0.4325645 -0.2193439 -0.8745148 0.5792116 -0.2009533 -0.79002 0.7874211 0.06603151 -0.6128686 -0.4885126 -0.8724489 0.01372474 -0.3344161 -0.942408 0.005740247 -0.1703445 -0.9853837 0.00126761 -0.7751083 -0.6089532 0.1684732 -0.8564235 -0.4794142 0.1915746 -0.8956619 -0.3677524 0.250096 -0.9048943 -0.3670385 0.2155203 -0.1694204 -0.9855429 0.001379024 -0.3350026 -0.9422141 0.002411959 -0.4872553 -0.8732529 0.003419454 -0.6279575 -0.7782156 0.007061779 -0.7532632 -0.6576127 0.01183393 -0.8592136 -0.5113389 0.01686708 -0.7981309 -0.535873 -0.2753673 -0.845718 -0.456936 -0.2756274 -0.8521797 -0.2829381 -0.4401542 -0.8082891 -0.3909797 -0.4402312 -0.7335101 -0.5261045 -0.4303219 -0.6090053 -0.6110751 -0.5056677 -0.4629449 -0.6811988 -0.5671421 -0.3417601 -0.72151 -0.6021822 -0.234221 -0.7459277 -0.6234841 -0.8730988 -0.3026977 -0.3821945 -0.8240569 -0.5296286 -0.2010566 -0.7977323 -0.5938462 -0.104737 0.2728523 -0.9593001 -0.0727668 0.1754888 -0.9844702 -0.004704666 0.1852338 -0.979866 -0.0745053 0.08897595 -0.9960229 -0.004648635 0.09403123 -0.9926993 -0.07553995 2.949329e-05 -0.9999893 -0.004622032 2.221116e-05 -0.9971162 -0.07588933 -0.08893414 -0.9960266 -0.004667851 -0.09400241 -0.9927013 -0.075549 -0.1754724 -0.9844729 -0.004739711 -0.1852299 -0.9798654 -0.07452321 -0.259051 -0.9658519 -0.004755821 -0.2728701 -0.959293 -0.07279309 -0.3591201 -0.9332806 -0.004483007 -0.3767525 -0.9236676 -0.06996952 -0.4919195 -0.8706323 -0.003812415 -0.512218 -0.8564717 -0.06394454 -0.6318078 -0.7751232 -0.001705811 -0.6526196 -0.755829 -0.05301175 -0.7647598 -0.6441155 -0.01605125 -0.172783 -0.9849585 0.001701114 -0.2570413 -0.9664004 0.0002786377 -0.3568507 -0.9341614 0.000216867 -0.4894773 -0.8720155 0.00101937 -0.6294349 -0.7770471 0.003098857 -0.7545492 -0.6562121 0.006412641 -0.8603788 -0.5095407 0.0108005 0.0005459407 -0.8063779 0.5914004 -0.1930255 -0.816463 0.5441776 -0.3859579 -0.7549732 0.5301433 -0.3761086 -0.7999554 0.4675615 -0.5413848 -0.6998575 0.465942 -0.5332505 -0.7399482 0.4100252 -0.6626071 -0.6159998 0.4260235 -0.757711 -0.5335657 0.3757415 -0.8956602 -0.3677546 0.2500986 -0.5568556 -0.6593817 0.5051016 -0.5713188 -0.6468061 0.5052095 -0.7083561 -0.5488159 0.4438836 -0.8008631 -0.4458128 0.3998365 -0.8059298 -0.4326827 0.4040578 -0.7960312 -0.4246678 0.4312675 -0.8349881 -0.3601176 0.4160651 0.5734413 -0.6479936 0.5012677 0.5595229 -0.6605974 0.500545 0.3890625 -0.7558734 0.5265793 0.3758889 -0.7968243 0.4730524 0.1901175 -0.8620363 0.4698391 0.3708442 -0.8410183 0.3939071 0.1870577 -0.9049858 0.3821127 0.363021 -0.8805497 0.3047097 0.1831468 -0.9398388 0.2883751 0.355742 -0.914909 0.1907595 0.1796264 -0.9681564 0.1743776 0.3477972 -0.9342837 0.07842892 0.1759149 -0.982412 0.06261442 0.3397093 -0.9403388 0.01898984 0.1722978 -0.9850183 0.007243007 0.3343307 -0.9424389 0.005656231 0.1703876 -0.9853764 0.001183074 0.1755496 -0.9844645 0.003449866 0.1740935 -0.9847291 -0.000176831 0.3956007 -0.7348678 0.5508806 0.1971027 -0.7893164 0.5814897 0.1959851 -0.8170048 0.5423034 0.001255295 -0.836753 0.5475791 -0.1889984 -0.8637535 0.467129 -0.3708701 -0.8410059 0.3939092 -0.4415811 0.8971959 -0.006756951 -0.4201875 0.9069456 -0.02987007 -0.3587375 0.9314594 0.06075163 0.2814432 0.2038542 -0.9376744 0.7747042 0.6281046 0.07292475 0.8031597 0.5797528 0.1371903 0.9862988 0.002105273 0.1649555 0.7929147 0.5800855 0.186513 0.769115 0.5790743 0.2704349 0.9211426 -0.2195656 0.3213834 0.8916738 0.4495158 -0.05341793 0.815263 0.5790909 -0.000325825 0.9813183 -0.1923911 0.0001474378 -0.9957532 -0.09196641 -0.00420735 -0.6709067 -0.7121331 0.2067625 -0.8698805 -0.2302758 0.436212 -0.8845005 0.1203397 0.4507519 -0.8580626 -0.3200788 0.4015946 -0.8394372 0.2927417 0.4578727 -0.7633836 0.4826731 0.4292692 -0.8316773 0.3588539 0.4237179 -0.7247402 0.5817358 0.3692359 -0.8470184 0.3649117 0.3865221 -0.736746 0.5854894 0.3382418 -0.935034 -0.1713126 0.3104245 -0.7739357 0.5790076 0.2564639 -0.9756553 -0.001404393 0.2193052 -0.7949406 0.5803279 0.1768869 -0.921525 0.359685 0.1463502 -0.8033158 0.5817295 0.1275717 -0.8444982 0.5299245 0.07747732 -0.8357979 -0.345311 0.4268516 -0.8807379 -0.1272015 0.4562023 -0.8806182 0.07803623 0.4673563 -0.8697061 -0.4426279 0.2183844 -0.9861186 -0.1490071 0.07326032 -0.952381 -0.2656489 0.1496698 -0.9978077 -0.0509448 0.04224218 -0.8645733 -0.4963877 -0.07818161 -0.9967337 0.07936827 0.01492228 -0.971236 -0.201204 -0.1273483 -0.9279874 -0.2872876 -0.2372873 -0.9259624 -0.07817074 -0.3694359 -0.8191262 -0.4260865 -0.3840346 -0.7828174 -0.2952557 -0.5477417 -0.6960618 -0.1732207 -0.6967729 -0.6404488 -0.1942319 -0.7430339 -0.3891427 -0.687259 -0.6133865 -0.3903082 0.1888792 -0.9011016 -0.26573 -0.6270945 -0.7322159 -0.1667779 -0.5147307 -0.8409741 -0.129742 -0.2425844 -0.9614155 0.01776979 0.4517473 -0.8919689 0.006035756 0.05609807 -0.998407 -0.09718979 0.3205628 -0.942228 -0.2126704 0.1841529 -0.959614 -0.3263521 0.1212213 -0.9374432 -0.3699336 0.5134889 -0.7742598 -0.537786 0.09020836 -0.8382414 -0.5951772 0.3347668 -0.7305445 -0.6882013 0.3342322 -0.643947 -0.6238466 0.650756 -0.4328187 -0.8772496 0.202155 -0.4353923 -0.8760358 0.3617244 -0.3189305 -0.7666185 0.61191 -0.1945821 -0.9364581 0.3188693 -0.1461803 -0.9836959 0.1631121 -0.07574177 -0.8165535 0.5771372 -0.01237128 -0.8479685 0.5298266 0.01526869 -0.8459886 0.532406 0.02910658 0.1294274 0.08859293 -0.9876233 0.09756952 -0.6900437 -0.717161 0.645783 -0.2166987 -0.7321243 0.526615 -0.1693058 -0.833074 0.5230554 0.3587604 -0.7731132 0.4535382 0.2106084 -0.8659949 0.427493 -0.4666982 -0.7742367 0.3557117 0.1151041 -0.9274806 0.2665229 -0.6387728 -0.7217581 0.2160854 0.5195922 -0.8266384 0.9347385 0.1743063 -0.3096471 0.8399341 -0.4751701 -0.2621526 0.9014353 0.1163614 -0.4169824 0.7383883 -0.5740462 -0.353912 0.7175516 0.531218 -0.4504744 0.9914293 0.1016369 -0.0820848 0.9822599 0.1237834 -0.1408659 0.8066375 -0.580336 -0.1120091 0.9141147 0.3503345 -0.2041079 0.9635346 -0.1111343 -0.2434137 0.8164823 0.2693321 -0.5107023 0.7402591 0.2029525 -0.6409576 0.6907591 -0.4416918 -0.5725035 0.4786019 0.694316 -0.5374621 0.7742746 0.6321781 0.02914895 0.9284368 0.3598191 0.09238671 0.775867 0.630733 0.01436391 0.9314193 0.3622555 0.03505848 0.9332619 0.358781 0.01727463 0.9822548 -0.1850666 0.03042804 0.998729 -0.04605742 0.02047004 0.9075856 0.02096793 0.4193432 0.8782998 0.2384263 0.4144181 0.7327518 0.5857824 0.3463146 0.5805057 -0.7869046 0.2092708 0.7783103 -0.604433 0.1699815 0.9685129 -0.09941368 0.2282537 0.8995984 -0.4270859 0.09121592 0.8811504 -0.4447062 0.160656 0.8159698 0.402832 0.414632 0.8847734 0.1180296 0.450827 0.831929 0.3571043 0.4247007 0.7250747 0.5807304 0.3701607 0.04577645 0.9364618 -0.3477698 0.004799267 0.9369982 -0.3493012 0.1255788 0.9351084 -0.3313644 0.08619787 0.9358589 -0.3416696 0.2029035 0.9316898 -0.3013042 0.1638508 0.9341712 -0.3169812 0.2886106 0.9258878 -0.2437942 0.2445593 0.927641 -0.2822638 0.3562462 0.9200867 -0.1628774 0.3250306 0.92357 -0.2034048 0.3873125 0.9178658 -0.08666869 0.3753092 0.918714 -0.1229127 0.4121732 0.9108472 -0.02169369 0.3952745 0.9169832 -0.05385036 0.4471124 0.8944765 0.00151427 0.4237759 0.9056197 0.0163386 0.4417005 0.8971237 0.008351678 0.9091801 0.14244 0.3912829 0.3144831 0.9363486 0.1560502 0.3337223 0.9359808 0.1121133 0.3483199 0.9337599 0.08225354 0.4098482 0.9113995 0.0370859 0.8790949 0.458778 0.1292861 0.3601205 0.930759 0.06325251 0.3500221 0.9193147 0.1798473 0.5716467 0.7668135 0.2919198 0.578342 0.7666565 0.2788519 0.6119992 0.76248 0.2099552 0.6262589 0.7655684 0.1473258 0.6319841 0.7668718 0.1118203 -0.3177896 0.9368233 0.1461914 -0.3875409 0.9003775 0.1978194 -0.3472731 0.9345806 0.07720376 -0.3396157 0.9338554 0.1121393 -0.5100891 0.8019459 0.3109531 -0.3474134 0.9085997 0.2318416 -0.1666655 0.9752192 0.1454998 -0.9869071 0.07525913 0.1426549 -0.344771 0.9382664 0.02809115 -0.3506477 0.9364336 0.011756 -0.3902318 0.9157029 -0.09595509 -0.4040683 0.912579 -0.06267574 -0.3639413 0.9139946 -0.1793341 -0.3822742 0.9140255 -0.1357344 -0.2586694 0.9351347 -0.2421015 -0.3251327 0.9179394 -0.2273236 -0.1851881 0.9385586 -0.2912268 -0.2197788 0.9377292 -0.2690004 -0.1138298 0.9382843 -0.3265966 -0.1501314 0.9386586 -0.3104521 -0.03584519 0.9375227 -0.3460726 -0.07555604 0.9379617 -0.3384067 -0.3693877 0.9292524 0.006528994 -0.6488056 0.6592887 0.3799865 -0.5712945 0.7674084 0.2910447 -0.5816343 0.768397 0.26696 -0.6117595 0.7646214 0.2027421 -0.6277466 0.7657801 0.1396962 -0.6349762 0.7654778 0.1041587 -0.6414838 0.7651072 0.05576344 -0.6399362 0.7681123 0.02202685 -0.6415661 0.7669807 0.01155073 -0.8454147 -0.09024168 0.5264317 0.1012428 0.9905813 0.09218743 -0.9694543 -0.09578063 0.2257974 -0.4034346 0.710019 0.5771599 -0.7310542 -0.1020618 0.674643 -0.008322404 0.92039 0.390913 -0.7475969 -0.09826816 0.6568427 0.2194309 0.9399715 0.2613498 0.5935015 0.7142232 -0.3710003 -0.2963504 0.6541523 0.6958888 0.2260412 0.8536688 0.4692066 0.6694213 0.5897517 -0.4517388 0.03313248 0.749064 0.6616686 0.9902242 -0.009917646 0.1391317 -0.1499174 0.5817872 0.799405 -0.3177868 -0.9374644 0.1420283 -0.3706771 -0.2767236 0.8865791 0.6043266 0.766832 -0.216236 -0.5487221 -0.7377193 0.3932866 0.1921475 0.4736075 0.8595204 -0.5227244 -0.743454 0.4171755 0.1963475 0.4811815 0.8543489 -0.5141597 -0.7729983 0.371636 -0.3487249 0.04311212 0.936233 -0.5902167 -0.6331032 0.5008239 -0.5886562 -0.5900114 0.5526033 -0.6195349 -0.7715106 0.144734 -0.1789539 -0.3980011 -0.8997614 -0.352399 -0.6918228 -0.630235 -0.4484959 -0.7800544 -0.4363103 -0.1126875 -0.3289475 -0.9376007 -0.247884 -0.5906418 -0.7679165 -0.2357065 -0.7189553 -0.6538698 -0.1509254 -0.7288036 -0.6678824 -0.2330976 -0.969256 -0.07879333 -0.2527883 -0.933884 -0.2529005 -0.1952226 -0.9405539 -0.2779324 -0.6285211 -0.7482613 0.2122883 -0.525955 -0.821482 -0.220315 -0.5782642 -0.8131106 0.06679637 -0.4319647 -0.8142303 -0.3878603 -0.6011472 -0.7967282 0.06201819 -0.4472394 -0.8923091 0.06132973 -0.4454373 -0.8928028 -0.06699828 -0.6156569 -0.7822043 0.09551475 -0.4444608 -0.8768464 -0.1832894 -0.4432074 -0.8521044 -0.2783616 -0.3637826 -0.891373 -0.2704005 -0.2560168 -0.7976588 -0.5460731 0.09172445 -0.6673451 0.7390786 -0.09172445 -0.6673451 0.7390786 -0.6347251 -0.2255814 0.7390786 -0.5980965 0.3099086 0.7390786 -0.5503266 -0.3884629 0.7390786 -0.2683706 -0.6178511 0.7390786 -0.425113 -0.522534 0.7390786 -0.6595299 0.1370519 0.7390786 -0.6720488 -0.04596939 0.7390787 -0.1817403 0.6486396 0.7390786 -0.3500017 0.5755533 0.7390786 1.561896e-16 0.6736192 0.7390786 0.1817403 0.6486396 0.7390786 -0.4923052 0.4597809 0.7390786 0.4923052 0.4597809 0.7390786 0.5980965 0.3099086 0.7390786 0.425113 -0.522534 0.7390786 0.3500017 0.5755533 0.7390786 0.6347251 -0.2255814 0.7390786 0.5503266 -0.3884629 0.7390786 0.2683706 -0.6178511 0.7390786 0.6595299 0.1370519 0.7390786 0.6720488 -0.04596939 0.7390787 -0.4494468 0.7352708 -0.5073209 -0.6728317 0.7352708 -0.08169655 0.1622019 0.7352708 0.6580786 0.4494469 0.7352708 0.5073208 -0.6728317 0.7352708 0.08169655 -0.6337293 0.7352708 -0.2403416 -0.1622016 0.7352709 -0.6580786 7.389228e-17 0.7352709 0.6777734 0.314977 0.7352708 0.6001386 -0.1622019 0.7352708 0.6580786 -0.314977 0.7352708 0.6001386 -0.3149769 0.7352708 -0.6001386 -0.5577965 0.7352709 -0.3850191 0.6728317 0.7352708 -0.08169655 -0.4494469 0.7352708 0.5073208 1.146085e-16 0.7352707 -0.6777736 0.4494468 0.7352708 -0.5073209 0.3149769 0.7352708 -0.6001386 0.5577965 0.7352709 -0.3850191 0.6337293 0.7352708 -0.2403416 0.6728317 0.7352708 0.08169655 -0.5577965 0.7352709 0.3850192 -0.6337292 0.7352708 0.2403417 0.1622016 0.7352709 -0.6580786 0.6337292 0.7352708 0.2403417 0.5577965 0.7352709 0.3850192 -0.3839698 0.1822114 0.9051885 -0.1320855 0.4613793 0.8773155 -0.3128385 0.5299784 0.7881972 -0.8145882 0.1455916 0.5614705 -0.5983616 -0.5919666 0.5399434 -0.4356601 -0.2581512 0.8622982 -0.6010615 -0.1906759 0.7761235 -0.692324 -0.4591783 0.5566353 -0.7363222 0.0282978 0.676039 -0.841198 -0.2379598 0.4855522 -0.773324 -0.2463347 0.5841996 0.06564852 0.9155469 0.3968174 0.07909668 0.8109803 0.5797023 -0.08137153 0.5511536 0.8304267 -0.498675 -0.003604589 0.8667816 -0.4587256 0.3497461 0.8168528 -0.007739036 0.976985 0.2131676 -0.3947167 0.8035151 0.4456032 -0.3523373 0.6792658 0.6437828 -0.5154726 0.4988875 0.696706 -0.5752312 0.6294603 0.5223876 0.07565806 0.392668 0.916563 -0.2192103 0.06758585 0.973334 -0.322149 -0.0787027 0.9434118 -0.6978449 -0.145441 0.7013269 -0.6499608 0.2808749 0.7061588 -0.7210756 0.4031597 0.5634822 0.6553445 -0.6520486 0.3812562 0.3797917 -0.650337 0.6578906 0 -1 0 0.0007402308 -0.6508302 0.759223 -0.3784234 -0.651947 0.6570851 0.3749581 -0.6561312 -0.6549032 0.6539227 -0.6571268 -0.3749259 0.7564321 -0.6540714 0.001080092 -0.6540355 -0.6545439 -0.3792227 -0.3788112 -0.6538577 -0.6549597 -1.938726e-06 -0.6543358 -0.7562041 -0.6560901 -0.6526186 0.3789917 -0.7562841 -0.6542406 0.001897648 0.6547089 -0.6548342 0.3775559 0.3779813 -0.6553902 0.6539066 0 -1 0 -0.001284022 -0.6546718 0.7559121 -0.3786218 -0.6536344 0.655292 0.3791766 -0.6514279 -0.6571657 0.6559954 -0.6522679 -0.3797586 0.7566589 -0.6538089 -0.001125642 -0.6528746 -0.6549694 -0.3804864 -0.377624 -0.6513641 -0.6581223 -0.0008965754 -0.65072 -0.7593173 -0.6519501 -0.6558278 0.380593 -0.7530412 -0.6579723 -0.001150369 0.6545777 -0.6536454 0.3798365 0.3797614 -0.6534686 0.6547978 0 -1 0 -0.001044429 -0.6538145 0.7566541 -0.3795942 -0.6524421 0.6559173 0.3778871 -0.6539368 -0.6554144 0.656431 -0.6532016 -0.3773936 0.7569054 -0.6535221 -0.001771171 -0.6556958 -0.6532149 -0.3786466 -0.3786033 -0.6531167 -0.6558187 -0.0003302931 -0.6533776 -0.7570321 -0.6588059 -0.6503241 0.3782238 -0.7589601 -0.6511313 0.002764679 0.03579614 -0.0360486 0.9987087 -0.1527723 -0.1547492 0.9760703 -0.9462039 -0.1683261 0.2763414 -0.9718264 -0.1899212 0.139583 -0.9998167 -0.01905346 -0.001860185 -0.9064627 -0.05363312 0.4188661 -0.8159238 -0.1672338 0.5534449 -0.8865672 -0.295805 0.3556656 -0.1177559 0.06693568 0.9907841 -0.5374489 -0.1492051 0.8299919 -0.5606172 -0.1639647 0.8116797 -0.327558 0.2362519 0.9148173 -0.1774985 -0.1588635 0.971214 0.6950627 0.005851247 0.7189253 0.2896556 -0.1644332 0.9429005 0.3021993 -0.1291537 0.9444548 0.3164088 -0.01989131 0.9484144 0.9231534 0.05926322 0.3798365 0.7936694 -0.149587 0.5896716 0.71035 -0.1870051 0.6785514 0.6827295 -0.2082994 0.7003512 0.7731674 -0.1989387 -0.6021923 0.915494 0.1011257 -0.3894153 0.9248171 -0.1932928 -0.3276449 0.9727638 0.1640557 -0.1637568 0.9856623 -0.1070862 -0.1303934 0.9973168 -0.06466536 0.03431559 0.9576737 -0.1211271 0.2611307 0.7307544 0.001259196 -0.6826393 0.4545744 -0.1163274 -0.8830799 -0.09578879 -0.1603071 -0.9824083 0.310214 -0.02834865 -0.950244 0.4338495 -0.1235611 -0.8924725 0.4315609 -0.1126467 -0.8950229 -0.4507471 -0.1089862 -0.8859735 -0.4479804 -0.1069035 -0.887629 -0.06616979 0.0191147 -0.9976253 -0.0957945 -0.1603211 -0.9824055 -0.9772311 -0.1038317 -0.1850359 -0.9401521 -0.1075522 -0.3233365 -0.5525907 0.459444 -0.695381 -0.8056009 -0.1599656 -0.5704544 -0.558891 0.04237184 -0.8281579 -0.4508894 -0.1089462 -0.885906 0.8658149 -0.1737484 -0.4692292 0.8684613 0.03735805 -0.4943474 0.6171401 -0.1609783 -0.7702104 0.6384868 -0.1628619 -0.7522038 0.4602161 0.2097575 -0.862672 0.8569864 -0.1600403 -0.4898585 -0.162706 -0.006894078 -0.9866505 0.1304482 -0.06495364 -0.9893252 0.1645168 -0.08320814 -0.9828584 0.3015351 0.03665197 -0.9527503 -0.6155179 -0.1694272 -0.7696962 -0.6138745 0.07975909 -0.785364 -0.2860217 -0.1410832 -0.9477801 -0.0978296 -0.1954862 -0.9758148 -0.910332 -0.1105109 -0.398852 -0.9069064 0.204298 -0.3684877 -0.8419254 0.09936866 -0.5303654 -0.6944378 -0.158142 -0.7019595 -0.9991887 0.04021977 0.002094758 -0.9882708 0.1114565 -0.1043949 -0.9877893 -0.09107001 -0.1264063 -0.9610949 0.04563494 -0.2724226 -0.9576315 -0.1063603 0.2676367 -0.9008239 0.1547585 0.4056675 -0.4868047 -0.008069398 0.8734736 -0.6402775 -0.09818425 0.7618429 -0.5676414 -0.1517137 0.8091763 -0.8145464 -0.006220253 0.5800651 0.2878637 -0.1143169 0.9508239 -0.1264356 0.02455194 0.9916709 -0.08553382 -0.1641706 0.9827166 -0.3346932 -0.0604377 0.940387 0.4091327 0.04103062 0.9115519 0.8563258 -0.1256116 0.5009269 0.7516639 -0.04570238 0.657961 0.6510603 -0.1248541 0.7486868 0.5398545 -0.02891018 0.8412617 0.9836218 -0.1048904 -0.1465813 0.9939695 0.1029371 -0.03779714 0.980651 -0.01921524 0.1948188 0.9637368 -0.08984542 0.2512753 0.9082161 -0.02969342 0.4174467 0.8563246 -0.1256104 0.5009294 -0.5281103 -0.1879491 -0.8281151 -0.5174306 -0.1963151 -0.8329021 -0.966046 -0.2567339 -0.0290302 -0.9642772 -0.261955 -0.03935716 -0.9621773 -0.2676952 -0.05053851 -0.9990789 0.008136088 0.04213328 -0.9749416 -0.06739315 -0.2120072 -0.9821236 0.07594718 -0.172236 -0.3508821 -0.04890604 0.9351417 -0.6750987 -0.2804107 0.6823573 -0.7078312 -0.279185 0.6488688 -0.8050407 -0.04523966 0.5914921 0.7227967 -0.1752653 0.6684662 0.5514379 -0.03310407 0.8335589 0.2928074 -0.01264942 0.9560878 0.2917785 -0.1071925 0.9504604 0.1111192 -0.02047067 0.9935962 0.03360556 -0.058296 0.9977336 -0.08999265 -0.06522859 0.9938041 0.8393218 -0.2498774 0.4828044 0.8865725 -0.06803906 0.4575587 0.9908872 -0.03097503 -0.1310844 0.9906857 -0.01037618 0.1357722 0.9747367 -0.03774425 0.220145 0.9168855 -0.03298307 0.3977852 0.8030953 -0.2177553 -0.5546355 0.795727 -0.2117577 -0.5674304 0.8714979 0.1532578 -0.4658363 0.5421983 -0.1499263 -0.8267666 -0.01738253 0.03432224 -0.9992596 0.140325 0.4803888 -0.8657572 0.2500677 -0.1670742 -0.9537045 0.648491 0.5235774 -0.5525632 0.5421216 -0.1500771 -0.8267896 -0.04226721 -0.2970996 -0.9539105 -0.1966356 -0.1589758 -0.9675025 -0.4901211 -0.002059189 -0.8716519 -0.8404568 -0.07701382 -0.5363779 -0.8153004 -0.05999446 -0.5759218 -0.8568723 0.2176248 -0.4673428 -0.9659062 -0.1897751 -0.1760985 -0.9184608 -0.3889979 -0.07148738 -0.8834942 -0.3638905 -0.2949945 0.5721296 -0.788398 -0.2260448 0.6156909 -0.6126307 -0.4955889 0.4749768 -0.72555 -0.49797 0.7417581 -0.6666161 0.07360574 0.6065302 -0.788663 0.1006573 0.4074011 -0.762952 0.5019249 0.6382648 -0.6179619 0.4590654 0.8117394 -0.4264295 0.3990452 0.857419 -0.5144764 0.01211313 0.9224576 -0.2340051 0.3071053 0.9298643 -0.209909 0.3021434 0.9582133 -0.2766157 -0.07287694 -0.9684646 -0.1770786 -0.1752698 -0.8672625 -0.1980056 -0.4567817 -0.4536302 -0.6765722 -0.58006 -0.1846507 -0.6236861 -0.7595523 -0.3800791 -0.5156269 -0.767899 -0.7307862 -0.6757935 0.09620077 -0.7357485 -0.6464367 0.2019746 -0.568766 -0.7597566 0.3150797 -0.31844 -0.8446537 0.4302976 -0.3125873 -0.8422293 0.4392482 -0.1826302 -0.9788026 0.09269132 -0.8554501 -0.1844888 -0.4839101 -0.5997682 -0.1473187 -0.7864956 -0.4632057 -0.1750409 -0.8687929 -0.2219388 -0.2318676 -0.9470906 0.2447341 -0.1631001 -0.9557738 0.8898492 -0.2922598 -0.3503607 0.6111697 -0.3400325 -0.7147373 0.4815504 -0.1777492 -0.8582042 0.1899968 -0.8478957 0.4949486 0.2584372 -0.9572449 0.1299708 0.1848484 -0.8506123 0.4922294 0.08099678 -0.9917194 0.09965989 0.1923596 -0.8388138 0.5093026 -0.0979258 -0.8606299 0.4997267 -0.1306109 -0.7900374 -0.5989838 -0.2543352 -0.9302287 -0.2645527 -0.01862895 -0.9321739 -0.3615312 -0.05641772 -0.7753876 -0.6289603 -0.4764099 -0.8726133 0.1076087 -0.5262686 -0.8336052 -0.1677609 -0.753436 -0.6570834 -0.02399141 -0.6469104 -0.6871375 -0.3306796 -0.7720894 -0.6260496 -0.1092699 -0.6985075 -0.4274602 -0.5739034 -0.8010828 -0.5383504 -0.2616203 -0.6776704 -0.5181057 -0.5218518 -0.7844932 -0.5629119 -0.2601935 -0.7451296 -0.5974241 -0.2964227 -0.8293062 -0.5241724 -0.1936349 -0.8459642 -0.5231863 -0.1030568 -0.8532206 -0.5215424 0.002862312 -0.8007938 -0.399094 -0.446602 -0.3846928 -0.3416555 -0.8574864 -0.2043973 -0.2317077 -0.9510695 -0.4428151 -0.2061863 -0.8725835 -0.5455092 -0.4421823 -0.7119653 -0.5700908 -0.3101381 -0.7607962 -0.6664872 -0.1864338 -0.7218291 -0.737184 -0.2866264 -0.6118865 -0.5792003 -0.5810184 -0.5717907 0.2013113 -0.2928101 -0.9347385 0.5653662 -0.1927295 -0.8020078 0.7310558 -0.2314096 -0.6418777 0.8864302 -0.2729821 -0.3737943 0.3458352 -0.9177954 -0.1950629 0.4384101 -0.890768 0.1197035 0.4056891 -0.8912821 -0.2025649 0.5691926 -0.7925632 -0.2187769 0.1983892 -0.8390626 0.5065724 0.4425807 -0.5292336 -0.723902 0.3020727 -0.623559 -0.7210592 0.3121543 -0.8190993 -0.4812857 0.1434584 -0.70505 -0.6944957 0.1349416 -0.8845438 -0.4465121 0.0524877 -0.2532098 -0.9659865 -0.1557739 -0.398245 -0.9039554 0.3246434 -0.2433227 -0.9140026 0.1181386 -0.5102039 -0.851901 0.3879521 -0.3499599 -0.8526554 0.7610768 -0.4782201 -0.4382551 0.5982322 -0.3925457 -0.6985887 -0.938038 -0.1947287 0.2866453 -0.7905465 -0.1983499 0.5793907 -0.8165873 -0.4040277 0.4122462 -0.4458553 -0.3124371 0.8388064 -0.3163464 -0.2120265 0.9246457 -0.06063265 -0.2327453 0.9706458 0.4443369 -0.5475473 0.7090534 0.1644767 -0.1066649 0.9805968 -0.2560971 -0.5021901 0.8259657 -0.4724092 -0.5610811 0.6797187 -0.8907681 -0.4166918 0.1813839 -0.2973458 -0.2042322 0.9326707 0.02449394 -0.1322798 0.9909097 0.6893115 -0.3173823 0.6512435 0.1727642 -0.2563924 0.9510076 0.554759 -0.2845713 0.7818322 -0.7979467 -0.2174922 0.5621194 -0.5915509 -0.201062 0.7807955 -0.3540818 0.6638297 0.6587535 -0.6751059 0.7367923 0.03700222 -0.9306816 -0.1970492 0.3082262 -0.780979 -0.5312708 0.3283643 -0.6592527 -0.4884229 0.5716895 -0.5695191 -0.4075772 0.7138128 -0.7149179 -0.3749239 0.5901902 -0.03425473 -0.5889173 0.8074671 -0.1913401 -0.6494227 0.7359614 -0.371356 -0.6815502 0.6305426 -0.7541442 -0.5989406 0.2693263 -0.7746327 -0.5825922 0.2460295 -0.5811689 -0.666407 0.4670593 -0.6512938 -0.5952709 0.4706049 -0.7517045 -0.5559634 0.3547463 0.626869 -0.3990676 0.6691638 0.2060936 -0.273835 0.9394359 0.477524 -0.3269503 0.8155209 0.3725602 -0.5767851 0.7269923 -0.5915937 -0.209396 0.7785694 -0.7839533 -0.5466514 0.294261 -0.2456605 -0.3448753 0.9059315 -0.02197354 -0.4013736 0.9156508 0.2209302 -0.4831396 0.8472107 0.2901645 -0.8819051 0.3715481 0.5684184 -0.7696582 0.2907348 0.4880639 -0.8721356 0.03425112 0.7304182 -0.6536434 0.1980899 0.7539277 -0.6550452 -0.05008751 -0.9438799 -0.211469 0.2537157 -0.9519385 -0.2892486 -0.1007385 -0.8308138 -0.3141574 -0.4594057 -0.4626854 -0.2499642 -0.8505528 0.009147335 -0.2737652 -0.9617531 0.1734961 -0.1491095 -0.9734811 0.3552851 -0.1287029 -0.9258553 0.6979758 -0.2003185 -0.6875335 0.873504 -0.2130163 -0.4377382 0.5076171 0.6182443 -0.6000824 0.978709 -0.1742012 -0.1085476 0.8469356 -0.5315702 0.01153737 0.8301567 -0.5270456 -0.1818318 0.8053026 -0.3709529 -0.4624735 0.8081572 -0.5320914 -0.2525088 0.7148508 -0.4163405 -0.5618264 0.5582787 -0.4447245 -0.7003891 0.404651 -0.5027023 -0.7639031 0.5924543 -0.5690727 -0.5702229 0.6815526 -0.5171411 -0.5177365 0.1767322 -0.5971427 -0.7824234 0.3173377 -0.6611836 -0.6798036 0.4796832 -0.6939037 -0.5370304 -0.2268383 -0.8678024 0.4421123 -0.2110564 -0.8839324 0.4172754 -0.06455741 -0.9970142 -0.04236745 0.2997116 -0.8802468 -0.3678839 0.06169852 -0.8921051 -0.4475956 -0.1943133 -0.8905992 0.4111877 0.1909824 -0.9815921 0.001656521 0.7527726 -0.5877805 -0.2963906 0.7877023 -0.5603262 -0.256046 0.7791105 -0.6168859 -0.1115284 0.6584182 -0.6821746 -0.317999 0.04357643 -0.9200822 0.3892941 0.2966308 -0.8893523 0.3479405 0.2960696 -0.8890103 0.34929 -0.8604885 -0.4972968 -0.1107043 -0.0720423 -0.4884956 -0.8695872 -0.2528725 -0.5976176 -0.7608605 -0.3422037 -0.554579 -0.7585109 -0.5958662 -0.3172169 -0.7377783 -0.5192069 -0.406281 -0.7519042 -0.7328182 -0.4580274 -0.5031783 -0.5717821 -0.6144795 -0.5435809 -0.7041396 -0.704336 -0.08998965 -0.2958744 -0.7926643 -0.5330494 -0.4340739 -0.6961336 -0.5718198 -0.5676217 -0.7342276 -0.3724453 -0.4120806 -0.8472743 -0.3351355 -0.5940292 -0.8005894 -0.07865075 -0.4248632 -0.8832518 0.1983873 -0.4298136 -0.9007884 -0.0619729 -0.4566423 -0.8649386 0.2082283 -0.259011 -0.9619369 -0.08712519 -0.1146154 -0.8759068 -0.468669 -0.5064113 -0.8400985 0.194376 -0.6498033 -0.6500876 0.3938804 -0.9416341 -0.2431404 0.2328262 -0.9395044 -0.2492861 0.2349211 -0.8436415 -0.4411405 0.306046 -0.664118 -0.6483687 0.3722437 0.8733982 -0.195596 -0.446002 0.9763138 -0.1753176 -0.1267877 0.891636 -0.3611902 -0.2729961 0.9227823 -0.3828233 -0.04380775 0.8512379 -0.5151965 -0.09983262 -0.3337452 -0.327501 -0.8839441 0.1858234 -0.4008058 -0.89712 -0.0387089 -0.2714845 -0.9616641 0.4041727 -0.3407558 -0.8488403 0.229028 -0.228046 -0.9463304 0.5869011 -0.3075651 -0.7489665 0.4705993 -0.2071707 -0.8576809 0.7134274 -0.2040241 -0.6703697 0.7236466 -0.6880174 0.0544764 0.5573135 -0.8025247 -0.2129691 -0.655341 -0.6326077 0.4127174 -0.4410244 -0.7720228 0.457688 -0.6282136 -0.4294166 0.6488059 -0.04814808 -0.7469831 0.6630973 0.9405063 -0.2162506 0.2620755 0.6387276 0.7630497 0.09890565 0.7392567 0.1581056 0.6546007 0.4463745 -0.1311651 0.8851811 0.707821 -0.1995483 0.6776208 0.3177704 -0.1875286 0.929438 0.03933063 -0.232524 0.9717951 -0.4554614 -0.1403021 0.8791304 -0.5895455 -0.1917832 0.784637 -0.6999354 -0.1475049 0.6988081 0.05652477 -0.7695942 0.6360265 0.5693759 -0.6776396 0.46542 0.7471254 -0.6100064 0.2639998 0.5804084 -0.4310257 0.6909001 0.5645652 -0.5219467 0.6394043 0.4013878 -0.4469224 0.7994674 0.4584202 -0.5802222 0.6731962 0.2324376 -0.5183099 0.8229992 0.3367342 -0.6671875 0.6644328 0.6752674 -0.5963079 0.4340861 0.6950243 -0.3851731 0.6071103 0.7751973 -0.5303296 0.3432487 0.7348327 -0.5458264 0.4026095 0.8541611 -0.4921686 0.1678657 0.812531 -0.512341 0.2780288 0.8145825 -0.3653191 0.4505522 0.9095674 -0.3539966 0.2176547 -0.3478625 -0.2099739 0.9137301 -0.6143668 -0.2361105 0.7528647 -0.837584 -0.1990363 0.5087609 -0.6671492 -0.4171818 0.6171477 -0.550323 -0.5117751 0.6597203 -0.4143301 -0.6062068 0.6788549 -0.2504326 -0.6833299 0.6858162 -0.3875967 -0.4085891 0.8263315 -0.2512362 -0.4876083 0.8361331 -0.1062776 -0.5559632 0.8243846 -0.009645797 -0.4185004 0.9081654 -0.2128495 -0.3019284 0.9292655 0.2207902 -0.3497888 0.9104392 0.03468199 -0.2394017 0.970301 0.4310695 -0.3123495 0.8465323 0.2918355 -0.2093402 0.9332785 0.5612817 -0.2211066 0.7975429 0.08346089 -0.6200727 0.7800923 -0.5091831 -0.3241069 0.7973 -0.7695642 -0.3030648 0.56207 0.7499698 -0.2233492 0.6226238 0.7162321 -0.5680706 0.4053485 0.8742892 -0.470616 -0.1189075 0.9293099 -0.3621656 0.07224436 0.8832131 -0.3818247 -0.272295 0.9354927 -0.349537 0.05174268 0.9426197 -0.2373645 0.2347896 0.9619 -0.2601449 -0.08410119 -0.8065435 -0.1332775 -0.5759555 -0.6557677 -0.2989182 -0.6932652 -0.4829494 -0.2323025 -0.8442721 0.4935113 -0.6126821 -0.6173064 0.5108049 -0.6077738 -0.6080209 0.4881077 -0.5376185 -0.6875443 0.2088126 -0.600774 -0.7716656 0.2251428 -0.6057543 -0.7631333 0.1272563 -0.5778396 -0.8061682 0.3605412 -0.4294485 -0.828 0.1371984 -0.6082184 -0.7818228 0.5031591 -0.462843 -0.7297995 0.3170875 -0.612283 -0.7242686 0.05944554 -0.6094615 -0.7905839 0.1357884 -0.4347666 -0.8902469 -0.1227886 -0.6076951 -0.7846207 -0.03464169 -0.6250243 -0.7798363 -0.08437455 -0.4407697 -0.8936459 -0.3030485 -0.4259567 -0.8524802 -0.5089956 -0.4302001 -0.7455544 -0.3118813 -0.5526462 -0.7728598 -0.1237084 -0.6315893 -0.7653699 0.5466974 -0.1964398 -0.8139615 0.2770971 -0.2244582 -0.9342568 -0.2306649 -0.197691 -0.9527392 -0.5502465 0.605169 -0.5753253 -0.4805573 -0.2492269 -0.8408036 -0.1517785 -0.2113002 -0.9655649 0.9875588 -0.1197461 0.1019235 0.9049041 -0.1180549 0.4089151 0.72089 -0.2816898 -0.6332208 0.9514182 -0.1235564 -0.2820234 0.7857153 -0.5435596 -0.2952869 0.8063603 -0.3468761 -0.4790199 0.9109278 -0.2347257 -0.339285 0.7836719 -0.2204226 -0.5807514 0.648121 -0.5969889 -0.4728038 0.9818221 -0.1662987 0.09148831 0.6615923 -0.450311 -0.5995962 0.6730337 -0.3345379 -0.6596287 0.5332841 -0.2428898 -0.8103163 0.2416235 -0.2342581 -0.9416694 0.7746309 -0.6270583 -0.08212682 -0.9284277 -0.3561491 -0.1057349 -0.9069954 -0.3266989 -0.2657577 -0.9469048 -0.1402307 -0.2893211 0.4305501 -0.6249365 0.651215 0.3940351 -0.5009959 0.7705449 0.6226467 -0.4107555 0.6660263 0.845208 -0.3737805 0.3819836 -0.5408082 -0.5981186 0.5914225 -0.498624 -0.4526676 0.7392335 -0.1739514 -0.5433288 0.8213006 -0.1183231 -0.4201294 0.8997172 -0.4863881 -0.248407 0.8376876 -0.7400515 -0.4166068 0.5279796 0.09275538 -0.6142304 -0.7836565 -0.02613115 -0.6284455 -0.7774146 -0.1225496 -0.600933 -0.7898488 -0.2922609 -0.7518981 -0.5909593 0.6771023 -0.6839173 0.2716425 0.6927669 -0.6689633 -0.2693735 0.5690155 -0.7007331 -0.4303423 0.4158759 -0.9084219 -0.04262576 0.3640862 -0.8886956 -0.2786781 0.1211807 -0.9812987 -0.1495599 -0.2581992 -0.6024059 -0.7552749 -0.545675 -0.5540165 -0.6287325 -0.2753453 -0.5934678 -0.7562943 -0.5957228 -0.4692865 -0.6518317 -0.7226607 -0.484757 -0.4927192 -0.3050979 -0.5961016 -0.7426831 -0.7560835 -0.5714385 0.3190544 -0.533035 -0.8410632 0.09212164 -0.5130015 -0.8535691 -0.09082608 -0.1957191 -0.9613346 0.1937259 -0.1872557 -0.9822872 -0.006872645 -0.4403523 -0.8355265 -0.328611 -0.1555515 -0.9556856 -0.2499376 -0.07797531 -0.8397312 -0.5373745 0.6426547 -0.7659217 0.01894501 0.4367811 -0.8903047 0.1287622 -0.5694139 -0.6784061 -0.4642553 -0.3721341 -0.6560655 -0.6565777 -0.1453278 -0.5708045 -0.8081226 0.2301969 -0.7940719 -0.5625471 0.3668109 -0.6746087 -0.6405879 0.1487371 -0.5743621 -0.8049755 0.1351876 -0.9715454 0.1944835 -0.08292768 -0.2115073 0.973852 0.3032864 -0.2460684 0.9205801 -0.763321 -0.582436 0.2794807 -0.8572291 -0.3275557 0.397323 -0.7290875 -0.4001787 0.5552372 -0.7743573 -0.1764147 0.6076583 -0.2084931 -0.8986212 0.386019 -0.555533 -0.7856962 0.2721481 -0.2100076 -0.7960427 0.567638 -0.5574046 -0.7003781 0.445837 -0.2117377 -0.686016 0.6960957 0.1546166 -0.7323487 0.6631433 0.1501925 -0.8130044 0.5625532 0.3247976 -0.3952265 0.8592454 0.5767162 -0.2032673 0.7912527 0.893332 -0.3496489 0.2823183 0.8676193 -0.274859 0.414354 0.7970545 -0.3638724 0.4819762 0.6699359 -0.5413022 0.5081121 0.827307 -0.5238854 0.2027492 0.6736185 -0.7134956 0.1927748 0.6833475 -0.6343228 0.3614841 0.4665598 -0.8176743 0.3372398 0.4541806 -0.7430113 0.4915834 -0.9575924 -0.2542983 -0.1354589 -0.8906349 -0.2305779 -0.3919226 -0.9495417 -0.2847408 0.1315038 -0.900059 -0.4221261 -0.1081823 -0.8660087 -0.4846274 0.1231472 -0.7930982 -0.5934862 -0.1370014 -0.7001165 -0.6523518 -0.2902999 -0.5948565 -0.5884611 -0.5475941 -0.7762893 -0.5271676 -0.3456432 -0.8679906 -0.3796676 -0.3200699 -0.7790328 -0.3469659 -0.5222285 -7.869199e-17 0.7353344 0.6777044 -0.1983909 0.7080662 0.6777045 0 0 1 0.1983909 0.7080662 0.6777045 0.6528926 0.3383016 0.6777044 0.5374088 0.5019048 0.6777045 0.382068 0.628284 0.6777044 0.6928768 -0.2462486 0.6777045 0.7336202 -0.05018099 0.6777044 0.7199542 0.1496082 0.6777045 0.2929581 -0.674457 0.6777044 0.4640607 -0.5704072 0.6777045 0.6007461 -0.4240529 0.6777044 -0.2929581 -0.674457 0.6777044 -0.100128 -0.7284855 0.6777045 0.100128 -0.7284855 0.6777045 -0.6928768 -0.2462486 0.6777045 -0.6007461 -0.4240529 0.6777044 -0.4640607 -0.5704072 0.6777045 -0.6528926 0.3383016 0.6777044 -0.7199542 0.1496082 0.6777045 -0.7336202 -0.05018099 0.6777044 -0.382068 0.628284 0.6777044 -0.5374088 0.5019048 0.6777045 -1.890078e-16 0.6809564 -0.7323239 -0.1752564 0.6809563 -0.7110441 -2.942604e-32 1 -6.708018e-17 0.1752564 0.6809563 -0.7110441 0.6026909 0.6809563 -0.4160075 0.4856205 0.6809564 -0.5481525 0.3403278 0.6809564 -0.6484407 0.7269845 0.6809563 0.08827189 0.7269845 0.6809563 -0.08827189 0.6847349 0.6809564 -0.2596855 0.4856205 0.6809564 0.5481524 0.6026908 0.6809563 0.4160076 0.6847349 0.6809563 0.2596856 7.821014e-17 0.6809563 0.7323241 0.1752567 0.6809564 0.711044 0.340328 0.6809563 0.6484407 -0.4856205 0.6809564 0.5481524 -0.340328 0.6809563 0.6484407 -0.1752567 0.6809564 0.711044 -0.7269845 0.6809563 0.08827189 -0.6847349 0.6809563 0.2596856 -0.6026908 0.6809563 0.4160076 -0.6026909 0.6809563 -0.4160075 -0.6847349 0.6809564 -0.2596855 -0.7269845 0.6809563 -0.08827189 -0.3403278 0.6809564 -0.6484407 -0.4856205 0.6809564 -0.5481525</float_array>
          <technique_common>
            <accessor count="3389" source="#normals-array-array" stride="3">
              <param type="float" name="X" />
              <param type="float" name="Y" />
              <param type="float" name="Z" />
            </accessor>
          </technique_common>
        </source>
        <vertices id="verts-array-vertices">
          <input semantic="POSITION" source="#verts-array" />
        </vertices>
        <triangles count="6774" material="material0">
          <input offset="0" semantic="VERTEX" source="#verts-array-vertices" />
          <input offset="1" semantic="NORMAL" source="#normals-array" />
          <p>0 0 1 1 2 2 3 3 4 4 5 5 6 6 3 3 7 7 7 7 3 3 5 5 7 7 5 5 8 8 9 9 10 10 11 11 11 11 10 10 12 12 13 13 14 14 15 15 15 15 14 14 16 16 17 17 14 14 18 18 18 18 14 14 13 13 18 18 13 13 10 10 10 10 13 13 19 19 10 10 19 19 12 12 20 20 21 21 22 22 22 22 21 21 23 23 22 22 23 23 24 24 24 24 23 23 25 25 26 26 27 27 25 25 25 25 27 27 28 28 25 25 28 28 24 24 26 26 25 25 29 29 29 29 25 25 23 23 29 29 23 23 30 30 1 1 31 31 2 2 2 2 31 31 32 32 2 2 32 32 33 33 34 34 33 33 35 35 35 35 33 33 32 32 35 35 32 32 36 36 32 32 37 37 36 36 36 36 37 37 38 38 36 36 38 38 5 5 5 5 38 38 39 39 5 5 39 39 8 8 40 40 41 41 42 42 42 42 41 41 43 43 42 42 44 44 45 45 46 46 40 40 47 47 47 47 40 40 42 42 47 47 42 42 48 48 48 48 42 42 45 45 11 11 49 49 9 9 9 9 49 49 50 50 9 9 50 50 51 51 51 51 50 50 52 52 51 51 52 52 44 44 44 44 52 52 53 53 44 44 53 53 45 45 54 54 55 55 21 21 21 21 55 55 56 56 21 21 56 56 23 23 23 23 56 56 57 57 23 23 57 57 30 30 58 58 59 59 20 20 20 20 59 59 60 60 20 20 60 60 21 21 21 21 60 60 61 61 21 21 61 61 54 54 26 26 62 62 27 27 27 27 62 62 63 63 27 27 63 63 64 64 4 4 58 58 5 5 5 5 58 58 20 20 5 5 20 20 36 36 36 36 20 20 22 22 36 36 22 22 35 35 35 35 22 22 24 24 35 35 24 24 34 34 34 34 24 24 28 28 43 43 0 0 42 42 42 42 0 0 2 2 42 42 2 2 44 44 44 44 2 2 33 33 44 44 33 33 51 51 51 51 33 33 34 34 51 51 34 34 9 9 9 9 34 34 28 28 9 9 28 28 10 10 10 10 28 28 27 27 10 10 27 27 18 18 18 18 27 27 64 64 18 18 64 64 17 17 65 65 66 66 67 67 68 68 69 69 70 70 70 70 71 71 68 68 68 68 71 71 72 72 68 68 72 72 73 73 74 74 68 68 75 75 75 75 68 68 73 73 75 75 73 73 76 76 77 77 78 78 79 79 79 79 78 78 80 80 79 79 80 80 74 74 74 74 80 80 68 68 68 68 80 80 81 81 68 68 81 81 69 69 82 82 83 83 84 84 84 84 83 83 77 77 84 84 77 77 85 85 85 85 77 77 79 79 85 85 79 79 86 86 86 86 79 79 74 74 86 86 74 74 87 87 87 87 74 74 75 75 87 87 75 75 88 88 88 88 75 75 76 76 88 88 76 76 89 89 90 90 91 91 92 92 93 93 94 94 95 95 95 95 94 94 96 96 95 95 96 96 97 97 98 98 99 99 100 100 100 100 99 99 101 101 100 100 101 101 102 102 103 103 104 104 105 105 67 67 66 66 105 105 105 105 66 66 106 106 105 105 106 106 103 103 107 107 65 65 108 108 108 108 65 65 67 67 108 108 67 67 109 109 110 110 107 107 111 111 111 111 107 107 108 108 111 111 108 108 112 112 112 112 108 108 109 109 112 112 109 109 113 113 113 113 109 109 114 114 113 113 114 114 115 115 115 115 114 114 116 116 117 117 118 118 119 119 119 119 118 118 120 120 119 119 120 120 121 121 121 121 120 120 90 90 121 121 90 90 93 93 93 93 90 90 92 92 93 93 92 92 94 94 103 103 91 91 104 104 104 104 91 91 90 90 104 104 90 90 105 105 105 105 90 90 120 120 105 105 120 120 67 67 67 67 120 120 118 118 67 67 118 118 109 109 109 109 118 118 117 117 109 109 117 117 114 114 122 122 123 123 83 83 83 83 123 123 124 124 83 83 124 124 77 77 77 77 124 124 125 125 77 77 125 125 78 78 78 78 125 125 126 126 78 78 126 126 80 80 80 80 126 126 127 127 80 80 127 127 81 81 128 128 122 122 129 129 129 129 122 122 83 83 129 129 83 83 130 130 130 130 83 83 82 82 130 130 82 82 131 131 131 131 82 82 101 101 131 131 101 101 132 132 132 132 101 101 99 99 89 89 116 116 88 88 88 88 116 116 114 114 88 88 114 114 87 87 87 87 114 114 117 117 87 87 117 117 86 86 86 86 117 117 119 119 86 86 119 119 85 85 85 85 119 119 121 121 85 85 121 121 84 84 84 84 121 121 93 93 84 84 93 93 82 82 82 82 93 93 95 95 82 82 95 95 101 101 101 101 95 95 97 97 101 101 97 97 102 102 132 132 99 99 133 133 134 134 135 135 136 136 128 128 129 129 137 137 137 137 129 129 138 138 139 139 140 140 141 141 141 141 140 140 142 142 139 139 143 143 140 140 140 140 143 143 138 138 140 140 138 138 142 142 136 136 144 144 145 145 145 145 146 146 136 136 136 136 146 146 147 147 136 136 147 147 134 134 148 148 149 149 150 150 150 150 149 149 151 151 150 150 151 151 152 152 153 153 154 154 155 155 144 144 156 156 157 157 157 157 156 156 158 158 157 157 158 158 159 159 159 159 158 158 150 150 160 160 161 161 162 162 162 162 161 161 163 163 162 162 163 163 164 164 155 155 154 154 165 165 165 165 154 154 166 166 165 165 166 166 167 167 99 99 98 98 133 133 133 133 98 98 168 168 133 133 168 168 169 169 169 169 168 168 170 170 169 169 170 170 171 171 171 171 170 170 172 172 171 171 172 172 173 173 129 129 130 130 138 138 138 138 130 130 131 131 138 138 131 131 132 132 174 174 175 175 142 142 142 142 175 175 176 176 142 142 176 176 141 141 132 132 133 133 138 138 138 138 133 133 169 169 138 138 169 169 142 142 142 142 169 169 171 171 142 142 171 171 174 174 174 174 171 171 173 173 174 174 173 173 175 175 175 175 173 173 177 177 175 175 177 177 178 178 178 178 177 177 153 153 178 178 153 153 135 135 135 135 153 153 155 155 135 135 155 155 136 136 136 136 155 155 165 165 136 136 165 165 144 144 144 144 165 165 167 167 144 144 167 167 156 156 158 158 160 160 150 150 150 150 160 160 162 162 150 150 162 162 148 148 148 148 162 162 164 164 148 148 164 164 179 179 180 180 181 181 182 182 183 183 184 184 185 185 184 184 183 183 186 186 187 187 188 188 189 189 190 190 191 191 188 188 192 192 193 193 194 194 195 195 196 196 197 197 198 198 199 199 200 200 201 201 202 202 203 203 204 204 205 205 206 206 207 207 208 208 209 209 210 210 211 211 212 212 213 213 214 214 215 215 216 216 217 217 218 218 219 219 220 220 221 221 222 222 223 223 224 224 225 225 226 226 227 227 228 228 229 229 230 230 231 231 232 232 233 233 234 234 235 235 236 236 237 237 238 238 239 239 240 240 241 241 242 242 243 243 244 244 245 245 246 246 247 247 248 248 249 249 250 250 251 251 252 252 253 253 254 254 255 255 256 256 257 257 17 17 64 64 258 258 259 259 260 260 261 261 262 262 263 263 264 264 265 265 266 266 267 267 268 268 269 269 270 270 271 271 272 272 273 273 274 274 275 275 216 216 276 276 277 277 278 278 278 278 277 277 279 279 280 280 281 281 282 282 283 283 284 284 285 285 286 286 287 287 284 284 287 287 288 288 284 284 284 284 288 288 289 289 284 284 289 289 285 285 290 290 291 291 292 292 292 292 291 291 293 293 294 294 295 295 296 296 296 296 295 295 297 297 296 296 297 297 298 298 298 298 297 297 299 299 298 298 299 299 300 300 301 301 302 302 303 303 303 303 302 302 304 304 303 303 304 304 305 305 306 306 307 307 301 301 308 308 309 309 310 310 310 310 309 309 311 311 312 312 313 313 314 314 314 314 313 313 315 315 314 314 315 315 310 310 310 310 315 315 316 316 310 310 316 316 308 308 312 312 314 314 317 317 317 317 314 314 318 318 317 317 318 318 319 319 320 320 321 321 322 322 322 322 321 321 323 323 322 322 323 323 318 318 318 318 323 323 324 324 318 318 324 324 319 319 325 325 326 326 327 327 326 326 325 325 328 328 328 328 325 325 329 329 328 328 329 329 330 330 331 331 332 332 333 333 330 330 329 329 333 333 333 333 329 329 334 334 333 333 334 334 331 331 335 335 336 336 331 331 331 331 336 336 337 337 331 331 337 337 332 332 338 338 339 339 340 340 340 340 339 339 341 341 340 340 341 341 342 342 341 341 343 343 344 344 344 344 345 345 341 341 341 341 345 345 346 346 341 341 346 346 342 342 347 347 348 348 349 349 349 349 348 348 350 350 349 349 350 350 351 351 351 351 350 350 352 352 351 351 352 352 353 353 347 347 349 349 354 354 354 354 349 349 355 355 354 354 355 355 356 356 356 356 355 355 357 357 356 356 357 357 358 358 359 359 360 360 361 361 361 361 360 360 362 362 361 361 362 362 357 357 357 357 362 362 363 363 357 357 363 363 358 358 359 359 361 361 364 364 364 364 361 361 365 365 364 364 365 365 366 366 366 366 365 365 367 367 367 367 365 365 368 368 367 367 368 368 369 369 369 369 368 368 370 370 369 369 370 370 371 371 371 371 370 370 372 372 372 372 370 370 373 373 372 372 373 373 374 374 375 375 376 376 373 373 373 373 376 376 377 377 373 373 377 377 374 374 378 378 379 379 380 380 380 380 379 379 381 381 380 380 381 381 375 375 375 375 381 381 382 382 375 375 382 382 376 376 378 378 380 380 383 383 383 383 380 380 384 384 383 383 384 384 385 385 385 385 384 384 386 386 386 386 384 384 387 387 386 386 387 387 388 388 389 389 390 390 391 391 391 391 392 392 389 389 389 389 392 392 393 393 389 389 393 393 394 394 390 390 389 389 395 395 395 395 389 389 396 396 395 395 396 396 397 397 398 398 399 399 270 270 270 270 399 399 400 400 270 270 400 400 268 268 265 265 267 267 401 401 402 402 403 403 404 404 404 404 403 403 405 405 404 404 405 405 401 401 402 402 404 404 406 406 406 406 404 404 407 407 406 406 407 407 408 408 408 408 407 407 409 409 408 408 409 409 410 410 264 264 263 263 409 409 409 409 263 263 411 411 409 409 411 411 410 410 412 412 413 413 414 414 414 414 413 413 415 415 414 414 416 416 412 412 412 412 416 416 417 417 412 412 417 417 264 264 264 264 417 417 418 418 264 264 418 418 262 262 419 419 420 420 413 413 413 413 420 420 421 421 413 413 421 421 415 415 422 422 423 423 424 424 424 424 423 423 425 425 424 424 425 425 419 419 419 419 425 425 426 426 419 419 426 426 420 420 422 422 424 424 427 427 427 427 424 424 428 428 427 427 428 428 429 429 430 430 431 431 432 432 432 432 431 431 433 433 432 432 433 433 428 428 428 428 433 433 434 434 428 428 434 434 429 429 260 260 435 435 261 261 261 261 435 435 436 436 261 261 436 436 437 437 437 437 436 436 438 438 437 437 438 438 439 439 440 440 441 441 442 442 61 61 443 443 444 444 444 444 443 443 445 445 444 444 445 445 440 440 440 440 445 445 446 446 440 440 446 446 441 441 26 26 29 29 447 447 447 447 29 29 30 30 447 447 30 30 57 57 54 54 448 448 55 55 55 55 448 448 447 447 55 55 447 447 56 56 56 56 447 447 57 57 64 64 63 63 258 258 258 258 63 63 62 62 258 258 62 62 449 449 450 450 451 451 16 16 450 450 16 16 258 258 258 258 16 16 14 14 258 258 14 14 17 17 256 256 452 452 257 257 257 257 452 452 453 453 257 257 453 453 450 450 450 450 453 453 454 454 450 450 454 454 451 451 255 255 257 257 455 455 455 455 257 257 456 456 455 455 456 456 457 457 253 253 458 458 254 254 254 254 458 458 459 459 254 254 459 459 456 456 456 456 459 459 460 460 456 456 460 460 457 457 461 461 462 462 463 463 463 463 462 462 464 464 463 463 464 464 254 254 254 254 464 464 465 465 254 254 465 465 252 252 250 250 466 466 251 251 251 251 466 466 467 467 251 251 467 467 463 463 463 463 467 467 468 468 463 463 468 468 461 461 469 469 470 470 471 471 471 471 470 470 472 472 471 471 472 472 251 251 251 251 472 472 473 473 251 251 473 473 249 249 216 216 275 275 474 474 474 474 275 275 475 475 474 474 475 475 476 476 476 476 477 477 474 474 474 474 477 477 478 478 474 474 478 478 479 479 480 480 481 481 482 482 482 482 481 481 483 483 484 484 480 480 485 485 485 485 480 480 482 482 485 485 482 482 232 232 232 232 482 482 483 483 232 232 483 483 233 233 233 233 483 483 486 486 484 484 485 485 487 487 487 487 485 485 488 488 487 487 488 488 489 489 490 490 491 491 492 492 492 492 491 491 493 493 492 492 493 493 494 494 494 494 493 493 495 495 490 490 496 496 491 491 491 491 496 496 497 497 491 491 497 497 498 498 498 498 497 497 499 499 498 498 499 499 500 500 501 501 502 502 503 503 503 503 502 502 504 504 503 503 504 504 495 495 495 495 504 504 505 505 495 495 505 505 494 494 506 506 507 507 503 503 503 503 507 507 508 508 503 503 508 508 501 501 509 509 510 510 511 511 511 511 510 510 512 512 511 511 512 512 513 513 513 513 512 512 514 514 513 513 514 514 506 506 506 506 514 514 515 515 506 506 515 515 507 507 509 509 511 511 516 516 516 516 511 511 517 517 516 516 517 517 518 518 518 518 517 517 519 519 518 518 519 519 520 520 521 521 522 522 523 523 523 523 522 522 524 524 523 523 524 524 519 519 519 519 524 524 525 525 519 519 525 525 520 520 521 521 523 523 526 526 526 526 523 523 527 527 526 526 527 527 528 528 247 247 529 529 248 248 248 248 529 529 530 530 248 248 530 530 527 527 527 527 530 530 531 531 527 527 531 531 528 528 246 246 248 248 532 532 532 532 248 248 533 533 532 532 533 533 534 534 535 535 536 536 533 533 533 533 536 536 537 537 533 533 537 537 534 534 538 538 539 539 535 535 535 535 539 539 540 540 535 535 540 540 536 536 541 541 542 542 543 543 542 542 541 541 544 544 544 544 541 541 220 220 544 544 220 220 545 545 545 545 220 220 219 219 545 545 219 219 546 546 547 547 548 548 549 549 549 549 548 548 550 550 549 549 550 550 551 551 552 552 553 553 554 554 554 554 553 553 555 555 554 554 555 555 556 556 557 557 558 558 559 559 559 559 558 558 560 560 559 559 560 560 561 561 561 561 560 560 556 556 562 562 563 563 564 564 563 563 562 562 565 565 565 565 562 562 566 566 565 565 566 566 567 567 567 567 566 566 568 568 567 567 568 568 569 569 570 570 571 571 572 572 573 573 574 574 570 570 570 570 574 574 575 575 570 570 575 575 571 571 576 576 577 577 578 578 578 578 577 577 579 579 578 578 579 579 580 580 580 580 579 579 581 581 580 580 581 581 582 582 583 583 584 584 585 585 585 585 584 584 586 586 585 585 586 586 578 578 578 578 586 586 587 587 578 578 587 587 576 576 583 583 585 585 588 588 588 588 585 585 589 589 588 588 589 589 590 590 591 591 592 592 593 593 593 593 592 592 594 594 593 593 594 594 589 589 589 589 594 594 595 595 589 589 595 595 590 590 596 596 597 597 598 598 598 598 597 597 599 599 598 598 599 599 593 593 593 593 599 599 600 600 593 593 600 600 591 591 601 601 602 602 603 603 603 603 602 602 604 604 605 605 606 606 607 607 607 607 606 606 608 608 609 609 610 610 611 611 611 611 610 610 612 612 613 613 614 614 609 609 609 609 614 614 615 615 609 609 615 615 610 610 616 616 617 617 613 613 618 618 619 619 620 620 620 620 619 619 621 621 622 622 623 623 624 624 624 624 623 623 625 625 624 624 625 625 626 626 622 622 624 624 627 627 627 627 624 624 628 628 627 627 628 628 629 629 629 629 628 628 630 630 629 629 630 630 631 631 631 631 630 630 632 632 632 632 630 630 633 633 632 632 633 633 634 634 635 635 636 636 633 633 633 633 636 636 637 637 633 633 637 637 634 634 486 486 638 638 233 233 233 233 638 638 639 639 233 233 639 639 640 640 640 640 639 639 641 641 640 640 641 641 642 642 642 642 641 641 643 643 642 642 643 643 635 635 635 635 643 643 644 644 635 635 644 644 636 636 645 645 646 646 647 647 648 648 649 649 650 650 650 650 649 649 651 651 650 650 651 651 646 646 646 646 651 651 652 652 646 646 652 652 647 647 648 648 650 650 653 653 653 653 650 650 654 654 653 653 654 654 655 655 656 656 657 657 658 658 658 658 657 657 659 659 658 658 659 659 654 654 654 654 659 659 660 660 654 654 660 660 655 655 661 661 662 662 663 663 663 663 662 662 664 664 663 663 664 664 656 656 656 656 664 664 665 665 656 656 665 665 657 657 666 666 667 667 243 243 667 667 666 666 668 668 668 668 666 666 669 669 668 668 669 669 670 670 670 670 669 669 671 671 671 671 669 669 672 672 671 671 672 672 673 673 674 674 675 675 676 676 676 676 675 675 677 677 676 676 677 677 678 678 679 679 680 680 674 674 674 674 680 680 681 681 674 674 681 681 675 675 682 682 683 683 684 684 684 684 683 683 685 685 684 684 685 685 686 686 687 687 688 688 689 689 689 689 688 688 690 690 689 689 690 690 691 691 691 691 690 690 692 692 691 691 692 692 693 693 694 694 695 695 687 687 687 687 695 695 696 696 687 687 696 696 688 688 697 697 698 698 699 699 699 699 698 698 700 700 699 699 700 700 694 694 694 694 700 700 701 701 694 694 701 701 695 695 697 697 699 699 702 702 702 702 699 699 703 703 702 702 703 703 704 704 705 705 706 706 707 707 707 707 706 706 708 708 707 707 708 708 703 703 703 703 708 708 709 709 703 703 709 709 704 704 710 710 711 711 705 705 705 705 711 711 712 712 705 705 712 712 706 706 713 713 714 714 715 715 715 715 714 714 716 716 715 715 716 716 710 710 710 710 716 716 717 717 710 710 717 717 711 711 718 718 719 719 720 720 720 720 719 719 721 721 720 720 721 721 715 715 715 715 721 721 722 722 715 715 722 722 713 713 723 723 724 724 725 725 725 725 724 724 726 726 727 727 728 728 723 723 729 729 730 730 731 731 731 731 730 730 732 732 731 731 732 732 733 733 733 733 732 732 734 734 733 733 734 734 735 735 735 735 734 734 736 736 735 735 736 736 727 727 727 727 736 736 737 737 727 727 737 737 728 728 738 738 739 739 740 740 740 740 739 739 240 240 741 741 742 742 743 743 744 744 745 745 746 746 745 745 744 744 747 747 748 748 749 749 750 750 750 750 749 749 751 751 750 750 751 751 752 752 753 753 754 754 755 755 755 755 754 754 756 756 755 755 756 756 748 748 748 748 756 756 757 757 748 748 757 757 749 749 758 758 759 759 760 760 760 760 759 759 761 761 760 760 761 761 762 762 763 763 764 764 765 765 765 765 764 764 766 766 765 765 766 766 758 758 758 758 766 766 767 767 758 758 767 767 759 759 763 763 765 765 768 768 768 768 765 765 769 769 768 768 769 769 770 770 647 647 771 771 645 645 645 645 771 771 772 772 645 645 772 772 769 769 769 769 772 772 773 773 769 769 773 773 770 770 774 774 775 775 776 776 777 777 238 238 778 778 778 778 238 238 237 237 778 778 237 237 779 779 780 780 781 781 782 782 783 783 780 780 784 784 784 784 780 780 782 782 784 784 782 782 785 785 785 785 782 782 786 786 785 785 786 786 787 787 787 787 786 786 788 788 787 787 788 788 789 789 789 789 788 788 790 790 789 789 790 790 791 791 791 791 792 792 789 789 789 789 792 792 793 793 789 789 793 793 787 787 787 787 793 793 794 794 787 787 794 794 785 785 785 785 794 794 795 795 785 785 795 795 784 784 784 784 795 795 796 796 784 784 796 796 783 783 783 783 796 796 797 797 798 798 799 799 800 800 801 801 799 799 802 802 802 802 799 799 798 798 802 802 798 798 803 803 804 804 805 805 801 801 806 806 807 807 808 808 809 809 810 810 231 231 231 231 810 810 811 811 231 231 811 811 232 232 232 232 811 811 812 812 232 232 812 812 485 485 485 485 812 812 813 813 485 485 813 813 488 488 809 809 814 814 810 810 810 810 814 814 815 815 810 810 815 815 811 811 811 811 815 815 816 816 811 811 816 816 812 812 812 812 816 816 817 817 812 812 817 817 813 813 818 818 819 819 820 820 821 821 822 822 819 819 819 819 822 822 823 823 819 819 823 823 820 820 820 820 823 823 824 824 820 820 824 824 825 825 825 825 824 824 826 826 825 825 826 826 827 827 828 828 821 821 829 829 829 829 821 821 819 819 829 829 819 819 830 830 830 830 819 819 818 818 831 831 832 832 833 833 833 833 832 832 834 834 833 833 834 834 835 835 835 835 834 834 836 836 837 837 838 838 839 839 839 839 838 838 840 840 839 839 840 840 841 841 841 841 840 840 842 842 841 841 842 842 843 843 843 843 842 842 844 844 843 843 844 844 845 845 845 845 844 844 846 846 845 845 846 846 847 847 847 847 846 846 848 848 849 849 848 848 850 850 850 850 848 848 846 846 850 850 846 846 851 851 851 851 846 846 844 844 851 851 844 844 852 852 852 852 844 844 842 842 852 852 842 842 853 853 853 853 842 842 840 840 853 853 840 840 854 854 854 854 840 840 838 838 854 854 838 838 804 804 804 804 838 838 837 837 804 804 837 837 805 805 804 804 855 855 854 854 854 854 855 855 856 856 854 854 856 856 853 853 853 853 856 856 857 857 853 853 857 857 852 852 852 852 857 857 858 858 852 852 858 858 851 851 851 851 858 858 806 806 851 851 806 806 850 850 850 850 806 806 808 808 850 850 808 808 849 849 859 859 235 235 860 860 860 860 235 235 234 234 860 860 234 234 861 861 862 862 863 863 864 864 864 864 863 863 865 865 864 864 865 865 866 866 866 866 865 865 867 867 866 866 867 867 868 868 869 869 862 862 870 870 870 870 862 862 864 864 870 870 864 864 871 871 871 871 864 864 866 866 871 871 866 866 872 872 872 872 866 866 868 868 872 872 868 868 873 873 874 874 869 869 875 875 875 875 869 869 870 870 875 875 870 870 876 876 876 876 870 870 871 871 876 876 871 871 877 877 877 877 871 871 872 872 877 877 872 872 878 878 878 878 872 872 873 873 878 878 873 873 879 879 228 228 230 230 880 880 880 880 230 230 881 881 880 880 881 881 882 882 878 878 883 883 877 877 877 877 883 883 884 884 877 877 884 884 876 876 876 876 884 884 885 885 876 876 885 885 875 875 875 875 885 885 886 886 875 875 886 886 874 874 874 874 886 886 887 887 874 874 887 887 888 888 888 888 887 887 889 889 223 223 831 831 224 224 224 224 831 831 833 833 224 224 833 833 859 859 859 859 833 833 835 835 859 859 835 835 235 235 235 235 835 835 836 836 235 235 836 836 236 236 236 236 836 836 807 807 890 890 891 891 892 892 892 892 891 891 893 893 889 889 222 222 888 888 888 888 222 222 224 224 888 888 224 224 874 874 874 874 224 224 859 859 874 874 859 859 869 869 869 869 859 859 860 860 869 869 860 860 862 862 862 862 860 860 861 861 862 862 861 861 863 863 893 893 894 894 895 895 895 895 894 894 896 896 895 895 896 896 897 897 897 897 896 896 898 898 897 897 898 898 899 899 900 900 898 898 901 901 901 901 898 898 896 896 901 901 896 896 902 902 902 902 896 896 894 894 902 902 894 894 903 903 904 904 900 900 905 905 905 905 900 900 901 901 905 905 901 901 906 906 906 906 901 901 902 902 906 906 902 902 907 907 907 907 902 902 903 903 907 907 903 903 908 908 227 227 226 226 909 909 909 909 226 226 910 910 909 909 910 910 911 911 911 911 910 910 912 912 911 911 912 912 913 913 913 913 912 912 914 914 913 913 914 914 229 229 915 915 904 904 916 916 916 916 904 904 905 905 916 916 905 905 917 917 917 917 905 905 906 906 917 917 906 906 918 918 918 918 906 906 907 907 918 918 907 907 919 919 919 919 907 907 908 908 919 919 908 908 920 920 921 921 915 915 922 922 922 922 915 915 916 916 922 922 916 916 923 923 923 923 916 916 917 917 923 923 917 917 924 924 924 924 917 917 918 918 924 924 918 918 925 925 925 925 918 918 919 919 925 925 919 919 926 926 926 926 919 919 920 920 926 926 920 920 927 927 807 807 806 806 236 236 236 236 806 806 858 858 236 236 858 858 234 234 234 234 858 858 857 857 234 234 857 857 861 861 861 861 857 857 856 856 861 861 856 856 863 863 863 863 856 856 855 855 863 863 855 855 865 865 865 865 855 855 804 804 865 865 804 804 867 867 867 867 804 804 801 801 867 867 801 801 868 868 868 868 801 801 802 802 868 868 802 802 873 873 873 873 802 802 803 803 873 873 803 803 879 879 928 928 929 929 930 930 930 930 929 929 931 931 930 930 931 931 932 932 932 932 931 931 933 933 932 932 933 933 934 934 934 934 933 933 935 935 934 934 935 935 936 936 936 936 935 935 937 937 936 936 937 937 938 938 54 54 61 61 448 448 448 448 61 61 444 444 448 448 444 444 928 928 929 929 939 939 931 931 931 931 939 939 940 940 931 931 940 940 933 933 933 933 940 940 941 941 933 933 941 941 935 935 935 935 941 941 942 942 935 935 942 942 937 937 441 441 943 943 442 442 442 442 943 943 259 259 442 442 259 259 944 944 944 944 259 259 261 261 944 944 261 261 945 945 928 928 444 444 929 929 929 929 444 444 440 440 929 929 440 440 939 939 939 939 440 440 442 442 939 939 442 442 940 940 940 940 442 442 944 944 940 940 944 944 941 941 941 941 944 944 945 945 941 941 945 945 942 942 776 776 946 946 774 774 774 774 946 946 947 947 774 774 947 947 948 948 948 948 947 947 949 949 948 948 949 949 950 950 950 950 949 949 951 951 950 950 951 951 952 952 952 952 951 951 953 953 952 952 953 953 954 954 954 954 953 953 955 955 954 954 955 955 956 956 956 956 955 955 938 938 956 956 938 938 800 800 800 800 938 938 937 937 800 800 937 937 798 798 798 798 937 937 942 942 798 798 942 942 803 803 803 803 942 942 945 945 803 803 945 945 879 879 879 879 945 945 261 261 879 879 261 261 878 878 878 878 261 261 437 437 878 878 437 437 883 883 883 883 437 437 882 882 883 883 882 882 884 884 884 884 882 882 881 881 884 884 881 881 885 885 885 885 881 881 230 230 885 885 230 230 886 886 886 886 230 230 229 229 886 886 229 229 887 887 887 887 229 229 914 914 887 887 914 914 889 889 889 889 914 914 912 912 889 889 912 912 222 222 222 222 912 912 910 910 222 222 910 910 223 223 223 223 910 910 226 226 223 223 226 226 831 831 831 831 226 226 225 225 831 831 225 225 832 832 401 401 267 267 404 404 404 404 267 267 957 957 404 404 957 957 407 407 407 407 957 957 921 921 407 407 921 921 409 409 409 409 921 921 922 922 409 409 922 922 264 264 264 264 922 922 923 923 264 264 923 923 412 412 412 412 923 923 924 924 412 412 924 924 413 413 413 413 924 924 925 925 413 413 925 925 419 419 419 419 925 925 926 926 419 419 926 926 424 424 424 424 926 926 927 927 424 424 927 927 428 428 428 428 927 927 958 958 428 428 958 958 432 432 899 899 898 898 959 959 959 959 898 898 900 900 959 959 900 900 960 960 960 960 900 900 904 904 960 960 904 904 961 961 961 961 904 904 915 915 961 961 915 915 962 962 962 962 915 915 921 921 962 962 921 921 963 963 963 963 921 921 957 957 963 963 957 957 964 964 964 964 957 957 267 267 964 964 267 267 398 398 398 398 267 267 266 266 398 398 266 266 399 399 825 825 890 890 820 820 820 820 890 890 892 892 820 820 892 892 818 818 818 818 892 892 893 893 818 818 893 893 830 830 830 830 893 893 895 895 830 830 895 895 829 829 829 829 895 895 897 897 829 829 897 897 828 828 828 828 897 897 899 899 828 828 899 899 965 965 965 965 899 899 959 959 965 965 959 959 966 966 966 966 959 959 960 960 966 966 960 960 967 967 967 967 960 960 961 961 967 967 961 961 968 968 968 968 961 961 962 962 968 968 962 962 969 969 969 969 962 962 963 963 969 969 963 963 970 970 970 970 963 963 964 964 970 970 964 964 971 971 971 971 964 964 398 398 971 971 398 398 972 972 972 972 398 398 270 270 972 972 270 270 396 396 396 396 270 270 269 269 396 396 269 269 397 397 973 973 974 974 975 975 975 975 974 974 538 538 975 975 538 538 976 976 976 976 538 538 535 535 976 976 535 535 977 977 977 977 535 535 533 533 977 977 533 533 978 978 978 978 533 533 248 248 978 978 248 248 979 979 979 979 248 248 527 527 979 979 527 527 980 980 980 980 527 527 523 523 980 980 523 523 981 981 981 981 523 523 519 519 981 981 519 519 982 982 982 982 519 519 517 517 982 982 517 517 983 983 983 983 517 517 511 511 983 983 511 511 984 984 984 984 511 511 513 513 984 984 513 513 985 985 985 985 513 513 506 506 985 985 506 506 986 986 986 986 506 506 503 503 986 986 503 503 987 987 987 987 503 503 495 495 987 987 495 495 988 988 988 988 495 495 493 493 988 988 493 493 989 989 989 989 493 493 491 491 989 989 491 491 990 990 990 990 491 491 498 498 990 990 498 498 991 991 975 975 992 992 973 973 973 973 992 992 993 993 973 973 993 993 994 994 994 994 993 993 995 995 994 994 995 995 996 996 996 996 995 995 997 997 996 996 997 997 998 998 999 999 550 550 221 221 221 221 550 550 548 548 221 221 548 548 219 219 219 219 548 548 547 547 219 219 547 547 546 546 1000 1000 555 555 999 999 999 999 555 555 553 553 999 999 553 553 550 550 550 550 553 553 552 552 550 550 552 552 551 551 217 217 213 213 1001 1001 274 274 216 216 1002 1002 1002 1002 216 216 218 218 1002 1002 218 218 1003 1003 282 282 1004 1004 280 280 280 280 1004 1004 276 276 280 280 276 276 1003 1003 1003 1003 276 276 278 278 1003 1003 278 278 1002 1002 1002 1002 278 278 279 279 1002 1002 279 279 274 274 217 217 1001 1001 218 218 218 218 1001 1001 1005 1005 218 218 1005 1005 1003 1003 1003 1003 1005 1005 283 283 1003 1003 283 283 280 280 280 280 283 283 285 285 280 280 285 285 281 281 214 214 1006 1006 1007 1007 1008 1008 1009 1009 1010 1010 1010 1010 1009 1009 1011 1011 1010 1010 1011 1011 1012 1012 1009 1009 1013 1013 1011 1011 1011 1011 1013 1013 1014 1014 1011 1011 1014 1014 1015 1015 1016 1016 1017 1017 776 776 776 776 1017 1017 1018 1018 776 776 1018 1018 946 946 775 775 1019 1019 776 776 776 776 1019 1019 1020 1020 776 776 1020 1020 1016 1016 1021 1021 1022 1022 1023 1023 1023 1023 1022 1022 1024 1024 1023 1023 1024 1024 1025 1025 1026 1026 1027 1027 1028 1028 1026 1026 1028 1028 1029 1029 778 778 1025 1025 777 777 777 777 1025 1025 1024 1024 777 777 1024 1024 1030 1030 1030 1030 1024 1024 1022 1022 1030 1030 1022 1022 1031 1031 1031 1031 1022 1022 1021 1021 1031 1031 1021 1021 1032 1032 1014 1014 1033 1033 1015 1015 1015 1015 1033 1033 1034 1034 1015 1015 1034 1034 1035 1035 214 214 1007 1007 215 215 215 215 1007 1007 1036 1036 215 215 1036 1036 1037 1037 1037 1037 1036 1036 1038 1038 1037 1037 1038 1038 1039 1039 1039 1039 1038 1038 1040 1040 1039 1039 1040 1040 1041 1041 1012 1012 1011 1011 1042 1042 1042 1042 1011 1011 1015 1015 1042 1042 1015 1015 1043 1043 1043 1043 1015 1015 1035 1035 1043 1043 1035 1035 1044 1044 1044 1044 1035 1035 1045 1045 1044 1044 1045 1045 1046 1046 1047 1047 1045 1045 1048 1048 1048 1048 1045 1045 1035 1035 1048 1048 1035 1035 1049 1049 1049 1049 1035 1035 1034 1034 1028 1028 1050 1050 1029 1029 1029 1029 1050 1050 1051 1051 1029 1029 1051 1051 1052 1052 1027 1027 1053 1053 1028 1028 1028 1028 1053 1053 1054 1054 1028 1028 1054 1054 1050 1050 1050 1050 1054 1054 1055 1055 1050 1050 1055 1055 1051 1051 213 213 215 215 1001 1001 1001 1001 215 215 1037 1037 1001 1001 1037 1037 1005 1005 1005 1005 1037 1037 1039 1039 1005 1005 1039 1039 283 283 283 283 1039 1039 1041 1041 283 283 1041 1041 284 284 556 556 555 555 561 561 561 561 555 555 1000 1000 561 561 1000 1000 559 559 559 559 1000 1000 1056 1056 559 559 1056 1056 1057 1057 998 998 997 997 1058 1058 1058 1058 997 997 1059 1059 1058 1058 1059 1059 1060 1060 557 557 559 559 564 564 564 564 559 559 1057 1057 564 564 1057 1057 562 562 562 562 1057 1057 1056 1056 562 562 1056 1056 566 566 566 566 1056 1056 1061 1061 566 566 1061 1061 568 568 582 582 574 574 580 580 580 580 574 574 573 573 580 580 573 573 1061 1061 1061 1061 573 573 570 570 1061 1061 570 570 568 568 568 568 570 570 572 572 568 568 572 572 569 569 1059 1059 1062 1062 1060 1060 1060 1060 1062 1062 1063 1063 1060 1060 1063 1063 212 212 212 212 1063 1063 1064 1064 212 212 1064 1064 210 210 1065 1065 334 334 1066 1066 1066 1066 334 334 329 329 1066 1066 329 329 322 322 322 322 329 329 325 325 322 322 325 325 320 320 320 320 325 325 327 327 1065 1065 1067 1067 334 334 334 334 1067 1067 339 339 334 334 339 339 331 331 331 331 339 339 338 338 331 331 338 338 335 335 1067 1067 1068 1068 339 339 339 339 1068 1068 1069 1069 339 339 1069 1069 341 341 341 341 1069 1069 351 351 341 341 351 351 343 343 343 343 351 351 353 353 343 343 353 353 1070 1070 1071 1071 208 208 1072 1072 1072 1072 208 208 207 207 1072 1072 207 207 1073 1073 1074 1074 598 598 1075 1075 1075 1075 598 598 593 593 1075 1075 593 593 1076 1076 1076 1076 593 593 589 589 1076 1076 589 589 1077 1077 1077 1077 589 589 585 585 1077 1077 585 585 1078 1078 1078 1078 585 585 578 578 1078 1078 578 578 211 211 211 211 578 578 580 580 211 211 580 580 212 212 212 212 580 580 1061 1061 212 212 1061 1061 1060 1060 1060 1060 1061 1061 1056 1056 1060 1060 1056 1056 1058 1058 1058 1058 1056 1056 1000 1000 1058 1058 1000 1000 998 998 998 998 1000 1000 999 999 998 998 999 999 996 996 996 996 999 999 221 221 996 996 221 221 994 994 994 994 221 221 220 220 994 994 220 220 973 973 973 973 220 220 541 541 973 973 541 541 974 974 974 974 541 541 543 543 974 974 543 543 538 538 538 538 543 543 1079 1079 538 538 1079 1079 539 539 310 310 1080 1080 314 314 314 314 1080 1080 1081 1081 314 314 1081 1081 318 318 318 318 1081 1081 1082 1082 318 318 1082 1082 322 322 322 322 1082 1082 1083 1083 322 322 1083 1083 1066 1066 1066 1066 1083 1083 1073 1073 1066 1066 1073 1073 1065 1065 1065 1065 1073 1073 207 207 1065 1065 207 207 1067 1067 1067 1067 207 207 209 209 1067 1067 209 209 1068 1068 272 272 294 294 273 273 273 273 294 294 296 296 273 273 296 296 1084 1084 1085 1085 1086 1086 1087 1087 1087 1087 1086 1086 1088 1088 1087 1087 1088 1088 1089 1089 1090 1090 1091 1091 1092 1092 1092 1092 1091 1091 1093 1093 1092 1092 1093 1093 1094 1094 1094 1094 1093 1093 1095 1095 1094 1094 1095 1095 1096 1096 1096 1096 1095 1095 1097 1097 1096 1096 1097 1097 1098 1098 1098 1098 1097 1097 1099 1099 1098 1098 1099 1099 1100 1100 1100 1100 1099 1099 1101 1101 1100 1100 1101 1101 1102 1102 1102 1102 1101 1101 1103 1103 1102 1102 1103 1103 1104 1104 1104 1104 1103 1103 1105 1105 1104 1104 1105 1105 1106 1106 1106 1106 1105 1105 1107 1107 1106 1106 1107 1107 1108 1108 1108 1108 1107 1107 1109 1109 1108 1108 1109 1109 1110 1110 1110 1110 1109 1109 1111 1111 1110 1110 1111 1111 1112 1112 1112 1112 1111 1111 1052 1052 1112 1112 1052 1052 1113 1113 1113 1113 1052 1052 1051 1051 1113 1113 1051 1051 1114 1114 1114 1114 1051 1051 1055 1055 1114 1114 1055 1055 779 779 779 779 1055 1055 1054 1054 779 779 1054 1054 778 778 778 778 1054 1054 1053 1053 778 778 1053 1053 1025 1025 1025 1025 1053 1053 1027 1027 1025 1025 1027 1027 1023 1023 1023 1023 1027 1027 1026 1026 1023 1023 1026 1026 1021 1021 792 792 1115 1115 793 793 793 793 1115 1115 1116 1116 793 793 1116 1116 794 794 794 794 1116 1116 1117 1117 794 794 1117 1117 795 795 795 795 1117 1117 1118 1118 795 795 1118 1118 796 796 796 796 1118 1118 1119 1119 796 796 1119 1119 797 797 797 797 1119 1119 1120 1120 797 797 1120 1120 1121 1121 1121 1121 1120 1120 1122 1122 1121 1121 1122 1122 1123 1123 1123 1123 1122 1122 1124 1124 1123 1123 1124 1124 1125 1125 1125 1125 1124 1124 1126 1126 1125 1125 1126 1126 1127 1127 1127 1127 1126 1126 1128 1128 1127 1127 1128 1128 1129 1129 1129 1129 1128 1128 1130 1130 1129 1129 1130 1130 1131 1131 1115 1115 1132 1132 1116 1116 1116 1116 1132 1132 1133 1133 1116 1116 1133 1133 1117 1117 1117 1117 1133 1133 1134 1134 1117 1117 1134 1134 1118 1118 1118 1118 1134 1134 1135 1135 1118 1118 1135 1135 1119 1119 1119 1119 1135 1135 1136 1136 1119 1119 1136 1136 1120 1120 1120 1120 1136 1136 1137 1137 1120 1120 1137 1137 1122 1122 1122 1122 1137 1137 1138 1138 1122 1122 1138 1138 1124 1124 1124 1124 1138 1138 1139 1139 1124 1124 1139 1139 1126 1126 1126 1126 1139 1139 1140 1140 1126 1126 1140 1140 1128 1128 1128 1128 1140 1140 1141 1141 1128 1128 1141 1141 1130 1130 791 791 1142 1142 792 792 792 792 1142 1142 1143 1143 792 792 1143 1143 1115 1115 1115 1115 1143 1143 1144 1144 1115 1115 1144 1144 1132 1132 1132 1132 1144 1144 1145 1145 1132 1132 1145 1145 1133 1133 1133 1133 1145 1145 1146 1146 1133 1133 1146 1146 1134 1134 1134 1134 1146 1146 1147 1147 1134 1134 1147 1147 1135 1135 1135 1135 1147 1147 1148 1148 1135 1135 1148 1148 1136 1136 1136 1136 1148 1148 1149 1149 1136 1136 1149 1149 1137 1137 1137 1137 1149 1149 1150 1150 1137 1137 1150 1150 1138 1138 1138 1138 1150 1150 1151 1151 1138 1138 1151 1151 1139 1139 1139 1139 1151 1151 1152 1152 1139 1139 1152 1152 1140 1140 1140 1140 1152 1152 1153 1153 1140 1140 1153 1153 1141 1141 1141 1141 1153 1153 1154 1154 1141 1141 1154 1154 1130 1130 1130 1130 1154 1154 1155 1155 1130 1130 1155 1155 1131 1131 203 203 202 202 1156 1156 1156 1156 202 202 1157 1157 1156 1156 1157 1157 1158 1158 1158 1158 1157 1157 1159 1159 1158 1158 1159 1159 1160 1160 1160 1160 1159 1159 1161 1161 1160 1160 1161 1161 1162 1162 1162 1162 1161 1161 1163 1163 1162 1162 1163 1163 1164 1164 1164 1164 1163 1163 1165 1165 1164 1164 1165 1165 1166 1166 1166 1166 1165 1165 1167 1167 1166 1166 1167 1167 1084 1084 1084 1084 1167 1167 303 303 1084 1084 303 303 273 273 273 273 303 303 305 305 273 273 305 305 271 271 1086 1086 1131 1131 1088 1088 1088 1088 1131 1131 1155 1155 1088 1088 1155 1155 1168 1168 1168 1168 1155 1155 1169 1169 1168 1168 1169 1169 1170 1170 1089 1089 1171 1171 1172 1172 1172 1172 1171 1171 1173 1173 1172 1172 1173 1173 1174 1174 1174 1174 1173 1173 1175 1175 1176 1176 1177 1177 1178 1178 1179 1179 1180 1180 1181 1181 1181 1181 1180 1180 1182 1182 1181 1181 1182 1182 1183 1183 1183 1183 1182 1182 1184 1184 1183 1183 1184 1184 1185 1185 1185 1185 1184 1184 1186 1186 1185 1185 1186 1186 1178 1178 1178 1178 1186 1186 1187 1187 1178 1178 1187 1187 1176 1176 1089 1089 1088 1088 1171 1171 1171 1171 1088 1088 1168 1168 1171 1171 1168 1168 1173 1173 1173 1173 1168 1168 1170 1170 1173 1173 1170 1170 1175 1175 1188 1188 206 206 1176 1176 1176 1176 206 206 205 205 1176 1176 205 205 1177 1177 1144 1144 1189 1189 1145 1145 1145 1145 1189 1189 1190 1190 1145 1145 1190 1190 1146 1146 1146 1146 1190 1190 1191 1191 1146 1146 1191 1191 1147 1147 1147 1147 1191 1191 1192 1192 1147 1147 1192 1192 1148 1148 1148 1148 1192 1192 1193 1193 1148 1148 1193 1193 1149 1149 1149 1149 1193 1193 1194 1194 1149 1149 1194 1194 1150 1150 1150 1150 1194 1194 1195 1195 1150 1150 1195 1195 1151 1151 1151 1151 1195 1195 1196 1196 1151 1151 1196 1196 1152 1152 1152 1152 1196 1196 1197 1197 1152 1152 1197 1197 1153 1153 1153 1153 1197 1197 1198 1198 1153 1153 1198 1198 1154 1154 1154 1154 1198 1198 1199 1199 1154 1154 1199 1199 1155 1155 1155 1155 1199 1199 1200 1200 1155 1155 1200 1200 1169 1169 1169 1169 1200 1200 1201 1201 1169 1169 1201 1201 1170 1170 1170 1170 1201 1201 1202 1202 1170 1170 1202 1202 1175 1175 1203 1203 1071 1071 1204 1204 1204 1204 1071 1071 1072 1072 1204 1204 1072 1072 1205 1205 1205 1205 1072 1072 1073 1073 1205 1205 1073 1073 1206 1206 1206 1206 1073 1073 1083 1083 1206 1206 1083 1083 1207 1207 1207 1207 1083 1083 1082 1082 1207 1207 1082 1082 1208 1208 1208 1208 1082 1082 1081 1081 1208 1208 1081 1081 1209 1209 1209 1209 1081 1081 1080 1080 1209 1209 1080 1080 1210 1210 1210 1210 1080 1080 310 310 1210 1210 310 310 306 306 306 306 310 310 311 311 306 306 311 311 307 307 301 301 303 303 306 306 306 306 303 303 1167 1167 306 306 1167 1167 1210 1210 1210 1210 1167 1167 1165 1165 1210 1210 1165 1165 1209 1209 1209 1209 1165 1165 1163 1163 1209 1209 1163 1163 1208 1208 1208 1208 1163 1163 1161 1161 1208 1208 1161 1161 1207 1207 1207 1207 1161 1161 1159 1159 1207 1207 1159 1159 1206 1206 1206 1206 1159 1159 1157 1157 1206 1206 1157 1157 1205 1205 1205 1205 1157 1157 202 202 1205 1205 202 202 1204 1204 1204 1204 202 202 201 201 1204 1204 201 201 1203 1203 1203 1203 1074 1074 1071 1071 1071 1071 1074 1074 1075 1075 1071 1071 1075 1075 208 208 208 208 1075 1075 1076 1076 208 208 1076 1076 209 209 209 209 1076 1076 1077 1077 209 209 1077 1077 1068 1068 1068 1068 1077 1077 1078 1078 1068 1068 1078 1078 1069 1069 1069 1069 1078 1078 211 211 1069 1069 211 211 351 351 351 351 211 211 210 210 351 351 210 210 349 349 349 349 210 210 1064 1064 349 349 1064 1064 355 355 355 355 1064 1064 1063 1063 355 355 1063 1063 357 357 357 357 1063 1063 1062 1062 357 357 1062 1062 361 361 361 361 1062 1062 1059 1059 361 361 1059 1059 365 365 365 365 1059 1059 997 997 365 365 997 997 368 368 368 368 997 997 995 995 368 368 995 995 370 370 370 370 995 995 993 993 370 370 993 993 373 373 373 373 993 993 992 992 373 373 992 992 375 375 375 375 992 992 975 975 375 375 975 975 380 380 380 380 975 975 976 976 380 380 976 976 384 384 384 384 976 976 977 977 384 384 977 977 387 387 387 387 977 977 978 978 387 387 978 978 1211 1211 1211 1211 978 978 979 979 1211 1211 979 979 1212 1212 1212 1212 979 979 980 980 1212 1212 980 980 1213 1213 1213 1213 980 980 981 981 1213 1213 981 981 1214 1214 1214 1214 981 981 982 982 1214 1214 982 982 1215 1215 1215 1215 982 982 983 983 1215 1215 983 983 1216 1216 1216 1216 983 983 984 984 1216 1216 984 984 1217 1217 1217 1217 984 984 985 985 1217 1217 985 985 1218 1218 1218 1218 985 985 986 986 1218 1218 986 986 1219 1219 1219 1219 986 986 987 987 1219 1219 987 987 1220 1220 1220 1220 987 987 988 988 1220 1220 988 988 1221 1221 1221 1221 988 988 989 989 1221 1221 989 989 1222 1222 1222 1222 989 989 990 990 1222 1222 990 990 1223 1223 1223 1223 990 990 991 991 1223 1223 991 991 1224 1224 1225 1225 1226 1226 1227 1227 1227 1227 1226 1226 1228 1228 1227 1227 1228 1228 1229 1229 611 611 1229 1229 609 609 609 609 1229 1229 1228 1228 609 609 1228 1228 1230 1230 1230 1230 1228 1228 1226 1226 1230 1230 1226 1226 192 192 192 192 1226 1226 1225 1225 192 192 1225 1225 193 193 199 199 198 198 1231 1231 1231 1231 198 198 1232 1232 1231 1231 1232 1232 1233 1233 1233 1233 1232 1232 1234 1234 1233 1233 1234 1234 1235 1235 1235 1235 1234 1234 1236 1236 1235 1235 1236 1236 1237 1237 1237 1237 1236 1236 1238 1238 1237 1237 1238 1238 1239 1239 1239 1239 1238 1238 607 607 1239 1239 607 607 603 603 603 603 607 607 608 608 603 603 608 608 601 601 1199 1199 1240 1240 1200 1200 1200 1200 1240 1240 1241 1241 1200 1200 1241 1241 1201 1201 1201 1201 1241 1241 1242 1242 1201 1201 1242 1242 1202 1202 1202 1202 1242 1242 1188 1188 1202 1202 1188 1188 1175 1175 1175 1175 1188 1188 1176 1176 1175 1175 1176 1176 1174 1174 1174 1174 1176 1176 1187 1187 1174 1174 1187 1187 1172 1172 1172 1172 1187 1187 1186 1186 1172 1172 1186 1186 1089 1089 1089 1089 1186 1186 1184 1184 1089 1089 1184 1184 1087 1087 1087 1087 1184 1184 1182 1182 1087 1087 1182 1182 1085 1085 1085 1085 1182 1182 1180 1180 1243 1243 1244 1244 1245 1245 1245 1245 1244 1244 1246 1246 1245 1245 1246 1246 1247 1247 1247 1247 1246 1246 1248 1248 1247 1247 1248 1248 200 200 200 200 1248 1248 194 194 200 200 194 194 198 198 198 198 194 194 193 193 198 198 193 193 1232 1232 1232 1232 193 193 1225 1225 1232 1232 1225 1225 1234 1234 1234 1234 1225 1225 1227 1227 1234 1234 1227 1227 1236 1236 1236 1236 1227 1227 1229 1229 1236 1236 1229 1229 1238 1238 1238 1238 1229 1229 611 611 1238 1238 611 611 607 607 607 607 611 611 612 612 607 607 612 612 605 605 1249 1249 1250 1250 1251 1251 1251 1251 1250 1250 1252 1252 1251 1251 1252 1252 1253 1253 1253 1253 1252 1252 1243 1243 1254 1254 1255 1255 1256 1256 1255 1255 1254 1254 1257 1257 1257 1257 1254 1254 1258 1258 1257 1257 1258 1258 1259 1259 196 196 195 195 1260 1260 1260 1260 195 195 1261 1261 1260 1260 1261 1261 1262 1262 196 196 1263 1263 197 197 197 197 1263 1263 1264 1264 197 197 1264 1264 1265 1265 1265 1265 1264 1264 1266 1266 1265 1265 1266 1266 1267 1267 1267 1267 1266 1266 1268 1268 1267 1267 1268 1268 1269 1269 1270 1270 1269 1269 1259 1259 1259 1259 1269 1269 1268 1268 1259 1259 1268 1268 1257 1257 1257 1257 1268 1268 1266 1266 1257 1257 1266 1266 1255 1255 1255 1255 1266 1266 1264 1264 1255 1255 1264 1264 1256 1256 1256 1256 1264 1264 1263 1263 1256 1256 1263 1263 1271 1271 1271 1271 1263 1263 196 196 1271 1271 196 196 1272 1272 1272 1272 196 196 1260 1260 1272 1272 1260 1260 1273 1273 1273 1273 1260 1260 1262 1262 1273 1273 1262 1262 1274 1274 1274 1274 1262 1262 1275 1275 1274 1274 1275 1275 1276 1276 1276 1276 1275 1275 1277 1277 1276 1276 1277 1277 1278 1278 1278 1278 1277 1277 620 620 1278 1278 620 620 616 616 616 616 620 620 621 621 616 616 621 621 617 617 624 624 1279 1279 628 628 628 628 1279 1279 1280 1280 628 628 1280 1280 630 630 630 630 1280 1280 1281 1281 630 630 1281 1281 633 633 633 633 1281 1281 1282 1282 633 633 1282 1282 635 635 635 635 1282 1282 1283 1283 635 635 1283 1283 642 642 642 642 1283 1283 1284 1284 642 642 1284 1284 640 640 640 640 1284 1284 1285 1285 640 640 1285 1285 233 233 233 233 1285 1285 1286 1286 233 233 1286 1286 231 231 231 231 1286 1286 1287 1287 231 231 1287 1287 809 809 500 500 489 489 498 498 498 498 489 489 488 488 498 498 488 488 991 991 991 991 488 488 813 813 991 991 813 813 1224 1224 1224 1224 813 813 817 817 1224 1224 817 817 1288 1288 1288 1288 817 817 816 816 1288 1288 816 816 1289 1289 1289 1289 816 816 815 815 1289 1289 815 815 1290 1290 1290 1290 815 815 814 814 1290 1290 814 814 1291 1291 1291 1291 814 814 809 809 1291 1291 809 809 1270 1270 1270 1270 809 809 1287 1287 1270 1270 1287 1287 1269 1269 1269 1269 1287 1287 1286 1286 1269 1269 1286 1286 1267 1267 1267 1267 1286 1286 1285 1285 1267 1267 1285 1285 1265 1265 1265 1265 1285 1285 1284 1284 1265 1265 1284 1284 197 197 197 197 1284 1284 1283 1283 197 197 1283 1283 195 195 195 195 1283 1283 1282 1282 195 195 1282 1282 1261 1261 1261 1261 1282 1282 1281 1281 1261 1261 1281 1281 1262 1262 1262 1262 1281 1281 1280 1280 1262 1262 1280 1280 1275 1275 1275 1275 1280 1280 1279 1279 1275 1275 1279 1279 1277 1277 1277 1277 1279 1279 624 624 1277 1277 624 624 620 620 620 620 624 624 626 626 620 620 626 626 618 618 439 439 430 430 437 437 437 437 430 430 432 432 437 437 432 432 882 882 882 882 432 432 958 958 882 882 958 958 880 880 880 880 958 958 927 927 880 880 927 927 228 228 228 228 927 927 920 920 228 228 920 920 229 229 229 229 920 920 908 908 229 229 908 908 913 913 913 913 908 908 903 903 913 913 903 903 911 911 911 911 903 903 894 894 911 911 894 894 909 909 909 909 894 894 893 893 909 909 893 893 227 227 227 227 893 893 891 891 227 227 891 891 225 225 225 225 891 891 890 890 225 225 890 890 832 832 832 832 890 890 825 825 832 832 825 825 834 834 834 834 825 825 827 827 834 834 827 827 836 836 836 836 827 827 1292 1292 836 836 1292 1292 807 807 807 807 1292 1292 1293 1293 807 807 1293 1293 808 808 808 808 1293 1293 1294 1294 808 808 1294 1294 849 849 849 849 1294 1294 1250 1250 849 849 1250 1250 848 848 848 848 1250 1250 1249 1249 848 848 1249 1249 847 847 613 613 609 609 616 616 616 616 609 609 1230 1230 616 616 1230 1230 1278 1278 1278 1278 1230 1230 192 192 1278 1278 192 192 1276 1276 1276 1276 192 192 194 194 1276 1276 194 194 1274 1274 1274 1274 194 194 1248 1248 1274 1274 1248 1248 1273 1273 1273 1273 1248 1248 1246 1246 1273 1273 1246 1246 1272 1272 1272 1272 1246 1246 1244 1244 1272 1272 1244 1244 1271 1271 1271 1271 1244 1244 1243 1243 1271 1271 1243 1243 1256 1256 1256 1256 1243 1243 1252 1252 1256 1256 1252 1252 1254 1254 1254 1254 1252 1252 1250 1250 1254 1254 1250 1250 1258 1258 1258 1258 1250 1250 1294 1294 1258 1258 1294 1294 1259 1259 1259 1259 1294 1294 1293 1293 1259 1259 1293 1293 1270 1270 1270 1270 1293 1293 1292 1292 1270 1270 1292 1292 1291 1291 1291 1291 1292 1292 827 827 1291 1291 827 827 1290 1290 1290 1290 827 827 826 826 1290 1290 826 826 1289 1289 1289 1289 826 826 824 824 1289 1289 824 824 1288 1288 1288 1288 824 824 823 823 1288 1288 823 823 1224 1224 1224 1224 823 823 822 822 1224 1224 822 822 1223 1223 1223 1223 822 822 821 821 1223 1223 821 821 1222 1222 1222 1222 821 821 828 828 1222 1222 828 828 1221 1221 1221 1221 828 828 965 965 1221 1221 965 965 1220 1220 1220 1220 965 965 966 966 1220 1220 966 966 1219 1219 1219 1219 966 966 967 967 1219 1219 967 967 1218 1218 1218 1218 967 967 968 968 1218 1218 968 968 1217 1217 1217 1217 968 968 969 969 1217 1217 969 969 1216 1216 1216 1216 969 969 970 970 1216 1216 970 970 1215 1215 1215 1215 970 970 971 971 1215 1215 971 971 1214 1214 1214 1214 971 971 972 972 1214 1214 972 972 1213 1213 1213 1213 972 972 396 396 1213 1213 396 396 1212 1212 1212 1212 396 396 389 389 1212 1212 389 389 1211 1211 1211 1211 389 389 394 394 1211 1211 394 394 387 387 387 387 394 394 1295 1295 387 387 1295 1295 388 388 1179 1179 1090 1090 1180 1180 1180 1180 1090 1090 1092 1092 1180 1180 1092 1092 1085 1085 1085 1085 1092 1092 1094 1094 1085 1085 1094 1094 1086 1086 1086 1086 1094 1094 1096 1096 1086 1086 1096 1096 1131 1131 1131 1131 1096 1096 1098 1098 1131 1131 1098 1098 1129 1129 1129 1129 1098 1098 1100 1100 1129 1129 1100 1100 1127 1127 1127 1127 1100 1100 1102 1102 1127 1127 1102 1102 1125 1125 1125 1125 1102 1102 1104 1104 1125 1125 1104 1104 1123 1123 1123 1123 1104 1104 1106 1106 1123 1123 1106 1106 1121 1121 1121 1121 1106 1106 1108 1108 1121 1121 1108 1108 797 797 797 797 1108 1108 1110 1110 797 797 1110 1110 783 783 783 783 1110 1110 1112 1112 783 783 1112 1112 780 780 780 780 1112 1112 1113 1113 780 780 1113 1113 781 781 781 781 1113 1113 1114 1114 781 781 1114 1114 782 782 782 782 1114 1114 779 779 782 782 779 779 786 786 786 786 779 779 237 237 786 786 237 237 788 788 788 788 237 237 239 239 788 788 239 239 790 790 1296 1296 1297 1297 1298 1298 744 744 1299 1299 747 747 747 747 1299 1299 1300 1300 747 747 1300 1300 1301 1301 1302 1302 753 753 1296 1296 1296 1296 753 753 755 755 1296 1296 755 755 1297 1297 1297 1297 755 755 748 748 1297 1297 748 748 1301 1301 1301 1301 748 748 750 750 1301 1301 750 750 747 747 747 747 750 750 752 752 747 747 752 752 745 745 1303 1303 1304 1304 1305 1305 1305 1305 1304 1304 1306 1306 1305 1305 1306 1306 1307 1307 742 742 1308 1308 743 743 743 743 1308 1308 738 738 743 743 738 738 1309 1309 1309 1309 738 738 740 740 1309 1309 740 740 1310 1310 727 727 1311 1311 735 735 735 735 1311 1311 1312 1312 735 735 1312 1312 733 733 733 733 1312 1312 1313 1313 733 733 1313 1313 731 731 1310 1310 1314 1314 1315 1315 242 242 1316 1316 1317 1317 1317 1317 1316 1316 1318 1318 1317 1317 1318 1318 1319 1319 240 240 242 242 740 740 740 740 242 242 1317 1317 740 740 1317 1317 1310 1310 1310 1310 1317 1317 1319 1319 1310 1310 1319 1319 1314 1314 723 723 725 725 727 727 727 727 725 725 1320 1320 727 727 1320 1320 1311 1311 1311 1311 1320 1320 1321 1321 1311 1311 1321 1321 1312 1312 1312 1312 1321 1321 1322 1322 1312 1312 1322 1322 1313 1313 241 241 729 729 242 242 242 242 729 729 731 731 242 242 731 731 1316 1316 1316 1316 731 731 1313 1313 1316 1316 1313 1313 1318 1318 1318 1318 1313 1313 1322 1322 1318 1318 1322 1322 1323 1323 1323 1323 1322 1322 1321 1321 1323 1323 1321 1321 1324 1324 1324 1324 1321 1321 1320 1320 1324 1324 1320 1320 1325 1325 191 191 190 190 1326 1326 1326 1326 190 190 1327 1327 1326 1326 1327 1327 1328 1328 1328 1328 1327 1327 1329 1329 1328 1328 1329 1329 1330 1330 1330 1330 1329 1329 1008 1008 1330 1330 1008 1008 1331 1331 1331 1331 1008 1008 1010 1010 1331 1331 1010 1010 1332 1332 1332 1332 1010 1010 1012 1012 1332 1332 1012 1012 1006 1006 1006 1006 1012 1012 1042 1042 1006 1006 1042 1042 1007 1007 1007 1007 1042 1042 1043 1043 1007 1007 1043 1043 1036 1036 1036 1036 1043 1043 1044 1044 1036 1036 1044 1044 1038 1038 1038 1038 1044 1044 1046 1046 1038 1038 1046 1046 1040 1040 188 188 187 187 190 190 190 190 187 187 1333 1333 190 190 1333 1333 1327 1327 1327 1327 1333 1333 1334 1334 1327 1327 1334 1334 1329 1329 1329 1329 1334 1334 1335 1335 1329 1329 1335 1335 1008 1008 1008 1008 1335 1335 1336 1336 1008 1008 1336 1336 1009 1009 1009 1009 1336 1336 1337 1337 1009 1009 1337 1337 1013 1013 1013 1013 1337 1337 1338 1338 1013 1013 1338 1338 1014 1014 1014 1014 1338 1338 1339 1339 1014 1014 1339 1339 1033 1033 1033 1033 1339 1339 1340 1340 1033 1033 1340 1340 1034 1034 1034 1034 1340 1340 1341 1341 1034 1034 1341 1341 1049 1049 1049 1049 1341 1341 1342 1342 1049 1049 1342 1342 1048 1048 1048 1048 1342 1342 1343 1343 1048 1048 1343 1343 1047 1047 479 479 469 469 474 474 474 474 469 469 471 471 474 474 471 471 216 216 216 216 471 471 1344 1344 216 216 1344 1344 217 217 217 217 1344 1344 1345 1345 217 217 1345 1345 213 213 213 213 1345 1345 1346 1346 213 213 1346 1346 214 214 214 214 1346 1346 1347 1347 214 214 1347 1347 1006 1006 1006 1006 1347 1347 1348 1348 1006 1006 1348 1348 1332 1332 1332 1332 1348 1348 1349 1349 1332 1332 1349 1349 1331 1331 1331 1331 1349 1349 1350 1350 1331 1331 1350 1350 1330 1330 1330 1330 1350 1350 1351 1351 1330 1330 1351 1351 1328 1328 1352 1352 684 684 1353 1353 1353 1353 684 684 686 686 1353 1353 686 686 1354 1354 1354 1354 686 686 1355 1355 1354 1354 1355 1355 679 679 679 679 1355 1355 1356 1356 679 679 1356 1356 680 680 689 689 1357 1357 687 687 687 687 1357 1357 1358 1358 687 687 1358 1358 694 694 694 694 1358 1358 1359 1359 694 694 1359 1359 699 699 699 699 1359 1359 1360 1360 699 699 1360 1360 703 703 703 703 1360 1360 1361 1361 703 703 1361 1361 707 707 707 707 1361 1361 1362 1362 707 707 1362 1362 705 705 705 705 1362 1362 1363 1363 705 705 1363 1363 710 710 710 710 1363 1363 1364 1364 710 710 1364 1364 715 715 715 715 1364 1364 1365 1365 715 715 1365 1365 720 720 720 720 1365 1365 1366 1366 1367 1367 1368 1368 1369 1369 245 245 1370 1370 1371 1371 243 243 245 245 666 666 666 666 245 245 1371 1371 666 666 1371 1371 669 669 669 669 1371 1371 1368 1368 669 669 1368 1368 672 672 672 672 1368 1368 1367 1367 672 672 1367 1367 673 673 186 186 1352 1352 184 184 184 184 1352 1352 1353 1353 184 184 1353 1353 185 185 185 185 1353 1353 1354 1354 185 185 1354 1354 1372 1372 1372 1372 1354 1354 679 679 1372 1372 679 679 1373 1373 1373 1373 679 679 674 674 1373 1373 674 674 1369 1369 1369 1369 674 674 676 676 1369 1369 676 676 1367 1367 1367 1367 676 676 678 678 1367 1367 678 678 673 673 1374 1374 1375 1375 1376 1376 1376 1376 1375 1375 1377 1377 691 691 1378 1378 689 689 689 689 1378 1378 1379 1379 689 689 1379 1379 1357 1357 1357 1357 1379 1379 1377 1377 1357 1357 1377 1377 1358 1358 1358 1358 1377 1377 1375 1375 1358 1358 1375 1375 1359 1359 1359 1359 1375 1375 1374 1374 1359 1359 1374 1374 1360 1360 1360 1360 1374 1374 1380 1380 1360 1360 1380 1380 1361 1361 1361 1361 1380 1380 1381 1381 1361 1361 1381 1381 1362 1362 1362 1362 1381 1381 1382 1382 1362 1362 1382 1382 1363 1363 1363 1363 1382 1382 1383 1383 1363 1363 1383 1383 1364 1364 1364 1364 1383 1383 189 189 1364 1364 189 189 1365 1365 1365 1365 189 189 188 188 1365 1365 188 188 1366 1366 1366 1366 188 188 191 191 293 293 286 286 292 292 292 292 286 286 284 284 292 292 284 284 1384 1384 1384 1384 284 284 1041 1041 1384 1384 1041 1041 1385 1385 1385 1385 1041 1041 1040 1040 1385 1385 1040 1040 1386 1386 1386 1386 1040 1040 1046 1046 1386 1386 1046 1046 1387 1387 1387 1387 1046 1046 1045 1045 1387 1387 1045 1045 1388 1388 1388 1388 1045 1045 1047 1047 1388 1388 1047 1047 1389 1389 1389 1389 1047 1047 1343 1343 1389 1389 1343 1343 1390 1390 1390 1390 1343 1343 1342 1342 1390 1390 1342 1342 1391 1391 1391 1391 1342 1342 1341 1341 1391 1391 1341 1341 1392 1392 1392 1392 1341 1341 1340 1340 1392 1392 1340 1340 1393 1393 1393 1393 1340 1340 1339 1339 1393 1393 1339 1339 1394 1394 1394 1394 1339 1339 1338 1338 1394 1394 1338 1338 1395 1395 1395 1395 1338 1338 1337 1337 1395 1395 1337 1337 1396 1396 1396 1396 1337 1337 1336 1336 1396 1396 1336 1336 1397 1397 1397 1397 1336 1336 1335 1335 1397 1397 1335 1335 1398 1398 1398 1398 1335 1335 1334 1334 1398 1398 1334 1334 1399 1399 1399 1399 1334 1334 1333 1333 1399 1399 1333 1333 1400 1400 1400 1400 1333 1333 187 187 1400 1400 187 187 1401 1401 1401 1401 187 187 189 189 1401 1401 189 189 1402 1402 1402 1402 189 189 1383 1383 1402 1402 1383 1383 1403 1403 1403 1403 1383 1383 1382 1382 1403 1403 1382 1382 1404 1404 1404 1404 1382 1382 1381 1381 1404 1404 1381 1381 1405 1405 1405 1405 1381 1381 1380 1380 1405 1405 1380 1380 1406 1406 1406 1406 1380 1380 1374 1374 1406 1406 1374 1374 1407 1407 1407 1407 1374 1374 1376 1376 1407 1407 1376 1376 1408 1408 1408 1408 1376 1376 1377 1377 1408 1408 1377 1377 183 183 183 183 1377 1377 1379 1379 183 183 1379 1379 186 186 186 186 1379 1379 1378 1378 186 186 1378 1378 1352 1352 1352 1352 1378 1378 691 691 1352 1352 691 691 684 684 684 684 691 691 693 693 684 684 693 693 682 682 300 300 290 290 298 298 298 298 290 290 292 292 298 298 292 292 1409 1409 1409 1409 292 292 1384 1384 1409 1409 1384 1384 1410 1410 1410 1410 1384 1384 1385 1385 1410 1410 1385 1385 1411 1411 1411 1411 1385 1385 1386 1386 1411 1411 1386 1386 1412 1412 1412 1412 1386 1386 1387 1387 1412 1412 1387 1387 1413 1413 1413 1413 1387 1387 1388 1388 1413 1413 1388 1388 1414 1414 1414 1414 1388 1388 1389 1389 1414 1414 1389 1389 1415 1415 1415 1415 1389 1389 1390 1390 1415 1415 1390 1390 1416 1416 1416 1416 1390 1390 1391 1391 1416 1416 1391 1391 1417 1417 1417 1417 1391 1391 1392 1392 1417 1417 1392 1392 1418 1418 1418 1418 1392 1392 1393 1393 1418 1418 1393 1393 1419 1419 1419 1419 1393 1393 1394 1394 1419 1419 1394 1394 1420 1420 1420 1420 1394 1394 1395 1395 1420 1420 1395 1395 1421 1421 1421 1421 1395 1395 1396 1396 1421 1421 1396 1396 1422 1422 1422 1422 1396 1396 1397 1397 1422 1422 1397 1397 1423 1423 1423 1423 1397 1397 1398 1398 1423 1423 1398 1398 1424 1424 1424 1424 1398 1398 1399 1399 1424 1424 1399 1399 1425 1425 1425 1425 1399 1399 1400 1400 1425 1425 1400 1400 1426 1426 1426 1426 1400 1400 1401 1401 1426 1426 1401 1401 1427 1427 1427 1427 1401 1401 1402 1402 1427 1427 1402 1402 1428 1428 1428 1428 1402 1402 1403 1403 1428 1428 1403 1403 1429 1429 1429 1429 1403 1403 1404 1404 1429 1429 1404 1404 1430 1430 1430 1430 1404 1404 1405 1405 1430 1430 1405 1405 1431 1431 1431 1431 1405 1405 1406 1406 1431 1431 1406 1406 1432 1432 1432 1432 1406 1406 1407 1407 1432 1432 1407 1407 1433 1433 1433 1433 1407 1407 1408 1408 1434 1434 1435 1435 1436 1436 1436 1436 1435 1435 1437 1437 1436 1436 1437 1437 1438 1438 1438 1438 1437 1437 1439 1439 1438 1438 1439 1439 1440 1440 1440 1440 1439 1439 1441 1441 1433 1433 1442 1442 1432 1432 1432 1432 1442 1442 1443 1443 1432 1432 1443 1443 1431 1431 1431 1431 1443 1443 1444 1444 1431 1431 1444 1444 1430 1430 1430 1430 1444 1444 1445 1445 1430 1430 1445 1445 1429 1429 1429 1429 1445 1445 1446 1446 1429 1429 1446 1446 1428 1428 1428 1428 1446 1446 1447 1447 1428 1428 1447 1447 1427 1427 1427 1427 1447 1447 1448 1448 1427 1427 1448 1448 1426 1426 1426 1426 1448 1448 1449 1449 1426 1426 1449 1449 1425 1425 1425 1425 1449 1449 1450 1450 1425 1425 1450 1450 1424 1424 1424 1424 1450 1450 1032 1032 1424 1424 1032 1032 1423 1423 1423 1423 1032 1032 1021 1021 1423 1423 1021 1021 1422 1422 1422 1422 1021 1021 1026 1026 1422 1422 1026 1026 1421 1421 1421 1421 1026 1026 1029 1029 1421 1421 1029 1029 1420 1420 1420 1420 1029 1029 1052 1052 1420 1420 1052 1052 1419 1419 1419 1419 1052 1052 1111 1111 1419 1419 1111 1111 1418 1418 1418 1418 1111 1111 1109 1109 1418 1418 1109 1109 1417 1417 1417 1417 1109 1109 1107 1107 1417 1417 1107 1107 1416 1416 1416 1416 1107 1107 1105 1105 1416 1416 1105 1105 1415 1415 1415 1415 1105 1105 1103 1103 1415 1415 1103 1103 1414 1414 1414 1414 1103 1103 1101 1101 1414 1414 1101 1101 1413 1413 1413 1413 1101 1101 1099 1099 1413 1413 1099 1099 1412 1412 1412 1412 1099 1099 1097 1097 1412 1412 1097 1097 1411 1411 1411 1411 1097 1097 1095 1095 1411 1411 1095 1095 1410 1410 1410 1410 1095 1095 1093 1093 1410 1410 1093 1093 1409 1409 1409 1409 1093 1093 1091 1091 1409 1409 1091 1091 298 298 298 298 1091 1091 1090 1090 298 298 1090 1090 296 296 296 296 1090 1090 1179 1179 296 296 1179 1179 1084 1084 1084 1084 1179 1179 1181 1181 1084 1084 1181 1181 1166 1166 1166 1166 1181 1181 1183 1183 1166 1166 1183 1183 1164 1164 1164 1164 1183 1183 1185 1185 1164 1164 1185 1185 1162 1162 1162 1162 1185 1185 1178 1178 1162 1162 1178 1178 1160 1160 1160 1160 1178 1178 1177 1177 1160 1160 1177 1177 1158 1158 1158 1158 1177 1177 205 205 1158 1158 205 205 1156 1156 1156 1156 205 205 204 204 1156 1156 204 204 203 203 1435 1435 1451 1451 1437 1437 1437 1437 1451 1451 1452 1452 1437 1437 1452 1452 1439 1439 1439 1439 1452 1452 1453 1453 1439 1439 1453 1453 1441 1441 1441 1441 1453 1453 1454 1454 744 744 1303 1303 1299 1299 1299 1299 1303 1303 1305 1305 1299 1299 1305 1305 1300 1300 1300 1300 1305 1305 1307 1307 1300 1300 1307 1307 1301 1301 1301 1301 1307 1307 1455 1455 1301 1301 1455 1455 1297 1297 1297 1297 1455 1455 1456 1456 1297 1297 1456 1456 1298 1298 1298 1298 1456 1456 1457 1457 1298 1298 1457 1457 1458 1458 1458 1458 1457 1457 1459 1459 1458 1458 1459 1459 1460 1460 1460 1460 1459 1459 1461 1461 1460 1460 1461 1461 1462 1462 1462 1462 1461 1461 1463 1463 1462 1462 1463 1463 1464 1464 1464 1464 1463 1463 1465 1465 1464 1464 1465 1465 1466 1466 1466 1466 1465 1465 1467 1467 1466 1466 1467 1467 1468 1468 1468 1468 1467 1467 1469 1469 1468 1468 1469 1469 1470 1470 1470 1470 1469 1469 1471 1471 1470 1470 1471 1471 1472 1472 1472 1472 1471 1471 1473 1473 1472 1472 1473 1473 1370 1370 1370 1370 1473 1473 1474 1474 1370 1370 1474 1474 1371 1371 1371 1371 1474 1474 1475 1475 1371 1371 1475 1475 1368 1368 1368 1368 1475 1475 1476 1476 1368 1368 1476 1476 1369 1369 1369 1369 1476 1476 1477 1477 1369 1369 1477 1477 1373 1373 1373 1373 1477 1477 1434 1434 1373 1373 1434 1434 1372 1372 1372 1372 1434 1434 1436 1436 1372 1372 1436 1436 185 185 185 185 1436 1436 1438 1438 185 185 1438 1438 183 183 183 183 1438 1438 1440 1440 183 183 1440 1440 1408 1408 1408 1408 1440 1440 1441 1441 1408 1408 1441 1441 1433 1433 1433 1433 1441 1441 1454 1454 1433 1433 1454 1454 1442 1442 181 181 1478 1478 182 182 182 182 1478 1478 1479 1479 182 182 1479 1479 1480 1480 1480 1480 1479 1479 1481 1481 1480 1480 1481 1481 1482 1482 1482 1482 1481 1481 1483 1483 1482 1482 1483 1483 449 449 449 449 1483 1483 1484 1484 449 449 1484 1484 258 258 258 258 1484 1484 1485 1485 258 258 1485 1485 450 450 450 450 1485 1485 1486 1486 450 450 1486 1486 257 257 257 257 1486 1486 1487 1487 257 257 1487 1487 456 456 456 456 1487 1487 1488 1488 456 456 1488 1488 254 254 254 254 1488 1488 1489 1489 254 254 1489 1489 463 463 463 463 1489 1489 1490 1490 463 463 1490 1490 251 251 251 251 1490 1490 1491 1491 251 251 1491 1491 471 471 471 471 1491 1491 1492 1492 471 471 1492 1492 1344 1344 1344 1344 1492 1492 1493 1493 1344 1344 1493 1493 1345 1345 1345 1345 1493 1493 1494 1494 1345 1345 1494 1494 1346 1346 1346 1346 1494 1494 1495 1495 1346 1346 1495 1495 1347 1347 1347 1347 1495 1495 1315 1315 1347 1347 1315 1315 1348 1348 1348 1348 1315 1315 1314 1314 1348 1348 1314 1314 1349 1349 1349 1349 1314 1314 1319 1319 1349 1349 1319 1319 1350 1350 1350 1350 1319 1319 1318 1318 1350 1350 1318 1318 1351 1351 1351 1351 1318 1318 1323 1323 1351 1351 1323 1323 1328 1328 1328 1328 1323 1323 1324 1324 1328 1328 1324 1324 1326 1326 1326 1326 1324 1324 1325 1325 1326 1326 1325 1325 191 191 191 191 1325 1325 1320 1320 191 191 1320 1320 1366 1366 1366 1366 1320 1320 725 725 1366 1366 725 725 720 720 720 720 725 725 726 726 720 720 726 726 718 718 746 746 741 741 744 744 744 744 741 741 743 743 744 744 743 743 1303 1303 1303 1303 743 743 1309 1309 1303 1303 1309 1309 1304 1304 1304 1304 1309 1309 1310 1310 1304 1304 1310 1310 1306 1306 1306 1306 1310 1310 1315 1315 1306 1306 1315 1315 1307 1307 1307 1307 1315 1315 1495 1495 1307 1307 1495 1495 1455 1455 1455 1455 1495 1495 1494 1494 1455 1455 1494 1494 1456 1456 1456 1456 1494 1494 1493 1493 1456 1456 1493 1493 1457 1457 1457 1457 1493 1493 1492 1492 1457 1457 1492 1492 1459 1459 1459 1459 1492 1492 1491 1491 1459 1459 1491 1491 1461 1461 1461 1461 1491 1491 1490 1490 1461 1461 1490 1490 1463 1463 1463 1463 1490 1490 1489 1489 1463 1463 1489 1489 1465 1465 1465 1465 1489 1489 1488 1488 1465 1465 1488 1488 1467 1467 1467 1467 1488 1488 1487 1487 1467 1467 1487 1487 1469 1469 1469 1469 1487 1487 1486 1486 1469 1469 1486 1486 1471 1471 1471 1471 1486 1486 1485 1485 1471 1471 1485 1485 1473 1473 1473 1473 1485 1485 1484 1484 1473 1473 1484 1484 1474 1474 1474 1474 1484 1484 1483 1483 1474 1474 1483 1483 1475 1475 1475 1475 1483 1483 1481 1481 1475 1475 1481 1481 1476 1476 1476 1476 1481 1481 1479 1479 1476 1476 1479 1479 1477 1477 1477 1477 1479 1479 1478 1478 1477 1477 1478 1478 1434 1434 1434 1434 1478 1478 181 181 1434 1434 181 181 1435 1435 1435 1435 181 181 180 180 1435 1435 180 180 1451 1451 244 244 661 661 245 245 245 245 661 661 663 663 245 245 663 663 1370 1370 1370 1370 663 663 656 656 1370 1370 656 656 1472 1472 1472 1472 656 656 658 658 1472 1472 658 658 1470 1470 1470 1470 658 658 654 654 1470 1470 654 654 1468 1468 1468 1468 654 654 650 650 1468 1468 650 650 1466 1466 1466 1466 650 650 646 646 1466 1466 646 646 1464 1464 1464 1464 646 646 645 645 1464 1464 645 645 1462 1462 1462 1462 645 645 769 769 1462 1462 769 769 1460 1460 1460 1460 769 769 765 765 1460 1460 765 765 1458 1458 1458 1458 765 765 758 758 1458 1458 758 758 1298 1298 1298 1298 758 758 760 760 1298 1298 760 760 1296 1296 1296 1296 760 760 762 762 1296 1296 762 762 1302 1302 62 62 26 26 449 449 449 449 26 26 447 447 449 449 447 447 1482 1482 1482 1482 447 447 448 448 1482 1482 448 448 1480 1480 1480 1480 448 448 928 928 1480 1480 928 928 182 182 182 182 928 928 930 930 182 182 930 930 180 180 180 180 930 930 932 932 180 180 932 932 1451 1451 1451 1451 932 932 934 934 1451 1451 934 934 1452 1452 1452 1452 934 934 936 936 1452 1452 936 936 1453 1453 1453 1453 936 936 938 938 1453 1453 938 938 1454 1454 1454 1454 938 938 955 955 1454 1454 955 955 1442 1442 1442 1442 955 955 953 953 1442 1442 953 953 1443 1443 1443 1443 953 953 951 951 1443 1443 951 951 1444 1444 1444 1444 951 951 949 949 1444 1444 949 949 1445 1445 1445 1445 949 949 947 947 1445 1445 947 947 1446 1446 1446 1446 947 947 946 946 1446 1446 946 946 1447 1447 1447 1447 946 946 1018 1018 1447 1447 1018 1018 1448 1448 1448 1448 1018 1018 1017 1017 1448 1448 1017 1017 1449 1449 1449 1449 1017 1017 1016 1016 1449 1449 1016 1016 1450 1450 1450 1450 1016 1016 1020 1020 1450 1450 1020 1020 1032 1032 1032 1032 1020 1020 1019 1019 1032 1032 1019 1019 1031 1031 1031 1031 1019 1019 775 775 1031 1031 775 775 1030 1030 1030 1030 775 775 774 774 1030 1030 774 774 777 777 777 777 774 774 948 948 777 777 948 948 238 238 238 238 948 948 950 950 238 238 950 950 239 239 239 239 950 950 952 952 239 239 952 952 790 790 790 790 952 952 954 954 790 790 954 954 791 791 791 791 954 954 956 956 791 791 956 956 1142 1142 1142 1142 956 956 800 800 1142 1142 800 800 1143 1143 1143 1143 800 800 799 799 1143 1143 799 799 1144 1144 1144 1144 799 799 801 801 1144 1144 801 801 1189 1189 1189 1189 801 801 805 805 1189 1189 805 805 1190 1190 1190 1190 805 805 837 837 1190 1190 837 837 1191 1191 1191 1191 837 837 839 839 1191 1191 839 839 1192 1192 1192 1192 839 839 841 841 1192 1192 841 841 1193 1193 1193 1193 841 841 843 843 1193 1193 843 843 1194 1194 1194 1194 843 843 845 845 1194 1194 845 845 1195 1195 1195 1195 845 845 847 847 1195 1195 847 847 1196 1196 1196 1196 847 847 1249 1249 1196 1196 1249 1249 1197 1197 1197 1197 1249 1249 1251 1251 1197 1197 1251 1251 1198 1198 1198 1198 1251 1251 1253 1253 1198 1198 1253 1253 1199 1199 1199 1199 1253 1253 1243 1243 1199 1199 1243 1243 1240 1240 1240 1240 1243 1243 1245 1245 1240 1240 1245 1245 1241 1241 1241 1241 1245 1245 1247 1247 1241 1241 1247 1247 1242 1242 1242 1242 1247 1247 200 200 1242 1242 200 200 1188 1188 1188 1188 200 200 199 199 1188 1188 199 199 206 206 206 206 199 199 1231 1231 206 206 1231 1231 204 204 204 204 1231 1231 1233 1233 204 204 1233 1233 203 203 203 203 1233 1233 1235 1235 203 203 1235 1235 201 201 201 201 1235 1235 1237 1237 201 201 1237 1237 1203 1203 1203 1203 1237 1237 1239 1239 1203 1203 1239 1239 1074 1074 1074 1074 1239 1239 603 603 1074 1074 603 603 598 598 598 598 603 603 604 604 598 598 604 604 596 596 252 252 465 465 1496 1496 1497 1497 1498 1498 1499 1499 1500 1500 1501 1501 1502 1502 1503 1503 1504 1504 1505 1505 1506 1506 1507 1507 1508 1508 45 45 53 53 1509 1509 16 16 451 451 15 15 15 15 451 451 13 13 49 49 11 11 1510 1510 1510 1510 11 11 12 12 1510 1510 12 12 19 19 1511 1511 1512 1512 1513 1513 1513 1513 1512 1512 1514 1514 1514 1514 46 46 1513 1513 1513 1513 46 46 47 47 1513 1513 47 47 48 48 1515 1515 1516 1516 1511 1511 1517 1517 1518 1518 1519 1519 1520 1520 1521 1521 1522 1522 1521 1521 1520 1520 1523 1523 1523 1523 1520 1520 1524 1524 1523 1523 1524 1524 1525 1525 1525 1525 1524 1524 1526 1526 1526 1526 1524 1524 1527 1527 1526 1526 1527 1527 1528 1528 1508 1508 1507 1507 1529 1529 1508 1508 1529 1529 1530 1530 1528 1528 1527 1527 1531 1531 1531 1531 1527 1527 1508 1508 1531 1531 1508 1508 1532 1532 1532 1532 1508 1508 1530 1530 1532 1532 1530 1530 1533 1533 1534 1534 1501 1501 1535 1535 1535 1535 1501 1501 1500 1500 1535 1535 1500 1500 1504 1504 468 468 1503 1503 461 461 461 461 1503 1503 1505 1505 461 461 1505 1505 462 462 462 462 1505 1505 464 464 1505 1505 1504 1504 1500 1500 1505 1505 1500 1500 1536 1536 1536 1536 1500 1500 1502 1502 1536 1536 1502 1502 1498 1498 252 252 1496 1496 253 253 1537 1537 459 459 458 458 1499 1499 1538 1538 1497 1497 1497 1497 1538 1538 1537 1537 1497 1497 1537 1537 1496 1496 1496 1496 1537 1537 458 458 1496 1496 458 458 253 253 1498 1498 1497 1497 1536 1536 1536 1536 1497 1497 1496 1496 1536 1536 1496 1496 1505 1505 1505 1505 1496 1496 465 465 1505 1505 465 465 464 464 53 53 52 52 1509 1509 1509 1509 52 52 1539 1539 1509 1509 1539 1539 1540 1540 1540 1540 1539 1539 1541 1541 1540 1540 1541 1541 1542 1542 453 453 1543 1543 454 454 454 454 1543 1543 1510 1510 454 454 1510 1510 451 451 451 451 1510 1510 19 19 451 451 19 19 13 13 453 453 452 452 1543 1543 1543 1543 452 452 256 256 1543 1543 256 256 1544 1544 48 48 45 45 1513 1513 1513 1513 45 45 1509 1509 1513 1513 1509 1509 1545 1545 1545 1545 1509 1509 1540 1540 1545 1545 1540 1540 1546 1546 1546 1546 1540 1540 1542 1542 1546 1546 1542 1542 1547 1547 1511 1511 1513 1513 1515 1515 1515 1515 1513 1513 1545 1545 1515 1515 1545 1545 1548 1548 1548 1548 1545 1545 1546 1546 1548 1548 1546 1546 1499 1499 1499 1499 1546 1546 1547 1547 1499 1499 1547 1547 1538 1538 1549 1549 1506 1506 1550 1550 1550 1550 1506 1506 1508 1508 1550 1550 1508 1508 1551 1551 1551 1551 1508 1508 1527 1527 1551 1551 1527 1527 1552 1552 1552 1552 1527 1527 1524 1524 1552 1552 1524 1524 1553 1553 1553 1553 1524 1524 1520 1520 1553 1553 1520 1520 1517 1517 1517 1517 1520 1520 1522 1522 1517 1517 1522 1522 1518 1518 256 256 255 255 1544 1544 1544 1544 255 255 455 455 1544 1544 455 455 1554 1554 1554 1554 455 455 457 457 1554 1554 457 457 460 460 52 52 50 50 1539 1539 1539 1539 50 50 49 49 1539 1539 49 49 1541 1541 1541 1541 49 49 1510 1510 1541 1541 1510 1510 1542 1542 1542 1542 1510 1510 1543 1543 1542 1542 1543 1543 1547 1547 1547 1547 1543 1543 1544 1544 1547 1547 1544 1544 1538 1538 1538 1538 1544 1544 1554 1554 1538 1538 1554 1554 1537 1537 1537 1537 1554 1554 460 460 1537 1537 460 460 459 459 1534 1534 1549 1549 1501 1501 1501 1501 1549 1549 1550 1550 1501 1501 1550 1550 1502 1502 1502 1502 1550 1550 1551 1551 1502 1502 1551 1551 1498 1498 1498 1498 1551 1551 1552 1552 1498 1498 1552 1552 1499 1499 1499 1499 1552 1552 1553 1553 1499 1499 1553 1553 1548 1548 1548 1548 1553 1553 1517 1517 1548 1548 1517 1517 1515 1515 1515 1515 1517 1517 1519 1519 1515 1515 1519 1519 1516 1516 158 158 1532 1532 160 160 160 160 1532 1532 1533 1533 160 160 1533 1533 161 161 98 98 46 46 168 168 168 168 46 46 1514 1514 168 168 1514 1514 170 170 170 170 1514 1514 1512 1512 170 170 1512 1512 172 172 1512 1512 1511 1511 172 172 172 172 1511 1511 1516 1516 172 172 1516 1516 173 173 173 173 1516 1516 1519 1519 173 173 1519 1519 177 177 177 177 1519 1519 1518 1518 177 177 1518 1518 153 153 1518 1518 1522 1522 153 153 153 153 1522 1522 1521 1521 153 153 1521 1521 154 154 154 154 1521 1521 1523 1523 154 154 1523 1523 166 166 166 166 1523 1523 1525 1525 166 166 1525 1525 167 167 167 167 1525 1525 1526 1526 167 167 1526 1526 156 156 156 156 1526 1526 1528 1528 156 156 1528 1528 158 158 158 158 1528 1528 1531 1531 158 158 1531 1531 1532 1532 286 286 293 293 1555 1555 1556 1556 1557 1557 1558 1558 1559 1559 1560 1560 1561 1561 266 266 265 265 1562 1562 59 59 58 58 1563 1563 3 3 6 6 1564 1564 275 275 274 274 1565 1565 1565 1565 274 274 279 279 1565 1565 279 279 1566 1566 1566 1566 279 279 277 277 277 277 276 276 1566 1566 1566 1566 276 276 1004 1004 1566 1566 1004 1004 1567 1567 1567 1567 1004 1004 282 282 1568 1568 1569 1569 1570 1570 1570 1570 1569 1569 1571 1571 1570 1570 1571 1571 1572 1572 1573 1573 1574 1574 1575 1575 1575 1575 1574 1574 1572 1572 1575 1575 1572 1572 1576 1576 1576 1576 1572 1572 1571 1571 1576 1576 1571 1571 1577 1577 1578 1578 1579 1579 1573 1573 1573 1573 1579 1579 1580 1580 1573 1573 1580 1580 1574 1574 1581 1581 1582 1582 1583 1583 1583 1583 1582 1582 1584 1584 1583 1583 1584 1584 1585 1585 1585 1585 1584 1584 1586 1586 1585 1585 1586 1586 1578 1578 1578 1578 1586 1586 1587 1587 1578 1578 1587 1587 1579 1579 1581 1581 1583 1583 1588 1588 1588 1588 1583 1583 1589 1589 1588 1588 1589 1589 1590 1590 1590 1590 1589 1589 1591 1591 1591 1591 1589 1589 1592 1592 1591 1591 1592 1592 1593 1593 1593 1593 1592 1592 1594 1594 1594 1594 1592 1592 1595 1595 1594 1594 1595 1595 1596 1596 1596 1596 1595 1595 1597 1597 1596 1596 1597 1597 1598 1598 1598 1598 1597 1597 1599 1599 1599 1599 1597 1597 1600 1600 1599 1599 1600 1600 1601 1601 1601 1601 1600 1600 1602 1602 1602 1602 1600 1600 1603 1603 1602 1602 1603 1603 1604 1604 1604 1604 1603 1603 1605 1605 1605 1605 1603 1603 1606 1606 1605 1605 1606 1606 1607 1607 1607 1607 1606 1606 1608 1608 1608 1608 1606 1606 1609 1609 1608 1608 1609 1609 1610 1610 1610 1610 1609 1609 1611 1611 1611 1611 1609 1609 1612 1612 1611 1611 1612 1612 1613 1613 1613 1613 1612 1612 1614 1614 1614 1614 1612 1612 1615 1615 1614 1614 1615 1615 1616 1616 1617 1617 1618 1618 1619 1619 1617 1617 1619 1619 1615 1615 1615 1615 1619 1619 1620 1620 1615 1615 1620 1620 1616 1616 1618 1618 1617 1617 1621 1621 1621 1621 1617 1617 1622 1622 1621 1621 1622 1622 1623 1623 1623 1623 1622 1622 1624 1624 1624 1624 1622 1622 1625 1625 1624 1624 1625 1625 1626 1626 1626 1626 1625 1625 1627 1627 1627 1627 1625 1625 1628 1628 1627 1627 1628 1628 1629 1629 1629 1629 1628 1628 1630 1630 1630 1630 1628 1628 1631 1631 1630 1630 1631 1631 1632 1632 1632 1632 1631 1631 1633 1633 1633 1633 1631 1631 1634 1634 1633 1633 1634 1634 1635 1635 1635 1635 1634 1634 1636 1636 1636 1636 1634 1634 1637 1637 1636 1636 1637 1637 1638 1638 1638 1638 1637 1637 1639 1639 1639 1639 1637 1637 1640 1640 1639 1639 1640 1640 1641 1641 1641 1641 1640 1640 1642 1642 1642 1642 1640 1640 1643 1643 1642 1642 1643 1643 1644 1644 1644 1644 1643 1643 1645 1645 1645 1645 1643 1643 1646 1646 1645 1645 1646 1646 1647 1647 1647 1647 1646 1646 1648 1648 1648 1648 1646 1646 1649 1649 1648 1648 1649 1649 1650 1650 1650 1650 1649 1649 1651 1651 1651 1651 1649 1649 1652 1652 1651 1651 1652 1652 1653 1653 1653 1653 1652 1652 1654 1654 1654 1654 1652 1652 1655 1655 1654 1654 1655 1655 1656 1656 1656 1656 1655 1655 1657 1657 1657 1657 1655 1655 1658 1658 1657 1657 1658 1658 1659 1659 1659 1659 1658 1658 1660 1660 1660 1660 1658 1658 1661 1661 1660 1660 1661 1661 1662 1662 1663 1663 1664 1664 1665 1665 1663 1663 1665 1665 1661 1661 1661 1661 1665 1665 1666 1666 1661 1661 1666 1666 1662 1662 1664 1664 1663 1663 1667 1667 1667 1667 1663 1663 1668 1668 1667 1667 1668 1668 1669 1669 1669 1669 1668 1668 1670 1670 1670 1670 1668 1668 1671 1671 1670 1670 1671 1671 1672 1672 1672 1672 1671 1671 1673 1673 1673 1673 1671 1671 1674 1674 1673 1673 1674 1674 1675 1675 1675 1675 1674 1674 1676 1676 1676 1676 1674 1674 1677 1677 1676 1676 1677 1677 1678 1678 1678 1678 1677 1677 1679 1679 1679 1679 1677 1677 1680 1680 1679 1679 1680 1680 1681 1681 1681 1681 1680 1680 1682 1682 1682 1682 1680 1680 1683 1683 1682 1682 1683 1683 1684 1684 1684 1684 1683 1683 1685 1685 1685 1685 1683 1683 1686 1686 1685 1685 1686 1686 1687 1687 1687 1687 1686 1686 1688 1688 1688 1688 1686 1686 1689 1689 1688 1688 1689 1689 1690 1690 1690 1690 1689 1689 1691 1691 1691 1691 1689 1689 1692 1692 1691 1691 1692 1692 1693 1693 1693 1693 1692 1692 1694 1694 1694 1694 1692 1692 1695 1695 1694 1694 1695 1695 1696 1696 1696 1696 1695 1695 1697 1697 1697 1697 1695 1695 1698 1698 1697 1697 1698 1698 1699 1699 1699 1699 1698 1698 1700 1700 1700 1700 1698 1698 1701 1701 1700 1700 1701 1701 1702 1702 1702 1702 1701 1701 1703 1703 1703 1703 1701 1701 1704 1704 1703 1703 1704 1704 1705 1705 1705 1705 1704 1704 1706 1706 1706 1706 1704 1704 1707 1707 1706 1706 1707 1707 1708 1708 1708 1708 1707 1707 1709 1709 1709 1709 1707 1707 1710 1710 1709 1709 1710 1710 1564 1564 1564 1564 1710 1710 4 4 1564 1564 4 4 3 3 430 430 1711 1711 431 431 431 431 1711 1711 1712 1712 430 430 439 439 1711 1711 1711 1711 439 439 438 438 1711 1711 438 438 1713 1713 1713 1713 438 438 436 436 1713 1713 436 436 435 435 435 435 260 260 1713 1713 1713 1713 260 260 259 259 1713 1713 259 259 1714 1714 1714 1714 259 259 943 943 1714 1714 943 943 441 441 441 441 446 446 1714 1714 1714 1714 446 446 445 445 1714 1714 445 445 60 60 60 60 445 445 443 443 60 60 443 443 61 61 427 427 1715 1715 422 422 422 422 1715 1715 1716 1716 422 422 1716 1716 423 423 1717 1717 420 420 426 426 1717 1717 426 426 1716 1716 1716 1716 426 426 425 425 1716 1716 425 425 423 423 427 427 429 429 1715 1715 1715 1715 429 429 434 434 1715 1715 434 434 1712 1712 1712 1712 434 434 433 433 1712 1712 433 433 431 431 418 418 1718 1718 1719 1719 418 418 417 417 1718 1718 1718 1718 417 417 416 416 1718 1718 416 416 1720 1720 1721 1721 408 408 1722 1722 1722 1722 408 408 410 410 1562 1562 265 265 1723 1723 1723 1723 265 265 401 401 1723 1723 401 401 405 405 405 405 403 403 1723 1723 1723 1723 403 403 402 402 1723 1723 402 402 1721 1721 1721 1721 402 402 406 406 1721 1721 406 406 408 408 410 410 411 411 1722 1722 1722 1722 411 411 263 263 1722 1722 263 263 1719 1719 1719 1719 263 263 262 262 1719 1719 262 262 418 418 269 269 1724 1724 397 397 397 397 1724 1724 1725 1725 397 397 1725 1725 395 395 393 393 1726 1726 394 394 394 394 1726 1726 1727 1727 394 394 1727 1727 1295 1295 393 393 392 392 1726 1726 1726 1726 392 392 391 391 1726 1726 391 391 1725 1725 1725 1725 391 391 390 390 1725 1725 390 390 395 395 383 383 1728 1728 378 378 378 378 1728 1728 1729 1729 378 378 1729 1729 379 379 377 377 1730 1730 374 374 374 374 1730 1730 1731 1731 374 374 1731 1731 372 372 377 377 376 376 1730 1730 1730 1730 376 376 382 382 1730 1730 382 382 1729 1729 1729 1729 382 382 381 381 1729 1729 381 381 379 379 383 383 385 385 1728 1728 1728 1728 385 385 386 386 1728 1728 386 386 1727 1727 1727 1727 386 386 388 388 1727 1727 388 388 1295 1295 269 269 268 268 1724 1724 1724 1724 268 268 400 400 1724 1724 400 400 1562 1562 1562 1562 400 400 399 399 1562 1562 399 399 266 266 416 416 414 414 1720 1720 1720 1720 414 414 415 415 1720 1720 415 415 1717 1717 1717 1717 415 415 421 421 1717 1717 421 421 420 420 1732 1732 1733 1733 1734 1734 1734 1734 1733 1733 1735 1735 1734 1734 1735 1735 1736 1736 1736 1736 1735 1735 1737 1737 1736 1736 1737 1737 1738 1738 1738 1738 1737 1737 1731 1731 1738 1738 1731 1731 1739 1739 1739 1739 1731 1731 1730 1730 1739 1739 1730 1730 1740 1740 1740 1740 1730 1730 1729 1729 1740 1740 1729 1729 1741 1741 1741 1741 1729 1729 1728 1728 1741 1741 1728 1728 1742 1742 1742 1742 1728 1728 1727 1727 1742 1742 1727 1727 1743 1743 1743 1743 1727 1727 1726 1726 1743 1743 1726 1726 1744 1744 1744 1744 1726 1726 1725 1725 1744 1744 1725 1725 1745 1745 1745 1745 1725 1725 1724 1724 1745 1745 1724 1724 1746 1746 1746 1746 1724 1724 1562 1562 1746 1746 1562 1562 1747 1747 1747 1747 1562 1562 1723 1723 1747 1747 1723 1723 1748 1748 1748 1748 1723 1723 1721 1721 1748 1748 1721 1721 1749 1749 1749 1749 1721 1721 1722 1722 1749 1749 1722 1722 1750 1750 1750 1750 1722 1722 1719 1719 1750 1750 1719 1719 1751 1751 1751 1751 1719 1719 1718 1718 1751 1751 1718 1718 1752 1752 1752 1752 1718 1718 1720 1720 1752 1752 1720 1720 1753 1753 1753 1753 1720 1720 1717 1717 1753 1753 1717 1717 1754 1754 1754 1754 1717 1717 1716 1716 1754 1754 1716 1716 1755 1755 1755 1755 1716 1716 1715 1715 1755 1755 1715 1715 1756 1756 1756 1756 1715 1715 1712 1712 1756 1756 1712 1712 1757 1757 1757 1757 1712 1712 1711 1711 1757 1757 1711 1711 1758 1758 1758 1758 1711 1711 1713 1713 1758 1758 1713 1713 1759 1759 1759 1759 1713 1713 1714 1714 1759 1759 1714 1714 1563 1563 1563 1563 1714 1714 60 60 1563 1563 60 60 59 59 1760 1760 1761 1761 1762 1762 1762 1762 1761 1761 1763 1763 1763 1763 1761 1761 1764 1764 1763 1763 1764 1764 1765 1765 1765 1765 1764 1764 1766 1766 1765 1765 1766 1766 1732 1732 1767 1767 1768 1768 1769 1769 1561 1561 1560 1560 1770 1770 1770 1770 1560 1560 1771 1771 1770 1770 1771 1771 1772 1772 1769 1769 1768 1768 1773 1773 1773 1773 1768 1768 1774 1774 1773 1773 1774 1774 1775 1775 1775 1775 1774 1774 1776 1776 1775 1775 1776 1776 1777 1777 1778 1778 1779 1779 1780 1780 1780 1780 1779 1779 1555 1555 1781 1781 1565 1565 1782 1782 1782 1782 1565 1565 1566 1566 1782 1782 1566 1566 1783 1783 1783 1783 1566 1566 1567 1567 1783 1783 1567 1567 1784 1784 1784 1784 1567 1567 1785 1785 1784 1784 1785 1785 1786 1786 1778 1778 1787 1787 1788 1788 1788 1788 1787 1787 1789 1789 1788 1788 1789 1789 1790 1790 1790 1790 1789 1789 1791 1791 1790 1790 1791 1791 1792 1792 1558 1558 1557 1557 1793 1793 358 358 363 363 1766 1766 1732 1732 1766 1766 1733 1733 1733 1733 1766 1766 363 363 1733 1733 363 363 362 362 364 364 1735 1735 359 359 359 359 1735 1735 1733 1733 359 359 1733 1733 360 360 360 360 1733 1733 362 362 1070 1070 353 353 1761 1761 1761 1761 353 353 352 352 1761 1761 352 352 1764 1764 1764 1764 352 352 350 350 1764 1764 350 350 348 348 342 342 346 346 1776 1776 1776 1776 346 346 1760 1760 1776 1776 1760 1760 1777 1777 1777 1777 1760 1760 1762 1762 346 346 345 345 1760 1760 1760 1760 345 345 344 344 1760 1760 344 344 1761 1761 1761 1761 344 344 343 343 1761 1761 343 343 1070 1070 348 348 347 347 1764 1764 1764 1764 347 347 354 354 1764 1764 354 354 1766 1766 1766 1766 354 354 356 356 1766 1766 356 356 358 358 330 330 333 333 1768 1768 1768 1768 333 333 332 332 1768 1768 332 332 1774 1774 1774 1774 332 332 337 337 1774 1774 337 337 336 336 321 321 320 320 1771 1771 1771 1771 320 320 1767 1767 1771 1771 1767 1767 1772 1772 1772 1772 1767 1767 1769 1769 320 320 327 327 1767 1767 1767 1767 327 327 326 326 1767 1767 326 326 1768 1768 1768 1768 326 326 328 328 1768 1768 328 328 330 330 317 317 1560 1560 312 312 312 312 1560 1560 1559 1559 312 312 1559 1559 313 313 313 313 1559 1559 315 315 1561 1561 1556 1556 1559 1559 1559 1559 1556 1556 1558 1558 1559 1559 1558 1558 315 315 315 315 1558 1558 316 316 317 317 319 319 1560 1560 1560 1560 319 319 324 324 1560 1560 324 324 1771 1771 1771 1771 324 324 323 323 1771 1771 323 323 321 321 336 336 335 335 1774 1774 1774 1774 335 335 338 338 1774 1774 338 338 1776 1776 1776 1776 338 338 340 340 1776 1776 340 340 342 342 271 271 305 305 1789 1789 1789 1789 305 305 304 304 1789 1789 304 304 1791 1791 1791 1791 304 304 302 302 1791 1791 302 302 301 301 1557 1557 1792 1792 1793 1793 1793 1793 1792 1792 1791 1791 1793 1793 1791 1791 307 307 307 307 1791 1791 301 301 1778 1778 1780 1780 1787 1787 1787 1787 1780 1780 299 299 1787 1787 299 299 297 297 1785 1785 288 288 287 287 1779 1779 1786 1786 1555 1555 1555 1555 1786 1786 1785 1785 1555 1555 1785 1785 286 286 286 286 1785 1785 287 287 293 293 291 291 1555 1555 1555 1555 291 291 290 290 1555 1555 290 290 1780 1780 1780 1780 290 290 300 300 1780 1780 300 300 299 299 282 282 281 281 1567 1567 1567 1567 281 281 285 285 1567 1567 285 285 1785 1785 1785 1785 285 285 289 289 1785 1785 289 289 288 288 297 297 295 295 1787 1787 1787 1787 295 295 294 294 1787 1787 294 294 1789 1789 1789 1789 294 294 272 272 1789 1789 272 272 271 271 307 307 311 311 1793 1793 1793 1793 311 311 309 309 1793 1793 309 309 1558 1558 1558 1558 309 309 308 308 1558 1558 308 308 316 316 364 364 366 366 1735 1735 1735 1735 366 366 367 367 1735 1735 367 367 1737 1737 1737 1737 367 367 369 369 1737 1737 369 369 1731 1731 1731 1731 369 369 371 371 1731 1731 371 371 372 372 1577 1577 1781 1781 1576 1576 1576 1576 1781 1781 1782 1782 1576 1576 1782 1782 1575 1575 1575 1575 1782 1782 1783 1783 1575 1575 1783 1783 1573 1573 1573 1573 1783 1783 1784 1784 1573 1573 1784 1784 1578 1578 1578 1578 1784 1784 1786 1786 1578 1578 1786 1786 1585 1585 1585 1585 1786 1786 1779 1779 1585 1585 1779 1779 1583 1583 1583 1583 1779 1779 1778 1778 1583 1583 1778 1778 1589 1589 1589 1589 1778 1778 1788 1788 1589 1589 1788 1788 1592 1592 1592 1592 1788 1788 1790 1790 1592 1592 1790 1790 1595 1595 1595 1595 1790 1790 1792 1792 1595 1595 1792 1792 1597 1597 1597 1597 1792 1792 1557 1557 1597 1597 1557 1557 1600 1600 1600 1600 1557 1557 1556 1556 1600 1600 1556 1556 1603 1603 1603 1603 1556 1556 1561 1561 1603 1603 1561 1561 1606 1606 1606 1606 1561 1561 1770 1770 1606 1606 1770 1770 1609 1609 1609 1609 1770 1770 1772 1772 1609 1609 1772 1772 1612 1612 1612 1612 1772 1772 1769 1769 1612 1612 1769 1769 1615 1615 1615 1615 1769 1769 1773 1773 1615 1615 1773 1773 1617 1617 1617 1617 1773 1773 1775 1775 1617 1617 1775 1775 1622 1622 1622 1622 1775 1775 1777 1777 1622 1622 1777 1777 1625 1625 1625 1625 1777 1777 1762 1762 1625 1625 1762 1762 1628 1628 1628 1628 1762 1762 1763 1763 1628 1628 1763 1763 1631 1631 1631 1631 1763 1763 1765 1765 1631 1631 1765 1765 1634 1634 1634 1634 1765 1765 1732 1732 1634 1634 1732 1732 1637 1637 1637 1637 1732 1732 1734 1734 1637 1637 1734 1734 1640 1640 1640 1640 1734 1734 1736 1736 1640 1640 1736 1736 1643 1643 1643 1643 1736 1736 1738 1738 1643 1643 1738 1738 1646 1646 1646 1646 1738 1738 1739 1739 1646 1646 1739 1739 1649 1649 1649 1649 1739 1739 1740 1740 1649 1649 1740 1740 1652 1652 1652 1652 1740 1740 1741 1741 1652 1652 1741 1741 1655 1655 1655 1655 1741 1741 1742 1742 1655 1655 1742 1742 1658 1658 1658 1658 1742 1742 1743 1743 1658 1658 1743 1743 1661 1661 1661 1661 1743 1743 1744 1744 1661 1661 1744 1744 1663 1663 1663 1663 1744 1744 1745 1745 1663 1663 1745 1745 1668 1668 1668 1668 1745 1745 1746 1746 1668 1668 1746 1746 1671 1671 1671 1671 1746 1746 1747 1747 1671 1671 1747 1747 1674 1674 1674 1674 1747 1747 1748 1748 1674 1674 1748 1748 1677 1677 1677 1677 1748 1748 1749 1749 1677 1677 1749 1749 1680 1680 1680 1680 1749 1749 1750 1750 1680 1680 1750 1750 1683 1683 1683 1683 1750 1750 1751 1751 1683 1683 1751 1751 1686 1686 1686 1686 1751 1751 1752 1752 1686 1686 1752 1752 1689 1689 1689 1689 1752 1752 1753 1753 1689 1689 1753 1753 1692 1692 1692 1692 1753 1753 1754 1754 1692 1692 1754 1754 1695 1695 1695 1695 1754 1754 1755 1755 1695 1695 1755 1755 1698 1698 1698 1698 1755 1755 1756 1756 1698 1698 1756 1756 1701 1701 1701 1701 1756 1756 1757 1757 1701 1701 1757 1757 1704 1704 1704 1704 1757 1757 1758 1758 1704 1704 1758 1758 1707 1707 1707 1707 1758 1758 1759 1759 1707 1707 1759 1759 1710 1710 1710 1710 1759 1759 1563 1563 1710 1710 1563 1563 4 4 4 4 1563 1563 58 58 1794 1794 1795 1795 1620 1620 1620 1620 1795 1795 1616 1616 1796 1796 1797 1797 1568 1568 1613 1613 1614 1614 1798 1798 6 6 110 110 1564 1564 1564 1564 110 110 1799 1799 1564 1564 1799 1799 1709 1709 1616 1616 1795 1795 1614 1614 1614 1614 1795 1795 1800 1800 1614 1614 1800 1800 1798 1798 1613 1613 1798 1798 1611 1611 1611 1611 1798 1798 1801 1801 1611 1611 1801 1801 1610 1610 1610 1610 1801 1801 1802 1802 1610 1610 1802 1802 1608 1608 1568 1568 1570 1570 1796 1796 1796 1796 1570 1570 1572 1572 1796 1796 1572 1572 1803 1803 1803 1803 1572 1572 1574 1574 1803 1803 1574 1574 1804 1804 1804 1804 1574 1574 1580 1580 1804 1804 1580 1580 1805 1805 1805 1805 1580 1580 1579 1579 1805 1805 1579 1579 1806 1806 1806 1806 1579 1579 1587 1587 1807 1807 1808 1808 1593 1593 1593 1593 1808 1808 1591 1591 1591 1591 1808 1808 1809 1809 1591 1591 1809 1809 1590 1590 1590 1590 1809 1809 1810 1810 1590 1590 1810 1810 1588 1588 1588 1588 1810 1810 1811 1811 1588 1588 1811 1811 1581 1581 1581 1581 1811 1811 1812 1812 1581 1581 1812 1812 1582 1582 1582 1582 1812 1812 1813 1813 1582 1582 1813 1813 1584 1584 1584 1584 1813 1813 1814 1814 1584 1584 1814 1814 1586 1586 1586 1586 1814 1814 1815 1815 1586 1586 1815 1815 1587 1587 1587 1587 1815 1815 1816 1816 1587 1587 1816 1816 1806 1806 1593 1593 1594 1594 1807 1807 1807 1807 1594 1594 1596 1596 1807 1807 1596 1596 1817 1817 1817 1817 1596 1596 1598 1598 1817 1817 1598 1598 1818 1818 1818 1818 1598 1598 1599 1599 1818 1818 1599 1599 1819 1819 1819 1819 1599 1599 1601 1601 1819 1819 1601 1601 1820 1820 1820 1820 1601 1601 1602 1602 1820 1820 1602 1602 1821 1821 1821 1821 1602 1602 1604 1604 1821 1821 1604 1604 1822 1822 1822 1822 1604 1604 1605 1605 1822 1822 1605 1605 1823 1823 1823 1823 1605 1605 1607 1607 1823 1823 1607 1607 1824 1824 1824 1824 1607 1607 1608 1608 1824 1824 1608 1608 1825 1825 1825 1825 1608 1608 1802 1802 1690 1690 1826 1826 1688 1688 1688 1688 1826 1826 1827 1827 1709 1709 1799 1799 1708 1708 1708 1708 1799 1799 1828 1828 1708 1708 1828 1828 1706 1706 1706 1706 1828 1828 1829 1829 1706 1706 1829 1829 1705 1705 1705 1705 1829 1829 1830 1830 1705 1705 1830 1830 1703 1703 1703 1703 1830 1830 1831 1831 1703 1703 1831 1831 1702 1702 1702 1702 1831 1831 1832 1832 1702 1702 1832 1832 1700 1700 1700 1700 1832 1832 1833 1833 1700 1700 1833 1833 1699 1699 1699 1699 1833 1833 1834 1834 1699 1699 1834 1834 1697 1697 1697 1697 1834 1834 1835 1835 1697 1697 1835 1835 1696 1696 1696 1696 1835 1835 1836 1836 1696 1696 1836 1836 1694 1694 1694 1694 1836 1836 1837 1837 1694 1694 1837 1837 1693 1693 1693 1693 1837 1837 1838 1838 1693 1693 1838 1838 1691 1691 1691 1691 1838 1838 1839 1839 1691 1691 1839 1839 1690 1690 1690 1690 1839 1839 1840 1840 1690 1690 1840 1840 1826 1826 1794 1794 1620 1620 1841 1841 1841 1841 1620 1620 1619 1619 1841 1841 1619 1619 1842 1842 1842 1842 1619 1619 1618 1618 1842 1842 1618 1618 1843 1843 1843 1843 1618 1618 1621 1621 1843 1843 1621 1621 1844 1844 1844 1844 1621 1621 1623 1623 1844 1844 1623 1623 1845 1845 1845 1845 1623 1623 1624 1624 1845 1845 1624 1624 1846 1846 1846 1846 1624 1624 1626 1626 1846 1846 1626 1626 1847 1847 1847 1847 1626 1626 1627 1627 1847 1847 1627 1627 1848 1848 1848 1848 1627 1627 1629 1629 1848 1848 1629 1629 1849 1849 1849 1849 1629 1629 1630 1630 1849 1849 1630 1630 1850 1850 1850 1850 1630 1630 1632 1632 1850 1850 1632 1632 1851 1851 1851 1851 1632 1632 1633 1633 1851 1851 1633 1633 1852 1852 1852 1852 1633 1633 1635 1635 1852 1852 1635 1635 1853 1853 1853 1853 1635 1635 1636 1636 1853 1853 1636 1636 1854 1854 1854 1854 1636 1636 1638 1638 1854 1854 1638 1638 1855 1855 1855 1855 1638 1638 1639 1639 1855 1855 1639 1639 1856 1856 1856 1856 1639 1639 1641 1641 1856 1856 1641 1641 1857 1857 1857 1857 1641 1641 1642 1642 1857 1857 1642 1642 1858 1858 1858 1858 1642 1642 1644 1644 1858 1858 1644 1644 1859 1859 1859 1859 1644 1644 1645 1645 1859 1859 1645 1645 1860 1860 1860 1860 1645 1645 1647 1647 1860 1860 1647 1647 1861 1861 1861 1861 1647 1647 1648 1648 1861 1861 1648 1648 1862 1862 1862 1862 1648 1648 1650 1650 1862 1862 1650 1650 1863 1863 1863 1863 1650 1650 1651 1651 1863 1863 1651 1651 1864 1864 1864 1864 1651 1651 1653 1653 1864 1864 1653 1653 1865 1865 1865 1865 1653 1653 1654 1654 1865 1865 1654 1654 1866 1866 1866 1866 1654 1654 1656 1656 1866 1866 1656 1656 1867 1867 1867 1867 1656 1656 1657 1657 1867 1867 1657 1657 1868 1868 1868 1868 1657 1657 1659 1659 1868 1868 1659 1659 1869 1869 1869 1869 1659 1659 1660 1660 1869 1869 1660 1660 1870 1870 1870 1870 1660 1660 1662 1662 1870 1870 1662 1662 1871 1871 1871 1871 1662 1662 1666 1666 1871 1871 1666 1666 1872 1872 1872 1872 1666 1666 1665 1665 1872 1872 1665 1665 1873 1873 1873 1873 1665 1665 1664 1664 1873 1873 1664 1664 1874 1874 1874 1874 1664 1664 1667 1667 1874 1874 1667 1667 1875 1875 1875 1875 1667 1667 1669 1669 1875 1875 1669 1669 1876 1876 1876 1876 1669 1669 1670 1670 1876 1876 1670 1670 1877 1877 1877 1877 1670 1670 1672 1672 1877 1877 1672 1672 1878 1878 1878 1878 1672 1672 1673 1673 1878 1878 1673 1673 1879 1879 1879 1879 1673 1673 1675 1675 1879 1879 1675 1675 1880 1880 1880 1880 1675 1675 1676 1676 1880 1880 1676 1676 1881 1881 1881 1881 1676 1676 1678 1678 1881 1881 1678 1678 1882 1882 1882 1882 1678 1678 1679 1679 1882 1882 1679 1679 1883 1883 1883 1883 1679 1679 1681 1681 1883 1883 1681 1681 1884 1884 1884 1884 1681 1681 1682 1682 1884 1884 1682 1682 1885 1885 1885 1885 1682 1682 1684 1684 1885 1885 1684 1684 1886 1886 1886 1886 1684 1684 1685 1685 1886 1886 1685 1685 1827 1827 1827 1827 1685 1685 1687 1687 1827 1827 1687 1687 1688 1688 1887 1887 1888 1888 1889 1889 1887 1887 1890 1890 1891 1891 1892 1892 1893 1893 1894 1894 1895 1895 1896 1896 1897 1897 1898 1898 1899 1899 1900 1900 1901 1901 1902 1902 1903 1903 1903 1903 1902 1902 1904 1904 1905 1905 1906 1906 1907 1907 1908 1908 1909 1909 1910 1910 1911 1911 1912 1912 1913 1913 1914 1914 1915 1915 1916 1916 1917 1917 1918 1918 1919 1919 1920 1920 1921 1921 1922 1922 141 141 176 176 1923 1923 146 146 145 145 1924 1924 1925 1925 1926 1926 1927 1927 1928 1928 1929 1929 1930 1930 1931 1931 1932 1932 1930 1930 1930 1930 1932 1932 1933 1933 1930 1930 1933 1933 1928 1928 1929 1929 1934 1934 1930 1930 1930 1930 1934 1934 1935 1935 1930 1930 1935 1935 1936 1936 1936 1936 1935 1935 1937 1937 1938 1938 1939 1939 1940 1940 1940 1940 1939 1939 1936 1936 1940 1940 1936 1936 1941 1941 1941 1941 1936 1936 1937 1937 1942 1942 1943 1943 1931 1931 1943 1943 1944 1944 1931 1931 1931 1931 1944 1944 1945 1945 1931 1931 1945 1945 1932 1932 1946 1946 1947 1947 1948 1948 1948 1948 1947 1947 1949 1949 1946 1946 1950 1950 1947 1947 1947 1947 1950 1950 1951 1951 1947 1947 1951 1951 1952 1952 1953 1953 1954 1954 1955 1955 1954 1954 1956 1956 1955 1955 1955 1955 1956 1956 1957 1957 1955 1955 1957 1957 1958 1958 1958 1958 1957 1957 1949 1949 1959 1959 1960 1960 1961 1961 1959 1959 1961 1961 1962 1962 1963 1963 1964 1964 1965 1965 1965 1965 1964 1964 1961 1961 1965 1965 1961 1961 1960 1960 1938 1938 1966 1966 1939 1939 1939 1939 1966 1966 1967 1967 1939 1939 1967 1967 1968 1968 1925 1925 1927 1927 1969 1969 1970 1970 1971 1971 1972 1972 1971 1971 1973 1973 1972 1972 1972 1972 1973 1973 1974 1974 1972 1972 1974 1974 1975 1975 1975 1975 1974 1974 1976 1976 1975 1975 1976 1976 1977 1977 1978 1978 1979 1979 1980 1980 1980 1980 1979 1979 1981 1981 1980 1980 1981 1981 1982 1982 1979 1979 1983 1983 1981 1981 1981 1981 1983 1983 1984 1984 1981 1981 1984 1984 1985 1985 1986 1986 1987 1987 1988 1988 1988 1988 1987 1987 1989 1989 1990 1990 1991 1991 1980 1980 1980 1980 1991 1991 1992 1992 1980 1980 1992 1992 1978 1978 1993 1993 1994 1994 1995 1995 1995 1995 1994 1994 1996 1996 1995 1995 1996 1996 1997 1997 1997 1997 1998 1998 1995 1995 1995 1995 1998 1998 1999 1999 1995 1995 1999 1999 2000 2000 2000 2000 2001 2001 2002 2002 2002 2002 2001 2001 2003 2003 2002 2002 2003 2003 2004 2004 2005 2005 2006 2006 1993 1993 2006 2006 2007 2007 1993 1993 1993 1993 2007 2007 2008 2008 1993 1993 2008 2008 1994 1994 2009 2009 2010 2010 2011 2011 2011 2011 2010 2010 2012 2012 2011 2011 2012 2012 2013 2013 2014 2014 2015 2015 2016 2016 2016 2016 2015 2015 2017 2017 2016 2016 2017 2017 2018 2018 2019 2019 2020 2020 2021 2021 2021 2021 2020 2020 2022 2022 2021 2021 2022 2022 2023 2023 2019 2019 2024 2024 2020 2020 2020 2020 2024 2024 2025 2025 2020 2020 2025 2025 2026 2026 2027 2027 2028 2028 2029 2029 2029 2029 2028 2028 2030 2030 2027 2027 2031 2031 2028 2028 2028 2028 2031 2031 2032 2032 2028 2028 2032 2032 2022 2022 2022 2022 2032 2032 2033 2033 2022 2022 2033 2033 2023 2023 2034 2034 2035 2035 2036 2036 2036 2036 2035 2035 2037 2037 2038 2038 2039 2039 2040 2040 2040 2040 2039 2039 2041 2041 2040 2040 2041 2041 2042 2042 2043 2043 2044 2044 2045 2045 2045 2045 2044 2044 2046 2046 2045 2045 2046 2046 2047 2047 2047 2047 2048 2048 2045 2045 2045 2045 2048 2048 2049 2049 2045 2045 2049 2049 2050 2050 2051 2051 2052 2052 2053 2053 2054 2054 2055 2055 2056 2056 2056 2056 2055 2055 2057 2057 2054 2054 2058 2058 2055 2055 2055 2055 2058 2058 2059 2059 2055 2055 2059 2059 2043 2043 2043 2043 2059 2059 2060 2060 2043 2043 2060 2060 2044 2044 2026 2026 2061 2061 2062 2062 2062 2062 2061 2061 2063 2063 2062 2062 2063 2063 2064 2064 2064 2064 2065 2065 2051 2051 2051 2051 2065 2065 2066 2066 2051 2051 2066 2066 2052 2052 2067 2067 2068 2068 2069 2069 2069 2069 2068 2068 2070 2070 2071 2071 2072 2072 2073 2073 2073 2073 2072 2072 2074 2074 2073 2073 2074 2074 2075 2075 152 152 2076 2076 2072 2072 2072 2072 2076 2076 2077 2077 2072 2072 2077 2077 2074 2074 144 144 157 157 2078 2078 2078 2078 157 157 2079 2079 2079 2079 157 157 159 159 2079 2079 159 159 150 150 175 175 178 178 2080 2080 178 178 135 135 2080 2080 2080 2080 135 135 134 134 2080 2080 134 134 1924 1924 1924 1924 134 134 147 147 1924 1924 147 147 146 146 123 123 122 122 2081 2081 2081 2081 122 122 128 128 137 137 138 138 2082 2082 2082 2082 138 138 143 143 2082 2082 143 143 139 139 127 127 126 126 125 125 81 81 127 127 2081 2081 127 127 125 125 2081 2081 2081 2081 125 125 124 124 2081 2081 124 124 123 123 69 69 2083 2083 70 70 70 70 2083 2083 2084 2084 2085 2085 2086 2086 2087 2087 2087 2087 2086 2086 2084 2084 2088 2088 2089 2089 2090 2090 2090 2090 2089 2089 2091 2091 2090 2090 2091 2091 2092 2092 2092 2092 2091 2091 2093 2093 2093 2093 2091 2091 2094 2094 2093 2093 2094 2094 2095 2095 2096 2096 2097 2097 2094 2094 2094 2094 2097 2097 2098 2098 2094 2094 2098 2098 2095 2095 2099 2099 2100 2100 2101 2101 2101 2101 2100 2100 2102 2102 2101 2101 2102 2102 2103 2103 2103 2103 2102 2102 2104 2104 2103 2103 2104 2104 2096 2096 2096 2096 2104 2104 2105 2105 2096 2096 2105 2105 2097 2097 2106 2106 1995 1995 2107 2107 2107 2107 1995 1995 2108 2108 2000 2000 2002 2002 1995 1995 1995 1995 2002 2002 2109 2109 1995 1995 2109 2109 2108 2108 2110 2110 2002 2002 2111 2111 2110 2110 2112 2112 2002 2002 2002 2002 2112 2112 2113 2113 2002 2002 2113 2113 2109 2109 1920 1920 2114 2114 1921 1921 1921 1921 2114 2114 2115 2115 1921 1921 2115 2115 2111 2111 2111 2111 2115 2115 2116 2116 2111 2111 2116 2116 2110 2110 2117 2117 2118 2118 1922 1922 1922 1922 2118 2118 2119 2119 1922 1922 2119 2119 1920 1920 1919 1919 1918 1918 2120 2120 2120 2120 1918 1918 2121 2121 2120 2120 2121 2121 2122 2122 2122 2122 2123 2123 2120 2120 2120 2120 2123 2123 2124 2124 2120 2120 2124 2124 2125 2125 1915 1915 2126 2126 1916 1916 1916 1916 2126 2126 2127 2127 1916 1916 2127 2127 1919 1919 1919 1919 2127 2127 2128 2128 1919 1919 2128 2128 1917 1917 2129 2129 2130 2130 2131 2131 2129 2129 2131 2131 1912 1912 1908 1908 1910 1910 2132 2132 2132 2132 2133 2133 2134 2134 2134 2134 2133 2133 2135 2135 2136 2136 2137 2137 2138 2138 2138 2138 2137 2137 2139 2139 2138 2138 2139 2139 2133 2133 2133 2133 2139 2139 2140 2140 2133 2133 2140 2140 2135 2135 2136 2136 2138 2138 2141 2141 2141 2141 2138 2138 2142 2142 2141 2141 2142 2142 2143 2143 2144 2144 2145 2145 2146 2146 2146 2146 2145 2145 2147 2147 2146 2146 2147 2147 2142 2142 2142 2142 2147 2147 2148 2148 2142 2142 2148 2148 2143 2143 2144 2144 2146 2146 2149 2149 2149 2149 2146 2146 2150 2150 2149 2149 2150 2150 2151 2151 2151 2151 2150 2150 2152 2152 2152 2152 2150 2150 2153 2153 2152 2152 2153 2153 2154 2154 2154 2154 2153 2153 2155 2155 2155 2155 2153 2153 2156 2156 2155 2155 2156 2156 2157 2157 2158 2158 2159 2159 2156 2156 2156 2156 2159 2159 2160 2160 2156 2156 2160 2160 2157 2157 2161 2161 2162 2162 2163 2163 2163 2163 2162 2162 2164 2164 2163 2163 2164 2164 2158 2158 2158 2158 2164 2164 2165 2165 2158 2158 2165 2165 2159 2159 2161 2161 2163 2163 2166 2166 2166 2166 2163 2163 2167 2167 2166 2166 2167 2167 2168 2168 2168 2168 2167 2167 2169 2169 2169 2169 2167 2167 2170 2170 2169 2169 2170 2170 2171 2171 2172 2172 2173 2173 2170 2170 2170 2170 2173 2173 2174 2174 2170 2170 2174 2174 2171 2171 2175 2175 2176 2176 2172 2172 2172 2172 2176 2176 2177 2177 2172 2172 2177 2177 2173 2173 1906 1906 1905 1905 2172 2172 2172 2172 1905 1905 2178 2178 2172 2172 2178 2178 2175 2175 2179 2179 2180 2180 2181 2181 2181 2181 2180 2180 2182 2182 2181 2181 2182 2182 2183 2183 2184 2184 2185 2185 2186 2186 2186 2186 2185 2185 2187 2187 2188 2188 2189 2189 2190 2190 2188 2188 2190 2190 2191 2191 2192 2192 2193 2193 2194 2194 2194 2194 2193 2193 2195 2195 2196 2196 2197 2197 2198 2198 2198 2198 2197 2197 2194 2194 2198 2198 2194 2194 2199 2199 2199 2199 2194 2194 2195 2195 2200 2200 2201 2201 2192 2192 2202 2202 2203 2203 2204 2204 2204 2204 2203 2203 2205 2205 2204 2204 2205 2205 2206 2206 2207 2207 2208 2208 2209 2209 2209 2209 2208 2208 2210 2210 2211 2211 2212 2212 2213 2213 2213 2213 2212 2212 2214 2214 2215 2215 2216 2216 1930 1930 1930 1930 2216 2216 2217 2217 2218 2218 2219 2219 1936 1936 1936 1936 2219 2219 2220 2220 1936 1936 2220 2220 1930 1930 1930 1930 2220 2220 2221 2221 1930 1930 2221 2221 2215 2215 2222 2222 2223 2223 2224 2224 2224 2224 2223 2223 2225 2225 2226 2226 2227 2227 2228 2228 2229 2229 2230 2230 1891 1891 1891 1891 2230 2230 2231 2231 2232 2232 2233 2233 2234 2234 2234 2234 2233 2233 2235 2235 2018 2018 2005 2005 2016 2016 2016 2016 2005 2005 1993 1993 2016 2016 1993 1993 2103 2103 2103 2103 1993 1993 1995 1995 2103 2103 1995 1995 2101 2101 2101 2101 1995 1995 2106 2106 2101 2101 2106 2106 2099 2099 2124 2124 2117 2117 2125 2125 2125 2125 2117 2117 1922 1922 2125 2125 1922 1922 2236 2236 2236 2236 1922 1922 1921 1921 2236 2236 1921 1921 2237 2237 2237 2237 1921 1921 2111 2111 2237 2237 2111 2111 1988 1988 1988 1988 2111 2111 2002 2002 1988 1988 2002 2002 1986 1986 1986 1986 2002 2002 2004 2004 2013 2013 2014 2014 2011 2011 2011 2011 2014 2014 2016 2016 2011 2011 2016 2016 2238 2238 2238 2238 2016 2016 2103 2103 2238 2238 2103 2103 2239 2239 2239 2239 2103 2103 2096 2096 2239 2239 2096 2096 2240 2240 2240 2240 2096 2096 2094 2094 2240 2240 2094 2094 2241 2241 2241 2241 2094 2094 2091 2091 2241 2241 2091 2091 2242 2242 2242 2242 2091 2091 2089 2089 2242 2242 2089 2089 2243 2243 2243 2243 2089 2089 2088 2088 1989 1989 1990 1990 1988 1988 1988 1988 1990 1990 1980 1980 1988 1988 1980 1980 2237 2237 2237 2237 1980 1980 1982 1982 2237 2237 1982 1982 2236 2236 2236 2236 1982 1982 2244 2244 2236 2236 2244 2244 2125 2125 2125 2125 2244 2244 2245 2245 2125 2125 2245 2245 2120 2120 2129 2129 1914 1914 2130 2130 2130 2130 1914 1914 1916 1916 2130 2130 1916 1916 2246 2246 2246 2246 1916 1916 1919 1919 2246 2246 1919 1919 1904 1904 1904 1904 1919 1919 2120 2120 1904 1904 2120 2120 1903 1903 1903 1903 2120 2120 2245 2245 1903 1903 2245 2245 1901 1901 1902 1902 2247 2247 1904 1904 1904 1904 2247 2247 2248 2248 1904 1904 2248 2248 2246 2246 2246 2246 2248 2248 2249 2249 2246 2246 2249 2249 2130 2130 2130 2130 2249 2249 2250 2250 2130 2130 2250 2250 2131 2131 1985 1985 1970 1970 1981 1981 1981 1981 1970 1970 1972 1972 1981 1981 1972 1972 1982 1982 1982 1982 1972 1972 2251 2251 1982 1982 2251 2251 2244 2244 2244 2244 2251 2251 2252 2252 2244 2244 2252 2252 2245 2245 2245 2245 2252 2252 2253 2253 2245 2245 2253 2253 1901 1901 2254 2254 1898 1898 2255 2255 2256 2256 2085 2085 2257 2257 2257 2257 2085 2085 2258 2258 2257 2257 2258 2258 2259 2259 2259 2259 2258 2258 2260 2260 2259 2259 2260 2260 2261 2261 2261 2261 2260 2260 2262 2262 2261 2261 2262 2262 2263 2263 2263 2263 2262 2262 2264 2264 2263 2263 2264 2264 2265 2265 2265 2265 2264 2264 2266 2266 2265 2265 2266 2266 2267 2267 2267 2267 2266 2266 2268 2268 2267 2267 2268 2268 1975 1975 1975 1975 2268 2268 2269 2269 1975 1975 2269 2269 1972 1972 1972 1972 2269 2269 2270 2270 1972 1972 2270 2270 2251 2251 2251 2251 2270 2270 2271 2271 2251 2251 2271 2271 2252 2252 2252 2252 2271 2271 2272 2272 2252 2252 2272 2272 2253 2253 2253 2253 2272 2272 2273 2273 2253 2253 2273 2273 1901 1901 1901 1901 2273 2273 2274 2274 1901 1901 2274 2274 1902 1902 1902 1902 2274 2274 2275 2275 1902 1902 2275 2275 2247 2247 1896 1896 1895 1895 2276 2276 2276 2276 1895 1895 2277 2277 2276 2276 2277 2277 2278 2278 2254 2254 2255 2255 2279 2279 2279 2279 2255 2255 2280 2280 2279 2279 2280 2280 2281 2281 2281 2281 2280 2280 2282 2282 2281 2281 2282 2282 2283 2283 2283 2283 2282 2282 2284 2284 2283 2283 2284 2284 2285 2285 2285 2285 2284 2284 2045 2045 2285 2285 2045 2045 2035 2035 2035 2035 2045 2045 2050 2050 2035 2035 2050 2050 2037 2037 1912 1912 2131 2131 1913 1913 1913 1913 2131 2131 2250 2250 1913 1913 2250 2250 2286 2286 2286 2286 2250 2250 2287 2287 2286 2286 2287 2287 2288 2288 2288 2288 2287 2287 2289 2289 2288 2288 2289 2289 2290 2290 2290 2290 2289 2289 2291 2291 2290 2290 2291 2291 2292 2292 2292 2292 2291 2291 2293 2293 2292 2292 2293 2293 2294 2294 2294 2294 2293 2293 2040 2040 2294 2294 2040 2040 2028 2028 2028 2028 2040 2040 2042 2042 2028 2028 2042 2042 2030 2030 2295 2295 2296 2296 2297 2297 2297 2297 2296 2296 2298 2298 2299 2299 1893 1893 2300 2300 2300 2300 1893 1893 1892 1892 2300 2300 1892 1892 2301 2301 2302 2302 2303 2303 2304 2304 2304 2304 2303 2303 2305 2305 2304 2304 2305 2305 2306 2306 2307 2307 2299 2299 2308 2308 2308 2308 2299 2299 2300 2300 2308 2308 2300 2300 2309 2309 2309 2309 2300 2300 2301 2301 2309 2309 2301 2301 2310 2310 1888 1888 1887 1887 2311 2311 2311 2311 1887 1887 1891 1891 2311 2311 1891 1891 2226 2226 2226 2226 1891 1891 2231 2231 2226 2226 2231 2231 2227 2227 2312 2312 2313 2313 2314 2314 2315 2315 2307 2307 2316 2316 2316 2316 2307 2307 2308 2308 2316 2316 2308 2308 2317 2317 2317 2317 2308 2308 2309 2309 2317 2317 2309 2309 2318 2318 2318 2318 2309 2309 2310 2310 1964 1964 2318 2318 2319 2319 2319 2319 2318 2318 2310 2310 2319 2319 2310 2310 2320 2320 2320 2320 2310 2310 2301 2301 2320 2320 2301 2301 2321 2321 2321 2321 2301 2301 1892 1892 2321 2321 1892 1892 2322 2322 2322 2322 1892 1892 1894 1894 2322 2322 1894 1894 2323 2323 2324 2324 2325 2325 2326 2326 2326 2326 2325 2325 2327 2327 2326 2326 2327 2327 2328 2328 2328 2328 2327 2327 2329 2329 2328 2328 2329 2329 2330 2330 2330 2330 2329 2329 2331 2331 2330 2330 2331 2331 2332 2332 2332 2332 2331 2331 2333 2333 2332 2332 2333 2333 2334 2334 2334 2334 2333 2333 2335 2335 2334 2334 2335 2335 2336 2336 2336 2336 2335 2335 2337 2337 2336 2336 2337 2337 2338 2338 2338 2338 2337 2337 2339 2339 2338 2338 2339 2339 2340 2340 2340 2340 2339 2339 2341 2341 2340 2340 2341 2341 2342 2342 2342 2342 2341 2341 2343 2343 2342 2342 2343 2343 2344 2344 2344 2344 2343 2343 2345 2345 2344 2344 2345 2345 2346 2346 1899 1899 2324 2324 1900 1900 1900 1900 2324 2324 2326 2326 1900 1900 2326 2326 2347 2347 2347 2347 2326 2326 2328 2328 2347 2347 2328 2328 2348 2348 2348 2348 2328 2328 2330 2330 2348 2348 2330 2330 2349 2349 2349 2349 2330 2330 2332 2332 2349 2349 2332 2332 2350 2350 2350 2350 2332 2332 2334 2334 2350 2350 2334 2334 2351 2351 2351 2351 2334 2334 2336 2336 2351 2351 2336 2336 2352 2352 2352 2352 2336 2336 2338 2338 2352 2352 2338 2338 2353 2353 2353 2353 2338 2338 2340 2340 2353 2353 2340 2340 2354 2354 2354 2354 2340 2340 2342 2342 2354 2354 2342 2342 2355 2355 2355 2355 2342 2342 2344 2344 2355 2355 2344 2344 2356 2356 2356 2356 2344 2344 2346 2346 2356 2356 2346 2346 2357 2357 2064 2064 2051 2051 2062 2062 2062 2062 2051 2051 2358 2358 2062 2062 2358 2358 2359 2359 2359 2359 2358 2358 2360 2360 2359 2359 2360 2360 2361 2361 2361 2361 2360 2360 2362 2362 2361 2361 2362 2362 2363 2363 2363 2363 2362 2362 2364 2364 2363 2363 2364 2364 2365 2365 2365 2365 2364 2364 2366 2366 2365 2365 2366 2366 2367 2367 2179 2179 2181 2181 2368 2368 2368 2368 2181 2181 2369 2369 2368 2368 2369 2369 2370 2370 2370 2370 2369 2369 2371 2371 2370 2370 2371 2371 2372 2372 2372 2372 2371 2371 2373 2373 2372 2372 2373 2373 2374 2374 2374 2374 2373 2373 2375 2375 2374 2374 2375 2375 2376 2376 2376 2376 2375 2375 2377 2377 2376 2376 2377 2377 2020 2020 2020 2020 2377 2377 2378 2378 2020 2020 2378 2378 2022 2022 2022 2022 2378 2378 2379 2379 2022 2022 2379 2379 2028 2028 2028 2028 2379 2379 2380 2380 2028 2028 2380 2380 2294 2294 2294 2294 2380 2380 2381 2381 2294 2294 2381 2381 2292 2292 2292 2292 2381 2381 2382 2382 2292 2292 2382 2382 2290 2290 2290 2290 2382 2382 2383 2383 2290 2290 2383 2383 2288 2288 2288 2288 2383 2383 1910 1910 2288 2288 1910 1910 2286 2286 2286 2286 1910 1910 1909 1909 2286 2286 1909 1909 1913 1913 1913 1913 1909 1909 2384 2384 1913 1913 2384 2384 1911 1911 2026 2026 2062 2062 2020 2020 2020 2020 2062 2062 2359 2359 2020 2020 2359 2359 2376 2376 2376 2376 2359 2359 2361 2361 2376 2376 2361 2361 2374 2374 2374 2374 2361 2361 2363 2363 2374 2374 2363 2363 2372 2372 2372 2372 2363 2363 2365 2365 2372 2372 2365 2365 2370 2370 2370 2370 2365 2365 2367 2367 2370 2370 2367 2367 2368 2368 2132 2132 1910 1910 2133 2133 2133 2133 1910 1910 2383 2383 2133 2133 2383 2383 2138 2138 2138 2138 2383 2383 2382 2382 2138 2138 2382 2382 2142 2142 2142 2142 2382 2382 2381 2381 2142 2142 2381 2381 2146 2146 2146 2146 2381 2381 2380 2380 2146 2146 2380 2380 2150 2150 2150 2150 2380 2380 2379 2379 2150 2150 2379 2379 2153 2153 2153 2153 2379 2379 2378 2378 2153 2153 2378 2378 2156 2156 2156 2156 2378 2378 2377 2377 2156 2156 2377 2377 2158 2158 2158 2158 2377 2377 2375 2375 2158 2158 2375 2375 2163 2163 2163 2163 2375 2375 2373 2373 2163 2163 2373 2373 2167 2167 2167 2167 2373 2373 2371 2371 2167 2167 2371 2371 2170 2170 2170 2170 2371 2371 2369 2369 2170 2170 2369 2369 2172 2172 2172 2172 2369 2369 2181 2181 2172 2172 2181 2181 1906 1906 1906 1906 2181 2181 2183 2183 1906 1906 2183 2183 1907 1907 1963 1963 1953 1953 1964 1964 1964 1964 1953 1953 1955 1955 1964 1964 1955 1955 2318 2318 2318 2318 1955 1955 2385 2385 2318 2318 2385 2385 2317 2317 2317 2317 2385 2385 2386 2386 2317 2317 2386 2386 2316 2316 2316 2316 2386 2386 2387 2387 2316 2316 2387 2387 2315 2315 2315 2315 2387 2387 2297 2297 2313 2313 2312 2312 2388 2388 2388 2388 2312 2312 2389 2389 2388 2388 2389 2389 1927 1927 2390 2390 2218 2218 2391 2391 2391 2391 2218 2218 1936 1936 2391 2391 1936 1936 2389 2389 2389 2389 1936 1936 1939 1939 2389 2389 1939 1939 1927 1927 1927 1927 1939 1939 1968 1968 1927 1927 1968 1968 1969 1969 2297 2297 2387 2387 2392 2392 2392 2392 2387 2387 2386 2386 2392 2392 2386 2386 2393 2393 2393 2393 2386 2386 2385 2385 2393 2393 2385 2385 2394 2394 2394 2394 2385 2385 1955 1955 2394 2394 1955 1955 2395 2395 2395 2395 1955 1955 1958 1958 2395 2395 1958 1958 2396 2396 1949 1949 1947 1947 1958 1958 1958 1958 1947 1947 2397 2397 1958 1958 2397 2397 2396 2396 2357 2357 2346 2346 2398 2398 2398 2398 2346 2346 2399 2399 2398 2398 2399 2399 2190 2190 2184 2184 2179 2179 2185 2185 2185 2185 2179 2179 2368 2368 2185 2185 2368 2368 2400 2400 2400 2400 2368 2368 2367 2367 2400 2400 2367 2367 2401 2401 2401 2401 2367 2367 2366 2366 2401 2401 2366 2366 2402 2402 2402 2402 2366 2366 2364 2364 2402 2402 2364 2364 2403 2403 2403 2403 2364 2364 2362 2362 2403 2403 2362 2362 2404 2404 2404 2404 2362 2362 2360 2360 2404 2404 2360 2360 2405 2405 2405 2405 2360 2360 2358 2358 2405 2405 2358 2358 2406 2406 2406 2406 2358 2358 2051 2051 2406 2406 2051 2051 2055 2055 2055 2055 2051 2051 2053 2053 2055 2055 2053 2053 2057 2057 1898 1898 1900 1900 2255 2255 2255 2255 1900 1900 2347 2347 2255 2255 2347 2347 2280 2280 2280 2280 2347 2347 2348 2348 2280 2280 2348 2348 2282 2282 2282 2282 2348 2348 2349 2349 2282 2282 2349 2349 2284 2284 2284 2284 2349 2349 2350 2350 2284 2284 2350 2350 2045 2045 2045 2045 2350 2350 2351 2351 2045 2045 2351 2351 2043 2043 2043 2043 2351 2351 2352 2352 2043 2043 2352 2352 2055 2055 2055 2055 2352 2352 2353 2353 2055 2055 2353 2353 2406 2406 2406 2406 2353 2353 2354 2354 2406 2406 2354 2354 2405 2405 2405 2405 2354 2354 2355 2355 2405 2405 2355 2355 2404 2404 2404 2404 2355 2355 2356 2356 2404 2404 2356 2356 2403 2403 2403 2403 2356 2356 2357 2357 2403 2403 2357 2357 2402 2402 2402 2402 2357 2357 2398 2398 2402 2402 2398 2398 2401 2401 2401 2401 2398 2398 2190 2190 2401 2401 2190 2190 2400 2400 2400 2400 2190 2190 2189 2189 2400 2400 2189 2189 2185 2185 2185 2185 2189 2189 2407 2407 2185 2185 2407 2407 2187 2187 2192 2192 2194 2194 2200 2200 2200 2200 2194 2194 2408 2408 2200 2200 2408 2408 2409 2409 2410 2410 2411 2411 2412 2412 2412 2412 2411 2411 2413 2413 2412 2412 2413 2413 2414 2414 2414 2414 2413 2413 2415 2415 2414 2414 2415 2415 2416 2416 2416 2416 2415 2415 2417 2417 2416 2416 2417 2417 2418 2418 2418 2418 2417 2417 2419 2419 2418 2418 2419 2419 2420 2420 2420 2420 2419 2419 2421 2421 2420 2420 2421 2421 2422 2422 2422 2422 2421 2421 2423 2423 2422 2422 2423 2423 2424 2424 2424 2424 2423 2423 2425 2425 2424 2424 2425 2425 2426 2426 2426 2426 2425 2425 2427 2427 2426 2426 2427 2427 2428 2428 2428 2428 2427 2427 2429 2429 2428 2428 2429 2429 2409 2409 2409 2409 2429 2429 2206 2206 2409 2409 2206 2206 2200 2200 2200 2200 2206 2206 2205 2205 2200 2200 2205 2205 2201 2201 2196 2196 2191 2191 2197 2197 2197 2197 2191 2191 2190 2190 2197 2197 2190 2190 2194 2194 2194 2194 2190 2190 2399 2399 2194 2194 2399 2399 2408 2408 2408 2408 2399 2399 2346 2346 2408 2408 2346 2346 2409 2409 2409 2409 2346 2346 2345 2345 2409 2409 2345 2345 2428 2428 2428 2428 2345 2345 2343 2343 2428 2428 2343 2343 2426 2426 2426 2426 2343 2343 2341 2341 2426 2426 2341 2341 2424 2424 2424 2424 2341 2341 2339 2339 2424 2424 2339 2339 2422 2422 2422 2422 2339 2339 2337 2337 2422 2422 2337 2337 2420 2420 2420 2420 2337 2337 2335 2335 2420 2420 2335 2335 2418 2418 2418 2418 2335 2335 2333 2333 2418 2418 2333 2333 2416 2416 2416 2416 2333 2333 2331 2331 2416 2416 2331 2331 2414 2414 2414 2414 2331 2331 2329 2329 2414 2414 2329 2329 2412 2412 2412 2412 2329 2329 2327 2327 2412 2412 2327 2327 2410 2410 2410 2410 2327 2327 2325 2325 1952 1952 1942 1942 1947 1947 1947 1947 1942 1942 1931 1931 1947 1947 1931 1931 2397 2397 2397 2397 1931 1931 1930 1930 2397 2397 1930 1930 2213 2213 2213 2213 1930 1930 2217 2217 2213 2213 2217 2217 2211 2211 2295 2295 2297 2297 2430 2430 2430 2430 2297 2297 2392 2392 2430 2430 2392 2392 2431 2431 2431 2431 2392 2392 2393 2393 2431 2431 2393 2393 2432 2432 2432 2432 2393 2393 2394 2394 2432 2432 2394 2394 2433 2433 2433 2433 2394 2394 2395 2395 2433 2433 2395 2395 2434 2434 2434 2434 2395 2395 2396 2396 2434 2434 2396 2396 2435 2435 2435 2435 2396 2396 2397 2397 2435 2435 2397 2397 2436 2436 2436 2436 2397 2397 2213 2213 2436 2436 2213 2213 2209 2209 2209 2209 2213 2213 2214 2214 2209 2209 2214 2214 2207 2207 2411 2411 2298 2298 2413 2413 2413 2413 2298 2298 2296 2296 2413 2413 2296 2296 2415 2415 2415 2415 2296 2296 2295 2295 2415 2415 2295 2295 2417 2417 2417 2417 2295 2295 2430 2430 2417 2417 2430 2430 2419 2419 2419 2419 2430 2430 2431 2431 2419 2419 2431 2431 2421 2421 2421 2421 2431 2431 2432 2432 2421 2421 2432 2432 2423 2423 2423 2423 2432 2432 2433 2433 2423 2423 2433 2433 2425 2425 2425 2425 2433 2433 2434 2434 2425 2425 2434 2434 2427 2427 2427 2427 2434 2434 2435 2435 2427 2427 2435 2435 2429 2429 2429 2429 2435 2435 2436 2436 2429 2429 2436 2436 2206 2206 2206 2206 2436 2436 2209 2209 2206 2206 2209 2209 2204 2204 2204 2204 2209 2209 2210 2210 2204 2204 2210 2210 2202 2202 176 176 175 175 1923 1923 1923 1923 175 175 2080 2080 1923 1923 2080 2080 2437 2437 2437 2437 2080 2080 1924 1924 2437 2437 1924 1924 2438 2438 2438 2438 1924 1924 2439 2439 2438 2438 2439 2439 2440 2440 2440 2440 2439 2439 2441 2441 2440 2440 2441 2441 2442 2442 2442 2442 2441 2441 2443 2443 2442 2442 2443 2443 2314 2314 2314 2314 2443 2443 2444 2444 2314 2314 2444 2444 2312 2312 2312 2312 2444 2444 2224 2224 2312 2312 2224 2224 2389 2389 2389 2389 2224 2224 2225 2225 2389 2389 2225 2225 2391 2391 2391 2391 2225 2225 2445 2445 2391 2391 2445 2445 2390 2390 2446 2446 2078 2078 2447 2447 2447 2447 2078 2078 2079 2079 2447 2447 2079 2079 2072 2072 2072 2072 2079 2079 150 150 2072 2072 150 150 152 152 1888 1888 2446 2446 1889 1889 1889 1889 2446 2446 2447 2447 1889 1889 2447 2447 2448 2448 2448 2448 2447 2447 2072 2072 2448 2448 2072 2072 2069 2069 2069 2069 2072 2072 2071 2071 2069 2069 2071 2071 2067 2067 2070 2070 2449 2449 2069 2069 2069 2069 2449 2449 2450 2450 2069 2069 2450 2450 2448 2448 2448 2448 2450 2450 2232 2232 2448 2448 2232 2232 1889 1889 1889 1889 2232 2232 2234 2234 1889 1889 2234 2234 1887 1887 1887 1887 2234 2234 2235 2235 1887 1887 2235 2235 1890 1890 1890 1890 2235 2235 2451 2451 1890 1890 2451 2451 1891 1891 1891 1891 2451 2451 2452 2452 1891 1891 2452 2452 2229 2229 145 145 144 144 1924 1924 1924 1924 144 144 2078 2078 1924 1924 2078 2078 2439 2439 2439 2439 2078 2078 2446 2446 2439 2439 2446 2446 2441 2441 2441 2441 2446 2446 1888 1888 2441 2441 1888 1888 2443 2443 2443 2443 1888 1888 2311 2311 2443 2443 2311 2311 2444 2444 2444 2444 2311 2311 2226 2226 2444 2444 2226 2226 2224 2224 2224 2224 2226 2226 2228 2228 2224 2224 2228 2228 2222 2222 2084 2084 2083 2083 2087 2087 2087 2087 2083 2083 2453 2453 2087 2087 2453 2453 2454 2454 2454 2454 2453 2453 2455 2455 2454 2454 2455 2455 2456 2456 2456 2456 2455 2455 2457 2457 2456 2456 2457 2457 2458 2458 2458 2458 2457 2457 2459 2459 2458 2458 2459 2459 2460 2460 2460 2460 2459 2459 2461 2461 2460 2460 2461 2461 2462 2462 2462 2462 2461 2461 2463 2463 2462 2462 2463 2463 2464 2464 2464 2464 2463 2463 2465 2465 2464 2464 2465 2465 2466 2466 2466 2466 2465 2465 2467 2467 2466 2466 2467 2467 2468 2468 2468 2468 2467 2467 2469 2469 2468 2468 2469 2469 1897 1897 1897 1897 2469 2469 2470 2470 1897 1897 2470 2470 1895 1895 1895 1895 2470 2470 2471 2471 1895 1895 2471 2471 2277 2277 2085 2085 2087 2087 2258 2258 2258 2258 2087 2087 2454 2454 2258 2258 2454 2454 2260 2260 2260 2260 2454 2454 2456 2456 2260 2260 2456 2456 2262 2262 2262 2262 2456 2456 2458 2458 2262 2262 2458 2458 2264 2264 2264 2264 2458 2458 2460 2460 2264 2264 2460 2460 2266 2266 2266 2266 2460 2460 2462 2462 2266 2266 2462 2462 2268 2268 2268 2268 2462 2462 2464 2464 2268 2268 2464 2464 2269 2269 2269 2269 2464 2464 2466 2466 2269 2269 2466 2466 2270 2270 2270 2270 2466 2466 2468 2468 2270 2270 2468 2468 2271 2271 2271 2271 2468 2468 1897 1897 2271 2271 1897 1897 2272 2272 2272 2272 1897 1897 1896 1896 2272 2272 1896 1896 2273 2273 2273 2273 1896 1896 2276 2276 2273 2273 2276 2276 2274 2274 2274 2274 2276 2276 2278 2278 2274 2274 2278 2278 2275 2275 128 128 137 137 2081 2081 2081 2081 137 137 2082 2082 2081 2081 2082 2082 2472 2472 2472 2472 2082 2082 2473 2473 2472 2472 2473 2473 2474 2474 2474 2474 2473 2473 2475 2475 2474 2474 2475 2475 2323 2323 2323 2323 2475 2475 2476 2476 2323 2323 2476 2476 2322 2322 2322 2322 2476 2476 2477 2477 2322 2322 2477 2477 2321 2321 2321 2321 2477 2477 2306 2306 2321 2321 2306 2306 2320 2320 2320 2320 2306 2306 2305 2305 2320 2320 2305 2305 2319 2319 2319 2319 2305 2305 2303 2303 2319 2319 2303 2303 1964 1964 1964 1964 2303 2303 2302 2302 1964 1964 2302 2302 1961 1961 1977 1977 2009 2009 1975 1975 1975 1975 2009 2009 2011 2011 1975 1975 2011 2011 2267 2267 2267 2267 2011 2011 2238 2238 2267 2267 2238 2238 2265 2265 2265 2265 2238 2238 2239 2239 2265 2265 2239 2239 2263 2263 2263 2263 2239 2239 2240 2240 2263 2263 2240 2240 2261 2261 2261 2261 2240 2240 2241 2241 2261 2261 2241 2241 2259 2259 2259 2259 2241 2241 2242 2242 2259 2259 2242 2242 2257 2257 2257 2257 2242 2242 2243 2243 2257 2257 2243 2243 2256 2256 139 139 141 141 2082 2082 2082 2082 141 141 1923 1923 2082 2082 1923 1923 2473 2473 2473 2473 1923 1923 2437 2437 2473 2473 2437 2437 2475 2475 2475 2475 2437 2437 2438 2438 2475 2475 2438 2438 2476 2476 2476 2476 2438 2438 2440 2440 2476 2476 2440 2440 2477 2477 2477 2477 2440 2440 2442 2442 2477 2477 2442 2442 2306 2306 2306 2306 2442 2442 2314 2314 2306 2306 2314 2314 2304 2304 2304 2304 2314 2314 2313 2313 2304 2304 2313 2313 2302 2302 2302 2302 2313 2313 2388 2388 2302 2302 2388 2388 1961 1961 1961 1961 2388 2388 1927 1927 1961 1961 1927 1927 1962 1962 1962 1962 1927 1927 1926 1926 69 69 81 81 2083 2083 2083 2083 81 81 2081 2081 2083 2083 2081 2081 2453 2453 2453 2453 2081 2081 2472 2472 2453 2453 2472 2472 2455 2455 2455 2455 2472 2472 2474 2474 2455 2455 2474 2474 2457 2457 2457 2457 2474 2474 2323 2323 2457 2457 2323 2323 2459 2459 2459 2459 2323 2323 1894 1894 2459 2459 1894 1894 2461 2461 2461 2461 1894 1894 1893 1893 2461 2461 1893 1893 2463 2463 2463 2463 1893 1893 2299 2299 2463 2463 2299 2299 2465 2465 2465 2465 2299 2299 2307 2307 2465 2465 2307 2307 2467 2467 2467 2467 2307 2307 2315 2315 2467 2467 2315 2315 2469 2469 2469 2469 2315 2315 2297 2297 2469 2469 2297 2297 2470 2470 2470 2470 2297 2297 2298 2298 2470 2470 2298 2298 2471 2471 2471 2471 2298 2298 2411 2411 2471 2471 2411 2411 2277 2277 2277 2277 2411 2411 2410 2410 2277 2277 2410 2410 2278 2278 2278 2278 2410 2410 2325 2325 2278 2278 2325 2325 2275 2275 2275 2275 2325 2325 2324 2324 2275 2275 2324 2324 2247 2247 2247 2247 2324 2324 1899 1899 2247 2247 1899 1899 2248 2248 2248 2248 1899 1899 1898 1898 2248 2248 1898 1898 2249 2249 2249 2249 1898 1898 2254 2254 2249 2249 2254 2254 2250 2250 2250 2250 2254 2254 2279 2279 2250 2250 2279 2279 2287 2287 2287 2287 2279 2279 2281 2281 2287 2287 2281 2281 2289 2289 2289 2289 2281 2281 2283 2283 2289 2289 2283 2283 2291 2291 2291 2291 2283 2283 2285 2285 2291 2291 2285 2285 2293 2293 2293 2293 2285 2285 2035 2035 2293 2293 2035 2035 2040 2040 2040 2040 2035 2035 2034 2034 2040 2040 2034 2034 2038 2038 1818 1818 1819 1819 2478 2478 2478 2478 1819 1819 2479 2479 1813 1813 1812 1812 2480 2480 2145 2145 2144 2144 2481 2481 2482 2482 2483 2483 2484 2484 2485 2485 2486 2486 2487 2487 2488 2488 2489 2489 2490 2490 2203 2203 2202 2202 2491 2491 2223 2223 2222 2222 2492 2492 2493 2493 2494 2494 2495 2495 2496 2496 2497 2497 2498 2498 2498 2498 2497 2497 2499 2499 2498 2498 2499 2499 2500 2500 2500 2500 2499 2499 2501 2501 2500 2500 2501 2501 2502 2502 2502 2502 2501 2501 2503 2503 2502 2502 2503 2503 2504 2504 2504 2504 2503 2503 2505 2505 2504 2504 2505 2505 2506 2506 2506 2506 2505 2505 2507 2507 2506 2506 2507 2507 2508 2508 2493 2493 2509 2509 2494 2494 2494 2494 2509 2509 2510 2510 2494 2494 2510 2510 2511 2511 2223 2223 2492 2492 2225 2225 2225 2225 2492 2492 2512 2512 2225 2225 2512 2512 2445 2445 2222 2222 2228 2228 2492 2492 2492 2492 2228 2228 2227 2227 2492 2492 2227 2227 2495 2495 2495 2495 2227 2227 2231 2231 2495 2495 2231 2231 2493 2493 2493 2493 2231 2231 2230 2230 2230 2230 2229 2229 2493 2493 2493 2493 2229 2229 2452 2452 2493 2493 2452 2452 2451 2451 2449 2449 2070 2070 2509 2509 2449 2449 2509 2509 2450 2450 2451 2451 2235 2235 2493 2493 2493 2493 2235 2235 2233 2233 2493 2493 2233 2233 2509 2509 2509 2509 2233 2233 2232 2232 2509 2509 2232 2232 2450 2450 2215 2215 2221 2221 2513 2513 2513 2513 2221 2221 2220 2220 2513 2513 2220 2220 2514 2514 2215 2215 2513 2513 2216 2216 2216 2216 2513 2513 2515 2515 2216 2216 2515 2515 2217 2217 2220 2220 2219 2219 2514 2514 2514 2514 2219 2219 2218 2218 2514 2514 2218 2218 2512 2512 2512 2512 2218 2218 2390 2390 2512 2512 2390 2390 2445 2445 2203 2203 2491 2491 2205 2205 2205 2205 2491 2491 2516 2516 2205 2205 2516 2516 2201 2201 2202 2202 2210 2210 2491 2491 2491 2491 2210 2210 2208 2208 2491 2491 2208 2208 2517 2517 2517 2517 2208 2208 2207 2207 2518 2518 2519 2519 2199 2199 2199 2199 2519 2519 2198 2198 2189 2189 2520 2520 2407 2407 2407 2407 2520 2520 2521 2521 2407 2407 2521 2521 2187 2187 2189 2189 2188 2188 2520 2520 2520 2520 2188 2188 2191 2191 2520 2520 2191 2191 2519 2519 2519 2519 2191 2191 2196 2196 2519 2519 2196 2196 2198 2198 2199 2199 2195 2195 2518 2518 2518 2518 2195 2195 2193 2193 2518 2518 2193 2193 2516 2516 2516 2516 2193 2193 2192 2192 2516 2516 2192 2192 2201 2201 2180 2180 2522 2522 2182 2182 2182 2182 2522 2522 2523 2523 2182 2182 2523 2523 2183 2183 2524 2524 2525 2525 2175 2175 2175 2175 2525 2525 2176 2176 2175 2175 2178 2178 2524 2524 2524 2524 2178 2178 1905 1905 2524 2524 1905 1905 2523 2523 2523 2523 1905 1905 1907 1907 2523 2523 1907 1907 2183 2183 2526 2526 2527 2527 2171 2171 2161 2161 2528 2528 2162 2162 2162 2162 2528 2528 2529 2529 2162 2162 2529 2529 2164 2164 2161 2161 2166 2166 2528 2528 2528 2528 2166 2166 2168 2168 2528 2528 2168 2168 2527 2527 2527 2527 2168 2168 2169 2169 2527 2527 2169 2169 2171 2171 2171 2171 2174 2174 2526 2526 2526 2526 2174 2174 2173 2173 2526 2526 2173 2173 2525 2525 2525 2525 2173 2173 2177 2177 2525 2525 2177 2177 2176 2176 2180 2180 2179 2179 2522 2522 2522 2522 2179 2179 2184 2184 2522 2522 2184 2184 2521 2521 2521 2521 2184 2184 2186 2186 2521 2521 2186 2186 2187 2187 2530 2530 2531 2531 2532 2532 2532 2532 2531 2531 2529 2529 2532 2532 2529 2529 2533 2533 2533 2533 2529 2529 2528 2528 2533 2533 2528 2528 2534 2534 2534 2534 2528 2528 2527 2527 2534 2534 2527 2527 2535 2535 2535 2535 2527 2527 2526 2526 2535 2535 2526 2526 2536 2536 2536 2536 2526 2526 2525 2525 2536 2536 2525 2525 2537 2537 2537 2537 2525 2525 2524 2524 2537 2537 2524 2524 2538 2538 2538 2538 2524 2524 2523 2523 2538 2538 2523 2523 2539 2539 2539 2539 2523 2523 2522 2522 2539 2539 2522 2522 2540 2540 2540 2540 2522 2522 2521 2521 2540 2540 2521 2521 2541 2541 2541 2541 2521 2521 2520 2520 2541 2541 2520 2520 2542 2542 2542 2542 2520 2520 2519 2519 2542 2542 2519 2519 2543 2543 2543 2543 2519 2519 2518 2518 2543 2543 2518 2518 2544 2544 2544 2544 2518 2518 2516 2516 2544 2544 2516 2516 2545 2545 2545 2545 2516 2516 2491 2491 2545 2545 2491 2491 2546 2546 2546 2546 2491 2491 2517 2517 2546 2546 2517 2517 2547 2547 2547 2547 2517 2517 2515 2515 2547 2547 2515 2515 2508 2508 2508 2508 2515 2515 2513 2513 2508 2508 2513 2513 2506 2506 2506 2506 2513 2513 2514 2514 2506 2506 2514 2514 2504 2504 2504 2504 2514 2514 2512 2512 2504 2504 2512 2512 2502 2502 2502 2502 2512 2512 2492 2492 2502 2502 2492 2492 2500 2500 2500 2500 2492 2492 2495 2495 2500 2500 2495 2495 2498 2498 2498 2498 2495 2495 2494 2494 2498 2498 2494 2494 2496 2496 2496 2496 2494 2494 2511 2511 2207 2207 2214 2214 2517 2517 2517 2517 2214 2214 2212 2212 2517 2517 2212 2212 2515 2515 2515 2515 2212 2212 2211 2211 2515 2515 2211 2211 2217 2217 2530 2530 2548 2548 2549 2549 2549 2549 2548 2548 2481 2481 2550 2550 2551 2551 2552 2552 2553 2553 2554 2554 2555 2555 2555 2555 2554 2554 2556 2556 2555 2555 2556 2556 2557 2557 2558 2558 2559 2559 2560 2560 2560 2560 2559 2559 2561 2561 2560 2560 2561 2561 2562 2562 2488 2488 2563 2563 2564 2564 2564 2564 2563 2563 2565 2565 2564 2564 2565 2565 2566 2566 2566 2566 2565 2565 2567 2567 2566 2566 2567 2567 2558 2558 2562 2562 2568 2568 2569 2569 2569 2569 2568 2568 2570 2570 2569 2569 2570 2570 2571 2571 2572 2572 2482 2482 2573 2573 2574 2574 2572 2572 2575 2575 2574 2574 2575 2575 2576 2576 2576 2576 2575 2575 2577 2577 2576 2576 2577 2577 2578 2578 2579 2579 2487 2487 2580 2580 2580 2580 2487 2487 2486 2486 2580 2580 2486 2486 2581 2581 2582 2582 2583 2583 2584 2584 2155 2155 2157 2157 2531 2531 2530 2530 2549 2549 2531 2531 2531 2531 2549 2549 2154 2154 2531 2531 2154 2154 2155 2155 2548 2548 2557 2557 2481 2481 2481 2481 2557 2557 2556 2556 2481 2481 2556 2556 2145 2145 2145 2145 2556 2556 2147 2147 2144 2144 2149 2149 2481 2481 2481 2481 2149 2149 2151 2151 2481 2481 2151 2151 2549 2549 2549 2549 2151 2151 2152 2152 2549 2549 2152 2152 2154 2154 2136 2136 2554 2554 2551 2551 2551 2551 2554 2554 2553 2553 2551 2551 2553 2553 2552 2552 2570 2570 2132 2132 2134 2134 2134 2134 2135 2135 2570 2570 2570 2570 2135 2135 2550 2550 2570 2570 2550 2550 2571 2571 2571 2571 2550 2550 2552 2552 2135 2135 2140 2140 2550 2550 2550 2550 2140 2140 2139 2139 2550 2550 2139 2139 2551 2551 2551 2551 2139 2139 2137 2137 2551 2551 2137 2137 2136 2136 2136 2136 2141 2141 2554 2554 2554 2554 2141 2141 2143 2143 2554 2554 2143 2143 2556 2556 2556 2556 2143 2143 2148 2148 2556 2556 2148 2148 2147 2147 2562 2562 2561 2561 2568 2568 2568 2568 2561 2561 1912 1912 2568 2568 1912 1912 1911 1911 2558 2558 2567 2567 2559 2559 2559 2559 2567 2567 2127 2127 2559 2559 2127 2127 2126 2126 2126 2126 1915 1915 2559 2559 2559 2559 1915 1915 1914 1914 2559 2559 1914 1914 2561 2561 2561 2561 1914 1914 2129 2129 2561 2561 2129 2129 1912 1912 2121 2121 2565 2565 2122 2122 2122 2122 2565 2565 2563 2563 2122 2122 2563 2563 2123 2123 2123 2123 2563 2563 2124 2124 2488 2488 2490 2490 2563 2563 2563 2563 2490 2490 2117 2117 2563 2563 2117 2117 2124 2124 2121 2121 1918 1918 2565 2565 2565 2565 1918 1918 1917 1917 2565 2565 1917 1917 2567 2567 2567 2567 1917 1917 2128 2128 2567 2567 2128 2128 2127 2127 1911 1911 2384 2384 2568 2568 2568 2568 2384 2384 1909 1909 2568 2568 1909 1909 2570 2570 2570 2570 1909 1909 1908 1908 2570 2570 1908 1908 2132 2132 2585 2585 2109 2109 2113 2113 2572 2572 2573 2573 2575 2575 2575 2575 2573 2573 2585 2585 2575 2575 2585 2585 2577 2577 2577 2577 2585 2585 2113 2113 2577 2577 2113 2113 2112 2112 2102 2102 2100 2100 2583 2583 2583 2583 2100 2100 2099 2099 2483 2483 2584 2584 2484 2484 2484 2484 2584 2584 2583 2583 2484 2484 2583 2583 2586 2586 2586 2586 2583 2583 2099 2099 2092 2092 2093 2093 2579 2579 2579 2579 2093 2093 2095 2095 2095 2095 2098 2098 2579 2579 2579 2579 2098 2098 2582 2582 2579 2579 2582 2582 2487 2487 2487 2487 2582 2582 2584 2584 2487 2487 2584 2584 2485 2485 2485 2485 2584 2584 2483 2483 2098 2098 2097 2097 2582 2582 2582 2582 2097 2097 2105 2105 2582 2582 2105 2105 2583 2583 2583 2583 2105 2105 2104 2104 2583 2583 2104 2104 2102 2102 2090 2090 2092 2092 2587 2587 2587 2587 2092 2092 2579 2579 2587 2587 2579 2579 2588 2588 2588 2588 2579 2579 2580 2580 2588 2588 2580 2580 2589 2589 2589 2589 2580 2580 2581 2581 2589 2589 2581 2581 2590 2590 2099 2099 2106 2106 2586 2586 2586 2586 2106 2106 2107 2107 2586 2586 2107 2107 2108 2108 2482 2482 2484 2484 2573 2573 2573 2573 2484 2484 2586 2586 2573 2573 2586 2586 2585 2585 2585 2585 2586 2586 2108 2108 2585 2585 2108 2108 2109 2109 2112 2112 2110 2110 2577 2577 2577 2577 2110 2110 2116 2116 2577 2577 2116 2116 2578 2578 2578 2578 2116 2116 2115 2115 2578 2578 2115 2115 2114 2114 1920 1920 2119 2119 2490 2490 2490 2490 2119 2119 2118 2118 2490 2490 2118 2118 2117 2117 2114 2114 1920 1920 2578 2578 2578 2578 1920 1920 2490 2490 2578 2578 2490 2490 2576 2576 2576 2576 2490 2490 2489 2489 2576 2576 2489 2489 2574 2574 2591 2591 2592 2592 1857 1857 2593 2593 2594 2594 1861 1861 1857 1857 1858 1858 2591 2591 2591 2591 1858 1858 1859 1859 2591 2591 1859 1859 2594 2594 2594 2594 1859 1859 1860 1860 2594 2594 1860 1860 1861 1861 2595 2595 2596 2596 1865 1865 2597 2597 2598 2598 1870 1870 1870 1870 2598 2598 1869 1869 1865 1865 1866 1866 2595 2595 2595 2595 1866 1866 1867 1867 2595 2595 1867 1867 2598 2598 2598 2598 1867 1867 1868 1868 2598 2598 1868 1868 1869 1869 1861 1861 1862 1862 2593 2593 2593 2593 1862 1862 1863 1863 2593 2593 1863 1863 2596 2596 2596 2596 1863 1863 1864 1864 2596 2596 1864 1864 1865 1865 1874 1874 2599 2599 2600 2600 1878 1878 2601 2601 2602 2602 1874 1874 1875 1875 2599 2599 2599 2599 1875 1875 1876 1876 2599 2599 1876 1876 2602 2602 2602 2602 1876 1876 1877 1877 2602 2602 1877 1877 1878 1878 1882 1882 2603 2603 2604 2604 1882 1882 1883 1883 2603 2603 2603 2603 1883 1883 1884 1884 2603 2603 1884 1884 2605 2605 1878 1878 1879 1879 2601 2601 2601 2601 1879 1879 1880 1880 2601 2601 1880 1880 2604 2604 2604 2604 1880 1880 1881 1881 2604 2604 1881 1881 1882 1882 1870 1870 1871 1871 2597 2597 2597 2597 1871 1871 1872 1872 2597 2597 1872 1872 2600 2600 2600 2600 1872 1872 1873 1873 2600 2600 1873 1873 1874 1874 1826 1826 2606 2606 2607 2607 1884 1884 1885 1885 2605 2605 2605 2605 1885 1885 1886 1886 2605 2605 1886 1886 2607 2607 2607 2607 1886 1886 1827 1827 2607 2607 1827 1827 1826 1826 1832 1832 1831 1831 2608 2608 2608 2608 1831 1831 2609 2609 1832 1832 2610 2610 1833 1833 1833 1833 2610 2610 2611 2611 1826 1826 1840 1840 2606 2606 2606 2606 1840 1840 1839 1839 2606 2606 1839 1839 2612 2612 2612 2612 1839 1839 1838 1838 2612 2612 1838 1838 1837 1837 2613 2613 1836 1836 2614 2614 2614 2614 1836 1836 1835 1835 2614 2614 1835 1835 2611 2611 2611 2611 1835 1835 1834 1834 2611 2611 1834 1834 1833 1833 2615 2615 2616 2616 2609 2609 2609 2609 2616 2616 2617 2617 2609 2609 2617 2617 2608 2608 2608 2608 2617 2617 2618 2618 1832 1832 2608 2608 2610 2610 2610 2610 2608 2608 2618 2618 2610 2610 2618 2618 2611 2611 2611 2611 2618 2618 2619 2619 2611 2611 2619 2619 2614 2614 2614 2614 2619 2619 2620 2620 2614 2614 2620 2620 2613 2613 1799 1799 110 110 111 111 1831 1831 1830 1830 2609 2609 2609 2609 1830 1830 1829 1829 2609 2609 1829 1829 2615 2615 2615 2615 1829 1829 1828 1828 2615 2615 1828 1828 1799 1799 116 116 2616 2616 115 115 115 115 2616 2616 2615 2615 115 115 2615 2615 113 113 113 113 2615 2615 1799 1799 113 113 1799 1799 112 112 112 112 1799 1799 111 111 1804 1804 2621 2621 2622 2622 1814 1814 2623 2623 1815 1815 1815 1815 2623 2623 2624 2624 1804 1804 1805 1805 2621 2621 2621 2621 1805 1805 1806 1806 2621 2621 1806 1806 2624 2624 2624 2624 1806 1806 1816 1816 2624 2624 1816 1816 1815 1815 2625 2625 1796 1796 2622 2622 2622 2622 1796 1796 1803 1803 2622 2622 1803 1803 1804 1804 2625 2625 2626 2626 1796 1796 1796 1796 2626 2626 2627 2627 1796 1796 2627 2627 1797 1797 2480 2480 1812 1812 2628 2628 2628 2628 1812 1812 1811 1811 2628 2628 1811 1811 2629 2629 1811 1811 1810 1810 2629 2629 2629 2629 1810 1810 1809 1809 2629 2629 1809 1809 2630 2630 2631 2631 2632 2632 1823 1823 2633 2633 2634 2634 1801 1801 1823 1823 1824 1824 2631 2631 2631 2631 1824 1824 1825 1825 2631 2631 1825 1825 2634 2634 2634 2634 1825 1825 1802 1802 2634 2634 1802 1802 1801 1801 1819 1819 1820 1820 2479 2479 2479 2479 1820 1820 1821 1821 2479 2479 1821 1821 2632 2632 2632 2632 1821 1821 1822 1822 2632 2632 1822 1822 1823 1823 2635 2635 2636 2636 1841 1841 1841 1841 2636 2636 1794 1794 2637 2637 2638 2638 1845 1845 1841 1841 1842 1842 2635 2635 2635 2635 1842 1842 1843 1843 2635 2635 1843 1843 2638 2638 2638 2638 1843 1843 1844 1844 2638 2638 1844 1844 1845 1845 2639 2639 2640 2640 1849 1849 2641 2641 2642 2642 1853 1853 1849 1849 1850 1850 2639 2639 2639 2639 1850 1850 1851 1851 2639 2639 1851 1851 2642 2642 2642 2642 1851 1851 1852 1852 2642 2642 1852 1852 1853 1853 1845 1845 1846 1846 2637 2637 2637 2637 1846 1846 1847 1847 2637 2637 1847 1847 2640 2640 2640 2640 1847 1847 1848 1848 2640 2640 1848 1848 1849 1849 1801 1801 1798 1798 2633 2633 2633 2633 1798 1798 1800 1800 2633 2633 1800 1800 2636 2636 2636 2636 1800 1800 1795 1795 2636 2636 1795 1795 1794 1794 1817 1817 2643 2643 1807 1807 1807 1807 2643 2643 2630 2630 1807 1807 2630 2630 1808 1808 1808 1808 2630 2630 1809 1809 2644 2644 2625 2625 2645 2645 2645 2645 2625 2625 2622 2622 2645 2645 2622 2622 2646 2646 2646 2646 2622 2622 2621 2621 2646 2646 2621 2621 2647 2647 2647 2647 2621 2621 2624 2624 2647 2647 2624 2624 2648 2648 2648 2648 2624 2624 2623 2623 2648 2648 2623 2623 2649 2649 1814 1814 1813 1813 2623 2623 2623 2623 1813 1813 2480 2480 2623 2623 2480 2480 2649 2649 2649 2649 2480 2480 2628 2628 2649 2649 2628 2628 2650 2650 2650 2650 2628 2628 2629 2629 2650 2650 2629 2629 2651 2651 2651 2651 2629 2629 2630 2630 2651 2651 2630 2630 2652 2652 2652 2652 2630 2630 2643 2643 2652 2652 2643 2643 2478 2478 2478 2478 2643 2643 1817 1817 2478 2478 1817 1817 1818 1818 1853 1853 1854 1854 2641 2641 2641 2641 1854 1854 1855 1855 2641 2641 1855 1855 2592 2592 2592 2592 1855 1855 1856 1856 2592 2592 1856 1856 1857 1857 70 70 2084 2084 71 71 71 71 2084 2084 2086 2086 71 71 2086 2086 2085 2085 2256 2256 2243 2243 2587 2587 2587 2587 2243 2243 2088 2088 2587 2587 2088 2088 2090 2090 2085 2085 2256 2256 71 71 71 71 2256 2256 2587 2587 71 71 2587 2587 72 72 72 72 2587 2587 2588 2588 72 72 2588 2588 73 73 73 73 2588 2588 2589 2589 73 73 2589 2589 76 76 76 76 2589 2589 2590 2590 76 76 2590 2590 89 89 2157 2157 2160 2160 2531 2531 2531 2531 2160 2160 2159 2159 2531 2531 2159 2159 2529 2529 2529 2529 2159 2159 2165 2165 2529 2529 2165 2165 2164 2164 116 116 89 89 2616 2616 2616 2616 89 89 2590 2590 2616 2616 2590 2590 2617 2617 2617 2617 2590 2590 2581 2581 2617 2617 2581 2581 2618 2618 2618 2618 2581 2581 2486 2486 2618 2618 2486 2486 2619 2619 2619 2619 2486 2486 2485 2485 2619 2619 2485 2485 2620 2620 2620 2620 2485 2485 2483 2483 2620 2620 2483 2483 2613 2613 2613 2613 2483 2483 2482 2482 2497 2497 2644 2644 2499 2499 2499 2499 2644 2644 2645 2645 2499 2499 2645 2645 2501 2501 2501 2501 2645 2645 2646 2646 2501 2501 2646 2646 2503 2503 2503 2503 2646 2646 2647 2647 2503 2503 2647 2647 2505 2505 2505 2505 2647 2647 2648 2648 2505 2505 2648 2648 2507 2507 2507 2507 2648 2648 2649 2649 2507 2507 2649 2649 2508 2508 2508 2508 2649 2649 2650 2650 2508 2508 2650 2650 2547 2547 2547 2547 2650 2650 2651 2651 2547 2547 2651 2651 2546 2546 2546 2546 2651 2651 2652 2652 2546 2546 2652 2652 2545 2545 2545 2545 2652 2652 2478 2478 2545 2545 2478 2478 2544 2544 2544 2544 2478 2478 2479 2479 2544 2544 2479 2479 2543 2543 2543 2543 2479 2479 2632 2632 2543 2543 2632 2632 2542 2542 2542 2542 2632 2632 2631 2631 2542 2542 2631 2631 2541 2541 2541 2541 2631 2631 2634 2634 2541 2541 2634 2634 2540 2540 2540 2540 2634 2634 2633 2633 2540 2540 2633 2633 2539 2539 2539 2539 2633 2633 2636 2636 2539 2539 2636 2636 2538 2538 2538 2538 2636 2636 2635 2635 2538 2538 2635 2635 2537 2537 2537 2537 2635 2635 2638 2638 2537 2537 2638 2638 2536 2536 2536 2536 2638 2638 2637 2637 2536 2536 2637 2637 2535 2535 2535 2535 2637 2637 2640 2640 2535 2535 2640 2640 2534 2534 2534 2534 2640 2640 2639 2639 2534 2534 2639 2639 2533 2533 2533 2533 2639 2639 2642 2642 2533 2533 2642 2642 2532 2532 2532 2532 2642 2642 2641 2641 2532 2532 2641 2641 2530 2530 2530 2530 2641 2641 2592 2592 2530 2530 2592 2592 2548 2548 2548 2548 2592 2592 2591 2591 2548 2548 2591 2591 2557 2557 2557 2557 2591 2591 2594 2594 2557 2557 2594 2594 2555 2555 2555 2555 2594 2594 2593 2593 2555 2555 2593 2593 2553 2553 2553 2553 2593 2593 2596 2596 2553 2553 2596 2596 2552 2552 2552 2552 2596 2596 2595 2595 2552 2552 2595 2595 2571 2571 2571 2571 2595 2595 2598 2598 2571 2571 2598 2598 2569 2569 2569 2569 2598 2598 2597 2597 2569 2569 2597 2597 2562 2562 2562 2562 2597 2597 2600 2600 2562 2562 2600 2600 2560 2560 2560 2560 2600 2600 2599 2599 2560 2560 2599 2599 2558 2558 2558 2558 2599 2599 2602 2602 2558 2558 2602 2602 2566 2566 2566 2566 2602 2602 2601 2601 2566 2566 2601 2601 2564 2564 2564 2564 2601 2601 2604 2604 2564 2564 2604 2604 2488 2488 2488 2488 2604 2604 2603 2603 2488 2488 2603 2603 2489 2489 2489 2489 2603 2603 2605 2605 2489 2489 2605 2605 2574 2574 2574 2574 2605 2605 2607 2607 2574 2574 2607 2607 2572 2572 2572 2572 2607 2607 2606 2606 2572 2572 2606 2606 2482 2482 2482 2482 2606 2606 2612 2612 2482 2482 2612 2612 2613 2613 2613 2613 2612 2612 1837 1837 2613 2613 1837 1837 1836 1836 1568 1568 1797 1797 2653 2653 2653 2653 1797 1797 2654 2654 2653 2653 2654 2654 2655 2655 2655 2655 2654 2654 2656 2656 2655 2655 2656 2656 2657 2657 2657 2657 2656 2656 2658 2658 2657 2657 2658 2658 2659 2659 2659 2659 2658 2658 2660 2660 2659 2659 2660 2660 2661 2661 2660 2660 2662 2662 2661 2661 2661 2661 2662 2662 2663 2663 2661 2661 2663 2663 2664 2664 2664 2664 2663 2663 2665 2665 2664 2664 2665 2665 2666 2666 2666 2666 2665 2665 2667 2667 161 161 1533 1533 2668 2668 161 161 2668 2668 2669 2669 2668 2668 2670 2670 2669 2669 2669 2669 2670 2670 2671 2671 2669 2669 2671 2671 2672 2672 2672 2672 2671 2671 2673 2673 2672 2672 2673 2673 2674 2674 2674 2674 2673 2673 2675 2675 2674 2674 2675 2675 2676 2676 2676 2676 2675 2675 2677 2677 2676 2676 2677 2677 2667 2667 2667 2667 2677 2677 2678 2678 2667 2667 2678 2678 2666 2666 479 479 478 478 2679 2679 468 468 467 467 1503 1503 1503 1503 467 467 466 466 1503 1503 466 466 1504 1504 2680 2680 1549 1549 2681 2681 2681 2681 1549 1549 2682 2682 2682 2682 1549 1549 1534 1534 2682 2682 1534 1534 1535 1535 2680 2680 1507 1507 1506 1506 2680 2680 1506 1506 1549 1549 2683 2683 2670 2670 2668 2668 1529 1529 2683 2683 1530 1530 1530 1530 2683 2683 2668 2668 1530 1530 2668 2668 1533 1533 2670 2670 2683 2683 2671 2671 2671 2671 2683 2683 2684 2684 2671 2671 2684 2684 2673 2673 2675 2675 2685 2685 2677 2677 2677 2677 2685 2685 2686 2686 2677 2677 2686 2686 2678 2678 2678 2678 2686 2686 2666 2666 2687 2687 2653 2653 2655 2655 2687 2687 2655 2655 2688 2688 2657 2657 2659 2659 2689 2689 2689 2689 2659 2659 2661 2661 2689 2689 2661 2661 2686 2686 2686 2686 2661 2661 2664 2664 2686 2686 2664 2664 2666 2666 1568 1568 2653 2653 1569 1569 1569 1569 2653 2653 2687 2687 1569 1569 2687 2687 1571 1571 1571 1571 2687 2687 1577 1577 2690 2690 476 476 475 475 1565 1565 2690 2690 475 475 1565 1565 475 475 275 275 2679 2679 478 478 2690 2690 2690 2690 478 478 477 477 2690 2690 477 477 476 476 2691 2691 2692 2692 2693 2693 2693 2693 2692 2692 2694 2694 1565 1565 1781 1781 2690 2690 2690 2690 1781 1781 2695 2695 2690 2690 2695 2695 2679 2679 2679 2679 2695 2695 2696 2696 2679 2679 2696 2696 2697 2697 2697 2697 2696 2696 2698 2698 2697 2697 2698 2698 2694 2694 2694 2694 2698 2698 2699 2699 2694 2694 2699 2699 2693 2693 249 249 2694 2694 250 250 250 250 2694 2694 2692 2692 250 250 2692 2692 466 466 466 466 2692 2692 1504 1504 1529 1529 1507 1507 2683 2683 2683 2683 1507 1507 2680 2680 2683 2683 2680 2680 2684 2684 2684 2684 2680 2680 2681 2681 2684 2684 2681 2681 2693 2693 2693 2693 2681 2681 2682 2682 2693 2693 2682 2682 2691 2691 2691 2691 2682 2682 1535 1535 2691 2691 1535 1535 2692 2692 2692 2692 1535 1535 1504 1504 2655 2655 2657 2657 2688 2688 2688 2688 2657 2657 2689 2689 2688 2688 2689 2689 2700 2700 2700 2700 2689 2689 2686 2686 2700 2700 2686 2686 2701 2701 2701 2701 2686 2686 2685 2685 249 249 473 473 2694 2694 2694 2694 473 473 472 472 2694 2694 472 472 2697 2697 2697 2697 472 472 470 470 2697 2697 470 470 2679 2679 2679 2679 470 470 469 469 2679 2679 469 469 479 479 1781 1781 1577 1577 2695 2695 2695 2695 1577 1577 2687 2687 2695 2695 2687 2687 2696 2696 2696 2696 2687 2687 2688 2688 2696 2696 2688 2688 2698 2698 2698 2698 2688 2688 2700 2700 2698 2698 2700 2700 2699 2699 2699 2699 2700 2700 2701 2701 2699 2699 2701 2701 2693 2693 2693 2693 2701 2701 2685 2685 2693 2693 2685 2685 2684 2684 2684 2684 2685 2685 2675 2675 2684 2684 2675 2675 2673 2673 647 647 2702 2702 771 771 771 771 2702 2702 2703 2703 770 770 773 773 2703 2703 2703 2703 773 773 772 772 2703 2703 772 772 771 771 745 745 752 752 2704 2704 737 737 736 736 2705 2705 756 756 754 754 2706 2706 2706 2706 754 754 753 753 770 770 2703 2703 768 768 768 768 2703 2703 2707 2707 768 768 2707 2707 763 763 753 753 1302 1302 2706 2706 2706 2706 1302 1302 762 762 2706 2706 762 762 2708 2708 2708 2708 762 762 761 761 2708 2708 761 761 759 759 745 745 2704 2704 746 746 2709 2709 729 729 241 241 738 738 2710 2710 2709 2709 759 759 767 767 2708 2708 2708 2708 767 767 766 766 2708 2708 766 766 2707 2707 2707 2707 766 766 764 764 2707 2707 764 764 763 763 738 738 1308 1308 2710 2710 2710 2710 1308 1308 742 742 2710 2710 742 742 2704 2704 2704 2704 742 742 741 741 2704 2704 741 741 746 746 241 241 240 240 2709 2709 2709 2709 240 240 739 739 2709 2709 739 739 738 738 2711 2711 716 716 714 714 714 714 713 713 2711 2711 2711 2711 713 713 722 722 2711 2711 722 722 2712 2712 2712 2712 722 722 721 721 2712 2712 721 721 719 719 706 706 2713 2713 708 708 708 708 2713 2713 2714 2714 708 708 2714 2714 709 709 752 752 751 751 2704 2704 2704 2704 751 751 749 749 2704 2704 749 749 2706 2706 2706 2706 749 749 757 757 2706 2706 757 757 756 756 736 736 734 734 2705 2705 2705 2705 734 734 732 732 2705 2705 732 732 2709 2709 2709 2709 732 732 730 730 2709 2709 730 730 729 729 2715 2715 723 723 2705 2705 2705 2705 723 723 728 728 2705 2705 728 728 737 737 719 719 718 718 2712 2712 2712 2712 718 718 726 726 2712 2712 726 726 2715 2715 2715 2715 726 726 724 724 2715 2715 724 724 723 723 706 706 712 712 2713 2713 2713 2713 712 712 711 711 2713 2713 711 711 2711 2711 2711 2711 711 711 717 717 2711 2711 717 717 716 716 688 688 2716 2716 690 690 690 690 2716 2716 2717 2717 690 690 2717 2717 692 692 683 683 682 682 2717 2717 2717 2717 682 682 693 693 2717 2717 693 693 692 692 655 655 660 660 2718 2718 697 697 702 702 2714 2714 2714 2714 702 702 704 704 2714 2714 704 704 709 709 697 697 2714 2714 698 698 698 698 2714 2714 2719 2719 698 698 2719 2719 700 700 688 688 696 696 2716 2716 2716 2716 696 696 695 695 2716 2716 695 695 2719 2719 2719 2719 695 695 701 701 2719 2719 701 701 700 700 2720 2720 668 668 670 670 664 664 662 662 2721 2721 2721 2721 662 662 661 661 661 661 244 244 2721 2721 2721 2721 244 244 243 243 2721 2721 243 243 2720 2720 2720 2720 243 243 667 667 2720 2720 667 667 668 668 660 660 659 659 2718 2718 2718 2718 659 659 657 657 2718 2718 657 657 2721 2721 2721 2721 657 657 665 665 2721 2721 665 665 664 664 655 655 2718 2718 653 653 653 653 2718 2718 2722 2722 653 653 2722 2722 648 648 647 647 652 652 2702 2702 2702 2702 652 652 651 651 2702 2702 651 651 2722 2722 2722 2722 651 651 649 649 2722 2722 649 649 648 648 683 683 2717 2717 685 685 685 685 2717 2717 2723 2723 685 685 2723 2723 686 686 680 680 1356 1356 2723 2723 2723 2723 1356 1356 1355 1355 2723 2723 1355 1355 686 686 678 678 2724 2724 673 673 673 673 2724 2724 2720 2720 673 673 2720 2720 671 671 671 671 2720 2720 670 670 678 678 677 677 2724 2724 2724 2724 677 677 675 675 2724 2724 675 675 2723 2723 2723 2723 675 675 681 681 2723 2723 681 681 680 680 587 587 586 586 2725 2725 597 597 596 596 2726 2726 481 481 480 480 2727 2727 490 490 492 492 2728 2728 596 596 604 604 2726 2726 2726 2726 604 604 602 602 2726 2726 602 602 2729 2729 594 594 592 592 2730 2730 565 565 567 567 2731 2731 641 641 639 639 2732 2732 592 592 591 591 2730 2730 2730 2730 591 591 600 600 2730 2730 600 600 2726 2726 2726 2726 600 600 599 599 2726 2726 599 599 597 597 567 567 569 569 2731 2731 2731 2731 569 569 572 572 2731 2731 572 572 571 571 2733 2733 500 500 499 499 490 490 2728 2728 496 496 634 634 637 637 2734 2734 622 622 627 627 2735 2735 581 581 579 579 2736 2736 2736 2736 579 579 577 577 2736 2736 577 577 2725 2725 2725 2725 577 577 576 576 2725 2725 576 576 587 587 2733 2733 499 499 2728 2728 2728 2728 499 499 497 497 2728 2728 497 497 496 496 602 602 601 601 2729 2729 2729 2729 601 601 608 608 2729 2729 608 608 606 606 594 594 2730 2730 595 595 595 595 2730 2730 2737 2737 595 595 2737 2737 590 590 586 586 584 584 2725 2725 2725 2725 584 584 583 583 2725 2725 583 583 2737 2737 2737 2737 583 583 588 588 2737 2737 588 588 590 590 571 571 575 575 2731 2731 2731 2731 575 575 574 574 2731 2731 574 574 2736 2736 2736 2736 574 574 582 582 2736 2736 582 582 581 581 525 525 2738 2738 520 520 520 520 2738 2738 518 518 480 480 484 484 2727 2727 2727 2727 484 484 487 487 2727 2727 487 487 2733 2733 2733 2733 487 487 489 489 2733 2733 489 489 500 500 2739 2739 619 619 618 618 558 558 557 557 2740 2740 2740 2740 557 557 564 564 2740 2740 564 564 2731 2731 2731 2731 564 564 563 563 2731 2731 563 563 565 565 554 554 556 556 2740 2740 2740 2740 556 556 560 560 2740 2740 560 560 558 558 534 534 537 537 2741 2741 2741 2741 537 537 536 536 2741 2741 536 536 2742 2742 2742 2742 536 536 540 540 2742 2742 540 540 539 539 529 529 247 247 2743 2743 2743 2743 247 247 246 246 2743 2743 246 246 2741 2741 2741 2741 246 246 532 532 2741 2741 532 532 534 534 525 525 524 524 2738 2738 2738 2738 524 524 522 522 2738 2738 522 522 2744 2744 2744 2744 522 522 521 521 2744 2744 521 521 526 526 518 518 2738 2738 516 516 516 516 2738 2738 2745 2745 516 516 2745 2745 509 509 639 639 638 638 2732 2732 2732 2732 638 638 486 486 2732 2732 486 486 2727 2727 2727 2727 486 486 483 483 2727 2727 483 483 481 481 637 637 636 636 2734 2734 2734 2734 636 636 644 644 2734 2734 644 644 2732 2732 2732 2732 644 644 643 643 2732 2732 643 643 641 641 618 618 626 626 2739 2739 2739 2739 626 626 625 625 2739 2739 625 625 2735 2735 2735 2735 625 625 623 623 2735 2735 623 623 622 622 619 619 2739 2739 621 621 621 621 2739 2739 2746 2746 621 621 2746 2746 617 617 610 610 2747 2747 612 612 612 612 2747 2747 2729 2729 612 612 2729 2729 605 605 605 605 2729 2729 606 606 627 627 629 629 2735 2735 2735 2735 629 629 631 631 2735 2735 631 631 2734 2734 2734 2734 631 631 632 632 2734 2734 632 632 634 634 610 610 615 615 2747 2747 2747 2747 615 615 614 614 2747 2747 614 614 2746 2746 2746 2746 614 614 613 613 2746 2746 613 613 617 617 544 544 545 545 2748 2748 2748 2748 545 545 546 546 2748 2748 546 546 547 547 547 547 549 549 2748 2748 2748 2748 549 549 551 551 2748 2748 551 551 2740 2740 2740 2740 551 551 552 552 2740 2740 552 552 554 554 526 526 528 528 2744 2744 2744 2744 528 528 531 531 2744 2744 531 531 2743 2743 2743 2743 531 531 530 530 2743 2743 530 530 529 529 515 515 514 514 2749 2749 2749 2749 514 514 512 512 2749 2749 512 512 2745 2745 2745 2745 512 512 510 510 2745 2745 510 510 509 509 492 492 494 494 2728 2728 2728 2728 494 494 505 505 2728 2728 505 505 2750 2750 2750 2750 505 505 504 504 2750 2750 504 504 502 502 539 539 1079 1079 2742 2742 2742 2742 1079 1079 543 543 2742 2742 543 543 2748 2748 2748 2748 543 543 542 542 2748 2748 542 542 544 544 502 502 501 501 2750 2750 2750 2750 501 501 508 508 2750 2750 508 508 2749 2749 2749 2749 508 508 507 507 2749 2749 507 507 515 515 2751 2751 2752 2752 2753 2753 2754 2754 2496 2496 2511 2511 2755 2755 151 151 149 149 152 152 151 151 2076 2076 2076 2076 151 151 2755 2755 2076 2076 2755 2755 2077 2077 149 149 2756 2756 2755 2755 2755 2755 2756 2756 2757 2757 2755 2755 2757 2757 2758 2758 2758 2758 2757 2757 2759 2759 2754 2754 2760 2760 2759 2759 2759 2759 2760 2760 2761 2761 2759 2759 2761 2761 2758 2758 2758 2758 2761 2761 2071 2071 2762 2762 2763 2763 2662 2662 2752 2752 2764 2764 2763 2763 2765 2765 2751 2751 2766 2766 2662 2662 2660 2660 2762 2762 2762 2762 2660 2660 2658 2658 2762 2762 2658 2658 2767 2767 2767 2767 2658 2658 2656 2656 2656 2656 2654 2654 2767 2767 2767 2767 2654 2654 1797 1797 2767 2767 1797 1797 2627 2627 2768 2768 2626 2626 2625 2625 2751 2751 2753 2753 2766 2766 2766 2766 2753 2753 2769 2769 2766 2766 2769 2769 2770 2770 2770 2770 2769 2769 2768 2768 2770 2770 2768 2768 2771 2771 2771 2771 2768 2768 2625 2625 2771 2771 2625 2625 2644 2644 2752 2752 2763 2763 2753 2753 2753 2753 2763 2763 2762 2762 2753 2753 2762 2762 2769 2769 2769 2769 2762 2762 2767 2767 2769 2769 2767 2767 2768 2768 2768 2768 2767 2767 2627 2627 2768 2768 2627 2627 2626 2626 2676 2676 2667 2667 2764 2764 2764 2764 2667 2667 2665 2665 2764 2764 2665 2665 2763 2763 2763 2763 2665 2665 2663 2663 2763 2763 2663 2663 2662 2662 2669 2669 2672 2672 2772 2772 2772 2772 2672 2672 2674 2674 161 161 2669 2669 163 163 163 163 2669 2669 2772 2772 163 163 2772 2772 164 164 2772 2772 2773 2773 164 164 164 164 2773 2773 2774 2774 164 164 2774 2774 179 179 179 179 2774 2774 2756 2756 179 179 2756 2756 148 148 148 148 2756 2756 149 149 2754 2754 2511 2511 2760 2760 2760 2760 2511 2511 2510 2510 2760 2760 2510 2510 2509 2509 2071 2071 2761 2761 2067 2067 2067 2067 2761 2761 2760 2760 2067 2067 2760 2760 2068 2068 2068 2068 2760 2760 2509 2509 2068 2068 2509 2509 2070 2070 2071 2071 2073 2073 2758 2758 2758 2758 2073 2073 2075 2075 2758 2758 2075 2075 2755 2755 2755 2755 2075 2075 2074 2074 2755 2755 2074 2074 2077 2077 2765 2765 2766 2766 2775 2775 2775 2775 2766 2766 2770 2770 2775 2775 2770 2770 2776 2776 2776 2776 2770 2770 2771 2771 2776 2776 2771 2771 2777 2777 2777 2777 2771 2771 2644 2644 2777 2777 2644 2644 2497 2497 2497 2497 2496 2496 2777 2777 2777 2777 2496 2496 2754 2754 2777 2777 2754 2754 2776 2776 2776 2776 2754 2754 2759 2759 2776 2776 2759 2759 2775 2775 2775 2775 2759 2759 2757 2757 2775 2775 2757 2757 2765 2765 2765 2765 2757 2757 2756 2756 2765 2765 2756 2756 2751 2751 2751 2751 2756 2756 2774 2774 2751 2751 2774 2774 2752 2752 2752 2752 2774 2774 2773 2773 2752 2752 2773 2773 2764 2764 2764 2764 2773 2773 2772 2772 2764 2764 2772 2772 2676 2676 2676 2676 2772 2772 2674 2674 2778 2778 2779 2779 2780 2780 2780 2780 2779 2779 2781 2781 2780 2780 2781 2781 2782 2782 2783 2783 2784 2784 2780 2780 2780 2780 2784 2784 2785 2785 2780 2780 2785 2785 2778 2778 2786 2786 2787 2787 2780 2780 2780 2780 2787 2787 2788 2788 2780 2780 2788 2788 2783 2783 2782 2782 2789 2789 2780 2780 2780 2780 2789 2789 2790 2790 2780 2780 2790 2790 2786 2786 2791 2791 2792 2792 2793 2793 2793 2793 2792 2792 2794 2794 2793 2793 2794 2794 2795 2795 2796 2796 2797 2797 2793 2793 2793 2793 2797 2797 2798 2798 2793 2793 2798 2798 2791 2791 2799 2799 2800 2800 2793 2793 2793 2793 2800 2800 2801 2801 2793 2793 2801 2801 2796 2796 2795 2795 2802 2802 2793 2793 2793 2793 2802 2802 2803 2803 2793 2793 2803 2803 2799 2799 2804 2804 2805 2805 2806 2806 2806 2806 2805 2805 2807 2807 2806 2806 2807 2807 2808 2808 2809 2809 2810 2810 2806 2806 2806 2806 2810 2810 2811 2811 2806 2806 2811 2811 2804 2804 2812 2812 2813 2813 2806 2806 2806 2806 2813 2813 2814 2814 2806 2806 2814 2814 2809 2809 2808 2808 2815 2815 2806 2806 2806 2806 2815 2815 2816 2816 2806 2806 2816 2816 2812 2812 2817 2817 2818 2818 2781 2781 2819 2819 2820 2820 2821 2821 2822 2822 2819 2819 2790 2790 2790 2790 2789 2789 2822 2822 2822 2822 2789 2789 2823 2823 2822 2822 2823 2823 2824 2824 2825 2825 2826 2826 2782 2782 2782 2782 2826 2826 2827 2827 2782 2782 2827 2827 2789 2789 2789 2789 2827 2827 2828 2828 2789 2789 2828 2828 2823 2823 2781 2781 2818 2818 2782 2782 2782 2782 2818 2818 2829 2829 2782 2782 2829 2829 2825 2825 2830 2830 2831 2831 2779 2779 2779 2779 2831 2831 2832 2832 2779 2779 2832 2832 2781 2781 2781 2781 2832 2832 2833 2833 2781 2781 2833 2833 2817 2817 2834 2834 2835 2835 2778 2778 2778 2778 2835 2835 2836 2836 2778 2778 2836 2836 2779 2779 2779 2779 2836 2836 2837 2837 2779 2779 2837 2837 2830 2830 2838 2838 2839 2839 2784 2784 2784 2784 2839 2839 2840 2840 2840 2840 2841 2841 2784 2784 2784 2784 2841 2841 2842 2842 2784 2784 2842 2842 2785 2785 2785 2785 2842 2842 2843 2843 2785 2785 2843 2843 2778 2778 2778 2778 2843 2843 2844 2844 2778 2778 2844 2844 2834 2834 2838 2838 2784 2784 2845 2845 2845 2845 2784 2784 2783 2783 2845 2845 2783 2783 2846 2846 2847 2847 2848 2848 2788 2788 2788 2788 2848 2848 2849 2849 2788 2788 2849 2849 2783 2783 2783 2783 2849 2849 2850 2850 2783 2783 2850 2850 2846 2846 2851 2851 2852 2852 2787 2787 2787 2787 2852 2852 2853 2853 2787 2787 2853 2853 2788 2788 2788 2788 2853 2853 2854 2854 2788 2788 2854 2854 2847 2847 2819 2819 2821 2821 2790 2790 2790 2790 2821 2821 2855 2855 2790 2790 2855 2855 2786 2786 2786 2786 2855 2855 2856 2856 2786 2786 2856 2856 2857 2857 2857 2857 2858 2858 2786 2786 2786 2786 2858 2858 2859 2859 2786 2786 2859 2859 2787 2787 2787 2787 2859 2859 2860 2860 2787 2787 2860 2860 2851 2851 2797 2797 2861 2861 2798 2798 2798 2798 2861 2861 2862 2862 2796 2796 2863 2863 2797 2797 2797 2797 2863 2863 2864 2864 2864 2864 2865 2865 2797 2797 2797 2797 2865 2865 2866 2866 2797 2797 2866 2866 2861 2861 2867 2867 2868 2868 2801 2801 2801 2801 2868 2868 2869 2869 2801 2801 2869 2869 2796 2796 2796 2796 2869 2869 2870 2870 2796 2796 2870 2870 2863 2863 2871 2871 2872 2872 2800 2800 2800 2800 2872 2872 2873 2873 2800 2800 2873 2873 2801 2801 2801 2801 2873 2873 2874 2874 2801 2801 2874 2874 2867 2867 2875 2875 2876 2876 2799 2799 2799 2799 2876 2876 2877 2877 2799 2799 2877 2877 2800 2800 2800 2800 2877 2877 2878 2878 2800 2800 2878 2878 2871 2871 2879 2879 2880 2880 2803 2803 2803 2803 2880 2880 2881 2881 2803 2803 2881 2881 2799 2799 2799 2799 2881 2881 2882 2882 2799 2799 2882 2882 2875 2875 2879 2879 2803 2803 2883 2883 2883 2883 2803 2803 2802 2802 2883 2883 2802 2802 2884 2884 2885 2885 2886 2886 2795 2795 2795 2795 2886 2886 2887 2887 2795 2795 2887 2887 2802 2802 2802 2802 2887 2887 2888 2888 2802 2802 2888 2888 2884 2884 2889 2889 2890 2890 2794 2794 2794 2794 2890 2890 2891 2891 2794 2794 2891 2891 2795 2795 2795 2795 2891 2891 2892 2892 2795 2795 2892 2892 2885 2885 2792 2792 2893 2893 2794 2794 2794 2794 2893 2893 2889 2889 2894 2894 2895 2895 2791 2791 2791 2791 2895 2895 2896 2896 2791 2791 2896 2896 2792 2792 2792 2792 2896 2896 2897 2897 2792 2792 2897 2897 2893 2893 2862 2862 2898 2898 2798 2798 2798 2798 2898 2898 2899 2899 2798 2798 2899 2899 2900 2900 2900 2900 2901 2901 2798 2798 2798 2798 2901 2901 2902 2902 2798 2798 2902 2902 2791 2791 2791 2791 2902 2902 2903 2903 2791 2791 2903 2903 2894 2894 2904 2904 2905 2905 2813 2813 2906 2906 2907 2907 2815 2815 2815 2815 2907 2907 2816 2816 2907 2907 2908 2908 2816 2816 2816 2816 2908 2908 2909 2909 2816 2816 2909 2909 2812 2812 2812 2812 2909 2909 2910 2910 2812 2812 2910 2910 2911 2911 2912 2912 2913 2913 2808 2808 2808 2808 2913 2913 2914 2914 2808 2808 2914 2914 2815 2815 2815 2815 2914 2914 2915 2915 2815 2815 2915 2915 2906 2906 2916 2916 2917 2917 2805 2805 2805 2805 2917 2917 2918 2918 2918 2918 2919 2919 2805 2805 2805 2805 2919 2919 2920 2920 2805 2805 2920 2920 2807 2807 2807 2807 2920 2920 2921 2921 2807 2807 2921 2921 2808 2808 2808 2808 2921 2921 2922 2922 2808 2808 2922 2922 2912 2912 2916 2916 2805 2805 2923 2923 2923 2923 2805 2805 2804 2804 2923 2923 2804 2804 2924 2924 2925 2925 2926 2926 2811 2811 2811 2811 2926 2926 2927 2927 2811 2811 2927 2927 2804 2804 2804 2804 2927 2927 2928 2928 2804 2804 2928 2928 2924 2924 2925 2925 2811 2811 2929 2929 2929 2929 2811 2811 2810 2810 2929 2929 2810 2810 2930 2930 2930 2930 2810 2810 2931 2931 2931 2931 2810 2810 2809 2809 2931 2931 2809 2809 2932 2932 2814 2814 2933 2933 2934 2934 2934 2934 2935 2935 2814 2814 2814 2814 2935 2935 2936 2936 2814 2814 2936 2936 2809 2809 2809 2809 2936 2936 2937 2937 2809 2809 2937 2937 2932 2932 2813 2813 2905 2905 2814 2814 2938 2938 2933 2933 2939 2939 2939 2939 2933 2933 2814 2814 2939 2939 2814 2814 2940 2940 2940 2940 2814 2814 2905 2905 2911 2911 2941 2941 2812 2812 2812 2812 2941 2941 2942 2942 2812 2812 2942 2942 2813 2813 2813 2813 2942 2942 2943 2943 2813 2813 2943 2943 2904 2904 2944 2944 2945 2945 2946 2946 2947 2947 2948 2948 2949 2949 2950 2950 2951 2951 2952 2952 2953 2953 2954 2954 2955 2955 2956 2956 2957 2957 2958 2958 2959 2959 2944 2944 2960 2960 2961 2961 2962 2962 2963 2963 1935 1935 1934 1934 2964 2964 2964 2964 2965 2965 2966 2966 2967 2967 2968 2968 2969 2969 2970 2970 2858 2858 2857 2857 2856 2856 2855 2855 2959 2959 2856 2856 2959 2959 2857 2857 2860 2860 2859 2859 2971 2971 2972 2972 2852 2852 2851 2851 2847 2847 2854 2854 2973 2973 2973 2973 2854 2854 2853 2853 2974 2974 2849 2849 2848 2848 2840 2840 2839 2839 2975 2975 2975 2975 2839 2839 2838 2838 2975 2975 2838 2838 2976 2976 2976 2976 2838 2838 2845 2845 2976 2976 2845 2845 2977 2977 2977 2977 2845 2845 2846 2846 2977 2977 2846 2846 2850 2850 2842 2842 2841 2841 2840 2840 2840 2840 2975 2975 2842 2842 2842 2842 2975 2975 2958 2958 2842 2842 2958 2958 2843 2843 2843 2843 2958 2958 2957 2957 2843 2843 2957 2957 2844 2844 2978 2978 2979 2979 2980 2980 2980 2980 2979 2979 2981 2981 2980 2980 2981 2981 2982 2982 2969 2969 2968 2968 2981 2981 2981 2981 2968 2968 2983 2983 2981 2981 2983 2983 2982 2982 2984 2984 2985 2985 2986 2986 2984 2984 2986 2986 2987 2987 2965 2965 2964 2964 1934 1934 2965 2965 1934 1934 1929 1929 2967 2967 2969 2969 2988 2988 2988 2988 2969 2969 2989 2989 2988 2988 2989 2989 2990 2990 2990 2990 2989 2989 2991 2991 2990 2990 2991 2991 2992 2992 1937 1937 1935 1935 2990 2990 2990 2990 1935 1935 2964 2964 2990 2990 2964 2964 2988 2988 2988 2988 2964 2964 2966 2966 2988 2988 2966 2966 2967 2967 2992 2992 1940 1940 2990 2990 2990 2990 1940 1940 1941 1941 2990 2990 1941 1941 1937 1937 2993 2993 2994 2994 2995 2995 2994 2994 1962 1962 1926 1926 1926 1926 1925 1925 2994 2994 2994 2994 1925 1925 2996 2996 2994 2994 2996 2996 2995 2995 2995 2995 2996 2996 2997 2997 1959 1959 2998 2998 1960 1960 1960 1960 2998 2998 2999 2999 2945 2945 3000 3000 2946 2946 2946 2946 3000 3000 2999 2999 2946 2946 2999 2999 3001 3001 3001 3001 2999 2999 2998 2998 3002 3002 3003 3003 3004 3004 3004 3004 3003 3003 2972 2972 3004 3004 2972 2972 2971 2971 2971 2971 2972 2972 2851 2851 2971 2971 2851 2851 2860 2860 3005 3005 3002 3002 3006 3006 3006 3006 3002 3002 3004 3004 3006 3006 3004 3004 3007 3007 3007 3007 3004 3004 2971 2971 3007 3007 2971 2971 2970 2970 2970 2970 2971 2971 2859 2859 2970 2970 2859 2859 2858 2858 2857 2857 2959 2959 2970 2970 2970 2970 2959 2959 2960 2960 2970 2970 2960 2960 3007 3007 3007 3007 2960 2960 3008 3008 3007 3007 3008 3008 3006 3006 3006 3006 3008 3008 2993 2993 3006 3006 2993 2993 3005 3005 3005 3005 2993 2993 2995 2995 3005 3005 2995 2995 3009 3009 3009 3009 2995 2995 2997 2997 3009 3009 2997 2997 2991 2991 2849 2849 2974 2974 2850 2850 2850 2850 2974 2974 3010 3010 2850 2850 3010 3010 2977 2977 2977 2977 3010 3010 3011 3011 2977 2977 3011 3011 2976 2976 2976 2976 3011 3011 3012 3012 2976 2976 3012 3012 2975 2975 2975 2975 3012 3012 3013 3013 2975 2975 3013 3013 2958 2958 3014 3014 3015 3015 3016 3016 3016 3016 3015 3015 2951 2951 3016 3016 2951 2951 3017 3017 3017 3017 2951 2951 2950 2950 3017 3017 2950 2950 2947 2947 2952 2952 2951 2951 3018 3018 3018 3018 2951 2951 3015 3015 3018 3018 3015 3015 2978 2978 2948 2948 3019 3019 2949 2949 2949 2949 3019 3019 3020 3020 2949 2949 3020 3020 3021 3021 3021 3021 3020 3020 3022 3022 3021 3021 3022 3022 3023 3023 2947 2947 2949 2949 3017 3017 3017 3017 2949 2949 3021 3021 3017 3017 3021 3021 3016 3016 3016 3016 3021 3021 3023 3023 3016 3016 3023 3023 3014 3014 3024 3024 3025 3025 3026 3026 3026 3026 3025 3025 3027 3027 3026 3026 3027 3027 3028 3028 3025 3025 2963 2963 3027 3027 3027 3027 2963 2963 2962 2962 3027 3027 2962 2962 2987 2987 2987 2987 2962 2962 2961 2961 2987 2987 2961 2961 2984 2984 2952 2952 2953 2953 2950 2950 2950 2950 2953 2953 2955 2955 2950 2950 2955 2955 2947 2947 2947 2947 2955 2955 3029 3029 2947 2947 3029 3029 2948 2948 2948 2948 3029 3029 3030 3030 2948 2948 3030 3030 3019 3019 3019 3019 3030 3030 3028 3028 3019 3019 3028 3028 3020 3020 3020 3020 3028 3028 3027 3027 3020 3020 3027 3027 3022 3022 3022 3022 3027 3027 2987 2987 3022 3022 2987 2987 3023 3023 3023 3023 2987 2987 2986 2986 3023 3023 2986 2986 3014 3014 2954 2954 2956 2956 2955 2955 2955 2955 2956 2956 2958 2958 2955 2955 2958 2958 3029 3029 3029 3029 2958 2958 3013 3013 3029 3029 3013 3013 3030 3030 3030 3030 3013 3013 3012 3012 3030 3030 3012 3012 3028 3028 3028 3028 3012 3012 3011 3011 3028 3028 3011 3011 3026 3026 3026 3026 3011 3011 3010 3010 3026 3026 3010 3010 3024 3024 3024 3024 3010 3010 2974 2974 3024 3024 2974 2974 2973 2973 2973 2973 2974 2974 2848 2848 2973 2973 2848 2848 2847 2847 1953 1953 1963 1963 3000 3000 3000 3000 1963 1963 1965 1965 3000 3000 1965 1965 2999 2999 2999 2999 1965 1965 1960 1960 1925 1925 1969 1969 2996 2996 2996 2996 1969 1969 1968 1968 2996 2996 1968 1968 2997 2997 2997 2997 1968 1968 1967 1967 2997 2997 1967 1967 2991 2991 2991 2991 1967 1967 1966 1966 2991 2991 1966 1966 2992 2992 2992 2992 1966 1966 1938 1938 2992 2992 1938 1938 1940 1940 2960 2960 2944 2944 2946 2946 2960 2960 2946 2946 3008 3008 3008 3008 2946 2946 3001 3001 3008 3008 3001 3001 2993 2993 2993 2993 3001 3001 2998 2998 2993 2993 2998 2998 2994 2994 2994 2994 2998 2998 1959 1959 2994 2994 1959 1959 1962 1962 2978 2978 3015 3015 2979 2979 2979 2979 3015 3015 3014 3014 2979 2979 3014 3014 2981 2981 2981 2981 3014 3014 2986 2986 2981 2981 2986 2986 2969 2969 2969 2969 2986 2986 2985 2985 2969 2969 2985 2985 2989 2989 2989 2989 2985 2985 2984 2984 2989 2989 2984 2984 2991 2991 2991 2991 2984 2984 2961 2961 2991 2991 2961 2961 3009 3009 3009 3009 2961 2961 2963 2963 3009 3009 2963 2963 3005 3005 3005 3005 2963 2963 3025 3025 3005 3005 3025 3025 3002 3002 3002 3002 3025 3025 3024 3024 3002 3002 3024 3024 3003 3003 3003 3003 3024 3024 2973 2973 3003 3003 2973 2973 2972 2972 2972 2972 2973 2973 2853 2853 2972 2972 2853 2853 2852 2852 3031 3031 3032 3032 3033 3033 3034 3034 3035 3035 3036 3036 2978 2978 2980 2980 3037 3037 3037 3037 2980 2980 2982 2982 3038 3038 3039 3039 3040 3040 1957 1957 1956 1956 3041 3041 2825 2825 2829 2829 3042 3042 2818 2818 2817 2817 3043 3043 3044 3044 2835 2835 2957 2957 2957 2957 2835 2835 2834 2834 2957 2957 2834 2834 2844 2844 3045 3045 2830 2830 3046 3046 3046 3046 2830 2830 2837 2837 3046 3046 2837 2837 2836 2836 2817 2817 2833 2833 3043 3043 3043 3043 2833 2833 2832 2832 3043 3043 2832 2832 3045 3045 3045 3045 2832 2832 2831 2831 3045 3045 2831 2831 2830 2830 3047 3047 2823 2823 2828 2828 2827 2827 2826 2826 3048 3048 2823 2823 3047 3047 2824 2824 2824 2824 3047 3047 3049 3049 2824 2824 3049 3049 2822 2822 2821 2821 2820 2820 3031 3031 2944 2944 2959 2959 3050 3050 2822 2822 3049 3049 2819 2819 2819 2819 3049 3049 3051 3051 2819 2819 3051 3051 2820 2820 2945 2945 1954 1954 3000 3000 3000 3000 1954 1954 1953 1953 3052 3052 1950 1950 1946 1946 1957 1957 3041 3041 1949 1949 3038 3038 3053 3053 3054 3054 3054 3054 3053 3053 3052 3052 3054 3054 3052 3052 3055 3055 3039 3039 3056 3056 3040 3040 3040 3040 3056 3056 3057 3057 3040 3040 3057 3057 3058 3058 3059 3059 1933 1933 1932 1932 3059 3059 1932 1932 3060 3060 3060 3060 1932 1932 1945 1945 3060 3060 1945 1945 1944 1944 2965 2965 3059 3059 2966 2966 3058 3058 3061 3061 3040 3040 3040 3040 3061 3061 3062 3062 3040 3040 3062 3062 3063 3063 3063 3063 3062 3062 1943 1943 1944 1944 1943 1943 3060 3060 3060 3060 1943 1943 3062 3062 3060 3060 3062 3062 3059 3059 3059 3059 3062 3062 3061 3061 3059 3059 3061 3061 2966 2966 2966 2966 3061 3061 3058 3058 2966 2966 3058 3058 2967 2967 2967 2967 3058 3058 2968 2968 2829 2829 2818 2818 3042 3042 3042 3042 2818 2818 3043 3043 3042 3042 3043 3043 3035 3035 3064 3064 3046 3046 3044 3044 3044 3044 3046 3046 2836 2836 3044 3044 2836 2836 2835 2835 3035 3035 3043 3043 3036 3036 3036 3036 3043 3043 3045 3045 3036 3036 3045 3045 3065 3065 3065 3065 3045 3045 3046 3046 3065 3065 3046 3046 3066 3066 3066 3066 3046 3046 3064 3064 3066 3066 3064 3064 3067 3067 2820 2820 3051 3051 3031 3031 3031 3031 3051 3051 3049 3049 3031 3031 3049 3049 3032 3032 3032 3032 3049 3049 3047 3047 3032 3032 3047 3047 3048 3048 3048 3048 3047 3047 2828 2828 3048 3048 2828 2828 2827 2827 1956 1956 1954 1954 3041 3041 3041 3041 1954 1954 2945 2945 3041 3041 2945 2945 3050 3050 3050 3050 2945 2945 2944 2944 3048 3048 3068 3068 3032 3032 3032 3032 3068 3068 3055 3055 3032 3032 3055 3055 3033 3033 3033 3033 3055 3055 3052 3052 3033 3033 3052 3052 3069 3069 3069 3069 3052 3052 1946 1946 3069 3069 1946 1946 1948 1948 1948 1948 1949 1949 3069 3069 3069 3069 1949 1949 3033 3033 3033 3033 1949 1949 3041 3041 3033 3033 3041 3041 3031 3031 3031 3031 3041 3041 3050 3050 3031 3031 3050 3050 2821 2821 2821 2821 3050 3050 2959 2959 2821 2821 2959 2959 2855 2855 1933 1933 3059 3059 1928 1928 1928 1928 3059 3059 2965 2965 1928 1928 2965 2965 1929 1929 1943 1943 1942 1942 3063 3063 3063 3063 1942 1942 1952 1952 3063 3063 1952 1952 1951 1951 3038 3038 3040 3040 3053 3053 3053 3053 3040 3040 3063 3063 3053 3053 3063 3063 3052 3052 3052 3052 3063 3063 1951 1951 3052 3052 1951 1951 1950 1950 2957 2957 2956 2956 3044 3044 3044 3044 2956 2956 2954 2954 3044 3044 2954 2954 3064 3064 3064 3064 2954 2954 2953 2953 3064 3064 2953 2953 3067 3067 3067 3067 2953 2953 2952 2952 3067 3067 2952 2952 3018 3018 3034 3034 3036 3036 3070 3070 3070 3070 3036 3036 3065 3065 3070 3070 3065 3065 3071 3071 3071 3071 3065 3065 3066 3066 3071 3071 3066 3066 3072 3072 3072 3072 3066 3066 3067 3067 3072 3072 3067 3067 3037 3037 3037 3037 3067 3067 3018 3018 3037 3037 3018 3018 2978 2978 2826 2826 2825 2825 3048 3048 3048 3048 2825 2825 3042 3042 3048 3048 3042 3042 3068 3068 3068 3068 3042 3042 3035 3035 3068 3068 3035 3035 3055 3055 3055 3055 3035 3035 3034 3034 3055 3055 3034 3034 3054 3054 3054 3054 3034 3034 3070 3070 3054 3054 3070 3070 3038 3038 3038 3038 3070 3070 3071 3071 3038 3038 3071 3071 3039 3039 3039 3039 3071 3071 3072 3072 3039 3039 3072 3072 3056 3056 3056 3056 3072 3072 3037 3037 3056 3056 3037 3037 3057 3057 3057 3057 3037 3037 2982 2982 3057 3057 2982 2982 3058 3058 3058 3058 2982 2982 2983 2983 3058 3058 2983 2983 2968 2968 3073 3073 3074 3074 3075 3075 3075 3075 3074 3074 3076 3076 1999 1999 1998 1998 3077 3077 2877 2877 2876 2876 2875 2875 2879 2879 2883 2883 3078 3078 2875 2875 2882 2882 3079 3079 3079 3079 2882 2882 2881 2881 3079 3079 2881 2881 3078 3078 3078 3078 2881 2881 2880 2880 3078 3078 2880 2880 2879 2879 2878 2878 2877 2877 3080 3080 2872 2872 3081 3081 2873 2873 2873 2873 3081 3081 3082 3082 3083 3083 2867 2867 3082 3082 3082 3082 2867 2867 2874 2874 3082 3082 2874 2874 2873 2873 2863 2863 2870 2870 3084 3084 3084 3084 2870 2870 2869 2869 3084 3084 2869 2869 3083 3083 3083 3083 2869 2869 2868 2868 3083 3083 2868 2868 2867 2867 2864 2864 3085 3085 2865 2865 2865 2865 3085 3085 3086 3086 3087 3087 3088 3088 2898 2898 2862 2862 2861 2861 3086 3086 3086 3086 2861 2861 2866 2866 3086 3086 2866 2866 2865 2865 3089 3089 2010 2010 2009 2009 3089 3089 2009 2009 1977 1977 3090 3090 3091 3091 3092 3092 3092 3092 3091 3091 3093 3093 3092 3092 3093 3093 3094 3094 2018 2018 2017 2017 3092 3092 3092 3092 2017 2017 2015 2015 3092 3092 2015 2015 3090 3090 3090 3090 2015 2015 2014 2014 3090 3090 2014 2014 2013 2013 3095 3095 3096 3096 3094 3094 3094 3094 3096 3096 3097 3097 3094 3094 3097 3097 3092 3092 3095 3095 3098 3098 3096 3096 3096 3096 3098 3098 3099 3099 3096 3096 3099 3099 3100 3100 3101 3101 3102 3102 3103 3103 3104 3104 3105 3105 3103 3103 3102 3102 3106 3106 3103 3103 3103 3103 3106 3106 3107 3107 3103 3103 3107 3107 3104 3104 3104 3104 3107 3107 3075 3075 3108 3108 2007 2007 3109 3109 3109 3109 2007 2007 2006 2006 3109 3109 2006 2006 2005 2005 1999 1999 3077 3077 2000 2000 1997 1997 1996 1996 3110 3110 3110 3110 1996 1996 1994 1994 1998 1998 1997 1997 3077 3077 3077 3077 1997 1997 3110 3110 3077 3077 3110 3110 3111 3111 3111 3111 3110 3110 1994 1994 3111 3111 1994 1994 3108 3108 3108 3108 1994 1994 2008 2008 3108 3108 2008 2008 2007 2007 3106 3106 3112 3112 3107 3107 3107 3107 3112 3112 3113 3113 3107 3107 3113 3113 3075 3075 3075 3075 3113 3113 3114 3114 3075 3075 3114 3114 3073 3073 2877 2877 2875 2875 3080 3080 3080 3080 2875 2875 3079 3079 3080 3080 3079 3079 3115 3115 3116 3116 3117 3117 3118 3118 3081 3081 3119 3119 3120 3120 3120 3120 3119 3119 3121 3121 3120 3120 3121 3121 3122 3122 2872 2872 2871 2871 3081 3081 3081 3081 2871 2871 2878 2878 3081 3081 2878 2878 3119 3119 3119 3119 2878 2878 3080 3080 3119 3119 3080 3080 3121 3121 3121 3121 3080 3080 3115 3115 3121 3121 3115 3115 3122 3122 3122 3122 3115 3115 3123 3123 3124 3124 3125 3125 3126 3126 3126 3126 3125 3125 3127 3127 3128 3128 3129 3129 3130 3130 3130 3130 3129 3129 3131 3131 3130 3130 3131 3131 3132 3132 3133 3133 3124 3124 3132 3132 3132 3132 3124 3124 3126 3126 3132 3132 3126 3126 3130 3130 3130 3130 3126 3126 3127 3127 3130 3130 3127 3127 3128 3128 3134 3134 3123 3123 3135 3135 3078 3078 3136 3136 3079 3079 3079 3079 3136 3136 3137 3137 3079 3079 3137 3137 3115 3115 3115 3115 3137 3137 3138 3138 3115 3115 3138 3138 3123 3123 3123 3123 3138 3138 3139 3139 3123 3123 3139 3139 3135 3135 2898 2898 2862 2862 3087 3087 3087 3087 2862 2862 3086 3086 3087 3087 3086 3086 3140 3140 3140 3140 3086 3086 3085 3085 3088 3088 3087 3087 3141 3141 3141 3141 3087 3087 3140 3140 3141 3141 3140 3140 3142 3142 3141 3141 3142 3142 3143 3143 3143 3143 3142 3142 3144 3144 3143 3143 3144 3144 3089 3089 3089 3089 3144 3144 2012 2012 3089 3089 2012 2012 2010 2010 3117 3117 3116 3116 3145 3145 3145 3145 3116 3116 3146 3146 3145 3145 3146 3146 3147 3147 3147 3147 3146 3146 3148 3148 3147 3147 3148 3148 3149 3149 3149 3149 3148 3148 3150 3150 3149 3149 3150 3150 3151 3151 3085 3085 3152 3152 3140 3140 3140 3140 3152 3152 3091 3091 3140 3140 3091 3091 3142 3142 3142 3142 3091 3091 3090 3090 3142 3142 3090 3090 3144 3144 3144 3144 3090 3090 2013 2013 3144 3144 2013 2013 2012 2012 3122 3122 3117 3117 3120 3120 3120 3120 3117 3117 3145 3145 3120 3120 3145 3145 3081 3081 3081 3081 3145 3145 3147 3147 3081 3081 3147 3147 3082 3082 3082 3082 3147 3147 3149 3149 3082 3082 3149 3149 3083 3083 3083 3083 3149 3149 3151 3151 3083 3083 3151 3151 3084 3084 2001 2001 2000 2000 3153 3153 3153 3153 2000 2000 3077 3077 3153 3153 3077 3077 3154 3154 3154 3154 3077 3077 3111 3111 3154 3154 3111 3111 3100 3100 3100 3100 3111 3111 3096 3096 3096 3096 3111 3111 3108 3108 3096 3096 3108 3108 3097 3097 3097 3097 3108 3108 3109 3109 3097 3097 3109 3109 3092 3092 3092 3092 3109 3109 2005 2005 3092 3092 2005 2005 2018 2018 3135 3135 3155 3155 3134 3134 3134 3134 3155 3155 3156 3156 3134 3134 3156 3156 3129 3129 3129 3129 3156 3156 3101 3101 3129 3129 3101 3101 3131 3131 3131 3131 3101 3101 3103 3103 3131 3131 3103 3103 3132 3132 3132 3132 3103 3103 3105 3105 3132 3132 3105 3105 3133 3133 3133 3133 3105 3105 3118 3118 3133 3133 3118 3118 3124 3124 3124 3124 3118 3118 3117 3117 3124 3124 3117 3117 3125 3125 3125 3125 3117 3117 3122 3122 3125 3125 3122 3122 3127 3127 3127 3127 3122 3122 3123 3123 3127 3127 3123 3123 3128 3128 3128 3128 3123 3123 3134 3134 3128 3128 3134 3134 3129 3129 2864 2864 2863 2863 3085 3085 3085 3085 2863 2863 3084 3084 3085 3085 3084 3084 3152 3152 3152 3152 3084 3084 3151 3151 3152 3152 3151 3151 3091 3091 3091 3091 3151 3151 3150 3150 3091 3091 3150 3150 3093 3093 3093 3093 3150 3150 3148 3148 3093 3093 3148 3148 3094 3094 3094 3094 3148 3148 3146 3146 3094 3094 3146 3146 3095 3095 3095 3095 3146 3146 3116 3116 3095 3095 3116 3116 3098 3098 3098 3098 3116 3116 3118 3118 3098 3098 3118 3118 3099 3099 3099 3099 3118 3118 3105 3105 3099 3099 3105 3105 3100 3100 3100 3100 3105 3105 3104 3104 3100 3100 3104 3104 3154 3154 3154 3154 3104 3104 3075 3075 3154 3154 3075 3075 3153 3153 3153 3153 3075 3075 3076 3076 3153 3153 3076 3076 2001 2001 2001 2001 3076 3076 2003 2003 3157 3157 3078 3078 2883 2883 3106 3106 3102 3102 3158 3158 2902 2902 2901 2901 3159 3159 3159 3159 2901 2901 3160 3160 3160 3160 2901 2901 2900 2900 3160 3160 2900 2900 2899 2899 2899 2899 2898 2898 3088 3088 2899 2899 3088 3088 3160 3160 3160 3160 3088 3088 3141 3141 3161 3161 2894 2894 2903 2903 3162 3162 2897 2897 3163 3163 3163 3163 2897 2897 2896 2896 3163 3163 2896 2896 2895 2895 3164 3164 2889 2889 3162 3162 3162 3162 2889 2889 2893 2893 3162 3162 2893 2893 2897 2897 3165 3165 2890 2890 3164 3164 3164 3164 2890 2890 2889 2889 3166 3166 2892 2892 3165 3165 3165 3165 2892 2892 2891 2891 3165 3165 2891 2891 2890 2890 3157 3157 3167 3167 3168 3168 3168 3168 3167 3167 2886 2886 3168 3168 2886 2886 3166 3166 3166 3166 2886 2886 2885 2885 3166 3166 2885 2885 2892 2892 3112 3112 3169 3169 3113 3113 3113 3113 3169 3169 3114 3114 3114 3114 3169 3169 3073 3073 3073 3073 3169 3169 3170 3170 3073 3073 3170 3170 3074 3074 3076 3076 3171 3171 2004 2004 3076 3076 2004 2004 2003 2003 3172 3172 3173 3173 3174 3174 3174 3174 3173 3173 3175 3175 3174 3174 3175 3175 3176 3176 3176 3176 3175 3175 3177 3177 1989 1989 1987 1987 3171 3171 3171 3171 1987 1987 1986 1986 3171 3171 1986 1986 2004 2004 3076 3076 3074 3074 3171 3171 3171 3171 3074 3074 3170 3170 3171 3171 3170 3170 1989 1989 1989 1989 3170 3170 3178 3178 1989 1989 3178 3178 1990 1990 3179 3179 3180 3180 3172 3172 3172 3172 3180 3180 3181 3181 3172 3172 3181 3181 3173 3173 1971 1971 1970 1970 3182 3182 1985 1985 3180 3180 3183 3183 3183 3183 3180 3180 3179 3179 3183 3183 3179 3179 3184 3184 1985 1985 1984 1984 3180 3180 3180 3180 1984 1984 1983 1983 3180 3180 1983 1983 3181 3181 3181 3181 1983 1983 1979 1979 3181 3181 1979 1979 1978 1978 3089 3089 3182 3182 3185 3185 3089 3089 3185 3185 3143 3143 3161 3161 3185 3185 3184 3184 3184 3184 3185 3185 3182 3182 3184 3184 3182 3182 3183 3183 3183 3183 3182 3182 1970 1970 3183 3183 1970 1970 1985 1985 2883 2883 2884 2884 3157 3157 3157 3157 2884 2884 2888 2888 3157 3157 2888 2888 3167 3167 3167 3167 2888 2888 2887 2887 3167 3167 2887 2887 2886 2886 3165 3165 3186 3186 3166 3166 3166 3166 3186 3186 3187 3187 3166 3166 3187 3187 3168 3168 3168 3168 3187 3187 3188 3188 3168 3168 3188 3188 3157 3157 3157 3157 3188 3188 3136 3136 3157 3157 3136 3136 3078 3078 3138 3138 3189 3189 3139 3139 3139 3139 3189 3189 3190 3190 3139 3139 3190 3190 3135 3135 3135 3135 3190 3190 3155 3155 3155 3155 3190 3190 3191 3191 3155 3155 3191 3191 3156 3156 3156 3156 3191 3191 3192 3192 3156 3156 3192 3192 3101 3101 3189 3189 3193 3193 3190 3190 3190 3190 3193 3193 3194 3194 3190 3190 3194 3194 3191 3191 3191 3191 3194 3194 3195 3195 3191 3191 3195 3195 3192 3192 3196 3196 3197 3197 3198 3198 3198 3198 3197 3197 3199 3199 3198 3198 3199 3199 3200 3200 3200 3200 3199 3199 3201 3201 3200 3200 3201 3201 3202 3202 3102 3102 3101 3101 3158 3158 3158 3158 3101 3101 3192 3192 3158 3158 3192 3192 3203 3203 3203 3203 3192 3192 3195 3195 3203 3203 3195 3195 3196 3196 3196 3196 3195 3195 3194 3194 3196 3196 3194 3194 3197 3197 3197 3197 3194 3194 3193 3193 3197 3197 3193 3193 3204 3204 3204 3204 3193 3193 3189 3189 3204 3204 3189 3189 3205 3205 3205 3205 3189 3189 3138 3138 3205 3205 3138 3138 3137 3137 2895 2895 3206 3206 3163 3163 3163 3163 3206 3206 3202 3202 3163 3163 3202 3202 3162 3162 3162 3162 3202 3202 3201 3201 3162 3162 3201 3201 3164 3164 3164 3164 3201 3201 3199 3199 3164 3164 3199 3199 3165 3165 3165 3165 3199 3199 3197 3197 3165 3165 3197 3197 3186 3186 3186 3186 3197 3197 3204 3204 3186 3186 3204 3204 3187 3187 3187 3187 3204 3204 3205 3205 3187 3187 3205 3205 3188 3188 3188 3188 3205 3205 3137 3137 3188 3188 3137 3137 3136 3136 1977 1977 1976 1976 3089 3089 3089 3089 1976 1976 1974 1974 3089 3089 1974 1974 3182 3182 3182 3182 1974 1974 1973 1973 3182 3182 1973 1973 1971 1971 1990 1990 3178 3178 1991 1991 1991 1991 3178 3178 3207 3207 1991 1991 3207 3207 1992 1992 1978 1978 1992 1992 3181 3181 3181 3181 1992 1992 3207 3207 3181 3181 3207 3207 3173 3173 3173 3173 3207 3207 3178 3178 3173 3173 3178 3178 3175 3175 3175 3175 3178 3178 3170 3170 3175 3175 3170 3170 3177 3177 3177 3177 3170 3170 3169 3169 2903 2903 2902 2902 3161 3161 3161 3161 2902 2902 3159 3159 3161 3161 3159 3159 3185 3185 3185 3185 3159 3159 3160 3160 3185 3185 3160 3160 3143 3143 3143 3143 3160 3160 3141 3141 3112 3112 3106 3106 3169 3169 3169 3169 3106 3106 3158 3158 3169 3169 3158 3158 3177 3177 3177 3177 3158 3158 3203 3203 3177 3177 3203 3203 3176 3176 3176 3176 3203 3203 3196 3196 3176 3176 3196 3196 3174 3174 3174 3174 3196 3196 3198 3198 3174 3174 3198 3198 3172 3172 3172 3172 3198 3198 3200 3200 3172 3172 3200 3200 3179 3179 3179 3179 3200 3200 3202 3202 3179 3179 3202 3202 3184 3184 3184 3184 3202 3202 3206 3206 3184 3184 3206 3206 3161 3161 3161 3161 3206 3206 2895 2895 3161 3161 2895 2895 2894 2894 3208 3208 3209 3209 3210 3210 3211 3211 3212 3212 3213 3213 3214 3214 3215 3215 3216 3216 3217 3217 3218 3218 3219 3219 3220 3220 2053 2053 3221 3221 3221 3221 2053 2053 2052 2052 2061 2061 3222 3222 2063 2063 2063 2063 3222 3222 2064 2064 2052 2052 2066 2066 3221 3221 3221 3221 2066 2066 2065 2065 3221 3221 2065 2065 2064 2064 3223 3223 3224 3224 3225 3225 3225 3225 3224 3224 3220 3220 3225 3225 3220 3220 3219 3219 3219 3219 3220 3220 3221 3221 3219 3219 3221 3221 3217 3217 3217 3217 3221 3221 2064 2064 3217 3217 2064 2064 3226 3226 3226 3226 2064 2064 3222 3222 2058 2058 3224 3224 3227 3227 3227 3227 3224 3224 3223 3223 3227 3227 3223 3223 3228 3228 3229 3229 2048 2048 2047 2047 2047 2047 3230 3230 3229 3229 3229 3229 3230 3230 3231 3231 3229 3229 3231 3231 3232 3232 2047 2047 2046 2046 3230 3230 3230 3230 2046 2046 2044 2044 3230 3230 2044 2044 2060 2060 2059 2059 2058 2058 2060 2060 2060 2060 2058 2058 3227 3227 2060 2060 3227 3227 3230 3230 3230 3230 3227 3227 3228 3228 3230 3230 3228 3228 3231 3231 3232 3232 3233 3233 3229 3229 3229 3229 3233 3233 3234 3234 3229 3229 3234 3234 3235 3235 3236 3236 2937 2937 2936 2936 3236 3236 2936 2936 3237 3237 3237 3237 2936 2936 2935 2935 3237 3237 2935 2935 2934 2934 3238 3238 2939 2939 3239 3239 3239 3239 2939 2939 2940 2940 3239 3239 2940 2940 3240 3240 2940 2940 2905 2905 3240 3240 3240 3240 2905 2905 2904 2904 3240 3240 2904 2904 2943 2943 2941 2941 3214 3214 2942 2942 2942 2942 3214 3214 2943 2943 2943 2943 3214 3214 3240 3240 3240 3240 3214 3214 3216 3216 3240 3240 3216 3216 3239 3239 3239 3239 3216 3216 3241 3241 3239 3239 3241 3241 3238 3238 3238 3238 3241 3241 2938 2938 3238 3238 2938 2938 2939 2939 2928 2928 2927 2927 3242 3242 2924 2924 2928 2928 3243 3243 3243 3243 2928 2928 3242 3242 3243 3243 3242 3242 3212 3212 3244 3244 2931 2931 3236 3236 3236 3236 2931 2931 2932 2932 3236 3236 2932 2932 2937 2937 2927 2927 2926 2926 3242 3242 3242 3242 2926 2926 2925 2925 3242 3242 2925 2925 3245 3245 3245 3245 2925 2925 2929 2929 3245 3245 2929 2929 3244 3244 3244 3244 2929 2929 2930 2930 3244 3244 2930 2930 2931 2931 3208 3208 3210 3210 3246 3246 3209 3209 3211 3211 3210 3210 3210 3210 3211 3211 3213 3213 3210 3210 3213 3213 3247 3247 3247 3247 3213 3213 3248 3248 3247 3247 3248 3248 3249 3249 3250 3250 3246 3246 3251 3251 3251 3251 3246 3246 3210 3210 3251 3251 3210 3210 3252 3252 3252 3252 3210 3210 3247 3247 3252 3252 3247 3247 3253 3253 3253 3253 3247 3247 3249 3249 3253 3253 3249 3249 3254 3254 3212 3212 3242 3242 3213 3213 3213 3213 3242 3242 3245 3245 3213 3213 3245 3245 3248 3248 3248 3248 3245 3245 3244 3244 3248 3248 3244 3244 3249 3249 3249 3249 3244 3244 3236 3236 3249 3249 3236 3236 3254 3254 3254 3254 3236 3236 3237 3237 3254 3254 3237 3237 3255 3255 3255 3255 3237 3237 2934 2934 3255 3255 2934 2934 3241 3241 3241 3241 2934 2934 2933 2933 3241 3241 2933 2933 2938 2938 2048 2048 3229 3229 2049 2049 2049 2049 3229 3229 3235 3235 2049 2049 3235 3235 2050 2050 2058 2058 2054 2054 3224 3224 3224 3224 2054 2054 2056 2056 3224 3224 2056 2056 3220 3220 3220 3220 2056 2056 2057 2057 3220 3220 2057 2057 2053 2053 3215 3215 3233 3233 3216 3216 3216 3216 3233 3233 3232 3232 3216 3216 3232 3232 3241 3241 3241 3241 3232 3232 3231 3231 3241 3241 3231 3231 3255 3255 3255 3255 3231 3231 3228 3228 3255 3255 3228 3228 3254 3254 3254 3254 3228 3228 3223 3223 3254 3254 3223 3223 3253 3253 3253 3253 3223 3223 3225 3225 3253 3253 3225 3225 3252 3252 3252 3252 3225 3225 3219 3219 3252 3252 3219 3219 3251 3251 3251 3251 3219 3219 3218 3218 3251 3251 3218 3218 3250 3250 3208 3208 3246 3246 3256 3256 2907 2907 2906 2906 3257 3257 2909 2909 2908 2908 3258 3258 2911 2911 2910 2910 3259 3259 3260 3260 3261 3261 3262 3262 2916 2916 2923 2923 3263 3263 3264 3264 3265 3265 3266 3266 3266 3266 3265 3265 3267 3267 2913 2913 2912 2912 3268 3268 2914 2914 2913 2913 3269 3269 2024 2024 2019 2019 3270 3270 3271 3271 3272 3272 3273 3273 3274 3274 3275 3275 3276 3276 3277 3277 3278 3278 3279 3279 2039 2039 2038 2038 3280 3280 3281 3281 3280 3280 3282 3282 3234 3234 3233 3233 3283 3283 3282 3282 3235 3235 3234 3234 2050 2050 3235 3235 2037 2037 2037 2037 3235 3235 3282 3282 2037 2037 3282 3282 2036 2036 3234 3234 3283 3283 3282 3282 3282 3282 3283 3283 3284 3284 3282 3282 3284 3284 3281 3281 3285 3285 2042 2042 2041 2041 3280 3280 2038 2038 3282 3282 3282 3282 2038 2038 2034 2034 3282 3282 2034 2034 2036 2036 3286 3286 3287 3287 3288 3288 3288 3288 3287 3287 3289 3289 3288 3288 3289 3289 3290 3290 3291 3291 3292 3292 3293 3293 3256 3256 3275 3275 3294 3294 3294 3294 3275 3275 3274 3274 3294 3294 3274 3274 3295 3295 3256 3256 3246 3246 3275 3275 3275 3275 3246 3246 3250 3250 3275 3275 3250 3250 3276 3276 3276 3276 3250 3250 3218 3218 3276 3276 3218 3218 3217 3217 3271 3271 2032 2032 3272 3272 3272 3272 2032 2032 2031 2031 3272 3272 2031 2031 2027 2027 3296 3296 3273 3273 3297 3297 3297 3297 3273 3273 3272 3272 3297 3297 3272 3272 3298 3298 3298 3298 3272 3272 2027 2027 3298 3298 2027 2027 2029 2029 3279 3279 3278 3278 3299 3299 3299 3299 3278 3278 3300 3300 3299 3299 3300 3300 3301 3301 2024 2024 3270 3270 2025 2025 2021 2021 2023 2023 3271 3271 3271 3271 2023 2023 2033 2033 3271 3271 2033 2033 2032 2032 2019 2019 2021 2021 3270 3270 3270 3270 2021 2021 3271 3271 3270 3270 3271 3271 3293 3293 3293 3293 3271 3271 3273 3273 3293 3293 3273 3273 3291 3291 3291 3291 3273 3273 3296 3296 3226 3226 3301 3301 3217 3217 3217 3217 3301 3301 3300 3300 3217 3217 3300 3300 3276 3276 3276 3276 3300 3300 3278 3278 3276 3276 3278 3278 3274 3274 3274 3274 3278 3278 3277 3277 3274 3274 3277 3277 3295 3295 3295 3295 3277 3277 3279 3279 3295 3295 3279 3279 3302 3302 3268 3268 2912 2912 3303 3303 3303 3303 2912 2912 2922 2922 3303 3303 2922 2922 2921 2921 3265 3265 3268 3268 3267 3267 3267 3267 3268 3268 3303 3303 3267 3267 3303 3303 3304 3304 3304 3304 3303 3303 2921 2921 3304 3304 2921 2921 2920 2920 3305 3305 3306 3306 3307 3307 3307 3307 3306 3306 3308 3308 3307 3307 3308 3308 3269 3269 3269 3269 3308 3308 2915 2915 3269 3269 2915 2915 2914 2914 2913 2913 3268 3268 3269 3269 3269 3269 3268 3268 3265 3265 3269 3269 3265 3265 3307 3307 3307 3307 3265 3265 3264 3264 3307 3307 3264 3264 3305 3305 3309 3309 3310 3310 3311 3311 3311 3311 3310 3310 3312 3312 3311 3311 3312 3312 3313 3313 3313 3313 3314 3314 3311 3311 3311 3311 3314 3314 3315 3315 3311 3311 3315 3315 3309 3309 3309 3309 3315 3315 3302 3302 3304 3304 3316 3316 3267 3267 3267 3267 3316 3316 3314 3314 3267 3267 3314 3314 3266 3266 3266 3266 3314 3314 3313 3313 3266 3266 3313 3313 3264 3264 3264 3264 3313 3313 3312 3312 3264 3264 3312 3312 3305 3305 3305 3305 3312 3312 3310 3310 3262 3262 3261 3261 3317 3317 2919 2919 2918 2918 3317 3317 3317 3317 2918 2918 2917 2917 3317 3317 2917 2917 2916 2916 2923 2923 3318 3318 3263 3263 3263 3263 3318 3318 3319 3319 3263 3263 3319 3319 3320 3320 2916 2916 3263 3263 3317 3317 3317 3317 3263 3263 3320 3320 3317 3317 3320 3320 3262 3262 3262 3262 3320 3320 3321 3321 3262 3262 3321 3321 3260 3260 3322 3322 3323 3323 3324 3324 3324 3324 3323 3323 3325 3325 3324 3324 3325 3325 3326 3326 3211 3211 3209 3209 3319 3319 3319 3319 3209 3209 3322 3322 3319 3319 3322 3322 3320 3320 3320 3320 3322 3322 3324 3324 3320 3320 3324 3324 3321 3321 3321 3321 3324 3324 3326 3326 3321 3321 3326 3326 3260 3260 2923 2923 2924 2924 3318 3318 3318 3318 2924 2924 3243 3243 3318 3318 3243 3243 3319 3319 3319 3319 3243 3243 3212 3212 3319 3319 3212 3212 3211 3211 3327 3327 3328 3328 3258 3258 3258 3258 3328 3328 3259 3259 3258 3258 3259 3259 2909 2909 2909 2909 3259 3259 2910 2910 2908 2908 2907 2907 3258 3258 3258 3258 2907 2907 3257 3257 3258 3258 3257 3257 3327 3327 3327 3327 3257 3257 3329 3329 3327 3327 3329 3329 3330 3330 3330 3330 3329 3329 3331 3331 3330 3330 3331 3331 3332 3332 3332 3332 3331 3331 3286 3286 3332 3332 3286 3286 3333 3333 3333 3333 3286 3286 3288 3288 2041 2041 2039 2039 3285 3285 3285 3285 2039 2039 3280 3280 3285 3285 3280 3280 3334 3334 3334 3334 3280 3280 3281 3281 3334 3334 3281 3281 3335 3335 3335 3335 3281 3281 3284 3284 3335 3335 3284 3284 3336 3336 3336 3336 3284 3284 3283 3283 3336 3336 3283 3283 3337 3337 3337 3337 3283 3283 3233 3233 3337 3337 3233 3233 3215 3215 3279 3279 3290 3290 3302 3302 3302 3302 3290 3290 3289 3289 3302 3302 3289 3289 3309 3309 3309 3309 3289 3289 3287 3287 3309 3309 3287 3287 3310 3310 3310 3310 3287 3287 3286 3286 3310 3310 3286 3286 3305 3305 3305 3305 3286 3286 3331 3331 3305 3305 3331 3331 3306 3306 3306 3306 3331 3331 3329 3329 3306 3306 3329 3329 3308 3308 3308 3308 3329 3329 3257 3257 3308 3308 3257 3257 2915 2915 2915 2915 3257 3257 2906 2906 3226 3226 3222 3222 3301 3301 3301 3301 3222 3222 2061 2061 3301 3301 2061 2061 2026 2026 3334 3334 3296 3296 3285 3285 3285 3285 3296 3296 3297 3297 3285 3285 3297 3297 2042 2042 2042 2042 3297 3297 3298 3298 2042 2042 3298 3298 2030 2030 2030 2030 3298 3298 2029 2029 2920 2920 2919 2919 3304 3304 3304 3304 2919 2919 3317 3317 3304 3304 3317 3317 3316 3316 3316 3316 3317 3317 3261 3261 3316 3316 3261 3261 3314 3314 3314 3314 3261 3261 3260 3260 3314 3314 3260 3260 3315 3315 3315 3315 3260 3260 3326 3326 3315 3315 3326 3326 3302 3302 3302 3302 3326 3326 3325 3325 3302 3302 3325 3325 3295 3295 3295 3295 3325 3325 3323 3323 3295 3295 3323 3323 3294 3294 3294 3294 3323 3323 3322 3322 3294 3294 3322 3322 3256 3256 3256 3256 3322 3322 3209 3209 3256 3256 3209 3209 3208 3208 2941 2941 2911 2911 3214 3214 3214 3214 2911 2911 3259 3259 3214 3214 3259 3259 3215 3215 3215 3215 3259 3259 3328 3328 3215 3215 3328 3328 3337 3337 3337 3337 3328 3328 3327 3327 3337 3337 3327 3327 3336 3336 3336 3336 3327 3327 3330 3330 3336 3336 3330 3330 3335 3335 3335 3335 3330 3330 3332 3332 3335 3335 3332 3332 3334 3334 3334 3334 3332 3332 3333 3333 3334 3334 3333 3333 3296 3296 3296 3296 3333 3333 3288 3288 3296 3296 3288 3288 3291 3291 3291 3291 3288 3288 3290 3290 3291 3291 3290 3290 3292 3292 3292 3292 3290 3290 3279 3279 3292 3292 3279 3279 3293 3293 3293 3293 3279 3279 3299 3299 3293 3293 3299 3299 3270 3270 3270 3270 3299 3299 3301 3301 3270 3270 3301 3301 2025 2025 2025 2025 3301 3301 2026 2026 3338 3338 3339 3339 3340 3340 3338 3338 3340 3340 3341 3341 3342 3342 3343 3343 3340 3340 3340 3340 3343 3343 3344 3344 3340 3340 3344 3344 3341 3341 3345 3345 3346 3346 3340 3340 3340 3340 3346 3346 3347 3347 3340 3340 3347 3347 3342 3342 3348 3348 3349 3349 3340 3340 3340 3340 3349 3349 3350 3350 3340 3340 3350 3350 3345 3345 3351 3351 3352 3352 3340 3340 3340 3340 3352 3352 3353 3353 3340 3340 3353 3353 3348 3348 3354 3354 3355 3355 3340 3340 3340 3340 3355 3355 3356 3356 3340 3340 3356 3356 3351 3351 3357 3357 3358 3358 3340 3340 3340 3340 3358 3358 3359 3359 3340 3340 3359 3359 3354 3354 3339 3339 3360 3360 3340 3340 3340 3340 3360 3360 3361 3361 3340 3340 3361 3361 3357 3357 3362 3362 3363 3363 3364 3364 3362 3362 3364 3364 3365 3365 3366 3366 3367 3367 3364 3364 3364 3364 3367 3367 3368 3368 3364 3364 3368 3368 3365 3365 3369 3369 3370 3370 3364 3364 3364 3364 3370 3370 3371 3371 3364 3364 3371 3371 3366 3366 3372 3372 3373 3373 3364 3364 3364 3364 3373 3373 3374 3374 3364 3364 3374 3374 3369 3369 3375 3375 3376 3376 3364 3364 3364 3364 3376 3376 3377 3377 3364 3364 3377 3377 3372 3372 3378 3378 3379 3379 3364 3364 3364 3364 3379 3379 3380 3380 3364 3364 3380 3380 3375 3375 3381 3381 3382 3382 3364 3364 3364 3364 3382 3382 3383 3383 3364 3364 3383 3383 3378 3378 3384 3384 3385 3385 3364 3364 3364 3364 3385 3385 3386 3386 3364 3364 3386 3386 3381 3381 3363 3363 3387 3387 3364 3364 3364 3364 3387 3387 3388 3388 3364 3364 3388 3388 3384 3384 2713 2713 3341 3341 2714 2714 2714 2714 3341 3341 3344 3344 2714 2714 3344 3344 2719 2719 2719 2719 3344 3344 3343 3343 2719 2719 3343 3343 2716 2716 2716 2716 3343 3343 3342 3342 2716 2716 3342 3342 2717 2717 2717 2717 3342 3342 3347 3347 2717 2717 3347 3347 2723 2723 2723 2723 3347 3347 3346 3346 2723 2723 3346 3346 2724 2724 2724 2724 3346 3346 3345 3345 2724 2724 3345 3345 2720 2720 2720 2720 3345 3345 3350 3350 2720 2720 3350 3350 2721 2721 2721 2721 3350 3350 3349 3349 2721 2721 3349 3349 2718 2718 2718 2718 3349 3349 3348 3348 2718 2718 3348 3348 2722 2722 2722 2722 3348 3348 3353 3353 2722 2722 3353 3353 2702 2702 2702 2702 3353 3353 3352 3352 2702 2702 3352 3352 2703 2703 2703 2703 3352 3352 3351 3351 2703 2703 3351 3351 2707 2707 2707 2707 3351 3351 3356 3356 2707 2707 3356 3356 2708 2708 2708 2708 3356 3356 3355 3355 2708 2708 3355 3355 2706 2706 2706 2706 3355 3355 3354 3354 2706 2706 3354 3354 2704 2704 2704 2704 3354 3354 3359 3359 2704 2704 3359 3359 2710 2710 2710 2710 3359 3359 3358 3358 2710 2710 3358 3358 2709 2709 2709 2709 3358 3358 3357 3357 2709 2709 3357 3357 2705 2705 2705 2705 3357 3357 3361 3361 2705 2705 3361 3361 2715 2715 2715 2715 3361 3361 3360 3360 2715 2715 3360 3360 2712 2712 2712 2712 3360 3360 3339 3339 2712 2712 3339 3339 2711 2711 2711 2711 3339 3339 3338 3338 2711 2711 3338 3338 2713 2713 2713 2713 3338 3338 3341 3341 2740 2740 3365 3365 2748 2748 2748 2748 3365 3365 3368 3368 2748 2748 3368 3368 2742 2742 2742 2742 3368 3368 3367 3367 2742 2742 3367 3367 2741 2741 2741 2741 3367 3367 3366 3366 2741 2741 3366 3366 2743 2743 2743 2743 3366 3366 3371 3371 2743 2743 3371 3371 2744 2744 2744 2744 3371 3371 3370 3370 2744 2744 3370 3370 2738 2738 2738 2738 3370 3370 3369 3369 2738 2738 3369 3369 2745 2745 2745 2745 3369 3369 3374 3374 2745 2745 3374 3374 2749 2749 2749 2749 3374 3374 3373 3373 2749 2749 3373 3373 2750 2750 2750 2750 3373 3373 3372 3372 2750 2750 3372 3372 2728 2728 2728 2728 3372 3372 3377 3377 2728 2728 3377 3377 2733 2733 2733 2733 3377 3377 3376 3376 2733 2733 3376 3376 2727 2727 2727 2727 3376 3376 3375 3375 2727 2727 3375 3375 2732 2732 2732 2732 3375 3375 3380 3380 2732 2732 3380 3380 2734 2734 2734 2734 3380 3380 3379 3379 2734 2734 3379 3379 2735 2735 2735 2735 3379 3379 3378 3378 2735 2735 3378 3378 2739 2739 2739 2739 3378 3378 3383 3383 2739 2739 3383 3383 2746 2746 2746 2746 3383 3383 3382 3382 2746 2746 3382 3382 2747 2747 2747 2747 3382 3382 3381 3381 2747 2747 3381 3381 2729 2729 2729 2729 3381 3381 3386 3386 2729 2729 3386 3386 2726 2726 2726 2726 3386 3386 3385 3385 2726 2726 3385 3385 2730 2730 2730 2730 3385 3385 3384 3384 2730 2730 3384 3384 2737 2737 2737 2737 3384 3384 3388 3388 2737 2737 3388 3388 2725 2725 2725 2725 3388 3388 3387 3387 2725 2725 3387 3387 2736 2736 2736 2736 3387 3387 3363 3363 2736 2736 3363 3363 2731 2731 2731 2731 3363 3363 3362 3362 2731 2731 3362 3362 2740 2740 2740 2740 3362 3362 3365 3365 110 110 6 6 7 7 110 110 7 7 107 107 107 107 7 7 8 8 107 107 8 8 65 65 65 65 8 8 39 39 65 65 39 39 66 66 31 31 103 103 32 32 32 32 103 103 106 106 32 32 106 106 37 37 37 37 106 106 66 66 37 37 66 66 38 38 38 38 66 66 39 39 102 102 97 97 43 43 43 43 97 97 96 96 43 43 96 96 0 0 0 0 96 96 94 94 0 0 94 94 1 1 1 1 94 94 92 92 1 1 92 92 31 31 31 31 92 92 91 91 31 31 91 91 103 103 40 40 46 46 98 98 43 43 41 41 102 102 102 102 41 41 40 40 102 102 40 40 100 100 100 100 40 40 98 98</p>
        </triangles>
      </mesh>
    </geometry>
  </library_geometries>
  <library_materials>
    <material id="1a3ece1e26c3457c9e52046b47d125e2" name="defaultmaterial">
      <instance_effect url="#6abaedab7f8c4a0dae2d32d3ee13f76d" />
    </material>
  </library_materials>
  <library_visual_scenes>
    <visual_scene id="scene">
      <node id="node0" name="node0">
        <instance_geometry url="#d5b9d5d296ec422cb568f68160f7c54f">
          <bind_material>
            <technique_common>
              <instance_material symbol="material0" target="#1a3ece1e26c3457c9e52046b47d125e2" />
            </technique_common>
          </bind_material>
        </instance_geometry>
      </node>
    </visual_scene>
  </library_visual_scenes>
  <scene>
    <instance_visual_scene url="#scene" />
  </scene>
</COLLADA>
